student_id,career_success_score
STU_010001,57.8838574709769
STU_010002,69.04854961771417
STU_010003,77.31926804672842
STU_010004,96.04014810876527
STU_010005,77.576208511874
STU_010006,74.30968280347446
STU_010007,76.59198700697581
STU_010008,81.17490383350764
STU_010009,74.33346605419763
STU_010010,63.1041268433103
STU_010011,92.51329063789522
STU_010012,79.3027307153271
STU_010013,82.32346773000937
STU_010014,87.5801545434039
STU_010015,49.12652462384291
STU_010016,72.23711681354236
STU_010017,61.85348535005081
STU_010018,58.28780291382731
STU_010019,85.31046030376265
STU_010020,71.46277912821361
STU_010021,83.78170823260396
STU_010022,91.91667440974882
STU_010023,96.57548252369425
STU_010024,70.74303875610298
STU_010025,84.59895930868753
STU_010026,82.46511412944352
STU_010027,78.9415734956398
STU_010028,86.21330210739256
STU_010029,92.71164705140363
STU_010030,65.26212865161487
STU_010031,71.1391435804655
STU_010032,88.4913159128333
STU_010033,62.473550737934914
STU_010034,89.21166299574466
STU_010035,80.5229140416396
STU_010036,67.41551082509481
STU_010037,69.28026306442541
STU_010038,90.30157378969903
STU_010039,69.13716386107927
STU_010040,83.82227177237968
STU_010041,87.64691341823067
STU_010042,66.65747975418108
STU_010043,85.20574668922083
STU_010044,76.16910115035265
STU_010045,83.07413879884102
STU_010046,62.79626564996679
STU_010047,70.65682324374188
STU_010048,81.40170240959073
STU_010049,51.14183717771442
STU_010050,63.794890738991164
STU_010051,78.664237090282
STU_010052,67.5188235717891
STU_010053,62.83878417038214
STU_010054,70.66627620652433
STU_010055,64.21487486844553
STU_010056,61.79887487243822
STU_010057,64.99650986710965
STU_010058,96.0415080666954
STU_010059,88.25543332292891
STU_010060,76.12652141464933
STU_010061,43.5804511210598
STU_010062,78.94248213577724
STU_010063,62.81959182945398
STU_010064,85.4752071336532
STU_010065,58.68605461587023
STU_010066,69.41501299306441
STU_010067,90.91368814738837
STU_010068,58.34268956036993
STU_010069,70.0138700378277
STU_010070,66.15795449342096
STU_010071,92.36381098330156
STU_010072,74.04936198360986
STU_010073,95.67242461982708
STU_010074,63.1366983339727
STU_010075,80.30618766862148
STU_010076,93.86981120274505
STU_010077,83.98624839585402
STU_010078,86.50374093957227
STU_010079,83.57663179633614
STU_010080,79.37630525859329
STU_010081,62.33808820607248
STU_010082,73.30697953937707
STU_010083,76.9804291633855
STU_010084,74.78069385372635
STU_010085,74.5555934388184
STU_010086,81.35737067568522
STU_010087,72.37801051423432
STU_010088,71.74062029974783
STU_010089,84.40803939210618
STU_010090,80.1012125352492
STU_010091,60.88608317454859
STU_010092,69.743733625234
STU_010093,70.15395187057217
STU_010094,86.23442525412041
STU_010095,58.36467757073325
STU_010096,81.01651047142069
STU_010097,74.56473339487991
STU_010098,85.7533655321162
STU_010099,72.37030625792207
STU_010100,76.43248472914408
STU_010101,74.88662223423097
STU_010102,69.49473120670507
STU_010103,90.70752508231502
STU_010104,54.900207786276766
STU_010105,95.10539732611906
STU_010106,53.72060230937781
STU_010107,76.75940696917749
STU_010108,77.7986446732445
STU_010109,76.79766184910773
STU_010110,78.82728806844432
STU_010111,84.36191670467028
STU_010112,80.26351827538105
STU_010113,67.89837911972843
STU_010114,80.66513941413623
STU_010115,76.62677720695136
STU_010116,85.63105892937531
STU_010117,79.53816457072608
STU_010118,88.50049868322478
STU_010119,71.84453728331496
STU_010120,72.10798526539243
STU_010121,82.4093589057034
STU_010122,77.03458112067385
STU_010123,90.06305704523209
STU_010124,77.097216311652
STU_010125,84.00414282361041
STU_010126,74.537804392623
STU_010127,61.180855567582746
STU_010128,90.11598464146431
STU_010129,82.3020118062731
STU_010130,69.25211809793879
STU_010131,62.722608530183294
STU_010132,76.19306500383863
STU_010133,76.25728249618028
STU_010134,68.67407010463336
STU_010135,44.45670211536851
STU_010136,73.09099707832155
STU_010137,62.660994015496364
STU_010138,82.48802591250069
STU_010139,80.76455327888003
STU_010140,80.12738060251796
STU_010141,65.04376346904951
STU_010142,83.65439982339274
STU_010143,72.5368595427747
STU_010144,69.42839332897547
STU_010145,90.17284803884189
STU_010146,82.34463222314172
STU_010147,66.96494812725054
STU_010148,63.28215931184515
STU_010149,66.81643798016627
STU_010150,89.33788029623094
STU_010151,72.3470172447813
STU_010152,86.44083770542123
STU_010153,76.58794542984154
STU_010154,80.60084500898367
STU_010155,70.8015140182404
STU_010156,94.07900380202096
STU_010157,100.0
STU_010158,73.13093742126091
STU_010159,89.17783985092989
STU_010160,67.2516749944146
STU_010161,94.29938586534168
STU_010162,100.0
STU_010163,77.86001115405806
STU_010164,74.16819475664607
STU_010165,74.4568249137985
STU_010166,89.94804116836127
STU_010167,82.62584577060301
STU_010168,77.10497016101903
STU_010169,72.47699958754127
STU_010170,89.74630005372256
STU_010171,72.86802808833959
STU_010172,96.80854514771502
STU_010173,67.10675059935387
STU_010174,78.04487909513907
STU_010175,81.07708540704208
STU_010176,71.47619877500338
STU_010177,88.56290437557492
STU_010178,82.440936177611
STU_010179,85.47951274561672
STU_010180,78.73607533963772
STU_010181,69.48616742310121
STU_010182,76.68591506704881
STU_010183,79.98941897273733
STU_010184,78.83040249530379
STU_010185,66.13138040815
STU_010186,81.59316332308603
STU_010187,67.7255686012668
STU_010188,90.38288465968272
STU_010189,75.04919884657224
STU_010190,64.3811514641422
STU_010191,50.162101898998145
STU_010192,79.66396911588461
STU_010193,58.36614668698668
STU_010194,79.14534155082919
STU_010195,82.88451767883772
STU_010196,67.69040382416422
STU_010197,73.65977701849245
STU_010198,80.68460886808434
STU_010199,92.71920594938013
STU_010200,77.76970219909495
STU_010201,96.42191151397645
STU_010202,82.54299050547746
STU_010203,71.12639961409403
STU_010204,89.52524775124957
STU_010205,82.17991435051437
STU_010206,86.21458990809367
STU_010207,57.933559705947744
STU_010208,71.69810343515755
STU_010209,63.135803345720035
STU_010210,84.21354969989824
STU_010211,75.37965329080939
STU_010212,91.5663922483047
STU_010213,85.26720111973387
STU_010214,69.66132937673423
STU_010215,71.27262900938089
STU_010216,60.73327225596947
STU_010217,80.99640232913308
STU_010218,56.530868898830846
STU_010219,80.89287562303427
STU_010220,71.9144653511989
STU_010221,83.7535483430789
STU_010222,64.7415914937532
STU_010223,72.51624105065147
STU_010224,99.95902846626618
STU_010225,64.3946520110364
STU_010226,84.00153960230583
STU_010227,65.97297345463569
STU_010228,91.76140234492786
STU_010229,77.58496295291513
STU_010230,65.74327351643264
STU_010231,56.06867497928886
STU_010232,92.04132198810397
STU_010233,64.83798750841606
STU_010234,82.37106287518043
STU_010235,52.57707771417384
STU_010236,86.95923572577976
STU_010237,85.99710838660414
STU_010238,81.9941986200482
STU_010239,51.57106715718681
STU_010240,70.0922831404423
STU_010241,79.3494268726159
STU_010242,80.29459628444954
STU_010243,71.46973058271928
STU_010244,87.65943876106546
STU_010245,61.311536357361675
STU_010246,47.85181355720883
STU_010247,89.69407760425472
STU_010248,80.57962714717013
STU_010249,69.48818594737823
STU_010250,93.21298426928655
STU_010251,77.14603774230108
STU_010252,100.0
STU_010253,64.89831480479535
STU_010254,97.10549001705446
STU_010255,70.67661358406558
STU_010256,62.26159226076713
STU_010257,76.0044523446479
STU_010258,83.06729885072996
STU_010259,82.5231115471986
STU_010260,66.61898689176216
STU_010261,66.00953167120105
STU_010262,55.71365429485459
STU_010263,56.96540104843527
STU_010264,100.0
STU_010265,67.81019745106857
STU_010266,79.69855486429684
STU_010267,63.9983971595083
STU_010268,86.43262753279227
STU_010269,78.6714881786705
STU_010270,90.99314406838468
STU_010271,77.97989978025646
STU_010272,65.61319986126787
STU_010273,76.07212734478466
STU_010274,61.60185048242522
STU_010275,83.17260078029253
STU_010276,65.23206759040414
STU_010277,79.41096438471338
STU_010278,86.97965033620297
STU_010279,69.01679094616983
STU_010280,67.49885454335124
STU_010281,65.78427793925695
STU_010282,62.191746068190184
STU_010283,82.51814616807516
STU_010284,70.06305270642018
STU_010285,61.18074426250639
STU_010286,76.83523769450863
STU_010287,89.76858114060391
STU_010288,60.408493950216865
STU_010289,62.63914399739328
STU_010290,83.22464628655715
STU_010291,51.21434387544571
STU_010292,78.29798548601775
STU_010293,70.29055180039377
STU_010294,64.70213028211883
STU_010295,73.47594530733618
STU_010296,86.62858517411559
STU_010297,85.40557676241653
STU_010298,90.97396744656595
STU_010299,90.20709488956962
STU_010300,73.25950025924503
STU_010301,81.81160735486657
STU_010302,84.53175922402926
STU_010303,75.80810153762447
STU_010304,62.48349050050966
STU_010305,81.71970717920284
STU_010306,68.94704233990458
STU_010307,69.7021985055268
STU_010308,79.04701743006304
STU_010309,71.4204661395517
STU_010310,58.924420070501924
STU_010311,65.64755522587181
STU_010312,76.9744740054423
STU_010313,77.49323571879833
STU_010314,82.49830626445811
STU_010315,87.98250563529317
STU_010316,88.80867017632121
STU_010317,85.91156209894453
STU_010318,75.93017601887533
STU_010319,90.74407495515192
STU_010320,93.6334496200054
STU_010321,66.64329969747536
STU_010322,95.25830353190172
STU_010323,79.28968468911397
STU_010324,89.49542290057518
STU_010325,91.91083190815753
STU_010326,81.81156388452166
STU_010327,69.02603118564139
STU_010328,84.35331700107007
STU_010329,90.02848880748853
STU_010330,84.13793087803069
STU_010331,96.70082615290303
STU_010332,67.29391609945107
STU_010333,100.0
STU_010334,80.55533128355943
STU_010335,92.66552219536105
STU_010336,62.04173140144404
STU_010337,61.96581042988708
STU_010338,76.51540526018734
STU_010339,83.47384713564583
STU_010340,70.83894032820179
STU_010341,93.37448412373992
STU_010342,63.832579916523684
STU_010343,61.32756444748608
STU_010344,80.22321328248248
STU_010345,79.37853134075321
STU_010346,81.16261803308402
STU_010347,52.172255249388996
STU_010348,67.62476395075232
STU_010349,86.40784677027143
STU_010350,79.7734394668414
STU_010351,76.56898969007337
STU_010352,78.24680557792057
STU_010353,90.36968071333644
STU_010354,73.14399240632792
STU_010355,80.5361375460023
STU_010356,87.64214313865956
STU_010357,93.51130114284359
STU_010358,76.59337733659649
STU_010359,71.85581635125489
STU_010360,70.83065368531793
STU_010361,93.01683369433972
STU_010362,74.29646873462016
STU_010363,83.3166436808049
STU_010364,96.83955129610408
STU_010365,83.6976391784487
STU_010366,94.52039525578337
STU_010367,74.9688343907819
STU_010368,67.23137120223616
STU_010369,89.63833970243553
STU_010370,84.69510321148726
STU_010371,74.36333886800547
STU_010372,73.30325738108655
STU_010373,75.04802487798278
STU_010374,81.96582146826799
STU_010375,95.84520448268262
STU_010376,59.49843926707514
STU_010377,80.22567140230282
STU_010378,75.71975450089843
STU_010379,70.9770718185982
STU_010380,66.62942270785027
STU_010381,67.98583968411896
STU_010382,91.96389752006189
STU_010383,79.01300503615677
STU_010384,90.13520201487935
STU_010385,80.38216181789726
STU_010386,65.98529679296027
STU_010387,65.36702118970902
STU_010388,91.74241988837608
STU_010389,72.0601990197051
STU_010390,64.61442807706
STU_010391,64.99092591189583
STU_010392,81.799675654581
STU_010393,80.80424673956556
STU_010394,77.00184633124151
STU_010395,81.73162471732502
STU_010396,81.18829966483784
STU_010397,88.5774988014579
STU_010398,89.60233966440842
STU_010399,63.77918053210473
STU_010400,78.37514000884269
STU_010401,53.811169249151845
STU_010402,75.57964296573574
STU_010403,75.48389686730022
STU_010404,84.24935295095197
STU_010405,80.97395139098175
STU_010406,77.45717711113423
STU_010407,93.39224514162342
STU_010408,68.58621421711452
STU_010409,90.73761725795438
STU_010410,65.62372612200275
STU_010411,89.63867650759849
STU_010412,95.46203629864004
STU_010413,83.52151802694183
STU_010414,86.38446009400084
STU_010415,85.84888973733032
STU_010416,81.048988485221
STU_010417,99.50558592640705
STU_010418,72.93471823214277
STU_010419,90.5834892711792
STU_010420,85.35596042800725
STU_010421,81.5505192787046
STU_010422,73.91295765562376
STU_010423,73.69186482147904
STU_010424,57.5241066531689
STU_010425,60.03848578081246
STU_010426,76.62546510684345
STU_010427,72.58833904246616
STU_010428,74.12690117848442
STU_010429,56.455105510552514
STU_010430,82.91872923117094
STU_010431,59.032771895544606
STU_010432,66.79963035008407
STU_010433,74.6998062147061
STU_010434,89.21254410739527
STU_010435,67.83008931324959
STU_010436,80.74512905265118
STU_010437,49.01586173849504
STU_010438,99.36703481060191
STU_010439,71.35265001950383
STU_010440,84.42456343419815
STU_010441,60.396727788564526
STU_010442,71.16796040755987
STU_010443,81.64052446152479
STU_010444,70.08892149430929
STU_010445,71.14481234663835
STU_010446,50.5490873599784
STU_010447,77.74969597078962
STU_010448,76.74517609458633
STU_010449,74.84159745662399
STU_010450,62.68510552886592
STU_010451,90.82028886563172
STU_010452,82.44961951878247
STU_010453,73.97462691612121
STU_010454,73.77907357337018
STU_010455,53.79014154596905
STU_010456,86.62004614065074
STU_010457,81.05234427378589
STU_010458,83.56632100427254
STU_010459,77.793887847806
STU_010460,72.76727057386753
STU_010461,71.86477492403773
STU_010462,62.44954588205306
STU_010463,83.13108429082482
STU_010464,87.74340059936407
STU_010465,60.859915892780364
STU_010466,70.39893326028026
STU_010467,72.83651196448508
STU_010468,73.78281568299928
STU_010469,78.08606444015852
STU_010470,67.26603500801967
STU_010471,93.98609893927281
STU_010472,55.33143329430564
STU_010473,86.92999289914144
STU_010474,82.28405045150868
STU_010475,77.6489681777477
STU_010476,69.63052320457328
STU_010477,72.04882882827431
STU_010478,96.32275088937841
STU_010479,67.29416889085329
STU_010480,72.20864203845397
STU_010481,60.31324972012878
STU_010482,72.99393771825805
STU_010483,91.58303108946481
STU_010484,72.83835433237488
STU_010485,57.09110625589867
STU_010486,78.47891437443549
STU_010487,93.37917458523896
STU_010488,80.42423022404435
STU_010489,81.05636472702547
STU_010490,83.98008675940773
STU_010491,78.23272276640938
STU_010492,73.76683113515963
STU_010493,80.26885684794753
STU_010494,61.964984692773854
STU_010495,43.12398694704198
STU_010496,91.41165361327883
STU_010497,66.59553914300724
STU_010498,74.13102178895616
STU_010499,70.91521765607749
STU_010500,67.92991841062948
STU_010501,75.83812916394001
STU_010502,68.91529496958819
STU_010503,81.77679833509582
STU_010504,72.49946834099167
STU_010505,64.2888184866345
STU_010506,81.79326426646014
STU_010507,70.38248100634686
STU_010508,62.55580749188407
STU_010509,79.33371864476362
STU_010510,53.61653991415156
STU_010511,61.56035880435907
STU_010512,75.52598517879245
STU_010513,92.1651314471118
STU_010514,79.76975631299011
STU_010515,86.92799280356495
STU_010516,79.40386774218015
STU_010517,95.68166789545086
STU_010518,56.771446805595154
STU_010519,91.33418493263584
STU_010520,87.60570500328727
STU_010521,93.40275114245188
STU_010522,78.99414093526163
STU_010523,83.94644341609826
STU_010524,86.0320291875141
STU_010525,74.76898533820498
STU_010526,60.17854426197613
STU_010527,83.95994880229676
STU_010528,86.47848241387236
STU_010529,53.35451343161523
STU_010530,80.81752223148608
STU_010531,69.42020404588249
STU_010532,62.970506924319444
STU_010533,82.87080328890833
STU_010534,81.29928302827715
STU_010535,83.96174793619655
STU_010536,75.01615970994739
STU_010537,76.09578663098658
STU_010538,76.09900465544374
STU_010539,68.37383898699446
STU_010540,54.52304487200735
STU_010541,89.08136568833673
STU_010542,99.6160417442879
STU_010543,83.60528326678701
STU_010544,73.51680662186553
STU_010545,83.16584141878616
STU_010546,68.97370560501822
STU_010547,81.79848044759774
STU_010548,99.09540578434567
STU_010549,69.26525625052597
STU_010550,82.90783895703404
STU_010551,67.24068975990153
STU_010552,93.0629404497624
STU_010553,99.83034109623429
STU_010554,88.34748974855091
STU_010555,78.14055550643428
STU_010556,63.49291501192164
STU_010557,81.09036129718314
STU_010558,77.94587241437452
STU_010559,73.81634345753815
STU_010560,81.6799400983541
STU_010561,95.22630177913076
STU_010562,60.59956727387936
STU_010563,66.04738180335727
STU_010564,67.2624326664113
STU_010565,84.86024903006546
STU_010566,70.31166566761631
STU_010567,71.54626623009348
STU_010568,78.00001262738398
STU_010569,91.36712172880584
STU_010570,62.297208203529806
STU_010571,90.46247665962599
STU_010572,73.84384490527138
STU_010573,91.20749512024493
STU_010574,77.65805545950576
STU_010575,68.17684530855801
STU_010576,62.193983393063945
STU_010577,69.93762603725848
STU_010578,67.59061023229559
STU_010579,79.52147757975007
STU_010580,60.547830620577244
STU_010581,55.6165977953727
STU_010582,78.84851046241042
STU_010583,77.58598739355845
STU_010584,90.96197727193204
STU_010585,74.20163229751341
STU_010586,96.31328470589253
STU_010587,75.08162604825228
STU_010588,76.01641489237478
STU_010589,95.85388718991577
STU_010590,88.01347671063186
STU_010591,73.69414726792289
STU_010592,95.55862673578272
STU_010593,84.98353763962996
STU_010594,54.791787738498655
STU_010595,82.95701857370962
STU_010596,75.75081855474384
STU_010597,62.102596104618144
STU_010598,89.13939765738886
STU_010599,65.33901889916918
STU_010600,67.5467276750902
STU_010601,83.77208660912532
STU_010602,72.14184284962074
STU_010603,84.53572998154137
STU_010604,72.86510909338247
STU_010605,61.70616247601393
STU_010606,88.91134843726286
STU_010607,86.57978801629527
STU_010608,72.30961433866004
STU_010609,77.81569427464436
STU_010610,77.24144967930623
STU_010611,85.22986339017379
STU_010612,57.97448626871362
STU_010613,96.47811567266382
STU_010614,100.0
STU_010615,89.78963534066716
STU_010616,87.77866848769605
STU_010617,65.00532130159966
STU_010618,81.71687090825196
STU_010619,97.06257832052621
STU_010620,73.92215204271508
STU_010621,72.93198746915142
STU_010622,64.51339485764842
STU_010623,83.66104550972273
STU_010624,71.00399595837415
STU_010625,69.40898242354598
STU_010626,92.4046818271643
STU_010627,87.78209699781306
STU_010628,63.17053946474944
STU_010629,85.25912003716134
STU_010630,78.94809440350419
STU_010631,93.49419940954822
STU_010632,68.14616821237722
STU_010633,74.83668488094656
STU_010634,78.65088804323895
STU_010635,63.87137222737189
STU_010636,86.20571093872891
STU_010637,70.54696102418568
STU_010638,73.66881152637663
STU_010639,74.65940177145231
STU_010640,65.68840440300303
STU_010641,69.89340068369545
STU_010642,94.27582506196755
STU_010643,89.37830120956663
STU_010644,78.90133479048235
STU_010645,82.00558928169701
STU_010646,96.26012744778302
STU_010647,74.83473085323597
STU_010648,74.43845157040403
STU_010649,79.2068824071947
STU_010650,86.27837738834856
STU_010651,80.65280754025068
STU_010652,68.98448172050675
STU_010653,89.24783103331134
STU_010654,88.26551264616268
STU_010655,88.32899477881057
STU_010656,81.23868614917114
STU_010657,77.5637986896057
STU_010658,75.62828560842006
STU_010659,94.49544186091984
STU_010660,89.44267994135868
STU_010661,78.53519617416637
STU_010662,95.1923760508312
STU_010663,75.7277846314573
STU_010664,75.82910990788731
STU_010665,66.39274305154672
STU_010666,93.67521726101134
STU_010667,85.05989593689557
STU_010668,65.54454637185322
STU_010669,79.14759938340342
STU_010670,89.3273868510115
STU_010671,63.715471775246485
STU_010672,65.69579789421064
STU_010673,86.0278257184649
STU_010674,95.13221680892237
STU_010675,90.00504622611516
STU_010676,78.53892184945595
STU_010677,78.811288366432
STU_010678,75.1881769954628
STU_010679,73.22476584995049
STU_010680,85.01208617650647
STU_010681,86.10226974631128
STU_010682,59.050182383675605
STU_010683,74.33952947892564
STU_010684,76.0131801506644
STU_010685,85.28471919944248
STU_010686,82.41410444619659
STU_010687,65.16558636787293
STU_010688,94.37684122714658
STU_010689,87.47694920050176
STU_010690,98.08943179519967
STU_010691,78.9830930455706
STU_010692,87.21511548129246
STU_010693,71.59814734593218
STU_010694,74.19486407027308
STU_010695,63.558040048358315
STU_010696,56.346462332216824
STU_010697,76.73361425227655
STU_010698,88.23939375191179
STU_010699,82.07639307306613
STU_010700,86.22300323594004
STU_010701,88.10604784491085
STU_010702,75.64006925643014
STU_010703,91.69603212710135
STU_010704,96.61787235392359
STU_010705,81.64809143089931
STU_010706,89.44927167726365
STU_010707,80.30733861176608
STU_010708,80.09065735143966
STU_010709,67.50712585273814
STU_010710,58.37279324762224
STU_010711,97.81196288005955
STU_010712,56.36512803417135
STU_010713,93.40231720335703
STU_010714,65.78939743712394
STU_010715,78.94669405825013
STU_010716,59.554275932340445
STU_010717,83.28724971037023
STU_010718,79.8831241872287
STU_010719,81.22306187730788
STU_010720,51.90415074416498
STU_010721,69.95637607224612
STU_010722,98.64174464398249
STU_010723,71.49315707255747
STU_010724,78.87885096420254
STU_010725,65.77524370675805
STU_010726,68.6056813882323
STU_010727,54.10792061131115
STU_010728,73.0981281312036
STU_010729,92.63155676268342
STU_010730,94.05838112584469
STU_010731,71.19358742506229
STU_010732,70.02174791233497
STU_010733,96.57621053357482
STU_010734,85.5668306603203
STU_010735,73.00606665865126
STU_010736,69.99904024984617
STU_010737,69.34229804575646
STU_010738,69.79397652406033
STU_010739,74.71584062272883
STU_010740,70.43826739371967
STU_010741,75.41565899347634
STU_010742,72.78947280882763
STU_010743,95.10499837184047
STU_010744,76.14640638161302
STU_010745,70.11696111071689
STU_010746,72.8480435189686
STU_010747,86.01241266907145
STU_010748,77.77136620501092
STU_010749,87.31193959926327
STU_010750,82.43274350802731
STU_010751,73.88032894104012
STU_010752,72.76696673304562
STU_010753,79.55975260770722
STU_010754,84.57751728144207
STU_010755,68.78902766921641
STU_010756,90.518016784086
STU_010757,58.26950881277776
STU_010758,85.97389915644854
STU_010759,88.32747046360603
STU_010760,80.997758460839
STU_010761,77.54353432513771
STU_010762,74.85866263117745
STU_010763,62.8306431783866
STU_010764,59.9725643904235
STU_010765,81.81653314362379
STU_010766,65.21127791550137
STU_010767,75.17970333946201
STU_010768,60.42155018081987
STU_010769,89.47150627447888
STU_010770,72.40176383185047
STU_010771,52.2379416438914
STU_010772,72.91429891455655
STU_010773,86.41663177867812
STU_010774,85.95891549781535
STU_010775,93.44526771240847
STU_010776,55.12403606864795
STU_010777,80.75243208328374
STU_010778,63.73092147279325
STU_010779,63.72630191472267
STU_010780,79.19652444109678
STU_010781,80.0517039477012
STU_010782,88.00893248719287
STU_010783,57.18302413254487
STU_010784,74.2906355123701
STU_010785,83.78347388945535
STU_010786,78.69176402989524
STU_010787,76.15524981534298
STU_010788,71.82891283810488
STU_010789,95.78754944098428
STU_010790,63.321954928493895
STU_010791,61.37183516733808
STU_010792,88.84001409659155
STU_010793,84.76966687822619
STU_010794,61.79639822233018
STU_010795,79.53967655906311
STU_010796,80.97835407452014
STU_010797,59.08544048064297
STU_010798,60.80021506418592
STU_010799,88.82527453133605
STU_010800,63.49845506204013
STU_010801,69.85112295340508
STU_010802,86.05087015725
STU_010803,82.30186638662907
STU_010804,59.16290278161493
STU_010805,75.07282474383948
STU_010806,84.78326887788482
STU_010807,92.74172266512467
STU_010808,72.94662502084525
STU_010809,98.72211379694733
STU_010810,86.92141694223601
STU_010811,81.22657946111191
STU_010812,83.31837037141052
STU_010813,96.04429259971286
STU_010814,76.29828149651885
STU_010815,86.64535359818848
STU_010816,99.27027292041845
STU_010817,87.29501403292154
STU_010818,81.1713964806938
STU_010819,82.9184486092335
STU_010820,97.40368597020098
STU_010821,95.44301996334933
STU_010822,68.58862905063576
STU_010823,94.01339099960427
STU_010824,87.14545099041783
STU_010825,84.32629336251907
STU_010826,85.37576750008944
STU_010827,64.97236913384735
STU_010828,70.90339020111094
STU_010829,70.3169816539243
STU_010830,75.23408351823792
STU_010831,92.9655331146487
STU_010832,93.49566540840989
STU_010833,87.76588731955033
STU_010834,70.42481033139578
STU_010835,81.91473832785415
STU_010836,83.05214406628463
STU_010837,74.4243556536928
STU_010838,92.06098585152075
STU_010839,71.79273801053965
STU_010840,77.71709789356706
STU_010841,87.47288541855184
STU_010842,89.9757955406949
STU_010843,76.7700729545358
STU_010844,62.39316620476914
STU_010845,91.33074626346675
STU_010846,84.16642320417617
STU_010847,99.50599760622259
STU_010848,79.43249498704384
STU_010849,78.5923092064809
STU_010850,63.24764532710582
STU_010851,91.83789309226839
STU_010852,67.67964982099889
STU_010853,85.28119274094095
STU_010854,89.97389481048107
STU_010855,74.13318301278434
STU_010856,60.26082155322694
STU_010857,68.0242936957235
STU_010858,53.56171322331935
STU_010859,70.75779930281057
STU_010860,94.67688730381164
STU_010861,77.34667713990851
STU_010862,67.3954332711615
STU_010863,81.4687626320386
STU_010864,82.64618965409426
STU_010865,78.17594964870919
STU_010866,90.74772077614236
STU_010867,58.80571287733156
STU_010868,68.85420527574033
STU_010869,83.26025227004166
STU_010870,72.32336404754997
STU_010871,84.03463549824093
STU_010872,86.82601495671756
STU_010873,54.21482073613108
STU_010874,67.49386787257268
STU_010875,87.85947376140197
STU_010876,71.27991313758113
STU_010877,75.71296408072641
STU_010878,75.86343317496059
STU_010879,62.79556313743446
STU_010880,85.7446586194749
STU_010881,94.28479776313208
STU_010882,79.54867619679175
STU_010883,83.935239630594
STU_010884,64.7719060057646
STU_010885,67.42464238075414
STU_010886,95.66216933729845
STU_010887,68.39356460462933
STU_010888,90.16825874356664
STU_010889,92.94350252708777
STU_010890,77.3134794319842
STU_010891,94.76048162132832
STU_010892,80.82397147161905
STU_010893,73.90588934897191
STU_010894,85.92001001722475
STU_010895,74.42613484347858
STU_010896,80.6959084549007
STU_010897,69.62272711761216
STU_010898,84.80485886330167
STU_010899,59.69837583727154
STU_010900,70.2393242097411
STU_010901,66.02680933750372
STU_010902,88.56867193881192
STU_010903,64.49063744753838
STU_010904,74.37836217764296
STU_010905,68.92396151309363
STU_010906,54.34052951816786
STU_010907,93.77206564440164
STU_010908,88.61520197269084
STU_010909,85.96004807067531
STU_010910,81.1900160116279
STU_010911,79.13717932437918
STU_010912,90.54961767127611
STU_010913,80.10375359682543
STU_010914,91.16911931857732
STU_010915,78.13873932407313
STU_010916,70.11823214347662
STU_010917,77.88461309533125
STU_010918,82.36214678210301
STU_010919,87.78637664340576
STU_010920,73.33978812868833
STU_010921,78.67991402063394
STU_010922,81.91601233308143
STU_010923,88.27163002453055
STU_010924,91.23300274909981
STU_010925,73.54033753374594
STU_010926,92.33796025497439
STU_010927,65.73194193165664
STU_010928,79.7529948966112
STU_010929,69.57748948275201
STU_010930,91.89060492163917
STU_010931,75.45462002814696
STU_010932,84.11321372219477
STU_010933,82.53511303868798
STU_010934,91.52296543884592
STU_010935,75.97209733844542
STU_010936,64.4228072197044
STU_010937,71.8740813424834
STU_010938,61.27339171299674
STU_010939,80.22952351008927
STU_010940,55.2184927743676
STU_010941,93.41030985007063
STU_010942,81.4014296568115
STU_010943,62.54831091028951
STU_010944,64.52220094002773
STU_010945,76.75259141306974
STU_010946,81.13399956585171
STU_010947,73.96093789133513
STU_010948,84.59543903907505
STU_010949,92.06704313398927
STU_010950,68.82325270227898
STU_010951,75.77570476895389
STU_010952,59.08579385135546
STU_010953,90.28041051397976
STU_010954,56.84283286492213
STU_010955,66.24288940110155
STU_010956,93.81446498823652
STU_010957,83.82584563024423
STU_010958,67.13958495530542
STU_010959,87.70363001283005
STU_010960,82.80361612247351
STU_010961,74.92384854224737
STU_010962,88.72788389827889
STU_010963,74.241968341095
STU_010964,77.0118089446104
STU_010965,72.26511373691162
STU_010966,63.03570522701948
STU_010967,73.77938293963629
STU_010968,70.9643547331905
STU_010969,64.59593761526347
STU_010970,85.04184628096756
STU_010971,80.70005546053542
STU_010972,69.04521549567745
STU_010973,74.62027592320612
STU_010974,67.03941026498472
STU_010975,78.68197238174028
STU_010976,83.19854623721044
STU_010977,87.12317027470215
STU_010978,94.97452398401408
STU_010979,74.5463150169441
STU_010980,75.50606040444859
STU_010981,87.68446428192658
STU_010982,73.11781640034572
STU_010983,75.25625812502612
STU_010984,76.18947736908385
STU_010985,53.79722679692202
STU_010986,92.63896898300632
STU_010987,92.45883166946186
STU_010988,69.28825098023341
STU_010989,86.3870207012286
STU_010990,82.62972901677301
STU_010991,62.40422878585352
STU_010992,80.06295027222347
STU_010993,73.22073019827643
STU_010994,80.42455878575714
STU_010995,97.39527127863349
STU_010996,62.039200235157935
STU_010997,66.55003259742242
STU_010998,68.22306474347566
STU_010999,73.93845770035222
STU_011000,75.51226376604646
STU_011001,61.94570522406981
STU_011002,83.12985420269605
STU_011003,58.0537225082136
STU_011004,81.39958567140577
STU_011005,74.33521097834513
STU_011006,85.29000640906366
STU_011007,67.42443467042425
STU_011008,80.55154661637528
STU_011009,91.91869045526091
STU_011010,95.8017472446603
STU_011011,70.98591850430293
STU_011012,81.73822087944806
STU_011013,56.16226102153395
STU_011014,68.9438166101315
STU_011015,92.54725004472758
STU_011016,70.049747555474
STU_011017,75.6586444589843
STU_011018,86.34970363243875
STU_011019,66.99724666207749
STU_011020,91.33539823608568
STU_011021,69.45649455459346
STU_011022,84.01813594228742
STU_011023,72.40523754526279
STU_011024,81.80942632185409
STU_011025,68.16117493305413
STU_011026,80.51195386915187
STU_011027,75.94082564051469
STU_011028,92.15274174529524
STU_011029,85.8703080295816
STU_011030,63.992492491104976
STU_011031,66.72113734811182
STU_011032,63.71167544658976
STU_011033,61.50620850512274
STU_011034,75.78687348748126
STU_011035,85.4191421793565
STU_011036,94.33305315359584
STU_011037,92.75066349626339
STU_011038,86.15846676276965
STU_011039,63.54972724010457
STU_011040,79.90192355055223
STU_011041,57.98382739020922
STU_011042,67.34216703896908
STU_011043,65.23837859117131
STU_011044,60.475020059062764
STU_011045,94.64561915816056
STU_011046,82.53837847331349
STU_011047,84.0638385562767
STU_011048,71.57195493783644
STU_011049,81.12021783881306
STU_011050,81.73328011751885
STU_011051,85.84149561748701
STU_011052,95.94344560869331
STU_011053,59.94139685371024
STU_011054,72.31640437742367
STU_011055,66.96222971922506
STU_011056,69.0300121584169
STU_011057,87.06476843069915
STU_011058,100.0
STU_011059,99.95557086825667
STU_011060,70.86707867989732
STU_011061,72.93606742592014
STU_011062,61.90241315079177
STU_011063,82.07247385639467
STU_011064,72.00690813864803
STU_011065,73.81025839585425
STU_011066,72.18172110230995
STU_011067,87.81136685951944
STU_011068,95.32422733894114
STU_011069,92.70025429759009
STU_011070,71.28950284045449
STU_011071,88.96792555108655
STU_011072,91.40861980478962
STU_011073,76.20146271072358
STU_011074,89.89219561469159
STU_011075,72.06297830643246
STU_011076,94.20256613968793
STU_011077,76.92549591969734
STU_011078,71.36065676269872
STU_011079,71.0238270472732
STU_011080,61.74482925902133
STU_011081,86.21020633950042
STU_011082,63.363490019109214
STU_011083,93.87497266373617
STU_011084,78.65355871448565
STU_011085,91.21897206769279
STU_011086,64.38519503628194
STU_011087,72.23088980304348
STU_011088,77.5338158213904
STU_011089,87.42565225436486
STU_011090,87.37196348486175
STU_011091,82.30491909135284
STU_011092,65.00961066067384
STU_011093,79.69332890903627
STU_011094,59.343409067059824
STU_011095,81.8701262259995
STU_011096,69.90400216999492
STU_011097,89.3947172400806
STU_011098,87.88407385116774
STU_011099,86.38787786116959
STU_011100,67.9647642579372
STU_011101,62.61851155514797
STU_011102,80.21308052447867
STU_011103,71.8077840151706
STU_011104,91.6188457890736
STU_011105,77.04790635870202
STU_011106,78.07849506178076
STU_011107,62.287991671730296
STU_011108,82.93895763559746
STU_011109,89.70039771368963
STU_011110,95.89919394394587
STU_011111,75.17246366396145
STU_011112,78.37373381465132
STU_011113,80.79410774309827
STU_011114,88.7597823681477
STU_011115,90.378024201909
STU_011116,79.15620401146336
STU_011117,68.22132625756407
STU_011118,72.42206653274603
STU_011119,77.50183309092094
STU_011120,77.31865460680051
STU_011121,73.59694716464699
STU_011122,67.96349266204335
STU_011123,94.1546158933859
STU_011124,68.51926924000375
STU_011125,97.30229330741597
STU_011126,85.10980997045179
STU_011127,78.2288442952004
STU_011128,70.44726510469883
STU_011129,88.60161442154596
STU_011130,66.24137428711755
STU_011131,82.6058496265033
STU_011132,75.61778801770102
STU_011133,83.09302321189855
STU_011134,52.454141100867325
STU_011135,53.3880568818869
STU_011136,89.60260476266978
STU_011137,74.6980613129842
STU_011138,100.0
STU_011139,75.42465499218487
STU_011140,87.80420346061406
STU_011141,60.41147847317826
STU_011142,87.10412548033666
STU_011143,80.30441600647916
STU_011144,66.7047631578966
STU_011145,62.12501944212816
STU_011146,68.27501244720654
STU_011147,93.35324473225215
STU_011148,88.3314275921425
STU_011149,83.92250829606945
STU_011150,86.1897661654373
STU_011151,95.90731006685004
STU_011152,64.42613072992577
STU_011153,74.88615932822324
STU_011154,77.26709910523361
STU_011155,75.17658904712954
STU_011156,79.43648266461165
STU_011157,68.8627273631408
STU_011158,77.78111171732479
STU_011159,70.13441882142334
STU_011160,63.425100651804044
STU_011161,88.35573565047929
STU_011162,73.10475339372996
STU_011163,74.920064494042
STU_011164,86.43253001392372
STU_011165,76.83679390969945
STU_011166,80.36361695182455
STU_011167,67.45946896930123
STU_011168,81.91018000693978
STU_011169,88.15246049637364
STU_011170,67.78842182602796
STU_011171,74.61083820585466
STU_011172,94.40415962573364
STU_011173,94.30212848100459
STU_011174,74.38646764107725
STU_011175,63.2818506371661
STU_011176,81.23397950077566
STU_011177,72.05701542867432
STU_011178,85.48135166414015
STU_011179,83.23336679828624
STU_011180,70.02219171155282
STU_011181,77.6617718380378
STU_011182,93.39860250501137
STU_011183,61.97589485846362
STU_011184,77.24194137691595
STU_011185,78.70907763345781
STU_011186,48.49442322557783
STU_011187,84.9421958275581
STU_011188,75.61349544801996
STU_011189,48.94124841789175
STU_011190,81.97594916796598
STU_011191,95.75030400333114
STU_011192,81.07031111631122
STU_011193,74.1573355909153
STU_011194,91.29436045506634
STU_011195,85.06290795676847
STU_011196,83.06627255874507
STU_011197,96.06871848344315
STU_011198,82.1688835073492
STU_011199,90.93318321650467
STU_011200,74.79845351158167
STU_011201,54.46340845078912
STU_011202,63.11090514032435
STU_011203,79.38518859825751
STU_011204,86.2955934012885
STU_011205,87.62258575142063
STU_011206,81.03573031773666
STU_011207,62.679767626854556
STU_011208,79.32949255091376
STU_011209,79.5665809148035
STU_011210,75.22249596225151
STU_011211,79.43445126952139
STU_011212,77.08931607629539
STU_011213,84.39119513858276
STU_011214,59.68623942825984
STU_011215,91.67230409709147
STU_011216,63.27419740531331
STU_011217,99.13460645922342
STU_011218,68.06987105884706
STU_011219,87.71931724198193
STU_011220,70.06771609630255
STU_011221,81.35620593915698
STU_011222,86.70281187460748
STU_011223,74.2429573258455
STU_011224,98.83097935223957
STU_011225,51.05136834556503
STU_011226,82.65578745840929
STU_011227,66.60150610234086
STU_011228,92.5119411923733
STU_011229,80.93482843896803
STU_011230,79.87927909929606
STU_011231,91.16611968757815
STU_011232,86.17907623610839
STU_011233,78.07934653099969
STU_011234,83.40341693265255
STU_011235,91.31196006181017
STU_011236,71.58269201599225
STU_011237,65.96713662033326
STU_011238,71.97535832327569
STU_011239,84.21553406179345
STU_011240,86.99770728955423
STU_011241,95.77993878325387
STU_011242,66.28766752454031
STU_011243,66.8806993793453
STU_011244,55.307554709437255
STU_011245,78.46018856168493
STU_011246,81.12587453410131
STU_011247,88.25548954587684
STU_011248,72.5161218806069
STU_011249,76.62691523729387
STU_011250,74.74626785719859
STU_011251,81.39746181737296
STU_011252,83.03050648567152
STU_011253,78.73818984253901
STU_011254,96.41955047220739
STU_011255,81.2181168584971
STU_011256,72.1153402161961
STU_011257,51.81832681369785
STU_011258,78.8024829501613
STU_011259,75.01848614010675
STU_011260,100.0
STU_011261,64.28470109112644
STU_011262,85.85709086383648
STU_011263,59.67539490858269
STU_011264,55.503229847449056
STU_011265,78.784748775355
STU_011266,81.6135414083495
STU_011267,90.22039651119874
STU_011268,71.35996882957015
STU_011269,85.31803483391765
STU_011270,75.96483473286011
STU_011271,81.08677951987215
STU_011272,89.38249618065895
STU_011273,74.60066409060371
STU_011274,85.62909785424891
STU_011275,77.73109384997244
STU_011276,81.08417340183779
STU_011277,74.44918794084535
STU_011278,71.59326034876526
STU_011279,95.2639157468611
STU_011280,78.32591825417657
STU_011281,70.28570437182745
STU_011282,90.52399137760585
STU_011283,77.58065099499458
STU_011284,65.25011809802487
STU_011285,89.79275357719814
STU_011286,83.1158439616899
STU_011287,74.59790393471306
STU_011288,74.22359132983688
STU_011289,69.13418106946068
STU_011290,71.45708404182253
STU_011291,79.66854401612483
STU_011292,47.83742032884081
STU_011293,90.21003500024285
STU_011294,73.87115223298443
STU_011295,82.13863613003002
STU_011296,95.08192781611726
STU_011297,72.64999411719498
STU_011298,63.349451234497415
STU_011299,85.13560407097029
STU_011300,87.51872690113234
STU_011301,99.15150022972755
STU_011302,72.07691301092194
STU_011303,79.83551931454143
STU_011304,83.76680217303644
STU_011305,73.66059674265665
STU_011306,77.17362403174468
STU_011307,68.17577479261186
STU_011308,56.16979322243937
STU_011309,81.93091976761372
STU_011310,56.33352730632477
STU_011311,83.64686536862196
STU_011312,72.65370266341148
STU_011313,87.30622713373215
STU_011314,63.0957509393066
STU_011315,80.43447219819795
STU_011316,65.5417274866699
STU_011317,75.95704516207248
STU_011318,70.1392849816066
STU_011319,85.69624736903012
STU_011320,64.31669135349381
STU_011321,85.21606180460128
STU_011322,66.52969746674661
STU_011323,53.34722967219706
STU_011324,64.105401126271
STU_011325,64.86087964471193
STU_011326,77.92460487074898
STU_011327,83.04274862689458
STU_011328,88.74801174792003
STU_011329,61.731634428813095
STU_011330,52.90494581961436
STU_011331,63.120467597844794
STU_011332,85.51591286801165
STU_011333,72.05787394734163
STU_011334,89.62123147389134
STU_011335,67.68553508231898
STU_011336,68.30066076093308
STU_011337,80.79064346640567
STU_011338,90.3803915137966
STU_011339,70.90808123124023
STU_011340,76.50643807408939
STU_011341,94.27379841235488
STU_011342,83.5523274824885
STU_011343,86.50217841595457
STU_011344,48.362389158588016
STU_011345,72.72336545349816
STU_011346,78.46574630811537
STU_011347,97.53618353624171
STU_011348,79.33311439466397
STU_011349,100.0
STU_011350,66.6942905394671
STU_011351,75.80780284041066
STU_011352,85.04037731164733
STU_011353,70.19589948190614
STU_011354,92.97326347919224
STU_011355,72.36023125790514
STU_011356,81.10968620379525
STU_011357,69.94661359372574
STU_011358,92.8847630770121
STU_011359,100.0
STU_011360,100.0
STU_011361,70.6906895541495
STU_011362,81.89695894644193
STU_011363,99.40016806660785
STU_011364,86.1923908922025
STU_011365,65.58078824641646
STU_011366,85.97908679001588
STU_011367,74.06836398245204
STU_011368,87.67599747022196
STU_011369,72.5451583028804
STU_011370,81.427510163928
STU_011371,74.04887578146196
STU_011372,90.52196390179625
STU_011373,68.64585465871326
STU_011374,77.73584859283028
STU_011375,86.15994503372661
STU_011376,59.67481052741119
STU_011377,100.0
STU_011378,90.68250686396507
STU_011379,82.66384406696915
STU_011380,75.87387189856977
STU_011381,59.89594420775153
STU_011382,80.94444998069343
STU_011383,93.36528346365937
STU_011384,82.43234523313954
STU_011385,82.91013331170834
STU_011386,76.3189512517975
STU_011387,61.38324721742643
STU_011388,65.63157067224299
STU_011389,63.922544928077585
STU_011390,85.39254838320971
STU_011391,56.99277011728997
STU_011392,72.34091394309354
STU_011393,70.77775690334221
STU_011394,85.65252719448063
STU_011395,85.08241457868395
STU_011396,89.27067814102675
STU_011397,67.3746620372066
STU_011398,100.0
STU_011399,72.58853291014985
STU_011400,77.04284452505861
STU_011401,76.72938944007886
STU_011402,76.1024845966381
STU_011403,81.59860690291148
STU_011404,100.0
STU_011405,83.07999098196075
STU_011406,86.19411771661203
STU_011407,89.28341741136674
STU_011408,81.88303009988195
STU_011409,82.11961982586033
STU_011410,76.95144648507468
STU_011411,93.48468772298858
STU_011412,77.33376326000723
STU_011413,70.19235273589157
STU_011414,92.20613485761349
STU_011415,77.40481240699842
STU_011416,92.60719791953497
STU_011417,78.18337641029589
STU_011418,60.19545011008293
STU_011419,73.82561515714912
STU_011420,88.12017845721637
STU_011421,85.07740338120615
STU_011422,77.55484966850089
STU_011423,68.641279480245
STU_011424,70.34367089812125
STU_011425,72.41434116033857
STU_011426,100.0
STU_011427,67.13604543891823
STU_011428,91.74786866280182
STU_011429,77.893436433052
STU_011430,77.791910651537
STU_011431,83.49203199520123
STU_011432,71.53125288761812
STU_011433,88.24662531001921
STU_011434,93.20097544063756
STU_011435,75.71244148872572
STU_011436,88.9628957125079
STU_011437,64.55761437157568
STU_011438,68.71797934339077
STU_011439,78.66869504872739
STU_011440,76.31804342994117
STU_011441,78.59055222705739
STU_011442,76.80874550820344
STU_011443,69.86503307082894
STU_011444,78.03417505143895
STU_011445,71.42045600378452
STU_011446,64.30850058542002
STU_011447,91.53661968484643
STU_011448,64.13869522400432
STU_011449,73.32347177809379
STU_011450,79.93288233856455
STU_011451,81.0196230842592
STU_011452,72.80984819874026
STU_011453,73.40006886785734
STU_011454,66.56666143944688
STU_011455,53.173581540427136
STU_011456,90.69026290761549
STU_011457,66.78926753107532
STU_011458,96.33063022241107
STU_011459,74.84880482415025
STU_011460,82.43946608284753
STU_011461,78.92369262716949
STU_011462,81.37449095269443
STU_011463,81.00012340289452
STU_011464,75.64760132953745
STU_011465,73.75863807175469
STU_011466,80.790729016921
STU_011467,79.45839972751168
STU_011468,69.08763364747938
STU_011469,71.62840783516636
STU_011470,90.88371327955734
STU_011471,66.2006640554846
STU_011472,73.36543898040779
STU_011473,79.49898899185243
STU_011474,90.52596167452509
STU_011475,88.05579190973822
STU_011476,92.39601652064131
STU_011477,98.7282939472561
STU_011478,52.70879517660867
STU_011479,64.65940084306973
STU_011480,98.74427153059241
STU_011481,72.01463293799597
STU_011482,67.34673410576114
STU_011483,92.8702929728466
STU_011484,76.79358395453073
STU_011485,81.55770016364286
STU_011486,62.01367867415685
STU_011487,83.5978033759919
STU_011488,77.1711396259584
STU_011489,74.86230942767516
STU_011490,81.63908713994412
STU_011491,64.464535995569
STU_011492,82.85585826467468
STU_011493,94.6972295549937
STU_011494,82.48853431236
STU_011495,80.67458867141683
STU_011496,91.26649554712016
STU_011497,78.11432605675004
STU_011498,77.79650545834222
STU_011499,82.44998539032778
STU_011500,77.43116999931064
STU_011501,68.4242751435335
STU_011502,49.953620668897244
STU_011503,85.01880807518833
STU_011504,65.54073693929723
STU_011505,70.22943296214186
STU_011506,64.37352238914346
STU_011507,70.05332126802452
STU_011508,78.5159404106225
STU_011509,69.70855633956754
STU_011510,82.96374915292988
STU_011511,93.65752193974525
STU_011512,53.917683015137044
STU_011513,80.68559121397578
STU_011514,79.96395532820722
STU_011515,67.11219596301937
STU_011516,81.74735260789572
STU_011517,83.8316695048427
STU_011518,97.66911027868588
STU_011519,65.39913514835492
STU_011520,55.37315360165871
STU_011521,56.744814327366115
STU_011522,100.0
STU_011523,79.4522950619431
STU_011524,86.49517607396716
STU_011525,100.0
STU_011526,80.72988148702393
STU_011527,89.54506661394572
STU_011528,86.76218445736703
STU_011529,84.31614736363181
STU_011530,68.88900911398612
STU_011531,82.07239981683318
STU_011532,79.84786263633238
STU_011533,85.46459759189753
STU_011534,77.2200525603792
STU_011535,68.47116247947609
STU_011536,58.60622525742869
STU_011537,56.90322068274054
STU_011538,79.31230622745473
STU_011539,73.51771926252232
STU_011540,79.90521577655483
STU_011541,80.91097026562646
STU_011542,65.49505906272941
STU_011543,77.73125986988607
STU_011544,83.60652170333685
STU_011545,89.35941242808823
STU_011546,62.88943753986941
STU_011547,89.06800667782112
STU_011548,80.17486127656102
STU_011549,63.158378874667434
STU_011550,81.74042024635732
STU_011551,72.47435149259397
STU_011552,57.62956771391377
STU_011553,72.93565090482502
STU_011554,80.30524637539457
STU_011555,85.5001232777029
STU_011556,96.4250771666335
STU_011557,67.87316710063286
STU_011558,100.0
STU_011559,92.52970764963332
STU_011560,100.0
STU_011561,70.17731953651655
STU_011562,98.5776890963728
STU_011563,95.44293340858069
STU_011564,64.36712315760536
STU_011565,75.7160361178744
STU_011566,72.16417999324577
STU_011567,63.960968849005816
STU_011568,61.88589923920911
STU_011569,82.14021429223058
STU_011570,97.57319226567962
STU_011571,78.84860146459378
STU_011572,89.64716842691779
STU_011573,75.28343405676026
STU_011574,76.76666696636445
STU_011575,76.79784788961494
STU_011576,78.84362322072784
STU_011577,69.17989651039939
STU_011578,68.32177225826928
STU_011579,71.38711188025812
STU_011580,89.6418814115274
STU_011581,68.07623090867881
STU_011582,81.95214327497825
STU_011583,68.5549287030977
STU_011584,89.18020672302906
STU_011585,83.33479640314879
STU_011586,83.56600540448852
STU_011587,90.74521641836427
STU_011588,90.43160466643222
STU_011589,85.86800358004709
STU_011590,68.47375502656705
STU_011591,58.583490887275914
STU_011592,91.15963248693656
STU_011593,77.16825031225608
STU_011594,95.87051594804741
STU_011595,87.09957728007721
STU_011596,82.09070591032804
STU_011597,73.52351837380189
STU_011598,82.17282996371239
STU_011599,64.23253407133394
STU_011600,63.66514930437404
STU_011601,75.73446809079921
STU_011602,88.781007587305
STU_011603,69.73570179257459
STU_011604,84.45227298557315
STU_011605,85.22746517594769
STU_011606,64.76775711702608
STU_011607,94.07073051773627
STU_011608,88.53486288892643
STU_011609,70.69380518231264
STU_011610,79.88103671400206
STU_011611,60.324312232282594
STU_011612,83.73562656026883
STU_011613,68.15528167264634
STU_011614,65.92470379394786
STU_011615,86.9413346236976
STU_011616,89.17046008437696
STU_011617,70.86827431788869
STU_011618,79.00795779807741
STU_011619,79.55406278335789
STU_011620,63.938651654893334
STU_011621,70.49222832323812
STU_011622,70.24814590388273
STU_011623,57.99017837183819
STU_011624,87.4552226842076
STU_011625,95.84609973083029
STU_011626,78.56449201945738
STU_011627,68.58996579997556
STU_011628,67.68839844682853
STU_011629,78.4716819432864
STU_011630,94.84221487921639
STU_011631,61.738783892195855
STU_011632,64.82429455150725
STU_011633,100.0
STU_011634,56.78388382098987
STU_011635,95.43735430097261
STU_011636,64.05074205508501
STU_011637,71.0148607597923
STU_011638,80.65103510077755
STU_011639,89.57627009154827
STU_011640,89.12181764005646
STU_011641,78.06091457022872
STU_011642,78.52789946416104
STU_011643,65.6749276578666
STU_011644,93.56454782235346
STU_011645,96.76332885330915
STU_011646,75.46201390836353
STU_011647,77.46833320827679
STU_011648,76.29359563378476
STU_011649,81.97121911342282
STU_011650,85.77072603086805
STU_011651,69.73380625273627
STU_011652,62.68080347654312
STU_011653,100.0
STU_011654,66.57402553356395
STU_011655,74.87322000112545
STU_011656,67.27163006311598
STU_011657,40.6045404823107
STU_011658,97.93853198063147
STU_011659,64.47690473649922
STU_011660,83.29535939951177
STU_011661,99.94156857861616
STU_011662,86.54378790793082
STU_011663,90.35180135630335
STU_011664,92.00574585351391
STU_011665,67.26580228122458
STU_011666,78.42995586313681
STU_011667,64.49248162517307
STU_011668,77.12045384834367
STU_011669,67.15332923230474
STU_011670,87.00540319870719
STU_011671,78.31654690544578
STU_011672,91.01629823898747
STU_011673,75.25422608735443
STU_011674,67.84371140390198
STU_011675,84.69302508216352
STU_011676,74.39369395086925
STU_011677,79.08098613992175
STU_011678,58.482467121739234
STU_011679,92.8703023447624
STU_011680,90.41957629929632
STU_011681,95.79675066728953
STU_011682,52.259982342293405
STU_011683,74.28455234033825
STU_011684,66.15245367818741
STU_011685,62.76887248747521
STU_011686,75.3140087565597
STU_011687,87.19146620456083
STU_011688,86.24925918403491
STU_011689,71.23648669241835
STU_011690,76.08072780509897
STU_011691,95.51170405623444
STU_011692,79.97309790941588
STU_011693,87.13741936691117
STU_011694,92.61190921703653
STU_011695,92.57874632433501
STU_011696,90.45787172730768
STU_011697,72.52621063891881
STU_011698,73.2809903471441
STU_011699,81.82202747142547
STU_011700,68.86952647483929
STU_011701,78.61539609319473
STU_011702,83.86688972624842
STU_011703,86.71900735989117
STU_011704,78.5312404201077
STU_011705,77.60544711804168
STU_011706,89.50353930260843
STU_011707,74.55348642021126
STU_011708,82.33179332372023
STU_011709,86.15969715548063
STU_011710,83.29055497585325
STU_011711,77.71321118823465
STU_011712,58.55795877400786
STU_011713,94.0851879270053
STU_011714,77.7051035332055
STU_011715,83.00517468075842
STU_011716,79.6009009859909
STU_011717,74.93692369507356
STU_011718,83.57855455867549
STU_011719,79.69827659348604
STU_011720,94.60636874063093
STU_011721,67.98104645723663
STU_011722,71.04314728673111
STU_011723,72.10950029946176
STU_011724,92.7598678461843
STU_011725,79.99160567702106
STU_011726,58.980098977640296
STU_011727,68.80494661554518
STU_011728,58.57008454124647
STU_011729,76.14740522114926
STU_011730,74.49002277709275
STU_011731,94.19337156001978
STU_011732,90.79577980616523
STU_011733,79.6413054498812
STU_011734,91.00250617417288
STU_011735,81.55106698264848
STU_011736,72.95326452211125
STU_011737,67.85187531821951
STU_011738,87.57626867140158
STU_011739,87.99381907929981
STU_011740,85.70264808600356
STU_011741,78.57355341805365
STU_011742,71.8826621104212
STU_011743,64.58934513182204
STU_011744,75.39010926618346
STU_011745,68.94750664168308
STU_011746,71.1006031442348
STU_011747,86.98261701461819
STU_011748,70.22448370798621
STU_011749,77.6653817469039
STU_011750,94.86205611900692
STU_011751,71.30828297408348
STU_011752,68.50600389135874
STU_011753,53.27684003519733
STU_011754,78.90607958996094
STU_011755,83.15934743363232
STU_011756,83.02313937288997
STU_011757,79.41509270426174
STU_011758,98.38858184973117
STU_011759,70.66918184472047
STU_011760,84.06394086226867
STU_011761,88.32731022518017
STU_011762,74.4212435600884
STU_011763,82.64312970375872
STU_011764,66.30409119606938
STU_011765,78.98090765361441
STU_011766,46.4685669965954
STU_011767,62.27994257872936
STU_011768,85.51636430617512
STU_011769,60.756261553536646
STU_011770,91.8172441373244
STU_011771,72.2088409547813
STU_011772,68.88276877289672
STU_011773,63.26146714657662
STU_011774,62.597700012446204
STU_011775,76.86931366827415
STU_011776,67.43928763456313
STU_011777,74.70613850116106
STU_011778,89.68929751082109
STU_011779,84.65814992072274
STU_011780,80.66349372718429
STU_011781,56.83919828786885
STU_011782,89.02192931990785
STU_011783,75.65588242382542
STU_011784,73.67227702202882
STU_011785,66.85815626551494
STU_011786,80.96759503629976
STU_011787,71.10939561060695
STU_011788,78.60296817813854
STU_011789,65.83872680070513
STU_011790,84.29439853117697
STU_011791,91.13088782477581
STU_011792,80.1500830786341
STU_011793,61.69417815742955
STU_011794,59.81034507488921
STU_011795,65.77230360704576
STU_011796,95.42647411032304
STU_011797,67.13391501835383
STU_011798,76.62815851698936
STU_011799,97.24296683758351
STU_011800,69.30775709402876
STU_011801,85.22945538857415
STU_011802,90.42704738394934
STU_011803,77.68783899132326
STU_011804,74.48437759833342
STU_011805,69.8829921415628
STU_011806,69.55965007402662
STU_011807,85.84057613278142
STU_011808,88.01202287355683
STU_011809,90.60400313333858
STU_011810,91.88948641237994
STU_011811,90.81543136357274
STU_011812,72.77296445195425
STU_011813,73.61017787350619
STU_011814,91.33254697776353
STU_011815,74.67445758371804
STU_011816,79.17722244251473
STU_011817,91.01076828857349
STU_011818,79.79684879147636
STU_011819,74.96721378422927
STU_011820,73.8774326238707
STU_011821,77.81319568135683
STU_011822,99.0633523222585
STU_011823,73.2252412470093
STU_011824,75.55103994784757
STU_011825,81.35819713484304
STU_011826,71.11505282863581
STU_011827,74.50084746086674
STU_011828,73.08592007360922
STU_011829,76.92516550347237
STU_011830,66.54964402637287
STU_011831,68.80345184511667
STU_011832,65.80839965789802
STU_011833,71.50138084419764
STU_011834,66.95744899123709
STU_011835,81.39713195964413
STU_011836,78.06852293846867
STU_011837,75.04294905151721
STU_011838,71.18192172383013
STU_011839,87.56547238476756
STU_011840,86.05223563166774
STU_011841,81.8069808998876
STU_011842,61.976166793694716
STU_011843,58.827876949512785
STU_011844,80.40888260864764
STU_011845,72.75492588560914
STU_011846,85.61472476747588
STU_011847,72.70823907175406
STU_011848,95.94341168648623
STU_011849,75.70471700647133
STU_011850,71.11722463444464
STU_011851,89.51928036709077
STU_011852,87.18438688808399
STU_011853,83.42143351912782
STU_011854,75.10732104396884
STU_011855,87.9468799356361
STU_011856,82.1286209096206
STU_011857,80.5631525554671
STU_011858,88.4963086249327
STU_011859,75.86478168599294
STU_011860,76.42457696512162
STU_011861,65.09712341712192
STU_011862,71.85569251579462
STU_011863,96.54572565797636
STU_011864,51.7761099627655
STU_011865,84.2369156095018
STU_011866,64.84830655182611
STU_011867,84.89569112958178
STU_011868,82.42984134444606
STU_011869,74.97293480309291
STU_011870,89.73176177323069
STU_011871,70.34920047473045
STU_011872,67.03567954384005
STU_011873,80.6430904999745
STU_011874,68.89556040008694
STU_011875,63.77591213476422
STU_011876,71.79273091344439
STU_011877,90.04696357488555
STU_011878,60.10186175198058
STU_011879,78.22578196404473
STU_011880,57.54013296934561
STU_011881,64.24928191011641
STU_011882,82.82155191110323
STU_011883,57.5996869728794
STU_011884,70.73719995145977
STU_011885,70.56521222042278
STU_011886,74.40880005711685
STU_011887,80.49017554054792
STU_011888,78.17626525477993
STU_011889,51.85555911048418
STU_011890,63.3271980762806
STU_011891,83.0983847557162
STU_011892,96.77129459889944
STU_011893,89.1651002362313
STU_011894,75.23091821724914
STU_011895,91.66974606760675
STU_011896,66.55347498873711
STU_011897,66.52514776801426
STU_011898,100.0
STU_011899,58.28941081978231
STU_011900,80.78948286461167
STU_011901,81.27228327695363
STU_011902,58.41377100763971
STU_011903,72.08926786497548
STU_011904,80.75038487419803
STU_011905,70.70711912951761
STU_011906,83.08345444002691
STU_011907,87.79245677194892
STU_011908,92.66398167229032
STU_011909,57.02154868867129
STU_011910,85.26811920585072
STU_011911,76.3867761390192
STU_011912,87.84403124426188
STU_011913,76.26058069576008
STU_011914,87.2160049368263
STU_011915,88.42969271320264
STU_011916,70.71105056349957
STU_011917,88.87537958118908
STU_011918,80.1738960969004
STU_011919,97.96180932782032
STU_011920,77.57097327780589
STU_011921,72.39613840009778
STU_011922,76.67317088980096
STU_011923,62.56894615296458
STU_011924,68.20422766112812
STU_011925,47.11367684951241
STU_011926,76.86666655461194
STU_011927,73.46102120197631
STU_011928,73.0235004444356
STU_011929,83.90757892002941
STU_011930,86.01603527142986
STU_011931,86.4427520870969
STU_011932,69.41608452796993
STU_011933,56.895153247775646
STU_011934,80.32044635139118
STU_011935,58.10278969574469
STU_011936,87.10956159333321
STU_011937,72.14761885295383
STU_011938,62.83337258916716
STU_011939,91.05048601145968
STU_011940,82.27007732947894
STU_011941,80.80440262909201
STU_011942,90.94820909756359
STU_011943,76.0811312703388
STU_011944,68.43949042715923
STU_011945,75.59416510968481
STU_011946,97.27838834285498
STU_011947,88.41679418616798
STU_011948,70.00363735949821
STU_011949,79.989966861011
STU_011950,77.00025941637222
STU_011951,92.07589209070176
STU_011952,69.91381917523071
STU_011953,57.97276923793546
STU_011954,91.24022070924654
STU_011955,64.46481568358003
STU_011956,87.7349225395493
STU_011957,65.34065407382965
STU_011958,96.2542935656202
STU_011959,77.90579726738088
STU_011960,91.88606871751634
STU_011961,90.49783225514247
STU_011962,82.07867498764485
STU_011963,94.0266632397705
STU_011964,77.92310038704548
STU_011965,81.2282101684523
STU_011966,91.75989460339363
STU_011967,58.6466259366596
STU_011968,87.34322678108654
STU_011969,58.58490966207433
STU_011970,83.09991680398684
STU_011971,60.52298897013314
STU_011972,86.17073204144998
STU_011973,71.85674100256523
STU_011974,92.33482575868284
STU_011975,77.24581782852218
STU_011976,65.88004266958387
STU_011977,85.98498315650896
STU_011978,65.4650101516054
STU_011979,80.92067238491933
STU_011980,81.25099967818662
STU_011981,80.16256846033477
STU_011982,91.77775684082927
STU_011983,69.24801940644957
STU_011984,79.47221160412212
STU_011985,82.8117867741118
STU_011986,71.92365729099126
STU_011987,57.35309381110405
STU_011988,76.49451492633301
STU_011989,74.46879737041657
STU_011990,91.28022932432604
STU_011991,68.94461506443676
STU_011992,53.61869642841163
STU_011993,72.99651972597644
STU_011994,64.50610395657094
STU_011995,70.76159669918155
STU_011996,71.98415306230052
STU_011997,87.79216286427459
STU_011998,93.88942681416785
STU_011999,100.0
STU_012000,88.67667325400774
STU_012001,87.09539120834128
STU_012002,74.74616027498152
STU_012003,76.05746637842033
STU_012004,69.5384924664047
STU_012005,81.3158240507571
STU_012006,90.08990591296815
STU_012007,64.0891301940664
STU_012008,80.13989537561595
STU_012009,70.589531118277
STU_012010,51.24123244285062
STU_012011,61.97150940636297
STU_012012,73.7885253613552
STU_012013,71.98108775860744
STU_012014,60.19061701330685
STU_012015,69.65309944347044
STU_012016,53.39382922440083
STU_012017,74.87190979155866
STU_012018,85.02054678576464
STU_012019,93.06910380367239
STU_012020,62.4379226902862
STU_012021,61.67314018087577
STU_012022,68.00920945962137
STU_012023,72.08093443863817
STU_012024,92.47579322284332
STU_012025,88.89775683569766
STU_012026,68.7804262867176
STU_012027,88.83775360238492
STU_012028,92.27790840782674
STU_012029,64.81791457393929
STU_012030,88.1185823389104
STU_012031,93.7072334710476
STU_012032,72.25520619723301
STU_012033,69.79087151066123
STU_012034,95.26045152453659
STU_012035,73.9543250216341
STU_012036,70.5570557668716
STU_012037,79.41522339278993
STU_012038,66.34117333405604
STU_012039,74.21548048250881
STU_012040,93.18195070070306
STU_012041,73.73598611645006
STU_012042,87.47392291225893
STU_012043,76.26343967342991
STU_012044,74.41621420171951
STU_012045,55.076706412932225
STU_012046,79.11434110631522
STU_012047,94.9665011120584
STU_012048,57.87408634191381
STU_012049,75.902934109185
STU_012050,76.53475178500057
STU_012051,43.03274548187845
STU_012052,83.27669934262249
STU_012053,83.61037618376497
STU_012054,72.24827287609374
STU_012055,78.41221107087665
STU_012056,92.68299675611904
STU_012057,87.36770812116625
STU_012058,71.62268534448177
STU_012059,58.411067529898475
STU_012060,75.08667778436725
STU_012061,66.7697175043024
STU_012062,87.79317496210629
STU_012063,57.280715441788836
STU_012064,65.84979729246163
STU_012065,82.8018405672305
STU_012066,74.88512448333414
STU_012067,79.66796604747573
STU_012068,64.86635827811995
STU_012069,68.75438400084025
STU_012070,80.40281727346188
STU_012071,78.60742071782036
STU_012072,72.45940508139171
STU_012073,86.48463578611063
STU_012074,87.09272516459737
STU_012075,58.469203151616874
STU_012076,70.34358676493898
STU_012077,71.25299410350078
STU_012078,68.789494596267
STU_012079,73.5553501683815
STU_012080,77.16023694304113
STU_012081,60.27318910402904
STU_012082,91.46371073722521
STU_012083,73.62328175922366
STU_012084,79.14772664025367
STU_012085,95.37673643613108
STU_012086,84.76189705158995
STU_012087,79.46885809284223
STU_012088,75.67755957478508
STU_012089,74.76905135784598
STU_012090,91.07744454910002
STU_012091,88.76214908188243
STU_012092,82.16070666130963
STU_012093,79.31094904527741
STU_012094,80.88677958216701
STU_012095,73.91132186511011
STU_012096,79.75741137199388
STU_012097,83.41483966201874
STU_012098,63.3217714887203
STU_012099,77.76754423607758
STU_012100,89.39179727921434
STU_012101,90.81406953286441
STU_012102,75.65789769666515
STU_012103,77.81294023417983
STU_012104,65.69191517639428
STU_012105,83.0813226391692
STU_012106,88.77191188154316
STU_012107,80.98257305212074
STU_012108,90.08170285678796
STU_012109,74.39973868881819
STU_012110,75.58263279992941
STU_012111,48.10249887925364
STU_012112,81.37259103637163
STU_012113,88.396870878959
STU_012114,73.27733060247789
STU_012115,74.27190861484863
STU_012116,71.70127151171314
STU_012117,92.83273951934285
STU_012118,66.43179118646846
STU_012119,89.90309714343897
STU_012120,65.39202219302096
STU_012121,73.42679866747551
STU_012122,63.34899712997769
STU_012123,82.53110448797776
STU_012124,79.68231361172077
STU_012125,79.87869510514611
STU_012126,78.4649616239862
STU_012127,75.49104900663228
STU_012128,75.46069819434159
STU_012129,78.23738678648056
STU_012130,69.48790614910978
STU_012131,55.898342809298256
STU_012132,81.54119077608684
STU_012133,83.53114982583217
STU_012134,64.17106778510392
STU_012135,65.83138626359548
STU_012136,58.200817615195
STU_012137,67.93667845734001
STU_012138,62.00651705776382
STU_012139,70.98932655643318
STU_012140,78.132839768913
STU_012141,69.67170151011005
STU_012142,80.39814748195829
STU_012143,100.0
STU_012144,82.63504672558777
STU_012145,78.19999834661824
STU_012146,79.86807017682406
STU_012147,70.04980183106952
STU_012148,78.54168653394552
STU_012149,82.55770261802817
STU_012150,82.55864624800937
STU_012151,81.19456388938508
STU_012152,61.6311540463295
STU_012153,77.19383360772932
STU_012154,79.11499712703218
STU_012155,66.16152391395866
STU_012156,71.81431764895899
STU_012157,81.67286744716864
STU_012158,89.27234263674431
STU_012159,85.48877658095873
STU_012160,95.56300231794737
STU_012161,95.40414667175239
STU_012162,85.16668601790919
STU_012163,98.39458331421332
STU_012164,43.84790358472427
STU_012165,70.68095703790817
STU_012166,67.30797486785112
STU_012167,94.44518019757514
STU_012168,65.32470887860819
STU_012169,65.67934111746607
STU_012170,69.75394248345768
STU_012171,77.97293748723895
STU_012172,86.28569636354649
STU_012173,87.27913807869794
STU_012174,82.03159289398309
STU_012175,83.07079469994221
STU_012176,69.83276866789582
STU_012177,72.22392705006173
STU_012178,86.59122328088358
STU_012179,71.09326281340019
STU_012180,83.66917995752986
STU_012181,93.27624302043117
STU_012182,74.86940857515259
STU_012183,91.06034428164327
STU_012184,74.16633719505731
STU_012185,75.85393116410619
STU_012186,91.96107139255756
STU_012187,59.626116640103
STU_012188,61.86895613155383
STU_012189,59.86682552147435
STU_012190,85.11582549809717
STU_012191,74.0121289714262
STU_012192,71.58646157719531
STU_012193,65.56585055435656
STU_012194,79.3817478131457
STU_012195,72.0775906240239
STU_012196,52.96992328120044
STU_012197,86.1316176085533
STU_012198,68.56047132474832
STU_012199,79.84269116874636
STU_012200,56.18135246860345
STU_012201,78.83602216373976
STU_012202,83.31876182414963
STU_012203,87.83548071056889
STU_012204,72.72311801559897
STU_012205,74.63794064968121
STU_012206,84.86359851640026
STU_012207,87.96808623214787
STU_012208,77.23416984787833
STU_012209,63.94154177548534
STU_012210,77.75539729952472
STU_012211,79.82027574427076
STU_012212,76.29228249017274
STU_012213,80.8102415521731
STU_012214,68.91994422887117
STU_012215,62.17023129666146
STU_012216,84.16505553752461
STU_012217,94.90273252448239
STU_012218,98.34139350589615
STU_012219,70.96547446160388
STU_012220,65.42135731519693
STU_012221,75.51238905351843
STU_012222,76.2295955592457
STU_012223,67.91044215282932
STU_012224,70.42604373081866
STU_012225,85.79908488922634
STU_012226,80.82599213085774
STU_012227,75.04113955577444
STU_012228,61.61517026510221
STU_012229,85.82063740664464
STU_012230,82.03384992032791
STU_012231,69.05154288513263
STU_012232,83.68653802797274
STU_012233,81.63777462093333
STU_012234,67.61149916480218
STU_012235,71.43898675372502
STU_012236,96.1308791371112
STU_012237,78.17629171399041
STU_012238,71.18163217709241
STU_012239,75.68987643650209
STU_012240,79.65995315507772
STU_012241,81.2784702366213
STU_012242,76.52940474944482
STU_012243,57.25007618288063
STU_012244,63.55388494932831
STU_012245,68.4608959388157
STU_012246,63.007628710845815
STU_012247,59.38203246376041
STU_012248,86.82869958125073
STU_012249,85.54372023367836
STU_012250,85.76412003871565
STU_012251,69.52949308061483
STU_012252,63.43413482753326
STU_012253,65.47522368069755
STU_012254,59.09016851248502
STU_012255,81.21829077594181
STU_012256,67.08124783406362
STU_012257,80.09532623868705
STU_012258,77.83636675078218
STU_012259,79.10020713472552
STU_012260,88.0961134367401
STU_012261,82.47725472293249
STU_012262,82.3216885118196
STU_012263,68.02270596909081
STU_012264,65.91799695340238
STU_012265,70.49386887055263
STU_012266,95.80291924556946
STU_012267,92.34078120193882
STU_012268,54.16649709595175
STU_012269,78.82482775656057
STU_012270,74.17321145432506
STU_012271,76.27296597069136
STU_012272,74.45841470992896
STU_012273,71.04250697506001
STU_012274,66.23915565714803
STU_012275,88.75585929419539
STU_012276,77.45347265992923
STU_012277,76.98263702420203
STU_012278,69.67804141425847
STU_012279,78.55731324700528
STU_012280,75.97929293314382
STU_012281,54.51490776273295
STU_012282,87.62834743136438
STU_012283,92.02518386442257
STU_012284,69.16536977458733
STU_012285,76.92413289405417
STU_012286,79.15811512809925
STU_012287,94.21570120627243
STU_012288,82.97995993064508
STU_012289,87.47825199331928
STU_012290,84.55850509416464
STU_012291,68.25740005352388
STU_012292,80.13807415014948
STU_012293,76.7088659086447
STU_012294,85.56634183603995
STU_012295,79.43868740468325
STU_012296,77.65979344547927
STU_012297,81.74003269619328
STU_012298,71.22477043141643
STU_012299,85.25960626892298
STU_012300,55.634481046641625
STU_012301,84.18126589472183
STU_012302,80.7400689637981
STU_012303,60.542305743438554
STU_012304,55.82476136838925
STU_012305,95.90445672458455
STU_012306,77.96137909739845
STU_012307,71.77528250163316
STU_012308,86.71938677911692
STU_012309,70.52464780965875
STU_012310,76.45119135983532
STU_012311,82.3472194997526
STU_012312,60.006576072914825
STU_012313,74.32640111130289
STU_012314,98.28354589405268
STU_012315,89.31876592326198
STU_012316,72.23685238204904
STU_012317,96.33945942997067
STU_012318,87.18231100895305
STU_012319,82.18270444233107
STU_012320,65.25371527951584
STU_012321,64.89928505533726
STU_012322,92.48928888376872
STU_012323,61.79490112058711
STU_012324,81.70191069141683
STU_012325,67.54871023369856
STU_012326,76.78732224994243
STU_012327,63.22282945729285
STU_012328,64.92370585843929
STU_012329,92.33525659266434
STU_012330,86.9399947854648
STU_012331,80.51433998659537
STU_012332,70.81741905728047
STU_012333,85.59088068361505
STU_012334,71.61295397455991
STU_012335,69.37126415637769
STU_012336,85.73278962044391
STU_012337,92.32328049881703
STU_012338,66.27890495210968
STU_012339,88.32000009640622
STU_012340,61.5381704369913
STU_012341,58.06974763527009
STU_012342,84.96495515036744
STU_012343,92.19216580610319
STU_012344,62.31088170931194
STU_012345,65.91796467250472
STU_012346,78.189388049298
STU_012347,93.669882158635
STU_012348,79.34031940529852
STU_012349,75.76240487006406
STU_012350,85.20784374834155
STU_012351,89.24457887568241
STU_012352,80.39684826040732
STU_012353,93.68142244434209
STU_012354,68.15453711283797
STU_012355,84.83865460548199
STU_012356,80.297309283055
STU_012357,66.56649674850298
STU_012358,91.44608863281648
STU_012359,84.99659953659926
STU_012360,73.60823881993643
STU_012361,65.98516438059839
STU_012362,80.07310684326556
STU_012363,76.35993776251786
STU_012364,80.98547133452419
STU_012365,70.3764447180225
STU_012366,82.72286109090287
STU_012367,73.90233667367211
STU_012368,64.60793297756007
STU_012369,75.88562825979022
STU_012370,98.81180216266651
STU_012371,73.95287101454545
STU_012372,87.96223439620533
STU_012373,77.1969101224492
STU_012374,75.23427991576115
STU_012375,66.2179811903635
STU_012376,83.01683523895174
STU_012377,83.67571923295137
STU_012378,79.57413711928234
STU_012379,74.72818281338895
STU_012380,91.5830667927973
STU_012381,97.68832738548107
STU_012382,71.13971292041707
STU_012383,85.77129909522613
STU_012384,97.69094751229895
STU_012385,91.14785535066143
STU_012386,81.35570235795925
STU_012387,83.63090842494626
STU_012388,81.53541691095236
STU_012389,99.17210251738405
STU_012390,75.75425568593388
STU_012391,47.75239156007068
STU_012392,74.70728898240363
STU_012393,68.30787965398113
STU_012394,72.53561391074501
STU_012395,84.90579181506416
STU_012396,82.16977885767618
STU_012397,74.89903452771483
STU_012398,84.5699197894374
STU_012399,83.70179494389494
STU_012400,75.9134915897983
STU_012401,90.86587849122431
STU_012402,97.67541336057751
STU_012403,54.43689800348459
STU_012404,79.61581599582522
STU_012405,65.0995855684051
STU_012406,68.14668321983868
STU_012407,91.1785515864015
STU_012408,82.4783006235133
STU_012409,73.02372227073027
STU_012410,52.16088095226511
STU_012411,89.03155227638584
STU_012412,74.16519055077929
STU_012413,60.77077269335278
STU_012414,95.87943085954362
STU_012415,89.39347646533862
STU_012416,88.49047165164328
STU_012417,67.49024487299856
STU_012418,86.23119169828203
STU_012419,74.74871836051274
STU_012420,59.55616369590824
STU_012421,70.45818978175136
STU_012422,84.52104118619638
STU_012423,77.47375238417106
STU_012424,85.92888104788062
STU_012425,53.201635506562475
STU_012426,84.13937903703341
STU_012427,70.80488059273634
STU_012428,88.30500164650007
STU_012429,64.35817695365387
STU_012430,75.23633961102418
STU_012431,67.8837653331068
STU_012432,66.04460480099914
STU_012433,63.72755829937435
STU_012434,90.65387024500689
STU_012435,72.34617353681567
STU_012436,74.04416745965777
STU_012437,91.26324760166489
STU_012438,65.39090061204699
STU_012439,79.0966371657693
STU_012440,74.60078061579563
STU_012441,90.42647794816968
STU_012442,97.26268525765185
STU_012443,63.46860018737199
STU_012444,86.83664353933557
STU_012445,76.78645699276387
STU_012446,85.83518149063642
STU_012447,94.36588643458573
STU_012448,75.15015992107499
STU_012449,79.94716391363818
STU_012450,70.99165126567651
STU_012451,86.44895481185873
STU_012452,81.2726301426512
STU_012453,92.62415644541589
STU_012454,83.6953230485289
STU_012455,75.43286320247242
STU_012456,84.86398771716456
STU_012457,69.37074808548749
STU_012458,81.13551237258791
STU_012459,61.363771803671646
STU_012460,85.66072590308553
STU_012461,80.77062656708452
STU_012462,70.78877286424685
STU_012463,80.64985115375694
STU_012464,74.51297558234097
STU_012465,73.9800384114306
STU_012466,70.57031522261389
STU_012467,77.2875261615371
STU_012468,84.71785225690004
STU_012469,87.98783179100045
STU_012470,51.35338204882922
STU_012471,56.43068171255804
STU_012472,93.25149563641969
STU_012473,74.92191315484908
STU_012474,68.20501827162646
STU_012475,74.16171308152191
STU_012476,55.79936029521572
STU_012477,95.93809268229433
STU_012478,73.31683075318013
STU_012479,65.94483247946124
STU_012480,79.54278982523034
STU_012481,90.6666847940548
STU_012482,77.44837727508863
STU_012483,65.79281117756442
STU_012484,73.7495820902402
STU_012485,80.35372421498289
STU_012486,75.38075588201728
STU_012487,67.74285946178189
STU_012488,69.69021981104407
STU_012489,83.58056900028578
STU_012490,88.15405174350448
STU_012491,59.26520673908006
STU_012492,64.84817516617656
STU_012493,60.661160691296324
STU_012494,72.58272192494171
STU_012495,71.02099417047155
STU_012496,82.66184614699041
STU_012497,89.34848575745875
STU_012498,69.56933418134533
STU_012499,73.76116449445396
STU_012500,87.26219242865147
STU_012501,92.93370117894608
STU_012502,83.08193029630978
STU_012503,87.20476120441474
STU_012504,76.67981640734256
STU_012505,82.36990288044942
STU_012506,69.44986424845717
STU_012507,85.48077212997944
STU_012508,70.03191008304643
STU_012509,85.03758795497285
STU_012510,71.79467107960377
STU_012511,80.532516591507
STU_012512,78.13859251844164
STU_012513,70.23904314512161
STU_012514,100.0
STU_012515,87.66245479661524
STU_012516,82.16475888534279
STU_012517,97.54784220564923
STU_012518,66.48698716588724
STU_012519,79.27282927943327
STU_012520,71.27465011413236
STU_012521,94.51673848654517
STU_012522,98.14173042313752
STU_012523,82.55846349809966
STU_012524,97.28403460496489
STU_012525,90.62346368507232
STU_012526,95.12333926977806
STU_012527,91.71807672223146
STU_012528,69.06489412216764
STU_012529,97.12854368160941
STU_012530,84.24678287318287
STU_012531,79.05694680633734
STU_012532,72.29076470090732
STU_012533,85.53239476302741
STU_012534,65.13691872052887
STU_012535,83.20609475308864
STU_012536,71.83772300362725
STU_012537,57.16304466473353
STU_012538,71.00971504931447
STU_012539,82.94904656430023
STU_012540,72.69941344172048
STU_012541,97.9435232506942
STU_012542,98.71859405242091
STU_012543,80.51755807583312
STU_012544,81.93015339740728
STU_012545,69.67728581757862
STU_012546,76.77280006192686
STU_012547,100.0
STU_012548,54.08012188339543
STU_012549,72.28012625638762
STU_012550,93.94576780732147
STU_012551,88.34416916707914
STU_012552,71.92618798112508
STU_012553,79.45495436555368
STU_012554,69.68089345000882
STU_012555,55.12862193592497
STU_012556,69.52203503984418
STU_012557,83.2382188604349
STU_012558,71.47535673879514
STU_012559,90.11654112292308
STU_012560,73.53783421391788
STU_012561,68.70644427266099
STU_012562,67.0277028700161
STU_012563,85.12931451904555
STU_012564,93.64009254571002
STU_012565,100.0
STU_012566,78.203151769072
STU_012567,69.35652338829598
STU_012568,92.89395270517079
STU_012569,72.34401999227987
STU_012570,57.226289460295334
STU_012571,55.88779184628156
STU_012572,59.340513762227936
STU_012573,77.26918294640703
STU_012574,62.410708055880924
STU_012575,64.53015557642303
STU_012576,78.43708100347776
STU_012577,97.49657574057598
STU_012578,48.287634234852035
STU_012579,81.35246043539274
STU_012580,69.17825007955742
STU_012581,68.62687475212871
STU_012582,75.18299961171793
STU_012583,66.79931864898296
STU_012584,62.35148781126382
STU_012585,72.14339116941929
STU_012586,72.36535416268809
STU_012587,72.16826045206024
STU_012588,72.7172275476565
STU_012589,54.21565027117468
STU_012590,72.95578921539115
STU_012591,75.07893077769297
STU_012592,94.80257469924322
STU_012593,94.86474145693168
STU_012594,51.135708513678395
STU_012595,64.13130964258298
STU_012596,80.29562943703712
STU_012597,69.10417536651374
STU_012598,75.25811560601288
STU_012599,67.70551760908104
STU_012600,73.19998921279048
STU_012601,78.17253212320432
STU_012602,69.29370678982514
STU_012603,88.68143239278159
STU_012604,84.44942329314779
STU_012605,85.47637163907388
STU_012606,75.06695888076459
STU_012607,58.534747609742
STU_012608,82.72860046463151
STU_012609,62.60536885559149
STU_012610,72.41110206981396
STU_012611,72.66717877628116
STU_012612,65.10300471631925
STU_012613,90.99342516606751
STU_012614,81.09102733519873
STU_012615,74.15819036812536
STU_012616,81.67704782742729
STU_012617,65.37941634975957
STU_012618,88.88266712581407
STU_012619,84.53453687091262
STU_012620,81.91984234604743
STU_012621,90.62904414033258
STU_012622,91.85734093531296
STU_012623,92.27485198024284
STU_012624,87.24968596952202
STU_012625,85.65228385205758
STU_012626,88.22498558923728
STU_012627,88.03642639492122
STU_012628,73.15497497055446
STU_012629,78.4965526170338
STU_012630,71.43192697772162
STU_012631,72.3927170655414
STU_012632,68.25262010521314
STU_012633,71.35522020980179
STU_012634,89.22178512636648
STU_012635,76.8644949111861
STU_012636,70.9855080960017
STU_012637,78.12426045821414
STU_012638,83.57589767509155
STU_012639,93.60769219725559
STU_012640,81.16611810981652
STU_012641,70.86242132435865
STU_012642,66.76492098550354
STU_012643,82.65677712908841
STU_012644,83.0570249877953
STU_012645,61.9952106395548
STU_012646,85.6767708144487
STU_012647,77.45739314778973
STU_012648,70.49494759182276
STU_012649,77.52404439145349
STU_012650,80.0837264458325
STU_012651,75.2387418194275
STU_012652,96.86130888767505
STU_012653,89.08632904369486
STU_012654,82.96102596129289
STU_012655,77.01477769136838
STU_012656,85.64648331382111
STU_012657,94.07755986798104
STU_012658,83.92184002360875
STU_012659,80.39015142054535
STU_012660,82.14027538007244
STU_012661,87.9482590602397
STU_012662,89.29011145797647
STU_012663,74.81119580227126
STU_012664,55.922809499337035
STU_012665,92.76497115488836
STU_012666,63.31265813582366
STU_012667,78.51231134333882
STU_012668,70.32920572732488
STU_012669,65.25079968426228
STU_012670,58.632249591590735
STU_012671,66.82239667269118
STU_012672,57.375874913760825
STU_012673,64.2607349500543
STU_012674,62.034332747674156
STU_012675,71.14535999147971
STU_012676,94.10157108255657
STU_012677,66.04711657958096
STU_012678,73.51494111969645
STU_012679,77.40122715382401
STU_012680,74.73894749501524
STU_012681,74.60699404603142
STU_012682,89.0715466313978
STU_012683,83.71263470944086
STU_012684,82.92716217621681
STU_012685,95.35560827180008
STU_012686,72.70879670383665
STU_012687,78.66369836730854
STU_012688,84.95718336306766
STU_012689,69.8229283583137
STU_012690,69.026027591865
STU_012691,75.61138846907585
STU_012692,76.68901101617881
STU_012693,80.86058062135666
STU_012694,62.00746185173591
STU_012695,77.38914652288189
STU_012696,70.6200303034569
STU_012697,84.12579530025039
STU_012698,68.46599289801634
STU_012699,77.4530802497839
STU_012700,66.72271258378663
STU_012701,100.0
STU_012702,78.00284657051002
STU_012703,71.2771521185214
STU_012704,68.72817351387336
STU_012705,63.025175951298664
STU_012706,73.39075251450451
STU_012707,98.11015151912325
STU_012708,53.69828248712648
STU_012709,67.76577586978411
STU_012710,91.1295939762808
STU_012711,70.76983501943494
STU_012712,68.01844528894031
STU_012713,61.05425570365776
STU_012714,91.25040899299701
STU_012715,73.65620590071426
STU_012716,78.6975266564879
STU_012717,76.12217840591748
STU_012718,81.8945802882246
STU_012719,67.39533627135017
STU_012720,79.39417342761749
STU_012721,79.41000391727115
STU_012722,56.167225497136336
STU_012723,80.8413543368756
STU_012724,89.00177243988625
STU_012725,60.53830300621137
STU_012726,57.82855609947642
STU_012727,66.193210561901
STU_012728,83.80326189881961
STU_012729,63.133753898265596
STU_012730,85.49370401195674
STU_012731,97.1448028899346
STU_012732,81.45904444359641
STU_012733,55.640710841903584
STU_012734,86.58213841778856
STU_012735,63.08256569092084
STU_012736,100.0
STU_012737,70.44138496118576
STU_012738,75.80113276663661
STU_012739,83.83193563008615
STU_012740,89.92346891244625
STU_012741,54.67627773193345
STU_012742,75.4777699886332
STU_012743,80.66742438888217
STU_012744,84.30639993310227
STU_012745,65.51619441122833
STU_012746,82.76030783227459
STU_012747,67.42910972743907
STU_012748,87.25350929513135
STU_012749,85.33446599090078
STU_012750,67.05095912995571
STU_012751,51.612444846762244
STU_012752,75.21062394031986
STU_012753,75.41003876108752
STU_012754,59.09628531610242
STU_012755,88.8233053288693
STU_012756,61.018787014713695
STU_012757,54.281152339002475
STU_012758,87.16420064361452
STU_012759,62.493061651940664
STU_012760,74.73688956436942
STU_012761,68.41832214400061
STU_012762,85.01133695259072
STU_012763,95.38314627085849
STU_012764,96.31731437087515
STU_012765,86.64615267611782
STU_012766,65.94653953632155
STU_012767,91.10562787568405
STU_012768,85.38506452220486
STU_012769,79.06153368869442
STU_012770,61.512422952279124
STU_012771,57.386179839144646
STU_012772,97.28954889503953
STU_012773,69.28764312186755
STU_012774,73.13584706188246
STU_012775,69.40148852045719
STU_012776,76.26450636801955
STU_012777,52.55607078446198
STU_012778,72.82466703382013
STU_012779,72.4138825036955
STU_012780,75.17390641160185
STU_012781,87.78107390514513
STU_012782,54.89350890078158
STU_012783,95.78550563678544
STU_012784,51.59847539132031
STU_012785,73.65979270268967
STU_012786,59.17655098924203
STU_012787,70.23927050440699
STU_012788,92.52598424981403
STU_012789,78.33101132784172
STU_012790,95.89871187957387
STU_012791,82.23929830974974
STU_012792,72.17517645440084
STU_012793,90.13118063258729
STU_012794,79.757547194639
STU_012795,95.47112749173789
STU_012796,70.34769510129873
STU_012797,66.72922044555317
STU_012798,97.88396844630641
STU_012799,89.04931125727285
STU_012800,57.43719501879376
STU_012801,69.94150640852374
STU_012802,77.50859749377656
STU_012803,90.70926254725306
STU_012804,63.000212537886455
STU_012805,70.43662743667318
STU_012806,77.91410147814435
STU_012807,72.38743709471257
STU_012808,84.08172089989971
STU_012809,81.36177119718236
STU_012810,82.25527293831905
STU_012811,74.27541643014457
STU_012812,69.52168837962671
STU_012813,80.8160282672882
STU_012814,70.8872637022313
STU_012815,70.46381885470879
STU_012816,81.51719304172737
STU_012817,71.97790537006259
STU_012818,88.73362328253552
STU_012819,61.44575653066735
STU_012820,82.24373874135499
STU_012821,75.69434365715819
STU_012822,86.41503256676233
STU_012823,84.90076740075337
STU_012824,82.88932692609407
STU_012825,60.12095173014807
STU_012826,84.83121082123535
STU_012827,63.218982878354964
STU_012828,93.53133723788712
STU_012829,73.82949396515313
STU_012830,73.52373890082107
STU_012831,72.88609334229075
STU_012832,93.02234070725692
STU_012833,82.90209509563623
STU_012834,75.20217923872194
STU_012835,72.33482047109325
STU_012836,83.42944617781593
STU_012837,70.40862317426604
STU_012838,64.18675519615527
STU_012839,66.8531036669522
STU_012840,89.22707500220277
STU_012841,77.55046336535352
STU_012842,77.16463259422203
STU_012843,82.89885184560973
STU_012844,75.90457789795222
STU_012845,65.11582752367016
STU_012846,74.47888019188868
STU_012847,74.60105447273185
STU_012848,72.83013352106218
STU_012849,84.85856516384546
STU_012850,80.50564848561054
STU_012851,85.92219894683701
STU_012852,92.50327566261495
STU_012853,64.10680350006
STU_012854,80.09348644410133
STU_012855,83.09768789947128
STU_012856,70.62578629121911
STU_012857,94.48700947157056
STU_012858,84.46637382626133
STU_012859,65.20479181887387
STU_012860,84.7720402661713
STU_012861,66.37546652373402
STU_012862,71.51477086771122
STU_012863,93.51403638694164
STU_012864,78.90189689242605
STU_012865,70.30716155761807
STU_012866,78.54201203365544
STU_012867,87.9327468155798
STU_012868,84.95158465876847
STU_012869,68.86913543985489
STU_012870,81.85118472749636
STU_012871,83.17447777129226
STU_012872,89.0958928938312
STU_012873,59.033780704205775
STU_012874,76.79881161956598
STU_012875,74.3907835875015
STU_012876,56.56267914854208
STU_012877,82.9487981392395
STU_012878,98.59068485976827
STU_012879,82.2063153583634
STU_012880,82.2794645281361
STU_012881,95.44028776716476
STU_012882,90.7002900184043
STU_012883,65.9347745402887
STU_012884,82.10253689873795
STU_012885,82.23236874991525
STU_012886,58.06723259969815
STU_012887,77.69975208738765
STU_012888,76.77717704007642
STU_012889,70.92063473629665
STU_012890,71.59049228200176
STU_012891,72.60195463139289
STU_012892,74.40728094889452
STU_012893,87.38789442933839
STU_012894,72.89520997843175
STU_012895,88.62004239997505
STU_012896,80.46227417359263
STU_012897,79.489697022003
STU_012898,92.86335563489283
STU_012899,82.0345897598558
STU_012900,84.53457555090645
STU_012901,74.85530510975093
STU_012902,87.89386728390147
STU_012903,67.48638153721082
STU_012904,83.44104698131437
STU_012905,65.90015389640094
STU_012906,97.19909782221144
STU_012907,53.77067258877039
STU_012908,84.13213250870564
STU_012909,74.47690864556374
STU_012910,37.55618496347213
STU_012911,81.47622230608769
STU_012912,51.89991436324977
STU_012913,75.06431999675328
STU_012914,76.72767105538475
STU_012915,64.33346240683214
STU_012916,68.25316825536858
STU_012917,87.68619576110581
STU_012918,63.471927000188295
STU_012919,96.71006376704234
STU_012920,76.57898264274533
STU_012921,60.293280908170296
STU_012922,76.39755532783926
STU_012923,64.86763073958447
STU_012924,77.3708511074898
STU_012925,77.08013216360636
STU_012926,65.15477983201824
STU_012927,84.13505868320999
STU_012928,62.32607493002262
STU_012929,63.384840252890285
STU_012930,72.31538454104944
STU_012931,89.85491827014667
STU_012932,67.36957631065881
STU_012933,71.17112359850758
STU_012934,69.09639724457823
STU_012935,69.03262942945278
STU_012936,72.881979682334
STU_012937,71.615667337105
STU_012938,95.96709680359551
STU_012939,50.151353483064995
STU_012940,73.04809418685801
STU_012941,62.11560205604357
STU_012942,75.74758512889446
STU_012943,74.11702996473048
STU_012944,81.59653814870167
STU_012945,90.56823204329874
STU_012946,62.136208509506886
STU_012947,72.77447165471544
STU_012948,88.36269725166501
STU_012949,93.52627023454001
STU_012950,83.77546640350197
STU_012951,81.96332178613687
STU_012952,74.60054376041472
STU_012953,81.69772562620072
STU_012954,80.52293348168298
STU_012955,90.42654982423532
STU_012956,69.91599838806985
STU_012957,67.78297470679847
STU_012958,81.00002962097604
STU_012959,78.62850176554569
STU_012960,76.6919550778947
STU_012961,79.76547346805549
STU_012962,58.367012318228106
STU_012963,73.93130633125284
STU_012964,91.09398690289132
STU_012965,81.84564603318756
STU_012966,75.88829407329109
STU_012967,69.19436724537239
STU_012968,77.12239774122499
STU_012969,78.60226807826865
STU_012970,58.7563233861413
STU_012971,79.45615038582437
STU_012972,78.21105748346878
STU_012973,58.03501496032179
STU_012974,63.861608589956745
STU_012975,60.0201792389545
STU_012976,81.30806951595078
STU_012977,75.05038693099279
STU_012978,91.14980800452363
STU_012979,71.5061754574885
STU_012980,71.66365795675371
STU_012981,88.37889286945511
STU_012982,75.1873606553797
STU_012983,96.05703237650806
STU_012984,56.75082061875921
STU_012985,70.98879638237202
STU_012986,63.70953756733886
STU_012987,53.75806829539832
STU_012988,84.8549520701839
STU_012989,92.47247441981791
STU_012990,67.05342496647609
STU_012991,73.50634897524134
STU_012992,57.05078211110255
STU_012993,100.0
STU_012994,79.55285395559403
STU_012995,68.8205883021847
STU_012996,67.94582410901192
STU_012997,84.26629280466253
STU_012998,82.92517561260624
STU_012999,90.72311696873237
STU_013000,92.34601119471338
STU_013001,97.91325514615075
STU_013002,86.46492483444904
STU_013003,78.2004148847975
STU_013004,83.70958624333198
STU_013005,75.88293019094198
STU_013006,80.55772223175589
STU_013007,80.7510626205787
STU_013008,86.86298987438303
STU_013009,84.64715688217984
STU_013010,77.7375073084485
STU_013011,61.745082966238755
STU_013012,55.741409565480254
STU_013013,91.64643709836741
STU_013014,88.95350326798408
STU_013015,85.28978341120036
STU_013016,67.33557949022043
STU_013017,87.68469583979694
STU_013018,78.65382980010021
STU_013019,82.90923943163736
STU_013020,60.42242523051413
STU_013021,71.71635264645356
STU_013022,98.28453499523187
STU_013023,80.66386471301153
STU_013024,87.91220767667036
STU_013025,73.36175008271918
STU_013026,71.61915536993314
STU_013027,72.27339846745525
STU_013028,80.84412216419834
STU_013029,75.72164212819578
STU_013030,77.25126838180307
STU_013031,66.93930663305343
STU_013032,99.51233135769122
STU_013033,70.54053777558295
STU_013034,97.95891342228181
STU_013035,88.17768776829973
STU_013036,60.23237849626588
STU_013037,87.14502160483461
STU_013038,78.73049527003411
STU_013039,87.54845965557753
STU_013040,95.26304082706986
STU_013041,76.59733689846334
STU_013042,66.53441210237864
STU_013043,89.1821582517298
STU_013044,70.95167210201177
STU_013045,88.69298532250733
STU_013046,64.43838399739151
STU_013047,71.48792048181696
STU_013048,93.5653928365
STU_013049,81.96124871957527
STU_013050,82.77096634712255
STU_013051,93.1123259975868
STU_013052,71.26854646979967
STU_013053,75.34778886499916
STU_013054,72.57749397153196
STU_013055,85.68777267711808
STU_013056,76.42944431790747
STU_013057,60.29961502642941
STU_013058,65.29218747435833
STU_013059,84.28988442101812
STU_013060,65.69791249499539
STU_013061,61.82946958719308
STU_013062,98.98002069970407
STU_013063,84.2815895741631
STU_013064,65.93458658658956
STU_013065,58.65687201819936
STU_013066,96.53894398024983
STU_013067,82.15790511865795
STU_013068,90.9996533467185
STU_013069,98.72113119073764
STU_013070,73.08293740879043
STU_013071,82.01221564423138
STU_013072,86.92330252230737
STU_013073,77.87786649707033
STU_013074,79.0987075711953
STU_013075,53.955822479601935
STU_013076,85.41921468924973
STU_013077,92.64605100037647
STU_013078,81.47266522875343
STU_013079,89.71897764323535
STU_013080,76.99171059576
STU_013081,77.28346182897492
STU_013082,63.508998948452074
STU_013083,66.73241554551284
STU_013084,72.80249280659002
STU_013085,78.81168375336439
STU_013086,78.21452381695349
STU_013087,65.22235810603317
STU_013088,77.01954945987538
STU_013089,68.3611050705054
STU_013090,93.7002487898782
STU_013091,68.33379373924816
STU_013092,69.27521126949998
STU_013093,87.78476783607873
STU_013094,86.4668723169503
STU_013095,70.40678665906063
STU_013096,76.93172783724185
STU_013097,82.98095686135383
STU_013098,80.34663249728113
STU_013099,67.63175071414851
STU_013100,72.0638212371695
STU_013101,83.84886848048359
STU_013102,91.50207744648175
STU_013103,72.09760956932683
STU_013104,79.94101164194205
STU_013105,71.54986782239776
STU_013106,88.97994773404524
STU_013107,60.20383533246274
STU_013108,91.4295623920486
STU_013109,87.22904015947657
STU_013110,57.76395931004736
STU_013111,100.0
STU_013112,100.0
STU_013113,74.77374517268717
STU_013114,69.39133259948414
STU_013115,80.30481988311406
STU_013116,64.42492606971497
STU_013117,66.3468451968001
STU_013118,68.37615312800929
STU_013119,80.15195023432481
STU_013120,68.81683043881469
STU_013121,88.04464460463632
STU_013122,75.51674363604252
STU_013123,93.13110307639005
STU_013124,94.40680651655038
STU_013125,89.76977782506457
STU_013126,68.92660890869826
STU_013127,73.28977330385882
STU_013128,84.93256794869075
STU_013129,77.31572040522555
STU_013130,96.29202546454563
STU_013131,53.96644856897923
STU_013132,80.81682946131795
STU_013133,94.12255687117732
STU_013134,73.11898275645069
STU_013135,63.87520181033698
STU_013136,65.51223882464558
STU_013137,79.74577413143513
STU_013138,69.45766576500834
STU_013139,77.80029248983146
STU_013140,99.04062953629668
STU_013141,76.92382891928919
STU_013142,63.79319095771435
STU_013143,73.1679194062022
STU_013144,70.80714724870077
STU_013145,64.8450692195789
STU_013146,59.394268632819475
STU_013147,79.57826071997104
STU_013148,74.72942363016286
STU_013149,85.6267793419693
STU_013150,79.64206897468462
STU_013151,80.90187743073106
STU_013152,88.38814341195453
STU_013153,75.62947072769586
STU_013154,79.18010269866747
STU_013155,97.02515376213711
STU_013156,82.34733559305266
STU_013157,76.68869316333402
STU_013158,84.61697509851776
STU_013159,89.81936079446757
STU_013160,66.69975703686606
STU_013161,62.23235934199249
STU_013162,63.657296306102694
STU_013163,86.99822780908625
STU_013164,68.40407274491214
STU_013165,69.68329027071444
STU_013166,55.96857953301063
STU_013167,87.29452446775807
STU_013168,77.02121807729137
STU_013169,79.26191099186613
STU_013170,74.81899991550372
STU_013171,83.83100370773062
STU_013172,67.91576890163057
STU_013173,86.6484016167047
STU_013174,72.35650982369646
STU_013175,58.02368306506685
STU_013176,94.33631272477982
STU_013177,65.73245597618852
STU_013178,84.23849810222617
STU_013179,76.66675998662748
STU_013180,88.66301619790826
STU_013181,86.40824326799174
STU_013182,72.74914526183731
STU_013183,77.9280104193732
STU_013184,75.74943417822298
STU_013185,74.00408104321875
STU_013186,66.38477378331456
STU_013187,68.53839907992128
STU_013188,91.43277772445951
STU_013189,98.54858692253836
STU_013190,84.2687391042088
STU_013191,96.69144752882434
STU_013192,86.43867671261529
STU_013193,84.86031310581484
STU_013194,96.40051252250713
STU_013195,87.57160129632413
STU_013196,80.73788524146686
STU_013197,55.01536142330433
STU_013198,73.77426052067736
STU_013199,82.69401328546326
STU_013200,59.75860155859921
STU_013201,86.53371018422092
STU_013202,68.6152560444704
STU_013203,70.13665709299212
STU_013204,65.81403156009233
STU_013205,77.47493974919132
STU_013206,73.45141929772055
STU_013207,71.43614815289922
STU_013208,70.83681245595737
STU_013209,79.12305762251172
STU_013210,56.31799947416629
STU_013211,78.55564496060745
STU_013212,66.21441948290499
STU_013213,74.75026493756422
STU_013214,89.63491073927266
STU_013215,53.73486934631821
STU_013216,98.3694683695482
STU_013217,93.41782275586756
STU_013218,69.63886461902803
STU_013219,82.57393673696193
STU_013220,95.50015221301858
STU_013221,66.03710261293946
STU_013222,63.71463291052475
STU_013223,83.7000062757623
STU_013224,75.3453678706099
STU_013225,51.561914771620856
STU_013226,75.26456946685553
STU_013227,82.87817739575486
STU_013228,73.8633828219834
STU_013229,66.18832138304336
STU_013230,74.78696813962925
STU_013231,70.96213963446175
STU_013232,72.8789663776097
STU_013233,93.37354639953055
STU_013234,67.20256684116121
STU_013235,70.78972125149286
STU_013236,90.68966849710148
STU_013237,71.10905752598842
STU_013238,76.48307591918712
STU_013239,80.50812729492449
STU_013240,66.33132815579553
STU_013241,76.10223142154396
STU_013242,72.0044446642071
STU_013243,65.59465749125158
STU_013244,77.04657860254889
STU_013245,69.68596903028347
STU_013246,65.04864074333801
STU_013247,98.05698311262597
STU_013248,93.5379903163646
STU_013249,52.32856684985552
STU_013250,69.73791380290014
STU_013251,84.31254519565822
STU_013252,88.92967759846408
STU_013253,76.08191522269301
STU_013254,93.22929761001686
STU_013255,80.06187765398032
STU_013256,78.58825822704043
STU_013257,82.04291437208546
STU_013258,65.80395006206919
STU_013259,57.27905443840152
STU_013260,71.18299806082332
STU_013261,71.26441224884856
STU_013262,61.09941331217085
STU_013263,66.67336927162745
STU_013264,90.47580312347858
STU_013265,79.98531912306036
STU_013266,70.77886751446798
STU_013267,68.61939194605844
STU_013268,62.39127660953565
STU_013269,80.95227676945888
STU_013270,90.34237443672002
STU_013271,66.30897033725577
STU_013272,85.22640287452691
STU_013273,67.68903565217977
STU_013274,78.49318556221863
STU_013275,59.9928782746823
STU_013276,64.718824114955
STU_013277,64.29407006279958
STU_013278,67.37728093569235
STU_013279,62.45349366938785
STU_013280,87.97569265850477
STU_013281,92.28966927874676
STU_013282,89.57081853681582
STU_013283,78.94591081606897
STU_013284,76.40968592482727
STU_013285,76.80209854877818
STU_013286,67.34982945294028
STU_013287,88.72114553341845
STU_013288,84.57581692586797
STU_013289,91.72425606489396
STU_013290,84.32960012282568
STU_013291,89.89865356113121
STU_013292,75.96164623370774
STU_013293,77.63541268886229
STU_013294,88.33122296956213
STU_013295,73.998979855993
STU_013296,74.38608547399026
STU_013297,78.19965451612167
STU_013298,62.98643317731667
STU_013299,87.43941760969967
STU_013300,75.75104232874692
STU_013301,87.12167587350098
STU_013302,85.45893459472484
STU_013303,90.07696191348865
STU_013304,84.72156222035017
STU_013305,73.0558857515353
STU_013306,68.09218694033923
STU_013307,77.63612412056818
STU_013308,95.44733370388727
STU_013309,69.82583676868988
STU_013310,62.31661075259491
STU_013311,89.07402477606286
STU_013312,52.75104873092383
STU_013313,65.52645873407947
STU_013314,61.6978621131277
STU_013315,69.11468476710144
STU_013316,76.69449709617172
STU_013317,78.14766008754052
STU_013318,57.45623728266182
STU_013319,72.43805159167755
STU_013320,81.86301570863382
STU_013321,78.90830305392849
STU_013322,96.24405101390884
STU_013323,97.87019009328398
STU_013324,83.37181940769956
STU_013325,79.71065710133524
STU_013326,72.74031759411223
STU_013327,77.83555847166875
STU_013328,65.33356405908727
STU_013329,82.86620665211285
STU_013330,73.39612421097056
STU_013331,69.59064850222741
STU_013332,72.70359639280383
STU_013333,64.98625212973708
STU_013334,73.21682758401991
STU_013335,66.52334040061736
STU_013336,82.08057928372531
STU_013337,61.940148584340115
STU_013338,65.31509269991629
STU_013339,75.70202968928302
STU_013340,90.18025983717345
STU_013341,69.91941899858337
STU_013342,80.38684989651378
STU_013343,72.6444828594867
STU_013344,79.770378790496
STU_013345,70.91176412193613
STU_013346,92.3868383321699
STU_013347,84.53907139214816
STU_013348,83.51243515405683
STU_013349,97.83249085758315
STU_013350,67.03359696829358
STU_013351,83.47381861107965
STU_013352,75.96828899559605
STU_013353,65.93459225313113
STU_013354,62.65033293090128
STU_013355,89.50543280657868
STU_013356,65.0860992531016
STU_013357,70.03524923695367
STU_013358,74.53155845523345
STU_013359,78.6089020938299
STU_013360,79.27967649678455
STU_013361,70.23593064070106
STU_013362,85.26968527862265
STU_013363,76.55018264688893
STU_013364,71.20659792900067
STU_013365,82.36489058592609
STU_013366,93.15478521499392
STU_013367,85.8264070727895
STU_013368,90.04930338882863
STU_013369,62.76614055804882
STU_013370,82.70812406354506
STU_013371,75.64515982103859
STU_013372,76.65613317806242
STU_013373,75.21045970325963
STU_013374,87.94091906863662
STU_013375,91.19482048206272
STU_013376,44.753536943636405
STU_013377,83.09541400923477
STU_013378,62.78550953235765
STU_013379,79.21818801295379
STU_013380,85.87008589698041
STU_013381,93.49352126809482
STU_013382,99.41265212414261
STU_013383,64.84469327058
STU_013384,66.34632478021207
STU_013385,71.6794093351544
STU_013386,94.31483040707009
STU_013387,59.590408008501996
STU_013388,85.46195658134879
STU_013389,67.557236137413
STU_013390,72.25407043867003
STU_013391,85.70245223610877
STU_013392,95.16604049783452
STU_013393,68.58580105314998
STU_013394,100.0
STU_013395,63.48102827334719
STU_013396,67.13348369718966
STU_013397,99.2468291906026
STU_013398,91.45571293556364
STU_013399,61.64975872081283
STU_013400,66.79217708261025
STU_013401,100.0
STU_013402,78.88025093873944
STU_013403,92.27323372213905
STU_013404,67.3173512647695
STU_013405,77.19058475588298
STU_013406,99.15006706078088
STU_013407,72.63973378640802
STU_013408,67.21616157869525
STU_013409,63.42583547880903
STU_013410,76.71268769128558
STU_013411,72.40906271001388
STU_013412,66.11434878214885
STU_013413,73.5464776067992
STU_013414,90.71998521528343
STU_013415,75.13443751039456
STU_013416,56.899087790652516
STU_013417,77.6970591396968
STU_013418,50.518751083607945
STU_013419,64.84662960140105
STU_013420,95.35335514116298
STU_013421,96.7358912659601
STU_013422,92.7450132491618
STU_013423,63.73278839966663
STU_013424,98.52197992471712
STU_013425,81.1574092015351
STU_013426,57.55639390229446
STU_013427,78.57474615524536
STU_013428,72.01169443727467
STU_013429,92.17941394650754
STU_013430,68.67372061788238
STU_013431,66.62088296738278
STU_013432,80.11505601958709
STU_013433,94.03958371519356
STU_013434,87.7652592045492
STU_013435,92.77351485415663
STU_013436,67.95295784357299
STU_013437,72.63434344777855
STU_013438,82.32748783046625
STU_013439,88.24711924111847
STU_013440,75.65975049401165
STU_013441,97.46464513735732
STU_013442,93.85548837452676
STU_013443,69.02859080425785
STU_013444,82.95629594456582
STU_013445,81.02387019426871
STU_013446,88.97469491616597
STU_013447,84.44770273676497
STU_013448,80.96723887611088
STU_013449,83.53789427193861
STU_013450,90.92016867445534
STU_013451,70.74291989244148
STU_013452,77.559828289557
STU_013453,80.65904082721647
STU_013454,74.02375278180055
STU_013455,96.31465549426423
STU_013456,70.29487761044658
STU_013457,66.51513836624594
STU_013458,75.41546658014454
STU_013459,58.457621034293744
STU_013460,57.1361524623499
STU_013461,73.57512492055157
STU_013462,65.22552084448978
STU_013463,82.9700595434727
STU_013464,55.375132971074805
STU_013465,62.66181870749028
STU_013466,86.31374342777602
STU_013467,68.31289764203127
STU_013468,93.78876728850712
STU_013469,81.48574032149196
STU_013470,90.63099337816115
STU_013471,81.32393303539898
STU_013472,81.82150500597004
STU_013473,68.00014876866945
STU_013474,76.93290820863236
STU_013475,86.90005435520641
STU_013476,78.12340555211078
STU_013477,69.5395369962684
STU_013478,78.53343149594441
STU_013479,71.10129361552855
STU_013480,84.41583284050898
STU_013481,83.18734786985176
STU_013482,82.65908886240157
STU_013483,81.526565226808
STU_013484,87.3401101930875
STU_013485,91.16117880973685
STU_013486,56.876982015703895
STU_013487,77.04072555114172
STU_013488,78.67105072998129
STU_013489,76.57872347244144
STU_013490,74.33784409008841
STU_013491,85.66668939938575
STU_013492,79.06802396784803
STU_013493,68.12834662940732
STU_013494,77.37762389690096
STU_013495,84.99432006855619
STU_013496,83.96723165496341
STU_013497,55.78009079528632
STU_013498,73.93808299498723
STU_013499,83.65661441984898
STU_013500,64.5238380690437
STU_013501,85.58731752995152
STU_013502,79.93222780737281
STU_013503,73.81162847599947
STU_013504,87.23346046893212
STU_013505,73.77391742249723
STU_013506,90.3379847562484
STU_013507,65.43660348623033
STU_013508,79.09771867789088
STU_013509,85.28713409889801
STU_013510,66.84650529463886
STU_013511,84.86686123926799
STU_013512,70.7901547781324
STU_013513,58.06717466526485
STU_013514,84.90345434203631
STU_013515,74.06882950279895
STU_013516,100.0
STU_013517,85.32415448247542
STU_013518,75.25911531470678
STU_013519,99.58809090524551
STU_013520,75.62210826578148
STU_013521,68.54046873852418
STU_013522,66.1917950498624
STU_013523,95.75455794082984
STU_013524,79.83819986813094
STU_013525,76.98589259102339
STU_013526,79.2342269988764
STU_013527,74.8687559717282
STU_013528,54.91480505405933
STU_013529,94.1165932183594
STU_013530,68.95593790764772
STU_013531,90.56364489883921
STU_013532,61.28475878079216
STU_013533,74.79109805119064
STU_013534,85.37992680354256
STU_013535,95.51052230358124
STU_013536,84.85731917397231
STU_013537,77.83407358523316
STU_013538,90.52207285500194
STU_013539,66.74305200158587
STU_013540,99.89240369894601
STU_013541,68.20213310313818
STU_013542,87.17035128719341
STU_013543,72.80125161279885
STU_013544,73.9695067306196
STU_013545,89.84083204386798
STU_013546,93.13611040658989
STU_013547,100.0
STU_013548,83.5097660040376
STU_013549,61.36093860727125
STU_013550,80.94363342230082
STU_013551,70.45816447229305
STU_013552,82.80644094536476
STU_013553,70.83352513381483
STU_013554,78.52589013264563
STU_013555,67.4003452392466
STU_013556,87.24327864685256
STU_013557,74.59893724449047
STU_013558,72.87847122307434
STU_013559,88.63049561315063
STU_013560,51.93238885495935
STU_013561,70.3012605174277
STU_013562,89.5547780861658
STU_013563,86.21266841814636
STU_013564,58.64142809794648
STU_013565,81.43179108799893
STU_013566,71.33734525543694
STU_013567,91.4942655215369
STU_013568,76.98775801489428
STU_013569,78.40678770989582
STU_013570,74.94351943754197
STU_013571,82.48520484189844
STU_013572,64.40768188625084
STU_013573,70.27089415035545
STU_013574,74.1870518800199
STU_013575,64.53339469576673
STU_013576,75.88017425536614
STU_013577,66.76292683990091
STU_013578,69.29192975703295
STU_013579,73.55207315136417
STU_013580,83.71529611188302
STU_013581,63.62035721033894
STU_013582,77.63545027504532
STU_013583,74.32396386848323
STU_013584,76.3960417157293
STU_013585,70.74845805051656
STU_013586,64.74060786918494
STU_013587,94.95153290317562
STU_013588,75.5522867143484
STU_013589,75.30136826986087
STU_013590,83.27379657363699
STU_013591,83.46145493642221
STU_013592,96.53274747036171
STU_013593,92.99918899710399
STU_013594,70.96733422198767
STU_013595,70.43527878210556
STU_013596,82.93145013857827
STU_013597,68.0455959547185
STU_013598,80.50386497145402
STU_013599,76.36181547666794
STU_013600,94.89831079603321
STU_013601,71.75995729489293
STU_013602,67.67440340771824
STU_013603,93.49131522984887
STU_013604,71.74851993313628
STU_013605,92.57518028239268
STU_013606,71.52781055762964
STU_013607,45.18776873072315
STU_013608,76.12670823376207
STU_013609,78.65828499177096
STU_013610,94.8750816783318
STU_013611,88.2706845528593
STU_013612,68.707746670205
STU_013613,77.90866962983773
STU_013614,55.35959291099133
STU_013615,79.14472428750398
STU_013616,80.7750643668844
STU_013617,68.81048000428628
STU_013618,59.506989491313014
STU_013619,72.13536941743556
STU_013620,72.73279572121635
STU_013621,73.37292725115311
STU_013622,64.93726029455817
STU_013623,56.258908467032214
STU_013624,55.07820339921802
STU_013625,81.2899339881244
STU_013626,75.33115862520738
STU_013627,81.75578113651501
STU_013628,94.94039595635036
STU_013629,83.63772669056792
STU_013630,67.73795889284975
STU_013631,70.60121041129992
STU_013632,65.80833937555846
STU_013633,92.06534206697226
STU_013634,63.755499774521745
STU_013635,95.01921905915773
STU_013636,72.92986860588773
STU_013637,81.1185740149485
STU_013638,76.1583077244872
STU_013639,67.55293930011905
STU_013640,79.88245863252124
STU_013641,87.30850128686042
STU_013642,72.50873133834469
STU_013643,85.92362625491367
STU_013644,60.45904208307052
STU_013645,75.73900079370054
STU_013646,85.21237264172079
STU_013647,81.3131382456585
STU_013648,93.74380531027963
STU_013649,74.33433073361518
STU_013650,90.95328003421719
STU_013651,73.39749258656883
STU_013652,68.56157002565575
STU_013653,84.53276784984176
STU_013654,77.68568835041341
STU_013655,74.47620917928633
STU_013656,94.83663160399908
STU_013657,68.1435819112683
STU_013658,89.02938225611098
STU_013659,70.66948614500357
STU_013660,72.48674553682444
STU_013661,82.02365160872563
STU_013662,81.92683904356863
STU_013663,77.05312153935952
STU_013664,90.94144936234386
STU_013665,76.50812931171393
STU_013666,87.33188880333304
STU_013667,64.23326955744668
STU_013668,91.99523636353511
STU_013669,64.58327625056364
STU_013670,84.1940415221267
STU_013671,98.44306692768906
STU_013672,74.75765568115489
STU_013673,94.87753128302788
STU_013674,82.26535630700383
STU_013675,59.55196388961029
STU_013676,77.71790533197071
STU_013677,82.716537523041
STU_013678,77.14360266839451
STU_013679,68.81872030570327
STU_013680,57.636647413914
STU_013681,97.4348111986089
STU_013682,42.66325190149015
STU_013683,58.67875090651134
STU_013684,73.6803910426229
STU_013685,81.14757320402663
STU_013686,90.19189700651725
STU_013687,74.82562281054773
STU_013688,64.79163163592452
STU_013689,97.7803457284096
STU_013690,87.62661279295713
STU_013691,70.22348468495285
STU_013692,67.3165723994157
STU_013693,85.05277011750118
STU_013694,76.36001449871387
STU_013695,71.16435703124877
STU_013696,97.76581432306392
STU_013697,72.0833075199708
STU_013698,65.68436752189987
STU_013699,70.25762884244439
STU_013700,81.15776765168576
STU_013701,81.1090811595201
STU_013702,90.5462036906099
STU_013703,73.61660049698713
STU_013704,82.62485985847829
STU_013705,84.8328431078282
STU_013706,66.0066410820175
STU_013707,68.93891143616511
STU_013708,61.24852085201606
STU_013709,86.8279580063222
STU_013710,77.32955773645358
STU_013711,97.24555303598991
STU_013712,79.52875883218931
STU_013713,71.68990634826395
STU_013714,72.37108410752664
STU_013715,97.60208558439388
STU_013716,68.59800013899823
STU_013717,58.35380927520235
STU_013718,84.60951684519551
STU_013719,72.35350205111129
STU_013720,56.044346030574374
STU_013721,55.90190288003335
STU_013722,82.14415863610479
STU_013723,80.79621634009372
STU_013724,89.33837695177279
STU_013725,65.30047851815236
STU_013726,67.12932644076434
STU_013727,64.25291294788826
STU_013728,89.73248769861613
STU_013729,84.63445609299134
STU_013730,77.91179990220088
STU_013731,90.72039802916511
STU_013732,79.03739185106733
STU_013733,81.7754175518934
STU_013734,57.05325387002004
STU_013735,83.43329019718873
STU_013736,94.8814557811844
STU_013737,88.96607943440027
STU_013738,71.79799375785174
STU_013739,78.82000504949339
STU_013740,80.74515846832679
STU_013741,76.23826346353924
STU_013742,93.88637081764149
STU_013743,91.40717792857261
STU_013744,61.0056837903575
STU_013745,90.65069046333046
STU_013746,86.67597402828056
STU_013747,93.77284423763243
STU_013748,70.50101364141088
STU_013749,93.99828221863673
STU_013750,76.30057110150008
STU_013751,73.26617319899813
STU_013752,79.79456448795216
STU_013753,81.8239927887376
STU_013754,71.37865167715694
STU_013755,73.56815594976126
STU_013756,71.4060363584606
STU_013757,97.66785195394515
STU_013758,94.58526805345548
STU_013759,64.19028609324332
STU_013760,62.13556207427993
STU_013761,91.21106366876502
STU_013762,69.69715491862509
STU_013763,77.35597610444009
STU_013764,67.64932827412838
STU_013765,65.08946971444449
STU_013766,84.82044275488279
STU_013767,86.31578149355522
STU_013768,73.32300582288717
STU_013769,61.51490617388759
STU_013770,86.25548122798138
STU_013771,93.61883506158651
STU_013772,69.90653265348993
STU_013773,75.37208174500405
STU_013774,73.93149280029945
STU_013775,76.62258652211484
STU_013776,61.400599701414976
STU_013777,74.30829546184776
STU_013778,88.72662789241475
STU_013779,98.6100000633002
STU_013780,70.73256971222878
STU_013781,58.58828079896456
STU_013782,76.16431856975835
STU_013783,82.32519791267305
STU_013784,77.81987383652245
STU_013785,72.50469809594331
STU_013786,74.36305821535655
STU_013787,92.17919426749245
STU_013788,66.11465466771668
STU_013789,88.9966312567496
STU_013790,68.33104979886772
STU_013791,85.63389193170235
STU_013792,100.0
STU_013793,75.4669174218531
STU_013794,79.61888212438208
STU_013795,81.24070324614773
STU_013796,74.8561852719092
STU_013797,87.68905631010672
STU_013798,64.84074660237627
STU_013799,80.37851160381179
STU_013800,84.15830779525817
STU_013801,98.26864664640418
STU_013802,83.99987441930585
STU_013803,77.3417525674135
STU_013804,70.52577161428006
STU_013805,93.73726115053928
STU_013806,74.79961693525698
STU_013807,75.70016594459409
STU_013808,77.74423302714433
STU_013809,77.63414437614227
STU_013810,82.68117526905537
STU_013811,72.50950315176689
STU_013812,76.20193347188263
STU_013813,76.57981144010196
STU_013814,64.62866123844516
STU_013815,79.44581405426555
STU_013816,70.36772032925256
STU_013817,80.41759823449914
STU_013818,53.526240204853565
STU_013819,81.19662351048916
STU_013820,76.04366953137301
STU_013821,78.5219887910549
STU_013822,93.78061473288587
STU_013823,90.14556903985672
STU_013824,74.70004074399684
STU_013825,63.45276351339261
STU_013826,83.63986077736774
STU_013827,83.52533830245605
STU_013828,86.89036807848665
STU_013829,79.31166013514661
STU_013830,82.55590293871431
STU_013831,80.7228441942509
STU_013832,91.6547055215507
STU_013833,83.34354603423658
STU_013834,68.20423645684667
STU_013835,84.4986654539627
STU_013836,67.50000785545902
STU_013837,92.24750121669976
STU_013838,53.70211080063595
STU_013839,65.23750115890991
STU_013840,63.6467098232387
STU_013841,99.97217587525199
STU_013842,83.10915555053029
STU_013843,75.96732602459409
STU_013844,71.59320423105605
STU_013845,89.1373276979334
STU_013846,88.26657521288948
STU_013847,47.522830549839135
STU_013848,100.0
STU_013849,60.40175117921669
STU_013850,78.37724781818883
STU_013851,66.88390920072132
STU_013852,81.14576265921131
STU_013853,67.79783281420862
STU_013854,85.83840540117919
STU_013855,73.04228029558877
STU_013856,67.62177019236746
STU_013857,79.53355825446089
STU_013858,86.59838037246507
STU_013859,80.19719015546153
STU_013860,74.53027638284765
STU_013861,74.34434403342298
STU_013862,81.20974673542837
STU_013863,81.34879759012041
STU_013864,70.0165734042013
STU_013865,91.66215853192166
STU_013866,54.13014838865929
STU_013867,73.73254007339
STU_013868,92.67168420731036
STU_013869,73.84779420171284
STU_013870,51.28910921061599
STU_013871,76.42195213430192
STU_013872,98.9162826115542
STU_013873,69.00189172365884
STU_013874,71.48084181265028
STU_013875,64.62815464372314
STU_013876,79.03932444410746
STU_013877,66.45510885270609
STU_013878,63.30331671360852
STU_013879,63.30131137738078
STU_013880,95.26193097463434
STU_013881,74.34023796632819
STU_013882,82.70027194010481
STU_013883,75.65172538584622
STU_013884,81.98983391200993
STU_013885,92.84397972316896
STU_013886,86.09269666830882
STU_013887,76.17694734086766
STU_013888,79.79760949778981
STU_013889,78.91031675983157
STU_013890,93.92909794305369
STU_013891,90.94342037697608
STU_013892,76.05582175465848
STU_013893,61.77444299545681
STU_013894,94.15837234613711
STU_013895,58.380336279458085
STU_013896,91.03455533825125
STU_013897,78.983484924799
STU_013898,85.61943279323685
STU_013899,84.87461023915695
STU_013900,66.99317644198975
STU_013901,87.33524730832835
STU_013902,72.43118360063184
STU_013903,72.42284648738976
STU_013904,68.5778783165145
STU_013905,86.82745080481891
STU_013906,78.25412276747679
STU_013907,63.64563793453584
STU_013908,70.58704043566621
STU_013909,88.33264071050442
STU_013910,60.64705326832856
STU_013911,84.11735890228022
STU_013912,81.93913867551444
STU_013913,76.39957002077773
STU_013914,65.08295454116569
STU_013915,75.37408082811021
STU_013916,95.17214938218021
STU_013917,58.11383117266363
STU_013918,58.588250923334
STU_013919,76.97910101434005
STU_013920,80.35871897233751
STU_013921,64.76618174157969
STU_013922,94.37991958031176
STU_013923,88.66782645034303
STU_013924,84.77490675125853
STU_013925,72.34323838079402
STU_013926,84.75309700086055
STU_013927,95.43435957621264
STU_013928,44.07636665986028
STU_013929,66.89164571599633
STU_013930,70.947958538617
STU_013931,61.838303098704365
STU_013932,69.27049986964164
STU_013933,57.62719659286454
STU_013934,69.78423335509501
STU_013935,78.01489366217444
STU_013936,87.30601917926187
STU_013937,81.55631706625218
STU_013938,76.9503626295172
STU_013939,69.34330185261622
STU_013940,67.60180972643417
STU_013941,67.90433434362487
STU_013942,100.0
STU_013943,68.03081563648645
STU_013944,88.75405941328364
STU_013945,79.33807852909409
STU_013946,97.08569853478112
STU_013947,77.70125406096025
STU_013948,78.41898438560014
STU_013949,50.584887234054264
STU_013950,79.82704180346026
STU_013951,60.58783175904819
STU_013952,94.12735728164178
STU_013953,77.49511108324484
STU_013954,51.43892174904561
STU_013955,66.9108838235449
STU_013956,80.31306357828021
STU_013957,79.01821151028977
STU_013958,72.46537437784619
STU_013959,73.74913476460003
STU_013960,81.01498397443177
STU_013961,68.42506815499573
STU_013962,67.6542545779145
STU_013963,71.35286570564072
STU_013964,76.0216521559893
STU_013965,62.25479764874602
STU_013966,73.70661307533697
STU_013967,70.77740055937781
STU_013968,92.159795916052
STU_013969,55.746989704031336
STU_013970,90.37350159323825
STU_013971,67.63320590214092
STU_013972,72.67335522129
STU_013973,74.44732257260033
STU_013974,92.28388416720222
STU_013975,82.47794035763494
STU_013976,71.46837217168472
STU_013977,83.3133884578636
STU_013978,96.1616568141145
STU_013979,85.16343754951458
STU_013980,76.24547244390024
STU_013981,78.30564451579515
STU_013982,74.2889861900989
STU_013983,80.08631871045432
STU_013984,72.84140336969693
STU_013985,83.37084310346697
STU_013986,66.84482172350532
STU_013987,90.94727639128484
STU_013988,77.3238366142946
STU_013989,67.41834269181453
STU_013990,71.23984393758138
STU_013991,79.0312376299494
STU_013992,79.37108438002792
STU_013993,77.64641378047142
STU_013994,80.89924284082068
STU_013995,60.3032226172018
STU_013996,76.85316743702242
STU_013997,91.20886198668785
STU_013998,69.39528046821064
STU_013999,72.23596034903073
STU_014000,78.4344901365537
STU_014001,69.72478517947059
STU_014002,64.50992666987024
STU_014003,69.74972131254347
STU_014004,64.46679209452054
STU_014005,72.10427845468143
STU_014006,71.57595438626282
STU_014007,84.11568955111517
STU_014008,65.02432595569525
STU_014009,98.62947369583924
STU_014010,75.17522523068257
STU_014011,79.51439253524389
STU_014012,93.68154986280194
STU_014013,48.34773038074594
STU_014014,83.41743428922811
STU_014015,85.63601788037798
STU_014016,71.03422455751938
STU_014017,78.08163061112394
STU_014018,76.41793941033971
STU_014019,87.55171448195857
STU_014020,82.77232337657779
STU_014021,88.6515509545428
STU_014022,77.76153642688728
STU_014023,69.73300918328233
STU_014024,78.34496897066388
STU_014025,81.03819071469242
STU_014026,71.58931048158433
STU_014027,100.0
STU_014028,83.5535403660656
STU_014029,76.23683227798259
STU_014030,83.87286266589591
STU_014031,76.99605303408974
STU_014032,75.32638781387382
STU_014033,78.60868055129752
STU_014034,90.87053523530923
STU_014035,91.2452697587578
STU_014036,53.63599567555874
STU_014037,60.53535894778523
STU_014038,81.41516383281149
STU_014039,85.72583901434399
STU_014040,73.34647518868292
STU_014041,73.90698706982575
STU_014042,67.32842278936012
STU_014043,73.13352872948073
STU_014044,100.0
STU_014045,80.50603626593657
STU_014046,69.89146386288567
STU_014047,88.35294965405897
STU_014048,66.06032709340323
STU_014049,83.851791440865
STU_014050,77.31586416348101
STU_014051,75.19665376716863
STU_014052,82.06917312539017
STU_014053,90.07182860739951
STU_014054,87.71127002188257
STU_014055,100.0
STU_014056,75.88383842837284
STU_014057,66.03754126776698
STU_014058,74.10309975976975
STU_014059,57.68049466472409
STU_014060,75.10678214670946
STU_014061,73.38473345604194
STU_014062,87.90225569311261
STU_014063,69.60081247786924
STU_014064,68.66830759860156
STU_014065,62.04064972828167
STU_014066,50.99660934708541
STU_014067,94.2975775467282
STU_014068,73.29905022572194
STU_014069,78.34815709000553
STU_014070,81.76593420600182
STU_014071,47.54037156348773
STU_014072,73.85281710537797
STU_014073,81.26222139837478
STU_014074,73.1604202944947
STU_014075,70.64729489324256
STU_014076,72.43950432383369
STU_014077,61.858021935060364
STU_014078,63.983061822186116
STU_014079,85.80939758155135
STU_014080,87.11303202018556
STU_014081,98.14143043650995
STU_014082,80.99473895578207
STU_014083,65.66285678573209
STU_014084,75.11601375378875
STU_014085,96.28915246642262
STU_014086,57.10803585134519
STU_014087,73.80666567933052
STU_014088,76.21375209735086
STU_014089,72.313954376727
STU_014090,66.80821214011803
STU_014091,86.63059863716018
STU_014092,68.00046163979627
STU_014093,74.00424292686282
STU_014094,61.50939209543574
STU_014095,81.35124988754195
STU_014096,82.23361812464482
STU_014097,89.40250998092961
STU_014098,77.49544965264737
STU_014099,80.26532775411022
STU_014100,70.9062063730444
STU_014101,78.41203266252349
STU_014102,81.26207718191694
STU_014103,70.59460427070688
STU_014104,93.92825477864966
STU_014105,51.14575994649827
STU_014106,66.16151407658084
STU_014107,85.5145148490289
STU_014108,82.22048971848162
STU_014109,80.78567577677794
STU_014110,85.02766135587964
STU_014111,86.47079659142307
STU_014112,63.81087932806552
STU_014113,59.55217803944769
STU_014114,67.8430180872785
STU_014115,77.44242770526779
STU_014116,98.04233157398832
STU_014117,68.55681855354555
STU_014118,92.24114793804115
STU_014119,72.14444149414994
STU_014120,67.97003434113331
STU_014121,66.33665591663885
STU_014122,61.02449124376006
STU_014123,57.44092435178527
STU_014124,62.85586439725837
STU_014125,85.30790018483887
STU_014126,64.93229886566243
STU_014127,72.16819028278015
STU_014128,62.20147906543241
STU_014129,88.25452362401204
STU_014130,82.90134702266775
STU_014131,88.57199090250182
STU_014132,79.11366063254437
STU_014133,75.11601610038747
STU_014134,46.920594721422276
STU_014135,75.36459145456273
STU_014136,73.32497610759806
STU_014137,95.78760583667002
STU_014138,56.77656213492187
STU_014139,78.03020226599362
STU_014140,76.44509528977855
STU_014141,87.82978925487046
STU_014142,78.39194380827543
STU_014143,78.74296354529162
STU_014144,98.43171313932743
STU_014145,69.42793287756328
STU_014146,95.18439969912983
STU_014147,82.67209433355391
STU_014148,87.57403621376132
STU_014149,81.48024494554596
STU_014150,64.73650138242873
STU_014151,95.91737909421371
STU_014152,87.2470395554263
STU_014153,59.12313594351467
STU_014154,76.94112294310453
STU_014155,72.73869484544628
STU_014156,93.97128027474588
STU_014157,81.07552614680446
STU_014158,77.66805583891446
STU_014159,78.66834881996489
STU_014160,91.81768120745458
STU_014161,83.38692918513117
STU_014162,92.90016197222397
STU_014163,76.70161022117546
STU_014164,58.22579306407123
STU_014165,96.5464694199586
STU_014166,71.16863202820221
STU_014167,79.69229461574074
STU_014168,72.77457502463119
STU_014169,66.51379575150658
STU_014170,81.47921534862115
STU_014171,87.18939605341373
STU_014172,81.93854780502953
STU_014173,69.40162341945734
STU_014174,81.17588025969266
STU_014175,84.25354665741402
STU_014176,69.49229038389035
STU_014177,75.16782867429154
STU_014178,75.09125596629833
STU_014179,86.17334960607367
STU_014180,79.72969269505039
STU_014181,79.56284901749169
STU_014182,90.33984151035298
STU_014183,67.05766219400796
STU_014184,87.59106684331711
STU_014185,77.1660121167793
STU_014186,94.09290591438938
STU_014187,92.21651059505233
STU_014188,72.42136975532426
STU_014189,70.63332319852978
STU_014190,70.54635813903441
STU_014191,69.5788917323701
STU_014192,64.04123444207421
STU_014193,82.0237283269069
STU_014194,70.97989233470327
STU_014195,69.4637191101556
STU_014196,83.81478858204085
STU_014197,65.55839899442714
STU_014198,70.80941746313451
STU_014199,63.45007507889818
STU_014200,74.56592331052494
STU_014201,75.88274052579355
STU_014202,85.0188041304412
STU_014203,68.4230130445057
STU_014204,89.55688820310661
STU_014205,71.22276582273486
STU_014206,74.0470836986959
STU_014207,77.23084382775608
STU_014208,72.94008674087706
STU_014209,70.55956821819888
STU_014210,92.02401335122002
STU_014211,75.91642387626204
STU_014212,99.75755197466721
STU_014213,77.05004648996842
STU_014214,69.80551005297569
STU_014215,71.06793409204826
STU_014216,73.70212385720907
STU_014217,83.48412156427736
STU_014218,100.0
STU_014219,69.9821201330036
STU_014220,74.74468638604083
STU_014221,81.28073053509321
STU_014222,78.8223581308863
STU_014223,86.0610086726565
STU_014224,95.1185145680358
STU_014225,75.35111750567123
STU_014226,61.84363671208504
STU_014227,74.73811573498588
STU_014228,64.13375972393456
STU_014229,89.88372936369197
STU_014230,91.17939094776153
STU_014231,80.7617790774286
STU_014232,74.58376302745233
STU_014233,59.85762899688102
STU_014234,100.0
STU_014235,77.08479988294722
STU_014236,70.97801207584354
STU_014237,86.95533666409497
STU_014238,55.591195650725936
STU_014239,92.51464598068468
STU_014240,77.0636844826035
STU_014241,83.1288814843774
STU_014242,89.33213743379325
STU_014243,62.66371129808492
STU_014244,74.89440424959847
STU_014245,82.0155128397319
STU_014246,76.7526980341641
STU_014247,64.71291809701827
STU_014248,91.76257361333704
STU_014249,78.62845408549767
STU_014250,79.91558341780204
STU_014251,82.88355163194736
STU_014252,72.66063007676223
STU_014253,91.14456390021854
STU_014254,72.69165906512696
STU_014255,96.3869149199434
STU_014256,68.05859699885497
STU_014257,74.22856118851317
STU_014258,85.31977435738955
STU_014259,68.83283720509547
STU_014260,83.65096864370753
STU_014261,85.27877806134066
STU_014262,79.69444108121485
STU_014263,62.91518184232996
STU_014264,88.00425299024963
STU_014265,68.89524130010416
STU_014266,79.88496928977665
STU_014267,95.37572680060005
STU_014268,91.13638147423852
STU_014269,71.20098983337598
STU_014270,77.54982465943694
STU_014271,62.32904127354368
STU_014272,68.87453175647293
STU_014273,69.21291478039565
STU_014274,68.94054881948152
STU_014275,81.98430607921607
STU_014276,64.79179846713649
STU_014277,91.50428130892952
STU_014278,61.37481465178527
STU_014279,95.01706313821583
STU_014280,62.271704612789996
STU_014281,88.43921684254987
STU_014282,67.35834793315553
STU_014283,59.12126892947618
STU_014284,80.99921773343327
STU_014285,91.74821768243652
STU_014286,66.58078074030578
STU_014287,81.48882457933475
STU_014288,49.69284163430014
STU_014289,74.36347927142216
STU_014290,76.86022301052857
STU_014291,70.92961611391154
STU_014292,79.5618489747174
STU_014293,74.9544150627205
STU_014294,70.36154130322151
STU_014295,68.7780810258764
STU_014296,65.26061158719178
STU_014297,60.703247168084054
STU_014298,74.75984144645174
STU_014299,76.79050045617238
STU_014300,88.21051600114565
STU_014301,57.72286730680813
STU_014302,100.0
STU_014303,94.62506809620996
STU_014304,60.88993689468692
STU_014305,78.95906247373446
STU_014306,72.87042961669674
STU_014307,100.0
STU_014308,71.64574586456077
STU_014309,93.17321675901906
STU_014310,72.00201677988936
STU_014311,98.53762599058194
STU_014312,78.8143726488909
STU_014313,74.82125538263006
STU_014314,69.64979088028555
STU_014315,79.47431593796726
STU_014316,75.00543122614927
STU_014317,69.9619162159114
STU_014318,78.38404800299944
STU_014319,67.72417838620552
STU_014320,75.83965134138094
STU_014321,65.45543000441393
STU_014322,91.08859615459626
STU_014323,84.498191174897
STU_014324,84.63991384287274
STU_014325,81.39734093478026
STU_014326,84.52392698683917
STU_014327,71.28845942328395
STU_014328,59.74985513663661
STU_014329,94.40944820517952
STU_014330,57.804397181858064
STU_014331,63.31260936380509
STU_014332,60.435677802069826
STU_014333,63.38070795104736
STU_014334,89.89966981497912
STU_014335,80.8845980626458
STU_014336,89.8094379875794
STU_014337,81.00820683754947
STU_014338,66.57405134723496
STU_014339,66.8198982342045
STU_014340,67.5924598563812
STU_014341,90.47299569140446
STU_014342,62.3072987635215
STU_014343,72.17647745588619
STU_014344,52.80013411337983
STU_014345,78.33693734279515
STU_014346,88.41986999346534
STU_014347,67.44637019614854
STU_014348,75.25045758191357
STU_014349,66.83891019550714
STU_014350,71.8555391014973
STU_014351,79.41139780759043
STU_014352,87.28955726190661
STU_014353,91.90587178628883
STU_014354,87.2805150135351
STU_014355,65.92132761594729
STU_014356,52.842747726642685
STU_014357,82.58016699666149
STU_014358,58.0800809689777
STU_014359,78.19425469394193
STU_014360,63.24834898380963
STU_014361,69.2360102685936
STU_014362,99.16752743702888
STU_014363,46.66564042307921
STU_014364,84.70942184023943
STU_014365,65.040369459105
STU_014366,75.89456785508317
STU_014367,71.35990894553422
STU_014368,87.80225470180434
STU_014369,89.83768283675278
STU_014370,95.68388004498611
STU_014371,77.13348817035512
STU_014372,87.42377946040173
STU_014373,65.93223869808841
STU_014374,80.08127527905475
STU_014375,80.259506630065
STU_014376,92.4345372974584
STU_014377,80.16053553159902
STU_014378,94.86173166932932
STU_014379,79.51114671538272
STU_014380,83.23643376796475
STU_014381,48.951145329022545
STU_014382,75.81747465660045
STU_014383,73.91226446706898
STU_014384,87.04491461448262
STU_014385,91.01115918846548
STU_014386,63.746416863982034
STU_014387,76.85969764400599
STU_014388,70.37273861142778
STU_014389,75.51588478628074
STU_014390,72.94808852599758
STU_014391,54.31927027855379
STU_014392,83.98749514651303
STU_014393,86.78616058959422
STU_014394,80.66981653754475
STU_014395,94.58709184566183
STU_014396,91.6712638872746
STU_014397,83.74057960471643
STU_014398,100.0
STU_014399,77.91022884020808
STU_014400,95.984419309936
STU_014401,81.79837447421754
STU_014402,78.41920774684989
STU_014403,77.43747917774162
STU_014404,79.10924311247054
STU_014405,69.13732287002698
STU_014406,81.52726023615024
STU_014407,99.09045301193858
STU_014408,60.60367546354262
STU_014409,64.73797082568161
STU_014410,71.88642430955495
STU_014411,67.74884050557199
STU_014412,76.0077334252518
STU_014413,85.97889937437635
STU_014414,66.07221309219818
STU_014415,75.25318441385303
STU_014416,77.9743196932762
STU_014417,94.17807976659066
STU_014418,90.38110581932371
STU_014419,57.378588048962506
STU_014420,89.40446447455645
STU_014421,92.56687828975896
STU_014422,71.09514077033361
STU_014423,92.6908372878676
STU_014424,82.94657341111775
STU_014425,98.93587284196474
STU_014426,70.47093212779114
STU_014427,82.62910390725287
STU_014428,94.79651992122056
STU_014429,94.66695549229827
STU_014430,60.22571560572555
STU_014431,63.586242747915726
STU_014432,68.82041677150642
STU_014433,63.735359872220336
STU_014434,76.3535616546093
STU_014435,95.35301269211986
STU_014436,58.87020017189582
STU_014437,70.88697350813109
STU_014438,75.19749704390648
STU_014439,85.33890234988148
STU_014440,51.28905294528353
STU_014441,62.30456833416838
STU_014442,76.39842469480533
STU_014443,63.672345167014534
STU_014444,56.05065864523776
STU_014445,69.7705883930395
STU_014446,72.43224035370463
STU_014447,92.73175244421665
STU_014448,63.98323874677099
STU_014449,50.95550853818899
STU_014450,75.05360705424457
STU_014451,88.19615653366267
STU_014452,92.09359184519899
STU_014453,100.0
STU_014454,89.92314696514735
STU_014455,88.03350345057316
STU_014456,80.90353829318786
STU_014457,63.30200992043035
STU_014458,66.6701357378562
STU_014459,76.8474155841192
STU_014460,99.32378407550651
STU_014461,89.9021380141108
STU_014462,83.3721721188939
STU_014463,81.28896541230917
STU_014464,80.18049565750437
STU_014465,90.28617914100315
STU_014466,69.35572827067935
STU_014467,79.66165143842095
STU_014468,71.32061435366779
STU_014469,87.79970436568809
STU_014470,74.95896869933864
STU_014471,80.01980628714762
STU_014472,68.35504570262225
STU_014473,74.14117725620726
STU_014474,88.41541484000344
STU_014475,68.48342149929559
STU_014476,69.98095859289357
STU_014477,90.70743271561129
STU_014478,84.08886164710793
STU_014479,96.47969202064668
STU_014480,74.59222944689262
STU_014481,85.88911986883502
STU_014482,58.40280987768297
STU_014483,92.36855852762426
STU_014484,50.605425758661
STU_014485,82.37691209711802
STU_014486,91.1323633511611
STU_014487,82.54402280251908
STU_014488,74.99630517276583
STU_014489,56.142017538411
STU_014490,89.19048765736842
STU_014491,85.61442105410953
STU_014492,78.53134131337372
STU_014493,63.80946405735804
STU_014494,84.52291361627034
STU_014495,74.30797863802964
STU_014496,77.77156029072826
STU_014497,71.63198899464162
STU_014498,85.63163641774781
STU_014499,79.70724965016207
STU_014500,70.31276183231557
STU_014501,71.9659930719495
STU_014502,73.79586106589466
STU_014503,73.81502266323322
STU_014504,99.12851539632308
STU_014505,76.17852679314095
STU_014506,75.80845732951855
STU_014507,76.63813845376612
STU_014508,66.98385450251992
STU_014509,76.21100925163267
STU_014510,62.65629167064941
STU_014511,81.85779337905203
STU_014512,76.10449149783432
STU_014513,80.42249257979032
STU_014514,84.4724542241849
STU_014515,76.94929768790531
STU_014516,79.1351082814885
STU_014517,80.17068828839727
STU_014518,75.74807087599311
STU_014519,60.22358147182406
STU_014520,78.39261856485965
STU_014521,89.42995664457519
STU_014522,66.82079754579158
STU_014523,91.84827537883078
STU_014524,92.01944862048259
STU_014525,69.33006383482609
STU_014526,82.22513861318834
STU_014527,53.94597388147517
STU_014528,70.16283574651426
STU_014529,88.40736470617507
STU_014530,70.28904217196366
STU_014531,79.03081208515931
STU_014532,91.26901833767067
STU_014533,99.34961741144892
STU_014534,95.04538214889541
STU_014535,92.38682608749775
STU_014536,84.96401782853614
STU_014537,76.7243774564935
STU_014538,67.91988350816
STU_014539,75.86982579231551
STU_014540,58.60288474207272
STU_014541,86.2099749726907
STU_014542,62.03002990325941
STU_014543,82.2164972826283
STU_014544,69.95809155116845
STU_014545,60.126817884203184
STU_014546,63.81730179289873
STU_014547,65.1756343098591
STU_014548,94.67126734310615
STU_014549,92.55695792276896
STU_014550,81.89488673802731
STU_014551,70.31177522999589
STU_014552,69.57419704216628
STU_014553,84.66386671618625
STU_014554,73.65091536896229
STU_014555,72.46074343231477
STU_014556,92.93903518433461
STU_014557,78.45936631807345
STU_014558,62.88715878562118
STU_014559,86.55581842457502
STU_014560,92.17478513523822
STU_014561,75.05087995520955
STU_014562,69.62099074253902
STU_014563,75.24914618692237
STU_014564,94.74038714054834
STU_014565,67.10153347311635
STU_014566,87.52507742479062
STU_014567,71.88208910179702
STU_014568,68.38381910414705
STU_014569,76.39530612662094
STU_014570,60.949339788083876
STU_014571,69.94628382146671
STU_014572,70.28306074280825
STU_014573,81.1862748226551
STU_014574,66.83410063498458
STU_014575,61.06648774455696
STU_014576,70.84201164208153
STU_014577,64.80656541539605
STU_014578,60.43629378530106
STU_014579,76.30034114182912
STU_014580,85.81785972523943
STU_014581,88.9038752239034
STU_014582,80.76342059532871
STU_014583,70.151893167974
STU_014584,84.50339158491086
STU_014585,75.6232815226231
STU_014586,83.38210354478541
STU_014587,61.24804269695525
STU_014588,83.11200846997589
STU_014589,60.944590972119784
STU_014590,68.64843079065622
STU_014591,86.71405833196656
STU_014592,71.79001097639915
STU_014593,92.59976191969724
STU_014594,94.00970393060214
STU_014595,61.839757794061725
STU_014596,99.68621169492357
STU_014597,73.75424569325966
STU_014598,62.081322603512966
STU_014599,78.68431644598851
STU_014600,66.15567759317778
STU_014601,79.81034090408866
STU_014602,91.94424631216125
STU_014603,59.89527045934109
STU_014604,88.25927154585516
STU_014605,95.68637108661248
STU_014606,58.31683079355261
STU_014607,78.59346649029581
STU_014608,66.64386650216886
STU_014609,79.11397622950152
STU_014610,80.3033957340873
STU_014611,79.57183435112799
STU_014612,60.41818737625772
STU_014613,73.79691207725439
STU_014614,89.30313597397543
STU_014615,77.357272121053
STU_014616,94.15877220429839
STU_014617,64.8862817550852
STU_014618,87.3434396972509
STU_014619,79.6576952311743
STU_014620,84.58449541517672
STU_014621,66.712091890472
STU_014622,92.9677922752905
STU_014623,76.01443933001728
STU_014624,84.23655116314643
STU_014625,74.0718388264664
STU_014626,88.90825581359121
STU_014627,66.63711349120867
STU_014628,69.37381168018327
STU_014629,83.30902593758177
STU_014630,75.12839485260375
STU_014631,61.55828501200159
STU_014632,75.8739142169381
STU_014633,71.9320938088402
STU_014634,92.37584167836307
STU_014635,64.80270226415398
STU_014636,48.64249319292242
STU_014637,86.09922729592874
STU_014638,70.40496862313309
STU_014639,77.3262830573741
STU_014640,72.43174455363663
STU_014641,62.058819205354446
STU_014642,93.37523602058769
STU_014643,61.950375825379304
STU_014644,90.49596551822133
STU_014645,78.75151747089495
STU_014646,89.9236403211158
STU_014647,88.48646979729563
STU_014648,74.98110420803383
STU_014649,92.51202120433624
STU_014650,68.6227125173016
STU_014651,66.8419558230236
STU_014652,87.47848660892481
STU_014653,80.03764278572986
STU_014654,88.75825212896004
STU_014655,53.427375626044565
STU_014656,69.36921662265613
STU_014657,60.562592673446105
STU_014658,79.80360537720063
STU_014659,70.7477152317893
STU_014660,71.55193832633823
STU_014661,59.50121930269384
STU_014662,73.68387381741566
STU_014663,74.67033671962544
STU_014664,57.87684876902139
STU_014665,76.14766705321337
STU_014666,88.29439836410765
STU_014667,81.72097780472426
STU_014668,65.75540090069666
STU_014669,82.01932631751325
STU_014670,96.83458743645713
STU_014671,77.801442834758
STU_014672,87.76120368199052
STU_014673,93.76959436017185
STU_014674,94.0761852916487
STU_014675,83.67266250860253
STU_014676,74.10929173846327
STU_014677,72.16597339951403
STU_014678,67.9290201748977
STU_014679,65.64008304000333
STU_014680,54.320281842498204
STU_014681,88.7596705671415
STU_014682,54.09268511204666
STU_014683,68.10623513260234
STU_014684,62.385018503055356
STU_014685,71.80983952805676
STU_014686,80.42318800324671
STU_014687,84.51291173330907
STU_014688,93.93381524700189
STU_014689,68.80904169286637
STU_014690,63.6729123140053
STU_014691,86.55308711650189
STU_014692,90.74143778723193
STU_014693,75.0114181163575
STU_014694,76.03443658051087
STU_014695,100.0
STU_014696,47.54897026497907
STU_014697,70.11545231266601
STU_014698,91.41843725062303
STU_014699,71.06703303351111
STU_014700,86.94323054982182
STU_014701,67.77669697545753
STU_014702,88.36585512022026
STU_014703,82.60238714460473
STU_014704,89.64725950588821
STU_014705,81.36228234909179
STU_014706,84.63338355751014
STU_014707,91.79054244744508
STU_014708,95.82848626005529
STU_014709,78.95103321977547
STU_014710,56.82092070659766
STU_014711,72.1481480254819
STU_014712,80.1012673492631
STU_014713,43.728950571132444
STU_014714,80.66678559982202
STU_014715,73.56345318870859
STU_014716,70.23549251621283
STU_014717,62.51201610846681
STU_014718,60.174602303551936
STU_014719,90.62726943033283
STU_014720,83.60113399219371
STU_014721,58.9714324946868
STU_014722,70.32178795040336
STU_014723,92.90711418205406
STU_014724,90.76957330206872
STU_014725,70.97660372765469
STU_014726,71.93159606336025
STU_014727,63.14647005467671
STU_014728,90.82105765298101
STU_014729,81.34055427597379
STU_014730,57.7731963359102
STU_014731,68.76688341325698
STU_014732,72.96017400384942
STU_014733,76.73280395302825
STU_014734,60.90551536130146
STU_014735,99.11310628416878
STU_014736,78.11192207564586
STU_014737,77.05053441756621
STU_014738,70.88225808743529
STU_014739,85.21878249247162
STU_014740,80.08096687539945
STU_014741,81.04330532632538
STU_014742,93.97502180889705
STU_014743,95.450652742482
STU_014744,70.86585302446386
STU_014745,85.23404952751639
STU_014746,46.640965847404864
STU_014747,73.85207644523021
STU_014748,97.54342154303775
STU_014749,93.67464095724138
STU_014750,82.61472498302356
STU_014751,89.79906795528427
STU_014752,79.76692301562606
STU_014753,60.29221113158183
STU_014754,98.12256818770584
STU_014755,67.430675868305
STU_014756,72.98952593290237
STU_014757,73.56382621724897
STU_014758,97.27937963449189
STU_014759,72.16913996104908
STU_014760,78.78727616069781
STU_014761,75.56558386135634
STU_014762,100.0
STU_014763,81.36698428735727
STU_014764,100.0
STU_014765,81.78502849949592
STU_014766,78.47813500815778
STU_014767,67.49318455753244
STU_014768,66.44071628072956
STU_014769,93.21495261864638
STU_014770,77.01582907954116
STU_014771,72.06919527941938
STU_014772,75.21443127155746
STU_014773,86.52798746853861
STU_014774,89.48556852399759
STU_014775,81.82668131078208
STU_014776,77.58632833049951
STU_014777,81.69481683482056
STU_014778,80.9048244198627
STU_014779,83.51242211011112
STU_014780,62.62602143125456
STU_014781,89.72616172552922
STU_014782,86.21141848625987
STU_014783,92.62299205652742
STU_014784,95.44256064591923
STU_014785,83.67435823554277
STU_014786,79.25519560643579
STU_014787,75.7968941576118
STU_014788,91.9015545869885
STU_014789,76.47782248091627
STU_014790,79.55556569620757
STU_014791,70.08335075799724
STU_014792,61.98433959658642
STU_014793,68.60235458057555
STU_014794,64.71457678302599
STU_014795,77.89630429101388
STU_014796,76.9262466368589
STU_014797,74.66110646272757
STU_014798,88.02302317118817
STU_014799,88.5044418567909
STU_014800,85.66547631309949
STU_014801,87.68144292656314
STU_014802,65.68766078882321
STU_014803,85.91145090210193
STU_014804,79.41984119354002
STU_014805,71.2244975373871
STU_014806,75.05945862847355
STU_014807,71.92613870513134
STU_014808,75.41356915894698
STU_014809,52.84388712024218
STU_014810,89.0998002524853
STU_014811,96.4303337793958
STU_014812,73.32926649326045
STU_014813,66.97326976728424
STU_014814,67.78229661702781
STU_014815,62.70312262536078
STU_014816,83.52312246834143
STU_014817,88.50865433166314
STU_014818,59.45010541417673
STU_014819,82.94693295091558
STU_014820,73.67816640079025
STU_014821,64.80605085569567
STU_014822,93.77217664359677
STU_014823,68.09711748544626
STU_014824,90.78876693529952
STU_014825,78.74410926270266
STU_014826,93.04526804966883
STU_014827,60.49324294872997
STU_014828,75.18271064260838
STU_014829,76.71307303328037
STU_014830,87.11707431666434
STU_014831,86.60235199871765
STU_014832,63.75135660237892
STU_014833,63.67388723356005
STU_014834,80.09651438454523
STU_014835,78.73534417137382
STU_014836,86.18174781864974
STU_014837,73.90864682864986
STU_014838,73.69258624919625
STU_014839,82.64391397844517
STU_014840,83.38112313292109
STU_014841,97.9943683581004
STU_014842,58.53505740187671
STU_014843,75.50562023892113
STU_014844,95.41231018893892
STU_014845,68.62853263156319
STU_014846,87.26650802374576
STU_014847,79.57885370441812
STU_014848,55.8356705599747
STU_014849,62.74863913663815
STU_014850,74.46707147555375
STU_014851,81.0581105322071
STU_014852,84.73105581616576
STU_014853,72.02703930830785
STU_014854,67.09485471967714
STU_014855,76.46020100696688
STU_014856,72.33651708798251
STU_014857,77.53893316224566
STU_014858,67.5335826261623
STU_014859,85.60966943898767
STU_014860,46.75839051244727
STU_014861,86.43999817214083
STU_014862,95.42285896583115
STU_014863,69.285361448044
STU_014864,82.70910552280114
STU_014865,73.26591301670081
STU_014866,74.37514629599161
STU_014867,71.44697826782452
STU_014868,98.32492899284273
STU_014869,97.7024281428716
STU_014870,72.15555047495133
STU_014871,78.77782003065516
STU_014872,85.76003310834592
STU_014873,67.2524597318267
STU_014874,75.83824825143547
STU_014875,83.71837976898033
STU_014876,57.281504556466714
STU_014877,68.65245542102005
STU_014878,63.76052778385777
STU_014879,81.69167555312981
STU_014880,82.66774959341944
STU_014881,80.6260103466766
STU_014882,70.29031834586692
STU_014883,81.25175341997016
STU_014884,70.08357170036092
STU_014885,80.21722184836362
STU_014886,65.7258693013195
STU_014887,77.7166449921493
STU_014888,87.18452579629977
STU_014889,76.86923812698303
STU_014890,94.29471954683183
STU_014891,73.42190549671557
STU_014892,86.36730441350613
STU_014893,63.36193008387838
STU_014894,73.11558553043537
STU_014895,59.4463625792489
STU_014896,79.04937905557074
STU_014897,77.48701747388347
STU_014898,83.58920391414574
STU_014899,60.12850063904662
STU_014900,95.79340329725187
STU_014901,80.61185164822663
STU_014902,81.81481466513212
STU_014903,88.62022891072476
STU_014904,81.18335060561644
STU_014905,91.70398158277658
STU_014906,81.86871928104321
STU_014907,64.43385422476341
STU_014908,76.74660504960802
STU_014909,82.73981186970839
STU_014910,74.11481594034296
STU_014911,92.42764084837478
STU_014912,81.76275141990371
STU_014913,75.53999956948859
STU_014914,62.594679433071
STU_014915,59.98273577949473
STU_014916,69.86371209998168
STU_014917,94.48318175949913
STU_014918,84.1893643994141
STU_014919,59.93971629626248
STU_014920,89.2497786538771
STU_014921,64.56444155763874
STU_014922,59.480629605142695
STU_014923,72.71007348532686
STU_014924,81.68249197898369
STU_014925,95.25110745572421
STU_014926,81.70158651930586
STU_014927,73.19289675166203
STU_014928,66.19757772366184
STU_014929,82.41257570832303
STU_014930,84.44251979046848
STU_014931,85.40442006184956
STU_014932,61.6894048151421
STU_014933,83.04066643847807
STU_014934,69.12243634972504
STU_014935,78.63825474639278
STU_014936,81.0206054554632
STU_014937,81.31106344064966
STU_014938,97.81778668051071
STU_014939,69.9059201847109
STU_014940,91.41663631720762
STU_014941,68.22855598896942
STU_014942,89.96765076301305
STU_014943,66.94630839473297
STU_014944,77.97477050124238
STU_014945,64.34469536054604
STU_014946,70.27935222912726
STU_014947,66.26568076891111
STU_014948,87.31840609743142
STU_014949,67.2962352542421
STU_014950,87.70559907039339
STU_014951,75.4480525301558
STU_014952,76.31131359408734
STU_014953,91.32232287692631
STU_014954,91.02926750138502
STU_014955,95.78187505662027
STU_014956,78.63933510070314
STU_014957,80.77643969901544
STU_014958,72.5180054184751
STU_014959,56.80850614277512
STU_014960,94.29273488702513
STU_014961,87.03979446859663
STU_014962,60.92227097325844
STU_014963,76.94991258741655
STU_014964,90.55340917856128
STU_014965,82.47316140085934
STU_014966,68.76055692203207
STU_014967,55.45283686213236
STU_014968,93.65960791340369
STU_014969,77.34812913031782
STU_014970,72.63370968705591
STU_014971,72.3665213210819
STU_014972,89.24412153310445
STU_014973,75.97118022632242
STU_014974,70.97029931498318
STU_014975,66.33963485782107
STU_014976,86.64243361509946
STU_014977,82.54255967463519
STU_014978,88.3100806753869
STU_014979,91.25730891810348
STU_014980,63.78376561508237
STU_014981,95.55999005187829
STU_014982,73.67615100968123
STU_014983,87.11849104570508
STU_014984,67.99522681302643
STU_014985,69.63609472067239
STU_014986,52.10206378459673
STU_014987,89.66868666597125
STU_014988,67.27982335014303
STU_014989,98.24910253161228
STU_014990,84.2895299233941
STU_014991,94.80675784363588
STU_014992,76.3289632622654
STU_014993,65.35717461614513
STU_014994,88.96292206604468
STU_014995,86.98128175914756
STU_014996,74.70025678430727
STU_014997,81.04676816208034
STU_014998,81.98201716641285
STU_014999,92.38836941125327
STU_015000,72.76473610740722
STU_015001,57.801154985821654
STU_015002,64.91674963852492
STU_015003,61.28330595699873
STU_015004,60.224113010560174
STU_015005,65.45995469568439
STU_015006,69.96975383375809
STU_015007,86.91642419549589
STU_015008,74.45844550174907
STU_015009,81.14277447399198
STU_015010,74.89741182830558
STU_015011,55.888986205564244
STU_015012,96.59141073093232
STU_015013,65.8388016248131
STU_015014,67.8628246740079
STU_015015,85.93669874836435
STU_015016,85.9044880295167
STU_015017,90.23664460319168
STU_015018,75.98452151687337
STU_015019,85.17257379777412
STU_015020,62.02507391773938
STU_015021,76.08916379632711
STU_015022,66.98010824095621
STU_015023,75.38715495920538
STU_015024,69.2245213283176
STU_015025,80.17232084520026
STU_015026,74.97712499778552
STU_015027,85.17855190599462
STU_015028,75.28056322510601
STU_015029,79.98487413198538
STU_015030,92.3930455044143
STU_015031,75.04744047593692
STU_015032,71.0623995849228
STU_015033,75.68766896240608
STU_015034,65.69754347697194
STU_015035,78.8045302981283
STU_015036,71.20195113993665
STU_015037,80.9404471106387
STU_015038,88.72959829071371
STU_015039,62.8657679441402
STU_015040,80.73940522707892
STU_015041,83.58063150488964
STU_015042,53.024770679222016
STU_015043,81.77433681232341
STU_015044,89.62237827027646
STU_015045,88.7470638114516
STU_015046,70.74095299346178
STU_015047,83.21891680983903
STU_015048,68.11670600685817
STU_015049,72.02782596122081
STU_015050,65.76652867534277
STU_015051,67.48356194369158
STU_015052,64.2585529743432
STU_015053,67.79630616291098
STU_015054,91.71936302283615
STU_015055,78.76523281800566
STU_015056,68.22654781626133
STU_015057,95.36268158595162
STU_015058,66.25888867897255
STU_015059,95.941179152655
STU_015060,77.19955899087759
STU_015061,81.04229388198932
STU_015062,76.40027690505437
STU_015063,68.18523407579087
STU_015064,70.34380036359644
STU_015065,91.40802408393054
STU_015066,83.5701982050253
STU_015067,72.82396350668034
STU_015068,70.65853670665128
STU_015069,75.66956393842008
STU_015070,77.47423917577242
STU_015071,75.6581680496259
STU_015072,100.0
STU_015073,69.69398757170075
STU_015074,69.15618163224966
STU_015075,91.80486196357276
STU_015076,74.95395051949569
STU_015077,72.00221982108205
STU_015078,69.75864191073164
STU_015079,99.09425426985969
STU_015080,66.8372284636937
STU_015081,95.54875531297112
STU_015082,64.43863874332442
STU_015083,82.74586826322796
STU_015084,70.0503652114686
STU_015085,78.07534600769526
STU_015086,74.55792487608886
STU_015087,61.20348841977975
STU_015088,92.59327988005305
STU_015089,78.35185179703504
STU_015090,86.28445825553395
STU_015091,74.9042062295992
STU_015092,74.85050718376476
STU_015093,93.2521138676505
STU_015094,72.28847402883417
STU_015095,76.84040840377756
STU_015096,88.26058982983392
STU_015097,79.87462387965499
STU_015098,74.35492076452891
STU_015099,60.374510100199664
STU_015100,84.33754930766928
STU_015101,80.89489024212659
STU_015102,81.37928597900878
STU_015103,98.63764885498645
STU_015104,76.51875442256954
STU_015105,91.11487550358224
STU_015106,68.04583687233287
STU_015107,72.4470391589157
STU_015108,77.25569125586088
STU_015109,77.48754013378942
STU_015110,84.43787260073829
STU_015111,58.92664801378062
STU_015112,75.57537930092329
STU_015113,68.03605600204554
STU_015114,83.26627774083074
STU_015115,63.59023152624337
STU_015116,88.79345238159996
STU_015117,68.86406234875865
STU_015118,58.32699050689459
STU_015119,83.95573276664905
STU_015120,86.98514500865335
STU_015121,70.3641831199387
STU_015122,100.0
STU_015123,68.71083703038761
STU_015124,86.98293717831655
STU_015125,76.56822273899061
STU_015126,70.23609486894048
STU_015127,89.1237209066804
STU_015128,82.67474064656977
STU_015129,66.35237445774918
STU_015130,71.85055655097295
STU_015131,83.12683647760434
STU_015132,89.35918604842765
STU_015133,90.78576742332933
STU_015134,84.07061417778517
STU_015135,86.84630813487435
STU_015136,75.25511279936306
STU_015137,79.1898252279307
STU_015138,71.40659950471498
STU_015139,87.56174672606193
STU_015140,91.94569973527169
STU_015141,66.10582334892774
STU_015142,80.63015645547509
STU_015143,94.23174239896863
STU_015144,84.01973207179783
STU_015145,66.15461824031253
STU_015146,91.37756142503325
STU_015147,80.14731992151408
STU_015148,71.90753326654716
STU_015149,70.27442380374036
STU_015150,46.275191511179756
STU_015151,57.79085126789592
STU_015152,75.7549858108365
STU_015153,64.80531611370535
STU_015154,80.5287929261469
STU_015155,89.07241594541415
STU_015156,75.20333733628844
STU_015157,60.61579313397914
STU_015158,91.95303674272411
STU_015159,53.55777366787364
STU_015160,87.19623153141461
STU_015161,63.789240238832036
STU_015162,73.18929371588928
STU_015163,80.75697881287849
STU_015164,46.08024193641043
STU_015165,85.06028412362522
STU_015166,97.37189533230705
STU_015167,82.13488161612071
STU_015168,65.67611950560777
STU_015169,88.38115686249365
STU_015170,75.13369840224188
STU_015171,91.81934193935624
STU_015172,70.73994231612954
STU_015173,77.72458012079986
STU_015174,93.64791838230136
STU_015175,74.30968982614178
STU_015176,97.77722391353906
STU_015177,82.23511728558199
STU_015178,66.07537613017996
STU_015179,77.54236324620547
STU_015180,62.80676207204412
STU_015181,79.35184612189948
STU_015182,83.29485266538077
STU_015183,87.13708794340941
STU_015184,72.53104921107622
STU_015185,83.13965711630868
STU_015186,74.38761749879379
STU_015187,63.6731475599974
STU_015188,72.77791876742424
STU_015189,91.69352265071957
STU_015190,93.77791954110252
STU_015191,75.98128308028903
STU_015192,99.15810149885766
STU_015193,80.68485747716713
STU_015194,90.58521609391236
STU_015195,84.711025953317
STU_015196,73.1281043898344
STU_015197,75.51053792505442
STU_015198,83.67715456833423
STU_015199,76.92039552236051
STU_015200,70.13526756571382
STU_015201,85.75604380428277
STU_015202,67.62099239341103
STU_015203,71.11083218765071
STU_015204,82.37555546657363
STU_015205,80.9768722704365
STU_015206,77.20252175173898
STU_015207,84.63662360772662
STU_015208,75.54973346815511
STU_015209,81.83884387703648
STU_015210,90.24432040896113
STU_015211,54.94958598777717
STU_015212,92.92739222853855
STU_015213,72.76544524965566
STU_015214,91.76141511541
STU_015215,76.19530909372591
STU_015216,92.74117991545273
STU_015217,62.560267808614896
STU_015218,76.3827084059097
STU_015219,82.49660016335723
STU_015220,53.55081075918108
STU_015221,82.1621320964886
STU_015222,66.31700554430526
STU_015223,88.1609374645699
STU_015224,77.46699887167497
STU_015225,74.88782053758734
STU_015226,64.72713612119793
STU_015227,67.49413947989926
STU_015228,86.00126049827537
STU_015229,73.48073476763315
STU_015230,74.85140205576435
STU_015231,96.28538587063066
STU_015232,85.70044067502388
STU_015233,91.1085164643889
STU_015234,71.5251000973833
STU_015235,69.77143813427087
STU_015236,93.96108684643636
STU_015237,86.16114808789436
STU_015238,81.3149109680256
STU_015239,94.31608195615554
STU_015240,68.97086441122146
STU_015241,50.38747235040586
STU_015242,50.94779521686367
STU_015243,78.83684443412805
STU_015244,81.90089601817907
STU_015245,69.63465651351643
STU_015246,98.02903325515697
STU_015247,82.62211956615411
STU_015248,84.54064717435847
STU_015249,72.30037087055128
STU_015250,90.50381873735722
STU_015251,73.44117542876685
STU_015252,92.29227420621089
STU_015253,89.03386899573785
STU_015254,97.5125457473635
STU_015255,66.87810484303901
STU_015256,61.31727876650176
STU_015257,75.9938238913814
STU_015258,92.25236888803059
STU_015259,85.70428890211856
STU_015260,92.44182670619142
STU_015261,80.92290331302868
STU_015262,87.97217380006897
STU_015263,88.52454121660588
STU_015264,86.61639834608975
STU_015265,93.04058118092075
STU_015266,73.36524516133257
STU_015267,77.6622539433959
STU_015268,60.512659069138124
STU_015269,67.8624789275457
STU_015270,73.72841804593011
STU_015271,80.63655737552085
STU_015272,67.91591533929355
STU_015273,86.02603432155537
STU_015274,78.4598503658713
STU_015275,52.213466045874455
STU_015276,59.39412047194077
STU_015277,73.27606000646325
STU_015278,98.89073788475804
STU_015279,50.2065538697247
STU_015280,85.32131460120763
STU_015281,96.64925443001725
STU_015282,88.42740320820334
STU_015283,81.87045611865652
STU_015284,81.47383573649321
STU_015285,47.66846109114995
STU_015286,88.51096464261013
STU_015287,75.48145693804298
STU_015288,80.93592156941712
STU_015289,66.53163341061955
STU_015290,79.81748340914996
STU_015291,79.25011681391719
STU_015292,76.28969552567482
STU_015293,60.371284037299084
STU_015294,80.17315605964228
STU_015295,77.4606960261852
STU_015296,71.94654687923138
STU_015297,87.03080980753518
STU_015298,93.61347360353633
STU_015299,71.15144702316012
STU_015300,88.52897198957675
STU_015301,78.6301353652796
STU_015302,79.47879998044358
STU_015303,70.65007270079073
STU_015304,57.38263400842483
STU_015305,77.6809731398537
STU_015306,83.13831500178242
STU_015307,99.33055197595634
STU_015308,60.7035714565084
STU_015309,76.9055906740187
STU_015310,79.8835069222196
STU_015311,69.61221491366676
STU_015312,78.72823782131013
STU_015313,65.88432372530133
STU_015314,87.86717746956421
STU_015315,78.67815000367365
STU_015316,90.11402061591149
STU_015317,74.72405671881509
STU_015318,84.9107764508026
STU_015319,74.6773347238023
STU_015320,77.8281092858113
STU_015321,63.371767727238705
STU_015322,92.69331827099359
STU_015323,82.30076519259813
STU_015324,75.16481222197406
STU_015325,81.32871211781215
STU_015326,61.45014786442953
STU_015327,84.07240542088476
STU_015328,70.69743254579731
STU_015329,66.35181556910858
STU_015330,75.78320072264076
STU_015331,68.89943818487653
STU_015332,96.61231144145185
STU_015333,70.71234005803285
STU_015334,83.51695253868577
STU_015335,90.98482321986695
STU_015336,87.41845737123347
STU_015337,72.48911470855198
STU_015338,67.3748023136427
STU_015339,65.37018305925555
STU_015340,88.96550674281472
STU_015341,79.94667029293444
STU_015342,99.20515027902135
STU_015343,89.6107910014295
STU_015344,97.7962106205662
STU_015345,99.49036216515886
STU_015346,84.70736685445218
STU_015347,92.31116499999901
STU_015348,78.09308961941375
STU_015349,80.87511156243909
STU_015350,86.31377840597678
STU_015351,100.0
STU_015352,83.73086058865553
STU_015353,76.56142099026516
STU_015354,63.64827783929336
STU_015355,60.55305455551134
STU_015356,67.48572696312752
STU_015357,72.37968105477043
STU_015358,78.69246945750692
STU_015359,86.7952723929992
STU_015360,90.70554430364415
STU_015361,82.6531976028221
STU_015362,74.9456493869838
STU_015363,80.45596217320038
STU_015364,85.7730645128309
STU_015365,78.44334469705386
STU_015366,93.98960203342605
STU_015367,83.35932279697032
STU_015368,77.90214703116024
STU_015369,95.2016637908824
STU_015370,92.36180293338981
STU_015371,59.64469151873497
STU_015372,67.88600987705001
STU_015373,86.24441653675225
STU_015374,85.85520646905377
STU_015375,72.1998206484977
STU_015376,78.08058559652417
STU_015377,86.92349838735723
STU_015378,71.97299179135624
STU_015379,95.80430599471973
STU_015380,91.14515499562208
STU_015381,90.54408495785424
STU_015382,84.68534848464559
STU_015383,58.8300645069268
STU_015384,81.84214527067857
STU_015385,63.459377214810985
STU_015386,79.17316667976974
STU_015387,70.61961986737231
STU_015388,79.54494689038658
STU_015389,96.65260932148324
STU_015390,52.07906996790594
STU_015391,81.65914326603048
STU_015392,88.71375841391728
STU_015393,90.74582786669988
STU_015394,77.75164696597243
STU_015395,82.5139882593813
STU_015396,72.73539697328167
STU_015397,95.29370381844709
STU_015398,71.96653072570612
STU_015399,92.58863805825465
STU_015400,90.3643643006982
STU_015401,89.86704635115261
STU_015402,77.49219520870102
STU_015403,58.52231716854903
STU_015404,82.97698299641512
STU_015405,82.41633793678965
STU_015406,82.06664071275773
STU_015407,83.89188723504611
STU_015408,40.625019173102544
STU_015409,78.87244134386656
STU_015410,67.74059901625424
STU_015411,75.85518618025405
STU_015412,76.68775629566106
STU_015413,80.86814547585296
STU_015414,72.85045798104564
STU_015415,67.27013354371027
STU_015416,85.50453096317918
STU_015417,62.30020627424181
STU_015418,83.90791854021566
STU_015419,57.27347801284053
STU_015420,70.02159608234783
STU_015421,89.66102204232655
STU_015422,81.21139029460471
STU_015423,83.39485588512949
STU_015424,98.31976785661683
STU_015425,90.68292673066088
STU_015426,69.76370879193033
STU_015427,62.25978685287846
STU_015428,75.44881478939058
STU_015429,79.16514124267559
STU_015430,47.773542510919796
STU_015431,68.42778939446919
STU_015432,82.15793041009844
STU_015433,73.04444537472632
STU_015434,67.74111488179588
STU_015435,68.2829493684105
STU_015436,79.42493523748198
STU_015437,78.32355665553395
STU_015438,89.83333848460289
STU_015439,76.56964966315935
STU_015440,79.76064409956213
STU_015441,68.05613188736167
STU_015442,88.2447030474965
STU_015443,64.20088295688453
STU_015444,75.67703920969547
STU_015445,68.99531952785445
STU_015446,72.17777614319053
STU_015447,55.887634921283876
STU_015448,48.050031779660415
STU_015449,76.44357435452028
STU_015450,87.77088101081729
STU_015451,79.19631450551552
STU_015452,83.86505021607677
STU_015453,92.63947302706217
STU_015454,82.09897978503204
STU_015455,59.43573889695765
STU_015456,80.09830771559554
STU_015457,72.29669409394401
STU_015458,74.68435728424673
STU_015459,50.60708412367359
STU_015460,100.0
STU_015461,95.07325714451845
STU_015462,72.9760883963777
STU_015463,82.50571790084675
STU_015464,63.77827246576143
STU_015465,49.26608152145211
STU_015466,92.73053511674473
STU_015467,86.3533331596334
STU_015468,65.95563922219756
STU_015469,69.44380056866524
STU_015470,91.96499643885444
STU_015471,72.10014938745036
STU_015472,90.01891571493361
STU_015473,89.59580181892505
STU_015474,94.80205915225514
STU_015475,78.58209024786119
STU_015476,78.39194139363917
STU_015477,59.356137013509
STU_015478,61.58610706847391
STU_015479,91.4457650823437
STU_015480,67.21577142182144
STU_015481,84.15322290782892
STU_015482,66.04312152258774
STU_015483,90.07878322605664
STU_015484,71.65820313495603
STU_015485,67.70631528045944
STU_015486,77.00194352343743
STU_015487,69.8867955976752
STU_015488,77.19186363703682
STU_015489,85.01806855505149
STU_015490,87.25456588081433
STU_015491,75.55926137712723
STU_015492,59.10817661359797
STU_015493,67.6927047929318
STU_015494,68.7944080267341
STU_015495,82.99264844525223
STU_015496,65.92080102248029
STU_015497,59.24646364385519
STU_015498,71.05891593006957
STU_015499,45.77073393962089
STU_015500,77.58984398608058
STU_015501,89.41580715656028
STU_015502,57.232020070672775
STU_015503,86.96314310565137
STU_015504,82.95734074156843
STU_015505,70.63978434879328
STU_015506,78.98921273449974
STU_015507,100.0
STU_015508,100.0
STU_015509,83.85391199515605
STU_015510,84.77109961220289
STU_015511,91.73738377716651
STU_015512,80.69695085937954
STU_015513,81.91790001502022
STU_015514,85.3134244932233
STU_015515,75.97760364111741
STU_015516,72.74197038620596
STU_015517,94.43043465556923
STU_015518,71.26055940547582
STU_015519,59.81024805584706
STU_015520,80.36633852280222
STU_015521,86.42713655361081
STU_015522,67.57470482149668
STU_015523,69.56967975676615
STU_015524,39.860097622931015
STU_015525,79.02632880614958
STU_015526,81.17322382615004
STU_015527,68.75121886474952
STU_015528,69.17816705473221
STU_015529,87.01738746189318
STU_015530,90.21514055498422
STU_015531,88.53903873322118
STU_015532,77.91807998333864
STU_015533,63.09437285663141
STU_015534,91.39362807306586
STU_015535,78.24408858301699
STU_015536,83.57310700909838
STU_015537,69.98234585030397
STU_015538,90.17374489665589
STU_015539,69.97984273052735
STU_015540,69.41966670165459
STU_015541,72.17287266536354
STU_015542,89.47151706366849
STU_015543,81.606784087319
STU_015544,93.73415471874965
STU_015545,74.65078825796647
STU_015546,75.62295142727454
STU_015547,60.58242501869125
STU_015548,62.531931624977176
STU_015549,94.57418731269127
STU_015550,90.44348661542364
STU_015551,79.20939672426213
STU_015552,71.45851719729431
STU_015553,48.71719913030231
STU_015554,81.73747109074495
STU_015555,75.18350899001253
STU_015556,89.67500868692254
STU_015557,79.36535549462025
STU_015558,89.39394078832223
STU_015559,81.96528994665775
STU_015560,80.31978162311181
STU_015561,88.19896569137912
STU_015562,84.19115165216922
STU_015563,70.31951313326249
STU_015564,73.9949697529961
STU_015565,68.07804825798394
STU_015566,69.84474299413733
STU_015567,76.3731864115054
STU_015568,75.24052881891114
STU_015569,74.90815950607201
STU_015570,96.05419923874666
STU_015571,68.93557955725879
STU_015572,74.76147073417522
STU_015573,85.2184790343482
STU_015574,63.09602294874403
STU_015575,71.27167858079531
STU_015576,73.86055841646875
STU_015577,71.87160922987752
STU_015578,82.02390846938968
STU_015579,76.14312669190942
STU_015580,73.64713894237865
STU_015581,80.47041435120275
STU_015582,83.21914621515147
STU_015583,94.04401592138709
STU_015584,82.15764279942023
STU_015585,87.02047999667967
STU_015586,88.49756505441111
STU_015587,60.72846592706299
STU_015588,79.14739548350109
STU_015589,79.37285827715947
STU_015590,64.50970683856632
STU_015591,70.12484845031864
STU_015592,87.82235265853203
STU_015593,67.18927883565259
STU_015594,93.45012124454459
STU_015595,92.21960476282501
STU_015596,78.38245521700645
STU_015597,92.53866630434824
STU_015598,82.61921933272146
STU_015599,54.05350901093952
STU_015600,68.42922822064605
STU_015601,52.790333241386705
STU_015602,66.91210286270876
STU_015603,78.03488009947824
STU_015604,80.96635071548218
STU_015605,67.40591965187511
STU_015606,76.08679667442848
STU_015607,71.49442878248837
STU_015608,67.26024753542498
STU_015609,72.08651126985063
STU_015610,69.90483090427655
STU_015611,82.42416625031896
STU_015612,83.29362453622616
STU_015613,95.0749419808606
STU_015614,71.12270853689708
STU_015615,69.40929511533491
STU_015616,81.0051413255413
STU_015617,69.07888057817064
STU_015618,88.62209978267151
STU_015619,62.37584187182577
STU_015620,74.22827075965535
STU_015621,72.85082312272569
STU_015622,75.23464134101505
STU_015623,90.3853444316325
STU_015624,81.08181265616517
STU_015625,83.03631331038187
STU_015626,60.07309867865775
STU_015627,99.61462951952439
STU_015628,78.93777254202922
STU_015629,79.88141759834048
STU_015630,67.58565112868447
STU_015631,70.20743447299226
STU_015632,87.66695392908528
STU_015633,83.42131889539574
STU_015634,73.36154563551568
STU_015635,95.54839062563947
STU_015636,73.29714731613988
STU_015637,52.43671493043219
STU_015638,73.94552500125035
STU_015639,94.35943103411608
STU_015640,73.64260248401771
STU_015641,62.34088157605249
STU_015642,97.97835334556785
STU_015643,84.85583221253286
STU_015644,92.90363232618367
STU_015645,63.22601116784497
STU_015646,96.19569456343886
STU_015647,71.66633144689467
STU_015648,67.5666179556496
STU_015649,80.21724830910084
STU_015650,72.61791608218672
STU_015651,62.39517280061257
STU_015652,90.37204994765113
STU_015653,73.22709390713337
STU_015654,69.98484732027889
STU_015655,100.0
STU_015656,68.69310306564574
STU_015657,73.98100588678952
STU_015658,68.78811569393412
STU_015659,71.4455543752064
STU_015660,85.79020308349887
STU_015661,45.89258180354048
STU_015662,66.95917979994333
STU_015663,89.0378860217823
STU_015664,56.51035778103944
STU_015665,82.37771686334477
STU_015666,82.4034927095563
STU_015667,94.86156446863822
STU_015668,84.25544714964408
STU_015669,78.18125034985707
STU_015670,66.11465758093931
STU_015671,88.53108324904085
STU_015672,88.6367273879363
STU_015673,82.88640489224682
STU_015674,81.29625211023188
STU_015675,84.94383785421651
STU_015676,57.18033769943929
STU_015677,81.2647234628894
STU_015678,95.73959383521175
STU_015679,74.89003761323052
STU_015680,78.73000261105742
STU_015681,79.68044867635047
STU_015682,84.95560021492584
STU_015683,69.4693672887579
STU_015684,63.25196811848545
STU_015685,84.03155357795475
STU_015686,71.64171344314686
STU_015687,82.21831687087669
STU_015688,81.6496044603136
STU_015689,59.407589842243226
STU_015690,68.44384926383256
STU_015691,93.60229535416843
STU_015692,90.0919796761007
STU_015693,77.15734015788824
STU_015694,97.77318611006181
STU_015695,94.2613506293498
STU_015696,55.962589326088114
STU_015697,66.70251113212699
STU_015698,80.15726022896374
STU_015699,92.25674619574488
STU_015700,86.90134330337118
STU_015701,69.2039386357869
STU_015702,86.44509612160425
STU_015703,86.10417573874987
STU_015704,77.24516922044754
STU_015705,79.15374831915389
STU_015706,67.23714709130425
STU_015707,75.55709415972
STU_015708,60.369804373291565
STU_015709,63.109562749469205
STU_015710,65.01086582065274
STU_015711,80.62956858490526
STU_015712,89.1612243589248
STU_015713,85.2514331364483
STU_015714,72.60242999373159
STU_015715,89.21591340176431
STU_015716,62.752529954887734
STU_015717,60.14728093667216
STU_015718,72.20395539018423
STU_015719,62.70953912211508
STU_015720,59.22424579471558
STU_015721,63.77904196092864
STU_015722,65.89656367328806
STU_015723,78.61980691542409
STU_015724,97.43363611824853
STU_015725,92.26686928037942
STU_015726,77.87871003048015
STU_015727,71.6145019063164
STU_015728,79.67097671317939
STU_015729,92.33648488528605
STU_015730,75.6227736578115
STU_015731,78.4131367078159
STU_015732,64.61270103527802
STU_015733,63.79320124091118
STU_015734,71.48728590837958
STU_015735,55.85798899326478
STU_015736,91.47078960258386
STU_015737,80.12422950118562
STU_015738,63.05111106647462
STU_015739,77.63202671293814
STU_015740,89.38938577507213
STU_015741,64.22354228990433
STU_015742,70.23331940468287
STU_015743,88.86170156246082
STU_015744,69.66924976433123
STU_015745,80.18513959842886
STU_015746,69.24650293914728
STU_015747,92.30811633749485
STU_015748,56.13377389984484
STU_015749,89.49705535336125
STU_015750,62.56808788693425
STU_015751,85.04202797948486
STU_015752,74.05074324417942
STU_015753,78.99377908367444
STU_015754,81.16650693496754
STU_015755,91.44301733803727
STU_015756,79.80788977654066
STU_015757,83.66816339930814
STU_015758,100.0
STU_015759,80.3272031746655
STU_015760,66.32902283190366
STU_015761,87.50065327143086
STU_015762,68.52161513734976
STU_015763,67.43130463257289
STU_015764,79.32717509971988
STU_015765,81.53331164676837
STU_015766,77.8347533453958
STU_015767,82.9320580098535
STU_015768,77.82885707964206
STU_015769,83.26286335369483
STU_015770,68.44158176126474
STU_015771,89.57894027945225
STU_015772,66.92942816980488
STU_015773,59.2940324020515
STU_015774,95.7944188152726
STU_015775,76.99763324853774
STU_015776,64.77590358911057
STU_015777,70.50702577106091
STU_015778,74.70347047014121
STU_015779,59.38302505416004
STU_015780,83.03199577217899
STU_015781,78.10368088367072
STU_015782,86.06766904895969
STU_015783,68.44322025927985
STU_015784,78.75791700411811
STU_015785,74.45038316595097
STU_015786,75.10792623783354
STU_015787,79.24067279962202
STU_015788,80.17297320033752
STU_015789,55.58770342551755
STU_015790,66.67222050356554
STU_015791,75.93533932494273
STU_015792,80.76377949300974
STU_015793,88.06521090819847
STU_015794,89.72833276824439
STU_015795,71.69043325496779
STU_015796,91.23429921434112
STU_015797,85.97940984325031
STU_015798,88.03485724432777
STU_015799,88.38806875846879
STU_015800,67.91695642141113
STU_015801,77.9666946484443
STU_015802,60.17138828668361
STU_015803,71.52559959167941
STU_015804,73.96284850837188
STU_015805,57.82156647056946
STU_015806,90.62130831896339
STU_015807,78.46087040168484
STU_015808,74.70104909800918
STU_015809,58.0347305409949
STU_015810,88.88153047578263
STU_015811,97.41458651022235
STU_015812,87.30538404869597
STU_015813,92.45917309735685
STU_015814,71.21522745484899
STU_015815,65.33797199519422
STU_015816,89.65353443704738
STU_015817,73.30838839206459
STU_015818,73.39408244657666
STU_015819,60.572188380025004
STU_015820,69.36859686228384
STU_015821,74.68188619102793
STU_015822,62.17948081106902
STU_015823,76.18113705344865
STU_015824,85.9460313246073
STU_015825,55.98035532665019
STU_015826,59.501642033654456
STU_015827,68.41947754716327
STU_015828,73.32585355775564
STU_015829,87.12018071511487
STU_015830,90.29765219930883
STU_015831,74.2334627636215
STU_015832,88.81499224645768
STU_015833,91.56554730813764
STU_015834,44.82543763440839
STU_015835,83.47952497923086
STU_015836,83.12499346151262
STU_015837,77.62055219227067
STU_015838,71.13699087177608
STU_015839,87.11251200996278
STU_015840,67.51057410235136
STU_015841,64.21848534801914
STU_015842,87.6240664032476
STU_015843,87.49250350656195
STU_015844,91.53548281303058
STU_015845,67.60588600117575
STU_015846,68.12372629730658
STU_015847,72.78507105570172
STU_015848,83.93214709155843
STU_015849,91.64473794636513
STU_015850,62.94735919125145
STU_015851,73.78402156027458
STU_015852,62.09258649896371
STU_015853,76.67654640799297
STU_015854,92.07805741502897
STU_015855,89.4419376726135
STU_015856,73.10175856478071
STU_015857,83.83275488953629
STU_015858,67.19413211474529
STU_015859,77.18957132683602
STU_015860,67.72278359347374
STU_015861,79.69626744001798
STU_015862,67.25995846117664
STU_015863,92.58928021934138
STU_015864,62.04640029669746
STU_015865,60.921221909946254
STU_015866,74.48106886532368
STU_015867,39.52188839874178
STU_015868,71.32232475719385
STU_015869,83.93853196404936
STU_015870,77.92858113524503
STU_015871,79.29450017345073
STU_015872,52.30605443785185
STU_015873,97.57653954029868
STU_015874,76.4836324754231
STU_015875,83.90634445255105
STU_015876,70.8747606590945
STU_015877,93.39688228597286
STU_015878,85.13644442639708
STU_015879,94.22528868853571
STU_015880,79.69324598604823
STU_015881,92.07119837319499
STU_015882,67.52385130044235
STU_015883,78.73642731056792
STU_015884,89.7896802180834
STU_015885,64.77911614936373
STU_015886,93.98423775586727
STU_015887,97.47501933905761
STU_015888,62.17418833995616
STU_015889,90.20456582888028
STU_015890,92.9218009903706
STU_015891,88.6226006096747
STU_015892,67.64283886218581
STU_015893,66.65699978846112
STU_015894,60.99107931107805
STU_015895,58.63962915739851
STU_015896,70.9290101479398
STU_015897,89.73694324345848
STU_015898,79.16308966603188
STU_015899,92.27054426674043
STU_015900,69.98332624060035
STU_015901,72.22819700185923
STU_015902,75.97088832669402
STU_015903,84.68840622242057
STU_015904,77.01222594341992
STU_015905,90.87018369463297
STU_015906,72.02252658845038
STU_015907,100.0
STU_015908,62.09142331146974
STU_015909,77.35832170100771
STU_015910,78.20443420579126
STU_015911,61.00659553995498
STU_015912,74.2413298686533
STU_015913,69.50706749868645
STU_015914,64.12937938335814
STU_015915,84.7907704175355
STU_015916,64.3003637338478
STU_015917,54.57643064950927
STU_015918,79.82025007931965
STU_015919,86.98126326669296
STU_015920,79.68240468262174
STU_015921,91.7796108513978
STU_015922,58.16757423364696
STU_015923,89.8436622684105
STU_015924,78.99302755296895
STU_015925,70.7854767983192
STU_015926,79.98732389500886
STU_015927,74.32491231966706
STU_015928,78.78992487928437
STU_015929,85.01747353042121
STU_015930,58.90276440556874
STU_015931,63.666087210856304
STU_015932,81.64076373189691
STU_015933,77.38431625713079
STU_015934,75.88147691914796
STU_015935,100.0
STU_015936,99.41831663516385
STU_015937,82.68004128993762
STU_015938,84.13112307379456
STU_015939,68.63320202359185
STU_015940,89.22388058661562
STU_015941,72.15041324380307
STU_015942,89.40971397817341
STU_015943,85.64703311888177
STU_015944,100.0
STU_015945,71.41705780265121
STU_015946,74.58203240798125
STU_015947,70.65400628707408
STU_015948,73.51194260112845
STU_015949,62.18295126055267
STU_015950,94.66652552023223
STU_015951,72.34945927015023
STU_015952,73.31332809515818
STU_015953,69.47387015162053
STU_015954,87.45437858569335
STU_015955,82.71753330892818
STU_015956,77.10330405890808
STU_015957,54.121636285898916
STU_015958,66.72718942726317
STU_015959,86.06751963839426
STU_015960,71.02972745896916
STU_015961,87.40707406491464
STU_015962,84.32884149666137
STU_015963,77.94999717812954
STU_015964,70.18105857316367
STU_015965,87.06121829673552
STU_015966,61.91758337299074
STU_015967,78.17335459624707
STU_015968,81.80090285171062
STU_015969,72.58760312645185
STU_015970,77.1981792831682
STU_015971,72.61608096971823
STU_015972,84.45463477791404
STU_015973,61.621414435191845
STU_015974,89.71764262796069
STU_015975,60.71382591320236
STU_015976,50.72464213863965
STU_015977,61.120394140725644
STU_015978,74.50592329050022
STU_015979,85.6913410557141
STU_015980,86.60549583432268
STU_015981,93.98164649634205
STU_015982,93.63324462459207
STU_015983,86.37389737556303
STU_015984,84.68657338590602
STU_015985,74.47725663160237
STU_015986,44.44191559758921
STU_015987,72.85349330252033
STU_015988,59.48445284187143
STU_015989,74.97605853218772
STU_015990,59.8735569397299
STU_015991,80.70372592480481
STU_015992,55.44433106959309
STU_015993,74.31385568545099
STU_015994,72.35335316965363
STU_015995,96.34419285300251
STU_015996,81.25429769202769
STU_015997,64.40461794538395
STU_015998,84.26827778623415
STU_015999,84.9201377979752
STU_016000,82.32866536587716
STU_016001,87.43602295051392
STU_016002,90.10631859872831
STU_016003,95.89463231519265
STU_016004,87.32230265362868
STU_016005,54.480922685774495
STU_016006,69.73746871451006
STU_016007,77.90856398533893
STU_016008,92.1013822875617
STU_016009,58.12157709230164
STU_016010,73.48427699708328
STU_016011,83.8972695818891
STU_016012,75.34581488024308
STU_016013,69.06663922898937
STU_016014,94.46008480072445
STU_016015,49.65110787750814
STU_016016,94.16388237365594
STU_016017,75.9941025324852
STU_016018,81.15487141207942
STU_016019,75.03048429809203
STU_016020,90.06964283295434
STU_016021,100.0
STU_016022,74.27666863116318
STU_016023,100.0
STU_016024,77.7234341330855
STU_016025,91.12628572020661
STU_016026,65.76017120232362
STU_016027,63.52432516794353
STU_016028,70.84601934736189
STU_016029,78.05160112529579
STU_016030,92.94927868135143
STU_016031,92.13659938941973
STU_016032,90.58764227352434
STU_016033,87.98362440779326
STU_016034,80.38862279780255
STU_016035,72.31046796058027
STU_016036,100.0
STU_016037,77.18065991501034
STU_016038,73.34023790691509
STU_016039,74.88160647415404
STU_016040,90.05346239136543
STU_016041,90.26007914851964
STU_016042,82.13168404194842
STU_016043,84.29969415338667
STU_016044,85.72702501971321
STU_016045,84.41559398497823
STU_016046,66.02952877669142
STU_016047,87.90330453908727
STU_016048,68.17086933566414
STU_016049,78.18556316960789
STU_016050,70.18691926851837
STU_016051,79.86193692570777
STU_016052,90.27080491137386
STU_016053,83.18947220537144
STU_016054,72.41204643101894
STU_016055,78.71001206640679
STU_016056,76.08197678981571
STU_016057,76.49181365705914
STU_016058,77.30218661325159
STU_016059,77.37105201514179
STU_016060,79.74863135327715
STU_016061,59.00666207389815
STU_016062,72.67625983156341
STU_016063,80.32597374965648
STU_016064,63.83065712956754
STU_016065,76.80745316884396
STU_016066,83.7547404153734
STU_016067,66.31124773062807
STU_016068,95.60796185898045
STU_016069,79.95639362402214
STU_016070,79.6291349081482
STU_016071,70.83582500599371
STU_016072,86.22371167987252
STU_016073,78.2774759393289
STU_016074,86.34212633317159
STU_016075,96.13123238949524
STU_016076,63.39617907920248
STU_016077,64.53037548056224
STU_016078,80.53170534151221
STU_016079,85.07663394894314
STU_016080,69.61429017214516
STU_016081,63.91692909376773
STU_016082,86.70222149213629
STU_016083,97.25833936169222
STU_016084,73.69722052098732
STU_016085,58.36829962247699
STU_016086,93.93773254138699
STU_016087,77.96065100994252
STU_016088,79.81458727673464
STU_016089,83.97576071923112
STU_016090,87.06902378995811
STU_016091,62.37491498422332
STU_016092,65.60472347568964
STU_016093,74.6302135854836
STU_016094,73.51952554478683
STU_016095,79.37149381857068
STU_016096,84.34134306231635
STU_016097,70.86876664056
STU_016098,62.277149356232925
STU_016099,78.23586646186405
STU_016100,77.76901178398353
STU_016101,65.04716646606157
STU_016102,79.12013272931374
STU_016103,59.93643196764949
STU_016104,81.1525868103513
STU_016105,64.52933994083575
STU_016106,68.32711615774588
STU_016107,74.20885774044461
STU_016108,74.41071643185487
STU_016109,66.6757090028864
STU_016110,63.73427601584062
STU_016111,85.89268075057377
STU_016112,79.99737537241424
STU_016113,64.86119205540375
STU_016114,75.04790599623112
STU_016115,85.5897097144169
STU_016116,94.12538428242087
STU_016117,80.16331743180257
STU_016118,71.09753188422309
STU_016119,82.03700174090899
STU_016120,83.0590446784939
STU_016121,66.6210304539702
STU_016122,72.70860879021404
STU_016123,87.6525013871146
STU_016124,93.65954781324746
STU_016125,90.82762109638679
STU_016126,77.89582804308453
STU_016127,83.16061122837738
STU_016128,94.31182111122439
STU_016129,71.99522944947971
STU_016130,100.0
STU_016131,87.90983895738646
STU_016132,75.18152983332716
STU_016133,81.9147346828647
STU_016134,74.5096178688388
STU_016135,60.30945239988054
STU_016136,91.16367101448347
STU_016137,80.61186491420928
STU_016138,75.58696002701654
STU_016139,94.57201596590284
STU_016140,84.88610141192753
STU_016141,89.38958080254912
STU_016142,79.51030036236315
STU_016143,58.22067784044761
STU_016144,78.22661648053263
STU_016145,76.45827355721491
STU_016146,78.07163206119733
STU_016147,84.46380633211895
STU_016148,67.2630384600429
STU_016149,56.692253292705836
STU_016150,89.95617949497942
STU_016151,70.64471738395582
STU_016152,84.49092132907724
STU_016153,70.39914035264144
STU_016154,79.84331679161147
STU_016155,87.1258855620678
STU_016156,65.06242693660782
STU_016157,78.02016031045338
STU_016158,95.94396106153002
STU_016159,67.4057607058941
STU_016160,74.39432747016515
STU_016161,74.11285249903668
STU_016162,91.0927078667586
STU_016163,77.23559531479701
STU_016164,59.254300408580804
STU_016165,95.95569978700792
STU_016166,63.32227786479013
STU_016167,75.71888910784219
STU_016168,84.71280945178776
STU_016169,88.32139923101451
STU_016170,78.12969877252631
STU_016171,78.49520474557528
STU_016172,60.50626443283831
STU_016173,74.01858412210967
STU_016174,61.46704897526647
STU_016175,86.87198610587907
STU_016176,76.45881543016674
STU_016177,84.41067075567187
STU_016178,81.52618286194493
STU_016179,81.50552830124536
STU_016180,59.308168955172235
STU_016181,89.43267819912121
STU_016182,54.68384928255455
STU_016183,77.11320744254259
STU_016184,77.99141463375005
STU_016185,98.2178481136213
STU_016186,53.73647277122864
STU_016187,92.7743661341785
STU_016188,79.94514842994961
STU_016189,82.1460598018694
STU_016190,83.70941448802529
STU_016191,53.89995541921441
STU_016192,61.58927642165018
STU_016193,80.57459451932806
STU_016194,87.54221537684822
STU_016195,83.89205955068986
STU_016196,62.938203945562506
STU_016197,91.34683480834039
STU_016198,77.2481143689445
STU_016199,79.65331585605908
STU_016200,68.90206393528806
STU_016201,66.7925054948524
STU_016202,62.932830976030736
STU_016203,68.9030221129389
STU_016204,64.81256835091756
STU_016205,59.05004040717673
STU_016206,69.17382654154835
STU_016207,50.5513826997371
STU_016208,75.27454279828223
STU_016209,70.46251830818423
STU_016210,60.50511245924304
STU_016211,71.94140477382254
STU_016212,73.53441116751702
STU_016213,90.43045477560727
STU_016214,62.23171427767896
STU_016215,73.29329326327091
STU_016216,60.202229714269926
STU_016217,74.2090077869292
STU_016218,97.30585960901382
STU_016219,84.50314219754314
STU_016220,87.4010671272928
STU_016221,66.32341851066472
STU_016222,69.90245364599461
STU_016223,66.79171268114001
STU_016224,97.02160251876462
STU_016225,84.80529057108305
STU_016226,81.74013692726473
STU_016227,78.64770925687408
STU_016228,75.58457446876756
STU_016229,66.3807137685844
STU_016230,65.46860428161372
STU_016231,90.66551504402058
STU_016232,94.47000057302643
STU_016233,62.42825073426438
STU_016234,82.52179301315435
STU_016235,65.30685028360357
STU_016236,74.94839164471098
STU_016237,73.11054072076534
STU_016238,87.09192183646103
STU_016239,63.73372161520069
STU_016240,91.0110320692817
STU_016241,89.74024943943813
STU_016242,76.38870951715218
STU_016243,83.3343061001686
STU_016244,80.00999693310887
STU_016245,77.65730564516326
STU_016246,74.94454219176217
STU_016247,75.07817528242859
STU_016248,74.98509833800607
STU_016249,68.98678007136334
STU_016250,90.18453034182289
STU_016251,55.65867764430003
STU_016252,86.48179569097233
STU_016253,84.60165321216098
STU_016254,84.62049095703978
STU_016255,72.62901611148988
STU_016256,45.52509454056626
STU_016257,81.24499227868864
STU_016258,82.25566606426293
STU_016259,74.83189885947327
STU_016260,73.97957756728499
STU_016261,92.76623517490808
STU_016262,79.77359538369085
STU_016263,55.99800419921929
STU_016264,53.893747699949145
STU_016265,94.25112274341926
STU_016266,85.67486990721005
STU_016267,76.44464253054453
STU_016268,83.54028047312296
STU_016269,92.88477397379468
STU_016270,68.55843878589812
STU_016271,73.25357918033464
STU_016272,83.46359096787582
STU_016273,80.56499151046869
STU_016274,58.1717889222692
STU_016275,79.93640014266467
STU_016276,61.85579964070264
STU_016277,84.58864329585661
STU_016278,79.58503130352939
STU_016279,77.6016326741337
STU_016280,80.03162766187594
STU_016281,80.48717350405656
STU_016282,70.31121204059419
STU_016283,72.54741086321073
STU_016284,88.68477854341072
STU_016285,65.5043700692185
STU_016286,61.37833078010625
STU_016287,81.26826824422491
STU_016288,89.6862516494626
STU_016289,79.77256281953026
STU_016290,64.99651859426795
STU_016291,77.01317636374736
STU_016292,74.20220564006216
STU_016293,81.17814375362222
STU_016294,67.97029053670275
STU_016295,89.65713833590328
STU_016296,74.87680244109742
STU_016297,83.12494755195651
STU_016298,53.44009260293913
STU_016299,68.46592023652133
STU_016300,65.79622669394844
STU_016301,62.70012848345686
STU_016302,68.92929253616688
STU_016303,76.82185730119058
STU_016304,79.79459373258592
STU_016305,89.90065568715278
STU_016306,80.9930628349482
STU_016307,72.11978455444083
STU_016308,71.83114918746928
STU_016309,90.59584220033784
STU_016310,80.80337871056308
STU_016311,64.53865113235246
STU_016312,63.46120650235097
STU_016313,97.60981103057918
STU_016314,86.93616411253964
STU_016315,67.67072097727741
STU_016316,89.21518512315649
STU_016317,84.5598888279056
STU_016318,74.36942837741142
STU_016319,68.76812992240136
STU_016320,68.57647063019247
STU_016321,67.7782596326664
STU_016322,90.49924535985555
STU_016323,70.47159713402132
STU_016324,58.3799860205786
STU_016325,77.70673990086527
STU_016326,76.3303766929837
STU_016327,83.4878483546629
STU_016328,74.13932719361851
STU_016329,69.25919156728813
STU_016330,75.07989822960892
STU_016331,81.80828395943462
STU_016332,85.75115121696476
STU_016333,88.84042782995556
STU_016334,64.4128698638479
STU_016335,79.34200639570712
STU_016336,71.72727043600553
STU_016337,65.89992058297025
STU_016338,79.4359764093283
STU_016339,80.80820421572832
STU_016340,84.37913313699077
STU_016341,81.54699153769046
STU_016342,75.44049328108626
STU_016343,72.27063353116996
STU_016344,85.85892854152712
STU_016345,84.99993334289539
STU_016346,77.74003016191288
STU_016347,63.356034434526194
STU_016348,68.71995533922245
STU_016349,89.10494793930985
STU_016350,63.78839092061169
STU_016351,74.38284453314279
STU_016352,81.7239993522985
STU_016353,73.41311948387828
STU_016354,52.74550451454663
STU_016355,75.6565068279438
STU_016356,72.21015185377381
STU_016357,67.22275506430414
STU_016358,80.22620424992468
STU_016359,86.40470964103324
STU_016360,78.62782925219709
STU_016361,74.96130494091926
STU_016362,77.78116424689497
STU_016363,70.9307733034241
STU_016364,69.09090714924235
STU_016365,79.03128527795064
STU_016366,70.5282651219636
STU_016367,77.79968968486072
STU_016368,58.36565488002604
STU_016369,66.35349978720105
STU_016370,50.68784390865142
STU_016371,63.25527508761519
STU_016372,89.07693100308362
STU_016373,82.70276233204747
STU_016374,70.92783861061037
STU_016375,77.82788822190689
STU_016376,88.48005300476456
STU_016377,57.101425866945824
STU_016378,84.13097280657459
STU_016379,64.53287279676336
STU_016380,89.34062028857466
STU_016381,68.31119156487426
STU_016382,76.91844874070493
STU_016383,61.206538943205956
STU_016384,90.93351537280638
STU_016385,89.29756460907024
STU_016386,76.12823539574157
STU_016387,76.54895544655136
STU_016388,65.78723235953652
STU_016389,78.95146368973559
STU_016390,80.26516424482689
STU_016391,99.77268194705658
STU_016392,83.0353688924107
STU_016393,81.7319025143509
STU_016394,93.8496588363878
STU_016395,61.59725287584168
STU_016396,88.95400290287346
STU_016397,69.51331053783815
STU_016398,65.5138580954162
STU_016399,69.11747905798083
STU_016400,85.40913212622641
STU_016401,75.52021419111912
STU_016402,93.54592369776276
STU_016403,66.81847487405471
STU_016404,71.58948061766677
STU_016405,66.82666502600989
STU_016406,68.1937874982205
STU_016407,93.71684635764983
STU_016408,87.59430769001105
STU_016409,56.14510972439956
STU_016410,60.15638067285522
STU_016411,56.81392677168928
STU_016412,50.693833676041805
STU_016413,70.64002486031535
STU_016414,84.31031957552617
STU_016415,85.43218344460051
STU_016416,81.16365378982678
STU_016417,77.34884417253362
STU_016418,98.71285198534599
STU_016419,79.70369284768316
STU_016420,66.98808575081625
STU_016421,64.28602159365171
STU_016422,64.8412767985806
STU_016423,96.50455094929151
STU_016424,74.33783136286849
STU_016425,80.4625097274965
STU_016426,74.75647488025778
STU_016427,76.57519336483386
STU_016428,93.72385740464998
STU_016429,77.75622906761427
STU_016430,86.51825492544842
STU_016431,92.57000309382381
STU_016432,58.74890881611974
STU_016433,58.94539173923657
STU_016434,64.20931439318977
STU_016435,81.32563227706717
STU_016436,93.96951517376385
STU_016437,79.3676027355463
STU_016438,77.66218036942674
STU_016439,79.18845597672043
STU_016440,69.50188217078357
STU_016441,90.52466069838033
STU_016442,91.25143979915522
STU_016443,75.86372978178466
STU_016444,76.44116959274199
STU_016445,78.92470846229631
STU_016446,71.03082429790706
STU_016447,62.15496682829616
STU_016448,70.95491479089532
STU_016449,79.36429340129718
STU_016450,72.1033531837392
STU_016451,88.38833022827106
STU_016452,84.51649238077012
STU_016453,65.67308774895184
STU_016454,66.80351596664528
STU_016455,52.908964350589876
STU_016456,68.41692910552865
STU_016457,90.01227796262154
STU_016458,80.40486508389814
STU_016459,83.01555695766803
STU_016460,79.27297393471835
STU_016461,61.63959622462355
STU_016462,84.81754414765697
STU_016463,79.75212783054626
STU_016464,83.3091490159487
STU_016465,85.3263738803957
STU_016466,75.06338545802073
STU_016467,79.7426204793629
STU_016468,65.65257795239252
STU_016469,55.61540571632627
STU_016470,77.57003551691109
STU_016471,61.43478006877149
STU_016472,77.61688548664503
STU_016473,76.81863332611074
STU_016474,68.92533952854134
STU_016475,96.08405715159913
STU_016476,91.59148351674898
STU_016477,89.83239836014761
STU_016478,88.54421872789564
STU_016479,62.74499657635023
STU_016480,74.46424208112013
STU_016481,77.94260154343606
STU_016482,65.78296095403888
STU_016483,88.40096075490965
STU_016484,70.36177377669674
STU_016485,74.39460717268786
STU_016486,87.65726029354495
STU_016487,71.67879954168183
STU_016488,80.27025859649277
STU_016489,90.84440744720197
STU_016490,71.47291706474282
STU_016491,86.20263620017263
STU_016492,88.71809600543438
STU_016493,87.48005729033858
STU_016494,78.44485330785983
STU_016495,56.15490120004428
STU_016496,85.2523414356704
STU_016497,51.31908705321834
STU_016498,70.08482710619586
STU_016499,77.41735530039062
STU_016500,73.81151998761737
STU_016501,74.80606658504672
STU_016502,76.7029737219238
STU_016503,61.128206586526375
STU_016504,79.66777567723928
STU_016505,95.22379321139712
STU_016506,78.55630155795717
STU_016507,72.85373821362522
STU_016508,87.68416495610676
STU_016509,48.24706666114067
STU_016510,76.13934644467594
STU_016511,65.62912200606411
STU_016512,69.09264748905348
STU_016513,56.35264663707912
STU_016514,87.68024666477965
STU_016515,61.0116987844094
STU_016516,63.92042591736608
STU_016517,77.96402215789496
STU_016518,82.51761717308496
STU_016519,83.94041471137554
STU_016520,64.92954078321837
STU_016521,97.31460502377033
STU_016522,54.79051090627525
STU_016523,71.91539003702871
STU_016524,76.05861153270413
STU_016525,52.20895164887738
STU_016526,99.56111388570986
STU_016527,61.52261284835637
STU_016528,73.76322609881575
STU_016529,71.01009447249857
STU_016530,82.5051359682224
STU_016531,95.15275614909984
STU_016532,99.32416825990906
STU_016533,79.65862842969449
STU_016534,86.13635725680152
STU_016535,67.36062436905638
STU_016536,81.7716515294463
STU_016537,81.01504416600488
STU_016538,61.13076139992121
STU_016539,76.32997410424866
STU_016540,79.1925793227409
STU_016541,95.28531504158093
STU_016542,61.93303246330042
STU_016543,61.88949204572297
STU_016544,84.3545864602404
STU_016545,90.8117163847136
STU_016546,72.88281431147493
STU_016547,100.0
STU_016548,94.36303866667954
STU_016549,88.19286264283474
STU_016550,74.24056191698426
STU_016551,80.40328910186545
STU_016552,87.96101220168532
STU_016553,72.4812576421167
STU_016554,87.1281678710979
STU_016555,71.49269939831828
STU_016556,77.70932486376499
STU_016557,69.61562952177647
STU_016558,73.46045695934455
STU_016559,82.90741125973855
STU_016560,63.947908514095275
STU_016561,85.24183553284689
STU_016562,80.84483601401875
STU_016563,76.58637842415297
STU_016564,72.06553495517278
STU_016565,78.27577822277604
STU_016566,84.50230337438475
STU_016567,73.7726630271519
STU_016568,75.31159084938984
STU_016569,58.714614744691424
STU_016570,69.9191668582651
STU_016571,91.78368599598706
STU_016572,60.235024134720796
STU_016573,59.12051559247593
STU_016574,94.94690462301247
STU_016575,69.53743765163792
STU_016576,81.02030761076166
STU_016577,88.53574793057302
STU_016578,86.44825836212539
STU_016579,85.88838308002482
STU_016580,85.39642863653143
STU_016581,93.66202617449323
STU_016582,68.15206145699011
STU_016583,85.5740137229685
STU_016584,95.10370167943611
STU_016585,89.13440526458047
STU_016586,83.15540229535534
STU_016587,76.29123325319905
STU_016588,78.97872466084503
STU_016589,68.83896690677727
STU_016590,78.13219302193068
STU_016591,56.26744836569088
STU_016592,77.27030708198173
STU_016593,81.54887301171283
STU_016594,47.583894572260846
STU_016595,70.31302592079757
STU_016596,89.18439192713332
STU_016597,61.96270670066633
STU_016598,84.29038597498516
STU_016599,50.89647560582556
STU_016600,53.02497680024837
STU_016601,73.93150433922538
STU_016602,58.49430979594752
STU_016603,60.59518075275703
STU_016604,80.5227577529341
STU_016605,92.00969163761955
STU_016606,75.07881249135157
STU_016607,45.87880343706496
STU_016608,85.63075655493257
STU_016609,78.69264776944868
STU_016610,81.98879443342705
STU_016611,65.45018212106086
STU_016612,94.32269925892727
STU_016613,80.68600738130182
STU_016614,70.41838760762549
STU_016615,92.12071258448815
STU_016616,83.77572362813031
STU_016617,88.87990706875514
STU_016618,78.80333775374446
STU_016619,91.69787639564308
STU_016620,61.359706010536556
STU_016621,80.87311528110723
STU_016622,77.78054940325676
STU_016623,74.31907620505979
STU_016624,92.57178340538613
STU_016625,82.26193470654468
STU_016626,64.29551464800407
STU_016627,97.97277420927065
STU_016628,89.60971781265619
STU_016629,57.77231820255244
STU_016630,76.15735968002542
STU_016631,70.51855999914245
STU_016632,62.72271102195782
STU_016633,75.56085376922967
STU_016634,67.50382484042251
STU_016635,87.71934025289114
STU_016636,81.98667886621118
STU_016637,68.24692907860192
STU_016638,73.8904998096607
STU_016639,61.54238045496024
STU_016640,98.76523765852781
STU_016641,79.62771106762227
STU_016642,57.93150151930565
STU_016643,71.26933187863179
STU_016644,77.6997466313935
STU_016645,83.944667886445
STU_016646,84.4750507280084
STU_016647,68.33377132103882
STU_016648,81.9490275057131
STU_016649,84.93217301851548
STU_016650,88.97202119457155
STU_016651,83.63800949666805
STU_016652,86.33560939488248
STU_016653,83.75732975540247
STU_016654,91.76151495531639
STU_016655,74.32483655408035
STU_016656,82.02496821734341
STU_016657,83.50609859438325
STU_016658,91.36079785708348
STU_016659,77.77566107263144
STU_016660,90.57950657590638
STU_016661,67.23097552195453
STU_016662,71.59659497274403
STU_016663,86.46102136761648
STU_016664,69.42928171873939
STU_016665,77.31457813767267
STU_016666,75.36336046110952
STU_016667,71.01695737276509
STU_016668,92.99376825816334
STU_016669,70.1287404453089
STU_016670,81.7374655336846
STU_016671,96.21751497998275
STU_016672,84.2160493239887
STU_016673,67.94254522270488
STU_016674,82.01535714978644
STU_016675,70.42727278766026
STU_016676,100.0
STU_016677,92.5114392193878
STU_016678,89.24751616174945
STU_016679,90.97410291583057
STU_016680,61.61640231850967
STU_016681,93.47324842100285
STU_016682,81.62275227548893
STU_016683,79.52040170498313
STU_016684,67.98083297119692
STU_016685,77.53309377663967
STU_016686,72.25314591783095
STU_016687,94.63601828954059
STU_016688,61.88879202720089
STU_016689,73.47791899309098
STU_016690,59.171223109705934
STU_016691,77.11316512944063
STU_016692,76.69551586541135
STU_016693,73.95268771883627
STU_016694,86.07135889451676
STU_016695,78.466329555411
STU_016696,76.99946823516868
STU_016697,72.96557884960691
STU_016698,87.37729191539347
STU_016699,68.41801762773882
STU_016700,76.62180823897401
STU_016701,79.33477693974167
STU_016702,81.82678978216435
STU_016703,87.38242866190132
STU_016704,82.42416812475516
STU_016705,85.32417794641158
STU_016706,76.59465420021837
STU_016707,81.39309532739352
STU_016708,85.8651856640683
STU_016709,49.906649107710294
STU_016710,77.20112156690806
STU_016711,61.45969544842727
STU_016712,54.507024464031176
STU_016713,90.43453269279402
STU_016714,93.18086239850228
STU_016715,65.92695163563499
STU_016716,66.79703683053644
STU_016717,86.45276779287822
STU_016718,58.21821167174536
STU_016719,90.01483587987994
STU_016720,91.6680722766566
STU_016721,78.32165821475297
STU_016722,76.68165553741831
STU_016723,70.74824899498282
STU_016724,76.67339429567778
STU_016725,69.57389014297947
STU_016726,63.35977718223078
STU_016727,74.31569165664757
STU_016728,62.13948984078468
STU_016729,80.44904520336844
STU_016730,84.24504279384684
STU_016731,68.7043606017107
STU_016732,84.2457148188189
STU_016733,86.60227747728804
STU_016734,63.97053190151625
STU_016735,81.92494203543953
STU_016736,60.96190339120014
STU_016737,72.41330594126401
STU_016738,75.68766636080294
STU_016739,84.07636606415656
STU_016740,74.49010786405931
STU_016741,78.62069621008237
STU_016742,90.24859228496683
STU_016743,78.73669779659971
STU_016744,66.75111352299095
STU_016745,66.96993860475037
STU_016746,56.93183535052873
STU_016747,82.71103694979368
STU_016748,81.41663043133765
STU_016749,55.168984539537746
STU_016750,88.31793861432628
STU_016751,85.67548269048785
STU_016752,60.20277670332894
STU_016753,75.60851255821382
STU_016754,100.0
STU_016755,73.71108998574593
STU_016756,80.88950580413449
STU_016757,86.31976254126225
STU_016758,62.44386205283639
STU_016759,94.10698349500821
STU_016760,73.70954930502788
STU_016761,76.08000941991102
STU_016762,75.06355239354801
STU_016763,81.7379749710373
STU_016764,69.53988879304892
STU_016765,84.50859698264632
STU_016766,91.86446400253338
STU_016767,83.46658754488857
STU_016768,86.78002754599304
STU_016769,53.929687501095515
STU_016770,55.06319904102991
STU_016771,66.74045385477979
STU_016772,91.2625071813793
STU_016773,73.66577913826006
STU_016774,80.11130253337855
STU_016775,75.87794708681038
STU_016776,92.01027857190041
STU_016777,51.84160365931112
STU_016778,76.66863112351427
STU_016779,72.17612655068135
STU_016780,82.06017993150974
STU_016781,48.78262226611331
STU_016782,82.52569593221135
STU_016783,72.10537445305914
STU_016784,94.25553418667587
STU_016785,92.56444430055022
STU_016786,74.20079719229274
STU_016787,71.79756791800797
STU_016788,93.36319922169744
STU_016789,78.0972026871873
STU_016790,81.4019636971266
STU_016791,71.46467905147355
STU_016792,73.21199189208643
STU_016793,82.28375926754526
STU_016794,78.53739641800928
STU_016795,79.99967382316574
STU_016796,87.48566347572213
STU_016797,67.286840479119
STU_016798,77.40752234372704
STU_016799,91.34520126570634
STU_016800,63.31866347017609
STU_016801,59.01579828914442
STU_016802,66.21768737895275
STU_016803,86.61054824062123
STU_016804,90.35241188364087
STU_016805,57.70116635932428
STU_016806,77.2134707072557
STU_016807,76.27658223767084
STU_016808,85.45495664486093
STU_016809,83.28679558925599
STU_016810,54.701285942437565
STU_016811,77.25391529432909
STU_016812,73.75215173871393
STU_016813,77.94539140003155
STU_016814,89.65006267162559
STU_016815,74.47704583399292
STU_016816,72.83811023486929
STU_016817,98.64636917070224
STU_016818,57.96041699070962
STU_016819,84.50786927612474
STU_016820,82.01341237700416
STU_016821,82.90310243208799
STU_016822,76.92939238149907
STU_016823,100.0
STU_016824,80.8975565455629
STU_016825,80.48658776868061
STU_016826,71.40370262719671
STU_016827,79.06818156187461
STU_016828,77.80813285336096
STU_016829,80.84935331688457
STU_016830,76.73977279447374
STU_016831,84.19654528340801
STU_016832,77.57206095223819
STU_016833,66.30585347227733
STU_016834,84.15910892068655
STU_016835,78.84258267798046
STU_016836,86.55327783342513
STU_016837,95.22297154733674
STU_016838,90.14275697790194
STU_016839,73.40229703935776
STU_016840,82.41167040048495
STU_016841,93.96322528325965
STU_016842,73.45289267953284
STU_016843,68.58363283438706
STU_016844,86.11680636724083
STU_016845,69.15549108050337
STU_016846,71.73525713079103
STU_016847,78.50182451134499
STU_016848,62.246081549718106
STU_016849,69.61291730731985
STU_016850,71.25707644808618
STU_016851,69.11558312024782
STU_016852,87.90612478744961
STU_016853,87.3220558768633
STU_016854,87.82869621970266
STU_016855,77.30749767278584
STU_016856,91.85134461114465
STU_016857,69.3817793689082
STU_016858,58.248519673135526
STU_016859,100.0
STU_016860,96.19149521094286
STU_016861,79.1502854248872
STU_016862,91.98371688481089
STU_016863,97.90027975345392
STU_016864,51.76670225072645
STU_016865,87.8672278593983
STU_016866,66.92417255019632
STU_016867,89.20754768587142
STU_016868,75.7081305001666
STU_016869,88.1215864753056
STU_016870,64.00934479054098
STU_016871,66.18481787275071
STU_016872,80.43338495696041
STU_016873,92.3222393142252
STU_016874,72.90169000484998
STU_016875,84.98176409320297
STU_016876,67.57202565013077
STU_016877,100.0
STU_016878,61.411677398025745
STU_016879,92.94983076982061
STU_016880,89.64183045155157
STU_016881,68.89310867973941
STU_016882,74.1679038708654
STU_016883,86.44706226369838
STU_016884,72.33939141287097
STU_016885,89.98126617061065
STU_016886,84.12184215439105
STU_016887,67.67649028992837
STU_016888,86.84647279657482
STU_016889,75.22169792546302
STU_016890,72.98200221475003
STU_016891,73.19560520933229
STU_016892,82.57083405185915
STU_016893,67.01145659537143
STU_016894,81.89424575995409
STU_016895,68.87517634129696
STU_016896,65.43760929111136
STU_016897,59.13430641802273
STU_016898,96.81736350834471
STU_016899,78.62087349850228
STU_016900,95.48185866851811
STU_016901,74.40851199550009
STU_016902,89.67652515916193
STU_016903,78.94405698131094
STU_016904,87.40097005681453
STU_016905,84.7432616266424
STU_016906,71.4808615092687
STU_016907,85.06097161739568
STU_016908,66.3903274568532
STU_016909,87.33927104118872
STU_016910,72.84618738384162
STU_016911,72.56898367251787
STU_016912,71.35855392728897
STU_016913,63.531152221605566
STU_016914,89.11291768690306
STU_016915,86.35437330536061
STU_016916,79.74184245091583
STU_016917,83.07855465031342
STU_016918,51.327057361278044
STU_016919,70.41691680318891
STU_016920,74.08279151389539
STU_016921,76.10509183903925
STU_016922,72.05973944007918
STU_016923,88.04084925286301
STU_016924,51.98913182042005
STU_016925,79.34391312084412
STU_016926,75.6366126648978
STU_016927,67.09882255898145
STU_016928,72.97218402882771
STU_016929,68.01665313203029
STU_016930,90.84981444631134
STU_016931,50.95001294647252
STU_016932,81.82070276567494
STU_016933,83.10807709388038
STU_016934,69.73576385777918
STU_016935,73.43412605649527
STU_016936,63.8321368793848
STU_016937,70.09458297488493
STU_016938,89.45809247073788
STU_016939,92.14279349526313
STU_016940,86.13129835765827
STU_016941,69.5244901416981
STU_016942,77.28760573766064
STU_016943,78.93580681482004
STU_016944,78.52317542709967
STU_016945,89.83012160716173
STU_016946,83.44241689322718
STU_016947,76.01543545684233
STU_016948,73.54206077003667
STU_016949,66.5409012766601
STU_016950,70.29250479733196
STU_016951,95.84346371136698
STU_016952,62.67278943857167
STU_016953,71.64162164926634
STU_016954,70.20381810092424
STU_016955,85.48515967899428
STU_016956,88.7851665518177
STU_016957,69.98312041311156
STU_016958,73.63937944450873
STU_016959,95.83116080650372
STU_016960,85.57792989942419
STU_016961,69.06187210714047
STU_016962,79.04727421383137
STU_016963,95.42387628157115
STU_016964,90.32776078460219
STU_016965,87.19847843972121
STU_016966,80.11290837984119
STU_016967,88.56293614284534
STU_016968,94.53495729785239
STU_016969,67.23325988641143
STU_016970,77.20671886803508
STU_016971,69.26637523848146
STU_016972,92.98691589470306
STU_016973,75.03103280337172
STU_016974,79.14763925670435
STU_016975,65.94323722789004
STU_016976,73.30716392003012
STU_016977,84.82708210822312
STU_016978,70.30466028491392
STU_016979,64.16446489656147
STU_016980,85.13185616070413
STU_016981,68.63905238965478
STU_016982,78.07579897743278
STU_016983,69.62574636752777
STU_016984,70.51713727198421
STU_016985,98.06644164039517
STU_016986,85.18987753278391
STU_016987,80.61018757091581
STU_016988,73.00749772934786
STU_016989,87.21101501216484
STU_016990,79.23995425265215
STU_016991,64.07051506628606
STU_016992,79.56658727045495
STU_016993,73.63280512543088
STU_016994,64.22929773726244
STU_016995,67.20997969743624
STU_016996,92.33903370888808
STU_016997,82.3806647755036
STU_016998,90.60924092146169
STU_016999,97.59745406683895
STU_017000,86.29310450312607
STU_017001,84.0031714226906
STU_017002,95.74145187087665
STU_017003,94.20098019431958
STU_017004,69.70692924448763
STU_017005,79.49619603366845
STU_017006,83.5457347916391
STU_017007,76.0165640903878
STU_017008,77.4515342594867
STU_017009,82.35850395111989
STU_017010,73.46058329937895
STU_017011,56.1412180684357
STU_017012,59.518612209394036
STU_017013,96.19116523081215
STU_017014,81.1322101425601
STU_017015,79.17207190732753
STU_017016,88.08803742107172
STU_017017,70.29353287072519
STU_017018,75.7833142463956
STU_017019,59.04578879198617
STU_017020,71.11075431593997
STU_017021,82.39955463414759
STU_017022,76.2177352299216
STU_017023,59.81308682424394
STU_017024,61.22688436564231
STU_017025,62.207630113013245
STU_017026,83.94565441663235
STU_017027,82.80820212966067
STU_017028,76.24710530429289
STU_017029,85.64086202983225
STU_017030,89.1694922972235
STU_017031,56.500140077339516
STU_017032,91.6051604880819
STU_017033,85.71531697146756
STU_017034,75.33550284585961
STU_017035,73.41399660819988
STU_017036,87.05258399777287
STU_017037,92.68985651088617
STU_017038,96.29609077925136
STU_017039,87.3434540597419
STU_017040,99.34648027343064
STU_017041,63.16269338790148
STU_017042,82.58039610300969
STU_017043,74.8957021808606
STU_017044,95.24475023823288
STU_017045,84.6931691157314
STU_017046,80.52015170527716
STU_017047,95.46618840050321
STU_017048,67.54946796714123
STU_017049,87.00036682701091
STU_017050,71.18469704776929
STU_017051,82.56153368114414
STU_017052,91.03444406782049
STU_017053,80.61348914269678
STU_017054,88.59186770340938
STU_017055,83.62679885752976
STU_017056,82.27988898449952
STU_017057,95.1604116993965
STU_017058,81.95239388967644
STU_017059,64.2093652919389
STU_017060,66.01654066604061
STU_017061,89.70791442238779
STU_017062,65.22295916845331
STU_017063,79.46052327392147
STU_017064,71.30190554083667
STU_017065,93.57038166418758
STU_017066,69.18313785510836
STU_017067,90.72128951785498
STU_017068,72.9959573054688
STU_017069,85.51180054787065
STU_017070,81.72650810771793
STU_017071,78.55770077764072
STU_017072,74.17476307975934
STU_017073,92.65359083380366
STU_017074,84.87145281966355
STU_017075,90.07847894353975
STU_017076,56.271942080110044
STU_017077,86.44137627755003
STU_017078,67.66219741018313
STU_017079,63.37210670609505
STU_017080,58.73988210271767
STU_017081,71.69417222412243
STU_017082,84.31264898005804
STU_017083,69.73202911547054
STU_017084,57.77980703540833
STU_017085,67.07048445599945
STU_017086,89.09140612500713
STU_017087,70.35017141771102
STU_017088,89.31937612955677
STU_017089,69.26307993700458
STU_017090,88.21313705886983
STU_017091,70.64329846322396
STU_017092,87.99430002537868
STU_017093,57.770054968779775
STU_017094,82.10134547627061
STU_017095,54.72316834038943
STU_017096,60.16119848143555
STU_017097,60.69160003185232
STU_017098,48.26001380954149
STU_017099,78.74553520423073
STU_017100,84.38777772245658
STU_017101,78.50076426408533
STU_017102,80.02252577051223
STU_017103,77.0347503862046
STU_017104,83.472062715502
STU_017105,76.61475115270409
STU_017106,70.0817984056899
STU_017107,48.58050106312376
STU_017108,81.38227692701648
STU_017109,73.15289320611896
STU_017110,72.37960282102134
STU_017111,83.6357751499884
STU_017112,88.03570289856899
STU_017113,62.255657887095886
STU_017114,75.9876049657363
STU_017115,79.88533732367199
STU_017116,95.03223644237306
STU_017117,51.796597646880414
STU_017118,84.27343914332636
STU_017119,85.0886475383335
STU_017120,87.25016907513165
STU_017121,73.85440777910664
STU_017122,96.20375266097113
STU_017123,70.36234382422634
STU_017124,74.31703729531415
STU_017125,75.05584599440607
STU_017126,83.78522019339967
STU_017127,62.79838557978191
STU_017128,73.2408687656466
STU_017129,65.8332291118102
STU_017130,74.15522770376472
STU_017131,75.3087841000222
STU_017132,74.32618395079872
STU_017133,77.68278141923524
STU_017134,91.59290493150394
STU_017135,61.865800594874145
STU_017136,84.92692412382468
STU_017137,66.92350844396424
STU_017138,77.44819311970899
STU_017139,91.0514581452684
STU_017140,80.29978808220895
STU_017141,87.03870415303676
STU_017142,92.87925141857743
STU_017143,53.06876456673713
STU_017144,93.07803397188297
STU_017145,88.45279457418397
STU_017146,95.76187514846909
STU_017147,99.64056464082941
STU_017148,74.0006301732127
STU_017149,77.43925265567452
STU_017150,62.104051190548674
STU_017151,76.67356741860165
STU_017152,74.37732192007304
STU_017153,78.23877619119152
STU_017154,77.33109737035629
STU_017155,56.29437779180983
STU_017156,61.39165445471326
STU_017157,74.56315846987326
STU_017158,86.65115748342465
STU_017159,63.69774824935858
STU_017160,64.0701571146186
STU_017161,80.64666404520058
STU_017162,79.42331536908772
STU_017163,79.22917963933644
STU_017164,92.00149547551771
STU_017165,68.92975427683926
STU_017166,75.03533951595396
STU_017167,64.61512982548044
STU_017168,81.88501553566581
STU_017169,86.55008930582616
STU_017170,88.51334006827042
STU_017171,89.91047971633428
STU_017172,73.2733256925381
STU_017173,61.80290374830341
STU_017174,65.92795936701162
STU_017175,98.53825350668662
STU_017176,83.41381761246227
STU_017177,70.4527860353858
STU_017178,86.44323268193102
STU_017179,81.84869319127183
STU_017180,73.69981903213997
STU_017181,85.17706921982575
STU_017182,69.08780949463188
STU_017183,97.40607138580421
STU_017184,86.00860231268638
STU_017185,95.35779503409094
STU_017186,70.45764383931211
STU_017187,85.3308822032335
STU_017188,78.29808748687569
STU_017189,54.49701179373827
STU_017190,84.5939987595795
STU_017191,71.88239516192453
STU_017192,67.23177541804756
STU_017193,60.24729218112302
STU_017194,80.22062014746847
STU_017195,75.115359628107
STU_017196,78.48354447275243
STU_017197,79.56255803550616
STU_017198,75.40405456599692
STU_017199,76.9867123713581
STU_017200,72.86419162738324
STU_017201,68.73067735096166
STU_017202,86.9201568534155
STU_017203,78.61453246994769
STU_017204,67.88121445811564
STU_017205,85.99785826476841
STU_017206,78.38773429668777
STU_017207,90.10213598133613
STU_017208,66.78863482872103
STU_017209,61.96785474455689
STU_017210,43.36684767489598
STU_017211,87.20043121751854
STU_017212,91.76712297955366
STU_017213,92.17406158330382
STU_017214,82.78930690419317
STU_017215,64.56701347383331
STU_017216,65.98576344929623
STU_017217,100.0
STU_017218,74.13748374136503
STU_017219,88.836574682743
STU_017220,76.24653677624597
STU_017221,71.60131772003731
STU_017222,67.49042956732227
STU_017223,78.31244113398176
STU_017224,84.03564992227737
STU_017225,91.37152725762935
STU_017226,79.35327477347802
STU_017227,73.57867188360699
STU_017228,84.46987665376368
STU_017229,68.20411288012596
STU_017230,91.49654407103549
STU_017231,72.31832914691641
STU_017232,75.76486717871549
STU_017233,73.50633888993534
STU_017234,89.89083705596813
STU_017235,81.91298115863043
STU_017236,63.57608955993871
STU_017237,91.86954181236914
STU_017238,81.63568662634103
STU_017239,51.5092700713316
STU_017240,91.55279562970341
STU_017241,74.42088379725641
STU_017242,45.76942532933648
STU_017243,82.965503949318
STU_017244,73.47573875872753
STU_017245,87.63887026493651
STU_017246,86.6343013982945
STU_017247,60.049036921519814
STU_017248,64.05651835269344
STU_017249,66.08544105616551
STU_017250,59.608025239827356
STU_017251,87.43908566884707
STU_017252,63.158786261746684
STU_017253,86.86771442561941
STU_017254,46.590498876535435
STU_017255,61.99382355833309
STU_017256,52.790066363220454
STU_017257,82.7952299138611
STU_017258,76.04722644529377
STU_017259,71.50657678557278
STU_017260,71.31919077885917
STU_017261,65.43582694573274
STU_017262,72.67028446507425
STU_017263,78.82729394665641
STU_017264,71.05494444183591
STU_017265,88.98656930475276
STU_017266,57.42408160862564
STU_017267,75.23214309108806
STU_017268,75.41914108697907
STU_017269,68.98769393696766
STU_017270,83.57714827452102
STU_017271,78.14806510429719
STU_017272,59.868344557524324
STU_017273,83.91271255315206
STU_017274,83.51418768320762
STU_017275,71.79889392500918
STU_017276,58.296285455316394
STU_017277,77.46492282152057
STU_017278,91.43501091174348
STU_017279,74.13900711895614
STU_017280,80.5059712729767
STU_017281,69.97126666539047
STU_017282,76.62038854212233
STU_017283,81.92036139385489
STU_017284,85.65159095948093
STU_017285,86.42567931933453
STU_017286,76.0571842875527
STU_017287,64.91437903948274
STU_017288,63.45380216454871
STU_017289,75.46190302761514
STU_017290,88.31718105137816
STU_017291,84.85827324975865
STU_017292,66.27870752068335
STU_017293,74.64264786733595
STU_017294,65.67230488199905
STU_017295,79.76648836313936
STU_017296,73.99690912648674
STU_017297,95.18565148649739
STU_017298,70.66016286699178
STU_017299,72.61290787312755
STU_017300,66.34983440799184
STU_017301,68.14572276836932
STU_017302,72.20382581312514
STU_017303,91.36224448950283
STU_017304,86.08221746766787
STU_017305,78.23399179509623
STU_017306,81.53477427284601
STU_017307,93.70992168005301
STU_017308,91.68034578486191
STU_017309,91.157037714229
STU_017310,68.0423626099312
STU_017311,80.31047217678623
STU_017312,71.40749296220584
STU_017313,92.44940421354832
STU_017314,82.50270839902325
STU_017315,86.10331238665806
STU_017316,74.67442680839592
STU_017317,89.10100692931701
STU_017318,42.165510250027914
STU_017319,67.10259392704592
STU_017320,89.47457413646978
STU_017321,78.08349550984146
STU_017322,76.77840202666503
STU_017323,80.50719556465748
STU_017324,88.07462213797868
STU_017325,85.2918218182815
STU_017326,70.63422883765772
STU_017327,83.63025745283272
STU_017328,80.12607629573165
STU_017329,40.98972457362623
STU_017330,84.78398252012852
STU_017331,79.16120821607838
STU_017332,71.64736328609288
STU_017333,70.15809760257224
STU_017334,83.67641860046561
STU_017335,83.99843179259183
STU_017336,63.50641452686217
STU_017337,78.93015122010797
STU_017338,83.40695450822474
STU_017339,97.29563726376405
STU_017340,83.64473022222754
STU_017341,90.03554192333749
STU_017342,63.47901028078806
STU_017343,86.58548714093382
STU_017344,65.7652919843749
STU_017345,75.37069068893157
STU_017346,64.81464170349801
STU_017347,90.8587172509368
STU_017348,74.44941385258531
STU_017349,83.02401471934962
STU_017350,56.9587673077544
STU_017351,71.04184360513483
STU_017352,66.67996137927213
STU_017353,55.4801311006016
STU_017354,85.12340052645281
STU_017355,60.10526267278912
STU_017356,68.24953376295285
STU_017357,61.92773254352689
STU_017358,64.07802571266173
STU_017359,88.94771666717278
STU_017360,97.2005529123791
STU_017361,93.35950545022766
STU_017362,66.35910545177185
STU_017363,83.07432040289163
STU_017364,91.22502870399617
STU_017365,84.34374077399546
STU_017366,82.54129662636653
STU_017367,100.0
STU_017368,59.38110809847052
STU_017369,53.69517399277426
STU_017370,85.05451627167945
STU_017371,82.04064141629416
STU_017372,86.8991170667698
STU_017373,64.87572936229203
STU_017374,50.92934995623453
STU_017375,86.53014488048208
STU_017376,76.61455551207703
STU_017377,65.4727241721883
STU_017378,78.94130742767189
STU_017379,64.48932734882611
STU_017380,68.04523802916145
STU_017381,63.28391999857644
STU_017382,86.28461615517698
STU_017383,76.64670097815194
STU_017384,73.21158139793955
STU_017385,71.56944664745816
STU_017386,73.59473354338598
STU_017387,85.44519357725675
STU_017388,65.09175935937444
STU_017389,80.80363355336475
STU_017390,72.54415336967935
STU_017391,73.42789885310735
STU_017392,72.88755487205884
STU_017393,68.75533488342927
STU_017394,71.05370481644582
STU_017395,58.80449986136298
STU_017396,81.92130747318106
STU_017397,79.20572794344278
STU_017398,80.19533973628795
STU_017399,86.88080593975494
STU_017400,52.011290087092185
STU_017401,49.04241544121209
STU_017402,90.95555882516759
STU_017403,68.71984956703585
STU_017404,69.03231489321257
STU_017405,66.02954668764775
STU_017406,68.50285583497936
STU_017407,71.08719137248761
STU_017408,82.30700134260186
STU_017409,78.85589054141042
STU_017410,76.80145963827273
STU_017411,61.09024940642793
STU_017412,78.24584293023142
STU_017413,86.31265616144998
STU_017414,75.69338929709343
STU_017415,57.23808658068429
STU_017416,68.15103326619077
STU_017417,80.56649734652565
STU_017418,86.98190286460925
STU_017419,68.02350781170355
STU_017420,80.0482209244563
STU_017421,73.56815943248586
STU_017422,79.64004590697971
STU_017423,71.52964774898702
STU_017424,61.429423249519104
STU_017425,78.99893088211026
STU_017426,71.07896203258206
STU_017427,79.87776739127534
STU_017428,70.81096954025459
STU_017429,65.36059171797689
STU_017430,96.44324337034772
STU_017431,75.64734123738361
STU_017432,93.76586183942791
STU_017433,87.85430416785185
STU_017434,76.82565603659957
STU_017435,81.77787167554705
STU_017436,75.47169865905192
STU_017437,80.07249616026981
STU_017438,97.5692953404689
STU_017439,59.65576444654066
STU_017440,89.2766633965455
STU_017441,52.59513102833324
STU_017442,78.3910898448273
STU_017443,85.17789053054214
STU_017444,80.23455634916965
STU_017445,91.5604269914808
STU_017446,85.86427165997912
STU_017447,69.63976882825801
STU_017448,79.38500934924595
STU_017449,86.19430158351028
STU_017450,82.85927127070781
STU_017451,73.07486984464086
STU_017452,81.39374843117298
STU_017453,90.4393321045796
STU_017454,59.61499672772018
STU_017455,89.86479113284672
STU_017456,78.48042264644266
STU_017457,69.5636517927166
STU_017458,62.55682724413658
STU_017459,79.91383835937695
STU_017460,67.81785253249521
STU_017461,80.60984882800405
STU_017462,79.71877085256429
STU_017463,92.87910963911828
STU_017464,79.77009161738192
STU_017465,80.21671105035261
STU_017466,78.41025297167653
STU_017467,56.72338430794089
STU_017468,84.7423159646079
STU_017469,91.32627094288293
STU_017470,84.11052343186626
STU_017471,87.96348932829183
STU_017472,71.49081322293489
STU_017473,94.7465006138836
STU_017474,38.95748401190538
STU_017475,67.05080281127388
STU_017476,70.28509331387109
STU_017477,68.10666981400063
STU_017478,53.6498812863402
STU_017479,77.06075862371728
STU_017480,94.66017104396033
STU_017481,90.92028517320983
STU_017482,82.48458350050379
STU_017483,90.77350715453625
STU_017484,86.45230097005889
STU_017485,88.1749690746762
STU_017486,76.03920968362945
STU_017487,90.66263589866128
STU_017488,60.34146531963282
STU_017489,62.14776588233569
STU_017490,93.01505106033187
STU_017491,77.9933247908311
STU_017492,60.92790684544538
STU_017493,81.93004601150126
STU_017494,76.35648136141492
STU_017495,51.62786256741083
STU_017496,77.51019734346455
STU_017497,82.94568546052791
STU_017498,62.91958237133939
STU_017499,83.94938047082645
STU_017500,83.21632887088036
STU_017501,75.56853207228966
STU_017502,84.59404319157824
STU_017503,70.99962085090331
STU_017504,86.19366944502225
STU_017505,79.17577075545618
STU_017506,81.06280211764485
STU_017507,54.58643629379799
STU_017508,69.92137867327895
STU_017509,83.839642330554
STU_017510,95.4035993951878
STU_017511,71.02409366014071
STU_017512,75.2095088708938
STU_017513,82.04629506836548
STU_017514,73.6461201872231
STU_017515,76.43700457976124
STU_017516,95.26782942166594
STU_017517,83.9052488910647
STU_017518,83.11354000688885
STU_017519,89.65188480996859
STU_017520,97.25444392378732
STU_017521,62.023345821603655
STU_017522,75.41634568926261
STU_017523,79.33156951508302
STU_017524,66.82850713237495
STU_017525,68.96242688970972
STU_017526,79.93844630126141
STU_017527,81.79831957032133
STU_017528,72.30750020590921
STU_017529,96.57855677343565
STU_017530,83.13092208467745
STU_017531,88.014670982998
STU_017532,66.19849827187376
STU_017533,68.04804652942045
STU_017534,58.462463657716846
STU_017535,73.67645464601264
STU_017536,85.04933815224533
STU_017537,92.44480148090601
STU_017538,93.918115457314
STU_017539,77.72477006745453
STU_017540,96.98215406686958
STU_017541,49.37876241986772
STU_017542,70.38141099484432
STU_017543,81.43605503390742
STU_017544,95.74621271726757
STU_017545,75.10952968609126
STU_017546,71.49187513927349
STU_017547,92.162141487892
STU_017548,74.39849466198217
STU_017549,96.54074617990648
STU_017550,76.94132001413983
STU_017551,94.9339215613785
STU_017552,58.3462366491344
STU_017553,86.40603088965413
STU_017554,62.552080160008764
STU_017555,70.1096232169189
STU_017556,78.09239727870354
STU_017557,59.968757571633134
STU_017558,48.987377698521136
STU_017559,77.2091240651358
STU_017560,75.43888707820332
STU_017561,93.23773499729842
STU_017562,67.45190020109256
STU_017563,71.23189114597182
STU_017564,68.17577501634621
STU_017565,72.33341551108899
STU_017566,83.0212880393685
STU_017567,72.45607837033049
STU_017568,73.40358398887425
STU_017569,81.8917218820984
STU_017570,97.00432607918901
STU_017571,88.89986120116839
STU_017572,81.37688253175558
STU_017573,77.60592974094288
STU_017574,84.1438055486413
STU_017575,88.62476055266623
STU_017576,82.98052411333053
STU_017577,65.17414339149673
STU_017578,78.03916950651039
STU_017579,73.4776977822924
STU_017580,79.54293606249757
STU_017581,74.00222724594039
STU_017582,72.92585866183605
STU_017583,95.25706918815578
STU_017584,59.375869330561
STU_017585,57.51186052939447
STU_017586,81.80735112639263
STU_017587,64.86542407981813
STU_017588,68.99408358443061
STU_017589,88.49671602580233
STU_017590,72.77296074607719
STU_017591,91.64108466986289
STU_017592,72.28114004283455
STU_017593,61.251912417847144
STU_017594,65.45188204709156
STU_017595,96.62685944310186
STU_017596,76.60788907328077
STU_017597,89.36189023737072
STU_017598,55.64895024173155
STU_017599,66.97984185651062
STU_017600,80.16611118262874
STU_017601,71.71878836317549
STU_017602,64.24094950765527
STU_017603,87.1066937408902
STU_017604,81.21818886728406
STU_017605,72.17543689829074
STU_017606,86.82786940467403
STU_017607,80.91271665013903
STU_017608,92.74247260352027
STU_017609,71.28136598096641
STU_017610,77.69350201662763
STU_017611,75.29910869445493
STU_017612,94.77703177313899
STU_017613,86.26269892127357
STU_017614,90.34693385352134
STU_017615,70.31522720692837
STU_017616,86.77594958687162
STU_017617,88.17596139553855
STU_017618,47.11187455545719
STU_017619,65.66850594280126
STU_017620,74.64850503201063
STU_017621,85.68567445974699
STU_017622,94.2729321659628
STU_017623,57.07536329880827
STU_017624,69.64451373349554
STU_017625,71.77247767359889
STU_017626,59.1240510579721
STU_017627,60.599020072945635
STU_017628,75.85033736483557
STU_017629,73.49607869667275
STU_017630,59.58693989360059
STU_017631,52.316896297288764
STU_017632,76.6914592272875
STU_017633,76.82625098510427
STU_017634,83.63826817043659
STU_017635,76.09427564286966
STU_017636,71.37972331703226
STU_017637,90.4373020531103
STU_017638,68.16279569225286
STU_017639,85.4609114806412
STU_017640,93.29465427891199
STU_017641,98.33443641019264
STU_017642,68.00106181622101
STU_017643,72.8385534169814
STU_017644,81.62665521160831
STU_017645,83.35973828279356
STU_017646,78.50183297367624
STU_017647,64.7117225228115
STU_017648,85.56651343369268
STU_017649,96.22971075343219
STU_017650,95.41231093623537
STU_017651,73.30915215694316
STU_017652,73.64778536783612
STU_017653,97.15200767058718
STU_017654,75.45083446019227
STU_017655,84.71864146638862
STU_017656,88.24200378979492
STU_017657,54.99133557737258
STU_017658,69.25603754690421
STU_017659,100.0
STU_017660,76.24460233760195
STU_017661,80.91695125063879
STU_017662,68.24494630805371
STU_017663,80.59086561997084
STU_017664,77.43169011185947
STU_017665,68.54714030056758
STU_017666,78.26745158928688
STU_017667,75.65712594676612
STU_017668,73.49790014021282
STU_017669,74.31615731728664
STU_017670,54.40894577327167
STU_017671,72.65278908182303
STU_017672,66.91039103991763
STU_017673,77.65547657787177
STU_017674,73.73576676276761
STU_017675,74.73268349495015
STU_017676,72.66082760454337
STU_017677,81.8073761288439
STU_017678,84.1315210826458
STU_017679,86.58046984113678
STU_017680,73.8428882280269
STU_017681,87.0578685557731
STU_017682,77.17863831100057
STU_017683,76.8075645327153
STU_017684,83.84879446427703
STU_017685,73.84220124646986
STU_017686,63.09601477204872
STU_017687,77.24359682948236
STU_017688,75.12595332364788
STU_017689,89.24391095314078
STU_017690,69.43159834228427
STU_017691,77.29640766880613
STU_017692,73.5167586365918
STU_017693,65.23181484932209
STU_017694,78.64069837700906
STU_017695,92.2385130448191
STU_017696,80.54032658582179
STU_017697,45.81369322811389
STU_017698,52.523797596415555
STU_017699,91.75501331154229
STU_017700,57.51203072502707
STU_017701,53.03121924098188
STU_017702,80.20542511190362
STU_017703,77.6745712042381
STU_017704,62.96989928707771
STU_017705,63.010191635184164
STU_017706,79.07162929772024
STU_017707,48.78080695046464
STU_017708,92.27438944556272
STU_017709,87.09093193253003
STU_017710,87.58826970504091
STU_017711,100.0
STU_017712,72.09970133638535
STU_017713,77.30218872735676
STU_017714,83.36194906982698
STU_017715,70.44248742726803
STU_017716,59.747016537139885
STU_017717,72.65200654011157
STU_017718,88.7585463292959
STU_017719,75.74339570636657
STU_017720,74.70489776683019
STU_017721,84.34947496846954
STU_017722,100.0
STU_017723,72.49167002774651
STU_017724,78.7041535480601
STU_017725,92.50869838904981
STU_017726,89.73487056101237
STU_017727,86.03932600452896
STU_017728,83.80742609494143
STU_017729,73.75547088112452
STU_017730,61.968952406738815
STU_017731,61.17243174815462
STU_017732,77.09833583795178
STU_017733,64.9599750699869
STU_017734,69.93190145503172
STU_017735,69.08679214064941
STU_017736,70.3423552174956
STU_017737,60.31298122214037
STU_017738,95.51602275278475
STU_017739,82.06925585869136
STU_017740,79.27758979820706
STU_017741,88.541379075022
STU_017742,87.66157154198152
STU_017743,86.82240944684257
STU_017744,86.40930439990724
STU_017745,85.96733777639918
STU_017746,84.44912096164072
STU_017747,71.67661969237523
STU_017748,72.43644369500853
STU_017749,68.55001569084165
STU_017750,87.37063851762953
STU_017751,80.97579039528101
STU_017752,76.5413900651884
STU_017753,92.46432135168052
STU_017754,86.59861065871306
STU_017755,89.17352673552314
STU_017756,85.36217614225741
STU_017757,59.76746722888487
STU_017758,71.12750989722467
STU_017759,79.99749978593076
STU_017760,93.32043254716316
STU_017761,67.11694792652389
STU_017762,98.70212681135718
STU_017763,89.95583857193435
STU_017764,60.22938036912462
STU_017765,90.5027628152154
STU_017766,77.535081955269
STU_017767,57.84843070354322
STU_017768,68.13208625285924
STU_017769,86.13974502487778
STU_017770,75.92155230245281
STU_017771,62.192391414133894
STU_017772,75.80611709276731
STU_017773,58.97842868506731
STU_017774,99.46537640511411
STU_017775,83.6600828161695
STU_017776,82.20784868801579
STU_017777,79.31997419760805
STU_017778,85.32460157875889
STU_017779,54.03097014427254
STU_017780,74.82562926200418
STU_017781,80.0430281446418
STU_017782,71.49618650365514
STU_017783,68.32241705717558
STU_017784,81.16900565050923
STU_017785,84.65031379141402
STU_017786,77.82791043948386
STU_017787,84.41535609604827
STU_017788,74.02181309646834
STU_017789,82.95484854239602
STU_017790,57.85206912535551
STU_017791,90.9105211472041
STU_017792,69.369492726126
STU_017793,70.96919735867229
STU_017794,67.73228814817382
STU_017795,71.39198799883076
STU_017796,82.04286258831516
STU_017797,86.50293049771194
STU_017798,95.83112887901686
STU_017799,99.5848192055041
STU_017800,90.038687949368
STU_017801,75.50867537490623
STU_017802,93.5205344032899
STU_017803,63.07910883675791
STU_017804,77.84034143454389
STU_017805,73.54792059981702
STU_017806,68.60566384924671
STU_017807,95.490529191702
STU_017808,75.0095194564704
STU_017809,82.24669537697416
STU_017810,98.26546652645231
STU_017811,77.94890724351787
STU_017812,90.09679543130319
STU_017813,82.65494126020045
STU_017814,73.18262345908208
STU_017815,70.90142420845876
STU_017816,58.58935167933003
STU_017817,55.0329933714639
STU_017818,91.70865935734163
STU_017819,86.3511219525352
STU_017820,86.60771780587415
STU_017821,72.83344933458905
STU_017822,88.42567483333741
STU_017823,95.2322745253951
STU_017824,55.92533675324633
STU_017825,75.60300093869354
STU_017826,83.34966681153327
STU_017827,86.76529986143484
STU_017828,63.10381484069965
STU_017829,69.36984762659146
STU_017830,69.35846966794587
STU_017831,84.50488218236167
STU_017832,85.51478343002387
STU_017833,56.20705682938819
STU_017834,80.45851068483152
STU_017835,73.31654855242613
STU_017836,80.84250876727498
STU_017837,73.56058908826009
STU_017838,71.76743677607341
STU_017839,95.92216762909872
STU_017840,71.55024539860567
STU_017841,88.84699272007242
STU_017842,79.15442906648525
STU_017843,80.07862013776821
STU_017844,69.60385019729264
STU_017845,97.04291606055087
STU_017846,92.93755750321338
STU_017847,56.66635185261797
STU_017848,65.43286159279205
STU_017849,55.12093192978949
STU_017850,71.48351945684601
STU_017851,62.49206511261902
STU_017852,81.15286403509121
STU_017853,72.71909216117452
STU_017854,92.22237731136556
STU_017855,59.118941527303114
STU_017856,82.36244141223469
STU_017857,83.44916620935048
STU_017858,77.80646774420057
STU_017859,63.74988589035926
STU_017860,83.00854397363568
STU_017861,86.71653158676324
STU_017862,73.55051401093931
STU_017863,86.23131261110106
STU_017864,82.58237286613345
STU_017865,71.97903514757111
STU_017866,78.62962905758775
STU_017867,67.58250184889846
STU_017868,95.13675749683533
STU_017869,65.6242703898426
STU_017870,80.92770167501016
STU_017871,92.68224968173593
STU_017872,74.35915558080684
STU_017873,95.03209394409595
STU_017874,81.96097632146824
STU_017875,72.51037506753617
STU_017876,73.28182367812138
STU_017877,52.172690114380636
STU_017878,89.11315759961724
STU_017879,63.13355366581775
STU_017880,92.28475949365344
STU_017881,76.24290707055958
STU_017882,72.02636925565483
STU_017883,92.50411851939089
STU_017884,66.12681366862687
STU_017885,69.27617739893319
STU_017886,81.52760082639524
STU_017887,58.5139777077685
STU_017888,65.23394572506234
STU_017889,99.24478046223693
STU_017890,99.74022079009315
STU_017891,85.93360615380077
STU_017892,62.03331326732952
STU_017893,81.1212007680423
STU_017894,61.59097520362751
STU_017895,72.30726953872374
STU_017896,82.39742419336193
STU_017897,64.49358757877093
STU_017898,82.41476047117852
STU_017899,82.10752621588091
STU_017900,72.38638408355142
STU_017901,89.6209441310123
STU_017902,70.3795735587752
STU_017903,72.8934015935887
STU_017904,82.69545908146863
STU_017905,76.86661556985138
STU_017906,71.50211787321533
STU_017907,75.32040564531286
STU_017908,72.19663453713204
STU_017909,76.78530985086687
STU_017910,74.22707990881182
STU_017911,63.39750351333882
STU_017912,88.96889558750419
STU_017913,88.42642243014782
STU_017914,74.08022068642019
STU_017915,72.24382856356104
STU_017916,78.22036172352364
STU_017917,82.43876051087649
STU_017918,80.47700482575877
STU_017919,92.00500252321245
STU_017920,76.09258068409967
STU_017921,84.36216806577667
STU_017922,75.44542389865609
STU_017923,72.02658833283175
STU_017924,77.72185172413909
STU_017925,70.99790121043503
STU_017926,76.53415865586643
STU_017927,94.76845922212075
STU_017928,84.86992124751663
STU_017929,88.7613323133464
STU_017930,77.19861039972054
STU_017931,66.94108512685129
STU_017932,94.78432895876757
STU_017933,96.39491425988395
STU_017934,93.13835496732449
STU_017935,80.60995625684689
STU_017936,61.50654383074618
STU_017937,83.35486401238592
STU_017938,66.18751818357998
STU_017939,87.76214469542631
STU_017940,77.68490897611835
STU_017941,70.38843611290599
STU_017942,71.13737798616911
STU_017943,55.15785976132432
STU_017944,70.56463321514985
STU_017945,88.63575267328902
STU_017946,65.8251736787173
STU_017947,60.12624880878575
STU_017948,74.27326178282355
STU_017949,63.163045979652296
STU_017950,56.95559654382038
STU_017951,69.64839984782813
STU_017952,91.19533378753637
STU_017953,75.85205859784081
STU_017954,98.56932787986909
STU_017955,68.71661356885505
STU_017956,70.42414041971689
STU_017957,69.64186549069669
STU_017958,52.19349209658421
STU_017959,84.49527741377622
STU_017960,77.74837643596017
STU_017961,89.20878887604206
STU_017962,61.153326359957276
STU_017963,69.3079459560769
STU_017964,56.499961933955404
STU_017965,93.4993639147905
STU_017966,78.64748534519364
STU_017967,76.84835662880431
STU_017968,93.3973457550416
STU_017969,78.71681866302325
STU_017970,55.08495464970228
STU_017971,65.85059769105965
STU_017972,72.36159528912678
STU_017973,70.90180033427583
STU_017974,78.37664721819789
STU_017975,68.73659301088296
STU_017976,66.98699023341817
STU_017977,94.5119063493523
STU_017978,71.44776936929
STU_017979,75.28549589267811
STU_017980,61.85564118869971
STU_017981,95.73497743947341
STU_017982,73.84353566052522
STU_017983,82.2314969921349
STU_017984,74.25567420160526
STU_017985,67.8940297314737
STU_017986,67.03604560398371
STU_017987,80.85550522528834
STU_017988,70.40089392682657
STU_017989,74.17664670405466
STU_017990,74.7326682442463
STU_017991,81.59856570981852
STU_017992,52.613541426670636
STU_017993,94.37013901036404
STU_017994,89.49618081464281
STU_017995,79.99458374725685
STU_017996,58.92345835316859
STU_017997,77.56126882431437
STU_017998,88.73184825077195
STU_017999,87.23995588549408
STU_018000,94.59373169802468
STU_018001,80.04257856588417
STU_018002,57.20793935764
STU_018003,71.9358367569844
STU_018004,84.5842962165533
STU_018005,80.65545870101924
STU_018006,67.50525319995583
STU_018007,97.4585628814498
STU_018008,90.39528387711734
STU_018009,86.23046199750769
STU_018010,82.54037791572925
STU_018011,86.79077961971063
STU_018012,71.22545791743508
STU_018013,88.10278070208723
STU_018014,69.32623067924887
STU_018015,82.2008162836122
STU_018016,75.35320018724698
STU_018017,78.30665485117544
STU_018018,98.73235188310395
STU_018019,68.24534105995124
STU_018020,79.92970849418025
STU_018021,68.04249340173357
STU_018022,88.33993828967441
STU_018023,82.10873928734914
STU_018024,49.190299372624246
STU_018025,75.85375294524233
STU_018026,71.85704411898386
STU_018027,84.34467153721853
STU_018028,99.01263455918514
STU_018029,78.76026338272501
STU_018030,90.40433957036505
STU_018031,84.99288581784342
STU_018032,72.72380927886758
STU_018033,87.07196332803622
STU_018034,74.56595545251255
STU_018035,87.41794651445082
STU_018036,76.112145900261
STU_018037,45.3799507046693
STU_018038,67.04948785425835
STU_018039,78.69070594978537
STU_018040,77.21055043419588
STU_018041,62.9604712006791
STU_018042,67.9085694255872
STU_018043,87.69941797066707
STU_018044,77.87794808980966
STU_018045,77.50948357209312
STU_018046,83.83751687952287
STU_018047,63.55688705527657
STU_018048,94.62628870048005
STU_018049,93.88677480939866
STU_018050,86.0455669430401
STU_018051,67.50734232634758
STU_018052,66.4240590170762
STU_018053,68.96298722717113
STU_018054,48.46918630099137
STU_018055,99.29992712016211
STU_018056,46.92469393287789
STU_018057,64.09577571514603
STU_018058,89.3593591043067
STU_018059,88.02810362845013
STU_018060,68.07355312980347
STU_018061,78.9731750960987
STU_018062,83.07139546740162
STU_018063,75.76171536696125
STU_018064,87.07684603321313
STU_018065,84.22456515387006
STU_018066,93.9455315107019
STU_018067,93.96996231627736
STU_018068,80.633055263772
STU_018069,80.5295287307153
STU_018070,83.07281971829421
STU_018071,92.15472838299915
STU_018072,84.54017374366447
STU_018073,62.77640656881245
STU_018074,68.39910269004461
STU_018075,70.70510202234924
STU_018076,67.14416975617577
STU_018077,61.05994658548679
STU_018078,69.79000438510229
STU_018079,83.58946650287629
STU_018080,90.27793133676967
STU_018081,77.39323860776351
STU_018082,85.46649146134763
STU_018083,91.06513411762603
STU_018084,66.35132476095893
STU_018085,73.81122612783011
STU_018086,81.05588550012908
STU_018087,72.8760974260041
STU_018088,65.11621864991127
STU_018089,57.641301782232475
STU_018090,67.26922497673777
STU_018091,81.01980647624976
STU_018092,76.42805125032922
STU_018093,65.73759740131234
STU_018094,70.92588055147417
STU_018095,77.23259561064894
STU_018096,64.63547851474485
STU_018097,82.6627535204745
STU_018098,62.1655157544564
STU_018099,73.35892545125341
STU_018100,94.46739496310084
STU_018101,79.82518104202786
STU_018102,62.706824543849834
STU_018103,94.14823133706031
STU_018104,69.3065718846065
STU_018105,62.27058100124251
STU_018106,75.32355652207346
STU_018107,82.52209057727353
STU_018108,73.04813761559619
STU_018109,87.80342498756687
STU_018110,80.98683794623126
STU_018111,83.31433257111041
STU_018112,74.86588726335953
STU_018113,64.20299857740463
STU_018114,91.39017155184428
STU_018115,78.86334494910267
STU_018116,64.80060609188152
STU_018117,75.91505223108143
STU_018118,74.1916399540695
STU_018119,96.50314351104194
STU_018120,68.89424377351612
STU_018121,95.82748599104269
STU_018122,80.93889480324754
STU_018123,74.01477155973663
STU_018124,86.96845877547236
STU_018125,69.64945317998999
STU_018126,55.72591529161781
STU_018127,68.6189989008541
STU_018128,54.94636987332845
STU_018129,77.00473472036788
STU_018130,90.42686651502234
STU_018131,74.34625022263225
STU_018132,96.3468733313193
STU_018133,78.95667244487639
STU_018134,100.0
STU_018135,98.27013803788473
STU_018136,50.025067853301174
STU_018137,69.76684604419637
STU_018138,89.4664646108513
STU_018139,78.59993222236356
STU_018140,56.027230317694325
STU_018141,61.92751751436134
STU_018142,76.92638293398572
STU_018143,63.14517109559061
STU_018144,62.38741689579183
STU_018145,80.44415796858392
STU_018146,55.63861070603868
STU_018147,84.41115392039984
STU_018148,75.96839844819075
STU_018149,63.311657204831306
STU_018150,83.58823468879221
STU_018151,73.14632235797063
STU_018152,62.534610666466655
STU_018153,80.21480491353903
STU_018154,66.90376748868503
STU_018155,89.54073870059923
STU_018156,96.21973811006119
STU_018157,59.468425691217355
STU_018158,66.66567689205857
STU_018159,65.49462358364342
STU_018160,67.95079336471987
STU_018161,83.36170424571016
STU_018162,67.3481873622039
STU_018163,93.74759769254096
STU_018164,73.8292262223487
STU_018165,61.313311772711685
STU_018166,78.62807291754672
STU_018167,83.58618782098964
STU_018168,82.03765197627251
STU_018169,70.77541950929596
STU_018170,53.644982187400444
STU_018171,65.50865842091737
STU_018172,83.86450324512086
STU_018173,77.65301323174162
STU_018174,83.86924523885205
STU_018175,76.89808114069461
STU_018176,80.70223500548727
STU_018177,76.56643012647814
STU_018178,71.88362653558275
STU_018179,72.52295807498663
STU_018180,91.52977479909134
STU_018181,74.25113228235706
STU_018182,78.11782310487501
STU_018183,71.64803647612008
STU_018184,60.32320398708955
STU_018185,70.60297489668
STU_018186,90.28583038981334
STU_018187,65.02907088187007
STU_018188,85.00965081058187
STU_018189,76.32911917268329
STU_018190,75.74044543653866
STU_018191,77.81742865691095
STU_018192,77.59989366608417
STU_018193,80.44212358423809
STU_018194,75.08365840639968
STU_018195,87.55592438944535
STU_018196,56.449059697654626
STU_018197,90.50437791851097
STU_018198,79.54818822068297
STU_018199,75.02551565041794
STU_018200,85.39397362920535
STU_018201,76.82737985073706
STU_018202,49.13060159356921
STU_018203,82.0885076609709
STU_018204,78.1571219030306
STU_018205,69.4385007743468
STU_018206,75.89832936627997
STU_018207,76.06655346865395
STU_018208,76.03806705316154
STU_018209,61.99926956194769
STU_018210,85.40267162866368
STU_018211,98.37722877290865
STU_018212,77.18315298134983
STU_018213,56.60930201327962
STU_018214,80.38055824885248
STU_018215,75.68700147656004
STU_018216,78.95010955093295
STU_018217,60.91192526506459
STU_018218,75.65503296211278
STU_018219,86.13135144129258
STU_018220,81.78306646241893
STU_018221,94.3169988060572
STU_018222,84.58327411914121
STU_018223,84.57433451696131
STU_018224,84.36218959137999
STU_018225,75.96112823709736
STU_018226,81.51023836461454
STU_018227,76.67393209368609
STU_018228,79.24730911146487
STU_018229,77.59815277502348
STU_018230,86.05530448065686
STU_018231,75.94707707922772
STU_018232,64.69252384849086
STU_018233,57.92211232716383
STU_018234,94.0068269639763
STU_018235,82.5049456113535
STU_018236,100.0
STU_018237,64.12132767920828
STU_018238,76.64566080580192
STU_018239,90.51046824244864
STU_018240,57.74227614030666
STU_018241,85.04387648422812
STU_018242,75.44279372844755
STU_018243,82.50969830908396
STU_018244,91.32847569527091
STU_018245,76.33121597495511
STU_018246,80.71408084635007
STU_018247,56.156133418377074
STU_018248,77.55019733327136
STU_018249,75.23331442791154
STU_018250,69.78998304244313
STU_018251,73.38009794162448
STU_018252,95.45546519138327
STU_018253,62.4752590026861
STU_018254,86.33798549297333
STU_018255,77.87352347041268
STU_018256,90.38943381078539
STU_018257,76.59463369610141
STU_018258,85.7582428369575
STU_018259,88.32928895662265
STU_018260,85.28838595922673
STU_018261,76.32756028743336
STU_018262,61.99288275450169
STU_018263,83.028967672334
STU_018264,81.08343709109856
STU_018265,82.02279079051004
STU_018266,85.82183172158976
STU_018267,69.50096329967579
STU_018268,80.62481019878282
STU_018269,68.7572338510357
STU_018270,66.34174799171421
STU_018271,72.80030266980577
STU_018272,53.037958550680635
STU_018273,94.87759878642572
STU_018274,68.62533724757827
STU_018275,87.9613166506334
STU_018276,85.68688501296145
STU_018277,85.10908734618889
STU_018278,78.81293038913122
STU_018279,59.54636017398145
STU_018280,86.87434714271333
STU_018281,94.95095075839279
STU_018282,71.7243397944494
STU_018283,68.18150548268757
STU_018284,66.45986532660729
STU_018285,87.3743751401392
STU_018286,65.35630013352237
STU_018287,90.65698060540578
STU_018288,68.48968082189374
STU_018289,84.48342957392843
STU_018290,65.89815622302211
STU_018291,73.27727592206438
STU_018292,82.26070733290938
STU_018293,70.87602580887285
STU_018294,81.71206448253008
STU_018295,51.13175531885449
STU_018296,84.70748993650567
STU_018297,81.26924442985387
STU_018298,97.30721909261638
STU_018299,65.07671897664255
STU_018300,83.16304624695968
STU_018301,71.93248509257067
STU_018302,71.93275884908232
STU_018303,96.17782868440605
STU_018304,66.79656390780268
STU_018305,65.04091991341093
STU_018306,69.04646125880124
STU_018307,74.10303536538022
STU_018308,85.35140162449713
STU_018309,72.88236284243908
STU_018310,90.56611092071554
STU_018311,71.87492012408399
STU_018312,74.86255668937608
STU_018313,84.89115815780062
STU_018314,69.58064740276821
STU_018315,92.7387688236089
STU_018316,72.53689914526763
STU_018317,86.86779587557717
STU_018318,65.31771989860835
STU_018319,57.52684241998114
STU_018320,85.9549882239508
STU_018321,90.70168946698521
STU_018322,75.2895097977536
STU_018323,100.0
STU_018324,59.34551122827945
STU_018325,74.89034412014544
STU_018326,72.6370347669058
STU_018327,87.37822086264693
STU_018328,71.62985418315156
STU_018329,77.39326053512558
STU_018330,53.62779620418
STU_018331,81.78057744344213
STU_018332,92.17497847191763
STU_018333,62.346494043815596
STU_018334,86.1703229149551
STU_018335,66.8865985085688
STU_018336,75.99964895257145
STU_018337,72.5063565209951
STU_018338,69.6894025824495
STU_018339,84.56999952915494
STU_018340,86.60534314047078
STU_018341,68.40235437279313
STU_018342,60.89534418981364
STU_018343,58.04644920519225
STU_018344,81.25921133906928
STU_018345,73.8654359224542
STU_018346,76.5829810117792
STU_018347,74.52269593899538
STU_018348,96.41796183269555
STU_018349,78.96465449071745
STU_018350,86.21589663857931
STU_018351,78.72449415251279
STU_018352,87.85834175028862
STU_018353,84.4602025241137
STU_018354,98.58829504709779
STU_018355,73.85785335898802
STU_018356,77.12905678997726
STU_018357,67.44070144529073
STU_018358,80.01603842261824
STU_018359,97.51684271707332
STU_018360,93.16108374022973
STU_018361,56.31698182344564
STU_018362,68.32382662103075
STU_018363,48.62092847562702
STU_018364,86.56559088539
STU_018365,87.93192351027949
STU_018366,62.84512115768762
STU_018367,79.46942411498152
STU_018368,69.77965315098564
STU_018369,78.82189306377256
STU_018370,60.535944183840726
STU_018371,82.7065466198483
STU_018372,90.50204477101772
STU_018373,67.98700483056956
STU_018374,79.05732346114011
STU_018375,70.91506208955376
STU_018376,79.72897941002425
STU_018377,86.31681485477333
STU_018378,89.64824355553309
STU_018379,56.55756445637776
STU_018380,81.93349142563642
STU_018381,73.54809013922649
STU_018382,83.48616282123147
STU_018383,90.43903222250538
STU_018384,68.3474349427022
STU_018385,94.00844011426827
STU_018386,73.63651806022625
STU_018387,83.1821803047502
STU_018388,97.40157931349589
STU_018389,64.6439148302388
STU_018390,59.53194140020812
STU_018391,81.18645068609338
STU_018392,99.10255098879921
STU_018393,76.57793509645319
STU_018394,82.31754651520049
STU_018395,76.92692502592476
STU_018396,64.53020184427443
STU_018397,67.64735817534243
STU_018398,79.74033077842154
STU_018399,100.0
STU_018400,69.89541272885967
STU_018401,80.04509377476398
STU_018402,77.15579672027742
STU_018403,87.65733719218599
STU_018404,84.66964378366885
STU_018405,83.68658333833639
STU_018406,69.66960878888291
STU_018407,94.26492679572551
STU_018408,86.82019261770391
STU_018409,63.756365892630875
STU_018410,95.35121319089606
STU_018411,70.82593993314566
STU_018412,75.70648591451382
STU_018413,87.21744968513224
STU_018414,96.57335168736225
STU_018415,72.21758313015778
STU_018416,85.36102587632077
STU_018417,65.7967028710167
STU_018418,95.87803583405517
STU_018419,80.33508739805221
STU_018420,89.52794889242523
STU_018421,87.09999015068381
STU_018422,90.23462448505725
STU_018423,80.94516441451626
STU_018424,58.349764468350905
STU_018425,91.15168670650215
STU_018426,71.64673018401457
STU_018427,74.21348157182695
STU_018428,77.88034176849726
STU_018429,94.833855529223
STU_018430,65.77710912245418
STU_018431,80.43469575087147
STU_018432,90.18664133208858
STU_018433,71.16303031405201
STU_018434,77.17525183006761
STU_018435,67.67986048599577
STU_018436,80.49188992718118
STU_018437,88.90825151138695
STU_018438,64.3501418028417
STU_018439,96.26899038752802
STU_018440,79.97904539949364
STU_018441,75.38045122778223
STU_018442,79.18250412998384
STU_018443,63.13206231671316
STU_018444,65.45202384293711
STU_018445,94.25336696028148
STU_018446,80.20606426128984
STU_018447,92.02918917386839
STU_018448,73.93087101356403
STU_018449,91.78137966618795
STU_018450,73.23486016005897
STU_018451,68.28363193537368
STU_018452,56.66876808198377
STU_018453,67.57187029557942
STU_018454,56.64386190806488
STU_018455,58.21405419344026
STU_018456,77.23011190799997
STU_018457,58.41551170349855
STU_018458,73.4198533515034
STU_018459,60.64012534446668
STU_018460,71.32398674116247
STU_018461,91.14182243995278
STU_018462,59.72140129977124
STU_018463,80.18841199481054
STU_018464,68.24498881996145
STU_018465,76.46993944649859
STU_018466,68.40896189755782
STU_018467,83.50469503274267
STU_018468,71.02778964659967
STU_018469,79.38779108820827
STU_018470,89.18754515500694
STU_018471,86.12601122581108
STU_018472,64.97147031535523
STU_018473,84.36890088257746
STU_018474,88.19305395250042
STU_018475,75.66889178349746
STU_018476,79.05396618695615
STU_018477,55.62803794374182
STU_018478,98.8353019488488
STU_018479,94.01052354817338
STU_018480,87.04902927684424
STU_018481,69.71588903204305
STU_018482,62.90617056749177
STU_018483,88.73578822651938
STU_018484,81.15753879700162
STU_018485,73.04520965611287
STU_018486,70.63474771268011
STU_018487,66.25066262308077
STU_018488,73.32248810260366
STU_018489,61.78289892912931
STU_018490,77.80825844042796
STU_018491,81.27036328847294
STU_018492,76.36889460570018
STU_018493,84.51990802102
STU_018494,79.97127274573918
STU_018495,80.6389268836286
STU_018496,68.53901036223347
STU_018497,93.1697860281434
STU_018498,72.62846261704844
STU_018499,70.4246436706409
STU_018500,80.87490198604846
STU_018501,99.5652225483479
STU_018502,69.45500205727578
STU_018503,48.29537974356213
STU_018504,99.58316981498679
STU_018505,70.81296202898389
STU_018506,78.45176256520823
STU_018507,75.17229128124744
STU_018508,80.07737383097017
STU_018509,63.985051687067575
STU_018510,83.29537800676603
STU_018511,79.81215450923854
STU_018512,76.730155079351
STU_018513,81.33142860861062
STU_018514,60.06097196573681
STU_018515,70.74073332589344
STU_018516,65.55326084116801
STU_018517,86.90468849566341
STU_018518,62.82133251284027
STU_018519,58.63129475612759
STU_018520,85.48119021630218
STU_018521,74.16797000831855
STU_018522,80.16022781181071
STU_018523,85.90186776553699
STU_018524,91.90653821948007
STU_018525,75.19529212362772
STU_018526,59.042412189640814
STU_018527,80.09185869315189
STU_018528,87.06695234279377
STU_018529,80.20359648301714
STU_018530,75.47041511941485
STU_018531,88.8166825854664
STU_018532,66.2087178347483
STU_018533,73.34565801469651
STU_018534,69.48057965089474
STU_018535,85.4135588860669
STU_018536,99.73540916274027
STU_018537,85.27472412897583
STU_018538,74.41154471980552
STU_018539,62.80561780813879
STU_018540,83.02769697772246
STU_018541,66.47499312645053
STU_018542,90.01312282100301
STU_018543,78.23510306243642
STU_018544,74.29020166646546
STU_018545,71.76612508027026
STU_018546,91.86243012190643
STU_018547,73.93844578225537
STU_018548,84.69028861316801
STU_018549,80.91674752170708
STU_018550,75.27326454792657
STU_018551,79.13851426444955
STU_018552,66.37008979010487
STU_018553,72.44762270704759
STU_018554,66.35764777580916
STU_018555,58.865726102578826
STU_018556,83.01926479340793
STU_018557,69.08232559729812
STU_018558,66.41739854478145
STU_018559,72.42784397933508
STU_018560,78.6444057642265
STU_018561,79.1378031864619
STU_018562,87.30263752718265
STU_018563,78.84369863507989
STU_018564,82.50716864240789
STU_018565,61.33905099942371
STU_018566,67.54690147609065
STU_018567,89.11249538613457
STU_018568,83.5773053380717
STU_018569,83.13772982651139
STU_018570,71.76332906859689
STU_018571,78.62640981140679
STU_018572,65.79246134924811
STU_018573,82.35465261633901
STU_018574,73.66423520894813
STU_018575,73.19843097716006
STU_018576,80.54310862218003
STU_018577,71.04923049139639
STU_018578,81.00793601305749
STU_018579,53.36726126199179
STU_018580,94.95276372756557
STU_018581,73.54068762217864
STU_018582,80.71581850408444
STU_018583,91.38088456419193
STU_018584,83.36338859918087
STU_018585,73.2959149001859
STU_018586,91.36205444382526
STU_018587,91.72990370791433
STU_018588,53.518703349465085
STU_018589,85.03593919723694
STU_018590,74.65825409760754
STU_018591,89.04319621944504
STU_018592,54.89118630301826
STU_018593,85.08090977406212
STU_018594,70.78677602738495
STU_018595,74.30932391353498
STU_018596,60.66456890153325
STU_018597,75.00882438919662
STU_018598,67.21223863954867
STU_018599,63.378553522757635
STU_018600,84.55209643217513
STU_018601,66.33511474259889
STU_018602,70.80614469470619
STU_018603,71.51447695071317
STU_018604,75.6612557517161
STU_018605,47.114855153307865
STU_018606,72.2496711962356
STU_018607,89.50158564325619
STU_018608,93.21231855916997
STU_018609,89.0363625263426
STU_018610,100.0
STU_018611,69.5328852748105
STU_018612,77.92666010139465
STU_018613,84.39027362479703
STU_018614,75.67786365224153
STU_018615,55.643647798931454
STU_018616,83.41419368069944
STU_018617,72.19957236616455
STU_018618,69.7021785739463
STU_018619,71.25004203459193
STU_018620,89.69786351132102
STU_018621,64.60457693023496
STU_018622,78.7788271390161
STU_018623,68.3198658924048
STU_018624,79.13567430355921
STU_018625,83.92405670372416
STU_018626,68.97930761880764
STU_018627,71.98527116213425
STU_018628,63.12866832383031
STU_018629,75.10337144889132
STU_018630,64.77601781768551
STU_018631,93.26389722156806
STU_018632,88.41671516252106
STU_018633,76.14110992622294
STU_018634,72.40230657529833
STU_018635,75.89796124145887
STU_018636,77.34772690113127
STU_018637,70.70475598127175
STU_018638,99.45377246414556
STU_018639,89.29911419396575
STU_018640,72.4234850816792
STU_018641,65.89046076250837
STU_018642,78.65065448935623
STU_018643,70.93580605749786
STU_018644,57.95999291182459
STU_018645,95.42502908642389
STU_018646,67.17369012305139
STU_018647,95.224231264237
STU_018648,63.98960114015218
STU_018649,60.76163632844474
STU_018650,76.65775490098085
STU_018651,69.76493451299234
STU_018652,83.37801093693292
STU_018653,78.43430028641245
STU_018654,78.10694216830002
STU_018655,69.88112980028886
STU_018656,73.27231768553834
STU_018657,86.45442213013295
STU_018658,85.25755529404584
STU_018659,82.29491981533951
STU_018660,78.94224682742252
STU_018661,61.25529804189392
STU_018662,69.19041008413376
STU_018663,77.87691025785597
STU_018664,55.191695926699545
STU_018665,70.11095665494139
STU_018666,64.37197253296176
STU_018667,59.89843570930924
STU_018668,48.293283025912416
STU_018669,76.82010620373269
STU_018670,68.98206596947938
STU_018671,60.241626964073916
STU_018672,75.72259452187782
STU_018673,66.98113847884129
STU_018674,66.42255981581621
STU_018675,79.20161578986232
STU_018676,68.33830474493183
STU_018677,70.38756533493178
STU_018678,89.41049381234572
STU_018679,89.14579488677266
STU_018680,61.69175011230936
STU_018681,82.77561643988327
STU_018682,85.53574521075666
STU_018683,75.44528711089956
STU_018684,88.22449437149842
STU_018685,73.44122518290709
STU_018686,86.39412970472128
STU_018687,72.97449414671333
STU_018688,67.03949681807703
STU_018689,82.24393110987816
STU_018690,68.24285639239001
STU_018691,71.85489393741987
STU_018692,75.33399935457079
STU_018693,69.08733468625056
STU_018694,86.97652625918224
STU_018695,79.41468957745441
STU_018696,68.33551176521821
STU_018697,81.11830181312699
STU_018698,86.15662669119735
STU_018699,70.10406560741852
STU_018700,100.0
STU_018701,72.70348020902483
STU_018702,83.6284491005056
STU_018703,61.852673930418405
STU_018704,86.74807316396182
STU_018705,72.49638745811387
STU_018706,89.85567897714324
STU_018707,64.96166835879606
STU_018708,74.3075114091979
STU_018709,93.21834378005192
STU_018710,83.39515404046074
STU_018711,66.48415617440348
STU_018712,89.40401354933545
STU_018713,75.9408256128353
STU_018714,81.96302013253646
STU_018715,99.44029079166846
STU_018716,68.2250528947219
STU_018717,74.90830744145518
STU_018718,60.83460347825315
STU_018719,79.6636274047312
STU_018720,67.1611439720257
STU_018721,88.64078207051972
STU_018722,59.38467902218202
STU_018723,59.52827468878034
STU_018724,72.79788878625988
STU_018725,78.60381440648037
STU_018726,71.7360136132662
STU_018727,88.32301408322098
STU_018728,76.87093272972547
STU_018729,89.98593013314108
STU_018730,86.98561510102246
STU_018731,71.83497945895827
STU_018732,76.56249867667871
STU_018733,92.59246457436626
STU_018734,84.00272625768531
STU_018735,79.0188032897665
STU_018736,60.64468968850342
STU_018737,75.82173572939598
STU_018738,72.88109869490722
STU_018739,81.14580391486246
STU_018740,71.01825480166752
STU_018741,49.644021664423576
STU_018742,89.15832549319997
STU_018743,62.66006076875067
STU_018744,97.64669652246053
STU_018745,81.03135668172476
STU_018746,70.25343181275696
STU_018747,88.87471863975256
STU_018748,59.289766572792686
STU_018749,57.59345391818783
STU_018750,86.73725861156105
STU_018751,82.02804036413275
STU_018752,62.60304153311952
STU_018753,60.74699419204159
STU_018754,89.31463577147598
STU_018755,91.18760034164856
STU_018756,70.3563956789258
STU_018757,89.69125769572936
STU_018758,90.5921437017542
STU_018759,90.17041798187377
STU_018760,77.75093358260543
STU_018761,74.69605222644482
STU_018762,79.1672727133947
STU_018763,65.69765483807404
STU_018764,88.18811474222824
STU_018765,78.88452581161769
STU_018766,67.30990738414864
STU_018767,78.49957303599177
STU_018768,82.14358672010047
STU_018769,54.400137203392944
STU_018770,81.88117221360417
STU_018771,69.84046180602111
STU_018772,91.64154381639221
STU_018773,80.66520899305391
STU_018774,66.71625917617983
STU_018775,88.12163735210827
STU_018776,90.42899211741293
STU_018777,61.31507704816051
STU_018778,97.71075342639098
STU_018779,91.21523789482639
STU_018780,62.33731916963369
STU_018781,90.84287849414521
STU_018782,95.21233176259742
STU_018783,83.28679320818956
STU_018784,82.79339990454292
STU_018785,85.73192880892023
STU_018786,71.97792407236429
STU_018787,62.859321526371794
STU_018788,75.664986541153
STU_018789,71.87925528620427
STU_018790,89.97577560096325
STU_018791,69.77878838875077
STU_018792,60.40972025702647
STU_018793,60.99036769093027
STU_018794,63.88831848503951
STU_018795,86.83382088555004
STU_018796,61.8317103820687
STU_018797,63.436050277410985
STU_018798,62.174696247121815
STU_018799,84.6841616076992
STU_018800,81.87151482544438
STU_018801,79.80305889062457
STU_018802,74.92634721293588
STU_018803,70.87538723125172
STU_018804,65.44701766961813
STU_018805,65.38606317302227
STU_018806,84.74534323517005
STU_018807,77.61334428702827
STU_018808,67.22065120313613
STU_018809,88.05371313156925
STU_018810,78.33166724512296
STU_018811,57.56099729450427
STU_018812,81.34049562347894
STU_018813,69.82599209833562
STU_018814,53.384218858302575
STU_018815,86.22999397164602
STU_018816,66.07173208132639
STU_018817,72.4005840864782
STU_018818,83.00376456550619
STU_018819,71.93403589440493
STU_018820,90.8723114100634
STU_018821,83.1719753100114
STU_018822,75.17889656046539
STU_018823,94.99091265266922
STU_018824,69.87460048961755
STU_018825,73.69161081852371
STU_018826,69.22352074501462
STU_018827,71.82027089864035
STU_018828,67.88193449045299
STU_018829,67.1890866099211
STU_018830,85.06284429323678
STU_018831,87.35998642601596
STU_018832,86.88457494524017
STU_018833,60.801572729614804
STU_018834,53.192718787879386
STU_018835,61.15912277827847
STU_018836,75.83084550024589
STU_018837,74.80557074845989
STU_018838,63.4271038349837
STU_018839,80.59774548788775
STU_018840,83.19123469567802
STU_018841,86.80530116023247
STU_018842,83.48207119749682
STU_018843,79.20196248618242
STU_018844,71.94994176107349
STU_018845,82.32945210478556
STU_018846,97.060576084079
STU_018847,96.78075104886135
STU_018848,83.38336116150687
STU_018849,71.95011906149706
STU_018850,77.91804871995043
STU_018851,67.05779341458847
STU_018852,54.74632097804133
STU_018853,65.21049539824301
STU_018854,64.45762256541958
STU_018855,74.43602206033222
STU_018856,64.18018704121508
STU_018857,83.97914623605928
STU_018858,81.70637833177085
STU_018859,92.82400585579265
STU_018860,71.18460645643101
STU_018861,77.7786076246307
STU_018862,85.25509225325779
STU_018863,72.70463273645905
STU_018864,64.76945985818122
STU_018865,76.04842990887796
STU_018866,72.15577096086187
STU_018867,64.27341028384984
STU_018868,82.33207761606398
STU_018869,71.787464598617
STU_018870,86.45105230450079
STU_018871,96.18177188219266
STU_018872,83.66764903798051
STU_018873,73.27953983842264
STU_018874,82.24763456362591
STU_018875,99.56896833910906
STU_018876,68.93473627631502
STU_018877,59.640780496311535
STU_018878,94.61388821859055
STU_018879,87.49766490287297
STU_018880,81.555871085967
STU_018881,64.38129409306886
STU_018882,71.18888695995327
STU_018883,73.24382763273171
STU_018884,89.76347716995636
STU_018885,59.53046055234997
STU_018886,86.17035335022074
STU_018887,71.08467552046544
STU_018888,91.21306194394182
STU_018889,67.16525405133537
STU_018890,48.527064974135456
STU_018891,77.98963299477276
STU_018892,80.92551477779277
STU_018893,83.70295041672128
STU_018894,96.86464733794469
STU_018895,78.83050732773734
STU_018896,83.5332980056471
STU_018897,71.2264144396641
STU_018898,67.52800280432491
STU_018899,73.35796537927295
STU_018900,74.29657046503812
STU_018901,83.15344885968304
STU_018902,96.88850694354161
STU_018903,86.57067598763875
STU_018904,79.60033151505917
STU_018905,66.15624728416896
STU_018906,79.49037423096841
STU_018907,77.20910198848695
STU_018908,70.68725157831551
STU_018909,78.27793275787525
STU_018910,77.78816431138918
STU_018911,56.47767403089231
STU_018912,85.2096011875833
STU_018913,69.3576799285376
STU_018914,71.66530201977695
STU_018915,77.34629629776568
STU_018916,63.3771598732701
STU_018917,82.98359425989779
STU_018918,90.8320049753663
STU_018919,83.48874199946196
STU_018920,64.73757087475859
STU_018921,75.49918805335179
STU_018922,62.93528743764334
STU_018923,97.14047164046043
STU_018924,69.48275382451455
STU_018925,76.2487804179629
STU_018926,83.71896081212682
STU_018927,77.21532803728616
STU_018928,71.12741245822718
STU_018929,76.15451948251967
STU_018930,58.361573650126495
STU_018931,59.668384368958684
STU_018932,59.57724632245664
STU_018933,72.71535532653249
STU_018934,73.46150052397748
STU_018935,70.26396663883887
STU_018936,70.80292786928734
STU_018937,83.24883239354679
STU_018938,85.0488800389131
STU_018939,68.60894193523569
STU_018940,80.50588737312448
STU_018941,87.82577162804597
STU_018942,61.28188400777828
STU_018943,80.86394508345957
STU_018944,76.86014968740893
STU_018945,76.95068331668917
STU_018946,80.3492433006677
STU_018947,68.68737956528847
STU_018948,71.68590898227971
STU_018949,76.82464122045627
STU_018950,87.36606932328786
STU_018951,69.28408752778411
STU_018952,68.05844788199849
STU_018953,71.72301217639043
STU_018954,81.6625846505143
STU_018955,71.58502757933847
STU_018956,63.05380147045607
STU_018957,69.61140464423332
STU_018958,84.39485274452588
STU_018959,80.09466502636703
STU_018960,74.31177061918346
STU_018961,69.8075049185242
STU_018962,82.63420763835968
STU_018963,89.0958447224256
STU_018964,66.40045277618644
STU_018965,82.76992005986773
STU_018966,96.95738392181988
STU_018967,96.27066564336803
STU_018968,78.44176614768145
STU_018969,77.48470438952305
STU_018970,90.24352553771756
STU_018971,57.725902066491145
STU_018972,76.96462286331364
STU_018973,83.11599852742523
STU_018974,66.17504860549796
STU_018975,79.25575983823376
STU_018976,75.87202275051337
STU_018977,86.84755051138863
STU_018978,81.90458452911466
STU_018979,63.887903930231204
STU_018980,78.21082264252288
STU_018981,59.57952703159075
STU_018982,73.9266212662174
STU_018983,74.55182633510422
STU_018984,75.81826687034376
STU_018985,82.08620853057417
STU_018986,82.74935659129137
STU_018987,82.86965392466124
STU_018988,73.24272834421627
STU_018989,82.90255414744259
STU_018990,88.4534846180157
STU_018991,62.73173303349009
STU_018992,76.27347506525741
STU_018993,76.33298224444107
STU_018994,84.46869804000114
STU_018995,92.23333016217586
STU_018996,65.74679997100728
STU_018997,71.30975623554224
STU_018998,71.86447261498225
STU_018999,89.97345534316591
STU_019000,75.37268252242114
STU_019001,62.40442320530403
STU_019002,67.51501380791365
STU_019003,83.9158749918544
STU_019004,80.07172242545145
STU_019005,91.48972661927502
STU_019006,87.42725680468442
STU_019007,100.0
STU_019008,80.36762633047626
STU_019009,99.5230521060372
STU_019010,58.339777996113725
STU_019011,86.58562357955498
STU_019012,77.64794997638211
STU_019013,63.521671035814194
STU_019014,100.0
STU_019015,58.151505603510245
STU_019016,64.27429703715241
STU_019017,92.71916725277983
STU_019018,73.57036609229233
STU_019019,71.60218674963409
STU_019020,94.31845067487554
STU_019021,46.237283138751955
STU_019022,73.18520474995036
STU_019023,89.91414023121816
STU_019024,71.28003703719946
STU_019025,93.34148524915972
STU_019026,93.71565339622043
STU_019027,80.57423266640393
STU_019028,64.78453602482045
STU_019029,62.244797071781946
STU_019030,71.63793616641303
STU_019031,83.60805486387795
STU_019032,82.80212926305155
STU_019033,79.27930113376073
STU_019034,75.39422177304196
STU_019035,83.16452639763182
STU_019036,90.26296459723653
STU_019037,85.44924210465848
STU_019038,70.80619585202666
STU_019039,78.62956961895438
STU_019040,71.37993058508556
STU_019041,77.67830285447405
STU_019042,82.11392155491781
STU_019043,88.56314142330693
STU_019044,84.25439961754219
STU_019045,75.84719903020695
STU_019046,67.82999396897524
STU_019047,53.422962434826644
STU_019048,84.92942184729566
STU_019049,57.69566913147601
STU_019050,83.33534282490533
STU_019051,67.4562358850616
STU_019052,65.31751338874022
STU_019053,79.73934482488323
STU_019054,71.97922700182832
STU_019055,58.91591208460673
STU_019056,80.60806933095009
STU_019057,80.93959301825643
STU_019058,79.54592221816938
STU_019059,54.65611039064288
STU_019060,71.17993806849412
STU_019061,57.70013191933623
STU_019062,82.8850920290434
STU_019063,72.61314128697431
STU_019064,66.06340957789976
STU_019065,87.64753288460844
STU_019066,61.96789119136701
STU_019067,79.40303189277688
STU_019068,66.72507389211029
STU_019069,59.479007775895106
STU_019070,76.65415353414534
STU_019071,65.85660292460341
STU_019072,98.43907267830336
STU_019073,69.55655389138956
STU_019074,70.86756702047913
STU_019075,71.98829705130265
STU_019076,61.403252866698594
STU_019077,92.6201036881862
STU_019078,90.70547570443142
STU_019079,86.02753030652032
STU_019080,61.724377455010185
STU_019081,80.42092533479868
STU_019082,87.97001533291535
STU_019083,58.430565320351924
STU_019084,55.99184470750949
STU_019085,65.17773085026143
STU_019086,48.520198174529725
STU_019087,71.31290825652613
STU_019088,71.87763544281908
STU_019089,79.35766455720552
STU_019090,85.8041911377346
STU_019091,79.07182752807914
STU_019092,81.76718827655824
STU_019093,74.8259105574226
STU_019094,86.59652917578191
STU_019095,75.07312569421289
STU_019096,83.05877752445687
STU_019097,84.5900490837975
STU_019098,64.76701253956087
STU_019099,71.92760935997434
STU_019100,73.9298926907758
STU_019101,65.79127151703241
STU_019102,76.1188581935744
STU_019103,85.61857515180169
STU_019104,67.0540239474838
STU_019105,66.54070841706368
STU_019106,64.16387378375158
STU_019107,86.68567738502163
STU_019108,75.43329460137932
STU_019109,96.78889909776358
STU_019110,93.32060641306849
STU_019111,75.43374492734924
STU_019112,93.92999041662492
STU_019113,82.18649628231138
STU_019114,95.47080026866185
STU_019115,82.80014034033339
STU_019116,79.853540148991
STU_019117,64.58285212421644
STU_019118,78.24888001564499
STU_019119,76.73206003178323
STU_019120,69.87916004192428
STU_019121,95.16813984273138
STU_019122,78.04783361635344
STU_019123,68.73393811191688
STU_019124,89.04653638618562
STU_019125,77.47409709784941
STU_019126,75.53548216257329
STU_019127,72.81001316869555
STU_019128,87.8170830768223
STU_019129,62.497843407685906
STU_019130,57.88256630237518
STU_019131,82.28398386846108
STU_019132,89.31466154926468
STU_019133,59.42581774792097
STU_019134,68.22561797737242
STU_019135,96.6924826789772
STU_019136,88.62860028923754
STU_019137,66.2003480797772
STU_019138,82.83999265681955
STU_019139,84.92812927011909
STU_019140,78.77408479645662
STU_019141,90.85372729873325
STU_019142,84.40825409689944
STU_019143,82.14611469632544
STU_019144,73.70420349332367
STU_019145,69.78644523997191
STU_019146,92.87574815177081
STU_019147,77.46297028618228
STU_019148,92.26626528614037
STU_019149,78.6659689399032
STU_019150,78.92755459154068
STU_019151,90.12665935858195
STU_019152,52.274950117214004
STU_019153,68.27963712550986
STU_019154,90.83942311128918
STU_019155,100.0
STU_019156,81.76156276643198
STU_019157,86.48357687644257
STU_019158,57.76476615630432
STU_019159,71.2589479613561
STU_019160,67.7737004031164
STU_019161,64.30676397122855
STU_019162,60.94721303943005
STU_019163,73.80940856428894
STU_019164,75.05524138582017
STU_019165,81.41582971593084
STU_019166,93.04534877881589
STU_019167,83.16415794876595
STU_019168,85.06749935680098
STU_019169,71.268042644628
STU_019170,89.85403270330922
STU_019171,78.04497868802414
STU_019172,88.46491620615964
STU_019173,84.63619972308861
STU_019174,59.82529615436721
STU_019175,75.73260919180323
STU_019176,79.15981293203149
STU_019177,90.11466722779113
STU_019178,43.46543635828279
STU_019179,76.44723956941098
STU_019180,68.15429623507936
STU_019181,91.11411639039527
STU_019182,61.018658869412896
STU_019183,90.99845890026671
STU_019184,88.57888935339592
STU_019185,94.29833881995002
STU_019186,95.51831024843268
STU_019187,75.39124579080485
STU_019188,94.37264340107447
STU_019189,88.44770085572007
STU_019190,75.01445753335341
STU_019191,63.47917682790441
STU_019192,94.94552267741442
STU_019193,69.31240819798907
STU_019194,70.55302733294599
STU_019195,79.7986372775074
STU_019196,80.66205663791763
STU_019197,91.57718345286759
STU_019198,75.41316117281802
STU_019199,100.0
STU_019200,71.99125857045478
STU_019201,86.1274868461266
STU_019202,76.57390752247719
STU_019203,53.42913050222997
STU_019204,61.17003169985037
STU_019205,80.30231101769782
STU_019206,50.69487743864035
STU_019207,70.90634165344244
STU_019208,72.71407320842646
STU_019209,70.95926983943903
STU_019210,67.64403710878382
STU_019211,68.69468325251393
STU_019212,73.02059947899058
STU_019213,71.56289261413933
STU_019214,73.70074377171113
STU_019215,95.64002319779127
STU_019216,75.16859744813743
STU_019217,77.50645184030176
STU_019218,48.49976488753162
STU_019219,80.49254639807796
STU_019220,76.50016982373072
STU_019221,62.64848124839259
STU_019222,81.78940710356964
STU_019223,80.06905878500073
STU_019224,94.43274300872733
STU_019225,58.54347784810827
STU_019226,60.76339654261386
STU_019227,64.87227924128172
STU_019228,61.50861833453791
STU_019229,79.71849248600547
STU_019230,68.73639501864938
STU_019231,83.42172247007838
STU_019232,87.470636703939
STU_019233,58.08262640385868
STU_019234,70.09034231713616
STU_019235,77.04193949073957
STU_019236,77.66660720519077
STU_019237,75.34901533951374
STU_019238,75.00194056576001
STU_019239,84.00380709309526
STU_019240,78.7294983745645
STU_019241,92.47105252510528
STU_019242,69.52868061168789
STU_019243,85.7947159335475
STU_019244,77.49817161930083
STU_019245,55.10351284653147
STU_019246,59.684933586914646
STU_019247,87.59528383059094
STU_019248,85.37353474378781
STU_019249,91.14581473740493
STU_019250,61.584544883517815
STU_019251,87.64530267371705
STU_019252,74.59515018710039
STU_019253,63.4964734616711
STU_019254,52.691619644937745
STU_019255,66.87438621631236
STU_019256,87.10879290518932
STU_019257,64.12535173734187
STU_019258,56.99759331226889
STU_019259,71.82994954397417
STU_019260,79.72530983538334
STU_019261,73.90602207644761
STU_019262,89.04999880472698
STU_019263,74.70030303413357
STU_019264,73.50430287617004
STU_019265,88.57194117893543
STU_019266,82.47529303354561
STU_019267,68.46887437678586
STU_019268,72.51706381791884
STU_019269,79.7185884486078
STU_019270,85.37720185068771
STU_019271,53.65605427617083
STU_019272,67.70480562990439
STU_019273,90.28810265644766
STU_019274,95.76030094337662
STU_019275,100.0
STU_019276,61.461918383166335
STU_019277,93.5865931354717
STU_019278,83.71003735941133
STU_019279,75.95935442348902
STU_019280,69.38680185658833
STU_019281,84.3025426915005
STU_019282,63.75448820130521
STU_019283,98.07987502005359
STU_019284,84.25107865130907
STU_019285,71.92041018095391
STU_019286,88.52033468325851
STU_019287,81.63557805768392
STU_019288,66.75680265045993
STU_019289,84.91840518871325
STU_019290,80.10524493937888
STU_019291,77.62312661305992
STU_019292,77.79502601520903
STU_019293,66.60471720640095
STU_019294,74.18703689148712
STU_019295,66.80062152683904
STU_019296,70.7079727396115
STU_019297,82.88078752083585
STU_019298,88.0690948185995
STU_019299,88.84350130802835
STU_019300,79.8562969789065
STU_019301,74.28239975497249
STU_019302,76.67437400879017
STU_019303,67.34411373253755
STU_019304,90.18491075593764
STU_019305,68.55796422323948
STU_019306,68.94391246496184
STU_019307,66.72558265805642
STU_019308,59.735959689342884
STU_019309,70.51345021808599
STU_019310,86.391303767323
STU_019311,88.9505596688778
STU_019312,75.96499347663229
STU_019313,84.94355684118317
STU_019314,87.56497427044445
STU_019315,77.52411055987776
STU_019316,88.54332398294602
STU_019317,76.57732941078206
STU_019318,84.9536788894814
STU_019319,88.81996421925801
STU_019320,96.02737726801038
STU_019321,75.63429285635581
STU_019322,85.00480276564994
STU_019323,73.4816703988875
STU_019324,90.90744123144586
STU_019325,76.87854118694214
STU_019326,92.01781857861243
STU_019327,93.44664837667467
STU_019328,96.77748786331367
STU_019329,89.19408813021116
STU_019330,80.63193583106913
STU_019331,79.90648307220658
STU_019332,71.06933026698624
STU_019333,87.01795520626297
STU_019334,61.4094026345132
STU_019335,68.69789713619753
STU_019336,69.21239139236702
STU_019337,90.71127139026001
STU_019338,69.1901129682713
STU_019339,89.38550473084685
STU_019340,99.87183045541762
STU_019341,80.06563025692274
STU_019342,60.690556583796145
STU_019343,69.77921755285907
STU_019344,65.35491950918124
STU_019345,71.23205341242405
STU_019346,78.4515883451754
STU_019347,59.728754495586834
STU_019348,91.63965473541472
STU_019349,81.8749317326298
STU_019350,64.73455258202992
STU_019351,86.9401203361671
STU_019352,79.12571033549249
STU_019353,81.78359643283687
STU_019354,74.47474307336655
STU_019355,78.2423026280627
STU_019356,56.84057901401568
STU_019357,63.629537527840576
STU_019358,79.4193093131194
STU_019359,85.53987099936693
STU_019360,69.00966516463242
STU_019361,83.40355569968767
STU_019362,62.88967993577981
STU_019363,75.41124999095575
STU_019364,78.25941599820064
STU_019365,85.38018187524705
STU_019366,96.19711263671621
STU_019367,97.89010726006055
STU_019368,77.44780693519702
STU_019369,76.46776866462713
STU_019370,72.46312847732531
STU_019371,86.57165065722731
STU_019372,72.57148435880973
STU_019373,65.08911810475989
STU_019374,69.71915652522115
STU_019375,80.40251668304589
STU_019376,91.84813544914071
STU_019377,85.93211138834508
STU_019378,69.66974579664056
STU_019379,53.89808076005458
STU_019380,89.26494512924808
STU_019381,67.13667331232064
STU_019382,71.34870316283329
STU_019383,81.37227903998232
STU_019384,65.52442769717564
STU_019385,85.62126490087978
STU_019386,70.99334009150706
STU_019387,61.929389974256466
STU_019388,72.16619197894028
STU_019389,94.24150784828005
STU_019390,50.53425165652351
STU_019391,77.75064053307449
STU_019392,80.85393222774931
STU_019393,76.83861797887168
STU_019394,75.87917015735744
STU_019395,81.20261465805544
STU_019396,91.69609632428343
STU_019397,74.22012187867851
STU_019398,58.90704800005863
STU_019399,60.502268817910085
STU_019400,92.35792568604595
STU_019401,72.30224125727827
STU_019402,70.81141687562679
STU_019403,84.88928779190327
STU_019404,88.1763221610727
STU_019405,82.81086805808262
STU_019406,74.93503184360198
STU_019407,67.65611706820329
STU_019408,78.73669203178326
STU_019409,75.15688203792826
STU_019410,77.08983096601443
STU_019411,79.14635640192998
STU_019412,61.53445647679518
STU_019413,73.1859242311304
STU_019414,65.30236124039384
STU_019415,82.12109796277477
STU_019416,83.499904331929
STU_019417,88.97106457241779
STU_019418,93.12127917831897
STU_019419,74.1991716582429
STU_019420,74.84681559902687
STU_019421,79.77834129688495
STU_019422,80.46070863772083
STU_019423,74.23140460264912
STU_019424,89.81831563789589
STU_019425,64.77242772638331
STU_019426,82.21960870407412
STU_019427,89.011445367365
STU_019428,93.3969121050126
STU_019429,70.9099660376504
STU_019430,83.3579810279457
STU_019431,61.03022876361766
STU_019432,76.0668530240909
STU_019433,65.59638923348191
STU_019434,58.51779189767741
STU_019435,98.29215260322898
STU_019436,65.53286532197131
STU_019437,90.16956749764202
STU_019438,82.04924341328058
STU_019439,58.31014304674864
STU_019440,65.56723943127434
STU_019441,81.13817162163154
STU_019442,70.02756707545791
STU_019443,60.422247929932
STU_019444,94.2022355503706
STU_019445,90.2608710548659
STU_019446,50.028654685843605
STU_019447,78.53001187924426
STU_019448,70.6424120114099
STU_019449,61.854061077967955
STU_019450,73.94578683138901
STU_019451,71.75544962060602
STU_019452,84.51741156282485
STU_019453,81.28090606661453
STU_019454,76.15759709933471
STU_019455,68.39537621509044
STU_019456,70.67197169307275
STU_019457,65.55980938405185
STU_019458,71.43057958831236
STU_019459,66.89147154555934
STU_019460,92.97271075606031
STU_019461,93.32966475385315
STU_019462,97.40290475553445
STU_019463,69.6572066107295
STU_019464,76.57635973952081
STU_019465,70.56415162076863
STU_019466,69.75331433292054
STU_019467,75.05153059517522
STU_019468,90.33043639304002
STU_019469,75.08789543857915
STU_019470,86.94628011903482
STU_019471,94.03384406803238
STU_019472,85.11982110352619
STU_019473,92.53163642790065
STU_019474,67.37689741846516
STU_019475,59.22511733714142
STU_019476,94.92860953346971
STU_019477,69.1069209040165
STU_019478,73.69881664145103
STU_019479,76.47012173658862
STU_019480,90.15342997854162
STU_019481,76.58270314685232
STU_019482,75.17912003413346
STU_019483,74.59397195790406
STU_019484,81.96112923381884
STU_019485,57.059901821715826
STU_019486,43.45149731142464
STU_019487,66.45806911997236
STU_019488,93.40194044378029
STU_019489,69.00718837554317
STU_019490,75.20872025796062
STU_019491,56.59970129695009
STU_019492,70.88611836924001
STU_019493,63.10088707347317
STU_019494,59.25379347582577
STU_019495,90.85521809202967
STU_019496,87.96107742622239
STU_019497,61.43313970214432
STU_019498,89.24256800428725
STU_019499,94.98031479276321
STU_019500,89.1502972968316
STU_019501,87.30653915111037
STU_019502,71.4740676901076
STU_019503,73.55118417943882
STU_019504,92.61674687396425
STU_019505,65.66607482327507
STU_019506,78.69987789444205
STU_019507,92.61130392563093
STU_019508,97.11183739158811
STU_019509,99.43145747238754
STU_019510,85.87196560373874
STU_019511,56.06667213941813
STU_019512,77.43421226613738
STU_019513,64.91275103473482
STU_019514,55.561108876366404
STU_019515,65.19555427503407
STU_019516,88.82707377510208
STU_019517,69.30622633499857
STU_019518,69.42683706960477
STU_019519,69.10283437645889
STU_019520,85.50232202551462
STU_019521,65.76091835184393
STU_019522,71.64994983869092
STU_019523,90.42261494104348
STU_019524,80.08307632720407
STU_019525,84.54228497771071
STU_019526,76.10097520467596
STU_019527,73.09997429545143
STU_019528,67.79335431474922
STU_019529,94.42583822721902
STU_019530,88.25683798590691
STU_019531,90.16295809841742
STU_019532,53.519145852565075
STU_019533,78.22155477664226
STU_019534,75.68890051328377
STU_019535,71.78786624673896
STU_019536,67.35813817639809
STU_019537,56.95197997504472
STU_019538,78.21181236331664
STU_019539,69.12049024126088
STU_019540,68.49568080227017
STU_019541,78.79630612217511
STU_019542,100.0
STU_019543,100.0
STU_019544,76.96183227485726
STU_019545,90.35588439318967
STU_019546,59.505235011186215
STU_019547,67.88828044492436
STU_019548,85.23219017573004
STU_019549,83.48825467432727
STU_019550,98.35785332939882
STU_019551,76.05307177318701
STU_019552,66.38664591013281
STU_019553,71.40246683894456
STU_019554,64.0222198150049
STU_019555,94.94603156847063
STU_019556,70.48466608241674
STU_019557,96.7137909148783
STU_019558,58.40326803248097
STU_019559,85.31543155366349
STU_019560,82.20444443774277
STU_019561,48.09137407000425
STU_019562,90.9945412150849
STU_019563,76.88527923926924
STU_019564,78.10375238685351
STU_019565,61.38419399544878
STU_019566,86.20573407403953
STU_019567,84.69606239337509
STU_019568,69.855746275205
STU_019569,63.23788761141918
STU_019570,73.69925003946031
STU_019571,52.71546723182425
STU_019572,67.12849700376302
STU_019573,71.66431323030234
STU_019574,76.65178461127952
STU_019575,78.5377317225623
STU_019576,92.60133947042945
STU_019577,72.20289942579046
STU_019578,64.606721269362
STU_019579,68.72479255744703
STU_019580,64.0656481511607
STU_019581,95.17547490266794
STU_019582,82.4975429892591
STU_019583,76.74326562954894
STU_019584,66.56537979820638
STU_019585,85.7263604041552
STU_019586,73.92803189894704
STU_019587,83.6495258619216
STU_019588,76.61976941466182
STU_019589,65.8082646938
STU_019590,99.70746390799768
STU_019591,87.7481545731683
STU_019592,72.04234728121983
STU_019593,67.99113964276287
STU_019594,89.26904980533448
STU_019595,75.69753281257854
STU_019596,92.38334672632249
STU_019597,77.90418300637769
STU_019598,75.94286431134682
STU_019599,73.03364285869661
STU_019600,95.2001245803042
STU_019601,77.14631073277438
STU_019602,77.54637857111905
STU_019603,93.9645876219866
STU_019604,91.2754855700079
STU_019605,76.01837936198582
STU_019606,81.6350048439553
STU_019607,62.29242042194206
STU_019608,68.91551682715206
STU_019609,89.22609303046629
STU_019610,61.84062394443623
STU_019611,72.98885388306286
STU_019612,57.71046474331655
STU_019613,61.16292538536312
STU_019614,71.10741977956322
STU_019615,89.12528713247306
STU_019616,76.12704366959463
STU_019617,78.27080935544802
STU_019618,67.21167969048147
STU_019619,88.6017230742013
STU_019620,80.67404386055767
STU_019621,74.94498217177328
STU_019622,81.26419783466463
STU_019623,74.65209877433514
STU_019624,94.40178396819707
STU_019625,39.954444395924355
STU_019626,84.48738110012641
STU_019627,87.89426921887986
STU_019628,72.2247787510492
STU_019629,78.54771309434322
STU_019630,93.1461336782609
STU_019631,64.43916090372079
STU_019632,90.93992391993832
STU_019633,95.25619143625238
STU_019634,86.10867025421501
STU_019635,75.99107265043976
STU_019636,65.97977820110299
STU_019637,78.62457517942102
STU_019638,69.40088347354288
STU_019639,60.22430955892184
STU_019640,84.20674019634052
STU_019641,88.5926347725
STU_019642,81.97251611783797
STU_019643,87.55449593603934
STU_019644,74.6546863516629
STU_019645,71.53818258862756
STU_019646,77.06922499893285
STU_019647,74.96061190135903
STU_019648,62.753840996691814
STU_019649,59.75592961854901
STU_019650,73.01789914845637
STU_019651,74.80784167575553
STU_019652,77.29642749536538
STU_019653,71.36847687527296
STU_019654,62.740062699168696
STU_019655,60.358699276679076
STU_019656,47.199443723306935
STU_019657,65.01679493863053
STU_019658,69.20043135939525
STU_019659,78.22398432101102
STU_019660,73.27236614842212
STU_019661,80.76342425205512
STU_019662,69.51915635570607
STU_019663,77.79330502517843
STU_019664,69.88863384718252
STU_019665,87.10426762030528
STU_019666,89.16086307070964
STU_019667,79.18674548192008
STU_019668,52.920670150943714
STU_019669,69.49026661926628
STU_019670,85.86845140163828
STU_019671,56.29948754964037
STU_019672,87.52602960735652
STU_019673,72.95069112911926
STU_019674,84.92046864190678
STU_019675,75.05013096879422
STU_019676,79.03299976947076
STU_019677,84.54953453614554
STU_019678,99.34332283743811
STU_019679,87.80020637219101
STU_019680,84.78823875382197
STU_019681,91.40914269359929
STU_019682,85.77913264540194
STU_019683,68.35850042493968
STU_019684,71.31929739120942
STU_019685,88.55658450252085
STU_019686,85.07561458403661
STU_019687,67.15915900700713
STU_019688,84.77130093089798
STU_019689,72.09994735364357
STU_019690,79.96982375914163
STU_019691,70.03341810252644
STU_019692,62.24157445229859
STU_019693,96.43895474259136
STU_019694,79.1447569311236
STU_019695,59.308484040264865
STU_019696,65.64592740808422
STU_019697,94.45853018606975
STU_019698,90.77491891868588
STU_019699,76.21792337853113
STU_019700,80.66398373450804
STU_019701,66.42830513485606
STU_019702,76.18834191825874
STU_019703,84.8892930817295
STU_019704,79.76291043947867
STU_019705,66.76528167126087
STU_019706,87.65391746036221
STU_019707,63.562237554552965
STU_019708,81.64090663657745
STU_019709,72.07406781845023
STU_019710,64.5759355141642
STU_019711,94.70745483473661
STU_019712,55.556657734000304
STU_019713,85.64373653249349
STU_019714,66.91040399293983
STU_019715,85.08381717210386
STU_019716,85.24778782465165
STU_019717,92.77794979158568
STU_019718,70.71268193103417
STU_019719,96.32964319832803
STU_019720,93.51301288428634
STU_019721,62.165736887763686
STU_019722,72.03815046868618
STU_019723,84.68485114874143
STU_019724,76.4532016790427
STU_019725,92.02160955356761
STU_019726,67.7019444226453
STU_019727,89.29582965606912
STU_019728,80.15633728780199
STU_019729,77.23246213205613
STU_019730,73.00085252795083
STU_019731,62.13497430880436
STU_019732,85.70331687132433
STU_019733,79.57360480214737
STU_019734,74.35743636671255
STU_019735,87.97978151051718
STU_019736,94.93382196700297
STU_019737,94.22186591034526
STU_019738,89.3811730614192
STU_019739,68.41171745564462
STU_019740,76.53300292784351
STU_019741,97.18485422757033
STU_019742,78.70242502991684
STU_019743,86.3414534660275
STU_019744,74.58494920395461
STU_019745,87.02849083218194
STU_019746,88.91697051026509
STU_019747,78.43712463189658
STU_019748,66.44516189803531
STU_019749,67.45930593658669
STU_019750,73.69938616042174
STU_019751,72.86052959696505
STU_019752,59.07496098004009
STU_019753,88.2872675432555
STU_019754,73.76220791243654
STU_019755,85.73882416470705
STU_019756,52.174139546842895
STU_019757,77.4639387029878
STU_019758,61.61119526034816
STU_019759,76.07756707493934
STU_019760,82.19039006898666
STU_019761,64.40267594672869
STU_019762,85.76792629946411
STU_019763,71.91787891383069
STU_019764,62.84540187420015
STU_019765,85.51552844145215
STU_019766,71.02636264777964
STU_019767,60.119324755175754
STU_019768,82.67324169122688
STU_019769,66.06753835077136
STU_019770,79.77712142232342
STU_019771,89.52001582955795
STU_019772,71.97638192722758
STU_019773,86.64910795559476
STU_019774,53.74866469386255
STU_019775,90.32555352770245
STU_019776,62.99604512153085
STU_019777,78.137127857965
STU_019778,77.19247259618311
STU_019779,77.31942273131585
STU_019780,78.67750330151024
STU_019781,54.51356989035138
STU_019782,74.71855410576478
STU_019783,72.82362548660747
STU_019784,82.182225691295
STU_019785,74.93712414870842
STU_019786,53.07801217092901
STU_019787,78.39837739043452
STU_019788,75.97383993562511
STU_019789,80.21092335737666
STU_019790,70.7544265648654
STU_019791,53.757949848053215
STU_019792,78.74837349237987
STU_019793,68.81406302910091
STU_019794,83.21661887266802
STU_019795,72.77163604996744
STU_019796,84.54928818369936
STU_019797,51.04480066284906
STU_019798,86.40572999511173
STU_019799,81.32355250372224
STU_019800,54.89365213461946
STU_019801,80.32008073902274
STU_019802,89.03881136283813
STU_019803,68.50827232202714
STU_019804,81.00376027332192
STU_019805,78.52606715990639
STU_019806,65.84714171219062
STU_019807,64.70855789925139
STU_019808,71.21144670197553
STU_019809,94.61309128181378
STU_019810,74.58485622984753
STU_019811,74.2005607508144
STU_019812,86.74687537157155
STU_019813,75.27852501808516
STU_019814,85.96796460662935
STU_019815,83.70539313836476
STU_019816,81.50867015252129
STU_019817,95.9934271857831
STU_019818,67.96562758472463
STU_019819,97.24366801254517
STU_019820,66.45147713431021
STU_019821,78.6327598921608
STU_019822,67.70056505295906
STU_019823,78.83361909409884
STU_019824,95.68620319408937
STU_019825,80.51740979748993
STU_019826,81.72043737657131
STU_019827,84.57582430020621
STU_019828,84.52931884821065
STU_019829,78.22835409877806
STU_019830,90.41974215503794
STU_019831,87.4248449716784
STU_019832,90.41688724587173
STU_019833,74.41805931331646
STU_019834,74.76712811079629
STU_019835,71.23977347346704
STU_019836,87.40511842627102
STU_019837,73.41405839618598
STU_019838,75.61613683668851
STU_019839,80.8947590270562
STU_019840,68.5127139222658
STU_019841,65.36198222939196
STU_019842,68.12921303103153
STU_019843,67.992015676837
STU_019844,77.09903763481762
STU_019845,75.74189378047731
STU_019846,96.73004282095346
STU_019847,98.22660614082899
STU_019848,68.68636890696638
STU_019849,88.57076810856589
STU_019850,77.4900291552188
STU_019851,99.22010844600764
STU_019852,66.46488953170783
STU_019853,84.51979909284954
STU_019854,80.53118137114049
STU_019855,76.71083681727934
STU_019856,73.37304440332454
STU_019857,83.25500398360424
STU_019858,98.33271750570405
STU_019859,96.90385439407044
STU_019860,86.92949064933117
STU_019861,64.30267200674957
STU_019862,72.80322966104931
STU_019863,78.13759245152552
STU_019864,77.92658710525426
STU_019865,87.39621182802544
STU_019866,87.01708027037114
STU_019867,83.13507821013253
STU_019868,79.8425593925626
STU_019869,75.05485279310106
STU_019870,75.73187626308444
STU_019871,94.5825164766459
STU_019872,99.92310463775091
STU_019873,78.19455155532586
STU_019874,64.26963233898574
STU_019875,72.7853537613066
STU_019876,96.74373881580286
STU_019877,70.81874417040977
STU_019878,64.73912762827233
STU_019879,88.62180423963176
STU_019880,61.98203354040962
STU_019881,70.52508722729233
STU_019882,87.26701749170793
STU_019883,61.080956439808084
STU_019884,70.02885208436561
STU_019885,80.92715191021071
STU_019886,72.44428633235503
STU_019887,100.0
STU_019888,61.38265663361068
STU_019889,86.5062279357195
STU_019890,78.71957930166512
STU_019891,75.10681769395818
STU_019892,70.18903030324445
STU_019893,93.3382675835611
STU_019894,63.154983619614576
STU_019895,75.24282455500858
STU_019896,82.80135050176118
STU_019897,83.94112097134095
STU_019898,74.82811917407582
STU_019899,84.75219938767579
STU_019900,82.90585693317267
STU_019901,73.97722774033437
STU_019902,75.3925198681091
STU_019903,87.93965844434406
STU_019904,71.79965768563147
STU_019905,78.97934977425197
STU_019906,65.94279346009901
STU_019907,55.94990255770324
STU_019908,53.58381700000867
STU_019909,67.05453225866233
STU_019910,94.26418287313311
STU_019911,99.27123627769075
STU_019912,70.09534618636775
STU_019913,82.38020915017435
STU_019914,66.5114566182894
STU_019915,80.29917602595629
STU_019916,64.0528107448355
STU_019917,62.689439384361854
STU_019918,91.08410684632224
STU_019919,72.51608842603588
STU_019920,92.81594778986509
STU_019921,72.72516055581569
STU_019922,91.99298806642989
STU_019923,66.03969177900107
STU_019924,97.70913845591936
STU_019925,88.87625309728264
STU_019926,72.00600237285644
STU_019927,81.7341974192023
STU_019928,81.7468636128184
STU_019929,79.37994106456323
STU_019930,66.86680940791112
STU_019931,94.91074753545665
STU_019932,83.37584824754377
STU_019933,64.36526946214975
STU_019934,90.69739385302687
STU_019935,59.826647016397594
STU_019936,88.3546975839533
STU_019937,86.94187836424476
STU_019938,68.41110080359164
STU_019939,85.66829176889942
STU_019940,84.75367264108483
STU_019941,69.60379158949436
STU_019942,73.7987453297375
STU_019943,82.1229295609628
STU_019944,95.16328462920781
STU_019945,80.66147964421504
STU_019946,82.94808355863964
STU_019947,79.22395054912069
STU_019948,85.75681754444506
STU_019949,80.43032333842322
STU_019950,70.11056704504149
STU_019951,66.651412794748
STU_019952,63.419038708451666
STU_019953,68.88683787846217
STU_019954,78.77647924196116
STU_019955,66.33457763393132
STU_019956,67.14220613975938
STU_019957,82.48949679201539
STU_019958,77.3544971188254
STU_019959,79.55471330144387
STU_019960,66.80383836720175
STU_019961,70.45462982505798
STU_019962,79.01812936033336
STU_019963,66.6112362311358
STU_019964,69.57356399008229
STU_019965,66.95286456201359
STU_019966,85.24176413726951
STU_019967,93.29691712209313
STU_019968,71.63719565717209
STU_019969,61.54044454726413
STU_019970,92.1033885512519
STU_019971,91.88683204574895
STU_019972,76.98611751705246
STU_019973,76.65223370796872
STU_019974,89.87516801236842
STU_019975,76.3272462571482
STU_019976,76.76373119718667
STU_019977,73.18818063954623
STU_019978,64.45120519895389
STU_019979,60.53362924275869
STU_019980,72.28174698442308
STU_019981,99.56836033982133
STU_019982,79.89732913093735
STU_019983,89.58439718085322
STU_019984,95.09417160422208
STU_019985,86.15826908762196
STU_019986,90.29003016129815
STU_019987,86.62903471443173
STU_019988,71.3611680822934
STU_019989,73.37681755919647
STU_019990,80.02843543412774
STU_019991,90.68077241628912
STU_019992,81.69291901568494
STU_019993,88.59157161137742
STU_019994,56.68043939830764
STU_019995,79.22686089823267
STU_019996,63.12295589531315
STU_019997,78.23585778097822
STU_019998,55.90107861322097
STU_019999,86.39294837066876
STU_020000,77.1718866810408
