student_id,career_success_score
STU_010001,60.22428169543072
STU_010002,70.29115646710281
STU_010003,76.48725454810219
STU_010004,96.48786854169393
STU_010005,78.09292822729148
STU_010006,74.97871933727718
STU_010007,78.51508104828835
STU_010008,80.3385922900061
STU_010009,72.72656812901577
STU_010010,61.862286866384764
STU_010011,91.52098156033574
STU_010012,78.81659285869657
STU_010013,83.86211722331248
STU_010014,88.90681926310904
STU_010015,51.61583718021794
STU_010016,69.29328761490542
STU_010017,62.196912738900565
STU_010018,58.627433489453466
STU_010019,85.89854995447593
STU_010020,72.01395751367203
STU_010021,83.49581395836354
STU_010022,91.84066923256758
STU_010023,94.65117865631584
STU_010024,71.21983379965555
STU_010025,84.41829829735367
STU_010026,82.90352413202798
STU_010027,77.39964438596914
STU_010028,85.34817535546901
STU_010029,93.9994921839843
STU_010030,64.14041129903259
STU_010031,72.08034054550413
STU_010032,90.26135018610472
STU_010033,63.80498749842809
STU_010034,88.28880383774504
STU_010035,78.91919411076864
STU_010036,65.64513111358339
STU_010037,67.90434959658721
STU_010038,91.06388579667647
STU_010039,68.43667571251069
STU_010040,83.55708550048114
STU_010041,89.88595570551811
STU_010042,64.72639283198417
STU_010043,85.78846754971764
STU_010044,75.59952937551449
STU_010045,80.5098082135934
STU_010046,62.20049524818531
STU_010047,72.77966852404444
STU_010048,80.57740019713793
STU_010049,52.87937366111701
STU_010050,64.90430832404373
STU_010051,77.41946476632934
STU_010052,67.39887285371167
STU_010053,62.5369256701566
STU_010054,70.78042235465797
STU_010055,64.83655287741624
STU_010056,63.516575183102276
STU_010057,65.130818779301
STU_010058,96.17363347994402
STU_010059,89.01053104188016
STU_010060,74.89618028518458
STU_010061,40.956811954852505
STU_010062,77.70806608502137
STU_010063,64.13975225887134
STU_010064,85.7956338596596
STU_010065,59.93653744648608
STU_010066,66.99571252380723
STU_010067,88.68325639266034
STU_010068,57.683818366152934
STU_010069,69.56229862029566
STU_010070,65.16743993693655
STU_010071,90.6795895988894
STU_010072,72.5354813215027
STU_010073,96.52924865054567
STU_010074,63.03634763104381
STU_010075,79.41711063070498
STU_010076,95.70178340158184
STU_010077,83.75272852587113
STU_010078,86.15803054123879
STU_010079,82.91093147818438
STU_010080,78.54040914728755
STU_010081,62.379247042508744
STU_010082,76.07965962855661
STU_010083,78.17791539043961
STU_010084,73.76655363599602
STU_010085,74.1492018583638
STU_010086,81.85215108771641
STU_010087,72.8196235976081
STU_010088,70.72656512722781
STU_010089,82.20426855961442
STU_010090,79.77158771896612
STU_010091,61.650364745879465
STU_010092,71.8864768916685
STU_010093,69.01071028264737
STU_010094,85.8181092573163
STU_010095,56.71771330618376
STU_010096,80.66737732833153
STU_010097,74.51566517633157
STU_010098,87.0461296889615
STU_010099,73.50444077721762
STU_010100,74.80421955251498
STU_010101,74.97408884374417
STU_010102,71.46762198407541
STU_010103,89.76070882822222
STU_010104,55.815183791427465
STU_010105,95.7192615953328
STU_010106,53.339732376978105
STU_010107,78.47824756430066
STU_010108,77.04210694910947
STU_010109,72.2919801725581
STU_010110,77.870283717425
STU_010111,85.47586366894063
STU_010112,80.98583314853062
STU_010113,69.8853938808506
STU_010114,79.66789270951823
STU_010115,78.47546384160255
STU_010116,87.4406350697916
STU_010117,77.96105827639317
STU_010118,88.9054539617292
STU_010119,71.17359266363215
STU_010120,70.45563749666388
STU_010121,80.75949871926265
STU_010122,76.59357611603244
STU_010123,90.67255616486662
STU_010124,74.75474114928168
STU_010125,85.4953514896013
STU_010126,74.27724690595952
STU_010127,60.439791257282586
STU_010128,89.08185497855325
STU_010129,83.15324767275634
STU_010130,71.34972815257532
STU_010131,63.476672106049115
STU_010132,75.97561337268867
STU_010133,78.99294336803435
STU_010134,69.3096851995507
STU_010135,44.73494979451697
STU_010136,73.73665712003282
STU_010137,64.08919812205151
STU_010138,81.33166210156824
STU_010139,79.68222570366157
STU_010140,80.26788707539282
STU_010141,64.9822378539408
STU_010142,85.27171312627549
STU_010143,71.39528879220427
STU_010144,72.58325800119806
STU_010145,90.34758823524676
STU_010146,80.2207410471479
STU_010147,66.1842549627028
STU_010148,60.99793848809824
STU_010149,66.34009432923273
STU_010150,90.79907976239397
STU_010151,71.76794423965367
STU_010152,88.9865166636817
STU_010153,75.62951322005155
STU_010154,80.49286967606271
STU_010155,71.93331115263499
STU_010156,92.34108744276776
STU_010157,100.0
STU_010158,72.85994949045353
STU_010159,89.70658605393479
STU_010160,68.3631626103777
STU_010161,95.91709356613936
STU_010162,100.0
STU_010163,80.1076560490084
STU_010164,74.99781683058625
STU_010165,74.79364539956329
STU_010166,87.44476261614052
STU_010167,81.48531677205855
STU_010168,78.22117852902313
STU_010169,70.09647380872153
STU_010170,89.0442017132124
STU_010171,71.13126185084884
STU_010172,98.75778113335382
STU_010173,69.10311411174656
STU_010174,75.71219365359889
STU_010175,80.08160968500061
STU_010176,70.68367706141791
STU_010177,88.94917171250331
STU_010178,82.02359238516745
STU_010179,83.46146413174927
STU_010180,79.69406085451003
STU_010181,69.44812462116931
STU_010182,74.49685673847671
STU_010183,80.09910478978044
STU_010184,77.95873765756056
STU_010185,66.31428356882786
STU_010186,79.07771338016903
STU_010187,67.70895316289477
STU_010188,87.94808688523992
STU_010189,75.55888886920889
STU_010190,63.60644916657047
STU_010191,50.32460669177267
STU_010192,78.90131813761882
STU_010193,58.37314466837224
STU_010194,80.85554700337228
STU_010195,80.90615690902204
STU_010196,67.26124676896256
STU_010197,74.49235912895708
STU_010198,80.14846886118455
STU_010199,92.33197474647454
STU_010200,74.34064626262757
STU_010201,94.57149463627883
STU_010202,81.76577645873199
STU_010203,71.4668892576147
STU_010204,90.47813050232594
STU_010205,82.51226176088511
STU_010206,86.29530324525386
STU_010207,58.29459307225749
STU_010208,73.31446796962777
STU_010209,65.1751560951955
STU_010210,82.92158527651164
STU_010211,74.98294672701205
STU_010212,91.54932991773256
STU_010213,86.01374746113657
STU_010214,69.92317521976032
STU_010215,72.44640401958944
STU_010216,62.19811527441927
STU_010217,80.50405524209982
STU_010218,57.72102644847563
STU_010219,78.17919708923075
STU_010220,72.05154757429713
STU_010221,82.49130388698313
STU_010222,63.13547849948451
STU_010223,73.7277673417678
STU_010224,99.96347987203788
STU_010225,63.170270593627194
STU_010226,84.15400773083837
STU_010227,66.87008519315913
STU_010228,91.76246698157534
STU_010229,77.22982856597272
STU_010230,64.11244164513762
STU_010231,57.30160625717135
STU_010232,91.88046205969127
STU_010233,65.02442817872708
STU_010234,83.61077278443871
STU_010235,53.944257519841415
STU_010236,88.27494572403425
STU_010237,87.07024072366688
STU_010238,79.04071181582829
STU_010239,50.3685350468433
STU_010240,71.4691819100209
STU_010241,80.80326639793297
STU_010242,81.32604543450371
STU_010243,69.75975144198917
STU_010244,86.81854919469885
STU_010245,61.42991076355521
STU_010246,50.043824898997045
STU_010247,89.15098639778493
STU_010248,82.08648103314572
STU_010249,68.66408715372249
STU_010250,93.21031738867136
STU_010251,79.78137809969911
STU_010252,100.0
STU_010253,66.42636736836367
STU_010254,98.87810887826781
STU_010255,71.09645902112425
STU_010256,61.66595110217638
STU_010257,77.18275597619898
STU_010258,81.08180443097473
STU_010259,81.42986567618456
STU_010260,64.21391711299633
STU_010261,66.06980949984222
STU_010262,54.50781038578564
STU_010263,55.596125511184084
STU_010264,100.0
STU_010265,67.10613868292786
STU_010266,78.56458528428476
STU_010267,64.51942034317433
STU_010268,85.79051723406562
STU_010269,78.49931269077729
STU_010270,90.59557343373606
STU_010271,77.84473421878916
STU_010272,65.8044734574791
STU_010273,77.62578262064328
STU_010274,63.30155421572297
STU_010275,84.34928346530813
STU_010276,64.03654911072896
STU_010277,80.52014625722971
STU_010278,84.61073073647046
STU_010279,67.20762277131914
STU_010280,68.10883082811743
STU_010281,66.29951643900563
STU_010282,62.58109582604212
STU_010283,82.08086864633954
STU_010284,70.57469229796102
STU_010285,61.44010467699757
STU_010286,76.02609039682764
STU_010287,88.931080977354
STU_010288,63.87063470749872
STU_010289,60.674725544200165
STU_010290,80.8940714070085
STU_010291,49.22390683633437
STU_010292,78.2497756156732
STU_010293,67.59234408178969
STU_010294,65.79055282493314
STU_010295,71.88471672617959
STU_010296,87.39030150998536
STU_010297,84.89484223785635
STU_010298,91.32083119552834
STU_010299,89.59562884036637
STU_010300,68.01423531225518
STU_010301,80.46854540404456
STU_010302,81.24850294364593
STU_010303,77.99707269170507
STU_010304,62.46194696239262
STU_010305,80.5526926333819
STU_010306,67.45605457747338
STU_010307,68.36570159574052
STU_010308,77.44252534980885
STU_010309,71.65658934218197
STU_010310,61.09796611479328
STU_010311,65.74965821587719
STU_010312,77.96674019633343
STU_010313,76.96537047578914
STU_010314,82.40447909413962
STU_010315,87.97234947482693
STU_010316,87.38501302416846
STU_010317,83.95310003329695
STU_010318,72.87463737658439
STU_010319,88.2333469397351
STU_010320,92.77331657901183
STU_010321,68.86334499387891
STU_010322,92.47267537230229
STU_010323,78.43918612945686
STU_010324,89.5113156601528
STU_010325,93.14160878257775
STU_010326,82.16901494301935
STU_010327,67.84377208295896
STU_010328,83.38151041171314
STU_010329,89.8059866234099
STU_010330,82.7060928978618
STU_010331,96.38938330099387
STU_010332,64.65724864853749
STU_010333,100.0
STU_010334,76.93466946597623
STU_010335,93.31805766172829
STU_010336,63.458782849096174
STU_010337,63.345793556173305
STU_010338,77.2662765264015
STU_010339,83.2201036987413
STU_010340,71.31247277904133
STU_010341,91.81298262283116
STU_010342,62.39504720327791
STU_010343,61.28185560360976
STU_010344,79.7992124766845
STU_010345,77.8425039381836
STU_010346,81.62421647026915
STU_010347,53.47748598203792
STU_010348,67.60654015300223
STU_010349,87.11501610397902
STU_010350,81.86041364270862
STU_010351,75.52598937571132
STU_010352,76.59720569623516
STU_010353,89.63318087320089
STU_010354,72.0720483057782
STU_010355,79.18059637926241
STU_010356,87.09941942159688
STU_010357,91.87264557880046
STU_010358,76.92600929189679
STU_010359,68.98701878792572
STU_010360,70.42836652171594
STU_010361,93.5937877168513
STU_010362,75.07029470261608
STU_010363,81.6142692099402
STU_010364,98.00555810619815
STU_010365,85.34889795548844
STU_010366,96.06855273519044
STU_010367,75.5194701998411
STU_010368,68.19877519051559
STU_010369,88.2430994985175
STU_010370,85.06066492921826
STU_010371,73.68762381422944
STU_010372,73.12784691811905
STU_010373,74.83786881913282
STU_010374,80.74791780132648
STU_010375,95.32693868556483
STU_010376,58.531931500453126
STU_010377,78.47828489710656
STU_010378,75.29358233759591
STU_010379,70.94203050694816
STU_010380,67.45372247106751
STU_010381,67.3645155860216
STU_010382,92.3106019263271
STU_010383,79.61870756735267
STU_010384,89.46203944524451
STU_010385,80.26508764804223
STU_010386,68.05073192769298
STU_010387,64.37173076330379
STU_010388,92.43004325918004
STU_010389,74.04367462220654
STU_010390,64.46798892631735
STU_010391,63.75269204603314
STU_010392,79.39251587532878
STU_010393,79.9856695356856
STU_010394,75.24629875542342
STU_010395,81.31035134548384
STU_010396,83.53058869481868
STU_010397,87.6964286880666
STU_010398,87.86545468371051
STU_010399,63.59608823832977
STU_010400,79.48201474193537
STU_010401,52.25091462366091
STU_010402,74.39802023803628
STU_010403,75.43900279115496
STU_010404,85.00849694427437
STU_010405,81.50141763313272
STU_010406,76.13464819240014
STU_010407,93.09437606010806
STU_010408,67.68894513283067
STU_010409,90.71503909936236
STU_010410,66.38259577934923
STU_010411,90.28395596694796
STU_010412,97.30315998160755
STU_010413,84.54555198072094
STU_010414,85.7481738763818
STU_010415,86.99374809255353
STU_010416,80.90621004303726
STU_010417,98.80007597461984
STU_010418,71.82114624581091
STU_010419,91.81282330781887
STU_010420,85.72101105585423
STU_010421,84.38651119363864
STU_010422,73.12362080881059
STU_010423,74.10149591123547
STU_010424,57.98458729682121
STU_010425,59.597094314994045
STU_010426,77.13900715228384
STU_010427,70.48285066337885
STU_010428,74.63376342708995
STU_010429,56.85215980027383
STU_010430,83.07077174679775
STU_010431,56.20030757959446
STU_010432,66.90426706749982
STU_010433,72.84824498644807
STU_010434,88.8183852032899
STU_010435,67.8604594054182
STU_010436,80.16660312815326
STU_010437,53.70022524693952
STU_010438,98.74662614827977
STU_010439,69.49312731967466
STU_010440,85.02922643238868
STU_010441,59.98471698801225
STU_010442,70.50247322744329
STU_010443,81.23096426977983
STU_010444,70.69294795823579
STU_010445,72.16735443183372
STU_010446,54.22620872557944
STU_010447,79.90329842994336
STU_010448,78.57006238015775
STU_010449,73.6885958155785
STU_010450,62.0578953088688
STU_010451,92.02662949848818
STU_010452,81.78294945598542
STU_010453,74.49777442874077
STU_010454,73.97731679500033
STU_010455,56.30309614129664
STU_010456,85.13065476785063
STU_010457,79.61626020312
STU_010458,85.39007426286543
STU_010459,76.56894064229135
STU_010460,71.23944896522443
STU_010461,72.41243978652507
STU_010462,63.165851312969906
STU_010463,83.78403942325826
STU_010464,87.88528294610181
STU_010465,59.49308460097279
STU_010466,69.05174257574333
STU_010467,74.22320092735602
STU_010468,72.82602417069172
STU_010469,76.55427597237289
STU_010470,67.16429076818027
STU_010471,94.2206823775347
STU_010472,55.28325043907581
STU_010473,85.3303785066823
STU_010474,81.76686169135675
STU_010475,74.2077396547807
STU_010476,70.43452980886596
STU_010477,72.79019813034714
STU_010478,96.1361194938466
STU_010479,67.68104996873211
STU_010480,68.45570823805699
STU_010481,62.87471468048147
STU_010482,72.00431010455019
STU_010483,91.45226658395042
STU_010484,73.43909420699146
STU_010485,56.901815235799276
STU_010486,77.12563636412699
STU_010487,93.75674458670233
STU_010488,81.21758536514133
STU_010489,81.92643054811283
STU_010490,80.9654548132695
STU_010491,77.81593436901613
STU_010492,73.6109817108925
STU_010493,79.09242530793227
STU_010494,61.09546116470571
STU_010495,44.04336243410753
STU_010496,92.124818085568
STU_010497,66.01624906885587
STU_010498,75.20692136189452
STU_010499,70.0224922973627
STU_010500,70.24972502669539
STU_010501,74.26100231370287
STU_010502,70.35767567257754
STU_010503,81.99686476943492
STU_010504,71.21227562579136
STU_010505,63.02520563972003
STU_010506,81.39559828221765
STU_010507,68.33435906867993
STU_010508,63.549760585836545
STU_010509,80.17592585732491
STU_010510,54.80915676264108
STU_010511,62.55386612643093
STU_010512,73.76298546378264
STU_010513,93.56507675557656
STU_010514,77.86577617000015
STU_010515,86.47861468568753
STU_010516,80.27441820467327
STU_010517,95.26453021209812
STU_010518,57.6684014359881
STU_010519,90.72055178539104
STU_010520,87.49614745022669
STU_010521,94.00245620926661
STU_010522,75.71983341317309
STU_010523,84.12452093725356
STU_010524,88.15567188676603
STU_010525,73.70111833594028
STU_010526,60.0987980374029
STU_010527,83.1718573678025
STU_010528,84.99925679602518
STU_010529,50.32134277849691
STU_010530,81.47056500004254
STU_010531,68.98445141929952
STU_010532,62.712275939479795
STU_010533,82.8228047687055
STU_010534,82.08972892366178
STU_010535,82.91835800711759
STU_010536,74.49923634728006
STU_010537,76.20706884103518
STU_010538,75.88978718317982
STU_010539,67.97205335373492
STU_010540,51.54734372806728
STU_010541,87.60586818291381
STU_010542,99.23268527017586
STU_010543,84.21971475226658
STU_010544,74.01530627251897
STU_010545,83.32072711224566
STU_010546,69.57418483446712
STU_010547,80.38836562654102
STU_010548,99.60485741219158
STU_010549,67.83646273378069
STU_010550,81.91970212939209
STU_010551,66.6217997099735
STU_010552,92.54216923387409
STU_010553,100.0
STU_010554,86.77542404620567
STU_010555,77.28497739570432
STU_010556,60.09155681469604
STU_010557,78.20440670297106
STU_010558,76.96580653612905
STU_010559,72.99745610661816
STU_010560,79.52858890552449
STU_010561,94.55458752221091
STU_010562,62.55696188258736
STU_010563,66.59265158973533
STU_010564,64.31856055256912
STU_010565,84.87893812827902
STU_010566,67.45643404170207
STU_010567,72.10721455146589
STU_010568,79.8789446772175
STU_010569,91.12008977895108
STU_010570,63.22998217268428
STU_010571,89.8817643762631
STU_010572,72.64541346033161
STU_010573,89.76389666604544
STU_010574,77.19509524581993
STU_010575,67.7447889141879
STU_010576,61.482018536969115
STU_010577,67.09012335079723
STU_010578,70.20549690691861
STU_010579,78.04657667206087
STU_010580,63.27561459301541
STU_010581,56.03170633032041
STU_010582,77.75550413663774
STU_010583,76.42606933911608
STU_010584,92.21856406948666
STU_010585,74.67906918729753
STU_010586,97.6860778023538
STU_010587,74.94497762485187
STU_010588,74.09655275088585
STU_010589,96.34306684478824
STU_010590,87.2588026468115
STU_010591,74.41007267577022
STU_010592,93.4915458704661
STU_010593,84.58949517687809
STU_010594,55.7265014923923
STU_010595,82.47293880948743
STU_010596,74.43275545880121
STU_010597,63.51022550994081
STU_010598,89.77463611791552
STU_010599,64.84655372181739
STU_010600,70.10988125682326
STU_010601,83.42878528730364
STU_010602,71.19733235527647
STU_010603,82.77717176431054
STU_010604,72.86251051006502
STU_010605,61.51255504372054
STU_010606,88.7921006098442
STU_010607,87.52311387828028
STU_010608,69.90798089945784
STU_010609,77.29593958808239
STU_010610,77.64377599198805
STU_010611,84.04703958788771
STU_010612,60.221621894512715
STU_010613,96.93245251353264
STU_010614,100.0
STU_010615,90.11787284171712
STU_010616,88.42614302298992
STU_010617,65.26568829149014
STU_010618,79.43906334848229
STU_010619,98.16549838600568
STU_010620,72.28707765942906
STU_010621,73.86015878000515
STU_010622,64.71841125601074
STU_010623,85.78531928274674
STU_010624,69.209758477282
STU_010625,70.38358209360794
STU_010626,87.26711331247203
STU_010627,87.72275473414821
STU_010628,60.73205344931613
STU_010629,81.71712330009916
STU_010630,79.07125715019924
STU_010631,94.03821150066187
STU_010632,68.02874628473967
STU_010633,76.22588155642518
STU_010634,77.82687379730021
STU_010635,64.59593935451147
STU_010636,85.87111113760855
STU_010637,70.4605249585269
STU_010638,73.62924654511757
STU_010639,70.86155565862305
STU_010640,66.02332519551113
STU_010641,69.81591963027194
STU_010642,93.39993950265202
STU_010643,90.67547316891044
STU_010644,77.92030181162484
STU_010645,82.77040743109092
STU_010646,95.28837029013734
STU_010647,77.46354253005626
STU_010648,72.2822560298238
STU_010649,80.54505813787866
STU_010650,88.38466654722106
STU_010651,79.17787147923033
STU_010652,69.43921328538262
STU_010653,88.8649770143511
STU_010654,87.30336520512492
STU_010655,87.64749987039882
STU_010656,79.024635508397
STU_010657,77.67221884754449
STU_010658,73.45997377638395
STU_010659,93.8261510814194
STU_010660,91.01804652737074
STU_010661,74.07950749803277
STU_010662,95.30538020183428
STU_010663,72.85345658788992
STU_010664,75.5064211968908
STU_010665,63.9636735456191
STU_010666,93.42052397566853
STU_010667,84.35158056585442
STU_010668,65.94103860085409
STU_010669,79.75549336332529
STU_010670,89.81932822072565
STU_010671,63.237875890989905
STU_010672,66.03209071665782
STU_010673,85.82966720047801
STU_010674,94.8416516762015
STU_010675,89.58774578639269
STU_010676,76.48167002839729
STU_010677,78.64116619169737
STU_010678,74.15310915378613
STU_010679,72.79213499846284
STU_010680,84.779404927889
STU_010681,86.75532563198237
STU_010682,57.106255820203515
STU_010683,71.19142655603797
STU_010684,76.89005723572768
STU_010685,85.4398185634755
STU_010686,81.18250583924427
STU_010687,64.59788806761671
STU_010688,93.35234792699825
STU_010689,87.35789074326179
STU_010690,100.0
STU_010691,76.41378400887554
STU_010692,86.21279063663843
STU_010693,71.44416903422749
STU_010694,73.33001204497114
STU_010695,64.58606235429208
STU_010696,59.57922992389544
STU_010697,74.04358177817629
STU_010698,89.70045941948926
STU_010699,80.4195616229168
STU_010700,86.62071206691142
STU_010701,86.40140885229671
STU_010702,72.64491399979681
STU_010703,95.37924228063052
STU_010704,99.31497518192094
STU_010705,80.44269881346622
STU_010706,87.25531301121823
STU_010707,78.68199862208807
STU_010708,78.39099232994135
STU_010709,65.83374691733252
STU_010710,59.429860966355484
STU_010711,100.0
STU_010712,55.88766199904017
STU_010713,92.08776438953353
STU_010714,68.24994800638343
STU_010715,79.79079523305124
STU_010716,60.27369979287165
STU_010717,85.19530690439397
STU_010718,78.58291170745902
STU_010719,81.87861251471317
STU_010720,51.36759167561242
STU_010721,70.20221317728118
STU_010722,100.0
STU_010723,72.80628684311888
STU_010724,79.2488850224614
STU_010725,67.65749329720637
STU_010726,66.05937920932578
STU_010727,54.245341086126615
STU_010728,72.74946644112126
STU_010729,92.13970449733746
STU_010730,93.13124717240494
STU_010731,72.66065561232224
STU_010732,72.03426241731697
STU_010733,95.93312515434091
STU_010734,84.76142961263945
STU_010735,71.92945069799136
STU_010736,69.32810394355215
STU_010737,70.14498019666307
STU_010738,69.76773488833012
STU_010739,74.88956606796869
STU_010740,70.47637820251394
STU_010741,77.94898638763738
STU_010742,72.45909845936588
STU_010743,95.79667675662922
STU_010744,75.01521670205078
STU_010745,68.07856981757877
STU_010746,71.65311264795771
STU_010747,86.70088809652964
STU_010748,74.3607372284856
STU_010749,86.29702691432526
STU_010750,82.06186400835902
STU_010751,74.01711570656641
STU_010752,70.5369284056922
STU_010753,77.1221621579766
STU_010754,84.55125184997559
STU_010755,68.91696289812523
STU_010756,87.8527677295108
STU_010757,59.356648250351654
STU_010758,84.50032128237513
STU_010759,90.09487936928505
STU_010760,81.41902940353458
STU_010761,76.53657300336586
STU_010762,74.36760019503787
STU_010763,64.33536493606556
STU_010764,60.92712873982102
STU_010765,81.42371995984718
STU_010766,64.2699601308801
STU_010767,75.13377055468773
STU_010768,59.73673250181808
STU_010769,89.07957797519109
STU_010770,69.71242548328586
STU_010771,53.34339574731264
STU_010772,70.68944689305056
STU_010773,86.63859574723446
STU_010774,87.82549696903838
STU_010775,93.97683276676514
STU_010776,53.71099345069217
STU_010777,78.83963460309239
STU_010778,64.13054240585552
STU_010779,63.77658078452313
STU_010780,80.06998019943829
STU_010781,80.09339496340941
STU_010782,87.54630227710174
STU_010783,56.3503459251623
STU_010784,73.08470085746677
STU_010785,83.32230052730065
STU_010786,77.90868629154552
STU_010787,74.2760447063406
STU_010788,72.37449814464786
STU_010789,97.68955082634406
STU_010790,62.910911557490365
STU_010791,60.13810465250618
STU_010792,88.09657723614332
STU_010793,85.2620291201929
STU_010794,62.98087360601688
STU_010795,81.97602049109433
STU_010796,79.76235692632306
STU_010797,59.801988348009175
STU_010798,62.884016629525945
STU_010799,88.39441475010146
STU_010800,63.13029486849297
STU_010801,66.24456147721594
STU_010802,86.79763450444348
STU_010803,80.4007979417916
STU_010804,56.88041158959864
STU_010805,74.0418822591501
STU_010806,85.76996523928176
STU_010807,92.79969995538137
STU_010808,72.52628366423923
STU_010809,100.0
STU_010810,84.99265062580055
STU_010811,82.98725283182058
STU_010812,82.81895888598595
STU_010813,96.26802639053923
STU_010814,74.86124193126628
STU_010815,86.04787334272093
STU_010816,98.62187218725678
STU_010817,86.1867451955567
STU_010818,83.31704588630754
STU_010819,83.00646861512682
STU_010820,96.33307140438863
STU_010821,96.85339003720236
STU_010822,69.36845272040038
STU_010823,91.52098685839913
STU_010824,87.63500899956973
STU_010825,84.84846752958798
STU_010826,83.54651633249853
STU_010827,66.31508605987172
STU_010828,74.32924444398209
STU_010829,69.52493921753971
STU_010830,74.86891000765154
STU_010831,93.53006580023985
STU_010832,94.52955155214042
STU_010833,84.63026847869497
STU_010834,69.72023169604918
STU_010835,83.30496145277955
STU_010836,82.29878468695483
STU_010837,74.9052431549577
STU_010838,91.73059207209204
STU_010839,74.2607147168049
STU_010840,77.5639284252466
STU_010841,87.3897168132001
STU_010842,89.21573299369464
STU_010843,74.72089231472653
STU_010844,59.234257065408144
STU_010845,88.84932719145576
STU_010846,81.97434285362799
STU_010847,100.0
STU_010848,78.77806009143542
STU_010849,76.72127596360502
STU_010850,62.74817624543323
STU_010851,91.00709403265122
STU_010852,66.30548949329206
STU_010853,87.96639607427704
STU_010854,88.29236803099354
STU_010855,71.35784242510628
STU_010856,58.883023009745806
STU_010857,68.12663792155764
STU_010858,52.04797662699649
STU_010859,70.10693521259253
STU_010860,94.63527007694637
STU_010861,73.65234321229289
STU_010862,67.12134810928295
STU_010863,79.07583565441998
STU_010864,84.18252884463925
STU_010865,77.62920181056901
STU_010866,91.65946398265571
STU_010867,60.93623189293142
STU_010868,68.36601273347333
STU_010869,82.82170348537714
STU_010870,69.63472728828214
STU_010871,85.0231848601328
STU_010872,86.33695059891834
STU_010873,52.86884488921029
STU_010874,66.67037113962941
STU_010875,86.05697405643869
STU_010876,72.4978088075879
STU_010877,74.85517940487499
STU_010878,77.41349272069759
STU_010879,65.68662695047888
STU_010880,84.54651706927599
STU_010881,94.90554876327747
STU_010882,79.52664617194836
STU_010883,83.23907815875896
STU_010884,66.2313088529699
STU_010885,67.24593294818673
STU_010886,94.14969639902927
STU_010887,67.41111255726588
STU_010888,86.66610944847096
STU_010889,93.02839606310997
STU_010890,76.3687137529217
STU_010891,95.74749229505156
STU_010892,80.55053946249751
STU_010893,73.13415599827238
STU_010894,85.52966545050184
STU_010895,72.83126065180382
STU_010896,78.74135427592537
STU_010897,71.11879404307916
STU_010898,83.9072747964053
STU_010899,59.812643852053654
STU_010900,72.72828792028497
STU_010901,65.10920838126826
STU_010902,89.40830867657321
STU_010903,61.66703069619531
STU_010904,74.37584421643862
STU_010905,67.81453333374738
STU_010906,55.0215381727738
STU_010907,94.61864494171482
STU_010908,90.10778271486268
STU_010909,83.41220599984531
STU_010910,82.53802027022714
STU_010911,79.76732322976503
STU_010912,90.37853498022031
STU_010913,80.76106720984518
STU_010914,89.98940354090477
STU_010915,77.3220713640311
STU_010916,69.20402058322287
STU_010917,79.20622569418069
STU_010918,81.04241701766816
STU_010919,86.91238399721047
STU_010920,72.55257841166107
STU_010921,77.86382584702133
STU_010922,80.22237356644096
STU_010923,88.48179731367462
STU_010924,91.88014720499575
STU_010925,72.87200878192903
STU_010926,92.01162212402227
STU_010927,65.00340773016794
STU_010928,77.08425532217306
STU_010929,70.51279694444862
STU_010930,91.25867866300467
STU_010931,76.39185697468484
STU_010932,84.4523149318581
STU_010933,79.66644442194794
STU_010934,90.03647466543612
STU_010935,74.68551244644858
STU_010936,64.11585799008614
STU_010937,74.96038945715256
STU_010938,61.2356671699391
STU_010939,80.40721749306083
STU_010940,55.566337570350676
STU_010941,92.72835303647749
STU_010942,78.99844568787816
STU_010943,62.12483599717107
STU_010944,63.23905135513547
STU_010945,74.52698497395966
STU_010946,82.70390384875653
STU_010947,73.45201775739054
STU_010948,87.3316066842111
STU_010949,93.21833642311789
STU_010950,67.00857192782576
STU_010951,74.64444621638557
STU_010952,62.374780163947534
STU_010953,87.768504060025
STU_010954,57.647104674826
STU_010955,65.97994007055007
STU_010956,95.34034390155554
STU_010957,83.8829101143987
STU_010958,66.0564117907883
STU_010959,87.55341203557094
STU_010960,82.0538446640662
STU_010961,75.61523406315992
STU_010962,89.4858292784467
STU_010963,74.90703250803026
STU_010964,78.54748864892045
STU_010965,71.59896376274958
STU_010966,61.067712108659435
STU_010967,74.21045342802522
STU_010968,71.79199598270624
STU_010969,62.784039927729765
STU_010970,84.08640989471836
STU_010971,77.36039707535565
STU_010972,70.72868558037527
STU_010973,75.62718073569842
STU_010974,65.63520765860272
STU_010975,75.93231573004286
STU_010976,81.5139471865441
STU_010977,85.43101626756399
STU_010978,95.7545014715558
STU_010979,73.70871482788364
STU_010980,79.03743621458909
STU_010981,88.20563714233671
STU_010982,72.38236295541459
STU_010983,76.73597222664434
STU_010984,74.84895484442829
STU_010985,55.98295558204952
STU_010986,91.98343628815874
STU_010987,90.60903381673282
STU_010988,67.74512933211952
STU_010989,84.95351011337011
STU_010990,81.23530634343922
STU_010991,62.23651524135208
STU_010992,82.08102337853532
STU_010993,75.76476099466649
STU_010994,82.33302139532266
STU_010995,98.28033944242371
STU_010996,62.90666237989388
STU_010997,65.55017759269181
STU_010998,69.04210262911873
STU_010999,72.60982997027459
STU_011000,77.90895091423508
STU_011001,63.006704348108734
STU_011002,81.57128061166503
STU_011003,60.01646060822769
STU_011004,81.78772536296094
STU_011005,72.16999463874238
STU_011006,83.62392291307367
STU_011007,69.65550980079244
STU_011008,80.21263702373575
STU_011009,93.53141193843092
STU_011010,97.8093610757036
STU_011011,70.86812899094079
STU_011012,80.7949636594343
STU_011013,56.704143229524796
STU_011014,67.68441767833305
STU_011015,92.39792990205508
STU_011016,68.80625248572781
STU_011017,76.57129058432879
STU_011018,85.63158893421537
STU_011019,65.98609557327231
STU_011020,91.77102753904362
STU_011021,68.40454512291902
STU_011022,84.57520789897619
STU_011023,75.4519771425397
STU_011024,80.89962308749989
STU_011025,65.83323458475765
STU_011026,79.33227874215123
STU_011027,75.2533308290204
STU_011028,90.62669441449138
STU_011029,86.08872675696162
STU_011030,64.40727802270922
STU_011031,66.74056920510223
STU_011032,62.57321043235394
STU_011033,61.63832449768929
STU_011034,73.28977607600109
STU_011035,84.02366799771919
STU_011036,91.6949598308867
STU_011037,93.72619812080765
STU_011038,84.58015886624558
STU_011039,62.5612404682029
STU_011040,79.30774461658437
STU_011041,57.8960478926579
STU_011042,67.13750419982193
STU_011043,66.17890949726711
STU_011044,61.77420893998858
STU_011045,95.54031095585921
STU_011046,82.26849207569647
STU_011047,84.5549423194952
STU_011048,69.74622931651643
STU_011049,82.0467287698332
STU_011050,79.31243631416456
STU_011051,88.21683316546347
STU_011052,99.250285669257
STU_011053,61.358550268074865
STU_011054,71.47614484864151
STU_011055,64.47099737565789
STU_011056,67.3233865900783
STU_011057,87.58245857358534
STU_011058,100.0
STU_011059,99.33341149964552
STU_011060,71.18966074522518
STU_011061,70.83384632725169
STU_011062,64.47077941149546
STU_011063,80.58761871127942
STU_011064,70.72515973917993
STU_011065,74.37384439828317
STU_011066,72.52917471594039
STU_011067,86.24913309587997
STU_011068,95.07686407897657
STU_011069,92.24695456575223
STU_011070,70.11783892450448
STU_011071,90.03600396933243
STU_011072,90.95151180533021
STU_011073,79.7999543826225
STU_011074,88.31464102647556
STU_011075,71.62283558774543
STU_011076,94.64248164404239
STU_011077,75.11516094100121
STU_011078,72.62727224545749
STU_011079,68.927001254841
STU_011080,62.31153416484066
STU_011081,87.65388862644362
STU_011082,61.389059239071564
STU_011083,94.55070912660688
STU_011084,76.9244970469046
STU_011085,90.21981739090799
STU_011086,66.06166622388538
STU_011087,71.7636095688045
STU_011088,76.79826566445716
STU_011089,87.86729944899214
STU_011090,85.60347708399277
STU_011091,81.05287922898397
STU_011092,66.2067171360726
STU_011093,80.35796449738729
STU_011094,59.458956830415026
STU_011095,81.07451976996997
STU_011096,70.20165170186966
STU_011097,90.2587358321111
STU_011098,88.40152314251503
STU_011099,86.93976472734516
STU_011100,68.27181402631462
STU_011101,62.055165457053945
STU_011102,79.9638620926696
STU_011103,71.27544531155743
STU_011104,92.23886848244517
STU_011105,76.66134941430965
STU_011106,78.95727804745007
STU_011107,62.46067737599274
STU_011108,82.24474840309323
STU_011109,89.62420366123897
STU_011110,94.605611483999
STU_011111,74.19874802010102
STU_011112,78.02880077340939
STU_011113,80.22586714241504
STU_011114,87.89283531791659
STU_011115,93.77303524214359
STU_011116,81.08511278018865
STU_011117,70.27588487803467
STU_011118,71.9928297203291
STU_011119,78.77594806391681
STU_011120,77.4807198081039
STU_011121,72.73611134004737
STU_011122,67.19926269579801
STU_011123,95.90656030018827
STU_011124,68.2372942506127
STU_011125,99.66269569035325
STU_011126,83.99758915254768
STU_011127,76.84856934691568
STU_011128,70.32558435014045
STU_011129,88.48433115083378
STU_011130,67.42378257408954
STU_011131,84.514373352138
STU_011132,75.7472446653017
STU_011133,80.85157112642706
STU_011134,54.681551754477894
STU_011135,55.206276389498754
STU_011136,89.51490755579138
STU_011137,75.27036008373692
STU_011138,100.0
STU_011139,74.72387083385769
STU_011140,85.13429608526816
STU_011141,61.42760588549614
STU_011142,87.77045358202442
STU_011143,82.79216589945398
STU_011144,65.69975765615071
STU_011145,63.667194863937915
STU_011146,69.95634538164371
STU_011147,91.79768877812579
STU_011148,91.83293119055247
STU_011149,85.89159491148494
STU_011150,85.63534283154662
STU_011151,94.50158049768814
STU_011152,66.62915699122921
STU_011153,76.11598856603325
STU_011154,75.53330633275574
STU_011155,72.6528366453849
STU_011156,79.12014221679256
STU_011157,64.01806768174862
STU_011158,74.78994006058727
STU_011159,69.49225157065794
STU_011160,64.21818828609416
STU_011161,89.19963807786945
STU_011162,73.65666410267094
STU_011163,73.18233531300883
STU_011164,84.54035535082448
STU_011165,75.86376638414997
STU_011166,80.38200619033556
STU_011167,66.27719558520018
STU_011168,82.56387003959308
STU_011169,87.84235893774672
STU_011170,68.07275005041284
STU_011171,73.2674641675423
STU_011172,94.7600635678459
STU_011173,94.12297344141587
STU_011174,73.73486117124423
STU_011175,63.60017858279125
STU_011176,82.08378760371181
STU_011177,73.2245052346095
STU_011178,85.40709120151388
STU_011179,81.55896766196834
STU_011180,68.95848863889822
STU_011181,80.34173331292048
STU_011182,93.78018554824133
STU_011183,61.61410704776464
STU_011184,77.34649932156165
STU_011185,77.48214920943474
STU_011186,48.30872000731349
STU_011187,82.90221056354201
STU_011188,73.71445783532693
STU_011189,50.48828594827075
STU_011190,82.28645716966837
STU_011191,94.74729475429255
STU_011192,79.79137809163555
STU_011193,75.34146113984853
STU_011194,89.41407358127437
STU_011195,82.11534689141595
STU_011196,82.68885099228946
STU_011197,97.50950603286958
STU_011198,80.77663192525725
STU_011199,90.23422084113038
STU_011200,74.23397333772054
STU_011201,52.22929353580351
STU_011202,66.1318147353422
STU_011203,78.84143192809783
STU_011204,87.94933521566747
STU_011205,88.29299517027665
STU_011206,82.02555060865394
STU_011207,64.51467953057364
STU_011208,76.69879482186411
STU_011209,77.24099175887449
STU_011210,73.79058871326225
STU_011211,77.5018118586956
STU_011212,77.7415827182381
STU_011213,83.24833857494136
STU_011214,58.88360836117608
STU_011215,89.74191719069303
STU_011216,62.22928306362942
STU_011217,99.17864220397165
STU_011218,68.74548501102382
STU_011219,86.5211291877323
STU_011220,68.67764692703123
STU_011221,80.21749705279504
STU_011222,85.78340282387195
STU_011223,73.85915234285696
STU_011224,99.09444238352019
STU_011225,49.7048303580429
STU_011226,82.89142458125127
STU_011227,65.88745917068724
STU_011228,91.93892470451208
STU_011229,80.6710472631129
STU_011230,80.24336549723508
STU_011231,91.34113581921073
STU_011232,85.32599406561744
STU_011233,76.44376559727368
STU_011234,82.57354795084709
STU_011235,92.99021223680812
STU_011236,71.04653454324016
STU_011237,67.240825079055
STU_011238,71.04678176232983
STU_011239,80.64682503949291
STU_011240,88.07148298231056
STU_011241,97.09189336925536
STU_011242,64.15843211307295
STU_011243,65.86643829878503
STU_011244,55.73327957826918
STU_011245,76.74557620419102
STU_011246,77.58151951561321
STU_011247,87.59479168570323
STU_011248,71.46868057573015
STU_011249,74.8017563135279
STU_011250,73.07770471586865
STU_011251,80.05192594186909
STU_011252,81.30239008910263
STU_011253,78.29096095737128
STU_011254,95.35592276853521
STU_011255,82.94350525630752
STU_011256,74.67828532244773
STU_011257,48.89645281125003
STU_011258,77.67473620292517
STU_011259,76.7827016927322
STU_011260,100.0
STU_011261,62.42133556492275
STU_011262,84.16010555938168
STU_011263,60.76747470368622
STU_011264,55.180673026622955
STU_011265,77.70099476072973
STU_011266,79.23679280245923
STU_011267,89.18312036320356
STU_011268,73.04269616460375
STU_011269,88.10747940240286
STU_011270,76.41140364834351
STU_011271,80.3112377117314
STU_011272,90.06721172715208
STU_011273,76.16374874179442
STU_011274,85.75439412768796
STU_011275,74.99190734621986
STU_011276,82.24648314521609
STU_011277,74.07105746400273
STU_011278,70.18036424437754
STU_011279,96.68986803912722
STU_011280,79.49170790685109
STU_011281,70.38225234215378
STU_011282,89.32849589110594
STU_011283,77.35641643836111
STU_011284,65.31740095052115
STU_011285,89.66668081082697
STU_011286,81.87346313382479
STU_011287,74.49470979857824
STU_011288,74.56064606560305
STU_011289,68.15331166606023
STU_011290,73.06136283506356
STU_011291,80.1454480404106
STU_011292,49.40999076370111
STU_011293,91.00453152933704
STU_011294,72.1022657302912
STU_011295,83.19370275018417
STU_011296,94.36092049949998
STU_011297,72.86499199105792
STU_011298,61.676907430442775
STU_011299,83.07580329948668
STU_011300,87.56274577831837
STU_011301,100.0
STU_011302,72.06995742817347
STU_011303,80.59544173781711
STU_011304,86.14355913134696
STU_011305,74.78734375245769
STU_011306,77.00468732421785
STU_011307,66.77024459335426
STU_011308,56.265680660173054
STU_011309,81.76442418026694
STU_011310,57.765954781847114
STU_011311,83.79053045835094
STU_011312,71.09279537278387
STU_011313,86.80460566872307
STU_011314,62.67142711327453
STU_011315,82.57916889168143
STU_011316,67.39442543299667
STU_011317,74.02704043277124
STU_011318,67.33404648139029
STU_011319,86.26481287614239
STU_011320,63.495773261526814
STU_011321,86.88648043153418
STU_011322,69.89992219975788
STU_011323,53.77322672195117
STU_011324,63.9797718196576
STU_011325,62.425595853507296
STU_011326,77.61977906288003
STU_011327,80.71204716786085
STU_011328,86.53880032190449
STU_011329,62.69717534395559
STU_011330,53.27835416365137
STU_011331,65.21978971354768
STU_011332,85.90762627458093
STU_011333,70.43479646166764
STU_011334,87.36934232317309
STU_011335,67.30908549676994
STU_011336,63.965076802920535
STU_011337,78.81247384958303
STU_011338,90.38055421881661
STU_011339,69.37641899575586
STU_011340,75.70053987811876
STU_011341,96.87262261764963
STU_011342,84.17335832112882
STU_011343,86.25295136908719
STU_011344,50.39031217497133
STU_011345,71.02162289152687
STU_011346,77.35027284053221
STU_011347,97.30016395154743
STU_011348,78.55971305384186
STU_011349,100.0
STU_011350,67.80205160399296
STU_011351,73.28736379783503
STU_011352,84.76876935833802
STU_011353,70.45345451612611
STU_011354,91.73804501867866
STU_011355,70.97062487204869
STU_011356,80.54308419729081
STU_011357,68.01422826364544
STU_011358,94.46920798053779
STU_011359,100.0
STU_011360,100.0
STU_011361,72.42681258345284
STU_011362,80.30706248680525
STU_011363,99.83764586785591
STU_011364,85.57009553371931
STU_011365,65.10535820169386
STU_011366,89.59738510935664
STU_011367,73.53275496107182
STU_011368,85.82141006411945
STU_011369,72.3048753122753
STU_011370,79.56924882084333
STU_011371,72.98223722687844
STU_011372,88.52971910974357
STU_011373,69.04804173494605
STU_011374,77.76155100355444
STU_011375,87.56133920499724
STU_011376,57.68206305443998
STU_011377,100.0
STU_011378,89.26439292768188
STU_011379,82.56927934325743
STU_011380,73.85192569065548
STU_011381,59.460502727596435
STU_011382,81.14473827972144
STU_011383,94.22306949951053
STU_011384,78.97808157026843
STU_011385,84.55476220426371
STU_011386,72.92893788737767
STU_011387,59.79531988729947
STU_011388,62.504417458363434
STU_011389,64.0265739230068
STU_011390,86.32220530829201
STU_011391,55.50750650847158
STU_011392,71.22790973563639
STU_011393,69.3516515485988
STU_011394,83.06171702337326
STU_011395,85.60320236810128
STU_011396,88.30799579961376
STU_011397,68.20920171467264
STU_011398,100.0
STU_011399,73.87372143756009
STU_011400,74.65386450122887
STU_011401,76.40374475303553
STU_011402,75.40814746348154
STU_011403,82.4209394529758
STU_011404,100.0
STU_011405,83.3327010900351
STU_011406,86.58223507110009
STU_011407,93.79099901479427
STU_011408,79.11684834593846
STU_011409,83.09613439214577
STU_011410,76.43079390056579
STU_011411,94.58427092913807
STU_011412,77.51515644272152
STU_011413,69.04482775921862
STU_011414,90.90159110424811
STU_011415,75.55283726467974
STU_011416,91.85182573958257
STU_011417,78.82885357833746
STU_011418,61.534756393574156
STU_011419,72.88034606930428
STU_011420,87.77110854668105
STU_011421,86.72746513460297
STU_011422,76.68814990795119
STU_011423,67.78234342643401
STU_011424,71.27284085908406
STU_011425,71.57567810044577
STU_011426,100.0
STU_011427,67.1545969578941
STU_011428,90.91302170168062
STU_011429,76.79216975008744
STU_011430,77.21590235697182
STU_011431,81.90253957904494
STU_011432,71.21289124747842
STU_011433,87.95156375374418
STU_011434,95.07856836702962
STU_011435,74.05099181983358
STU_011436,89.67641077175817
STU_011437,63.8748793322296
STU_011438,67.78911792400483
STU_011439,75.83817641105512
STU_011440,75.41841901648081
STU_011441,78.09370077142223
STU_011442,77.29105629111798
STU_011443,70.69542209922302
STU_011444,78.60306602125087
STU_011445,69.99279287252955
STU_011446,62.165748176860475
STU_011447,88.65465474357703
STU_011448,63.39290867001806
STU_011449,72.50268844625943
STU_011450,79.65542671613402
STU_011451,79.53487177087358
STU_011452,71.83717191890585
STU_011453,70.52019958513806
STU_011454,64.07705649408892
STU_011455,53.26539820467535
STU_011456,90.8915073516505
STU_011457,67.90930084553557
STU_011458,98.24678042732305
STU_011459,73.79699732769092
STU_011460,83.19709011265695
STU_011461,79.599581656876
STU_011462,83.56549783352256
STU_011463,81.12075594308241
STU_011464,75.61354179660378
STU_011465,73.35093709172945
STU_011466,83.35277218886303
STU_011467,78.40900161679977
STU_011468,68.6491680151575
STU_011469,71.50999115605795
STU_011470,90.40058917369255
STU_011471,66.21895130119552
STU_011472,71.13752058984929
STU_011473,77.74269701928293
STU_011474,92.07139354049514
STU_011475,88.33947278608957
STU_011476,91.84014608959532
STU_011477,99.12739260197236
STU_011478,52.50785552279632
STU_011479,66.07434371725121
STU_011480,98.43311253439991
STU_011481,72.38431486239632
STU_011482,66.09784860480234
STU_011483,94.50050830662475
STU_011484,78.15474625112543
STU_011485,82.9625048511117
STU_011486,63.527385919117826
STU_011487,80.95350734348568
STU_011488,77.93454507122698
STU_011489,73.14739610303127
STU_011490,80.8097971039017
STU_011491,64.89826787594143
STU_011492,81.04200581352914
STU_011493,95.47257367348263
STU_011494,83.81746297254227
STU_011495,82.80503590527624
STU_011496,94.30198315897479
STU_011497,77.3550664839253
STU_011498,76.76129856149403
STU_011499,80.71424769106127
STU_011500,76.7028819590298
STU_011501,70.24473089717537
STU_011502,49.43257344351496
STU_011503,84.42058606575614
STU_011504,68.04352748789562
STU_011505,70.58652612916258
STU_011506,62.708969270321404
STU_011507,71.47326255407279
STU_011508,80.92373201698058
STU_011509,73.50622633379373
STU_011510,81.89035581658919
STU_011511,93.37205692975121
STU_011512,52.07710665377829
STU_011513,80.44952330256211
STU_011514,79.77638833203174
STU_011515,69.60427242906219
STU_011516,81.90775492955244
STU_011517,84.02601311179566
STU_011518,98.76845924271039
STU_011519,63.45464053501358
STU_011520,53.050912569527306
STU_011521,56.49263145206937
STU_011522,100.0
STU_011523,80.50010696236616
STU_011524,89.23392806521724
STU_011525,100.0
STU_011526,81.082337881573
STU_011527,87.290316705625
STU_011528,87.31369579366331
STU_011529,85.57624078486958
STU_011530,66.88866108369015
STU_011531,80.39279902332792
STU_011532,75.27265099694664
STU_011533,81.87785132473441
STU_011534,77.1529635363367
STU_011535,68.96019222670581
STU_011536,60.56269931801606
STU_011537,59.33063380783381
STU_011538,76.58888088363561
STU_011539,72.72929475190594
STU_011540,78.35451312788078
STU_011541,80.87597034085158
STU_011542,66.26824887882097
STU_011543,81.61475701009597
STU_011544,82.87577150651609
STU_011545,89.62814501086416
STU_011546,60.444341308044876
STU_011547,89.64869480110552
STU_011548,82.33566301248334
STU_011549,62.80077315222875
STU_011550,81.80849506686492
STU_011551,71.2171000269379
STU_011552,57.72101979539626
STU_011553,74.90719416219832
STU_011554,79.9182576306089
STU_011555,85.47510787145558
STU_011556,95.77401998067754
STU_011557,66.65050057654244
STU_011558,100.0
STU_011559,92.34828090697243
STU_011560,100.0
STU_011561,71.02326806276201
STU_011562,96.90010185119831
STU_011563,97.02567468595083
STU_011564,63.739544577179316
STU_011565,74.52793964046135
STU_011566,71.85052678517646
STU_011567,65.94572172138506
STU_011568,62.63177626080767
STU_011569,77.89024321408934
STU_011570,98.67885385835427
STU_011571,76.40318775012948
STU_011572,90.14314970869412
STU_011573,74.12362631815435
STU_011574,74.86463226843951
STU_011575,74.35722856957479
STU_011576,76.97474805227104
STU_011577,69.65979979768572
STU_011578,67.40754415651682
STU_011579,72.51069033679273
STU_011580,89.70785346172227
STU_011581,67.89866714645844
STU_011582,83.11828070681472
STU_011583,67.58233533355616
STU_011584,87.71836075504419
STU_011585,82.97541891768056
STU_011586,81.83146533974201
STU_011587,90.09547574397557
STU_011588,91.09577315165022
STU_011589,86.0044463990229
STU_011590,69.00126149523128
STU_011591,62.399881512902745
STU_011592,91.24879553687863
STU_011593,77.45016222469188
STU_011594,96.47044395641745
STU_011595,87.09822208010846
STU_011596,81.23940915355497
STU_011597,72.37706341592302
STU_011598,80.36323571102461
STU_011599,63.1683074430107
STU_011600,60.88441370248084
STU_011601,76.66861924250952
STU_011602,87.81318378700085
STU_011603,67.8483362556808
STU_011604,85.34729520201918
STU_011605,85.59703562250198
STU_011606,63.00974264212128
STU_011607,94.89732212210353
STU_011608,89.40753906981504
STU_011609,68.67317849233098
STU_011610,81.68161737925976
STU_011611,60.65138070287457
STU_011612,80.35241202387655
STU_011613,68.87990611989883
STU_011614,67.28722726774798
STU_011615,85.87883369183994
STU_011616,87.66188764024814
STU_011617,69.52575362962455
STU_011618,77.0539788777985
STU_011619,77.63944619494492
STU_011620,62.71320172736031
STU_011621,71.79195741864224
STU_011622,69.35363337706019
STU_011623,57.837400866023785
STU_011624,85.89910285987906
STU_011625,96.77476163816412
STU_011626,79.28453841675355
STU_011627,67.78146817859418
STU_011628,66.72098838079137
STU_011629,75.65136228606913
STU_011630,94.98372385576694
STU_011631,60.59387644820862
STU_011632,65.40043444076807
STU_011633,100.0
STU_011634,56.88760546302076
STU_011635,93.42122575787322
STU_011636,64.56089848067947
STU_011637,73.43528789182733
STU_011638,83.04350850634415
STU_011639,88.5463381469342
STU_011640,88.5739558869065
STU_011641,76.99165602145604
STU_011642,76.77567563235367
STU_011643,64.23796520749003
STU_011644,92.08146159514864
STU_011645,96.25050215902961
STU_011646,75.26756326686663
STU_011647,77.81969952423137
STU_011648,77.17087156642152
STU_011649,82.80560887803321
STU_011650,87.51533950291184
STU_011651,70.37548945114087
STU_011652,62.07961944131836
STU_011653,100.0
STU_011654,66.82999993108577
STU_011655,74.75647344838775
STU_011656,66.49048616370428
STU_011657,41.09209943426167
STU_011658,98.12316402608178
STU_011659,63.185567370985474
STU_011660,82.4437087826115
STU_011661,98.90029767176168
STU_011662,85.93081345219677
STU_011663,91.78697796748214
STU_011664,91.20086636196542
STU_011665,67.8812138286506
STU_011666,76.8097634183238
STU_011667,64.31775054528231
STU_011668,78.48027270643374
STU_011669,64.41351140261489
STU_011670,87.59606331196606
STU_011671,77.19906293438184
STU_011672,88.92367525297587
STU_011673,76.27191037689595
STU_011674,67.11752812587915
STU_011675,86.92821282991193
STU_011676,74.02462007671262
STU_011677,78.82720088629635
STU_011678,59.149589033088645
STU_011679,93.19722433894567
STU_011680,88.14021468054742
STU_011681,95.00470819825478
STU_011682,51.00910074366706
STU_011683,73.32985885258938
STU_011684,66.37451397235694
STU_011685,63.098850661136275
STU_011686,73.81854604808413
STU_011687,88.00862106415795
STU_011688,87.72089842000375
STU_011689,69.15940580982218
STU_011690,75.45547776215548
STU_011691,95.25471833242005
STU_011692,81.45504283237044
STU_011693,87.80004341724015
STU_011694,93.60786533911755
STU_011695,91.68801907841521
STU_011696,90.09731978456352
STU_011697,71.96333371681463
STU_011698,71.12713751834211
STU_011699,83.59808502013134
STU_011700,66.61004224392848
STU_011701,77.39374338040008
STU_011702,82.52255799809188
STU_011703,90.7994674047819
STU_011704,79.64498376334974
STU_011705,77.20876018012898
STU_011706,88.53899590916778
STU_011707,73.92023298683993
STU_011708,79.6734685902595
STU_011709,84.74922866738258
STU_011710,82.4157153567831
STU_011711,81.73536651888024
STU_011712,57.15731661441306
STU_011713,93.96155409303373
STU_011714,77.15909209805771
STU_011715,85.10773791474028
STU_011716,80.41054502490185
STU_011717,73.59875129924237
STU_011718,83.25785482606685
STU_011719,80.15371789436509
STU_011720,96.15044661178945
STU_011721,66.90335515293188
STU_011722,67.96765057604571
STU_011723,71.14047428744739
STU_011724,90.78986820796625
STU_011725,78.11723309725173
STU_011726,59.176256422540064
STU_011727,67.49647319129767
STU_011728,57.85678552916905
STU_011729,77.55825457592215
STU_011730,74.767326092276
STU_011731,94.9345679181261
STU_011732,88.96563689065094
STU_011733,81.4545343119313
STU_011734,90.53409205735439
STU_011735,80.80184106707736
STU_011736,72.1308069109931
STU_011737,67.7821036767653
STU_011738,88.3598465036035
STU_011739,87.08854763595596
STU_011740,87.13580022400632
STU_011741,77.21426188514687
STU_011742,69.62234769666784
STU_011743,63.56781748526862
STU_011744,73.98046099192831
STU_011745,67.17689612959805
STU_011746,72.15774991942749
STU_011747,85.37588280674292
STU_011748,71.06693197054703
STU_011749,77.56076621803655
STU_011750,95.1599810287481
STU_011751,70.26985811106677
STU_011752,70.00448406522642
STU_011753,51.391355350472
STU_011754,78.77136511949598
STU_011755,80.81991763175435
STU_011756,83.65372510349097
STU_011757,79.52851822477649
STU_011758,98.2822868845331
STU_011759,71.79946663427744
STU_011760,86.10551172569001
STU_011761,87.99144787449436
STU_011762,77.1483004814302
STU_011763,80.20701497166608
STU_011764,65.79435507181023
STU_011765,80.35568152017328
STU_011766,48.039852412896614
STU_011767,61.50819408173495
STU_011768,85.8870312037784
STU_011769,60.32195347931969
STU_011770,91.89758261122822
STU_011771,71.243595107794
STU_011772,65.58973420226727
STU_011773,64.18961435858066
STU_011774,62.890625327704775
STU_011775,76.24925720947448
STU_011776,66.59857549814382
STU_011777,73.8162059818403
STU_011778,88.44618323590986
STU_011779,81.18651105158804
STU_011780,78.43048078300887
STU_011781,59.47087315230475
STU_011782,88.51495299249078
STU_011783,74.77581592044297
STU_011784,73.33303854439123
STU_011785,67.5708838918482
STU_011786,81.27709984179963
STU_011787,69.70033806996335
STU_011788,75.87207717152485
STU_011789,66.05891902775828
STU_011790,83.20828881300685
STU_011791,90.76220949744139
STU_011792,80.9345253506574
STU_011793,64.26304143154077
STU_011794,58.22273009286637
STU_011795,68.80392479972875
STU_011796,95.66455144328117
STU_011797,68.51512181470626
STU_011798,73.62548757276355
STU_011799,100.0
STU_011800,71.82065740036664
STU_011801,86.01675369820913
STU_011802,89.97754500689777
STU_011803,76.26865020609642
STU_011804,73.70743562235802
STU_011805,69.16374753988724
STU_011806,71.38070777998271
STU_011807,86.18230819555387
STU_011808,87.94122472846404
STU_011809,89.011859465718
STU_011810,91.93690266467874
STU_011811,89.08166011818848
STU_011812,72.25829106054752
STU_011813,73.80591998954174
STU_011814,92.29617621053544
STU_011815,73.29418060185903
STU_011816,78.84514621628458
STU_011817,91.07400358111413
STU_011818,78.98792461258529
STU_011819,75.27309620564724
STU_011820,72.26477860202839
STU_011821,76.69168126203746
STU_011822,99.32290167319104
STU_011823,73.1379709185541
STU_011824,74.85228246337596
STU_011825,81.69186356478404
STU_011826,71.47365376577784
STU_011827,73.72257198178491
STU_011828,72.05444257715723
STU_011829,76.60660408173513
STU_011830,66.32228285240674
STU_011831,66.66024332727278
STU_011832,68.59361714729057
STU_011833,73.04473558877237
STU_011834,64.54843586201648
STU_011835,81.72317652835248
STU_011836,77.48657340969292
STU_011837,72.67494932386978
STU_011838,69.04647202494688
STU_011839,87.46164825227429
STU_011840,84.09705142208364
STU_011841,80.24696252577189
STU_011842,61.68427084142934
STU_011843,58.41379341451437
STU_011844,80.18172420183141
STU_011845,72.09426983295135
STU_011846,85.58666368120673
STU_011847,74.14048134836304
STU_011848,96.93245043862885
STU_011849,77.23458427202655
STU_011850,71.92460964942038
STU_011851,91.04207092080992
STU_011852,88.53580382715775
STU_011853,83.89319287041545
STU_011854,76.3566180206583
STU_011855,89.76205534979051
STU_011856,80.59604392955458
STU_011857,80.7177639627857
STU_011858,85.76782533082162
STU_011859,76.30367197399754
STU_011860,75.33819232592899
STU_011861,66.39010283378546
STU_011862,71.45082169197406
STU_011863,96.92908908399133
STU_011864,52.566161118155264
STU_011865,81.9699005436137
STU_011866,66.36657083597476
STU_011867,85.54591540043499
STU_011868,83.15207940930514
STU_011869,74.34644782372654
STU_011870,88.94567385655206
STU_011871,70.59806268539822
STU_011872,66.39821302435044
STU_011873,80.02897750624182
STU_011874,67.98120806849298
STU_011875,62.765698528302735
STU_011876,71.26905067903148
STU_011877,88.12729427242813
STU_011878,58.793275868037036
STU_011879,78.64561714352853
STU_011880,59.605332282441495
STU_011881,64.37389377305333
STU_011882,81.6636772317401
STU_011883,58.597759046551545
STU_011884,71.00991463388225
STU_011885,67.14196648136173
STU_011886,73.75214275749435
STU_011887,77.59760689043281
STU_011888,79.05739170974485
STU_011889,52.1361395885898
STU_011890,63.13371253829918
STU_011891,82.91341809685198
STU_011892,97.63266534809287
STU_011893,90.72170908802454
STU_011894,74.30878445469395
STU_011895,93.0464855481427
STU_011896,66.72442870127037
STU_011897,68.5760709103184
STU_011898,100.0
STU_011899,57.70013418727242
STU_011900,79.82775028708227
STU_011901,80.0500663828618
STU_011902,60.34716723621223
STU_011903,73.80647230194093
STU_011904,80.57329344486207
STU_011905,68.37089259102952
STU_011906,80.51929148999865
STU_011907,87.74862588372726
STU_011908,93.62765674620714
STU_011909,57.82509049642815
STU_011910,85.4725899791483
STU_011911,74.49103906550863
STU_011912,87.15788385231026
STU_011913,75.70381757490823
STU_011914,88.1908125464151
STU_011915,84.11334201043073
STU_011916,69.38684712406126
STU_011917,86.93829683230076
STU_011918,77.66524195865794
STU_011919,96.63546300638777
STU_011920,73.98826485509032
STU_011921,69.44149781891436
STU_011922,78.45804789660694
STU_011923,64.24360353183242
STU_011924,68.06466096473265
STU_011925,46.208210469669574
STU_011926,75.89490713230072
STU_011927,73.391158057202
STU_011928,71.76887587561833
STU_011929,82.72528300029145
STU_011930,84.98381914750934
STU_011931,86.53490229989009
STU_011932,67.35254804425851
STU_011933,58.45904256001947
STU_011934,78.87768316732138
STU_011935,59.01116138410664
STU_011936,87.98910067097256
STU_011937,74.67092917610042
STU_011938,62.59519520931895
STU_011939,92.5357060006429
STU_011940,82.31719749518764
STU_011941,80.51889868193292
STU_011942,89.51195996428578
STU_011943,73.7772185275698
STU_011944,67.3505234272251
STU_011945,74.88410563255118
STU_011946,98.34538281388728
STU_011947,87.64490275981137
STU_011948,66.70806344533304
STU_011949,80.32489463298181
STU_011950,78.83003505771401
STU_011951,90.58597834187266
STU_011952,69.73167905434029
STU_011953,56.5542911942856
STU_011954,90.18408421856739
STU_011955,65.22333517392535
STU_011956,90.07357218538237
STU_011957,66.77789023833998
STU_011958,96.76553638465892
STU_011959,79.92458910102032
STU_011960,90.9564494896866
STU_011961,90.0383568776396
STU_011962,80.2131575788209
STU_011963,92.57021142270386
STU_011964,79.01019858097348
STU_011965,82.1510175351522
STU_011966,89.69274775151673
STU_011967,60.5975132796881
STU_011968,87.80058857072099
STU_011969,61.742586013086296
STU_011970,82.62381612698861
STU_011971,58.07712597197643
STU_011972,87.93249864001427
STU_011973,70.6955823234899
STU_011974,95.77734969251757
STU_011975,76.53800348046622
STU_011976,65.46292795059215
STU_011977,84.94320226083806
STU_011978,64.26948472330896
STU_011979,79.68569453303256
STU_011980,80.10205396137262
STU_011981,80.62576383252677
STU_011982,90.05437371551052
STU_011983,68.30998661762038
STU_011984,81.22574383858097
STU_011985,80.85053466922459
STU_011986,72.38209815813615
STU_011987,58.40520950706721
STU_011988,75.01284355749405
STU_011989,74.29166132340038
STU_011990,89.54290583820296
STU_011991,67.60896182755697
STU_011992,50.35421685955902
STU_011993,72.49171489035808
STU_011994,62.46456543322096
STU_011995,71.32990724292564
STU_011996,72.62166998587037
STU_011997,86.23475102259876
STU_011998,93.48546747486412
STU_011999,100.0
STU_012000,87.63481039121149
STU_012001,86.04877994160319
STU_012002,73.7890506684362
STU_012003,77.13167770579606
STU_012004,69.35172206174856
STU_012005,81.86909762658038
STU_012006,87.32040733621547
STU_012007,65.71642471121675
STU_012008,78.01524654925446
STU_012009,69.84417292855824
STU_012010,48.85863302943842
STU_012011,61.93236358953667
STU_012012,74.96626153207559
STU_012013,69.9378241626373
STU_012014,60.23550087394428
STU_012015,71.32684525044058
STU_012016,53.5917168722728
STU_012017,75.12885501783401
STU_012018,85.99367565811276
STU_012019,95.24657379518354
STU_012020,63.90756327407564
STU_012021,63.470074713524355
STU_012022,68.734525538426
STU_012023,76.02366485266737
STU_012024,93.19313878756782
STU_012025,88.4341499505331
STU_012026,66.34558505711568
STU_012027,88.76116461869759
STU_012028,90.7740936050311
STU_012029,64.92325470963675
STU_012030,88.52152529744245
STU_012031,95.09764610512508
STU_012032,71.8789722603227
STU_012033,69.49282700164815
STU_012034,93.0660881048234
STU_012035,70.86159108375256
STU_012036,68.5594561730575
STU_012037,81.48654970127663
STU_012038,66.55252334571261
STU_012039,72.02616988413214
STU_012040,93.99744065050021
STU_012041,73.16945642557279
STU_012042,87.12186543453618
STU_012043,72.66184157812097
STU_012044,72.67555959884191
STU_012045,53.641692504752946
STU_012046,81.04941252520025
STU_012047,95.27018006109184
STU_012048,56.4138561864736
STU_012049,75.86804179502667
STU_012050,76.22782321413419
STU_012051,42.06986674944805
STU_012052,84.65411558804624
STU_012053,85.48012005550854
STU_012054,71.74047398709723
STU_012055,78.01851032515016
STU_012056,92.89617261338074
STU_012057,84.52241142058843
STU_012058,71.22942689128003
STU_012059,58.584730621290724
STU_012060,74.71668714279413
STU_012061,63.47951073799941
STU_012062,86.89075457815755
STU_012063,59.592968246065915
STU_012064,65.97154766840205
STU_012065,84.26659105746023
STU_012066,74.69483035625845
STU_012067,80.58414117861777
STU_012068,65.27406238489985
STU_012069,67.65932029326483
STU_012070,78.63947710563514
STU_012071,77.6821432212631
STU_012072,72.0929308237246
STU_012073,86.27271836740461
STU_012074,89.50330236599201
STU_012075,58.421197028630324
STU_012076,70.00985504783785
STU_012077,69.82827025927928
STU_012078,70.39082759266488
STU_012079,74.56308758805869
STU_012080,76.30275100247522
STU_012081,61.33953075217431
STU_012082,90.36148514209256
STU_012083,74.15923665765534
STU_012084,77.87359404210216
STU_012085,94.65013486046769
STU_012086,84.62958679123673
STU_012087,77.95072262203638
STU_012088,76.09375355411157
STU_012089,75.834155654616
STU_012090,88.07706479250417
STU_012091,86.04783944521242
STU_012092,80.38423310356745
STU_012093,80.85636045404912
STU_012094,81.90784346466008
STU_012095,70.03468894181842
STU_012096,79.25155922038289
STU_012097,80.58786645250733
STU_012098,63.971385600637085
STU_012099,76.64304851610875
STU_012100,89.84407067426633
STU_012101,89.77069030481525
STU_012102,74.84243282341596
STU_012103,77.8761710377247
STU_012104,61.987368882597096
STU_012105,82.64488092288856
STU_012106,88.89633711860276
STU_012107,80.10860226987158
STU_012108,87.75322985551306
STU_012109,75.10654447296092
STU_012110,76.86222881976715
STU_012111,50.39965402316201
STU_012112,81.39076413941586
STU_012113,88.56381769239536
STU_012114,74.16939764366603
STU_012115,72.72684484391948
STU_012116,73.18116786661409
STU_012117,94.46533236309384
STU_012118,68.33346101432727
STU_012119,91.48241567696368
STU_012120,66.40918336142994
STU_012121,73.69434392053343
STU_012122,66.26525865610941
STU_012123,82.9237538491191
STU_012124,75.9800885532985
STU_012125,80.54865072026959
STU_012126,76.37029502750006
STU_012127,73.5410318180559
STU_012128,75.67038755939242
STU_012129,75.72250165362394
STU_012130,70.00902275397536
STU_012131,56.34197839966839
STU_012132,81.66279694135673
STU_012133,82.02856313244595
STU_012134,67.59905552878377
STU_012135,66.343946119512
STU_012136,58.04061486450838
STU_012137,69.1290076891378
STU_012138,62.85256507555222
STU_012139,68.69901798746385
STU_012140,79.10927152548221
STU_012141,69.0185574249938
STU_012142,78.81249071766472
STU_012143,100.0
STU_012144,81.78302548479775
STU_012145,74.42903774855944
STU_012146,77.72062027804573
STU_012147,69.63246434905888
STU_012148,77.32572063978459
STU_012149,80.9347505893844
STU_012150,81.5356536820397
STU_012151,80.61840901670814
STU_012152,64.20969926648661
STU_012153,77.6020926209356
STU_012154,80.00074698296237
STU_012155,65.76059816195408
STU_012156,72.60392520086242
STU_012157,80.91214880634749
STU_012158,89.61856566203338
STU_012159,85.16241812482957
STU_012160,94.56986439842332
STU_012161,95.534830152432
STU_012162,83.94186297592931
STU_012163,100.0
STU_012164,48.96844215134024
STU_012165,71.69363234240684
STU_012166,67.97265666522634
STU_012167,94.11951021636258
STU_012168,60.195882025619284
STU_012169,65.26550561204347
STU_012170,70.0521450729965
STU_012171,77.99652669094088
STU_012172,85.48887419343419
STU_012173,89.05008721187636
STU_012174,83.36798422364554
STU_012175,81.22659062265251
STU_012176,72.61831924028625
STU_012177,74.58446050131808
STU_012178,88.07132152891592
STU_012179,68.93126654726711
STU_012180,83.05233540471679
STU_012181,94.2437603866199
STU_012182,78.61368183073449
STU_012183,90.53461809849094
STU_012184,76.02226933964774
STU_012185,73.4986298965542
STU_012186,90.26596217693199
STU_012187,59.01748668319562
STU_012188,60.72404745783345
STU_012189,61.14023870119043
STU_012190,85.37939296772075
STU_012191,74.9307502909557
STU_012192,72.0089634974168
STU_012193,64.59970928915237
STU_012194,79.15636210988046
STU_012195,71.11037141667346
STU_012196,52.077178672805296
STU_012197,85.15985237337247
STU_012198,68.59324413607959
STU_012199,80.02455224931767
STU_012200,55.8363021026025
STU_012201,78.41752868953759
STU_012202,81.4092728063591
STU_012203,86.2931848070351
STU_012204,73.33733292647523
STU_012205,75.08161198136017
STU_012206,84.33635363257713
STU_012207,88.44572352888807
STU_012208,76.33594915982869
STU_012209,65.97423517013895
STU_012210,78.271610540691
STU_012211,77.74787466598411
STU_012212,73.92737431086933
STU_012213,82.00676249401361
STU_012214,67.20280336177402
STU_012215,63.2566700992889
STU_012216,80.56859117469293
STU_012217,93.30597702825825
STU_012218,99.91711257763716
STU_012219,70.49414700946527
STU_012220,65.46861415468916
STU_012221,74.96979377015278
STU_012222,74.02304663663949
STU_012223,68.4159760884426
STU_012224,68.77770297980663
STU_012225,85.49322065480546
STU_012226,81.30719641117217
STU_012227,74.66244600309084
STU_012228,63.85790751114604
STU_012229,85.51850945121636
STU_012230,82.11211376697271
STU_012231,68.2196349218086
STU_012232,83.76892694337731
STU_012233,82.02577243528862
STU_012234,66.2299015443418
STU_012235,71.70755507080122
STU_012236,98.86582109328803
STU_012237,77.02701391553073
STU_012238,71.32720668182762
STU_012239,74.34637236670595
STU_012240,77.84840141439678
STU_012241,83.04474595243967
STU_012242,74.37762289465665
STU_012243,59.721435004114916
STU_012244,60.34175427536188
STU_012245,68.3479446850091
STU_012246,63.660949158069336
STU_012247,57.45864449926452
STU_012248,88.78641698267587
STU_012249,85.4869409699001
STU_012250,85.97016231158032
STU_012251,69.940280545752
STU_012252,63.18790021755417
STU_012253,64.2992303761942
STU_012254,57.085496488178535
STU_012255,80.37882173181463
STU_012256,67.79095659370694
STU_012257,80.22785558603029
STU_012258,77.99410896292665
STU_012259,78.11208620412586
STU_012260,86.1427327366449
STU_012261,83.11850586740651
STU_012262,82.78555645999077
STU_012263,67.8693002728258
STU_012264,66.30197137693149
STU_012265,68.91945519408829
STU_012266,95.17889680588866
STU_012267,91.17639219155453
STU_012268,54.80772309982386
STU_012269,80.84498734899606
STU_012270,73.32827886388979
STU_012271,73.92648112980883
STU_012272,72.96616579389458
STU_012273,68.81156783335584
STU_012274,65.34052128292109
STU_012275,88.6964500448163
STU_012276,76.42884469017042
STU_012277,76.81204661569998
STU_012278,68.5458729504927
STU_012279,77.30873394467937
STU_012280,76.3365475982952
STU_012281,56.16572379870172
STU_012282,90.58601425248233
STU_012283,90.70770783958457
STU_012284,68.69407028372669
STU_012285,75.15420831338125
STU_012286,77.9282214062903
STU_012287,93.61797523693697
STU_012288,81.41953647543357
STU_012289,88.27278401530198
STU_012290,83.18443926377124
STU_012291,67.60038335487985
STU_012292,80.1051252812862
STU_012293,75.07397776196811
STU_012294,86.80345207578452
STU_012295,79.20543679105911
STU_012296,78.6540942655589
STU_012297,78.63689367752109
STU_012298,73.71144982516061
STU_012299,83.69818197180308
STU_012300,56.93772305083261
STU_012301,83.83521340164991
STU_012302,80.16403876471365
STU_012303,60.97536856798908
STU_012304,55.141854061625736
STU_012305,96.6011044994971
STU_012306,74.06509139509754
STU_012307,69.93725165739002
STU_012308,88.16001787788345
STU_012309,71.29923913292242
STU_012310,75.45569740880599
STU_012311,82.29032937104374
STU_012312,61.65883381110422
STU_012313,73.17550697199454
STU_012314,97.77432408921575
STU_012315,87.86234784675236
STU_012316,74.11265484665358
STU_012317,97.7099705789021
STU_012318,86.1516814715019
STU_012319,82.11561462189233
STU_012320,65.05961729498081
STU_012321,64.93634891108756
STU_012322,92.80242864133197
STU_012323,62.75075043137019
STU_012324,81.9706292740454
STU_012325,66.89630919622208
STU_012326,76.49606683290936
STU_012327,62.371925423989694
STU_012328,65.21330391988198
STU_012329,93.25849454729827
STU_012330,88.02002252107174
STU_012331,79.21557488692461
STU_012332,70.15132019459179
STU_012333,84.55948212981959
STU_012334,73.30572249654708
STU_012335,67.62723582055978
STU_012336,87.61195356845985
STU_012337,92.3580394781733
STU_012338,67.51697241725446
STU_012339,87.19455816314533
STU_012340,64.25060691588959
STU_012341,59.51143547373607
STU_012342,87.41281714527496
STU_012343,89.48569713361441
STU_012344,62.55654634807825
STU_012345,67.40376546445508
STU_012346,79.42647889562495
STU_012347,91.99295151720956
STU_012348,78.89917530520856
STU_012349,74.33558136369211
STU_012350,83.95297127040664
STU_012351,88.3799831856422
STU_012352,81.75168912473306
STU_012353,94.60895865291896
STU_012354,64.80236332470055
STU_012355,86.10890681896653
STU_012356,80.48190751897842
STU_012357,69.72438030176599
STU_012358,92.64207297294375
STU_012359,84.868430727688
STU_012360,73.60080192826257
STU_012361,65.23063684835554
STU_012362,78.13636183575238
STU_012363,78.65355440581078
STU_012364,83.74964169304916
STU_012365,70.20974851166375
STU_012366,84.0472863342795
STU_012367,75.78927331146119
STU_012368,60.91262028276218
STU_012369,75.56886237102664
STU_012370,98.34195336643843
STU_012371,73.85220620994602
STU_012372,87.5876295585835
STU_012373,77.19177385780577
STU_012374,78.48115025491607
STU_012375,65.10354169835709
STU_012376,81.55025944699263
STU_012377,85.474428759208
STU_012378,76.15173940539167
STU_012379,74.02301013921252
STU_012380,91.25431322248147
STU_012381,99.89774131639518
STU_012382,72.04320502555005
STU_012383,85.68410245616705
STU_012384,98.70580996429676
STU_012385,90.79837298997008
STU_012386,80.9419617861559
STU_012387,83.85744520165382
STU_012388,83.70770177077455
STU_012389,98.95441948659975
STU_012390,75.78332487870075
STU_012391,50.8078868809914
STU_012392,72.69028334951189
STU_012393,69.24951108475521
STU_012394,72.77693750663224
STU_012395,84.74901649848191
STU_012396,83.28336070126419
STU_012397,74.20206449679429
STU_012398,83.95146655700401
STU_012399,83.28271440624971
STU_012400,79.74824808766643
STU_012401,90.84036135485388
STU_012402,99.43092334542548
STU_012403,54.39182910858737
STU_012404,79.66900824310906
STU_012405,66.13005788257308
STU_012406,66.95393160223472
STU_012407,91.88822559117565
STU_012408,82.1588149871169
STU_012409,69.87542439244436
STU_012410,52.64278197570331
STU_012411,90.69872849145477
STU_012412,73.0056484980531
STU_012413,62.57618080825456
STU_012414,95.9580562674364
STU_012415,88.91204621758013
STU_012416,87.05692082533695
STU_012417,68.24510448051024
STU_012418,85.84490858262849
STU_012419,73.44048713972435
STU_012420,59.358202673354846
STU_012421,69.62390978180323
STU_012422,83.81959621181333
STU_012423,77.81471585478879
STU_012424,87.06160498573271
STU_012425,53.05396325811333
STU_012426,84.85973837871404
STU_012427,69.20358408870808
STU_012428,86.47486670535928
STU_012429,64.62883169080084
STU_012430,76.96766888107459
STU_012431,70.22692365656522
STU_012432,64.6987869628863
STU_012433,63.2025034757808
STU_012434,90.30980449492644
STU_012435,69.00811159083386
STU_012436,75.12018041045825
STU_012437,89.7529136831301
STU_012438,65.56939601574095
STU_012439,77.55941068331629
STU_012440,73.33418583440594
STU_012441,90.69144289415019
STU_012442,97.41057310499123
STU_012443,63.750068787784286
STU_012444,86.97810438289079
STU_012445,76.81928967963405
STU_012446,83.64204774625934
STU_012447,91.81938199119983
STU_012448,76.89239039912592
STU_012449,80.83183718919607
STU_012450,74.23399457237574
STU_012451,86.21895880445513
STU_012452,79.36036894418245
STU_012453,92.40630933636513
STU_012454,83.93983728923925
STU_012455,74.67760449375945
STU_012456,85.6444859199437
STU_012457,68.48436785018528
STU_012458,82.82407728727514
STU_012459,62.84998400969097
STU_012460,84.7488340633171
STU_012461,77.54213343391291
STU_012462,72.08366060985128
STU_012463,80.25282463113787
STU_012464,76.32193798388325
STU_012465,76.24798590565659
STU_012466,68.95700913905664
STU_012467,76.71062664493239
STU_012468,86.0151989427828
STU_012469,88.83940136014736
STU_012470,51.83420732058634
STU_012471,56.17561994880866
STU_012472,92.10344001177374
STU_012473,74.02894865527841
STU_012474,69.18286965474232
STU_012475,73.78381030942427
STU_012476,56.48252419175361
STU_012477,96.39837330164431
STU_012478,74.4390705980534
STU_012479,67.35405945884001
STU_012480,76.0420983137256
STU_012481,89.47995092423957
STU_012482,77.31526973062326
STU_012483,66.96516880211517
STU_012484,73.25050277326739
STU_012485,80.13750699723975
STU_012486,75.0325147182308
STU_012487,69.16705618225015
STU_012488,72.22345819609355
STU_012489,84.1725590384663
STU_012490,88.67183489200141
STU_012491,60.105539855913555
STU_012492,63.08256161494341
STU_012493,58.59647036891778
STU_012494,71.80050094873783
STU_012495,71.4556604967835
STU_012496,80.53986405783954
STU_012497,88.88316017047312
STU_012498,68.36001784606167
STU_012499,75.27606514111596
STU_012500,84.27803106978229
STU_012501,93.32587843211411
STU_012502,83.67825220922447
STU_012503,84.64015458834093
STU_012504,76.77077177655477
STU_012505,82.43876794230692
STU_012506,68.55921179897621
STU_012507,84.11707256242842
STU_012508,70.10458485116625
STU_012509,85.70980050880001
STU_012510,74.51089049110303
STU_012511,79.93120060102375
STU_012512,79.66170812487347
STU_012513,69.67727379824926
STU_012514,100.0
STU_012515,87.4512032947106
STU_012516,81.11114276891304
STU_012517,99.74645824362794
STU_012518,64.81100036061075
STU_012519,78.41693156832235
STU_012520,69.45090681384076
STU_012521,95.31805193653086
STU_012522,99.16936046206874
STU_012523,81.43047621009093
STU_012524,99.7986649028367
STU_012525,91.32545427012423
STU_012526,94.87051891934996
STU_012527,90.92063363176162
STU_012528,67.08376977354308
STU_012529,97.72217987561169
STU_012530,81.36031501391899
STU_012531,79.14720775090761
STU_012532,71.35065721745818
STU_012533,85.99509322591422
STU_012534,62.46824393441584
STU_012535,83.85453805852164
STU_012536,72.18932029486021
STU_012537,57.57835195289492
STU_012538,68.67194541797708
STU_012539,84.62785306634954
STU_012540,70.93035898622637
STU_012541,99.14259675360404
STU_012542,98.7989379220433
STU_012543,78.30541147385368
STU_012544,82.12995046944113
STU_012545,69.20870255447625
STU_012546,76.70494585322467
STU_012547,100.0
STU_012548,55.94598647776753
STU_012549,72.37782105603446
STU_012550,92.08452441257984
STU_012551,89.1990327694611
STU_012552,72.87790818725554
STU_012553,80.98081202944618
STU_012554,67.24290924261098
STU_012555,53.60782598631781
STU_012556,66.83910760905587
STU_012557,83.15677384444217
STU_012558,71.03360944571004
STU_012559,93.6114589693166
STU_012560,74.62220219059658
STU_012561,65.80854143998278
STU_012562,66.93449109026861
STU_012563,81.33509853157744
STU_012564,92.6695079751769
STU_012565,100.0
STU_012566,78.82349132370857
STU_012567,69.28743546740408
STU_012568,92.60268972492955
STU_012569,68.95807554251441
STU_012570,53.83354747403135
STU_012571,58.40541386495525
STU_012572,58.17696814296176
STU_012573,74.08078662592904
STU_012574,62.68508353002151
STU_012575,65.80389862086929
STU_012576,78.39500568125887
STU_012577,97.82947625943154
STU_012578,50.41022863659226
STU_012579,79.94445974341221
STU_012580,69.11269772036299
STU_012581,68.2742567695951
STU_012582,72.71020820641746
STU_012583,65.37773109138328
STU_012584,62.483207969807914
STU_012585,72.12639283634589
STU_012586,70.43155038759447
STU_012587,70.08233146372481
STU_012588,70.827292342134
STU_012589,54.76478325971934
STU_012590,73.12002944759537
STU_012591,72.10795974158117
STU_012592,93.57762607647848
STU_012593,96.00892034290872
STU_012594,50.52625154163188
STU_012595,65.23433295355915
STU_012596,79.42450904769825
STU_012597,71.61806085597007
STU_012598,71.65830307523953
STU_012599,68.95575263993271
STU_012600,71.18350384816955
STU_012601,78.9868242711994
STU_012602,68.75578506894865
STU_012603,87.54172170951983
STU_012604,83.32067384166534
STU_012605,85.50188155703434
STU_012606,73.35163551823068
STU_012607,58.7172210807465
STU_012608,82.18470347440199
STU_012609,64.73204976145678
STU_012610,70.9875063063053
STU_012611,72.41535943942498
STU_012612,66.0753161417895
STU_012613,92.5176623082535
STU_012614,78.51856143873613
STU_012615,74.74138395076308
STU_012616,83.81271527317014
STU_012617,64.22144646722472
STU_012618,87.34757265177282
STU_012619,81.11609232489728
STU_012620,80.18905126951108
STU_012621,89.62439521484649
STU_012622,92.33484628848876
STU_012623,92.1773139320551
STU_012624,84.93407549368496
STU_012625,88.10738505254233
STU_012626,89.02722045112526
STU_012627,86.54105681909367
STU_012628,75.22729724079683
STU_012629,81.25991650782404
STU_012630,71.39821025519258
STU_012631,71.80452866937685
STU_012632,69.08399412210225
STU_012633,71.459465714993
STU_012634,90.19000282181788
STU_012635,74.27476357114688
STU_012636,69.33483518224251
STU_012637,77.75376146333473
STU_012638,82.82311469930067
STU_012639,94.23728582109585
STU_012640,80.36219919461885
STU_012641,71.67478465432919
STU_012642,66.79730785498957
STU_012643,82.62584056232664
STU_012644,82.74610121692247
STU_012645,61.627063369579126
STU_012646,84.77934508363785
STU_012647,78.6458843333373
STU_012648,67.99302774458134
STU_012649,77.49925424165885
STU_012650,80.36146320864928
STU_012651,73.7944515456457
STU_012652,99.27553053042791
STU_012653,87.59858342198864
STU_012654,81.64302596942578
STU_012655,74.53350513509334
STU_012656,82.92241075793581
STU_012657,95.0616463274327
STU_012658,86.47668423511074
STU_012659,80.44549116271409
STU_012660,80.55573886829602
STU_012661,89.12494133818876
STU_012662,89.45161779397084
STU_012663,73.52948292975215
STU_012664,54.685233844673235
STU_012665,90.27483751325317
STU_012666,62.09028672909978
STU_012667,79.71264433592457
STU_012668,72.72867426524678
STU_012669,64.81030098822073
STU_012670,61.135528924966415
STU_012671,68.10879320292663
STU_012672,58.97751012218275
STU_012673,62.56238273515626
STU_012674,63.3476176016469
STU_012675,70.69190697265691
STU_012676,94.19105475927326
STU_012677,64.49289668709292
STU_012678,71.6393197431242
STU_012679,76.22309194578823
STU_012680,74.80660981863927
STU_012681,74.95025242603575
STU_012682,88.13222983713436
STU_012683,83.3830747922932
STU_012684,81.45068129905725
STU_012685,95.77980628046409
STU_012686,71.0935458458011
STU_012687,80.13372688971647
STU_012688,82.87211397074002
STU_012689,69.40444783869452
STU_012690,69.01712395608502
STU_012691,74.44149902735535
STU_012692,77.29281532405376
STU_012693,81.3129856324897
STU_012694,62.1340954859358
STU_012695,76.45134989190184
STU_012696,70.41750589795497
STU_012697,84.15808023069282
STU_012698,69.50367887555038
STU_012699,75.33750013608356
STU_012700,66.48533837896424
STU_012701,98.93230700017001
STU_012702,79.8701819845221
STU_012703,68.93297186917566
STU_012704,71.52809971992508
STU_012705,63.38376851087252
STU_012706,71.5208916317342
STU_012707,95.72270544559328
STU_012708,53.84884754774855
STU_012709,66.91349419913657
STU_012710,91.12406880657831
STU_012711,71.90162922160202
STU_012712,68.38654882400141
STU_012713,62.745567349498614
STU_012714,89.23089160128006
STU_012715,75.16742463340422
STU_012716,79.08089409051856
STU_012717,74.34751864130007
STU_012718,82.40496535773963
STU_012719,63.53515079098317
STU_012720,78.91701740774788
STU_012721,78.05985527743324
STU_012722,57.860402996512526
STU_012723,80.83540013759563
STU_012724,87.18090647835766
STU_012725,60.739344553893005
STU_012726,58.39164888933331
STU_012727,67.42001845291499
STU_012728,84.8218287294564
STU_012729,62.59023573747885
STU_012730,84.95815478449205
STU_012731,96.63751099902915
STU_012732,82.0427055466345
STU_012733,57.63545011455514
STU_012734,83.61320727276515
STU_012735,65.69594563570976
STU_012736,100.0
STU_012737,71.7478064767629
STU_012738,75.47774442738906
STU_012739,82.34181356247558
STU_012740,89.3109942965461
STU_012741,54.99119124273742
STU_012742,74.57032920573721
STU_012743,83.56974837999383
STU_012744,82.98278065554777
STU_012745,65.82259422414107
STU_012746,82.31951398412559
STU_012747,66.03200588677218
STU_012748,86.74559959002019
STU_012749,83.95009790791069
STU_012750,70.03214075692871
STU_012751,53.13980161993439
STU_012752,74.66543637676281
STU_012753,73.81431112124827
STU_012754,59.697099124792125
STU_012755,89.818990466864
STU_012756,61.26804456091567
STU_012757,53.94423496797235
STU_012758,86.52000952539323
STU_012759,63.84314015132563
STU_012760,75.3166189146462
STU_012761,65.29853974006416
STU_012762,84.48704973267891
STU_012763,96.73571313718034
STU_012764,95.52440660442012
STU_012765,86.68341133116003
STU_012766,66.12205457068599
STU_012767,91.90021609206852
STU_012768,87.33864999782735
STU_012769,78.396236590529
STU_012770,59.567295425031546
STU_012771,56.14280380131558
STU_012772,98.2818773436418
STU_012773,69.42141830063727
STU_012774,73.79917437273508
STU_012775,69.07655560082557
STU_012776,77.0563123885726
STU_012777,53.51157901124038
STU_012778,73.85024476804325
STU_012779,74.49916590016022
STU_012780,75.31753722028098
STU_012781,86.981816674362
STU_012782,56.77112339829468
STU_012783,96.56553569799387
STU_012784,55.74252089007376
STU_012785,73.27082349102261
STU_012786,57.03443556084861
STU_012787,71.92139942437541
STU_012788,93.12926081461386
STU_012789,77.80489871602207
STU_012790,95.30823435423164
STU_012791,82.3598521258585
STU_012792,71.54913788283682
STU_012793,90.70311538400614
STU_012794,80.72803952408339
STU_012795,96.02886202949334
STU_012796,70.91078626828542
STU_012797,67.67553166039143
STU_012798,97.00127227119305
STU_012799,89.10927222411246
STU_012800,56.07628186899896
STU_012801,68.06412362876571
STU_012802,75.30205991531581
STU_012803,90.75112619393082
STU_012804,61.6953710018463
STU_012805,71.51104354768442
STU_012806,78.67057123894523
STU_012807,72.97344441432617
STU_012808,83.07748106762678
STU_012809,81.82105085550965
STU_012810,83.07429355980042
STU_012811,76.63532140933232
STU_012812,69.4221983213936
STU_012813,80.77442328179669
STU_012814,71.4596030200259
STU_012815,70.49505320031591
STU_012816,81.60422707419518
STU_012817,72.40322979773647
STU_012818,88.61052808679352
STU_012819,59.82903562747539
STU_012820,84.72720805183764
STU_012821,77.18997426094779
STU_012822,85.13135077256668
STU_012823,83.29343268554845
STU_012824,81.12636240802522
STU_012825,60.0716239388678
STU_012826,85.92756634826834
STU_012827,65.35909493757934
STU_012828,94.23123080328216
STU_012829,73.1807593847305
STU_012830,76.68422331890102
STU_012831,71.60064945252579
STU_012832,93.395588665406
STU_012833,84.75723404977494
STU_012834,75.55419955591134
STU_012835,72.92291804412713
STU_012836,80.99365158640707
STU_012837,69.77527538349383
STU_012838,63.90028454772843
STU_012839,69.43687124213828
STU_012840,88.52489068951223
STU_012841,75.0476274666728
STU_012842,76.92676043211766
STU_012843,81.56805869988386
STU_012844,77.63511610868163
STU_012845,64.66779735112573
STU_012846,73.30802140641572
STU_012847,74.75637921002425
STU_012848,72.85428050306348
STU_012849,84.34422150061857
STU_012850,80.6312045947252
STU_012851,85.49497367958354
STU_012852,93.84827487766296
STU_012853,62.86809278198175
STU_012854,83.46570279997172
STU_012855,82.67817927495845
STU_012856,70.59629937895856
STU_012857,95.81742632853715
STU_012858,83.91988662648464
STU_012859,66.11441398862961
STU_012860,83.88261678303108
STU_012861,68.56149964954105
STU_012862,70.68399910234103
STU_012863,93.03188180667979
STU_012864,78.92574198364598
STU_012865,68.12161422179197
STU_012866,77.41512557925556
STU_012867,87.0110002877972
STU_012868,84.33480736934733
STU_012869,67.79210310985245
STU_012870,80.61766883116343
STU_012871,83.86829059931446
STU_012872,88.93305706154047
STU_012873,61.63867185150535
STU_012874,78.48160533995602
STU_012875,75.43810014256404
STU_012876,57.715015251139846
STU_012877,79.19880029565049
STU_012878,97.72525479256606
STU_012879,78.9506713474673
STU_012880,82.10568052092235
STU_012881,94.66932410177586
STU_012882,91.25325956759107
STU_012883,69.67533054009651
STU_012884,82.35244754248616
STU_012885,80.07450304112277
STU_012886,59.33897826928485
STU_012887,77.92767365219314
STU_012888,74.88009373278379
STU_012889,70.5125080632804
STU_012890,68.28879894680391
STU_012891,72.9810988404934
STU_012892,73.55332116050315
STU_012893,87.64132395546568
STU_012894,73.88071469900737
STU_012895,89.72886734353459
STU_012896,79.57119409947379
STU_012897,77.1432757916876
STU_012898,90.42803058649206
STU_012899,82.88111181205383
STU_012900,82.49694669702734
STU_012901,74.2273032851326
STU_012902,86.68069821854978
STU_012903,67.64750298494185
STU_012904,83.42111935801404
STU_012905,63.63376413097659
STU_012906,99.0213305099509
STU_012907,56.67053869496393
STU_012908,87.1685972761711
STU_012909,72.87741172248757
STU_012910,38.36510645557884
STU_012911,82.00101672661988
STU_012912,54.50635837866457
STU_012913,71.7940576942831
STU_012914,74.54267542342718
STU_012915,63.301766013175396
STU_012916,66.30452191234245
STU_012917,89.29278443122537
STU_012918,62.42459100454158
STU_012919,95.63935073010973
STU_012920,77.35628194733705
STU_012921,60.62409048829561
STU_012922,75.43488178577984
STU_012923,64.3486959373572
STU_012924,76.92989483964472
STU_012925,76.35795709417908
STU_012926,64.01947920804893
STU_012927,85.41873281603314
STU_012928,62.11074764984889
STU_012929,63.6493397448627
STU_012930,69.34124929774717
STU_012931,88.34858542220331
STU_012932,67.7195354873898
STU_012933,69.3732627462242
STU_012934,70.1050229364244
STU_012935,69.16166681789599
STU_012936,72.60989019280315
STU_012937,69.66076353226354
STU_012938,93.79845795406905
STU_012939,49.25097450726669
STU_012940,72.86729659616667
STU_012941,60.94091096976913
STU_012942,74.92399652372454
STU_012943,73.71770379191824
STU_012944,79.02035860265566
STU_012945,90.26796447150703
STU_012946,63.096460577133165
STU_012947,72.93287140193993
STU_012948,87.48529720627276
STU_012949,96.092526581622
STU_012950,83.22262860913668
STU_012951,84.60192272692859
STU_012952,73.75452517590294
STU_012953,83.53205875371847
STU_012954,81.90136593071794
STU_012955,89.35485701105591
STU_012956,71.72293622945855
STU_012957,67.90670380615136
STU_012958,80.31446697750272
STU_012959,80.28614523680034
STU_012960,76.82944894261485
STU_012961,81.03481319146715
STU_012962,58.0621717407381
STU_012963,69.97493830867369
STU_012964,91.54012513735066
STU_012965,77.75923307906412
STU_012966,73.62984893888122
STU_012967,69.41928267920329
STU_012968,77.53732498132491
STU_012969,77.85803867891481
STU_012970,56.19349018061311
STU_012971,78.07014509115314
STU_012972,79.04516340369588
STU_012973,59.732796492656654
STU_012974,62.35924356806868
STU_012975,61.06743072445685
STU_012976,81.2984870786155
STU_012977,76.60623113873703
STU_012978,90.4114968664254
STU_012979,71.85799943110094
STU_012980,71.88231972095736
STU_012981,85.7711692753113
STU_012982,75.122694167799
STU_012983,95.5878980057418
STU_012984,56.3299208661424
STU_012985,72.59462533542552
STU_012986,66.46677590405965
STU_012987,54.64698282825505
STU_012988,83.79774571117484
STU_012989,93.07535940471752
STU_012990,63.41719327162647
STU_012991,72.96530632353672
STU_012992,57.01632675760985
STU_012993,100.0
STU_012994,79.10570973323998
STU_012995,70.12854660565904
STU_012996,67.23982130237384
STU_012997,84.90777865520343
STU_012998,80.26321511004794
STU_012999,89.68464470110384
STU_013000,89.68854551055188
STU_013001,96.70006696387495
STU_013002,86.8377060681542
STU_013003,78.26362083657693
STU_013004,85.29132746374394
STU_013005,75.23088725436835
STU_013006,81.09997055124072
STU_013007,84.70879682206396
STU_013008,85.97473296243172
STU_013009,85.03022589093207
STU_013010,78.1236419628709
STU_013011,61.65270692444658
STU_013012,57.416715913271176
STU_013013,91.04126301137867
STU_013014,87.72523702839734
STU_013015,84.85705318620829
STU_013016,67.12097228917729
STU_013017,87.9617363152815
STU_013018,79.72403403849611
STU_013019,83.88984404844034
STU_013020,59.09909541821102
STU_013021,73.16025959342528
STU_013022,100.0
STU_013023,81.40332970938015
STU_013024,87.03880862564948
STU_013025,74.32416325443401
STU_013026,71.4903650621152
STU_013027,71.95908071745957
STU_013028,81.07533086503223
STU_013029,74.13642759221429
STU_013030,75.59887071977022
STU_013031,66.94507272699681
STU_013032,98.65376798281183
STU_013033,70.17050036167643
STU_013034,99.58089249683532
STU_013035,89.40492709504221
STU_013036,60.431238515668426
STU_013037,85.92587698678395
STU_013038,76.66630364693695
STU_013039,86.6447479435481
STU_013040,94.65491772397307
STU_013041,78.03875851008672
STU_013042,63.28786240765448
STU_013043,88.25351227341905
STU_013044,70.39417463401897
STU_013045,88.06109982697485
STU_013046,64.32066111989694
STU_013047,71.41598354315266
STU_013048,93.33068338414924
STU_013049,82.09527634225077
STU_013050,82.73530430756435
STU_013051,91.78660218881181
STU_013052,68.14870946628149
STU_013053,74.74436921720371
STU_013054,71.23283180384959
STU_013055,87.05545367970527
STU_013056,75.02903098435263
STU_013057,60.93242697741959
STU_013058,63.756983458403745
STU_013059,84.10873199001195
STU_013060,65.36918077365549
STU_013061,63.13177639088433
STU_013062,98.82527782485224
STU_013063,86.2604742861746
STU_013064,64.92050903109923
STU_013065,57.64866795246492
STU_013066,96.79895832456025
STU_013067,79.83986618995007
STU_013068,91.79753157567106
STU_013069,99.71958659502957
STU_013070,70.27997397057833
STU_013071,81.93124289059907
STU_013072,85.23864106236519
STU_013073,75.87774489094812
STU_013074,77.76033206024124
STU_013075,53.55308402322606
STU_013076,85.18740970665345
STU_013077,93.74476967854287
STU_013078,78.71539059352033
STU_013079,88.06187174386767
STU_013080,76.45924124663571
STU_013081,77.94887480077148
STU_013082,63.398286599489495
STU_013083,67.90101822890357
STU_013084,73.51779198685006
STU_013085,77.50780742778618
STU_013086,75.6834103881505
STU_013087,65.45610416375591
STU_013088,79.85117688918676
STU_013089,68.21748332876244
STU_013090,93.69898447541463
STU_013091,68.7767992352204
STU_013092,70.34154021848077
STU_013093,85.79089399907846
STU_013094,86.15194214566303
STU_013095,72.37482113130729
STU_013096,77.28413514085376
STU_013097,83.1148218826182
STU_013098,80.53511889995137
STU_013099,66.69678072081358
STU_013100,72.44139939352542
STU_013101,86.45290975572182
STU_013102,92.04142583892528
STU_013103,75.86424886845641
STU_013104,80.56332008445663
STU_013105,69.82426584252103
STU_013106,88.06896620455049
STU_013107,59.37305678181046
STU_013108,92.26502865989283
STU_013109,87.8764531821396
STU_013110,59.651718723950836
STU_013111,100.0
STU_013112,100.0
STU_013113,72.98707806746418
STU_013114,67.5273656024048
STU_013115,80.02999256510365
STU_013116,62.63735736171374
STU_013117,66.11771488791635
STU_013118,70.45303200876945
STU_013119,81.61386387434305
STU_013120,68.06826728472876
STU_013121,88.61818844870926
STU_013122,77.91580288118038
STU_013123,91.85862436497136
STU_013124,94.9163597138373
STU_013125,90.21020427212204
STU_013126,69.611326230825
STU_013127,72.90782436513408
STU_013128,85.20323138543918
STU_013129,77.2103127661287
STU_013130,96.8107516843227
STU_013131,53.68850050575895
STU_013132,79.43227746201052
STU_013133,91.49741735685491
STU_013134,71.86357199544712
STU_013135,65.1712915041907
STU_013136,64.16345461086861
STU_013137,81.34475400822794
STU_013138,69.62038584702961
STU_013139,76.77611723177799
STU_013140,99.67453364532035
STU_013141,77.78671634553083
STU_013142,63.890849000616825
STU_013143,71.221427227525
STU_013144,72.50769145356553
STU_013145,66.44161036118602
STU_013146,56.461073256400994
STU_013147,80.79702504830374
STU_013148,72.32593797524397
STU_013149,84.87041960446066
STU_013150,80.61206599677985
STU_013151,78.11001827113138
STU_013152,87.16140005374781
STU_013153,76.5934065109894
STU_013154,78.27783681931218
STU_013155,98.88321394452966
STU_013156,80.29669756557475
STU_013157,74.44361691777615
STU_013158,85.5934812199229
STU_013159,88.21846287644838
STU_013160,65.80800471887412
STU_013161,64.48969500932785
STU_013162,60.612878044241185
STU_013163,85.93458377098476
STU_013164,68.239339555749
STU_013165,71.4283016749017
STU_013166,55.273501093670525
STU_013167,87.06242447025885
STU_013168,75.42994433467855
STU_013169,80.23766585049327
STU_013170,73.25723230828575
STU_013171,83.0407352608532
STU_013172,66.8859901053277
STU_013173,87.0472806070367
STU_013174,69.17671798183147
STU_013175,56.053294247362246
STU_013176,93.30084808259977
STU_013177,65.04402317729372
STU_013178,84.09552061564584
STU_013179,76.23998756189269
STU_013180,85.45327841170266
STU_013181,87.55196596906526
STU_013182,74.0642756938426
STU_013183,79.7782534633561
STU_013184,75.75577685373106
STU_013185,73.9933731194299
STU_013186,66.53696269210202
STU_013187,66.93767412418188
STU_013188,91.0537234690111
STU_013189,100.0
STU_013190,80.65871866602535
STU_013191,94.05921195875679
STU_013192,85.39918367528287
STU_013193,83.73069018948107
STU_013194,98.53910225123853
STU_013195,89.01343817483794
STU_013196,79.07535723733267
STU_013197,53.550255030908424
STU_013198,72.59994690608694
STU_013199,81.56483105962587
STU_013200,58.264731381810115
STU_013201,84.72650871936385
STU_013202,66.55825420076255
STU_013203,70.44496388855599
STU_013204,65.8580339780334
STU_013205,79.34398272933184
STU_013206,74.96510758614856
STU_013207,71.63193380039851
STU_013208,69.61248549743901
STU_013209,77.42856686634843
STU_013210,57.986901650551005
STU_013211,74.86316665594059
STU_013212,64.45992462774284
STU_013213,75.36132969821043
STU_013214,91.23050143958363
STU_013215,54.84804319903766
STU_013216,98.28129190445085
STU_013217,93.56563449668212
STU_013218,68.95623622775621
STU_013219,81.1703393314011
STU_013220,94.22556290922695
STU_013221,67.60689297218269
STU_013222,62.763005118035814
STU_013223,83.89100370776218
STU_013224,76.16679642075604
STU_013225,52.79663508531343
STU_013226,76.90354106518117
STU_013227,83.10682567124083
STU_013228,73.64319032142085
STU_013229,65.90457598092804
STU_013230,75.35174496135251
STU_013231,70.42249005123078
STU_013232,72.75128077635517
STU_013233,92.54959696581743
STU_013234,67.53421647691968
STU_013235,71.18131342403169
STU_013236,91.9239863012102
STU_013237,68.49499284964404
STU_013238,75.5741186339816
STU_013239,77.69349858726966
STU_013240,67.7359516427328
STU_013241,74.71085351743841
STU_013242,71.17445829311842
STU_013243,64.69081472445966
STU_013244,78.8165232086405
STU_013245,67.45354752127184
STU_013246,67.7710522286891
STU_013247,98.33279944093167
STU_013248,92.98780112413816
STU_013249,53.66659925128117
STU_013250,69.47763386865586
STU_013251,82.70909688349336
STU_013252,89.69339609926438
STU_013253,75.7126443049697
STU_013254,93.26374052424003
STU_013255,79.25263966688989
STU_013256,78.12963836099273
STU_013257,82.32727463050384
STU_013258,65.00668548919978
STU_013259,60.473035951537376
STU_013260,69.55509055794698
STU_013261,71.77994578681198
STU_013262,62.20269142796541
STU_013263,65.85736593485956
STU_013264,90.00509773707299
STU_013265,80.87583387957662
STU_013266,70.55843863344543
STU_013267,69.88683906001816
STU_013268,64.0283373906986
STU_013269,81.24778247129163
STU_013270,90.75924698338143
STU_013271,68.0824626267619
STU_013272,81.48438369036954
STU_013273,69.60104894803789
STU_013274,81.32827895571182
STU_013275,62.73106377817863
STU_013276,64.03568495505493
STU_013277,67.33857500191799
STU_013278,64.30675744572358
STU_013279,63.01683158817337
STU_013280,88.34184228549985
STU_013281,94.69589679161751
STU_013282,90.2327969266154
STU_013283,78.31666994033012
STU_013284,76.82415422844814
STU_013285,74.52668950626968
STU_013286,70.04289538791976
STU_013287,88.29919590435013
STU_013288,82.95799955344927
STU_013289,93.48045134763723
STU_013290,81.97801653667577
STU_013291,90.32219475557936
STU_013292,77.40553579665077
STU_013293,78.43963659910696
STU_013294,91.07824439015963
STU_013295,71.43958814748107
STU_013296,76.25720707674687
STU_013297,76.98592490083553
STU_013298,64.13311387430986
STU_013299,86.62290586783743
STU_013300,74.12439953828468
STU_013301,84.31578934304463
STU_013302,85.1759090194584
STU_013303,88.95630900815802
STU_013304,83.73888872872034
STU_013305,72.64920928118319
STU_013306,67.93247096836204
STU_013307,79.8296332539496
STU_013308,95.71972871360936
STU_013309,70.71334196232237
STU_013310,60.32922208618817
STU_013311,87.85069109549266
STU_013312,54.515099595209804
STU_013313,67.33408829906662
STU_013314,64.51846690402368
STU_013315,69.74832907047245
STU_013316,78.57406993478628
STU_013317,77.82064363109667
STU_013318,51.56250582836277
STU_013319,71.9327829474536
STU_013320,82.95702271212267
STU_013321,79.81983590543507
STU_013322,96.02462520119431
STU_013323,98.58968942598499
STU_013324,82.8954774537317
STU_013325,79.51808892221294
STU_013326,72.97275910705028
STU_013327,77.12077894029272
STU_013328,67.97401893587286
STU_013329,80.85948790536362
STU_013330,73.7368220778166
STU_013331,68.83543124379567
STU_013332,74.44537254277843
STU_013333,67.91031535800704
STU_013334,72.35619341919407
STU_013335,66.21752035826594
STU_013336,82.32679648476304
STU_013337,62.02389754003464
STU_013338,62.196416948283826
STU_013339,74.25741621049467
STU_013340,91.06101126534084
STU_013341,69.69818878490251
STU_013342,79.96159744348968
STU_013343,70.9476015625483
STU_013344,80.82073474704497
STU_013345,70.3436502528632
STU_013346,92.16830991361124
STU_013347,84.44728657847074
STU_013348,84.71156139440056
STU_013349,97.55643356461421
STU_013350,67.15744307906914
STU_013351,82.44087915657185
STU_013352,76.32856723950269
STU_013353,67.4081171114393
STU_013354,61.870520473210405
STU_013355,89.03167218271885
STU_013356,67.83285119306007
STU_013357,67.43813924336433
STU_013358,74.67718033676312
STU_013359,76.94380611609363
STU_013360,80.11373624430065
STU_013361,69.22455896037397
STU_013362,84.67105137482031
STU_013363,76.1982604997636
STU_013364,71.97925133416287
STU_013365,82.95791328121388
STU_013366,92.74061967214921
STU_013367,85.51443151804413
STU_013368,90.55336120590718
STU_013369,61.80027606777973
STU_013370,84.06954775980967
STU_013371,71.35741074564424
STU_013372,75.16085072393173
STU_013373,77.20189715405536
STU_013374,87.66125236506866
STU_013375,89.00119883008573
STU_013376,44.48581158622349
STU_013377,80.41147846790429
STU_013378,61.49691341816448
STU_013379,78.11983023633212
STU_013380,85.2573773657489
STU_013381,99.4938658102499
STU_013382,99.35411031205044
STU_013383,66.10112233617969
STU_013384,65.06190037979587
STU_013385,69.88634877687336
STU_013386,95.7211360841164
STU_013387,61.928535193828644
STU_013388,84.28989883009211
STU_013389,68.51333130147269
STU_013390,70.65135602662826
STU_013391,86.90470876017598
STU_013392,93.70665999098689
STU_013393,69.31148468665478
STU_013394,100.0
STU_013395,61.74685339692282
STU_013396,66.44128472103104
STU_013397,99.68467894622617
STU_013398,90.75460606451094
STU_013399,62.01346850116133
STU_013400,67.48610903414031
STU_013401,100.0
STU_013402,78.63751597926857
STU_013403,92.49474308557758
STU_013404,66.44255209174942
STU_013405,77.5237473283644
STU_013406,100.0
STU_013407,73.07485647118155
STU_013408,68.50080342606714
STU_013409,63.04978395959821
STU_013410,75.11823554155535
STU_013411,72.48945371323964
STU_013412,68.94677564038362
STU_013413,74.85510949829212
STU_013414,88.95539375867878
STU_013415,74.53301014823066
STU_013416,56.70600152565167
STU_013417,78.13198572361969
STU_013418,52.59791403064424
STU_013419,64.32624509352641
STU_013420,95.47561231480788
STU_013421,100.0
STU_013422,91.40776120117293
STU_013423,64.13423916665823
STU_013424,100.0
STU_013425,81.95783307611865
STU_013426,56.53910090668098
STU_013427,73.52455874293916
STU_013428,73.18092702861195
STU_013429,91.68330814651493
STU_013430,69.26504656863425
STU_013431,66.8789571878781
STU_013432,79.25794457559861
STU_013433,94.04404238838538
STU_013434,88.03956459530175
STU_013435,94.3867909861923
STU_013436,68.22313909462146
STU_013437,73.3603248918334
STU_013438,83.14184393209594
STU_013439,91.20389479682024
STU_013440,75.07027304809138
STU_013441,97.44880032267197
STU_013442,94.5927660335026
STU_013443,68.69262880194319
STU_013444,83.73528908325231
STU_013445,80.24393841834468
STU_013446,89.13290597630426
STU_013447,85.9682880353601
STU_013448,80.96377435831936
STU_013449,81.17656086793993
STU_013450,93.20789991705122
STU_013451,69.26791861256541
STU_013452,77.16266900129048
STU_013453,81.73772063987562
STU_013454,74.05385728067522
STU_013455,95.84212513419887
STU_013456,71.24558073720753
STU_013457,67.38975410110706
STU_013458,74.8536555191969
STU_013459,59.10311214908221
STU_013460,58.932777723288474
STU_013461,73.62929708393037
STU_013462,64.80527879627458
STU_013463,84.49812225961938
STU_013464,56.09252554518245
STU_013465,61.08843766858001
STU_013466,83.99267480951598
STU_013467,66.54278046426269
STU_013468,93.52278885789556
STU_013469,81.90746018963964
STU_013470,89.12030880293358
STU_013471,80.01223080287689
STU_013472,83.98740627906072
STU_013473,67.61268651768289
STU_013474,76.56074336675495
STU_013475,85.80486112026163
STU_013476,79.12427337265834
STU_013477,68.0186938692292
STU_013478,79.13411666482693
STU_013479,70.70602241719385
STU_013480,84.58062598062008
STU_013481,83.97776932541986
STU_013482,80.10602178168955
STU_013483,80.31800866914541
STU_013484,86.44559149776606
STU_013485,93.50079495465187
STU_013486,58.119034338579006
STU_013487,77.44837753802396
STU_013488,77.90419286201785
STU_013489,75.66826326913018
STU_013490,74.58522161799063
STU_013491,86.01678403955795
STU_013492,80.2544871079391
STU_013493,66.24071165046072
STU_013494,75.92184977978069
STU_013495,85.6347047031911
STU_013496,83.85074021262217
STU_013497,55.37817373289474
STU_013498,73.60389596135495
STU_013499,83.80159297075787
STU_013500,65.47426283780858
STU_013501,85.11994188445163
STU_013502,80.82262359879547
STU_013503,73.06170013799178
STU_013504,88.31643462103081
STU_013505,73.47452219344817
STU_013506,90.27147274313079
STU_013507,68.30291921697216
STU_013508,79.07489347710171
STU_013509,84.79226072119803
STU_013510,67.14957785742814
STU_013511,82.79064290394216
STU_013512,71.41144466270185
STU_013513,57.96849838894451
STU_013514,84.91627309065073
STU_013515,73.29690563267532
STU_013516,100.0
STU_013517,83.13744995712425
STU_013518,73.80954489308346
STU_013519,100.0
STU_013520,74.8868360352205
STU_013521,67.64405499184379
STU_013522,64.74367817239585
STU_013523,97.17806512376589
STU_013524,81.95118078498707
STU_013525,76.04773699989147
STU_013526,76.48370648146826
STU_013527,73.69173542372116
STU_013528,53.948165663341705
STU_013529,96.50256090975752
STU_013530,66.79253654903246
STU_013531,89.84900534619428
STU_013532,59.60543411936003
STU_013533,74.20250813465539
STU_013534,86.54703976881386
STU_013535,96.83660983473212
STU_013536,85.20147978670217
STU_013537,77.37640832363286
STU_013538,91.43854594678642
STU_013539,68.73559669164143
STU_013540,100.0
STU_013541,68.46361544684997
STU_013542,86.05996888554826
STU_013543,71.73618282612553
STU_013544,74.21282742129999
STU_013545,87.85566656127737
STU_013546,95.00621279344311
STU_013547,98.3601577511648
STU_013548,79.73096956019101
STU_013549,62.80608029166825
STU_013550,80.06765429414271
STU_013551,69.29617468635549
STU_013552,85.49095075761164
STU_013553,72.64907594711637
STU_013554,76.98935304401351
STU_013555,66.5911968031997
STU_013556,86.28378182787513
STU_013557,71.4716653543625
STU_013558,71.75199617793926
STU_013559,89.36452209523559
STU_013560,50.444642005032684
STU_013561,71.17217259383864
STU_013562,90.00628519912416
STU_013563,86.40124846173313
STU_013564,62.334994899368695
STU_013565,80.07962626120202
STU_013566,71.09966397406257
STU_013567,90.86601985920456
STU_013568,74.56338173465596
STU_013569,75.702511904019
STU_013570,73.937684496921
STU_013571,79.04098927566635
STU_013572,65.03252588918208
STU_013573,69.205744787383
STU_013574,75.36147453516107
STU_013575,62.95086639261384
STU_013576,74.26604229010479
STU_013577,63.65652440879708
STU_013578,69.66769732283737
STU_013579,73.36848257549583
STU_013580,82.92435801509995
STU_013581,62.05191893211163
STU_013582,78.39181201038073
STU_013583,71.45307050651326
STU_013584,75.01904390339489
STU_013585,69.14951915142693
STU_013586,65.81964642496031
STU_013587,95.29812851837536
STU_013588,74.43883213677863
STU_013589,75.83043304006732
STU_013590,83.50712377190636
STU_013591,85.69067154952502
STU_013592,96.08600339369477
STU_013593,95.01221833311294
STU_013594,71.33619346038344
STU_013595,68.53158658091868
STU_013596,83.68769206996437
STU_013597,69.21900644354811
STU_013598,79.12246457601258
STU_013599,73.76952615582779
STU_013600,95.41929914262208
STU_013601,71.76459715264656
STU_013602,66.63271020778717
STU_013603,91.68011805126699
STU_013604,71.60067055363601
STU_013605,91.13210627744826
STU_013606,71.88795403684807
STU_013607,44.40288929361289
STU_013608,77.2834198597342
STU_013609,76.02671948277943
STU_013610,95.97136234910244
STU_013611,89.14461330351628
STU_013612,67.13576554729485
STU_013613,78.30163631018857
STU_013614,56.38261263022204
STU_013615,80.07300659816974
STU_013616,79.58082987887566
STU_013617,70.81018665481325
STU_013618,59.2960011869467
STU_013619,72.02367885728366
STU_013620,73.41074963870521
STU_013621,74.00950275909307
STU_013622,64.482784365814
STU_013623,56.33201460836918
STU_013624,54.14512330946902
STU_013625,81.61862855541827
STU_013626,73.7937577775175
STU_013627,81.34725703680263
STU_013628,93.74710304052577
STU_013629,79.06589458286447
STU_013630,67.01671071995297
STU_013631,71.06594739562834
STU_013632,64.33499547331903
STU_013633,93.41892561843588
STU_013634,65.23844196814774
STU_013635,96.65937523510121
STU_013636,72.87690830492186
STU_013637,82.82738710697552
STU_013638,76.12775757464836
STU_013639,66.95606791509151
STU_013640,77.72573376111623
STU_013641,86.92782874373486
STU_013642,70.59627553497182
STU_013643,83.10596553363123
STU_013644,61.579147263985085
STU_013645,73.76547463824167
STU_013646,87.38319600001184
STU_013647,82.51178078086838
STU_013648,94.61042343917617
STU_013649,74.76421878305425
STU_013650,89.78433659478604
STU_013651,71.56927747322759
STU_013652,69.12934677117805
STU_013653,83.79773404371285
STU_013654,78.42150376980513
STU_013655,73.1607630852625
STU_013656,95.86040063324793
STU_013657,69.13482225732906
STU_013658,86.02867243170978
STU_013659,69.33325493417405
STU_013660,71.81898295502185
STU_013661,79.686581503021
STU_013662,83.71598228598127
STU_013663,76.01705677940521
STU_013664,90.38537459305321
STU_013665,79.38594486355419
STU_013666,87.4804176664547
STU_013667,63.79757892505478
STU_013668,91.56738244258702
STU_013669,66.21059495369111
STU_013670,86.52758254477781
STU_013671,100.0
STU_013672,75.12549092748698
STU_013673,96.63648656102455
STU_013674,80.95582861731722
STU_013675,61.627818356422935
STU_013676,75.71685863328719
STU_013677,79.52968806245076
STU_013678,75.24065835617743
STU_013679,69.06375733742459
STU_013680,55.44295022165837
STU_013681,96.82906653988618
STU_013682,45.50806883929791
STU_013683,58.241017011811415
STU_013684,75.4037190767962
STU_013685,82.6484824499815
STU_013686,88.21450053092933
STU_013687,76.54119561136964
STU_013688,64.4758933457945
STU_013689,98.31426043168084
STU_013690,88.8058198970754
STU_013691,67.63589623888575
STU_013692,66.64254204959344
STU_013693,87.44310349174084
STU_013694,75.79781209212658
STU_013695,72.12693080966329
STU_013696,99.8028347278771
STU_013697,68.97573315501066
STU_013698,64.0968069448559
STU_013699,70.73530694696908
STU_013700,83.68432354796806
STU_013701,81.08302588834277
STU_013702,89.40279415786165
STU_013703,73.66835050133234
STU_013704,83.37929331476646
STU_013705,85.50071561875201
STU_013706,63.907644958808824
STU_013707,67.11834560577846
STU_013708,60.00664481431762
STU_013709,88.92135819591306
STU_013710,81.09747828671094
STU_013711,96.67695879367767
STU_013712,76.98678773602687
STU_013713,69.60929593013212
STU_013714,70.7722422811021
STU_013715,96.90891747287988
STU_013716,69.76747586871005
STU_013717,58.364224016860774
STU_013718,84.170866985515
STU_013719,72.06754383814608
STU_013720,57.88053279023788
STU_013721,55.560444248187466
STU_013722,82.18062195830142
STU_013723,79.71054770078153
STU_013724,89.68221731501914
STU_013725,67.11523093913343
STU_013726,67.81865336605087
STU_013727,64.37694203488934
STU_013728,91.48847719289041
STU_013729,86.33390321261892
STU_013730,77.5039858716735
STU_013731,91.52780270998201
STU_013732,82.73408952094071
STU_013733,83.45559136701786
STU_013734,59.243403535982175
STU_013735,79.88832750862238
STU_013736,96.82127011439546
STU_013737,88.1421073028499
STU_013738,73.57947188118133
STU_013739,75.29850574010337
STU_013740,78.99716842576979
STU_013741,76.20736692454062
STU_013742,91.82577583819128
STU_013743,92.05134102689479
STU_013744,62.879880116811684
STU_013745,91.00010535146293
STU_013746,87.31247789698676
STU_013747,95.28843747861782
STU_013748,70.90568400421235
STU_013749,95.19254962990367
STU_013750,78.23691328197145
STU_013751,74.43291095121708
STU_013752,80.47133027024253
STU_013753,83.13968216764069
STU_013754,72.76243444443517
STU_013755,72.95871010320268
STU_013756,72.08631924909533
STU_013757,99.02141232033647
STU_013758,96.88591550047397
STU_013759,63.9386221079407
STU_013760,60.75828697372426
STU_013761,91.63262585731727
STU_013762,72.39496879837334
STU_013763,77.33301355790994
STU_013764,64.16521582716912
STU_013765,65.91002453507154
STU_013766,84.79197269151373
STU_013767,86.62323145616065
STU_013768,74.11191899651055
STU_013769,61.22240954501747
STU_013770,86.4506997647348
STU_013771,95.20140932193897
STU_013772,69.0193400014192
STU_013773,73.39513737432802
STU_013774,75.13690790200098
STU_013775,76.29586346333936
STU_013776,61.215163922104864
STU_013777,74.77953922142045
STU_013778,90.03722849959694
STU_013779,99.33125202515933
STU_013780,70.37957558937809
STU_013781,61.92646558861023
STU_013782,77.68455653595963
STU_013783,82.76216187477722
STU_013784,80.42140338598568
STU_013785,71.62206598208991
STU_013786,75.9759734764896
STU_013787,93.81032956121864
STU_013788,67.50305812090508
STU_013789,87.24116868761763
STU_013790,68.80444529055056
STU_013791,83.23973345681053
STU_013792,100.0
STU_013793,73.68465247361647
STU_013794,79.97408036658939
STU_013795,80.67743934700943
STU_013796,72.40060483520737
STU_013797,85.44798353252553
STU_013798,62.44874191913804
STU_013799,78.61954694378069
STU_013800,85.4776505681165
STU_013801,98.59875095456918
STU_013802,83.60376644065981
STU_013803,74.53934769529758
STU_013804,69.67713512825742
STU_013805,88.17542748604707
STU_013806,74.50780667786063
STU_013807,72.84262793860816
STU_013808,76.14410601662028
STU_013809,77.89902917237875
STU_013810,82.4619287384684
STU_013811,70.23040952180168
STU_013812,78.53589217164736
STU_013813,72.79520280014017
STU_013814,65.8316700909552
STU_013815,77.6975116251169
STU_013816,69.80017245368283
STU_013817,79.34505776936084
STU_013818,57.83320090954863
STU_013819,80.19213604585451
STU_013820,74.1922452870738
STU_013821,76.9632333773084
STU_013822,97.00493969159304
STU_013823,91.26393109564151
STU_013824,74.56772534127641
STU_013825,64.56754076581801
STU_013826,84.38340848549826
STU_013827,81.05702237180957
STU_013828,86.6388557779069
STU_013829,79.31845711251123
STU_013830,83.6212089611019
STU_013831,79.76204796785149
STU_013832,88.31583254214894
STU_013833,82.78126829074711
STU_013834,69.06550377325416
STU_013835,81.57420177078004
STU_013836,66.34216967198692
STU_013837,93.12899160515164
STU_013838,55.042826511714075
STU_013839,63.0884136006518
STU_013840,61.441263189145815
STU_013841,98.89604040577814
STU_013842,81.92670974261921
STU_013843,73.99820560945447
STU_013844,72.19732987082234
STU_013845,89.57706521991656
STU_013846,85.13826751213072
STU_013847,51.062726345755586
STU_013848,100.0
STU_013849,56.17413379765789
STU_013850,72.62253067594078
STU_013851,66.52810215653962
STU_013852,86.56047887662231
STU_013853,69.9545320001806
STU_013854,84.70756189752349
STU_013855,73.37432434426043
STU_013856,66.02202842650786
STU_013857,79.779960307488
STU_013858,84.86417910212799
STU_013859,78.73445102961571
STU_013860,74.395007288733
STU_013861,72.06601393611017
STU_013862,81.27477496534053
STU_013863,81.74749057447866
STU_013864,70.21167704987833
STU_013865,89.62455685880605
STU_013866,54.00264000427354
STU_013867,72.96805382924752
STU_013868,92.63066009616465
STU_013869,73.4226441351424
STU_013870,52.080172641321646
STU_013871,75.08289893935898
STU_013872,97.84951687357272
STU_013873,69.5739914956138
STU_013874,71.18045191284381
STU_013875,64.11538239563015
STU_013876,78.17718470009768
STU_013877,65.67531292573575
STU_013878,63.72525939672579
STU_013879,62.20511947341096
STU_013880,96.80608737341817
STU_013881,75.7346175309648
STU_013882,84.03228634481569
STU_013883,74.13180387403439
STU_013884,81.597189641671
STU_013885,88.33700354794289
STU_013886,82.88266646352326
STU_013887,74.99947107495726
STU_013888,80.58867951344011
STU_013889,78.71442237309395
STU_013890,92.86541350227216
STU_013891,89.1569035330707
STU_013892,77.19162701157765
STU_013893,62.58750040289224
STU_013894,93.08437696085848
STU_013895,57.7296794439732
STU_013896,89.99844734191907
STU_013897,79.94930543506601
STU_013898,83.46325588296226
STU_013899,83.72648290957953
STU_013900,65.49716994437489
STU_013901,86.1541743161887
STU_013902,73.47627094114017
STU_013903,71.03727830029413
STU_013904,69.08886375513353
STU_013905,89.57589573063548
STU_013906,75.88065002741757
STU_013907,63.28160251301891
STU_013908,67.4985322450054
STU_013909,89.78236098308533
STU_013910,60.15449625905397
STU_013911,82.2902259622697
STU_013912,82.48370815913349
STU_013913,74.28677118440334
STU_013914,64.38792544710387
STU_013915,74.01596346930137
STU_013916,93.8072351067981
STU_013917,57.44637505469735
STU_013918,57.226916607680344
STU_013919,74.8304906748346
STU_013920,79.09645966801332
STU_013921,63.09873970041188
STU_013922,94.22311268120752
STU_013923,90.5595163276234
STU_013924,84.42151393303267
STU_013925,72.29017139177617
STU_013926,82.89084073478166
STU_013927,97.68763659666998
STU_013928,42.550093771379096
STU_013929,66.20710558648615
STU_013930,70.51357509563553
STU_013931,63.88999343271065
STU_013932,68.79154906454848
STU_013933,58.167573855646864
STU_013934,69.85643539013176
STU_013935,77.40155360459485
STU_013936,88.94553911549947
STU_013937,81.0774491544112
STU_013938,75.77511462909015
STU_013939,68.78213418837869
STU_013940,66.74142808830746
STU_013941,69.10421955690549
STU_013942,100.0
STU_013943,67.5889100867978
STU_013944,89.77398349532778
STU_013945,79.80475255094944
STU_013946,96.41549514604486
STU_013947,79.61225152897077
STU_013948,80.40593727858689
STU_013949,47.83681678930722
STU_013950,82.92055472681282
STU_013951,59.07297233169183
STU_013952,94.56767783501313
STU_013953,76.21057443243163
STU_013954,48.51264230053249
STU_013955,66.27898454052728
STU_013956,79.05701219693414
STU_013957,78.98477864448682
STU_013958,71.31983260272803
STU_013959,71.45720808987002
STU_013960,78.44409719420399
STU_013961,70.10129627856558
STU_013962,66.49880016652091
STU_013963,72.12385293252822
STU_013964,76.98451531843337
STU_013965,62.701373034941874
STU_013966,73.68576915714095
STU_013967,70.30294204680247
STU_013968,93.83301987094515
STU_013969,55.46580063088908
STU_013970,88.53404107209727
STU_013971,67.46422663390936
STU_013972,71.72760973482377
STU_013973,73.10628857839905
STU_013974,93.92411251643598
STU_013975,83.96179966647767
STU_013976,70.23229752003972
STU_013977,82.97618954536425
STU_013978,94.85055324445658
STU_013979,85.97544274358496
STU_013980,74.35387519845155
STU_013981,76.8185182886428
STU_013982,72.77997414967275
STU_013983,78.78273722713723
STU_013984,69.39398285634427
STU_013985,83.67084487532514
STU_013986,66.45784113837746
STU_013987,90.43989318359267
STU_013988,74.13396315577538
STU_013989,67.64795096190223
STU_013990,72.44932559876756
STU_013991,78.65623001974895
STU_013992,79.61797312364152
STU_013993,78.09713749191548
STU_013994,80.86439561359992
STU_013995,60.043228054678906
STU_013996,76.08498707705081
STU_013997,91.43230526697054
STU_013998,66.9571863954697
STU_013999,73.71347678928731
STU_014000,77.0411539191416
STU_014001,69.33105282092362
STU_014002,66.18116283665502
STU_014003,70.24807907138134
STU_014004,64.24309014791069
STU_014005,70.95153923615942
STU_014006,70.00995226334172
STU_014007,82.84637832554861
STU_014008,62.814446465928405
STU_014009,99.21743573175141
STU_014010,75.06766137746965
STU_014011,80.36575312061655
STU_014012,94.76035293373647
STU_014013,48.33540705895431
STU_014014,83.25040209849921
STU_014015,85.49268037207707
STU_014016,71.5881385048967
STU_014017,80.02177603351184
STU_014018,76.902820451394
STU_014019,87.58877446553095
STU_014020,82.20420709769051
STU_014021,88.50341854857209
STU_014022,75.36216422914384
STU_014023,67.19485403071099
STU_014024,76.81028678135061
STU_014025,82.72530699128478
STU_014026,71.89784525747403
STU_014027,100.0
STU_014028,82.84557281018004
STU_014029,74.78921162511068
STU_014030,79.24173236068374
STU_014031,75.25839358764671
STU_014032,74.86580768553864
STU_014033,74.958520886092
STU_014034,88.70135110406605
STU_014035,91.05443158816063
STU_014036,52.83867365295633
STU_014037,59.26914372557013
STU_014038,80.43465385764154
STU_014039,85.88230908263748
STU_014040,74.26759764794967
STU_014041,74.44975415897912
STU_014042,66.12851787413105
STU_014043,70.69154563548865
STU_014044,100.0
STU_014045,78.15594859539343
STU_014046,68.9030833224706
STU_014047,88.89197486829036
STU_014048,64.95047400186475
STU_014049,84.20588615965212
STU_014050,75.59465459257541
STU_014051,74.56405774760147
STU_014052,82.04743219115169
STU_014053,90.51374534037129
STU_014054,87.91760116557822
STU_014055,100.0
STU_014056,76.0945642620781
STU_014057,65.03561967263097
STU_014058,75.00784371731541
STU_014059,58.34192864257528
STU_014060,77.85431643099942
STU_014061,70.87096149003452
STU_014062,86.94258382424918
STU_014063,71.92784573803495
STU_014064,67.9240364898555
STU_014065,63.28655038930005
STU_014066,50.85517665797285
STU_014067,95.27707453546047
STU_014068,71.98233892615431
STU_014069,78.97180618787912
STU_014070,79.23008292930741
STU_014071,48.4332254317834
STU_014072,73.24928499484582
STU_014073,81.75234633403915
STU_014074,73.2271006815656
STU_014075,70.6616161976818
STU_014076,72.3785683437986
STU_014077,63.310327767398235
STU_014078,60.8545855369322
STU_014079,84.24447187535006
STU_014080,86.7372056144549
STU_014081,99.03389546144686
STU_014082,80.51750787304769
STU_014083,65.85636628512522
STU_014084,76.0668117823329
STU_014085,99.95443304712026
STU_014086,60.011075709123055
STU_014087,70.35783926486539
STU_014088,74.89427432187104
STU_014089,74.48747435305091
STU_014090,66.67383556806772
STU_014091,87.31517702557534
STU_014092,70.85944810231888
STU_014093,73.5593351127819
STU_014094,63.95305672365124
STU_014095,81.03203472624553
STU_014096,82.26019579383848
STU_014097,89.82399563260297
STU_014098,76.31888201547618
STU_014099,78.45526021278245
STU_014100,69.5807503056495
STU_014101,77.82708978563053
STU_014102,81.84797153873474
STU_014103,70.16182386666465
STU_014104,91.80018877986683
STU_014105,53.296917876606685
STU_014106,68.96077016871669
STU_014107,86.33670699152805
STU_014108,80.7494530947787
STU_014109,81.29415244588876
STU_014110,85.30936176344161
STU_014111,86.54983702743958
STU_014112,62.83212945962965
STU_014113,60.16538114932257
STU_014114,66.91137828050827
STU_014115,76.86396999193485
STU_014116,97.43383105493251
STU_014117,69.47535750651447
STU_014118,93.4320692766302
STU_014119,72.14151125414557
STU_014120,68.68511858461477
STU_014121,64.26028972484936
STU_014122,60.88899438933882
STU_014123,59.391556747827515
STU_014124,61.03263030257391
STU_014125,85.92942088985296
STU_014126,66.76793415254026
STU_014127,71.89882136727812
STU_014128,61.12687296639136
STU_014129,86.71427345547116
STU_014130,82.4928903635036
STU_014131,87.73241081411663
STU_014132,82.00365752936357
STU_014133,75.07126537804251
STU_014134,44.823161232709474
STU_014135,75.02290053983324
STU_014136,73.74254022693212
STU_014137,96.13003120025158
STU_014138,59.875927127958384
STU_014139,77.26928035139709
STU_014140,75.5256670460191
STU_014141,89.10974412752023
STU_014142,78.48046339298516
STU_014143,78.03090784750682
STU_014144,98.3337536088066
STU_014145,69.1094550474863
STU_014146,94.33251735902593
STU_014147,81.66491044167613
STU_014148,87.52275305390185
STU_014149,80.72220621990216
STU_014150,64.22264102564355
STU_014151,96.60437842980194
STU_014152,89.35069062498788
STU_014153,58.266506671455524
STU_014154,77.97823101954991
STU_014155,74.04114945469965
STU_014156,93.77579559197684
STU_014157,80.46856364896814
STU_014158,79.78478436090272
STU_014159,80.78133174320479
STU_014160,92.2706296862056
STU_014161,83.95198175243583
STU_014162,92.58172401183373
STU_014163,75.86595377330536
STU_014164,57.674282147979824
STU_014165,95.0019474073144
STU_014166,71.18779923474344
STU_014167,77.39839830987427
STU_014168,73.424995037058
STU_014169,62.72860743053734
STU_014170,81.93059467048371
STU_014171,85.59033059096845
STU_014172,82.99094885339282
STU_014173,67.74316306258872
STU_014174,80.68768377149797
STU_014175,82.97827997600056
STU_014176,66.54039580709559
STU_014177,75.15768330792585
STU_014178,75.81928212697228
STU_014179,87.79936248793803
STU_014180,79.63937889621046
STU_014181,76.49324967369705
STU_014182,93.03483838724168
STU_014183,63.784000181457024
STU_014184,87.1610631240873
STU_014185,78.03469309707623
STU_014186,92.65612418578687
STU_014187,91.3340480742289
STU_014188,73.09598112343849
STU_014189,70.77996077893827
STU_014190,68.23487464124649
STU_014191,68.49512393696223
STU_014192,64.23202320739455
STU_014193,81.53588580799656
STU_014194,70.8100475818422
STU_014195,68.09102100977599
STU_014196,85.61476180637963
STU_014197,64.88218953479539
STU_014198,71.75932067556843
STU_014199,60.74996629085416
STU_014200,72.11118305666453
STU_014201,75.91582389493263
STU_014202,84.1436985482125
STU_014203,64.86048962452236
STU_014204,89.18317949755699
STU_014205,69.3511407328075
STU_014206,73.73805518742797
STU_014207,76.19331453903249
STU_014208,72.48677723515576
STU_014209,70.58770849131066
STU_014210,92.3773906417996
STU_014211,76.68942981833307
STU_014212,98.58373676385177
STU_014213,78.50245343127096
STU_014214,67.84380398294759
STU_014215,73.17117482724295
STU_014216,76.22854322295181
STU_014217,85.37261122950471
STU_014218,100.0
STU_014219,68.99427068526576
STU_014220,73.47192067856258
STU_014221,80.4844856411221
STU_014222,79.07839510817209
STU_014223,86.98474877711877
STU_014224,96.86748438155597
STU_014225,74.31781449219032
STU_014226,62.3937362339151
STU_014227,74.16800520742078
STU_014228,62.83276712901192
STU_014229,89.87237802631843
STU_014230,89.34762137508216
STU_014231,79.94942961662795
STU_014232,76.28838720999865
STU_014233,60.87424363539931
STU_014234,100.0
STU_014235,77.38815101510654
STU_014236,73.27421253772509
STU_014237,87.63082090908357
STU_014238,54.3704486621159
STU_014239,91.63925795840188
STU_014240,78.66761456219976
STU_014241,82.91199443364152
STU_014242,89.94737292569482
STU_014243,64.73533907898
STU_014244,74.25491169777465
STU_014245,79.67608586710078
STU_014246,77.43944056930476
STU_014247,64.305227005331
STU_014248,89.29976271001955
STU_014249,78.97506868853394
STU_014250,80.51742339917557
STU_014251,82.64084846486801
STU_014252,69.68178646369253
STU_014253,91.49951402107232
STU_014254,70.83337062828764
STU_014255,96.22607534733102
STU_014256,67.12335185884575
STU_014257,72.1614123916967
STU_014258,86.28486333513065
STU_014259,69.38020830899747
STU_014260,84.30974274412759
STU_014261,87.6425518852083
STU_014262,78.05732605501798
STU_014263,60.84947076327464
STU_014264,88.43427026511525
STU_014265,66.92332706934458
STU_014266,80.71390911742148
STU_014267,94.92768851261499
STU_014268,90.98367130043816
STU_014269,71.73520690693896
STU_014270,78.32815119723227
STU_014271,60.10510108971767
STU_014272,70.20911278571413
STU_014273,70.0824457608158
STU_014274,68.96806906556918
STU_014275,83.59250808865687
STU_014276,63.174293286931785
STU_014277,92.72301844004873
STU_014278,62.034579896240444
STU_014279,95.85428767118974
STU_014280,60.081995029515724
STU_014281,86.19438108528546
STU_014282,68.21028286316475
STU_014283,57.418950723709465
STU_014284,79.19801781468905
STU_014285,89.74364266203403
STU_014286,67.06174309170602
STU_014287,80.54048057531402
STU_014288,49.712568271380555
STU_014289,75.12001894311732
STU_014290,74.16642693399389
STU_014291,68.24396832291632
STU_014292,78.27590724915737
STU_014293,73.44318728571524
STU_014294,68.03274472622115
STU_014295,69.58514437173262
STU_014296,65.66111852813884
STU_014297,58.06644327353793
STU_014298,73.84443023289006
STU_014299,77.28220356838418
STU_014300,88.66163447896795
STU_014301,58.74676499760139
STU_014302,100.0
STU_014303,93.79091973995827
STU_014304,61.81309524440189
STU_014305,80.13666229285498
STU_014306,71.31460009954
STU_014307,100.0
STU_014308,73.7946445480574
STU_014309,90.5294985733329
STU_014310,72.76499348638667
STU_014311,98.24382562337142
STU_014312,78.83757829209773
STU_014313,77.2298961614356
STU_014314,69.15635696163324
STU_014315,80.59493078322379
STU_014316,73.83565158515052
STU_014317,69.90067658992783
STU_014318,75.69325171845317
STU_014319,66.95452885533308
STU_014320,74.24850053637019
STU_014321,66.05599333142634
STU_014322,92.698720840697
STU_014323,84.83073823910715
STU_014324,84.52830276198884
STU_014325,83.78392697842958
STU_014326,82.99155281601679
STU_014327,71.34956106212078
STU_014328,60.067807566005534
STU_014329,92.94024988389447
STU_014330,57.42543926736586
STU_014331,62.98375090210247
STU_014332,59.56735097683844
STU_014333,63.651893589948976
STU_014334,90.81669636271351
STU_014335,79.00052952783487
STU_014336,90.86623383617423
STU_014337,80.64906397678854
STU_014338,65.10202477660889
STU_014339,65.70000770047567
STU_014340,68.05391027222447
STU_014341,89.9394164448917
STU_014342,63.88624078459729
STU_014343,73.81243594749236
STU_014344,50.72291683660644
STU_014345,76.39674913994739
STU_014346,87.73005103722738
STU_014347,67.34084470068373
STU_014348,75.43976008694884
STU_014349,68.22799697141635
STU_014350,68.60993507153414
STU_014351,80.37447259591157
STU_014352,86.33050938959167
STU_014353,91.68111888872473
STU_014354,87.2590874170701
STU_014355,67.60330646547969
STU_014356,53.509993532269874
STU_014357,83.48701371266333
STU_014358,55.494816100466586
STU_014359,76.83020711525164
STU_014360,63.03649090239148
STU_014361,71.3249490439672
STU_014362,100.0
STU_014363,50.324890345573365
STU_014364,83.10198269305761
STU_014365,64.30829243143336
STU_014366,74.09636164043536
STU_014367,72.4707810225342
STU_014368,88.61522236505057
STU_014369,88.43739162560954
STU_014370,96.29932520228863
STU_014371,75.26598465079022
STU_014372,88.14303611936404
STU_014373,66.36633715619409
STU_014374,80.05859846496553
STU_014375,80.47489012709312
STU_014376,93.39504037371768
STU_014377,80.16260680406849
STU_014378,95.16064627618674
STU_014379,77.66839956903526
STU_014380,85.50489758578145
STU_014381,50.808668818274164
STU_014382,76.33212303885279
STU_014383,74.61533612158942
STU_014384,88.14115060572533
STU_014385,90.1861281902329
STU_014386,65.98171788047875
STU_014387,77.70753032932744
STU_014388,70.67539008877264
STU_014389,75.71463565770534
STU_014390,72.99089678352314
STU_014391,53.85239992590195
STU_014392,84.97523095055791
STU_014393,88.35253803587312
STU_014394,77.14107946251393
STU_014395,93.08489918814497
STU_014396,91.54968001121854
STU_014397,80.87158623846675
STU_014398,99.88665153807773
STU_014399,77.31795119800309
STU_014400,94.03509736865314
STU_014401,81.91037845600263
STU_014402,77.22906238361871
STU_014403,80.08315108479194
STU_014404,78.4680701609858
STU_014405,68.5122813839899
STU_014406,80.46799751316522
STU_014407,97.17893671620656
STU_014408,60.92943483065306
STU_014409,63.07516889987442
STU_014410,72.78182279600888
STU_014411,69.76342822901691
STU_014412,74.25696952353603
STU_014413,82.09200909188083
STU_014414,64.37678554483995
STU_014415,71.84862358534191
STU_014416,79.89950548809604
STU_014417,93.60836903747438
STU_014418,92.06749926808989
STU_014419,58.180305662331364
STU_014420,90.94988945062705
STU_014421,94.62127704422196
STU_014422,71.19814946830473
STU_014423,93.31003449777478
STU_014424,78.80872830162491
STU_014425,98.48470417433907
STU_014426,71.0438173246814
STU_014427,84.01683360130293
STU_014428,93.33989291321942
STU_014429,94.41523830714634
STU_014430,60.759554651774124
STU_014431,61.17375841693225
STU_014432,68.87369467656195
STU_014433,66.0051524533592
STU_014434,77.64122718264798
STU_014435,94.8750331982545
STU_014436,63.313830563994586
STU_014437,70.62896487236094
STU_014438,74.10060745161448
STU_014439,85.13265993329833
STU_014440,50.45040661468279
STU_014441,63.9101721545075
STU_014442,76.62825933812579
STU_014443,62.289812726267414
STU_014444,56.23405707419118
STU_014445,68.27391369087307
STU_014446,70.75364596767632
STU_014447,92.16959347952715
STU_014448,63.16186877018496
STU_014449,54.50372077810349
STU_014450,76.05485791321043
STU_014451,88.73401301411583
STU_014452,90.84264885574923
STU_014453,100.0
STU_014454,88.53110088290519
STU_014455,88.71484204492933
STU_014456,80.21719907732826
STU_014457,63.41976784250543
STU_014458,67.31810542523583
STU_014459,76.38721497666369
STU_014460,98.30993020299385
STU_014461,90.38182390558747
STU_014462,82.399292794803
STU_014463,81.62054954520626
STU_014464,78.70024349851245
STU_014465,92.08389826812623
STU_014466,67.4122198533663
STU_014467,78.3194324909891
STU_014468,72.89663131255772
STU_014469,84.80469215402996
STU_014470,75.9156730071148
STU_014471,80.64830775586427
STU_014472,66.31907810444878
STU_014473,72.41507054883675
STU_014474,86.68747776131042
STU_014475,67.67396658982676
STU_014476,69.69551969302087
STU_014477,89.87693456153525
STU_014478,82.52497255477651
STU_014479,95.79503489108203
STU_014480,74.36148914106533
STU_014481,87.41190539157105
STU_014482,59.275857634225716
STU_014483,92.38894207623798
STU_014484,51.64463871925181
STU_014485,82.65901170321214
STU_014486,90.53424360430435
STU_014487,81.59140266529575
STU_014488,71.61468939338417
STU_014489,54.99426913543042
STU_014490,88.94069174109434
STU_014491,84.624296493981
STU_014492,77.55543777683769
STU_014493,62.61939299909196
STU_014494,84.61155325363232
STU_014495,72.69334532499609
STU_014496,75.8814398429562
STU_014497,69.37611627396946
STU_014498,84.36189739453405
STU_014499,81.69155829197555
STU_014500,69.80955393520041
STU_014501,68.27992445406413
STU_014502,72.27137566858494
STU_014503,73.92171716385994
STU_014504,99.35745094690597
STU_014505,75.9534806400846
STU_014506,75.48311182704592
STU_014507,75.19303051738817
STU_014508,66.00623891476863
STU_014509,75.3877529804044
STU_014510,63.66106743430388
STU_014511,82.26574709425105
STU_014512,73.85053580743667
STU_014513,80.57754504540237
STU_014514,84.21131919360053
STU_014515,74.76638360003749
STU_014516,79.62775157208516
STU_014517,80.1998683933368
STU_014518,78.51778515718509
STU_014519,59.35887115579675
STU_014520,77.03282446305909
STU_014521,92.13531686877573
STU_014522,67.37236328508408
STU_014523,91.52959723329911
STU_014524,91.19162765154505
STU_014525,68.85272895945323
STU_014526,80.16790634192691
STU_014527,51.560870642498756
STU_014528,71.33685265708877
STU_014529,86.05700779493125
STU_014530,71.02680197630644
STU_014531,77.47123158107223
STU_014532,91.96689716248298
STU_014533,99.12175728596998
STU_014534,95.56520825807303
STU_014535,92.77808780462364
STU_014536,87.81008464308171
STU_014537,78.5708330818048
STU_014538,66.59686948028319
STU_014539,73.51012826275047
STU_014540,56.38724551568833
STU_014541,88.30942137536496
STU_014542,61.76101993650553
STU_014543,82.21340030683828
STU_014544,68.54683168007624
STU_014545,63.7350310627281
STU_014546,63.0850724745301
STU_014547,65.30273626427703
STU_014548,91.86445369094373
STU_014549,95.08065053753212
STU_014550,82.97803827084363
STU_014551,70.90034017863744
STU_014552,70.69127439500336
STU_014553,84.38877382401341
STU_014554,74.89308490386523
STU_014555,72.15561944085611
STU_014556,92.48652111376225
STU_014557,77.31180514941859
STU_014558,61.93591236400341
STU_014559,85.08903573713394
STU_014560,92.97279697518047
STU_014561,76.2423749280592
STU_014562,71.37184538740631
STU_014563,77.45245882103539
STU_014564,93.93108502276914
STU_014565,66.50307866210947
STU_014566,87.69502444628726
STU_014567,70.73168307947627
STU_014568,68.04756271413021
STU_014569,77.6903632536519
STU_014570,60.57481112545922
STU_014571,70.30449941496275
STU_014572,71.87230553330525
STU_014573,78.59318897762259
STU_014574,66.13291244021525
STU_014575,59.858589849850304
STU_014576,69.49343499985551
STU_014577,62.9640474191605
STU_014578,62.037898117208755
STU_014579,76.74711531721654
STU_014580,85.05979262831178
STU_014581,88.24440904497843
STU_014582,81.95852311007114
STU_014583,70.09075010986923
STU_014584,84.57742044157379
STU_014585,73.62904101428182
STU_014586,84.38700737334452
STU_014587,61.85321235049237
STU_014588,82.78744766370323
STU_014589,58.7970369099231
STU_014590,69.14377666347833
STU_014591,86.43327381242669
STU_014592,72.52583272866465
STU_014593,92.35761079171174
STU_014594,92.79020262479891
STU_014595,58.26189236065143
STU_014596,100.0
STU_014597,71.33725909107844
STU_014598,63.64242763880439
STU_014599,79.99320242943499
STU_014600,64.50534271112272
STU_014601,79.62409207501409
STU_014602,92.24013521588384
STU_014603,58.761721439057524
STU_014604,85.91169616075919
STU_014605,97.26190804403839
STU_014606,59.37135169808558
STU_014607,80.4390137537587
STU_014608,62.52599445526523
STU_014609,77.68655272344395
STU_014610,82.42547868502122
STU_014611,81.28240946940693
STU_014612,61.01102154098437
STU_014613,73.86047635954671
STU_014614,89.71274776811413
STU_014615,75.74557697758604
STU_014616,91.10221714384033
STU_014617,66.21022025797258
STU_014618,84.99928291632297
STU_014619,76.76428697368503
STU_014620,84.81448826411142
STU_014621,65.49056639824349
STU_014622,94.90753345989462
STU_014623,75.5320787506399
STU_014624,84.13700513990844
STU_014625,71.6278875927518
STU_014626,88.09872860689713
STU_014627,69.14717190134695
STU_014628,66.86447308371278
STU_014629,82.52910438531677
STU_014630,75.52772620995583
STU_014631,63.14160391387805
STU_014632,75.71093793185794
STU_014633,71.3268712478525
STU_014634,92.13429458385768
STU_014635,65.37419938466856
STU_014636,47.710218664147106
STU_014637,86.6637882762912
STU_014638,70.57981688637938
STU_014639,76.76959486980816
STU_014640,70.19625423004896
STU_014641,60.32102338049265
STU_014642,92.59334156985368
STU_014643,58.76567031282182
STU_014644,90.68652500305697
STU_014645,78.91588357873832
STU_014646,88.85196588561386
STU_014647,88.7422151835578
STU_014648,74.59192186048273
STU_014649,92.02948855696197
STU_014650,69.73678649014728
STU_014651,66.18481256798124
STU_014652,88.34690719595545
STU_014653,78.55073739511015
STU_014654,86.84707944072237
STU_014655,54.62522610088734
STU_014656,68.84965165403001
STU_014657,61.55500989084987
STU_014658,79.30476834855864
STU_014659,71.10854451326455
STU_014660,72.3543144809448
STU_014661,59.12455670158798
STU_014662,72.98940653353563
STU_014663,74.80921862917504
STU_014664,59.696259330583416
STU_014665,77.63990108395761
STU_014666,87.8699976410426
STU_014667,79.84987777262664
STU_014668,63.16710308768323
STU_014669,79.99212308188498
STU_014670,96.46270233616278
STU_014671,77.391625596719
STU_014672,86.21790579742571
STU_014673,93.41658286185091
STU_014674,94.41414945238158
STU_014675,83.41817627865385
STU_014676,75.53533835414497
STU_014677,72.61174699995603
STU_014678,70.03989842847322
STU_014679,65.26232464507869
STU_014680,53.97741508752536
STU_014681,88.88045182513768
STU_014682,51.017644886049254
STU_014683,69.01820610051125
STU_014684,63.66849723111653
STU_014685,70.32084915152934
STU_014686,79.57692516046549
STU_014687,84.13204226684617
STU_014688,94.0862595916919
STU_014689,68.29509083013485
STU_014690,62.7520669269488
STU_014691,84.93450780865957
STU_014692,89.40281382008388
STU_014693,72.68228649577433
STU_014694,76.73725604695285
STU_014695,100.0
STU_014696,44.335285829476256
STU_014697,71.44529773039207
STU_014698,90.33174793457133
STU_014699,68.79708410460647
STU_014700,84.84463900189229
STU_014701,68.42275938561252
STU_014702,87.25992363889398
STU_014703,82.18390557382058
STU_014704,92.309067410521
STU_014705,81.37495339585105
STU_014706,85.08804098604408
STU_014707,93.32457310474821
STU_014708,96.2475626706804
STU_014709,80.81334830318407
STU_014710,55.28555532801752
STU_014711,73.8352694701944
STU_014712,78.59664351891543
STU_014713,43.72142684877235
STU_014714,81.10897729932891
STU_014715,74.17223498444889
STU_014716,70.18433354659949
STU_014717,62.7746502477714
STU_014718,61.15850877605273
STU_014719,94.05397538617156
STU_014720,82.83994963904597
STU_014721,57.83647331949437
STU_014722,68.14465007571053
STU_014723,92.15448185849954
STU_014724,90.26915535611622
STU_014725,70.5356087660184
STU_014726,67.315457392714
STU_014727,63.40977734037026
STU_014728,91.10177552045035
STU_014729,83.13055957187511
STU_014730,57.63328710912593
STU_014731,67.67806257741022
STU_014732,74.22526480729181
STU_014733,77.9091432205077
STU_014734,64.37600328024052
STU_014735,97.2259807829672
STU_014736,77.2774230025014
STU_014737,77.03609504540947
STU_014738,71.78473440992188
STU_014739,86.72849341341791
STU_014740,79.05526450988003
STU_014741,80.17316661431782
STU_014742,93.02157194535886
STU_014743,96.99735228952653
STU_014744,69.3699746777603
STU_014745,83.5471023143888
STU_014746,44.56300806165126
STU_014747,74.28148757890293
STU_014748,97.2439276380662
STU_014749,95.55675843771364
STU_014750,83.01093502496367
STU_014751,89.82312770748743
STU_014752,81.57873316029722
STU_014753,60.40650075779999
STU_014754,99.67307526500232
STU_014755,67.34725149664044
STU_014756,71.76394882548266
STU_014757,73.63036325055504
STU_014758,99.86040544106665
STU_014759,69.77887959332807
STU_014760,75.66486982115295
STU_014761,77.17239341870267
STU_014762,100.0
STU_014763,83.97745660066106
STU_014764,100.0
STU_014765,80.69523659228086
STU_014766,80.36384124876855
STU_014767,67.8827007965406
STU_014768,66.52220616787903
STU_014769,93.13076551686234
STU_014770,76.37592090815409
STU_014771,73.02913465688277
STU_014772,73.05208219539881
STU_014773,87.31066518608043
STU_014774,90.35791122269448
STU_014775,80.79852775916711
STU_014776,76.74481525043011
STU_014777,81.23205447290982
STU_014778,78.515117773214
STU_014779,80.67862702966345
STU_014780,62.77325385082904
STU_014781,87.78262309729112
STU_014782,86.99443222130772
STU_014783,94.37090038015224
STU_014784,95.37799004367054
STU_014785,87.1723131822682
STU_014786,80.71570716106108
STU_014787,76.6861267228523
STU_014788,91.24046747729409
STU_014789,76.15310455628638
STU_014790,79.8723378817358
STU_014791,70.61668990905973
STU_014792,63.20819481954844
STU_014793,69.26480853173568
STU_014794,64.42800459027018
STU_014795,78.40220889306018
STU_014796,77.01474202941438
STU_014797,74.78149757048168
STU_014798,86.73137528281914
STU_014799,89.7692402634049
STU_014800,84.56620554668106
STU_014801,86.87397964298582
STU_014802,67.56797346216895
STU_014803,85.99995496160712
STU_014804,81.24071994152942
STU_014805,72.29294504471785
STU_014806,74.47442189194527
STU_014807,70.67172423311023
STU_014808,75.5219227022967
STU_014809,54.78828246092512
STU_014810,89.3867098955141
STU_014811,95.95858772044028
STU_014812,74.33958484092055
STU_014813,66.95325085539207
STU_014814,68.45857976531433
STU_014815,61.474727993510854
STU_014816,83.11455658655618
STU_014817,87.3441562384564
STU_014818,57.50426193857159
STU_014819,82.9257877920397
STU_014820,72.88154722897362
STU_014821,63.91855634286818
STU_014822,93.15103632649901
STU_014823,69.7310581542019
STU_014824,90.72500417932145
STU_014825,79.38332516000847
STU_014826,91.84905036297019
STU_014827,62.73931022368148
STU_014828,76.39704774842654
STU_014829,77.16117996552444
STU_014830,86.78661366332958
STU_014831,85.68607520196244
STU_014832,65.16070764976442
STU_014833,61.822004116534785
STU_014834,81.32814625860644
STU_014835,79.61239759034054
STU_014836,86.38109109195135
STU_014837,72.88014977636014
STU_014838,73.37304371218781
STU_014839,84.43343153528662
STU_014840,83.04494332653475
STU_014841,97.78629740827493
STU_014842,57.92623959572427
STU_014843,74.0413590224641
STU_014844,95.009258880539
STU_014845,69.68235147868069
STU_014846,87.01559474443894
STU_014847,78.81496919017806
STU_014848,56.12186827959723
STU_014849,66.5614029916981
STU_014850,74.74884608951336
STU_014851,81.67969224484716
STU_014852,84.94714085831008
STU_014853,72.34401401930172
STU_014854,67.20397397498724
STU_014855,75.68129520885768
STU_014856,70.88204783355867
STU_014857,78.7275187623522
STU_014858,65.98314875308937
STU_014859,86.13390714731409
STU_014860,48.18693296309248
STU_014861,88.3717040354434
STU_014862,97.23482712795047
STU_014863,73.21931401254027
STU_014864,79.78378376907403
STU_014865,74.66846803288954
STU_014866,73.88460599667836
STU_014867,73.17375191407766
STU_014868,98.85765614316361
STU_014869,100.0
STU_014870,73.29663327587488
STU_014871,77.76690281200962
STU_014872,86.48065903868293
STU_014873,68.8388872326014
STU_014874,72.39747264562962
STU_014875,83.1016919029948
STU_014876,57.69027331532492
STU_014877,68.10312304677473
STU_014878,65.33477242096271
STU_014879,80.53884552564499
STU_014880,80.09586951299538
STU_014881,81.54427834931158
STU_014882,71.42181911226427
STU_014883,79.52138281634947
STU_014884,70.47001325718725
STU_014885,80.63817280318715
STU_014886,65.95542581363347
STU_014887,77.79714431947983
STU_014888,86.52153861237964
STU_014889,76.35928386445485
STU_014890,94.26118409196788
STU_014891,74.08067507928425
STU_014892,86.6932125071002
STU_014893,66.35011113287922
STU_014894,74.4257359535335
STU_014895,61.24654973947952
STU_014896,78.42631185873333
STU_014897,78.01877360978116
STU_014898,83.5414482007461
STU_014899,63.44401994195174
STU_014900,97.263808527853
STU_014901,81.2013001156995
STU_014902,81.67958327918899
STU_014903,90.06769401168694
STU_014904,81.76611616679091
STU_014905,91.88773520608386
STU_014906,80.19668320791858
STU_014907,62.972555501265724
STU_014908,76.76659294775698
STU_014909,82.63950215473344
STU_014910,71.68596207996585
STU_014911,92.61651492257104
STU_014912,82.25685295817529
STU_014913,73.78499703909617
STU_014914,62.871864992074045
STU_014915,59.849247209804865
STU_014916,69.41230062219915
STU_014917,95.59618876179563
STU_014918,85.01185920527261
STU_014919,60.450699372941024
STU_014920,90.18770782589095
STU_014921,64.49692921781633
STU_014922,60.930551639442285
STU_014923,72.80000492556671
STU_014924,83.18665779105235
STU_014925,95.95386724943477
STU_014926,81.22959273687034
STU_014927,74.4690429729563
STU_014928,64.30094716447945
STU_014929,82.71465916549128
STU_014930,84.31936973342097
STU_014931,87.0850619856339
STU_014932,61.799869246246224
STU_014933,80.32066898418645
STU_014934,69.19131951161708
STU_014935,79.27161686719604
STU_014936,79.50429917115731
STU_014937,79.86308346030029
STU_014938,97.15756426210815
STU_014939,73.35164765339101
STU_014940,92.49777256743228
STU_014941,67.54816484126488
STU_014942,88.8538771428712
STU_014943,65.829745080858
STU_014944,75.18279275037138
STU_014945,64.45691990507756
STU_014946,70.01209487926532
STU_014947,68.78849487579026
STU_014948,87.34957451719268
STU_014949,68.53797834021147
STU_014950,87.22046755114073
STU_014951,73.53996926045419
STU_014952,77.328599329196
STU_014953,90.93860838659732
STU_014954,91.66838480148212
STU_014955,93.40914356294371
STU_014956,81.07930483887483
STU_014957,80.29071247453099
STU_014958,71.64066418351057
STU_014959,56.63465580977972
STU_014960,94.13725953784764
STU_014961,87.39632574997093
STU_014962,57.017117827490765
STU_014963,77.2711558292882
STU_014964,91.33444382326687
STU_014965,81.01351870060182
STU_014966,69.28534488258182
STU_014967,54.71275774962307
STU_014968,91.91403720996243
STU_014969,78.34352075208507
STU_014970,71.01701345847816
STU_014971,73.16472968594665
STU_014972,89.60293234055088
STU_014973,76.7007179956644
STU_014974,71.29586162445311
STU_014975,69.7936846925283
STU_014976,86.66774616379197
STU_014977,82.52769453075894
STU_014978,87.18053308807868
STU_014979,89.49914097521834
STU_014980,65.48502378990185
STU_014981,95.94840949408587
STU_014982,72.34440035574855
STU_014983,86.8777883154852
STU_014984,66.88212765982763
STU_014985,68.44615199684772
STU_014986,53.57152048185897
STU_014987,92.25379701575655
STU_014988,69.36364220568292
STU_014989,97.51176627510675
STU_014990,82.19116503148703
STU_014991,92.28833298679848
STU_014992,75.17640768948401
STU_014993,64.86542683316425
STU_014994,85.71166785008478
STU_014995,88.25590881811954
STU_014996,72.9521555891032
STU_014997,80.73409954080707
STU_014998,82.08943374708124
STU_014999,92.53468158107084
STU_015000,70.748779159938
STU_015001,59.154187156086294
STU_015002,65.14198522082003
STU_015003,60.86257866291025
STU_015004,63.40233792567572
STU_015005,64.58438874250272
STU_015006,69.65011860957524
STU_015007,86.17919705352718
STU_015008,77.04692402911648
STU_015009,79.740908512795
STU_015010,75.92261072899751
STU_015011,55.02850673949884
STU_015012,97.33202118362094
STU_015013,64.9222428203879
STU_015014,66.02474402624523
STU_015015,85.18152764776576
STU_015016,85.73489324055369
STU_015017,90.46075255384666
STU_015018,76.29995936586963
STU_015019,85.86818009607477
STU_015020,63.91457192201921
STU_015021,73.8953310287925
STU_015022,65.95810786252001
STU_015023,73.79355504432883
STU_015024,69.8917321124921
STU_015025,81.62398107078594
STU_015026,74.56431869135861
STU_015027,81.49720522488731
STU_015028,76.3512238416339
STU_015029,78.87885919574808
STU_015030,93.60132807146908
STU_015031,75.29356875427717
STU_015032,67.95637026804718
STU_015033,77.30972997038671
STU_015034,68.78135774686012
STU_015035,81.15298929440837
STU_015036,73.01499401596885
STU_015037,80.92713602089563
STU_015038,88.63382333185888
STU_015039,64.18100538243722
STU_015040,79.43373165358668
STU_015041,80.44464009569013
STU_015042,54.82861335218843
STU_015043,82.63223074091545
STU_015044,87.97937482451431
STU_015045,89.72180852294171
STU_015046,68.98086321154999
STU_015047,81.07878007664732
STU_015048,66.75102823736046
STU_015049,71.6965820996106
STU_015050,64.38338408975837
STU_015051,67.9772270194549
STU_015052,63.99583153250775
STU_015053,66.7394357524577
STU_015054,90.98541846066942
STU_015055,79.00657892995827
STU_015056,66.88977245870923
STU_015057,94.7974538946128
STU_015058,64.76199310041225
STU_015059,95.18160766262517
STU_015060,76.85044566926052
STU_015061,79.30301064053371
STU_015062,74.93075018499198
STU_015063,69.07906575001847
STU_015064,67.61528582258218
STU_015065,92.37673532205787
STU_015066,83.90175084178144
STU_015067,74.42044410031909
STU_015068,67.33067880301691
STU_015069,75.69035190147525
STU_015070,73.9592457878295
STU_015071,78.14757768076397
STU_015072,100.0
STU_015073,68.57883255201199
STU_015074,67.8172427533965
STU_015075,94.20765774035185
STU_015076,75.05947494408636
STU_015077,70.6293176636681
STU_015078,69.50105219093258
STU_015079,100.0
STU_015080,64.3670233528848
STU_015081,96.57987853278941
STU_015082,64.80423355848751
STU_015083,80.94305937207889
STU_015084,67.27649080148991
STU_015085,76.95963134827349
STU_015086,72.05967007449033
STU_015087,60.21575693072636
STU_015088,91.10547727492674
STU_015089,79.30645876051804
STU_015090,86.85239240138375
STU_015091,74.71548842974134
STU_015092,77.62149139334574
STU_015093,92.92352813565039
STU_015094,71.85455623013675
STU_015095,74.55546225856888
STU_015096,89.10003365169452
STU_015097,79.89523023588286
STU_015098,73.65803077752783
STU_015099,60.64877598561372
STU_015100,82.73646180790345
STU_015101,79.48621740749483
STU_015102,79.3448258170173
STU_015103,98.6946204488045
STU_015104,76.89485807630146
STU_015105,90.19379140042952
STU_015106,72.04384005216099
STU_015107,69.56715611611722
STU_015108,77.88949078338565
STU_015109,78.93680383527648
STU_015110,83.13540135303509
STU_015111,59.99457173369003
STU_015112,75.59222352204829
STU_015113,66.90623119766957
STU_015114,84.29091273731494
STU_015115,64.75340862934156
STU_015116,91.59867046906422
STU_015117,68.47615504162579
STU_015118,60.65179339793573
STU_015119,82.93030321172556
STU_015120,86.72023839975304
STU_015121,68.30550235490665
STU_015122,100.0
STU_015123,69.02399118549376
STU_015124,87.2244503976489
STU_015125,76.44123788361117
STU_015126,70.44009217773123
STU_015127,88.38981778533613
STU_015128,79.79027262712485
STU_015129,67.92838486986898
STU_015130,72.3313182380201
STU_015131,83.30761144652733
STU_015132,89.11213557994286
STU_015133,92.88149688055124
STU_015134,83.79475438930326
STU_015135,87.50347197955864
STU_015136,75.04860950613306
STU_015137,77.8885476203242
STU_015138,70.58197935511858
STU_015139,85.04646151897353
STU_015140,92.23809550593623
STU_015141,67.36703632866988
STU_015142,78.29859324646219
STU_015143,94.64076181702976
STU_015144,82.87590210856389
STU_015145,64.18422962559546
STU_015146,90.62687904685122
STU_015147,79.0176837703693
STU_015148,71.91281831401248
STU_015149,69.67672105845413
STU_015150,46.89848633472704
STU_015151,58.93267203995567
STU_015152,75.27713033252314
STU_015153,66.84093955258422
STU_015154,82.3650116216301
STU_015155,90.5011398878838
STU_015156,75.0115652827712
STU_015157,63.83433445712252
STU_015158,91.63517674201377
STU_015159,52.306569200441274
STU_015160,88.69385488943081
STU_015161,63.67836377725495
STU_015162,75.16218434966476
STU_015163,80.69754841053145
STU_015164,47.768564911792495
STU_015165,83.71518636570434
STU_015166,96.6358220308343
STU_015167,86.53490551143197
STU_015168,61.93131868198198
STU_015169,89.03491357145606
STU_015170,74.18464871664189
STU_015171,92.24719073137987
STU_015172,69.89151407832944
STU_015173,76.52845196499172
STU_015174,95.07864813212984
STU_015175,75.16944206960694
STU_015176,99.23022801457203
STU_015177,81.0655640618915
STU_015178,65.2464420026171
STU_015179,76.65294624631366
STU_015180,62.86545218658529
STU_015181,80.76141194738193
STU_015182,81.67080268763921
STU_015183,84.40166526556057
STU_015184,72.8816579999448
STU_015185,83.36388639108759
STU_015186,76.49813525754846
STU_015187,62.09394499901464
STU_015188,73.02976636404648
STU_015189,90.70686406366238
STU_015190,93.77964143820863
STU_015191,76.5722666864521
STU_015192,98.30795004398563
STU_015193,82.93312426578697
STU_015194,90.835917627923
STU_015195,85.1089656281424
STU_015196,74.24150697703503
STU_015197,74.46938979242023
STU_015198,80.93522851744743
STU_015199,78.46192040174128
STU_015200,71.30856592582782
STU_015201,81.57836348430365
STU_015202,69.38688135203451
STU_015203,70.1290096516536
STU_015204,82.83170905651869
STU_015205,81.85893814754915
STU_015206,74.25092672947554
STU_015207,82.7276560037425
STU_015208,75.15087515051181
STU_015209,81.53666247166267
STU_015210,88.5314141286701
STU_015211,54.770315494950765
STU_015212,92.07861233339445
STU_015213,71.51129243431178
STU_015214,90.3147976148037
STU_015215,76.75967842989596
STU_015216,93.24884803520135
STU_015217,61.50511282432876
STU_015218,75.68358213933138
STU_015219,79.9837933015863
STU_015220,54.55503784088258
STU_015221,82.08087883544819
STU_015222,66.67541700006628
STU_015223,84.56604458142615
STU_015224,76.74754259838474
STU_015225,74.52884765505947
STU_015226,66.05763814922132
STU_015227,66.53368392303794
STU_015228,85.18060830703072
STU_015229,71.37635516346519
STU_015230,73.46953954347562
STU_015231,96.56463723870137
STU_015232,84.36179826256294
STU_015233,89.35869986856085
STU_015234,74.15043735192344
STU_015235,71.96590916637652
STU_015236,95.21258873194414
STU_015237,83.99670981643172
STU_015238,80.25908231447312
STU_015239,93.93968514747311
STU_015240,70.3377161259621
STU_015241,49.52194643955269
STU_015242,51.6355478392018
STU_015243,77.66885933347446
STU_015244,79.94743110692849
STU_015245,68.82009447107635
STU_015246,99.08248753275446
STU_015247,82.93572619136803
STU_015248,82.8075548855688
STU_015249,69.7739052397566
STU_015250,90.06108704249893
STU_015251,70.42009793967529
STU_015252,91.72630598247852
STU_015253,88.90345795205232
STU_015254,95.90838363231063
STU_015255,66.30268886248753
STU_015256,61.48657225296615
STU_015257,75.067793364011
STU_015258,91.03126210912136
STU_015259,83.59389637741582
STU_015260,92.17859879436202
STU_015261,80.58283565621845
STU_015262,86.64250768520914
STU_015263,89.13862746433087
STU_015264,83.30910232037326
STU_015265,94.99947610163426
STU_015266,73.72786281507905
STU_015267,76.94496234280197
STU_015268,62.10777032458061
STU_015269,65.45630216544703
STU_015270,74.03219810120686
STU_015271,78.64328039599545
STU_015272,67.50323984934923
STU_015273,88.39773610379916
STU_015274,77.02351056286142
STU_015275,51.86406890110188
STU_015276,61.73583058946629
STU_015277,72.66537994633819
STU_015278,97.16712470252261
STU_015279,52.30562601295797
STU_015280,85.03329805946652
STU_015281,98.24559685937744
STU_015282,89.00185476271216
STU_015283,84.26259906138341
STU_015284,81.07792503017474
STU_015285,45.86204467884332
STU_015286,87.11058688708428
STU_015287,74.71119851751322
STU_015288,78.98337249506201
STU_015289,66.55850893188324
STU_015290,79.39205978718203
STU_015291,76.92089458287164
STU_015292,72.18343848449179
STU_015293,62.575923448478505
STU_015294,80.01796420496458
STU_015295,77.91815659693899
STU_015296,70.62107512728912
STU_015297,84.70074013420815
STU_015298,92.67250768516202
STU_015299,72.68512451828835
STU_015300,85.41746008428154
STU_015301,77.29161526192706
STU_015302,80.1352259194018
STU_015303,68.29724534234222
STU_015304,60.01250655165252
STU_015305,74.9318854733136
STU_015306,82.01877059394403
STU_015307,97.74281670202912
STU_015308,59.895650395889035
STU_015309,77.22888141610161
STU_015310,81.9335772202086
STU_015311,68.25514373656075
STU_015312,77.56647001279208
STU_015313,64.4476321441792
STU_015314,87.38723870319879
STU_015315,77.81681295541316
STU_015316,92.29236191114235
STU_015317,73.70815520026323
STU_015318,82.50205456108098
STU_015319,72.35055267383572
STU_015320,77.54906893351918
STU_015321,63.358228443849654
STU_015322,92.92491676935562
STU_015323,84.01355106309836
STU_015324,75.67521500259744
STU_015325,79.86888660438939
STU_015326,64.6134033579081
STU_015327,81.31419369411255
STU_015328,70.71564280333702
STU_015329,68.533008882642
STU_015330,76.91601507537574
STU_015331,67.16810648591257
STU_015332,97.59852169145904
STU_015333,70.03673107482591
STU_015334,82.95768731418553
STU_015335,90.93221809477039
STU_015336,87.180065395455
STU_015337,71.52942585563467
STU_015338,65.17693929293893
STU_015339,67.83991699744553
STU_015340,89.72400675303435
STU_015341,78.71023296553238
STU_015342,100.0
STU_015343,86.96163575322156
STU_015344,96.58500978348394
STU_015345,99.83800951721776
STU_015346,82.74075461455281
STU_015347,91.57899721473431
STU_015348,76.9724484925117
STU_015349,79.18990163919284
STU_015350,87.42353949275426
STU_015351,100.0
STU_015352,85.02609420737188
STU_015353,75.66660843342945
STU_015354,63.77403295840297
STU_015355,57.45345792255157
STU_015356,66.02028596131476
STU_015357,70.57601532102099
STU_015358,77.84527242374645
STU_015359,85.71518973350388
STU_015360,87.54551744452161
STU_015361,84.60675755744371
STU_015362,75.54944195536494
STU_015363,79.2615278882996
STU_015364,88.52933051414122
STU_015365,76.11235145927937
STU_015366,95.31768825535916
STU_015367,82.47532132143556
STU_015368,75.293156791182
STU_015369,96.2791809524525
STU_015370,92.51529931387631
STU_015371,60.13447309938748
STU_015372,64.601598787991
STU_015373,86.78209122471297
STU_015374,85.18995556317978
STU_015375,69.79903055154807
STU_015376,77.19573508605482
STU_015377,86.35375327674917
STU_015378,70.3191920328314
STU_015379,97.16046556612935
STU_015380,88.82685970330007
STU_015381,90.34334743641412
STU_015382,86.37748657316631
STU_015383,62.51257268003962
STU_015384,78.58954940109176
STU_015385,63.94929741292886
STU_015386,78.87062240978072
STU_015387,70.26143364336406
STU_015388,77.27282721089531
STU_015389,100.0
STU_015390,52.7993396129969
STU_015391,83.48400864119492
STU_015392,90.47591955998422
STU_015393,90.55337651383323
STU_015394,75.02042098932651
STU_015395,80.45520420921217
STU_015396,73.5682590345996
STU_015397,94.22167850862147
STU_015398,71.24698213916601
STU_015399,96.42437239234397
STU_015400,90.2421632664099
STU_015401,89.501895937341
STU_015402,78.19019974803753
STU_015403,60.419644679106575
STU_015404,81.99562017921758
STU_015405,82.68835557017046
STU_015406,84.66958986742962
STU_015407,83.64388003862082
STU_015408,42.244745538345654
STU_015409,78.48960553659639
STU_015410,67.89631550335557
STU_015411,73.32892306912692
STU_015412,75.17718983760514
STU_015413,79.9083652951249
STU_015414,69.78719284493211
STU_015415,66.4475763849263
STU_015416,87.19613818252968
STU_015417,61.201963227191214
STU_015418,84.20683722757691
STU_015419,59.50982117543066
STU_015420,67.95581766504203
STU_015421,91.97099020117767
STU_015422,79.20838654053749
STU_015423,83.91023451015064
STU_015424,99.88217163023147
STU_015425,89.2202991739654
STU_015426,68.8465223790711
STU_015427,62.375035202712006
STU_015428,77.29427268992595
STU_015429,78.45756804319602
STU_015430,46.82214937460357
STU_015431,67.55564339045372
STU_015432,82.63602819039886
STU_015433,71.41760690696916
STU_015434,65.7372087929164
STU_015435,65.07715124645598
STU_015436,79.26061871520677
STU_015437,76.59979349022508
STU_015438,90.48815202243338
STU_015439,74.33688939696644
STU_015440,77.05352273605314
STU_015441,68.16268794308606
STU_015442,87.30264341767536
STU_015443,63.967533068002965
STU_015444,75.20490091412805
STU_015445,68.06491575881768
STU_015446,71.79567135376853
STU_015447,57.03248349387596
STU_015448,48.759542553784584
STU_015449,77.77083498410998
STU_015450,88.16244643616453
STU_015451,79.35840713404374
STU_015452,82.60271203375837
STU_015453,91.91953083983249
STU_015454,80.6256486484804
STU_015455,59.06079339571126
STU_015456,80.24684170277214
STU_015457,69.07339789697032
STU_015458,71.95020493643503
STU_015459,52.38732405704303
STU_015460,100.0
STU_015461,96.28557019088036
STU_015462,72.71261499845471
STU_015463,81.89572959082533
STU_015464,62.77975921914077
STU_015465,51.799473617978684
STU_015466,92.95483552923453
STU_015467,87.06386670740342
STU_015468,63.46051348037066
STU_015469,67.65957654315544
STU_015470,91.99837583800274
STU_015471,72.26660413070216
STU_015472,91.57792425551321
STU_015473,90.86533310388732
STU_015474,94.35567379499261
STU_015475,77.65076765626651
STU_015476,77.69817018528717
STU_015477,60.58452162283301
STU_015478,61.343782079240434
STU_015479,92.80535826298697
STU_015480,65.4997438900674
STU_015481,84.01461723497229
STU_015482,67.50860393659259
STU_015483,91.31990770018969
STU_015484,68.88095688769336
STU_015485,68.04312270392576
STU_015486,76.59123885730267
STU_015487,70.7603272272739
STU_015488,76.2358399374572
STU_015489,85.23660951255941
STU_015490,88.84063104463996
STU_015491,76.55104507779957
STU_015492,60.35639864571611
STU_015493,69.2540429849776
STU_015494,66.56851412453325
STU_015495,84.79480610075268
STU_015496,67.30167261909969
STU_015497,59.24175722292412
STU_015498,69.80390743962037
STU_015499,45.21996877930396
STU_015500,75.8415154078327
STU_015501,86.51287418875964
STU_015502,57.64234953694188
STU_015503,87.37721297112516
STU_015504,82.4096469293609
STU_015505,73.57844351956629
STU_015506,74.76502151922314
STU_015507,100.0
STU_015508,99.97883394170272
STU_015509,85.44277363018028
STU_015510,84.5515351212762
STU_015511,88.76567825155026
STU_015512,81.15608433366369
STU_015513,82.18262368923958
STU_015514,83.32270090418854
STU_015515,77.04958810092513
STU_015516,75.07759077490482
STU_015517,95.73683652499678
STU_015518,73.35158802654311
STU_015519,59.07889863293496
STU_015520,81.8095480484123
STU_015521,84.45959681783438
STU_015522,66.7146778748324
STU_015523,70.33615682765598
STU_015524,39.07935484596262
STU_015525,79.4544776157597
STU_015526,78.56900098266125
STU_015527,69.33551262354577
STU_015528,71.03296250063208
STU_015529,86.18077200651038
STU_015530,87.17187998385347
STU_015531,85.84229907489234
STU_015532,78.26995020472434
STU_015533,60.85030586317012
STU_015534,90.39454953857587
STU_015535,79.93391195746682
STU_015536,82.90307651507877
STU_015537,71.41829623232428
STU_015538,89.54169631328129
STU_015539,69.65707337258716
STU_015540,68.39877611029821
STU_015541,73.47871347132187
STU_015542,87.86293744682742
STU_015543,79.13749147403331
STU_015544,93.254746586454
STU_015545,73.7636933070369
STU_015546,75.2380656259061
STU_015547,60.9160015181658
STU_015548,61.003786698406756
STU_015549,93.36003607130816
STU_015550,91.180226012415
STU_015551,77.5299201711946
STU_015552,70.63065115241369
STU_015553,51.44405273637204
STU_015554,80.18153251238762
STU_015555,74.47593673354139
STU_015556,91.6283942158057
STU_015557,77.05104545929966
STU_015558,89.83724259603551
STU_015559,84.1144131241019
STU_015560,82.18046627899176
STU_015561,87.28087013676175
STU_015562,82.31482484541986
STU_015563,68.93110774349718
STU_015564,73.54684154018992
STU_015565,67.95992637331759
STU_015566,68.99693030797059
STU_015567,75.82732314479686
STU_015568,74.45720488575672
STU_015569,75.748902265486
STU_015570,96.27785645312832
STU_015571,68.02291114162135
STU_015572,76.00739446698246
STU_015573,84.1597629865496
STU_015574,64.53661644422219
STU_015575,73.07302688995192
STU_015576,73.07331442596544
STU_015577,71.7663393933928
STU_015578,80.97135697941275
STU_015579,76.27182571573654
STU_015580,73.80270880002911
STU_015581,81.38882321397422
STU_015582,80.55263809820156
STU_015583,93.97415739976461
STU_015584,84.26674757274753
STU_015585,87.07161993376064
STU_015586,90.00338273006545
STU_015587,62.36714711644524
STU_015588,78.06993300680921
STU_015589,80.807203769197
STU_015590,65.25713626046135
STU_015591,66.45125464070676
STU_015592,88.44150109869345
STU_015593,65.90189351251759
STU_015594,94.06467923342596
STU_015595,96.25675836440372
STU_015596,78.28343962137366
STU_015597,90.29894997397966
STU_015598,80.01732188567685
STU_015599,53.66109958410784
STU_015600,67.25262817424023
STU_015601,52.74124091556229
STU_015602,67.18887728330495
STU_015603,78.70769820635866
STU_015604,81.37766027444098
STU_015605,66.64713710539168
STU_015606,77.17013228411204
STU_015607,68.23565347322267
STU_015608,70.46355277749387
STU_015609,73.27606955092045
STU_015610,69.10635948761086
STU_015611,82.41724154709253
STU_015612,83.76630223080517
STU_015613,93.875725194196
STU_015614,68.80745143536477
STU_015615,69.99863828297342
STU_015616,79.40961109637385
STU_015617,69.9152340422753
STU_015618,85.33232982498534
STU_015619,60.669692233865625
STU_015620,74.40109366734013
STU_015621,70.66245685502803
STU_015622,75.6370448636944
STU_015623,91.20111169588039
STU_015624,79.45851041475994
STU_015625,82.17647115902417
STU_015626,60.791645572410744
STU_015627,100.0
STU_015628,77.16135733904258
STU_015629,76.34617534964433
STU_015630,71.65859542819032
STU_015631,67.54279589179139
STU_015632,88.5644654905517
STU_015633,86.51551392417858
STU_015634,72.43707811074108
STU_015635,95.32954842336574
STU_015636,71.79882028022924
STU_015637,55.15837236230638
STU_015638,72.5057038974991
STU_015639,93.25668926592154
STU_015640,71.38092690636374
STU_015641,64.05084621999987
STU_015642,98.86497777480656
STU_015643,84.94523951734121
STU_015644,94.67826715293386
STU_015645,59.982751979641485
STU_015646,97.59519880128043
STU_015647,73.03825647349115
STU_015648,66.8621687069546
STU_015649,78.90556453764329
STU_015650,69.96317644566214
STU_015651,62.1480360364619
STU_015652,92.30717712594527
STU_015653,73.63404530529989
STU_015654,70.46096518115793
STU_015655,100.0
STU_015656,69.06623235145352
STU_015657,74.18787510385613
STU_015658,69.37470945021424
STU_015659,71.85038957465186
STU_015660,86.99543708166235
STU_015661,48.75930227285424
STU_015662,67.98854954025302
STU_015663,87.66259689942517
STU_015664,56.476271069571816
STU_015665,81.77146347687902
STU_015666,79.74295669031518
STU_015667,95.42189561600199
STU_015668,84.63873669486092
STU_015669,79.70252085137632
STU_015670,65.88581853343739
STU_015671,87.37513738099655
STU_015672,87.7213488944405
STU_015673,81.72668924421926
STU_015674,80.85282617197504
STU_015675,86.52656520297963
STU_015676,57.590468752409954
STU_015677,81.7846570729253
STU_015678,97.88221171639937
STU_015679,75.98671282299858
STU_015680,76.15629534837309
STU_015681,80.74305521774437
STU_015682,85.00191084587172
STU_015683,68.82775276651182
STU_015684,63.9387150667397
STU_015685,82.82166319162344
STU_015686,70.42769785446066
STU_015687,82.8212891681556
STU_015688,81.42927600440775
STU_015689,62.25908793381253
STU_015690,66.68404643390764
STU_015691,94.84174572081763
STU_015692,89.78716676874144
STU_015693,77.19013922932074
STU_015694,98.3157337797922
STU_015695,93.067742457786
STU_015696,56.77204195482532
STU_015697,66.84350520583506
STU_015698,81.83287864031976
STU_015699,92.60176151147691
STU_015700,86.81041338803651
STU_015701,70.64422278449791
STU_015702,87.12423833438997
STU_015703,86.91097459700562
STU_015704,78.11038253882737
STU_015705,79.7252869450719
STU_015706,66.56387324931947
STU_015707,76.52104515389242
STU_015708,59.872756815238446
STU_015709,63.14085726823653
STU_015710,66.22677949575515
STU_015711,78.58140748073072
STU_015712,91.1066553966339
STU_015713,82.93440900853803
STU_015714,72.63110984511256
STU_015715,89.29393384337882
STU_015716,63.32765258423291
STU_015717,61.07023429900303
STU_015718,70.63571594823053
STU_015719,62.962190198542416
STU_015720,59.23458053626871
STU_015721,64.93964407113214
STU_015722,66.49902989715628
STU_015723,76.82673290294636
STU_015724,97.24129979805181
STU_015725,92.17741892769742
STU_015726,78.52120661754068
STU_015727,70.82147690637942
STU_015728,81.03999534089141
STU_015729,93.2705782413773
STU_015730,72.57984566072943
STU_015731,78.91428424642824
STU_015732,63.644602295817755
STU_015733,66.18212463470346
STU_015734,72.05050844426695
STU_015735,57.01702938675902
STU_015736,91.5708191121586
STU_015737,76.16647369257741
STU_015738,64.87527452525559
STU_015739,75.41000829155024
STU_015740,88.44577549954407
STU_015741,64.35890860887945
STU_015742,68.7646368593215
STU_015743,88.001809482818
STU_015744,69.34158450186992
STU_015745,79.56384295395979
STU_015746,69.09051099765797
STU_015747,94.84058535607937
STU_015748,56.966952727443754
STU_015749,88.13501365116359
STU_015750,64.87236448625748
STU_015751,84.60240247357883
STU_015752,73.41623836310468
STU_015753,78.09723666027242
STU_015754,80.6824492090484
STU_015755,91.75034938321262
STU_015756,81.28234568793317
STU_015757,85.59094635722116
STU_015758,100.0
STU_015759,79.5392873854633
STU_015760,65.427410833343
STU_015761,86.74555177936071
STU_015762,70.11388095421228
STU_015763,67.98986267179876
STU_015764,76.78764067209913
STU_015765,82.36448010443425
STU_015766,78.4036536914906
STU_015767,82.27533239361406
STU_015768,79.98478172776588
STU_015769,83.96382009556564
STU_015770,68.43765079007007
STU_015771,90.25891552257791
STU_015772,66.2755134948272
STU_015773,57.63380916946429
STU_015774,99.57867595394724
STU_015775,75.48528249639143
STU_015776,67.30238211650487
STU_015777,73.06992844034616
STU_015778,70.0502579793463
STU_015779,59.47780432117453
STU_015780,82.8882867879214
STU_015781,75.38692867402558
STU_015782,88.47066625095373
STU_015783,67.78184676273594
STU_015784,77.57103035129242
STU_015785,72.82739044342877
STU_015786,74.57545339743572
STU_015787,79.24613231227491
STU_015788,77.84862867308217
STU_015789,54.62695781183871
STU_015790,65.46838650402061
STU_015791,74.58522001252494
STU_015792,79.2373470528424
STU_015793,88.8956536851331
STU_015794,90.1949097678386
STU_015795,68.95949384403973
STU_015796,89.38949194286297
STU_015797,86.90913097253446
STU_015798,90.39536448494775
STU_015799,87.074887561066
STU_015800,68.3148055881633
STU_015801,77.38403732637516
STU_015802,60.53118925345826
STU_015803,70.6612689486466
STU_015804,74.44895690848887
STU_015805,57.355327239433585
STU_015806,93.39561754699237
STU_015807,75.83874588047719
STU_015808,73.61212374171302
STU_015809,58.33954304826944
STU_015810,89.37010135076994
STU_015811,98.08173630681299
STU_015812,87.01061691511593
STU_015813,93.23798042111835
STU_015814,71.2358443126933
STU_015815,63.20107739763472
STU_015816,88.6634136344004
STU_015817,73.35285385235791
STU_015818,72.16575801818001
STU_015819,57.3716494092273
STU_015820,71.04528059879829
STU_015821,75.16064854867726
STU_015822,64.81015712110869
STU_015823,76.3750202698054
STU_015824,83.54837763676124
STU_015825,58.050655147174794
STU_015826,61.337921009278766
STU_015827,66.1866406043868
STU_015828,75.4427682072871
STU_015829,85.25530369984467
STU_015830,91.43748961210333
STU_015831,75.39592883210632
STU_015832,91.43119685889454
STU_015833,92.99468712758275
STU_015834,46.858817504340756
STU_015835,82.12452605917656
STU_015836,82.83079229530733
STU_015837,77.41480737420034
STU_015838,71.31644480222167
STU_015839,87.42596575970656
STU_015840,66.85858954565936
STU_015841,63.28531035194557
STU_015842,87.7038240906036
STU_015843,89.08507482601357
STU_015844,92.85610754954445
STU_015845,68.7131011588967
STU_015846,67.05138765319046
STU_015847,74.56722703870561
STU_015848,84.21445237676848
STU_015849,91.63940675214747
STU_015850,62.04210461940818
STU_015851,72.70255938201856
STU_015852,65.26463897019073
STU_015853,76.87304889339944
STU_015854,91.1370554749546
STU_015855,89.45267117132391
STU_015856,71.967209222824
STU_015857,81.85150730572992
STU_015858,66.53348613668376
STU_015859,75.48205311903484
STU_015860,67.62708720013116
STU_015861,77.57298009231805
STU_015862,69.14757206963282
STU_015863,93.33228068185262
STU_015864,60.72487706431125
STU_015865,60.97182691333359
STU_015866,73.31022747242653
STU_015867,41.981026931236734
STU_015868,70.99919154206003
STU_015869,84.73731631015491
STU_015870,75.28192703125316
STU_015871,78.11242763652486
STU_015872,53.68644293226369
STU_015873,96.52908501736682
STU_015874,77.18225637969803
STU_015875,82.8203134548495
STU_015876,72.81774498615704
STU_015877,92.87601626595335
STU_015878,84.69513669393928
STU_015879,96.05958290238343
STU_015880,81.30870886478216
STU_015881,95.16825224948184
STU_015882,68.39010000970286
STU_015883,78.74906501088084
STU_015884,87.3227211700613
STU_015885,64.63773174355734
STU_015886,93.78191400808392
STU_015887,98.67868360022541
STU_015888,62.50275063290876
STU_015889,89.70507959791931
STU_015890,91.4229490468727
STU_015891,89.21522782114315
STU_015892,63.95306852258286
STU_015893,63.79967918553425
STU_015894,59.217419238284805
STU_015895,61.01780541612341
STU_015896,70.38286603985671
STU_015897,91.3641703796244
STU_015898,76.33185270584079
STU_015899,91.2199406253671
STU_015900,70.91314563862059
STU_015901,70.20577516352958
STU_015902,74.16841692760039
STU_015903,86.25278230635767
STU_015904,78.01487450461025
STU_015905,90.2141973849818
STU_015906,70.13866970742875
STU_015907,100.0
STU_015908,65.18877311225687
STU_015909,78.15056719887106
STU_015910,79.60195160536371
STU_015911,62.534857739408096
STU_015912,74.35706104731264
STU_015913,69.69796245353636
STU_015914,65.36068720395286
STU_015915,85.38064691557501
STU_015916,65.8650839300194
STU_015917,52.55094999806151
STU_015918,78.63127834541638
STU_015919,87.23137497644836
STU_015920,79.84493461811124
STU_015921,90.24439395633831
STU_015922,57.036260073052375
STU_015923,89.99734589381637
STU_015924,77.50656521927942
STU_015925,71.21987542349409
STU_015926,80.87282607884008
STU_015927,73.75852201800194
STU_015928,76.4724654598775
STU_015929,86.48081578053787
STU_015930,57.6899099482179
STU_015931,64.58848466545619
STU_015932,80.67641374609609
STU_015933,79.58016540875511
STU_015934,74.67560961915359
STU_015935,99.775711319203
STU_015936,99.99569481987554
STU_015937,82.37045631460462
STU_015938,82.59392296042742
STU_015939,69.54684251476809
STU_015940,89.24808399510661
STU_015941,71.74126467512687
STU_015942,91.42776438402537
STU_015943,86.54394960826524
STU_015944,99.93881150487124
STU_015945,69.38438820442096
STU_015946,74.69333792191156
STU_015947,71.9846387586356
STU_015948,71.83747849138481
STU_015949,60.7821576240622
STU_015950,95.33316010981378
STU_015951,72.04210338711307
STU_015952,74.26591411310143
STU_015953,68.19828452507689
STU_015954,83.0466878121885
STU_015955,80.70425298453338
STU_015956,76.15545830922957
STU_015957,54.748900422373396
STU_015958,66.96910183652275
STU_015959,85.11935265363792
STU_015960,73.17591650717371
STU_015961,86.97289306066592
STU_015962,85.2615217201094
STU_015963,76.52732319748932
STU_015964,69.2222913498856
STU_015965,83.85960208173215
STU_015966,60.85102486760057
STU_015967,77.16510133736409
STU_015968,81.19932965994316
STU_015969,70.52231179162779
STU_015970,78.03270202852465
STU_015971,73.58348872758945
STU_015972,84.29982874972677
STU_015973,66.5246957805766
STU_015974,89.43003832537248
STU_015975,60.13498586415656
STU_015976,49.012119794359776
STU_015977,62.33324424235907
STU_015978,72.83128433249172
STU_015979,84.41020582199175
STU_015980,88.6627414633493
STU_015981,93.36556123756637
STU_015982,94.14540315265518
STU_015983,84.78012286764688
STU_015984,85.77883051408043
STU_015985,71.77418796360362
STU_015986,44.41789211589735
STU_015987,74.19434740437586
STU_015988,61.98286917767925
STU_015989,74.75703166257269
STU_015990,57.38956049755265
STU_015991,78.02230895910485
STU_015992,53.566366681924954
STU_015993,72.69720802885675
STU_015994,73.42042735744843
STU_015995,96.64208745102857
STU_015996,79.4581964694753
STU_015997,66.00765945229642
STU_015998,82.70519551999159
STU_015999,86.68586417296589
STU_016000,83.18761858665701
STU_016001,85.85929512737877
STU_016002,89.57722368013599
STU_016003,94.0254663048719
STU_016004,88.76513439175162
STU_016005,53.95677129815648
STU_016006,68.47389136727813
STU_016007,77.08904895006862
STU_016008,92.4432965864619
STU_016009,59.71647107087478
STU_016010,73.20116480674318
STU_016011,85.48421774458531
STU_016012,73.11314748494978
STU_016013,68.91859437114962
STU_016014,93.98534675181982
STU_016015,50.35830573267919
STU_016016,94.77389408530505
STU_016017,77.20651759341604
STU_016018,80.59040610311988
STU_016019,74.48512139813309
STU_016020,89.40102781456584
STU_016021,100.0
STU_016022,74.05364409203179
STU_016023,100.0
STU_016024,76.94412261468833
STU_016025,91.04480281666098
STU_016026,64.00558772874726
STU_016027,64.84004510909799
STU_016028,72.05220600364372
STU_016029,77.36814033647703
STU_016030,93.45292743709345
STU_016031,93.21575139716781
STU_016032,89.03198593789166
STU_016033,86.1157156695075
STU_016034,79.8706158899568
STU_016035,69.00080876915395
STU_016036,100.0
STU_016037,78.38873816864344
STU_016038,74.16506738372567
STU_016039,73.02433972484431
STU_016040,93.4151725391732
STU_016041,91.33581934770956
STU_016042,81.11271020654956
STU_016043,83.33237021906066
STU_016044,86.72992280696653
STU_016045,84.84469799455707
STU_016046,65.36363063963934
STU_016047,87.2379726286351
STU_016048,68.02014152534699
STU_016049,74.88556430151273
STU_016050,69.25368859723218
STU_016051,78.83644921357063
STU_016052,91.66654687334442
STU_016053,80.97459553519869
STU_016054,73.46253160002998
STU_016055,78.45474107597603
STU_016056,75.99570670351204
STU_016057,76.85701874204814
STU_016058,77.23766278067035
STU_016059,76.4767133738751
STU_016060,78.89003450072182
STU_016061,58.01234200222697
STU_016062,71.45423261208639
STU_016063,80.55846744323266
STU_016064,65.96718055278208
STU_016065,76.07386772663477
STU_016066,83.6477640015442
STU_016067,66.23516822380945
STU_016068,95.51640446977733
STU_016069,79.37265717405533
STU_016070,76.20400545321132
STU_016071,69.43454047010758
STU_016072,86.34011474491118
STU_016073,78.5107292257168
STU_016074,85.89678446729981
STU_016075,96.49251314855007
STU_016076,63.43321363381845
STU_016077,64.56811747650501
STU_016078,82.11842467155799
STU_016079,85.20717947560031
STU_016080,68.49642908551029
STU_016081,63.781919730424924
STU_016082,86.90144476049223
STU_016083,96.78161513733804
STU_016084,74.7611640373433
STU_016085,58.20240182325129
STU_016086,92.55889672069105
STU_016087,75.93123549060074
STU_016088,77.97708512694754
STU_016089,84.7676381792625
STU_016090,89.95091790921754
STU_016091,62.15536332988711
STU_016092,67.41699185612943
STU_016093,76.49129078259281
STU_016094,73.1839633500685
STU_016095,77.13000942329185
STU_016096,83.74968773907594
STU_016097,70.23088074508216
STU_016098,62.937571446952944
STU_016099,79.0508434776662
STU_016100,75.17942606213316
STU_016101,64.5178269164838
STU_016102,77.30261632420783
STU_016103,59.6847375405713
STU_016104,81.25954249903161
STU_016105,65.76641552459604
STU_016106,67.44167460821808
STU_016107,73.40950581370231
STU_016108,72.6098412408239
STU_016109,67.7191831043906
STU_016110,66.67763033300119
STU_016111,82.73967773962409
STU_016112,81.4095787832232
STU_016113,63.99618640559973
STU_016114,75.2929318020176
STU_016115,83.96997277935375
STU_016116,93.12232089487455
STU_016117,82.01080844000772
STU_016118,73.20968275183947
STU_016119,83.39597247312541
STU_016120,84.11090031373531
STU_016121,67.91377454413424
STU_016122,73.02044533549693
STU_016123,86.6753729305557
STU_016124,94.32658779915505
STU_016125,90.16957901079105
STU_016126,77.84776565444474
STU_016127,83.2870955563656
STU_016128,92.00390656265216
STU_016129,68.15214728580114
STU_016130,100.0
STU_016131,84.51608378612043
STU_016132,72.65463849828136
STU_016133,77.98594292180812
STU_016134,75.37452932053627
STU_016135,58.35532287072715
STU_016136,91.91626445413108
STU_016137,80.54406430971676
STU_016138,74.61084601143011
STU_016139,94.31066739917833
STU_016140,86.3529418846741
STU_016141,88.7599498210279
STU_016142,78.4646676386605
STU_016143,60.115731450222995
STU_016144,79.47483033463259
STU_016145,77.145630339656
STU_016146,79.4517132270704
STU_016147,84.26800670125456
STU_016148,66.15263191654378
STU_016149,54.823737282628116
STU_016150,88.96413212317367
STU_016151,69.38280576635209
STU_016152,83.34963748715799
STU_016153,70.99112159832342
STU_016154,81.54632506808116
STU_016155,85.06590565106652
STU_016156,65.66346866706185
STU_016157,76.87928841089402
STU_016158,94.92463244260723
STU_016159,68.23052747781135
STU_016160,74.23834332274829
STU_016161,73.92849444977075
STU_016162,92.88811230203375
STU_016163,75.78881871198692
STU_016164,59.980786911688305
STU_016165,95.04325131894731
STU_016166,64.02008334234483
STU_016167,75.1247305925803
STU_016168,85.18485867034128
STU_016169,90.36536860420614
STU_016170,80.8387092400705
STU_016171,76.00182555259471
STU_016172,62.47493847290832
STU_016173,71.99214552774035
STU_016174,61.628724455612414
STU_016175,86.64694620907188
STU_016176,75.86450654458926
STU_016177,84.6752241346386
STU_016178,82.55133201608542
STU_016179,81.90399530975519
STU_016180,60.64017703467752
STU_016181,88.28691386112749
STU_016182,53.14198550489885
STU_016183,77.7414043845774
STU_016184,75.19271675076811
STU_016185,98.10165714228454
STU_016186,53.624616480729756
STU_016187,92.65009543540384
STU_016188,79.22546867364451
STU_016189,82.30333649623641
STU_016190,82.45717050115951
STU_016191,53.655252952871
STU_016192,62.70886728189206
STU_016193,80.05408891901136
STU_016194,87.31307459571033
STU_016195,83.39990885107802
STU_016196,63.59521163404692
STU_016197,90.40175126981377
STU_016198,76.72860997305996
STU_016199,78.060275270271
STU_016200,66.58780864409489
STU_016201,68.26324945575921
STU_016202,63.44500923152497
STU_016203,70.54672302490292
STU_016204,64.9791231794956
STU_016205,59.79752717473677
STU_016206,70.68870034767066
STU_016207,49.98296105954897
STU_016208,72.26286419417002
STU_016209,70.57330183621704
STU_016210,59.9410027091989
STU_016211,72.28153133649587
STU_016212,71.24368368841019
STU_016213,91.57116940192412
STU_016214,62.635696058563
STU_016215,73.526274298905
STU_016216,59.684008269089716
STU_016217,74.10024074342158
STU_016218,97.96689005858343
STU_016219,86.47394858855986
STU_016220,89.01606824365503
STU_016221,68.11560764877115
STU_016222,68.96315892796665
STU_016223,66.61077108734385
STU_016224,94.8598959422768
STU_016225,82.8515966495811
STU_016226,82.10500165498125
STU_016227,76.35033580191646
STU_016228,77.52325659483864
STU_016229,67.91747431580156
STU_016230,65.42520674670209
STU_016231,89.44305912465494
STU_016232,95.47886647231167
STU_016233,58.61560569564517
STU_016234,83.80280460511065
STU_016235,64.14425285366761
STU_016236,74.65176207171515
STU_016237,70.43036798650836
STU_016238,86.13090474584949
STU_016239,64.96782511188864
STU_016240,92.03203204963135
STU_016241,88.20194962252312
STU_016242,75.84051238079833
STU_016243,82.23257866146923
STU_016244,81.13737180937056
STU_016245,76.56627260140131
STU_016246,75.97924616874276
STU_016247,74.16884965769269
STU_016248,74.69825941542469
STU_016249,68.39456663962045
STU_016250,87.85205584167578
STU_016251,54.71291710158872
STU_016252,85.57299200543297
STU_016253,87.7289119709394
STU_016254,83.80556590187685
STU_016255,74.26169922374154
STU_016256,46.65875686344381
STU_016257,82.67702291861858
STU_016258,81.19497009109654
STU_016259,73.43451881751284
STU_016260,73.52242862246575
STU_016261,92.25276221930937
STU_016262,80.0754428967356
STU_016263,56.820224110382554
STU_016264,54.02379097663301
STU_016265,95.50276995192802
STU_016266,86.43369244309201
STU_016267,74.57867414652543
STU_016268,81.57969844124409
STU_016269,94.25781678959893
STU_016270,71.3945229941504
STU_016271,73.04830320736573
STU_016272,85.43705101688386
STU_016273,80.39860515915599
STU_016274,59.60665242176938
STU_016275,76.2165467019462
STU_016276,57.706020421195035
STU_016277,85.77998963828792
STU_016278,79.819292394912
STU_016279,79.03687515968238
STU_016280,78.65332589631147
STU_016281,79.95931904948192
STU_016282,70.51404044328889
STU_016283,73.50064629860428
STU_016284,87.40198479367768
STU_016285,65.04275667159341
STU_016286,61.24582515672305
STU_016287,80.86259164117884
STU_016288,89.72163173075856
STU_016289,78.34349836517609
STU_016290,66.78221633254552
STU_016291,77.0963153072529
STU_016292,73.69972250702091
STU_016293,81.23869776254847
STU_016294,69.12703876184396
STU_016295,87.96387447697195
STU_016296,74.6932292591523
STU_016297,84.44820201526092
STU_016298,52.877841073972135
STU_016299,67.74090961148488
STU_016300,67.1236529295346
STU_016301,63.312837708091536
STU_016302,69.08557021340192
STU_016303,77.02534900557309
STU_016304,79.42244687891383
STU_016305,89.32102508951596
STU_016306,80.83486270601728
STU_016307,71.66469434133911
STU_016308,72.45247709375496
STU_016309,88.5456345249038
STU_016310,79.13480265795164
STU_016311,65.24287593455213
STU_016312,64.84583950216008
STU_016313,97.46807285757875
STU_016314,85.4377797518015
STU_016315,67.23396497329735
STU_016316,92.27414921402251
STU_016317,84.96759418477487
STU_016318,75.44500688694114
STU_016319,67.77239941416119
STU_016320,67.66892122280768
STU_016321,64.8627237265449
STU_016322,91.39841156256811
STU_016323,69.82964772151782
STU_016324,59.15855199710586
STU_016325,75.82296150322257
STU_016326,76.42175196880919
STU_016327,82.5312843365706
STU_016328,71.63720260211085
STU_016329,67.17759965056074
STU_016330,70.21146943803801
STU_016331,81.27347171942138
STU_016332,85.32256499764205
STU_016333,87.98775123962848
STU_016334,65.36855506097636
STU_016335,77.59476172588974
STU_016336,70.62172556307317
STU_016337,64.90396072536466
STU_016338,78.44967634947972
STU_016339,79.23229481119633
STU_016340,86.19891653140978
STU_016341,81.2187375766221
STU_016342,76.04944348635934
STU_016343,71.66206037869948
STU_016344,86.35103495587582
STU_016345,83.41148501675961
STU_016346,80.21465918395808
STU_016347,60.511019411709384
STU_016348,66.07076272693848
STU_016349,86.27529141155571
STU_016350,63.47452348277144
STU_016351,73.64252288887556
STU_016352,81.3891872717708
STU_016353,71.08919555530586
STU_016354,55.839026203208526
STU_016355,75.18583393270475
STU_016356,73.94446677310458
STU_016357,66.1112960742522
STU_016358,78.73618876440328
STU_016359,85.56973505412279
STU_016360,77.61759667883479
STU_016361,74.30602014333024
STU_016362,77.13404596993585
STU_016363,72.42788975101027
STU_016364,71.47444109551074
STU_016365,77.63101458748527
STU_016366,70.52393405436922
STU_016367,77.00134435066573
STU_016368,58.66929496536661
STU_016369,68.13116637755839
STU_016370,50.61631617563661
STU_016371,63.203648459019284
STU_016372,87.73449242853742
STU_016373,83.18745412010698
STU_016374,69.5672648885439
STU_016375,78.92195414809802
STU_016376,89.67314001427783
STU_016377,57.58546510031859
STU_016378,82.33366290565358
STU_016379,64.07747473558602
STU_016380,89.4734756911929
STU_016381,66.40384872771382
STU_016382,77.23358739569368
STU_016383,60.74374610256211
STU_016384,89.05382437952703
STU_016385,90.85421847571283
STU_016386,75.09015127047712
STU_016387,75.89301157791422
STU_016388,67.29219816529258
STU_016389,79.49482155380146
STU_016390,79.9146621084782
STU_016391,99.68280149267926
STU_016392,83.71983095110063
STU_016393,81.31403700487155
STU_016394,95.21502725963167
STU_016395,61.49918620604481
STU_016396,89.25312263966322
STU_016397,67.58362389005548
STU_016398,65.05715404624497
STU_016399,69.7485586597541
STU_016400,84.91169331225177
STU_016401,76.7076520444442
STU_016402,93.63493041563245
STU_016403,64.08017802294468
STU_016404,71.28682971225118
STU_016405,67.76590863151908
STU_016406,66.92758273576256
STU_016407,93.20849264847266
STU_016408,86.48482149349475
STU_016409,54.64364764128973
STU_016410,61.37204553867423
STU_016411,55.74233712958305
STU_016412,50.18329423652485
STU_016413,68.35800887483934
STU_016414,84.67982750578723
STU_016415,85.14496324176274
STU_016416,81.00383403255584
STU_016417,78.3480620405105
STU_016418,99.06913283913248
STU_016419,79.77562014991155
STU_016420,66.71305744026648
STU_016421,63.610131046507036
STU_016422,62.43668907208114
STU_016423,96.96013403807936
STU_016424,72.93673965602925
STU_016425,80.21175472381888
STU_016426,75.6456130155529
STU_016427,76.40243421768535
STU_016428,97.51815571393062
STU_016429,77.35353618489013
STU_016430,86.76872831263964
STU_016431,93.09410476632317
STU_016432,56.139024883916775
STU_016433,60.520111038614914
STU_016434,65.98264595766523
STU_016435,78.8530908162398
STU_016436,95.58258389098776
STU_016437,82.78974372728426
STU_016438,76.74847960981413
STU_016439,80.18226407749594
STU_016440,69.14162379433499
STU_016441,90.90488170139919
STU_016442,91.38919941050457
STU_016443,76.17314622426679
STU_016444,77.80094926312424
STU_016445,76.74615387380904
STU_016446,70.14945942749375
STU_016447,61.653517220929885
STU_016448,69.63091359106915
STU_016449,78.94077205904239
STU_016450,72.4860036132886
STU_016451,86.96552339094517
STU_016452,84.23799272355225
STU_016453,64.733798550573
STU_016454,68.76898639847781
STU_016455,54.463562340745455
STU_016456,70.56705704511343
STU_016457,91.3996973601963
STU_016458,78.32673810042463
STU_016459,81.86323345918835
STU_016460,79.59451507466702
STU_016461,61.16902567168147
STU_016462,85.36624131926132
STU_016463,81.80727558520098
STU_016464,80.124187932364
STU_016465,86.13149671196861
STU_016466,73.5328005662824
STU_016467,80.22292635982221
STU_016468,66.13510388634896
STU_016469,58.021161902382765
STU_016470,80.9941271057931
STU_016471,58.636911922638994
STU_016472,77.63676272214303
STU_016473,75.64409508215083
STU_016474,69.46987591053964
STU_016475,96.55495610372188
STU_016476,93.37634236996983
STU_016477,89.89633792960367
STU_016478,87.62566340658682
STU_016479,64.920104840131
STU_016480,73.5025896719526
STU_016481,76.21971668772869
STU_016482,64.44267656270932
STU_016483,86.5993025727621
STU_016484,70.90849672376764
STU_016485,71.01872577205697
STU_016486,88.01801000167505
STU_016487,72.67782789965518
STU_016488,79.43848468260504
STU_016489,95.90973462896213
STU_016490,71.21105128214496
STU_016491,87.0170153200215
STU_016492,88.63038366094656
STU_016493,88.91118624439595
STU_016494,77.69676801434414
STU_016495,55.013321071918206
STU_016496,84.43641252402283
STU_016497,53.089293616131535
STU_016498,69.06902373562671
STU_016499,75.6821196172373
STU_016500,72.86913990211542
STU_016501,73.70046495212048
STU_016502,77.91216202743536
STU_016503,61.12898683590494
STU_016504,81.2541433864578
STU_016505,93.81141932665619
STU_016506,78.25278897211219
STU_016507,71.2614631694108
STU_016508,87.34776745880475
STU_016509,48.45813906476422
STU_016510,74.01465460666788
STU_016511,67.78074371225725
STU_016512,70.0732582428041
STU_016513,55.790629147620095
STU_016514,86.63031882629726
STU_016515,61.585719397412845
STU_016516,63.28007848532481
STU_016517,76.46830177818791
STU_016518,77.61870285757003
STU_016519,83.55594089345675
STU_016520,61.386379044454955
STU_016521,98.43877666205874
STU_016522,53.98730750946256
STU_016523,72.12527009119457
STU_016524,73.20671265377311
STU_016525,49.73178525920688
STU_016526,100.0
STU_016527,63.14556569597355
STU_016528,74.71089600923143
STU_016529,70.45871205940426
STU_016530,80.7563566592793
STU_016531,93.63205716283632
STU_016532,100.0
STU_016533,79.0062610687979
STU_016534,85.14025289909632
STU_016535,67.80464735901242
STU_016536,82.37483383035428
STU_016537,81.43480711989353
STU_016538,61.261071092177744
STU_016539,75.96071531866
STU_016540,80.84509597127658
STU_016541,96.69510081580077
STU_016542,60.897409819461615
STU_016543,61.55279232362106
STU_016544,84.10549743982223
STU_016545,90.38365645672727
STU_016546,73.01309033724547
STU_016547,100.0
STU_016548,96.60090992447631
STU_016549,87.44645198099904
STU_016550,71.9762125967215
STU_016551,79.14562694000924
STU_016552,87.56216965706611
STU_016553,71.56202564448051
STU_016554,87.14575754196018
STU_016555,71.65316239460874
STU_016556,79.93029474862973
STU_016557,71.47798807343696
STU_016558,73.27314266540917
STU_016559,81.8633385515466
STU_016560,65.71277234082449
STU_016561,83.1117114071519
STU_016562,79.09665730938683
STU_016563,77.66750546148293
STU_016564,69.54578119105042
STU_016565,77.93098194574526
STU_016566,85.43172616671467
STU_016567,72.8481003764055
STU_016568,73.64718502903654
STU_016569,58.41927171513689
STU_016570,69.24206183239649
STU_016571,90.7654368913754
STU_016572,60.585116067988785
STU_016573,58.43645465270372
STU_016574,93.8655174474685
STU_016575,68.5624190523647
STU_016576,81.41840463290147
STU_016577,90.3645103005283
STU_016578,86.10554801094511
STU_016579,85.48743624013377
STU_016580,86.6109246794847
STU_016581,96.75042110118741
STU_016582,69.20153619890013
STU_016583,84.95616069611258
STU_016584,94.49309930805477
STU_016585,89.42560860213094
STU_016586,81.74504878634923
STU_016587,76.50157538467828
STU_016588,76.12530000251029
STU_016589,68.08803074191884
STU_016590,76.3012551849484
STU_016591,54.981594071460506
STU_016592,80.18391080276645
STU_016593,80.0633723379413
STU_016594,44.21061879494412
STU_016595,70.4803429689187
STU_016596,87.87106434056061
STU_016597,61.600674643675376
STU_016598,82.30213230413418
STU_016599,50.08322359967525
STU_016600,50.99836239364635
STU_016601,74.83992213818027
STU_016602,60.00506556741375
STU_016603,59.73720260570776
STU_016604,83.06167591341766
STU_016605,91.75167292368485
STU_016606,73.96054271278247
STU_016607,50.457801334042216
STU_016608,84.63701601206752
STU_016609,78.97292359910529
STU_016610,81.66202107672783
STU_016611,65.71853813668912
STU_016612,93.74024159584616
STU_016613,78.9969616998401
STU_016614,70.60888366514547
STU_016615,93.1575405446001
STU_016616,84.50725675994548
STU_016617,90.36873987094462
STU_016618,76.8559258350793
STU_016619,90.56306234001032
STU_016620,60.69981087973692
STU_016621,83.04212190750626
STU_016622,77.50125568949241
STU_016623,74.99832529644235
STU_016624,90.64090031629095
STU_016625,78.17204426240357
STU_016626,64.60740978992641
STU_016627,98.30034709908612
STU_016628,88.61279906037412
STU_016629,60.45179753535689
STU_016630,73.36260802095543
STU_016631,68.84847274133696
STU_016632,63.06301927647565
STU_016633,75.34395247758874
STU_016634,65.62502805348598
STU_016635,88.75637361297973
STU_016636,82.84963518316007
STU_016637,69.3643578975915
STU_016638,73.84879690318112
STU_016639,63.64808963921967
STU_016640,99.32634690603643
STU_016641,81.73462190220401
STU_016642,55.64155013053204
STU_016643,70.71851485864562
STU_016644,76.26092299207188
STU_016645,82.10208873139459
STU_016646,83.79297527026603
STU_016647,68.69774342344611
STU_016648,80.70832260635947
STU_016649,86.93278646982351
STU_016650,88.45888185504286
STU_016651,83.33420135852846
STU_016652,86.23708159933086
STU_016653,83.46391330970364
STU_016654,92.02300880974535
STU_016655,73.34136305098839
STU_016656,79.36606684829806
STU_016657,83.31206317577218
STU_016658,91.27104233149126
STU_016659,79.51507058619927
STU_016660,93.12093258963684
STU_016661,68.68997126507597
STU_016662,73.09748525179504
STU_016663,85.44530555205931
STU_016664,69.69078471735622
STU_016665,76.810565028578
STU_016666,73.1408160545152
STU_016667,71.29821004770147
STU_016668,92.22306705782717
STU_016669,69.18697060707086
STU_016670,82.82144004593947
STU_016671,97.20116770952828
STU_016672,84.74311052332874
STU_016673,67.61264665001013
STU_016674,82.49252195372503
STU_016675,73.57578476078629
STU_016676,100.0
STU_016677,93.08615659728295
STU_016678,88.55846565442447
STU_016679,90.79458259168105
STU_016680,60.632728232730216
STU_016681,91.70475241588359
STU_016682,81.60788066580712
STU_016683,77.47473832766903
STU_016684,67.58557651913912
STU_016685,78.56469337732972
STU_016686,70.55094059649245
STU_016687,95.5036016041877
STU_016688,59.53878121292067
STU_016689,71.14603939119797
STU_016690,60.06150848393969
STU_016691,79.75833199400732
STU_016692,75.61447291566951
STU_016693,73.8891295972411
STU_016694,83.49809383201568
STU_016695,79.05925439330959
STU_016696,75.11216137712668
STU_016697,74.06744079381568
STU_016698,85.9980547862514
STU_016699,69.403080823343
STU_016700,75.8672111093373
STU_016701,76.7633245593443
STU_016702,83.04984983859248
STU_016703,88.07923346111895
STU_016704,83.74039305718979
STU_016705,84.00289239275031
STU_016706,75.63113182882219
STU_016707,81.25714121076841
STU_016708,85.29033352458097
STU_016709,47.8859145817129
STU_016710,76.39729304012035
STU_016711,63.85327236983255
STU_016712,52.11217087493344
STU_016713,91.56987913443339
STU_016714,94.74764746304064
STU_016715,65.6704925703408
STU_016716,67.97204743149142
STU_016717,87.11886568875823
STU_016718,56.63228103047563
STU_016719,87.39955212777694
STU_016720,92.62194094615334
STU_016721,76.7824714870883
STU_016722,76.33105663750898
STU_016723,70.57207663982014
STU_016724,75.96714757057235
STU_016725,69.5235464167135
STU_016726,63.312489899651915
STU_016727,73.45251044394008
STU_016728,60.083658877006584
STU_016729,78.49937862103661
STU_016730,83.2180202011635
STU_016731,65.42364904310102
STU_016732,84.42789928049588
STU_016733,85.11817211274888
STU_016734,63.74348735871059
STU_016735,79.68354527452239
STU_016736,61.76725186499087
STU_016737,70.27292824850623
STU_016738,75.76036590200144
STU_016739,84.36210128027597
STU_016740,70.83822490766083
STU_016741,76.86445094788272
STU_016742,90.095065306732
STU_016743,78.00405854545251
STU_016744,65.74715776733593
STU_016745,65.5926977238995
STU_016746,56.5063299547793
STU_016747,81.74554360217455
STU_016748,81.09201711426314
STU_016749,54.85827320350693
STU_016750,88.01724808287165
STU_016751,87.10620446007414
STU_016752,62.07264142678456
STU_016753,76.12501209493367
STU_016754,100.0
STU_016755,76.73196485975362
STU_016756,79.74400323682596
STU_016757,84.845633755936
STU_016758,61.78411445533683
STU_016759,97.65353800353276
STU_016760,72.0553612531976
STU_016761,76.44414632434834
STU_016762,73.40144080010576
STU_016763,81.62185547310563
STU_016764,67.93564083532556
STU_016765,83.60893401872491
STU_016766,93.15778908071614
STU_016767,81.81543396894926
STU_016768,87.57578758978146
STU_016769,55.3235453391976
STU_016770,54.71559988415895
STU_016771,64.55075658048516
STU_016772,90.26301455923254
STU_016773,71.62293357080515
STU_016774,83.05000106038749
STU_016775,74.47914932838239
STU_016776,90.81174424412205
STU_016777,54.9662569299917
STU_016778,79.3052308745183
STU_016779,71.8926717690922
STU_016780,79.89751028201201
STU_016781,51.563057225993475
STU_016782,83.91650339191074
STU_016783,71.46523103608334
STU_016784,92.57874770850913
STU_016785,90.66019365011286
STU_016786,71.96294719965262
STU_016787,71.06435974909942
STU_016788,91.83773739387115
STU_016789,76.68878746639245
STU_016790,81.24262313447375
STU_016791,71.33833037860143
STU_016792,74.31972592358942
STU_016793,81.0806029137765
STU_016794,77.84444173203728
STU_016795,78.64485778227804
STU_016796,86.47261426639899
STU_016797,67.54677141756567
STU_016798,76.56787382901742
STU_016799,91.72671508694322
STU_016800,63.98220142711163
STU_016801,61.75943986644519
STU_016802,65.92557160047761
STU_016803,88.18535164548601
STU_016804,89.22138066394893
STU_016805,57.294656120757466
STU_016806,77.52472783497767
STU_016807,75.26194012639647
STU_016808,84.51340370428825
STU_016809,84.3053045486574
STU_016810,54.93043721163914
STU_016811,74.56949786407247
STU_016812,71.94291120471921
STU_016813,77.31020179120227
STU_016814,87.83548622350627
STU_016815,72.3386890113371
STU_016816,71.26567670374091
STU_016817,97.80177839344773
STU_016818,56.21839658664324
STU_016819,84.96283518636533
STU_016820,81.7498262909442
STU_016821,81.29197860014362
STU_016822,77.22788273290017
STU_016823,100.0
STU_016824,81.42322526670252
STU_016825,80.35414039432975
STU_016826,72.18129333820559
STU_016827,77.71338967516884
STU_016828,78.46586089907699
STU_016829,79.67925855809614
STU_016830,74.69867633162727
STU_016831,85.28138872069171
STU_016832,76.90217646281104
STU_016833,64.89084512624291
STU_016834,84.82544846292484
STU_016835,77.4548587581293
STU_016836,84.55888098352703
STU_016837,95.94883070291056
STU_016838,90.05499316187753
STU_016839,72.24346662200293
STU_016840,81.95144930421701
STU_016841,94.956373289849
STU_016842,72.6511471566434
STU_016843,71.24759845737262
STU_016844,86.05331516953021
STU_016845,70.81603815051547
STU_016846,69.06544779879484
STU_016847,77.3175409877067
STU_016848,61.40430607337453
STU_016849,70.16198202637065
STU_016850,74.47064115494001
STU_016851,67.69372286534715
STU_016852,86.821986732746
STU_016853,85.98173005764737
STU_016854,89.4908089377279
STU_016855,77.65048957408587
STU_016856,93.7367895131191
STU_016857,69.6928019066311
STU_016858,58.65346884294633
STU_016859,100.0
STU_016860,95.1268085740539
STU_016861,76.11762324026253
STU_016862,91.19563877190647
STU_016863,97.81101539093402
STU_016864,54.06334345399195
STU_016865,85.0585856798774
STU_016866,68.11042484117468
STU_016867,90.59389301812492
STU_016868,75.92392075699316
STU_016869,88.76718409969224
STU_016870,64.35452571398704
STU_016871,65.80216771290249
STU_016872,79.97130971952402
STU_016873,91.2875415570251
STU_016874,72.20125104729127
STU_016875,84.74324088747764
STU_016876,68.84100132063612
STU_016877,100.0
STU_016878,60.91974499636785
STU_016879,90.01135185162109
STU_016880,88.17750370497413
STU_016881,67.20389354366708
STU_016882,74.00729178629732
STU_016883,87.78965972928654
STU_016884,69.93536338566966
STU_016885,90.3344493673486
STU_016886,84.46425556916797
STU_016887,70.24266114596875
STU_016888,84.66118649701015
STU_016889,73.68145255889286
STU_016890,73.65458254470532
STU_016891,71.68065426911429
STU_016892,82.7048852044963
STU_016893,66.76777052422943
STU_016894,82.19429355347224
STU_016895,70.64271893636271
STU_016896,65.48093774736549
STU_016897,59.226839553871656
STU_016898,98.6467746427964
STU_016899,78.2658520533242
STU_016900,96.766220051735
STU_016901,77.47055022098675
STU_016902,92.01148990538624
STU_016903,77.18811943339742
STU_016904,85.76080499355359
STU_016905,84.08794957144795
STU_016906,70.82632967780413
STU_016907,83.12369191088436
STU_016908,66.16247176174153
STU_016909,85.91449418180837
STU_016910,72.82215326974907
STU_016911,72.45422182163671
STU_016912,70.32932424910202
STU_016913,65.27234984350217
STU_016914,89.43099612695885
STU_016915,88.69324452838008
STU_016916,77.85216888954002
STU_016917,80.770944760738
STU_016918,52.349348175184815
STU_016919,70.06162039617683
STU_016920,72.445114512939
STU_016921,77.41045275868485
STU_016922,71.37727396616803
STU_016923,89.04474947263128
STU_016924,55.24165240706408
STU_016925,79.42151578786653
STU_016926,73.81449254623678
STU_016927,64.48570285557975
STU_016928,73.72224531616112
STU_016929,66.85026608498931
STU_016930,93.4483188968509
STU_016931,53.02920161229665
STU_016932,82.00124968367672
STU_016933,84.19062353010462
STU_016934,67.86810430033015
STU_016935,72.85737675289877
STU_016936,64.26604586349603
STU_016937,71.35644253543848
STU_016938,87.84931064758395
STU_016939,92.75823207391811
STU_016940,87.54133523151899
STU_016941,66.51259742420207
STU_016942,78.50426190524747
STU_016943,75.95819598454588
STU_016944,79.90308876788217
STU_016945,88.78095971513046
STU_016946,84.33816735170817
STU_016947,76.0436654832126
STU_016948,74.96506731983084
STU_016949,65.98199939376629
STU_016950,70.5369180226677
STU_016951,95.42467060068637
STU_016952,62.56801301681095
STU_016953,68.701553477943
STU_016954,72.16060102166675
STU_016955,86.6083955151679
STU_016956,88.42653634144183
STU_016957,68.47842515500415
STU_016958,74.31234290410006
STU_016959,97.88436048328566
STU_016960,83.66029480845278
STU_016961,69.22946946668569
STU_016962,80.72186382263381
STU_016963,94.91803479544892
STU_016964,86.35204376560493
STU_016965,87.63702886500882
STU_016966,76.6181231316932
STU_016967,87.6540185744885
STU_016968,92.80264557142648
STU_016969,65.67440651953606
STU_016970,77.55061371122025
STU_016971,66.49752255380979
STU_016972,91.12874243358992
STU_016973,73.78716673847147
STU_016974,78.93914379953067
STU_016975,63.25859546104227
STU_016976,69.28261149598458
STU_016977,86.32828868085463
STU_016978,71.04353796410435
STU_016979,62.52098948092632
STU_016980,84.06564411024613
STU_016981,67.02976995393996
STU_016982,76.66576184307183
STU_016983,67.84936610300888
STU_016984,70.16171171840854
STU_016985,99.12838760916671
STU_016986,87.01036472202699
STU_016987,83.68244688675658
STU_016988,74.55347254745386
STU_016989,86.04249690096614
STU_016990,76.1540568361481
STU_016991,64.80607618399209
STU_016992,80.65310712906644
STU_016993,74.11836970463133
STU_016994,63.858712249675634
STU_016995,67.33569802783504
STU_016996,92.8689856972483
STU_016997,85.07535323465382
STU_016998,90.16703288389014
STU_016999,99.06424258268362
STU_017000,87.27577846306484
STU_017001,83.53404437151325
STU_017002,93.68516349009283
STU_017003,93.13526811590246
STU_017004,66.61392497979298
STU_017005,81.09990401451503
STU_017006,84.06105211630944
STU_017007,75.54242853702794
STU_017008,79.27114561375116
STU_017009,85.51383065060544
STU_017010,72.55178530168611
STU_017011,55.99086121229697
STU_017012,57.6980638222618
STU_017013,96.75883206641117
STU_017014,80.8806311398754
STU_017015,80.37881359846216
STU_017016,87.6873196052417
STU_017017,66.83928675398775
STU_017018,75.18965101984719
STU_017019,57.86426315119762
STU_017020,70.23411045323738
STU_017021,80.6541532769277
STU_017022,72.10237692374182
STU_017023,59.7961802545907
STU_017024,61.090616959850216
STU_017025,63.646108319910766
STU_017026,81.33560308352045
STU_017027,82.12329388768958
STU_017028,76.24324349347916
STU_017029,87.13356072275042
STU_017030,87.90887958747246
STU_017031,57.897626363695665
STU_017032,89.11907353348747
STU_017033,85.7445657815179
STU_017034,77.19550069335872
STU_017035,72.53370595176163
STU_017036,89.44862879974242
STU_017037,91.89739521025999
STU_017038,94.90902336275506
STU_017039,88.02538840808836
STU_017040,99.9971255462643
STU_017041,63.116087277402784
STU_017042,83.84919163635632
STU_017043,75.7994283088968
STU_017044,95.03676036829579
STU_017045,85.70698205814402
STU_017046,81.99591139513228
STU_017047,98.33905751458927
STU_017048,69.4356144980608
STU_017049,86.11107767036941
STU_017050,68.71994172125194
STU_017051,78.09965571316553
STU_017052,90.3704714938512
STU_017053,79.73408268662911
STU_017054,87.92501266270435
STU_017055,82.94932149707822
STU_017056,80.62576180270963
STU_017057,95.55468978584805
STU_017058,81.76370726829876
STU_017059,63.53371102278125
STU_017060,66.80067774760937
STU_017061,89.74804937399695
STU_017062,65.23415824226223
STU_017063,80.53122135355156
STU_017064,67.6823402827554
STU_017065,95.10094453746846
STU_017066,68.38352141311502
STU_017067,92.62030317070838
STU_017068,73.26004548493367
STU_017069,84.92875717057512
STU_017070,81.34148803487442
STU_017071,80.77158654873624
STU_017072,73.69949050960817
STU_017073,91.23754175994833
STU_017074,86.32022343137746
STU_017075,92.72048308277108
STU_017076,56.76973049660894
STU_017077,87.76434882122575
STU_017078,69.99581122621741
STU_017079,63.56539774928322
STU_017080,60.014199233169535
STU_017081,73.89013613739742
STU_017082,83.96087102945776
STU_017083,67.71476613985568
STU_017084,57.13657234395117
STU_017085,67.47395395121585
STU_017086,90.81317964018366
STU_017087,70.69146092088629
STU_017088,90.22689605878618
STU_017089,68.91065512827987
STU_017090,86.89714597997515
STU_017091,68.93956695893071
STU_017092,89.98672954705386
STU_017093,57.8501540103428
STU_017094,79.99318957943348
STU_017095,55.8589567110031
STU_017096,62.839911953576866
STU_017097,59.56963530155795
STU_017098,49.402569905274134
STU_017099,75.96565933980023
STU_017100,84.05235119812552
STU_017101,79.2156445635121
STU_017102,79.24802029467924
STU_017103,78.95979202221005
STU_017104,82.44380216148912
STU_017105,74.00701798272513
STU_017106,69.48503066515748
STU_017107,50.53484878853217
STU_017108,81.94795518153894
STU_017109,73.61487471810453
STU_017110,69.61384280564582
STU_017111,85.08543139235326
STU_017112,87.2241648518885
STU_017113,62.24919213024563
STU_017114,77.66932075834737
STU_017115,78.96035620945146
STU_017116,97.32904471168743
STU_017117,51.353811195185315
STU_017118,84.35643681972422
STU_017119,82.11777292562493
STU_017120,86.53329952155514
STU_017121,73.61975116292056
STU_017122,99.15493457437424
STU_017123,69.27177283859982
STU_017124,72.85679958088384
STU_017125,74.09964662944697
STU_017126,82.31379795410204
STU_017127,62.65026952931753
STU_017128,70.60835872497762
STU_017129,66.26315930880219
STU_017130,74.49939351166597
STU_017131,72.95076916389273
STU_017132,75.59434552741514
STU_017133,77.28793526127096
STU_017134,92.7919831014563
STU_017135,62.068053497384604
STU_017136,83.0266900975216
STU_017137,65.54058915305691
STU_017138,77.84910613126807
STU_017139,88.98467139780249
STU_017140,80.12016288221572
STU_017141,85.0374636007357
STU_017142,91.5147998701378
STU_017143,54.973732827784815
STU_017144,89.10220641126006
STU_017145,89.56102675644327
STU_017146,95.87081839386052
STU_017147,99.85490494778314
STU_017148,73.82768028612178
STU_017149,75.93932498961523
STU_017150,60.43259482050595
STU_017151,76.40850827658329
STU_017152,74.56026743932381
STU_017153,79.20399790296158
STU_017154,77.64482025704092
STU_017155,58.83357473266361
STU_017156,60.19084548546097
STU_017157,73.2953329618571
STU_017158,86.20572280631917
STU_017159,67.77001122927742
STU_017160,64.3056138704117
STU_017161,79.49759982422358
STU_017162,76.47986816082805
STU_017163,80.15219999842247
STU_017164,91.38542464882322
STU_017165,67.14480767776831
STU_017166,73.11683928579609
STU_017167,64.69509680698157
STU_017168,81.01385483737093
STU_017169,85.81742657137988
STU_017170,88.50234632211674
STU_017171,91.36847283244538
STU_017172,74.03365659020706
STU_017173,61.31911226821834
STU_017174,67.49993909305286
STU_017175,98.54633181693538
STU_017176,84.11587792400078
STU_017177,73.21973526489192
STU_017178,84.44460606159997
STU_017179,80.82204181856254
STU_017180,73.1391636790027
STU_017181,87.34736663466467
STU_017182,71.99004665676485
STU_017183,97.66891759758437
STU_017184,85.66067045928284
STU_017185,95.280653795022
STU_017186,69.1275054385207
STU_017187,85.53996579721482
STU_017188,77.87398140088192
STU_017189,56.624497568295034
STU_017190,83.96006897701648
STU_017191,70.63773313394965
STU_017192,64.26396595150074
STU_017193,61.480592404523364
STU_017194,82.34854381665116
STU_017195,74.13080227235687
STU_017196,78.7248373098556
STU_017197,79.8374978933661
STU_017198,74.1397582977464
STU_017199,75.11858608256296
STU_017200,71.83213382735848
STU_017201,71.33041670904166
STU_017202,85.81071555366309
STU_017203,78.41320643703514
STU_017204,67.19452541510663
STU_017205,86.57565263826147
STU_017206,76.22173944573224
STU_017207,92.2586951642812
STU_017208,65.83292737872057
STU_017209,61.60453850056422
STU_017210,42.174082044764596
STU_017211,87.41312436054153
STU_017212,92.00729714397758
STU_017213,90.84113665513972
STU_017214,83.80260305132511
STU_017215,64.1684601915203
STU_017216,66.77905008905364
STU_017217,100.0
STU_017218,73.00881516440754
STU_017219,88.72738310372809
STU_017220,79.66933388870578
STU_017221,70.69044545182827
STU_017222,69.14761874442881
STU_017223,76.10344471727254
STU_017224,83.72134852008259
STU_017225,91.67880744352192
STU_017226,78.80470440818624
STU_017227,72.0622113936544
STU_017228,84.25912823262802
STU_017229,67.75309845110583
STU_017230,92.54729494025138
STU_017231,72.67311118499246
STU_017232,74.69059368177028
STU_017233,74.32571184168131
STU_017234,89.50490965783618
STU_017235,77.54363231724994
STU_017236,61.74996656664183
STU_017237,91.78592410466757
STU_017238,79.13974175199681
STU_017239,52.700953044389465
STU_017240,92.40563741147342
STU_017241,72.97898864375622
STU_017242,46.50391688860516
STU_017243,84.19549354664946
STU_017244,73.50862169123589
STU_017245,87.47726189758801
STU_017246,85.42578548663424
STU_017247,58.071843472534894
STU_017248,66.92219385181268
STU_017249,63.34106886435108
STU_017250,59.12525640268596
STU_017251,88.26505234386141
STU_017252,65.62785808839192
STU_017253,88.57095865864856
STU_017254,48.892919356201716
STU_017255,61.046039573497424
STU_017256,55.54549022931924
STU_017257,82.61489175023341
STU_017258,75.9111952743828
STU_017259,67.87335430328517
STU_017260,69.35545367963105
STU_017261,65.39132469191658
STU_017262,73.36500835742343
STU_017263,79.56753247177436
STU_017264,70.6170657431224
STU_017265,89.41093742560751
STU_017266,57.49495615609931
STU_017267,70.47493201491226
STU_017268,75.38582035827739
STU_017269,69.74180314221012
STU_017270,83.00266896656471
STU_017271,79.39663332091594
STU_017272,61.55368281909827
STU_017273,83.78119175873714
STU_017274,86.4041919240948
STU_017275,74.5222520564778
STU_017276,60.33223391584832
STU_017277,78.35735650269537
STU_017278,89.58448178293463
STU_017279,73.57239385585875
STU_017280,82.40922523694661
STU_017281,68.58819677210606
STU_017282,77.56001630929245
STU_017283,79.95005831075878
STU_017284,86.43782990971691
STU_017285,86.06474253755877
STU_017286,75.77351534019584
STU_017287,64.9458322212153
STU_017288,64.67941048083428
STU_017289,76.3754055860581
STU_017290,86.48127038708304
STU_017291,84.22397826702775
STU_017292,65.41417122195821
STU_017293,74.37866450920255
STU_017294,66.45065778684584
STU_017295,77.65831871727157
STU_017296,72.77689641551459
STU_017297,94.73472539050749
STU_017298,72.16437741273418
STU_017299,71.00188677451939
STU_017300,64.32472404594331
STU_017301,65.1075159754715
STU_017302,74.31748423960245
STU_017303,91.23394580033957
STU_017304,87.17318073165637
STU_017305,78.16630527879501
STU_017306,82.04267100081485
STU_017307,95.04259473903087
STU_017308,90.72650004008621
STU_017309,90.659774589197
STU_017310,67.72553252405582
STU_017311,78.20514403009004
STU_017312,69.75325719302205
STU_017313,91.10007100125824
STU_017314,80.11814343500987
STU_017315,85.72685816289656
STU_017316,74.37116200453788
STU_017317,86.96019666131677
STU_017318,42.11276565353679
STU_017319,66.24767900909698
STU_017320,89.23295653084347
STU_017321,79.4481173684492
STU_017322,77.5511589784477
STU_017323,79.1050596970487
STU_017324,87.1504874667188
STU_017325,85.97160104204501
STU_017326,70.90879087095075
STU_017327,82.52180281333894
STU_017328,78.09464533014523
STU_017329,41.31932855181974
STU_017330,86.4425939915014
STU_017331,77.78504485474848
STU_017332,69.32630240762195
STU_017333,70.75531162013064
STU_017334,83.21834552640746
STU_017335,83.34508908249197
STU_017336,65.08930479068817
STU_017337,78.57717292750928
STU_017338,83.21701408988201
STU_017339,97.44831610503866
STU_017340,81.57868307601046
STU_017341,89.01527813622974
STU_017342,63.74928066854388
STU_017343,84.72165621211212
STU_017344,66.84799043172345
STU_017345,73.42126535008737
STU_017346,64.55605337341261
STU_017347,91.21331082417436
STU_017348,75.65159882383425
STU_017349,81.96870404560721
STU_017350,54.90241882798564
STU_017351,67.46733574285794
STU_017352,63.371796442178194
STU_017353,56.79293750825951
STU_017354,84.03049045426117
STU_017355,60.616952919393434
STU_017356,69.09575921753346
STU_017357,64.37023241492697
STU_017358,64.35047860543439
STU_017359,88.03759353156622
STU_017360,97.41553571456764
STU_017361,93.09723408669544
STU_017362,66.84349695998363
STU_017363,84.06855253292221
STU_017364,90.65951705288941
STU_017365,83.71314579266338
STU_017366,83.28483631311661
STU_017367,100.0
STU_017368,62.78877759810538
STU_017369,54.63294830370204
STU_017370,84.049671771887
STU_017371,81.27848339994061
STU_017372,85.36529975004778
STU_017373,62.13315374741683
STU_017374,53.6372749698734
STU_017375,84.70544459955799
STU_017376,75.18755310895263
STU_017377,66.22851711209759
STU_017378,80.58002247766882
STU_017379,62.4260558768778
STU_017380,67.8028134725336
STU_017381,60.984736705447474
STU_017382,85.59070050636798
STU_017383,78.65549339734956
STU_017384,73.44966635367703
STU_017385,72.40320814342701
STU_017386,73.5569981950033
STU_017387,81.69203003253926
STU_017388,66.56919295813994
STU_017389,80.57467630269606
STU_017390,72.8941126618874
STU_017391,74.81695885455501
STU_017392,72.04501339835585
STU_017393,66.67685924265821
STU_017394,69.14735260972262
STU_017395,58.958295562525535
STU_017396,81.27846497395929
STU_017397,78.835102511624
STU_017398,80.84292542176973
STU_017399,85.81960271800111
STU_017400,52.029406369484015
STU_017401,49.43588598742083
STU_017402,90.70478100929687
STU_017403,66.78040137059095
STU_017404,68.70436540445094
STU_017405,66.99433888182426
STU_017406,71.58688977721022
STU_017407,67.24278088828498
STU_017408,78.2143205826678
STU_017409,78.60028467283172
STU_017410,77.27587380348352
STU_017411,62.71794171299969
STU_017412,78.90720917138108
STU_017413,83.98342865830284
STU_017414,76.96810340110547
STU_017415,59.07357365814142
STU_017416,68.19974327554313
STU_017417,78.6836883512241
STU_017418,86.67754275471201
STU_017419,66.67649249756307
STU_017420,79.40826791525049
STU_017421,74.27532985352475
STU_017422,80.05456521142742
STU_017423,71.37459291898139
STU_017424,61.634862113988866
STU_017425,79.46857004650047
STU_017426,71.71191117538018
STU_017427,79.13027797477876
STU_017428,72.60743144874074
STU_017429,61.8802491007313
STU_017430,94.39350516318187
STU_017431,74.2523603401573
STU_017432,95.00212725327854
STU_017433,87.20376219477089
STU_017434,74.54718935981637
STU_017435,80.22680874842708
STU_017436,74.11446646300845
STU_017437,79.11050092387248
STU_017438,97.42301973356464
STU_017439,62.810895761301616
STU_017440,90.20091324215308
STU_017441,52.772848940054295
STU_017442,73.79558812223955
STU_017443,84.04986587240222
STU_017444,79.67043894172488
STU_017445,92.51242166631604
STU_017446,85.65865801847778
STU_017447,70.02592366139629
STU_017448,78.81480487413498
STU_017449,83.97746505065666
STU_017450,83.41679443149637
STU_017451,72.77699745645971
STU_017452,79.6417641483778
STU_017453,91.67510084376306
STU_017454,59.780522897678125
STU_017455,89.87869375044505
STU_017456,78.06536160512468
STU_017457,67.25365289203535
STU_017458,64.682594033763
STU_017459,78.73922772781394
STU_017460,68.20331625355668
STU_017461,83.48640990664339
STU_017462,79.98214371097522
STU_017463,92.53305283738196
STU_017464,77.37096907312875
STU_017465,81.21635601116692
STU_017466,77.90926788617851
STU_017467,56.85873943603083
STU_017468,83.85222843146002
STU_017469,91.04905025309067
STU_017470,85.46611602216495
STU_017471,87.93356467801262
STU_017472,69.24150324147809
STU_017473,95.95419066315183
STU_017474,40.19166249068522
STU_017475,65.90623234327703
STU_017476,72.42251288292508
STU_017477,67.90891949845025
STU_017478,55.022956923122535
STU_017479,79.75664815714075
STU_017480,94.95215237698544
STU_017481,93.67382781418371
STU_017482,83.74011949419726
STU_017483,89.41400737891512
STU_017484,86.04353993983493
STU_017485,88.50610183373968
STU_017486,74.83456012844172
STU_017487,89.6801443640435
STU_017488,62.318828371682784
STU_017489,62.83084519080485
STU_017490,92.72436830972654
STU_017491,76.66824736879175
STU_017492,61.722269004519035
STU_017493,81.28120501429929
STU_017494,76.57888760493044
STU_017495,52.3433920735289
STU_017496,74.96484188909055
STU_017497,83.12195769409784
STU_017498,59.34876576134002
STU_017499,83.48835031371746
STU_017500,84.54544346077103
STU_017501,74.44300803021817
STU_017502,86.23679052973304
STU_017503,72.56278527195903
STU_017504,83.97047407318692
STU_017505,77.86733898863112
STU_017506,81.3379845313454
STU_017507,56.664945284458184
STU_017508,69.43723207443837
STU_017509,83.38186481679068
STU_017510,96.11255166663392
STU_017511,72.97707452072554
STU_017512,73.53226359933109
STU_017513,79.88869710039224
STU_017514,73.61975111259407
STU_017515,77.52384991024454
STU_017516,94.98115237514419
STU_017517,84.59796558500715
STU_017518,83.19273370320226
STU_017519,89.06869177993508
STU_017520,98.4491714934828
STU_017521,61.35505753358951
STU_017522,74.54029383471176
STU_017523,78.05841178937145
STU_017524,63.68750437830085
STU_017525,69.70999456061571
STU_017526,78.99033015406457
STU_017527,81.48139529347498
STU_017528,71.57320040103656
STU_017529,96.98255193470456
STU_017530,82.1081917915816
STU_017531,87.59195285277713
STU_017532,68.33654865903114
STU_017533,67.81775824423374
STU_017534,58.09092121265824
STU_017535,75.97348224517569
STU_017536,84.01144826884818
STU_017537,93.99491214390443
STU_017538,94.00244466720744
STU_017539,78.86870817155403
STU_017540,97.06025251658822
STU_017541,52.09439451934526
STU_017542,70.77690975117108
STU_017543,80.41932740804663
STU_017544,94.54338709152786
STU_017545,72.51055970902229
STU_017546,69.96699559800642
STU_017547,92.496588105597
STU_017548,76.27847549045818
STU_017549,96.70054141383447
STU_017550,75.83792436704393
STU_017551,94.61380826136389
STU_017552,57.26378416817859
STU_017553,86.04357100055483
STU_017554,65.76320916606664
STU_017555,71.99534510867164
STU_017556,76.14340081143492
STU_017557,59.288343316555526
STU_017558,49.39504027821637
STU_017559,79.47325255009548
STU_017560,74.23165042248354
STU_017561,93.21414178107449
STU_017562,67.07655980080472
STU_017563,68.6005667888337
STU_017564,68.1132981555765
STU_017565,72.37257625608363
STU_017566,84.53752568405602
STU_017567,70.27502986006287
STU_017568,69.19599845188742
STU_017569,77.63705875115387
STU_017570,97.47160605601879
STU_017571,87.56703229325768
STU_017572,80.64160676093182
STU_017573,76.45351105289741
STU_017574,84.73922036707668
STU_017575,88.40019129435917
STU_017576,83.29498215193024
STU_017577,64.12190557321293
STU_017578,77.55203488403019
STU_017579,73.5485619471634
STU_017580,79.18339263683073
STU_017581,74.20096414843297
STU_017582,73.85692571690878
STU_017583,93.37291265824422
STU_017584,59.75929023518659
STU_017585,58.83367846911924
STU_017586,81.20073652739154
STU_017587,63.6241934323327
STU_017588,68.90037331218034
STU_017589,89.38446148211182
STU_017590,72.4000463340048
STU_017591,89.86567586966282
STU_017592,71.71310620358842
STU_017593,61.0100381418725
STU_017594,64.05658396078061
STU_017595,95.55976079112027
STU_017596,74.58192382125532
STU_017597,88.84715239851113
STU_017598,54.92729434854172
STU_017599,67.38238783035034
STU_017600,76.46082635386924
STU_017601,71.0634993557355
STU_017602,64.15768063145663
STU_017603,86.95741500428835
STU_017604,81.69529404449904
STU_017605,70.2549201669684
STU_017606,85.42946097245924
STU_017607,81.57996641257358
STU_017608,92.6553312297705
STU_017609,74.17768076595817
STU_017610,75.91518033550709
STU_017611,74.30796180986667
STU_017612,94.0519748083731
STU_017613,86.126330925597
STU_017614,90.9398751701817
STU_017615,68.17252665726673
STU_017616,86.53245273713578
STU_017617,87.81646884966855
STU_017618,50.49423612808706
STU_017619,66.26074756666772
STU_017620,75.49104836817735
STU_017621,83.68590128628293
STU_017622,93.9535555376795
STU_017623,59.693621922577954
STU_017624,69.02751441350662
STU_017625,72.40178816286998
STU_017626,57.12197649668166
STU_017627,60.32768764886311
STU_017628,74.20982529686616
STU_017629,71.73122830062249
STU_017630,60.86004087116115
STU_017631,55.00964795064398
STU_017632,76.79576940239828
STU_017633,74.06781074086012
STU_017634,84.16653778586318
STU_017635,77.45309245136026
STU_017636,70.92356406869226
STU_017637,91.16915238969595
STU_017638,65.46381263640725
STU_017639,84.47939457153802
STU_017640,91.87350541704147
STU_017641,97.33046787194732
STU_017642,66.905934869699
STU_017643,73.59733246569692
STU_017644,79.56433920074294
STU_017645,81.20770289284812
STU_017646,77.27868127345403
STU_017647,64.32810005199417
STU_017648,87.02508914048276
STU_017649,93.50612411715318
STU_017650,95.1132401725297
STU_017651,74.46915536962538
STU_017652,74.61306105237024
STU_017653,97.50402138713125
STU_017654,76.00315776212054
STU_017655,83.26904569068077
STU_017656,85.97839606329467
STU_017657,55.4544060507794
STU_017658,68.74754280882512
STU_017659,100.0
STU_017660,77.35174826805257
STU_017661,79.01569773187009
STU_017662,68.24508184210117
STU_017663,80.91996524669491
STU_017664,78.54547526407136
STU_017665,69.63140997810262
STU_017666,77.6582779515261
STU_017667,72.79828457725328
STU_017668,73.9247459384919
STU_017669,71.54641820506741
STU_017670,52.524764512790156
STU_017671,70.53299789209646
STU_017672,65.83974797139786
STU_017673,76.55199464201122
STU_017674,75.87940585064624
STU_017675,72.32063808731688
STU_017676,73.00768111972698
STU_017677,82.04816936368996
STU_017678,82.26328640625904
STU_017679,87.55981014642686
STU_017680,72.21553118720892
STU_017681,86.44577542188757
STU_017682,76.84979438476563
STU_017683,78.65370339773818
STU_017684,84.5724023033668
STU_017685,70.39216681029248
STU_017686,64.96351335204793
STU_017687,73.5450639496837
STU_017688,75.11253778412029
STU_017689,88.91476349202654
STU_017690,69.82010866481731
STU_017691,74.49174589157907
STU_017692,73.14114115002668
STU_017693,64.60103624072562
STU_017694,78.5108990780811
STU_017695,91.49442990993929
STU_017696,82.07577814930087
STU_017697,44.85857164017182
STU_017698,49.795802687547194
STU_017699,91.67599964975558
STU_017700,55.76685658100822
STU_017701,52.23403869913835
STU_017702,81.3625840697483
STU_017703,78.14033954322034
STU_017704,62.92151220747703
STU_017705,61.75219517137429
STU_017706,79.81729770515511
STU_017707,52.15860527812274
STU_017708,93.46677032552503
STU_017709,86.8750805787635
STU_017710,87.26636676156713
STU_017711,100.0
STU_017712,72.91105809576322
STU_017713,75.62782219055663
STU_017714,82.90876854930475
STU_017715,68.9356626778098
STU_017716,59.55814888237204
STU_017717,73.00169733658004
STU_017718,91.00776169681318
STU_017719,75.8283423554221
STU_017720,73.5997967034127
STU_017721,82.75729990683453
STU_017722,100.0
STU_017723,73.55911779589391
STU_017724,75.7064894876028
STU_017725,92.49968220833196
STU_017726,91.67577787082885
STU_017727,84.89934670756519
STU_017728,84.38096393299503
STU_017729,73.47455242674657
STU_017730,62.902803205847555
STU_017731,62.0165360560529
STU_017732,77.70387368128814
STU_017733,64.59583526458019
STU_017734,71.52543411139428
STU_017735,66.44065900410655
STU_017736,70.34897530358644
STU_017737,62.06334689906207
STU_017738,95.47770284175277
STU_017739,82.89525554101006
STU_017740,77.52224306216415
STU_017741,87.9904971925098
STU_017742,85.75039357274868
STU_017743,85.62646388381071
STU_017744,84.13669695945201
STU_017745,86.69238827751866
STU_017746,84.21026113399454
STU_017747,71.4962228088117
STU_017748,70.80578556537394
STU_017749,67.58247846827993
STU_017750,87.00817616734162
STU_017751,79.2997942379418
STU_017752,75.08913402459095
STU_017753,96.00762577230174
STU_017754,87.07864776551112
STU_017755,89.81556262497264
STU_017756,83.92644600189323
STU_017757,56.26274239756213
STU_017758,66.90852031861311
STU_017759,80.37839480210769
STU_017760,94.1024636520951
STU_017761,65.23370513058846
STU_017762,99.3202981168377
STU_017763,92.10331242644699
STU_017764,59.60545044537484
STU_017765,88.81699161777215
STU_017766,79.216124970228
STU_017767,58.66233444053757
STU_017768,66.7917971564959
STU_017769,86.66501088352238
STU_017770,73.99394841757695
STU_017771,61.89743651261452
STU_017772,74.56688129829479
STU_017773,59.058267335657376
STU_017774,100.0
STU_017775,81.91194014164365
STU_017776,82.5945021179019
STU_017777,80.15248394141102
STU_017778,84.81809656222663
STU_017779,55.965624169955184
STU_017780,73.97175391320029
STU_017781,79.28147216553324
STU_017782,73.82181654725002
STU_017783,66.59623035892552
STU_017784,80.51564150890972
STU_017785,86.1042986999578
STU_017786,74.38765810968083
STU_017787,84.47954914999043
STU_017788,75.47447587389168
STU_017789,85.7406502088032
STU_017790,56.78188865425196
STU_017791,90.76796522364305
STU_017792,69.65443042444508
STU_017793,68.80615461595151
STU_017794,69.32310023771052
STU_017795,73.38866149273505
STU_017796,82.00835132208832
STU_017797,88.66923274271802
STU_017798,93.76150164152008
STU_017799,99.50716051498003
STU_017800,89.83136599750071
STU_017801,75.48989736006149
STU_017802,94.89522476120773
STU_017803,63.84314866515284
STU_017804,78.03814616174043
STU_017805,72.81268307120646
STU_017806,68.87400019918053
STU_017807,95.33311704465251
STU_017808,73.71425524368281
STU_017809,82.70612462351475
STU_017810,100.0
STU_017811,72.97472202471985
STU_017812,90.6208550773293
STU_017813,82.09297589343933
STU_017814,73.40015578195968
STU_017815,70.19722868324267
STU_017816,58.616417355536406
STU_017817,54.24809952072744
STU_017818,90.81716477710978
STU_017819,85.17927786435416
STU_017820,85.65200665034975
STU_017821,74.43528606554929
STU_017822,89.67135804758246
STU_017823,94.7439912161347
STU_017824,59.71033023825655
STU_017825,78.07190632615357
STU_017826,83.03875267940691
STU_017827,85.53794792897894
STU_017828,61.789870657268494
STU_017829,68.00081936060519
STU_017830,69.27960026451417
STU_017831,84.88831981935276
STU_017832,83.34262990265005
STU_017833,56.47011580380463
STU_017834,80.87160139037462
STU_017835,71.42792164072691
STU_017836,81.16514593759932
STU_017837,73.84515906446241
STU_017838,70.65965601378063
STU_017839,93.8138444557295
STU_017840,72.3595503436282
STU_017841,87.97997716791015
STU_017842,80.09520234891859
STU_017843,81.63290758052116
STU_017844,66.8599029083159
STU_017845,97.8005241943885
STU_017846,90.75418521420728
STU_017847,55.06259345360132
STU_017848,66.67075719245013
STU_017849,55.40948814547495
STU_017850,71.28076113874828
STU_017851,63.47830878546604
STU_017852,82.61073750561204
STU_017853,72.07906113684396
STU_017854,95.01702843414526
STU_017855,59.172092426224545
STU_017856,82.80621006955198
STU_017857,85.3783462191476
STU_017858,76.85940722672049
STU_017859,63.34845466363472
STU_017860,82.85331213582536
STU_017861,87.14113026615962
STU_017862,74.16181815955896
STU_017863,87.02677398624814
STU_017864,81.62820290786563
STU_017865,70.42138012563936
STU_017866,77.5317387219086
STU_017867,67.6182001249387
STU_017868,95.13275086043566
STU_017869,62.37922111124865
STU_017870,81.34929433289699
STU_017871,92.48467628859582
STU_017872,75.17043253270978
STU_017873,95.42681535505119
STU_017874,79.90981160325133
STU_017875,72.93208786357403
STU_017876,73.35839965109017
STU_017877,51.31990209895654
STU_017878,89.80760432376208
STU_017879,61.97687921020458
STU_017880,91.4781504299109
STU_017881,75.96547735884378
STU_017882,71.24798567732323
STU_017883,94.24684879923657
STU_017884,64.29377660588605
STU_017885,68.75269261351268
STU_017886,82.03648650295858
STU_017887,59.40155744396742
STU_017888,64.87528876042342
STU_017889,100.0
STU_017890,100.0
STU_017891,83.10030773367906
STU_017892,62.07274099585463
STU_017893,82.94306166096182
STU_017894,61.76217283444748
STU_017895,73.40608392228728
STU_017896,80.11666210765438
STU_017897,65.44695417347315
STU_017898,83.81032706562392
STU_017899,83.29946373874283
STU_017900,69.34427696193676
STU_017901,91.93723832148592
STU_017902,68.61319411271633
STU_017903,71.59143739675561
STU_017904,82.07702028831375
STU_017905,75.9151073191306
STU_017906,70.95157477343929
STU_017907,75.30853255238338
STU_017908,73.04002888940478
STU_017909,75.93776020439087
STU_017910,75.50602554689057
STU_017911,65.07182081733554
STU_017912,90.78870544526302
STU_017913,88.1978755030193
STU_017914,73.72878954053492
STU_017915,75.55488791770203
STU_017916,78.04912295842512
STU_017917,81.52732057824788
STU_017918,79.59555407874328
STU_017919,87.91553313430553
STU_017920,75.25895901364404
STU_017921,86.21609719636379
STU_017922,77.36712462094506
STU_017923,69.9863792787704
STU_017924,77.31082707036717
STU_017925,71.97111731454632
STU_017926,75.7810099562294
STU_017927,98.46410322559532
STU_017928,84.14411557159175
STU_017929,88.98734775192005
STU_017930,77.90279642330637
STU_017931,65.12387152728475
STU_017932,95.84634275957741
STU_017933,96.16322049406772
STU_017934,93.60523264381553
STU_017935,79.10931365182549
STU_017936,59.61509513167814
STU_017937,80.96406820735416
STU_017938,64.38637097422745
STU_017939,91.11818938983758
STU_017940,78.11154406910335
STU_017941,71.5069796792358
STU_017942,70.39041907145376
STU_017943,54.45487941522828
STU_017944,70.52782118309199
STU_017945,87.80715845671646
STU_017946,65.96732245322279
STU_017947,61.95359982806619
STU_017948,71.47376420618414
STU_017949,61.08354684956201
STU_017950,56.96170525930282
STU_017951,73.29825673225591
STU_017952,90.72617328266266
STU_017953,75.0456906979193
STU_017954,98.84432087013744
STU_017955,71.40964048522218
STU_017956,70.18410087317983
STU_017957,69.97785264970501
STU_017958,55.24957124204998
STU_017959,84.48859927593294
STU_017960,75.92399118682324
STU_017961,87.83992319895644
STU_017962,60.56346850737261
STU_017963,69.46610975363866
STU_017964,57.57761187179253
STU_017965,94.49694235916684
STU_017966,79.48565738940565
STU_017967,77.48137306514704
STU_017968,95.80161407923751
STU_017969,78.96869918639878
STU_017970,57.12367307945415
STU_017971,65.16635799465263
STU_017972,70.78437922632821
STU_017973,69.74831817108148
STU_017974,78.26349347568726
STU_017975,63.51795964263719
STU_017976,66.8575166398635
STU_017977,91.52623672198978
STU_017978,73.36100353338173
STU_017979,75.74213526198895
STU_017980,61.042786272543154
STU_017981,96.68974406693754
STU_017982,70.95876061763067
STU_017983,82.94840435115981
STU_017984,74.75849938750963
STU_017985,67.50462095958248
STU_017986,67.45623153543724
STU_017987,82.28171018995744
STU_017988,68.5381793611567
STU_017989,75.2873031960412
STU_017990,73.2562067816461
STU_017991,79.45604814295206
STU_017992,51.669302192170974
STU_017993,96.7864884932307
STU_017994,89.24895443777393
STU_017995,80.427142215996
STU_017996,57.6834379086576
STU_017997,75.23055035709633
STU_017998,86.2361677753839
STU_017999,85.76868863743798
STU_018000,94.71514156051332
STU_018001,78.61643084031464
STU_018002,58.967704209036214
STU_018003,70.01794288913845
STU_018004,84.85190457417688
STU_018005,78.70247052678741
STU_018006,68.65898693276881
STU_018007,97.29423179792182
STU_018008,89.98084581249347
STU_018009,84.33710640223445
STU_018010,81.55964033488038
STU_018011,87.27158519642283
STU_018012,71.22091302282665
STU_018013,85.71764336061062
STU_018014,70.28915903682531
STU_018015,81.8089661557545
STU_018016,76.26974682847515
STU_018017,80.32979378457516
STU_018018,100.0
STU_018019,68.40533743774573
STU_018020,78.10724821721622
STU_018021,68.33062281587492
STU_018022,89.61773381312719
STU_018023,82.39057944537787
STU_018024,51.48856240325675
STU_018025,77.20978168125173
STU_018026,72.60274128461162
STU_018027,84.63033261140806
STU_018028,100.0
STU_018029,77.1421143431948
STU_018030,90.1878836890818
STU_018031,83.95250183976782
STU_018032,72.25343518629542
STU_018033,85.71411706976264
STU_018034,74.93712963008672
STU_018035,87.67223102353896
STU_018036,76.80296000094101
STU_018037,45.99713753944009
STU_018038,68.00499833663552
STU_018039,77.70057324999061
STU_018040,76.18657729851435
STU_018041,63.22181494492781
STU_018042,67.28301576652592
STU_018043,85.69698334132784
STU_018044,78.55339461872887
STU_018045,78.18467736760599
STU_018046,82.50615796886933
STU_018047,63.35429947632822
STU_018048,96.07898456190122
STU_018049,91.42085799671884
STU_018050,84.31166619366942
STU_018051,64.97360605240904
STU_018052,65.34287600484397
STU_018053,66.83537141534089
STU_018054,50.235211616575484
STU_018055,99.76126412758258
STU_018056,44.67753920187979
STU_018057,64.6173869466934
STU_018058,91.67975656588418
STU_018059,89.49799961338331
STU_018060,65.11443318129493
STU_018061,77.39324224831118
STU_018062,83.9851034379955
STU_018063,73.11398267034336
STU_018064,85.1079361172565
STU_018065,85.52154939900237
STU_018066,92.51617946628149
STU_018067,94.04718140717947
STU_018068,80.51196940064733
STU_018069,79.12169796904068
STU_018070,82.94736992730381
STU_018071,93.73244303708957
STU_018072,85.87635218142088
STU_018073,61.564794454471794
STU_018074,70.69652074910147
STU_018075,71.53632801949891
STU_018076,66.87742938105862
STU_018077,60.72411720919058
STU_018078,71.67387880465117
STU_018079,83.97669557384525
STU_018080,90.31984041027509
STU_018081,77.14247966843722
STU_018082,83.93118006772507
STU_018083,92.17232381893106
STU_018084,65.60865512843516
STU_018085,72.6921001906908
STU_018086,82.60484379585228
STU_018087,74.51460273173532
STU_018088,65.8049936104816
STU_018089,60.911424264331515
STU_018090,66.1579165674862
STU_018091,81.21144408801112
STU_018092,75.75791530584793
STU_018093,65.32265117282469
STU_018094,72.4061912256788
STU_018095,78.76181169204273
STU_018096,62.17264750674443
STU_018097,82.57649444225851
STU_018098,64.10265365301547
STU_018099,74.42462916561644
STU_018100,92.94550540085201
STU_018101,79.53206735892817
STU_018102,61.22911077965371
STU_018103,97.44982133515163
STU_018104,67.43489087512167
STU_018105,61.791868668229135
STU_018106,76.07519423411988
STU_018107,80.03706887085801
STU_018108,72.43049634929882
STU_018109,85.76790020861374
STU_018110,81.09329161909204
STU_018111,79.00107305653266
STU_018112,72.2830072940017
STU_018113,61.16835717898316
STU_018114,90.71197315520442
STU_018115,77.68752745133226
STU_018116,65.76266786339758
STU_018117,77.65217170144625
STU_018118,73.95936293378591
STU_018119,94.54261483277809
STU_018120,68.03591002756595
STU_018121,97.07801618453851
STU_018122,82.09838994870756
STU_018123,73.63524066540546
STU_018124,83.60145503641344
STU_018125,69.81957908064189
STU_018126,56.01135651615125
STU_018127,67.12302476011348
STU_018128,52.03306852655387
STU_018129,75.39041054318528
STU_018130,90.08745281310439
STU_018131,74.76418769125428
STU_018132,97.24064658977625
STU_018133,79.45590100005096
STU_018134,99.53426991658212
STU_018135,100.0
STU_018136,53.496547409618884
STU_018137,70.50826467009533
STU_018138,90.60944365313752
STU_018139,80.01126883124401
STU_018140,58.777096222615754
STU_018141,59.115193051787635
STU_018142,77.2605857014884
STU_018143,63.46352180039601
STU_018144,60.00241745374386
STU_018145,77.36288556734866
STU_018146,54.23472728633814
STU_018147,83.19229028306627
STU_018148,76.75720118635076
STU_018149,63.818761800066405
STU_018150,82.66582845909517
STU_018151,71.64793136546476
STU_018152,61.75858626373795
STU_018153,81.57457385531725
STU_018154,67.43925401890883
STU_018155,88.49184973237739
STU_018156,97.00776220226244
STU_018157,59.18176589992734
STU_018158,65.88197339831558
STU_018159,66.92435080332938
STU_018160,65.75641320132445
STU_018161,84.51853702365544
STU_018162,67.02579346996833
STU_018163,94.62213977107538
STU_018164,73.24948909851491
STU_018165,60.33836988188208
STU_018166,76.79321932544565
STU_018167,83.00632096916662
STU_018168,81.53390838418149
STU_018169,69.56006955024125
STU_018170,53.388150218881705
STU_018171,64.22357018638337
STU_018172,82.86394554845124
STU_018173,76.3161787508466
STU_018174,80.71728450379395
STU_018175,75.0023221943317
STU_018176,77.34075528510833
STU_018177,75.94062021419431
STU_018178,72.91427951204632
STU_018179,70.27245669593125
STU_018180,92.09148145173313
STU_018181,73.14362096201909
STU_018182,76.47658876462829
STU_018183,72.33148638512924
STU_018184,62.8914879894312
STU_018185,69.44616200783565
STU_018186,89.4432902432889
STU_018187,65.32114951825353
STU_018188,88.18915892545043
STU_018189,75.92029261398758
STU_018190,75.48866516346408
STU_018191,79.20225334619641
STU_018192,78.72641380983897
STU_018193,80.07352115467148
STU_018194,74.60924257152178
STU_018195,86.35175924689892
STU_018196,55.9842113719334
STU_018197,88.76431544414818
STU_018198,79.90479439962273
STU_018199,73.7557691364701
STU_018200,86.42437168768328
STU_018201,73.95546766228817
STU_018202,49.21108797176548
STU_018203,80.39504556518817
STU_018204,75.0695356626994
STU_018205,68.6151321995541
STU_018206,73.79915272273466
STU_018207,76.24232157694874
STU_018208,76.25916801322353
STU_018209,58.50965100698383
STU_018210,84.01321141289193
STU_018211,99.22145439559583
STU_018212,76.37433793170842
STU_018213,57.44835769079995
STU_018214,80.51492245100499
STU_018215,75.38079680516157
STU_018216,79.04119087321445
STU_018217,59.26630020152813
STU_018218,73.99883687969113
STU_018219,86.64539933557174
STU_018220,79.99328477782322
STU_018221,93.58572065924014
STU_018222,85.68865269704058
STU_018223,82.21488842270317
STU_018224,83.0346897828313
STU_018225,76.89540809885123
STU_018226,81.07562375765559
STU_018227,75.0706062019672
STU_018228,79.5240715426794
STU_018229,75.38536554758215
STU_018230,86.77204136012452
STU_018231,73.6696765319737
STU_018232,65.40868720880326
STU_018233,57.674658087469275
STU_018234,94.3932793843545
STU_018235,84.91619001071169
STU_018236,100.0
STU_018237,63.94226349976468
STU_018238,75.72000053622429
STU_018239,89.96843051940792
STU_018240,58.54208416741989
STU_018241,88.92922752331572
STU_018242,75.39994184220771
STU_018243,80.38219664431261
STU_018244,90.82856569797093
STU_018245,76.03079349353314
STU_018246,77.35720808858969
STU_018247,57.404201460414846
STU_018248,77.68615655264817
STU_018249,75.89505013294657
STU_018250,67.65063124962823
STU_018251,71.61782570997144
STU_018252,93.9885877752476
STU_018253,62.31811667284059
STU_018254,85.96163808296853
STU_018255,77.8557695428732
STU_018256,88.96389226226782
STU_018257,75.63965440792883
STU_018258,83.36268710471266
STU_018259,86.58891060414177
STU_018260,84.6163045454355
STU_018261,73.682227764427
STU_018262,61.32563990989793
STU_018263,80.7586238266515
STU_018264,78.1697866209194
STU_018265,82.63119317808956
STU_018266,86.16054847074501
STU_018267,71.02637797862721
STU_018268,80.80110534487973
STU_018269,66.88267116971996
STU_018270,65.56368155607188
STU_018271,71.01854480385498
STU_018272,50.53325667227257
STU_018273,97.20984274018595
STU_018274,68.7883049816134
STU_018275,87.43615252330622
STU_018276,87.1268253686713
STU_018277,83.33317027809316
STU_018278,79.73929747026028
STU_018279,58.08164737869728
STU_018280,85.09674202681889
STU_018281,93.05814623199663
STU_018282,70.4471190573139
STU_018283,68.20074531348433
STU_018284,69.4509564783133
STU_018285,86.82140666039516
STU_018286,65.81093231056487
STU_018287,93.90010413049718
STU_018288,67.27914900712747
STU_018289,84.62487977760311
STU_018290,65.45281475117882
STU_018291,72.82551333269062
STU_018292,82.55074772300989
STU_018293,73.51279179190146
STU_018294,80.30432610012929
STU_018295,51.854293579918384
STU_018296,83.98441790659058
STU_018297,81.26144412982043
STU_018298,98.60718768106432
STU_018299,65.02190904188362
STU_018300,82.24370086476924
STU_018301,71.95094508125003
STU_018302,72.72388034360135
STU_018303,97.88878850135853
STU_018304,68.08756777800482
STU_018305,64.43505226504801
STU_018306,68.21774741309018
STU_018307,74.06439474325144
STU_018308,86.29415487749546
STU_018309,71.62576509266036
STU_018310,90.26878071737501
STU_018311,71.13510231569731
STU_018312,74.28548691468625
STU_018313,85.39677428471346
STU_018314,70.33997123997158
STU_018315,91.17166023425438
STU_018316,73.5799815572313
STU_018317,86.47806455298509
STU_018318,62.80389789200643
STU_018319,58.39262828714404
STU_018320,86.93508998368753
STU_018321,89.72164506894187
STU_018322,75.10138327834022
STU_018323,100.0
STU_018324,58.98297948295365
STU_018325,75.1294335949019
STU_018326,71.05906392862752
STU_018327,87.04128824975399
STU_018328,71.09707194576357
STU_018329,73.54726841542073
STU_018330,55.00545995428951
STU_018331,80.267475417448
STU_018332,91.5465235943644
STU_018333,61.41805228188999
STU_018334,86.97096001112457
STU_018335,67.08486242977523
STU_018336,76.28364666626985
STU_018337,72.36055862532949
STU_018338,69.9068733184847
STU_018339,83.60077410990301
STU_018340,86.72724153934054
STU_018341,68.21423121745461
STU_018342,61.40197191159985
STU_018343,56.880327629399545
STU_018344,80.2568543648326
STU_018345,76.87541010058949
STU_018346,76.15700233499881
STU_018347,73.67578623114221
STU_018348,95.70031384977946
STU_018349,78.08275675325308
STU_018350,85.75797106148329
STU_018351,79.4782855648252
STU_018352,86.30132798299984
STU_018353,83.6725533517678
STU_018354,100.0
STU_018355,72.96226772944254
STU_018356,77.55813746729817
STU_018357,70.29143520447965
STU_018358,79.58425718854089
STU_018359,98.962209920758
STU_018360,92.36307867408735
STU_018361,58.12180353323168
STU_018362,67.30928439847004
STU_018363,48.63083855185687
STU_018364,86.28367940768017
STU_018365,89.27051881685993
STU_018366,62.97830948062464
STU_018367,77.6821972739163
STU_018368,69.26829327536127
STU_018369,79.0575751129279
STU_018370,61.92181082700666
STU_018371,83.14420225577146
STU_018372,90.26436298134499
STU_018373,66.97618503258647
STU_018374,78.22820614155253
STU_018375,70.22859351220504
STU_018376,79.48004323776823
STU_018377,85.05634696336675
STU_018378,88.23643744623456
STU_018379,56.49136697143784
STU_018380,81.52818081219581
STU_018381,72.1157202381962
STU_018382,85.20761656244395
STU_018383,90.40054895149771
STU_018384,65.81724733941947
STU_018385,94.45659230174056
STU_018386,75.54975276394055
STU_018387,82.49261845721367
STU_018388,95.54595258981244
STU_018389,67.02327233654634
STU_018390,58.645728987674445
STU_018391,80.29864294324318
STU_018392,100.0
STU_018393,77.55898036201063
STU_018394,83.58372168584393
STU_018395,76.88153866280936
STU_018396,65.7599882053346
STU_018397,65.52928815575176
STU_018398,78.32306049139747
STU_018399,100.0
STU_018400,74.24494479935548
STU_018401,79.54955441132563
STU_018402,76.89869842033748
STU_018403,89.15874122209836
STU_018404,84.05992429058239
STU_018405,86.50658520000708
STU_018406,70.14864397592213
STU_018407,95.27394065373144
STU_018408,85.48740851313327
STU_018409,65.14412698597292
STU_018410,94.31279336986154
STU_018411,70.98036969906823
STU_018412,76.10055807313881
STU_018413,87.08885673147597
STU_018414,100.0
STU_018415,73.65104724900812
STU_018416,83.58891091102694
STU_018417,66.24218904295972
STU_018418,97.77881711335078
STU_018419,79.21969243552884
STU_018420,89.49339117933424
STU_018421,88.1616170566682
STU_018422,90.65348299617492
STU_018423,81.92998554061145
STU_018424,58.42248511208929
STU_018425,91.19840310095162
STU_018426,72.0600461793086
STU_018427,71.3882998657065
STU_018428,77.22333056488306
STU_018429,95.66921494088717
STU_018430,66.16028481666808
STU_018431,79.54134867828253
STU_018432,91.5633441929816
STU_018433,72.21520969682715
STU_018434,78.51000414280395
STU_018435,68.01794505569755
STU_018436,77.68846101235988
STU_018437,87.02587900844975
STU_018438,62.63079728184768
STU_018439,97.74767496452559
STU_018440,79.34349495717663
STU_018441,74.44199236634402
STU_018442,78.57992090267965
STU_018443,61.36478100291725
STU_018444,65.4299549590709
STU_018445,94.2296789919353
STU_018446,79.60336687519666
STU_018447,93.56383186759095
STU_018448,71.47785107569804
STU_018449,92.21430904062426
STU_018450,73.62194210033181
STU_018451,68.45694223585146
STU_018452,60.77977015180809
STU_018453,70.9189432774953
STU_018454,57.06218642577699
STU_018455,56.37632366460962
STU_018456,77.32664044435094
STU_018457,58.26204885125562
STU_018458,72.64361118149077
STU_018459,60.946367700338726
STU_018460,72.43415165087652
STU_018461,90.73173256659805
STU_018462,59.54961215295558
STU_018463,80.82678720830513
STU_018464,68.91119526834383
STU_018465,75.8125287145862
STU_018466,68.64707150493824
STU_018467,83.53350387483485
STU_018468,71.74373474878686
STU_018469,79.75609107993638
STU_018470,88.9078640969216
STU_018471,87.12983114209592
STU_018472,64.62515760849257
STU_018473,83.0724069092185
STU_018474,87.28269702556317
STU_018475,75.90234278878293
STU_018476,78.19571246895435
STU_018477,54.57259832335774
STU_018478,100.0
STU_018479,93.62832606991984
STU_018480,87.18303132350721
STU_018481,69.3883167905313
STU_018482,64.48883240624644
STU_018483,91.15149771880968
STU_018484,82.86222967517776
STU_018485,72.41876148168251
STU_018486,69.2299603769307
STU_018487,65.6646436591696
STU_018488,74.82779021922171
STU_018489,60.413626852554806
STU_018490,77.09603535457893
STU_018491,80.86883303220239
STU_018492,75.72138984999856
STU_018493,84.88519254148012
STU_018494,79.13170682068728
STU_018495,82.14934708927582
STU_018496,67.59284989013167
STU_018497,92.14326059925722
STU_018498,71.56000704935992
STU_018499,70.17182620563324
STU_018500,82.13148178314377
STU_018501,100.0
STU_018502,68.64603352942687
STU_018503,50.20527678637716
STU_018504,99.62292127981706
STU_018505,69.93519735756652
STU_018506,77.74237145696937
STU_018507,75.50439060254577
STU_018508,81.0861213047428
STU_018509,63.91379227888651
STU_018510,83.5287679753141
STU_018511,78.35717414451331
STU_018512,76.13337979571753
STU_018513,82.08088931984742
STU_018514,57.051809012560355
STU_018515,68.79160201406343
STU_018516,65.52481008121005
STU_018517,84.32274990152467
STU_018518,63.92613649848353
STU_018519,61.565717125291755
STU_018520,83.80300142781053
STU_018521,74.3952824989742
STU_018522,81.84528468353608
STU_018523,82.80041257806269
STU_018524,92.14660489682514
STU_018525,74.92261036437908
STU_018526,60.31530019802644
STU_018527,80.77951891687478
STU_018528,86.53448979047371
STU_018529,78.10914330360798
STU_018530,74.39554344181764
STU_018531,86.52772537609972
STU_018532,65.15520345250175
STU_018533,71.12837677574618
STU_018534,66.55727208833551
STU_018535,85.6190867699179
STU_018536,99.08897319380839
STU_018537,86.8007838881758
STU_018538,72.58212263185807
STU_018539,63.33915251657778
STU_018540,81.33394162779894
STU_018541,65.77102280045567
STU_018542,91.78987151092474
STU_018543,77.2584942142194
STU_018544,72.44700188229639
STU_018545,72.32525161946104
STU_018546,91.71180159544566
STU_018547,73.61992091972559
STU_018548,86.0087225189366
STU_018549,83.5716610098048
STU_018550,77.87663088194265
STU_018551,77.36249152572154
STU_018552,65.23060414776161
STU_018553,72.22206735620699
STU_018554,65.47186232887165
STU_018555,58.036275850738164
STU_018556,83.17675529358775
STU_018557,69.99831617819879
STU_018558,66.18218907991118
STU_018559,71.69574351156496
STU_018560,81.33985646620005
STU_018561,78.51958128073714
STU_018562,84.04736892035002
STU_018563,79.34422114008059
STU_018564,82.59058587215308
STU_018565,64.32136436672094
STU_018566,69.30995519774237
STU_018567,88.07507010425161
STU_018568,82.41362712023749
STU_018569,79.21465117358368
STU_018570,72.73821970208753
STU_018571,80.8938211597748
STU_018572,65.89226960570933
STU_018573,83.36875776805653
STU_018574,74.73549798008844
STU_018575,73.08326418152421
STU_018576,79.3200900422547
STU_018577,71.07153055606733
STU_018578,82.45723410101546
STU_018579,53.0764075589454
STU_018580,93.91089796890395
STU_018581,73.07007227359423
STU_018582,80.74623143768652
STU_018583,91.78795710930457
STU_018584,84.63832062856983
STU_018585,73.08792980531354
STU_018586,89.93373006468906
STU_018587,91.8217396988031
STU_018588,55.68797862903267
STU_018589,84.15687311925164
STU_018590,71.88087691476422
STU_018591,87.46560665117279
STU_018592,52.97380464743638
STU_018593,85.60479350631527
STU_018594,69.77634205717538
STU_018595,75.24087405559816
STU_018596,59.144583099931666
STU_018597,75.09450639580854
STU_018598,67.65598528918805
STU_018599,61.95015027996298
STU_018600,83.61360205141253
STU_018601,67.60289785201988
STU_018602,69.6505434045925
STU_018603,72.43698194807041
STU_018604,75.59073380495919
STU_018605,46.83356678213569
STU_018606,73.37403551174414
STU_018607,88.92552297116825
STU_018608,92.21059537524408
STU_018609,86.78956477844898
STU_018610,100.0
STU_018611,67.41039549910258
STU_018612,78.96643095061019
STU_018613,83.83586933269802
STU_018614,76.34887195904464
STU_018615,55.098337649513596
STU_018616,81.67477044160549
STU_018617,69.61788367186921
STU_018618,70.14506492808272
STU_018619,73.08617418251734
STU_018620,89.36862732323047
STU_018621,65.51366951487294
STU_018622,78.89462415102929
STU_018623,69.9113198133249
STU_018624,77.3980291908469
STU_018625,82.60025171821596
STU_018626,68.57922467843895
STU_018627,70.29536884895342
STU_018628,64.89422961394888
STU_018629,74.92496942950228
STU_018630,63.569733323710196
STU_018631,93.7961486058519
STU_018632,87.116874970865
STU_018633,75.77722107973148
STU_018634,70.64122535142499
STU_018635,75.3196340916784
STU_018636,74.99814127349615
STU_018637,72.65523914703208
STU_018638,99.53782030618301
STU_018639,89.98515934770754
STU_018640,73.62241159130777
STU_018641,65.83419793544185
STU_018642,81.1660123341382
STU_018643,71.69434338509308
STU_018644,58.94227865483711
STU_018645,94.00858609999116
STU_018646,67.50376055122331
STU_018647,96.44668815053764
STU_018648,63.12053133934458
STU_018649,60.34570614429883
STU_018650,75.94253576901228
STU_018651,67.69388877210206
STU_018652,83.26542227525877
STU_018653,81.19118322665791
STU_018654,78.1398403828419
STU_018655,68.96176048932612
STU_018656,73.10798344004745
STU_018657,88.55157388574389
STU_018658,85.48650263184915
STU_018659,83.80073068725551
STU_018660,76.46533395333259
STU_018661,61.4095461543267
STU_018662,64.88118953388988
STU_018663,78.39607438676681
STU_018664,53.40751987891626
STU_018665,68.44298428461121
STU_018666,62.67024794581597
STU_018667,62.57171691377823
STU_018668,51.635212378597174
STU_018669,76.20153678024248
STU_018670,71.10958938184638
STU_018671,61.23548307200828
STU_018672,76.93008174533092
STU_018673,65.8525397360309
STU_018674,67.0733298907131
STU_018675,77.09037359297723
STU_018676,68.11864172771922
STU_018677,70.68481775038046
STU_018678,88.46766695312293
STU_018679,89.3587692859605
STU_018680,59.01704582752471
STU_018681,81.79952726563366
STU_018682,85.8200463283155
STU_018683,77.47215281772723
STU_018684,87.42952241323067
STU_018685,75.36604726050506
STU_018686,86.17044129089024
STU_018687,75.35345458425623
STU_018688,70.31049262902866
STU_018689,84.28859164376398
STU_018690,68.33517232113812
STU_018691,72.84353206720732
STU_018692,75.9308964934423
STU_018693,72.65642820227897
STU_018694,86.93461959569542
STU_018695,80.12552574071438
STU_018696,67.5239964522677
STU_018697,80.7557061952844
STU_018698,87.44121044489805
STU_018699,70.12710593612847
STU_018700,100.0
STU_018701,73.51824486815565
STU_018702,83.93191629463008
STU_018703,64.65658973690012
STU_018704,87.84188098979487
STU_018705,71.32642509814669
STU_018706,88.97593895738073
STU_018707,65.72190487547431
STU_018708,72.65553806180452
STU_018709,94.40191161741721
STU_018710,82.41949467906998
STU_018711,63.85214671202723
STU_018712,89.86529098133359
STU_018713,76.80080198889698
STU_018714,79.40995477153925
STU_018715,99.169164159125
STU_018716,67.74038160819173
STU_018717,74.85075050280335
STU_018718,58.173992694445275
STU_018719,79.10415740764904
STU_018720,70.12827775187951
STU_018721,89.50451829065939
STU_018722,60.1640367904067
STU_018723,61.73655868452843
STU_018724,73.32059119528265
STU_018725,79.19686926993015
STU_018726,69.5614025069074
STU_018727,86.38507747609225
STU_018728,76.42117163547533
STU_018729,88.29236659782585
STU_018730,86.68015204555739
STU_018731,73.68824181629482
STU_018732,75.74555240635866
STU_018733,92.30602157412523
STU_018734,80.88446577470188
STU_018735,76.48309009962352
STU_018736,60.23495416517071
STU_018737,77.29578945996874
STU_018738,74.62760839057901
STU_018739,81.87106580986894
STU_018740,70.82184916503634
STU_018741,48.757117249631335
STU_018742,90.62296970873581
STU_018743,61.55082534609863
STU_018744,98.65759748258631
STU_018745,79.87646603682288
STU_018746,69.59326117924934
STU_018747,90.15622496877995
STU_018748,59.14256119326366
STU_018749,58.43925665967823
STU_018750,87.73286404016055
STU_018751,85.13741983347448
STU_018752,64.25346296565453
STU_018753,63.02506815853727
STU_018754,89.5601412804303
STU_018755,90.81486169365118
STU_018756,72.40802871160258
STU_018757,88.28537930702937
STU_018758,90.30584387739755
STU_018759,90.48972743848674
STU_018760,77.18332593402566
STU_018761,74.39862704041818
STU_018762,80.32031246940804
STU_018763,66.3071525301294
STU_018764,85.52371717393264
STU_018765,78.53829957421785
STU_018766,64.37024712468073
STU_018767,77.5082035235276
STU_018768,82.11792229286498
STU_018769,55.37502239659728
STU_018770,81.25209185389498
STU_018771,69.70115158045502
STU_018772,91.1484585012221
STU_018773,80.96116295908566
STU_018774,69.51063226322644
STU_018775,86.47966798278122
STU_018776,87.1076709684703
STU_018777,60.31651879226467
STU_018778,97.17802508506885
STU_018779,91.7237706317681
STU_018780,61.1860685186889
STU_018781,91.23945515722765
STU_018782,95.97354987990619
STU_018783,84.15756887889145
STU_018784,82.01453427676441
STU_018785,87.5365460458807
STU_018786,71.25930905346641
STU_018787,61.848564407423645
STU_018788,73.79258602978625
STU_018789,71.78572131911967
STU_018790,88.89255746973956
STU_018791,70.21483012267393
STU_018792,61.77495712134726
STU_018793,61.41888082513904
STU_018794,62.405439564103865
STU_018795,87.52335849815087
STU_018796,59.04523184656245
STU_018797,63.724480898576886
STU_018798,65.90364011842318
STU_018799,85.35629697595944
STU_018800,83.20755992198497
STU_018801,80.82794490368775
STU_018802,73.02932413955405
STU_018803,70.36260943655212
STU_018804,64.65342932074954
STU_018805,66.76205814377613
STU_018806,85.91787263332414
STU_018807,79.61544910610193
STU_018808,66.74803457965908
STU_018809,87.12655740788286
STU_018810,78.67550829116776
STU_018811,58.262481367263206
STU_018812,81.22103582552266
STU_018813,70.1332916654585
STU_018814,52.64871913497491
STU_018815,87.71434647482458
STU_018816,68.38125713756308
STU_018817,71.96798646326397
STU_018818,82.5959893463969
STU_018819,70.7796030197599
STU_018820,91.27057871343557
STU_018821,81.11209126336689
STU_018822,76.42728962988448
STU_018823,94.21324647707692
STU_018824,69.80809491680961
STU_018825,71.3509379620812
STU_018826,69.44407056680491
STU_018827,72.5862463775655
STU_018828,66.43142216524814
STU_018829,62.88169749753318
STU_018830,84.4886387478099
STU_018831,86.7016990435997
STU_018832,85.46104795832476
STU_018833,60.885165618988175
STU_018834,54.72503491803119
STU_018835,61.90020575375879
STU_018836,77.10930695146541
STU_018837,72.23112707320908
STU_018838,63.7374591615006
STU_018839,81.20268811128489
STU_018840,83.38544759029145
STU_018841,87.97586461615954
STU_018842,81.38490151430283
STU_018843,77.52971431055096
STU_018844,73.65471671009414
STU_018845,81.9345003045471
STU_018846,97.62702255494267
STU_018847,98.9475626195006
STU_018848,81.99395786733783
STU_018849,72.48138539616761
STU_018850,77.56397197001493
STU_018851,69.1285276278273
STU_018852,55.12086462848305
STU_018853,64.17442470658688
STU_018854,64.88946946192108
STU_018855,75.30846852770057
STU_018856,66.23809590732523
STU_018857,82.37281228817059
STU_018858,82.39389230384
STU_018859,93.09133237931304
STU_018860,73.07986656299776
STU_018861,76.25484356253631
STU_018862,86.79943904862412
STU_018863,71.35370564412602
STU_018864,64.7964621072415
STU_018865,76.99980910894496
STU_018866,73.79038424256649
STU_018867,64.6120212751686
STU_018868,82.83809041096478
STU_018869,74.12076180395981
STU_018870,86.7221362883097
STU_018871,95.88697295229962
STU_018872,82.91031026292092
STU_018873,72.5084570698595
STU_018874,87.38828740808508
STU_018875,97.82413554978288
STU_018876,64.92627829152846
STU_018877,58.749756421601184
STU_018878,94.67339578455747
STU_018879,87.99706639810147
STU_018880,82.06871987677071
STU_018881,63.7611282038142
STU_018882,72.6289533855898
STU_018883,74.82686324005316
STU_018884,89.64446707750139
STU_018885,59.86149031885578
STU_018886,85.01893304313658
STU_018887,70.71671618927478
STU_018888,90.57162164751372
STU_018889,69.54298800509714
STU_018890,46.570622140669414
STU_018891,77.22682385497998
STU_018892,82.53775990348342
STU_018893,83.28295827584016
STU_018894,99.41636163152953
STU_018895,76.22616839507938
STU_018896,84.15895017837512
STU_018897,72.37338026448663
STU_018898,67.67122521013631
STU_018899,70.65444172840428
STU_018900,75.50666472979589
STU_018901,83.16223355952103
STU_018902,94.08259506393544
STU_018903,87.21657091765955
STU_018904,78.80529205004349
STU_018905,65.90559557423074
STU_018906,79.37831237131012
STU_018907,76.4674469294923
STU_018908,72.25828930084324
STU_018909,78.29849164719275
STU_018910,76.98685087630241
STU_018911,59.35278765133668
STU_018912,84.36841644567734
STU_018913,68.83537973097904
STU_018914,69.30063110454164
STU_018915,79.90417934674265
STU_018916,62.07552427506357
STU_018917,85.00698951515388
STU_018918,90.25872292166531
STU_018919,82.09494469918505
STU_018920,63.38048250829298
STU_018921,75.69994744470377
STU_018922,64.49057851248102
STU_018923,96.70047187105541
STU_018924,70.28985582168706
STU_018925,74.29399384103202
STU_018926,82.54460447526107
STU_018927,77.4823002376661
STU_018928,71.18905350768023
STU_018929,75.88205530670541
STU_018930,58.56989135454891
STU_018931,59.31750919954007
STU_018932,58.23637157128225
STU_018933,72.38623348415535
STU_018934,76.94335919492362
STU_018935,70.39452573813506
STU_018936,71.47615565081762
STU_018937,83.8806136547554
STU_018938,83.44451955436246
STU_018939,68.49572658207511
STU_018940,81.98665231530168
STU_018941,88.09218418209818
STU_018942,58.89635526926619
STU_018943,79.58909621621221
STU_018944,75.59728719415135
STU_018945,75.3968384105616
STU_018946,79.26495035056892
STU_018947,68.08671364804441
STU_018948,72.46498496733437
STU_018949,75.69559509965465
STU_018950,86.39692280259908
STU_018951,69.49826251799279
STU_018952,66.50565567432567
STU_018953,71.87080111265763
STU_018954,80.44695912683724
STU_018955,73.56683153014426
STU_018956,64.21015735318866
STU_018957,71.4136999282271
STU_018958,83.2472406005392
STU_018959,80.34428500790597
STU_018960,74.14589375169493
STU_018961,70.95287716413137
STU_018962,82.13982034407394
STU_018963,90.59256754723376
STU_018964,67.19692877707557
STU_018965,82.45494951518202
STU_018966,95.03941814227883
STU_018967,95.56689959215821
STU_018968,78.13203700370693
STU_018969,76.64529020171082
STU_018970,90.71389118998975
STU_018971,57.177054662706176
STU_018972,76.64261109009244
STU_018973,83.96742279725532
STU_018974,66.22194238730938
STU_018975,81.276166602563
STU_018976,74.54812249624507
STU_018977,86.98038273946
STU_018978,84.2136616866884
STU_018979,64.53516340379687
STU_018980,76.3399453922065
STU_018981,61.61514944415869
STU_018982,73.32435304853753
STU_018983,75.99630108252087
STU_018984,73.73497593705986
STU_018985,80.88411149017203
STU_018986,81.73981393663941
STU_018987,82.20793402875375
STU_018988,73.70674057855705
STU_018989,82.70930569371214
STU_018990,86.56598898754936
STU_018991,63.93729101518822
STU_018992,76.24454327280212
STU_018993,77.42886621405967
STU_018994,82.2777219840251
STU_018995,93.82532393203388
STU_018996,66.91415659330916
STU_018997,71.7840842751062
STU_018998,71.78411320096033
STU_018999,88.31665545206407
STU_019000,74.09585304461906
STU_019001,64.51498600075747
STU_019002,69.69674925511373
STU_019003,84.73631653303116
STU_019004,80.0685610726038
STU_019005,92.72075297982981
STU_019006,87.55650517977958
STU_019007,100.0
STU_019008,80.54206968115724
STU_019009,100.0
STU_019010,56.86468132379225
STU_019011,82.59224429308175
STU_019012,77.70490790933442
STU_019013,63.22602250360833
STU_019014,100.0
STU_019015,58.957318434258255
STU_019016,65.20817290568202
STU_019017,94.86603808209367
STU_019018,71.85255446575788
STU_019019,71.16124665551672
STU_019020,95.66710533760957
STU_019021,45.60366593645001
STU_019022,72.22175086372292
STU_019023,87.77706282436847
STU_019024,71.68214752850746
STU_019025,91.44485861001633
STU_019026,95.40492844416062
STU_019027,78.11290520132431
STU_019028,66.50790151071186
STU_019029,61.186300317847284
STU_019030,71.7425882545301
STU_019031,82.05862176949977
STU_019032,81.95565471931376
STU_019033,79.05937023100608
STU_019034,74.76937142512908
STU_019035,85.00868403740492
STU_019036,89.5827684524663
STU_019037,83.24854358122622
STU_019038,66.03579503158568
STU_019039,77.60162952841245
STU_019040,72.07763432993862
STU_019041,78.3088257567918
STU_019042,82.28446152952826
STU_019043,90.12499133990885
STU_019044,84.79388467413976
STU_019045,75.11793269965086
STU_019046,65.44833913427368
STU_019047,52.98925770697468
STU_019048,83.04774165894828
STU_019049,55.68630554021282
STU_019050,83.50254440406198
STU_019051,69.15641667947415
STU_019052,63.20182325744389
STU_019053,80.20238507720202
STU_019054,72.09767043542674
STU_019055,59.66136537459641
STU_019056,81.67719512923792
STU_019057,80.72102071442887
STU_019058,81.94899692718106
STU_019059,55.178095459409356
STU_019060,72.18377808862121
STU_019061,56.799503849279944
STU_019062,84.7362504444359
STU_019063,72.46911768975242
STU_019064,64.40721971533294
STU_019065,89.79005336902195
STU_019066,61.32980168450578
STU_019067,80.5120749598909
STU_019068,66.74948672477562
STU_019069,60.59803792252487
STU_019070,75.54727126533605
STU_019071,66.82944633261799
STU_019072,99.3208295091172
STU_019073,68.39346995104358
STU_019074,68.24376251868598
STU_019075,69.50607231349133
STU_019076,60.867368841343975
STU_019077,95.37156196841424
STU_019078,90.60112404775255
STU_019079,88.16933366300707
STU_019080,62.88397947781955
STU_019081,81.0258018479638
STU_019082,86.59387811888743
STU_019083,60.15843656370622
STU_019084,56.56973599598431
STU_019085,63.677213458716274
STU_019086,50.25686710461535
STU_019087,74.58800402561145
STU_019088,70.73566215394447
STU_019089,79.7666586232216
STU_019090,85.14941006580729
STU_019091,78.20316972082479
STU_019092,81.21530807254229
STU_019093,76.52555658365468
STU_019094,85.9798515513275
STU_019095,74.86152428803996
STU_019096,82.23502299276694
STU_019097,85.30526100932188
STU_019098,65.16680627034438
STU_019099,73.18572697433922
STU_019100,72.76253674712096
STU_019101,65.19930225355345
STU_019102,76.37156507527887
STU_019103,85.49421156016786
STU_019104,65.18966236417867
STU_019105,67.61091876139204
STU_019106,60.84668835448912
STU_019107,85.29451542109835
STU_019108,73.22615870012609
STU_019109,96.05656105434156
STU_019110,91.84328381038566
STU_019111,77.13957260459004
STU_019112,96.59784540548823
STU_019113,82.31114720305621
STU_019114,94.84679154861173
STU_019115,82.2955290111783
STU_019116,80.80591714618329
STU_019117,64.46274160919943
STU_019118,80.1263524707455
STU_019119,75.03680541754431
STU_019120,70.22524579780072
STU_019121,93.06189812768224
STU_019122,80.62698325205663
STU_019123,67.49204247275759
STU_019124,89.3701816863441
STU_019125,77.40146288983507
STU_019126,74.24847178412597
STU_019127,73.8878237314664
STU_019128,85.75667838570679
STU_019129,62.10492893071521
STU_019130,58.24669193906092
STU_019131,81.67148032302063
STU_019132,91.23398226921961
STU_019133,59.173233002130715
STU_019134,68.17767581939874
STU_019135,95.61526700655014
STU_019136,86.41951905980928
STU_019137,65.3992895184324
STU_019138,85.58330518873942
STU_019139,83.67359521520396
STU_019140,80.29601101508017
STU_019141,92.15014579596428
STU_019142,84.15047290329254
STU_019143,80.55317813069838
STU_019144,75.30355979361363
STU_019145,71.7657881406614
STU_019146,92.16922428523203
STU_019147,75.9379979706981
STU_019148,94.59948277430193
STU_019149,81.13449972011566
STU_019150,77.24053046266839
STU_019151,90.17939988741178
STU_019152,52.28546511816422
STU_019153,68.2099127186125
STU_019154,90.99636725201235
STU_019155,100.0
STU_019156,79.73805906469998
STU_019157,86.53524855523183
STU_019158,59.026195544179615
STU_019159,70.73838022352787
STU_019160,66.48384338025882
STU_019161,63.134790655758515
STU_019162,62.31715996291089
STU_019163,75.10612168309873
STU_019164,74.4478323050178
STU_019165,80.0569011331038
STU_019166,92.70894182806198
STU_019167,83.53427872579311
STU_019168,86.9329449932584
STU_019169,72.02680227724507
STU_019170,88.25196205452036
STU_019171,79.86156601473252
STU_019172,87.15232828355676
STU_019173,83.2095510435469
STU_019174,60.87121872123952
STU_019175,76.28914780006727
STU_019176,78.32516311733016
STU_019177,92.58342144787122
STU_019178,44.29283367592322
STU_019179,75.74209807343799
STU_019180,66.9973369306383
STU_019181,91.01112120302182
STU_019182,60.43774687268037
STU_019183,91.62905508256269
STU_019184,88.20392809539517
STU_019185,91.81073217359642
STU_019186,98.1705024875313
STU_019187,74.34561214215748
STU_019188,93.52485146820563
STU_019189,86.35013884152085
STU_019190,74.18357933463174
STU_019191,65.17580976632348
STU_019192,95.05114167450348
STU_019193,68.48148104525592
STU_019194,70.52895705471963
STU_019195,80.70310390038355
STU_019196,80.42969118766003
STU_019197,92.99344574841821
STU_019198,75.773374412299
STU_019199,100.0
STU_019200,69.1126634391211
STU_019201,84.41050279925996
STU_019202,76.47795056632549
STU_019203,53.71150446283788
STU_019204,62.2703779737193
STU_019205,78.97070926340996
STU_019206,51.39071870732635
STU_019207,72.55354833019152
STU_019208,74.74835958516232
STU_019209,71.42028396922407
STU_019210,64.44745575833635
STU_019211,67.86314313087917
STU_019212,71.26903334424809
STU_019213,72.9241110207458
STU_019214,73.09823102419845
STU_019215,96.38154744168239
STU_019216,74.85352940705967
STU_019217,75.75624427731772
STU_019218,47.44140519736854
STU_019219,82.40774398785392
STU_019220,80.20695225129244
STU_019221,65.35965664788975
STU_019222,81.8684218593421
STU_019223,79.61044984229957
STU_019224,93.04723311918767
STU_019225,59.113294570185374
STU_019226,61.35654312895093
STU_019227,63.86694133655138
STU_019228,64.85670292925525
STU_019229,78.60340442591331
STU_019230,69.6532098207203
STU_019231,85.32136412473723
STU_019232,90.1249813284193
STU_019233,59.58868794215283
STU_019234,71.60055685460915
STU_019235,77.77469306221579
STU_019236,79.78029727142096
STU_019237,74.93574624677709
STU_019238,75.00418856155397
STU_019239,82.4206656267746
STU_019240,79.27359945027753
STU_019241,93.23089152218459
STU_019242,69.51931664027018
STU_019243,86.83507370700647
STU_019244,77.85219082701529
STU_019245,53.379533581596334
STU_019246,61.24421373236722
STU_019247,87.36671146541627
STU_019248,83.86816030400031
STU_019249,89.7575296809905
STU_019250,60.958143607972026
STU_019251,88.93570658314545
STU_019252,73.91435967660739
STU_019253,62.83703294856908
STU_019254,53.02494486053408
STU_019255,67.04802606350904
STU_019256,86.58035010791896
STU_019257,63.468244781630766
STU_019258,55.445280503755164
STU_019259,70.54596067706798
STU_019260,80.41727574554346
STU_019261,72.99418511995746
STU_019262,90.12397739634268
STU_019263,73.80377969683269
STU_019264,73.29417262901862
STU_019265,89.59993119851539
STU_019266,82.44927434306005
STU_019267,66.02256451832888
STU_019268,72.450125358843
STU_019269,79.63164384222657
STU_019270,86.26166118547239
STU_019271,51.70392893493103
STU_019272,66.77593019578703
STU_019273,93.54350283266092
STU_019274,97.54225252270444
STU_019275,100.0
STU_019276,62.254812211003205
STU_019277,95.87892879975922
STU_019278,85.10483125189516
STU_019279,76.76231727084905
STU_019280,67.56952885732976
STU_019281,81.59966098299165
STU_019282,66.94954986021918
STU_019283,100.0
STU_019284,83.81846059740589
STU_019285,73.4786894954844
STU_019286,88.72519157300148
STU_019287,79.42966406825937
STU_019288,65.43455767401387
STU_019289,85.41775290284667
STU_019290,79.37507304282273
STU_019291,76.86133480483379
STU_019292,77.51492125813809
STU_019293,68.21089464787438
STU_019294,75.03752994924601
STU_019295,67.10324698956823
STU_019296,69.25926582296152
STU_019297,83.0322252935645
STU_019298,87.43970797440834
STU_019299,88.95766799020065
STU_019300,80.3071943378535
STU_019301,74.9554816552787
STU_019302,76.55491503674536
STU_019303,67.46119890258998
STU_019304,89.07073199477915
STU_019305,68.79572415614597
STU_019306,67.61654572022819
STU_019307,67.5740895592579
STU_019308,59.213126835061836
STU_019309,69.79710397284143
STU_019310,86.12453136547498
STU_019311,88.96242218440453
STU_019312,78.24983269348023
STU_019313,83.0927125003654
STU_019314,85.3260265416426
STU_019315,76.84054184581899
STU_019316,87.35672828333993
STU_019317,75.97468801648256
STU_019318,83.7751602210401
STU_019319,87.88886552154693
STU_019320,97.86175788154625
STU_019321,74.2127086974829
STU_019322,85.04150442532946
STU_019323,74.43610236588044
STU_019324,90.85271267126005
STU_019325,75.67476659473701
STU_019326,91.39120198355761
STU_019327,93.86495598614647
STU_019328,96.19324841937204
STU_019329,89.43024883678594
STU_019330,80.74528857503847
STU_019331,81.62489683951691
STU_019332,69.21344257387216
STU_019333,85.23792958833025
STU_019334,63.02841701947772
STU_019335,67.44642431252316
STU_019336,69.56980406053285
STU_019337,92.73506587659016
STU_019338,67.08217374384093
STU_019339,89.4835561661125
STU_019340,99.90639805278408
STU_019341,79.59296681010782
STU_019342,63.46271461950636
STU_019343,69.94826387537758
STU_019344,65.12051939178747
STU_019345,68.74542334469206
STU_019346,78.5433676060798
STU_019347,60.40036232399078
STU_019348,91.45735547346122
STU_019349,81.89648824013027
STU_019350,63.934865019001485
STU_019351,88.75331852469888
STU_019352,78.83262849613857
STU_019353,80.89095090811881
STU_019354,70.13809343515364
STU_019355,78.54685796475923
STU_019356,56.613387945660804
STU_019357,60.54127608843407
STU_019358,78.60933893525699
STU_019359,85.00500487689924
STU_019360,67.18467842469953
STU_019361,81.78987770499441
STU_019362,62.28239661318483
STU_019363,75.58069654778737
STU_019364,75.58469481744417
STU_019365,86.74439455447535
STU_019366,97.33526270620239
STU_019367,97.11570029180787
STU_019368,74.26445255345779
STU_019369,77.44275887055018
STU_019370,72.71898878676073
STU_019371,85.12431214354716
STU_019372,72.6610735838847
STU_019373,65.14751746620902
STU_019374,69.81485943130336
STU_019375,81.24440607099802
STU_019376,92.24398805724408
STU_019377,85.58002494454996
STU_019378,68.03499051119604
STU_019379,56.04980644937759
STU_019380,89.54953191371084
STU_019381,67.24727586105891
STU_019382,71.33778518670303
STU_019383,83.56959024306398
STU_019384,65.80718577919147
STU_019385,85.50071165410674
STU_019386,70.44009733301404
STU_019387,58.86602678415193
STU_019388,70.0627421078938
STU_019389,96.4221822325765
STU_019390,51.966214442359245
STU_019391,78.01297449606749
STU_019392,79.4971197551725
STU_019393,77.08087527873532
STU_019394,72.62261118603399
STU_019395,80.5925142956942
STU_019396,94.18537989717535
STU_019397,72.79367239920889
STU_019398,57.82450540276221
STU_019399,59.64539424827793
STU_019400,93.37690643536412
STU_019401,70.9477670939004
STU_019402,69.85959763177061
STU_019403,82.87464652264114
STU_019404,87.30337159143511
STU_019405,80.10859295400752
STU_019406,75.37794962754478
STU_019407,70.99349582755475
STU_019408,79.76793184082365
STU_019409,75.83492425433543
STU_019410,75.84159882664133
STU_019411,79.25710589691815
STU_019412,58.65941805097189
STU_019413,72.37103975142605
STU_019414,66.92310286354012
STU_019415,84.72675163452897
STU_019416,83.85001070744372
STU_019417,87.04646859464539
STU_019418,93.72586405614574
STU_019419,74.84245503051028
STU_019420,76.728542847033
STU_019421,78.60532058301806
STU_019422,78.01953636850257
STU_019423,71.51099414587351
STU_019424,87.92509623273132
STU_019425,64.89857603947073
STU_019426,82.48138013700665
STU_019427,88.48128782636412
STU_019428,93.52731649683096
STU_019429,71.09607838289106
STU_019430,84.60918186550478
STU_019431,60.75919630970465
STU_019432,76.52122878887242
STU_019433,66.82636408989883
STU_019434,56.905954935991346
STU_019435,100.0
STU_019436,65.82070430160823
STU_019437,91.8655599411899
STU_019438,81.39105986528449
STU_019439,59.144777488987984
STU_019440,66.3150803741973
STU_019441,79.97277835502634
STU_019442,71.42046849668561
STU_019443,62.54319606103394
STU_019444,95.55301581530243
STU_019445,89.23234376979873
STU_019446,48.99013656976122
STU_019447,77.08991802380089
STU_019448,69.26010246879515
STU_019449,63.811421902576164
STU_019450,72.54609033725062
STU_019451,72.56308690880122
STU_019452,84.51827427058555
STU_019453,83.80736675284173
STU_019454,76.6404601543441
STU_019455,69.89656481628452
STU_019456,71.49245266977108
STU_019457,65.24963443752401
STU_019458,70.04349534109957
STU_019459,66.99328974495629
STU_019460,93.30916540419064
STU_019461,89.89602993819372
STU_019462,99.93784943175862
STU_019463,70.41348629478921
STU_019464,75.8202269723727
STU_019465,68.90763510742822
STU_019466,71.93177665262647
STU_019467,74.23581826121652
STU_019468,88.1311703546255
STU_019469,72.8612335149724
STU_019470,89.04655071336683
STU_019471,94.3036401977484
STU_019472,85.60706549400129
STU_019473,90.54765618806053
STU_019474,66.63285950644853
STU_019475,58.70064537029947
STU_019476,94.82963964703198
STU_019477,70.2095428934127
STU_019478,73.1600880584287
STU_019479,75.64196043504046
STU_019480,91.31791071699541
STU_019481,75.02097584844383
STU_019482,75.1672283519081
STU_019483,71.27524872942072
STU_019484,83.2790458345575
STU_019485,58.26540475985904
STU_019486,43.91113584767668
STU_019487,66.91090433326802
STU_019488,92.47899702004369
STU_019489,69.19418726138116
STU_019490,75.20113636515514
STU_019491,58.51526681543632
STU_019492,71.00701769186031
STU_019493,64.82475465167417
STU_019494,60.35652375150238
STU_019495,90.54182747383093
STU_019496,87.73547736706865
STU_019497,60.71516364404055
STU_019498,88.85501018608039
STU_019499,92.75525996697947
STU_019500,88.31785656533332
STU_019501,90.39471108322823
STU_019502,69.33267548196578
STU_019503,74.49621538380337
STU_019504,90.15738364595123
STU_019505,65.31289268458451
STU_019506,79.53183682208287
STU_019507,90.8410731818652
STU_019508,95.67920956486216
STU_019509,99.68648018815101
STU_019510,87.35387786850895
STU_019511,56.75102619546149
STU_019512,77.69927005815265
STU_019513,66.78930076039637
STU_019514,56.504282352642775
STU_019515,64.08229523805299
STU_019516,88.67867997102321
STU_019517,68.16027671074869
STU_019518,68.67010878160515
STU_019519,68.28185893328897
STU_019520,84.17854479775062
STU_019521,64.14629146180577
STU_019522,75.69237926782988
STU_019523,91.52106281734369
STU_019524,81.09489538732574
STU_019525,86.39574372252923
STU_019526,75.81983710073249
STU_019527,73.65464111295378
STU_019528,69.95212740195734
STU_019529,94.62203325543
STU_019530,87.96360504908566
STU_019531,88.59491115400746
STU_019532,55.323486702592945
STU_019533,75.60410287895013
STU_019534,78.2458543567284
STU_019535,71.96234088352918
STU_019536,67.55804514659928
STU_019537,58.22320787165913
STU_019538,77.57227512607875
STU_019539,69.59291313307143
STU_019540,67.5803904810901
STU_019541,78.19271539452673
STU_019542,100.0
STU_019543,100.0
STU_019544,76.51384117040253
STU_019545,90.93370770036825
STU_019546,59.382476440610404
STU_019547,67.69758246559337
STU_019548,86.38865901866481
STU_019549,81.58938158933609
STU_019550,96.80382597251317
STU_019551,76.32570201128435
STU_019552,68.21830173008814
STU_019553,70.42407547513197
STU_019554,64.86841855187353
STU_019555,95.3787567713716
STU_019556,71.51663769616397
STU_019557,97.4294266704342
STU_019558,57.97311611962013
STU_019559,86.27795604814712
STU_019560,84.05605961818146
STU_019561,49.15696734131595
STU_019562,90.01311056995127
STU_019563,77.40851608923526
STU_019564,78.60099070197285
STU_019565,61.403719046427504
STU_019566,83.83613945556677
STU_019567,81.8218072177899
STU_019568,68.13334655928168
STU_019569,63.26224952092419
STU_019570,74.33142610752871
STU_019571,53.27231749967517
STU_019572,65.87522684126176
STU_019573,72.3411260505698
STU_019574,74.96756827463133
STU_019575,80.10643809644043
STU_019576,91.847409190031
STU_019577,69.2155255082739
STU_019578,64.30719219074942
STU_019579,70.20773240325695
STU_019580,65.18982671737136
STU_019581,96.17410007900808
STU_019582,81.09656814467772
STU_019583,73.98375227334907
STU_019584,68.25252569364876
STU_019585,85.14338295686474
STU_019586,72.56858303174235
STU_019587,83.0008873735923
STU_019588,79.56465386544194
STU_019589,65.63855527148213
STU_019590,100.0
STU_019591,86.67410221887121
STU_019592,71.47823825262252
STU_019593,69.64757458366591
STU_019594,88.80953903348657
STU_019595,74.3099450227482
STU_019596,91.45289945816019
STU_019597,76.14347731749794
STU_019598,77.37924106721333
STU_019599,72.48669769430558
STU_019600,96.42461238645076
STU_019601,76.79725544798693
STU_019602,76.63624062743499
STU_019603,92.57518058760073
STU_019604,92.12604436747574
STU_019605,74.68372374659073
STU_019606,81.67729115409328
STU_019607,59.02801903070664
STU_019608,70.2275908483356
STU_019609,87.2064958502662
STU_019610,61.77848220933595
STU_019611,72.27916569611375
STU_019612,59.065639308385066
STU_019613,62.33359897766094
STU_019614,68.81863293888759
STU_019615,89.5586448549107
STU_019616,75.69881996522857
STU_019617,76.3656297853106
STU_019618,67.12793761763967
STU_019619,88.45527869280089
STU_019620,79.70229951509094
STU_019621,73.7748981654276
STU_019622,80.200461548437
STU_019623,74.22565216215463
STU_019624,96.10881578599711
STU_019625,40.292096522416884
STU_019626,84.99016961632996
STU_019627,88.34221557446247
STU_019628,73.07335475470865
STU_019629,79.61705488903739
STU_019630,93.93763810169352
STU_019631,64.24582788343815
STU_019632,91.7777931760592
STU_019633,92.77203531294542
STU_019634,83.62600149961601
STU_019635,74.14258445696622
STU_019636,67.30392745931532
STU_019637,79.31434577669297
STU_019638,67.72614131781617
STU_019639,62.10400202090094
STU_019640,84.64436201205822
STU_019641,88.17041688900669
STU_019642,80.85196892743446
STU_019643,87.03683192889757
STU_019644,73.68018766234397
STU_019645,71.78183456664482
STU_019646,77.68563612831065
STU_019647,74.90405428739281
STU_019648,61.675430762857715
STU_019649,60.94827997119849
STU_019650,70.74808385389959
STU_019651,71.36995213831192
STU_019652,75.00882593099941
STU_019653,74.04304546554245
STU_019654,64.00209318007333
STU_019655,61.38414619138467
STU_019656,48.483647831672684
STU_019657,67.192388864186
STU_019658,67.89467181431792
STU_019659,78.33442640206846
STU_019660,71.75631813464409
STU_019661,78.12134985036573
STU_019662,70.29999665244604
STU_019663,76.3749547418762
STU_019664,69.36646768073551
STU_019665,88.40327369091023
STU_019666,89.25758713020207
STU_019667,77.59399959651162
STU_019668,52.48221026959532
STU_019669,67.53178809611623
STU_019670,84.63854534162657
STU_019671,57.0741068543894
STU_019672,84.10791737815192
STU_019673,74.29762149452856
STU_019674,81.81139242866972
STU_019675,74.74743119664168
STU_019676,77.64381051599236
STU_019677,87.28279857036812
STU_019678,98.73167800218904
STU_019679,86.8862461170397
STU_019680,83.96033270368771
STU_019681,89.68271342115237
STU_019682,86.73759640030997
STU_019683,70.42909323199702
STU_019684,70.45530413138184
STU_019685,87.87558732886406
STU_019686,84.69664898406857
STU_019687,68.67986968234135
STU_019688,84.61160036140375
STU_019689,71.05503977250963
STU_019690,79.44916727216828
STU_019691,69.70538992155252
STU_019692,60.35874267818227
STU_019693,97.70912825038982
STU_019694,79.94959397466903
STU_019695,60.92721735999239
STU_019696,64.8571713719775
STU_019697,91.19656397410384
STU_019698,91.58768234106029
STU_019699,78.15420203104034
STU_019700,78.83382529383027
STU_019701,67.20483475472093
STU_019702,76.33050476135897
STU_019703,84.05204044802403
STU_019704,80.05468340962221
STU_019705,66.6445797944469
STU_019706,87.97569331155219
STU_019707,65.90014659339654
STU_019708,80.53686498067162
STU_019709,71.93658503906353
STU_019710,64.95511266138476
STU_019711,94.41354946218532
STU_019712,55.417005023453804
STU_019713,86.43815412926344
STU_019714,67.45723323034795
STU_019715,84.92725068154348
STU_019716,84.30909661569763
STU_019717,92.51497289630734
STU_019718,70.69539658113766
STU_019719,95.46492995198379
STU_019720,94.6158935829584
STU_019721,63.19568927065558
STU_019722,69.33638060970091
STU_019723,80.44437973750703
STU_019724,77.01712472509475
STU_019725,90.97631218451222
STU_019726,67.50268949532372
STU_019727,87.58872472566422
STU_019728,77.44010401093338
STU_019729,75.21459982504071
STU_019730,72.21183731476003
STU_019731,62.708878375160324
STU_019732,86.02743967925329
STU_019733,80.15930679625582
STU_019734,75.95647902969847
STU_019735,86.68635180232911
STU_019736,93.11288520216989
STU_019737,95.70573198808391
STU_019738,89.3150716321555
STU_019739,68.78864897926786
STU_019740,76.78036826711939
STU_019741,99.35255194109789
STU_019742,79.68944212796622
STU_019743,85.85318943701007
STU_019744,74.15177794716664
STU_019745,86.18378359291472
STU_019746,89.21988107540028
STU_019747,77.55004018967634
STU_019748,67.02164065496872
STU_019749,66.26401452567636
STU_019750,71.90471847644721
STU_019751,73.4142263255582
STU_019752,58.68988049634613
STU_019753,88.20751561330874
STU_019754,72.69204425066646
STU_019755,84.55047486357299
STU_019756,53.93997671313994
STU_019757,80.06011496839125
STU_019758,61.80860338581569
STU_019759,76.06137183594139
STU_019760,83.07550491733036
STU_019761,68.67038824066218
STU_019762,85.3100176509433
STU_019763,72.1408017086218
STU_019764,66.46674152083341
STU_019765,86.19271709717492
STU_019766,71.20908394393003
STU_019767,60.47455900886804
STU_019768,84.16439951453324
STU_019769,63.82580711656101
STU_019770,77.97417605556298
STU_019771,88.90109564072033
STU_019772,70.18489267076308
STU_019773,86.65817181790739
STU_019774,51.84802961637908
STU_019775,88.95759509121984
STU_019776,61.71010215080207
STU_019777,76.21762866762748
STU_019778,74.69407957465724
STU_019779,75.74839910637814
STU_019780,78.05818527287738
STU_019781,56.403323749857734
STU_019782,72.72882535209081
STU_019783,71.34028840584895
STU_019784,80.3906218177982
STU_019785,75.77552587434002
STU_019786,55.9994659199913
STU_019787,75.9214002357493
STU_019788,75.44147493059945
STU_019789,77.9018986166872
STU_019790,69.56913064708061
STU_019791,53.0132948723832
STU_019792,77.77547896091305
STU_019793,68.41695882295583
STU_019794,82.99747212351498
STU_019795,73.38025335051755
STU_019796,85.8242579187737
STU_019797,48.65775009494173
STU_019798,85.83022586123988
STU_019799,79.18488701420883
STU_019800,55.28226143891698
STU_019801,80.73485746896168
STU_019802,90.42442799051331
STU_019803,67.73282845388853
STU_019804,80.46710232609807
STU_019805,75.45545730678693
STU_019806,65.01925670820262
STU_019807,63.88847493782235
STU_019808,71.84253340571078
STU_019809,93.8286337949598
STU_019810,72.5782212062861
STU_019811,70.6384337335534
STU_019812,85.68503069482355
STU_019813,77.29682187294272
STU_019814,86.21308596479007
STU_019815,83.55082749764927
STU_019816,80.47492308193645
STU_019817,95.28221477880724
STU_019818,68.77977685015098
STU_019819,97.80720143301068
STU_019820,65.73271675813821
STU_019821,79.26019547708563
STU_019822,66.70537408831744
STU_019823,78.91309299993995
STU_019824,98.17879633880116
STU_019825,78.34758469217972
STU_019826,83.61091323512215
STU_019827,81.64515950705594
STU_019828,84.78340808750775
STU_019829,75.40852446189696
STU_019830,92.2913284725375
STU_019831,88.03895016129627
STU_019832,90.55167287968098
STU_019833,75.00369418810449
STU_019834,73.46486732469629
STU_019835,73.51864808239237
STU_019836,87.91644273554797
STU_019837,73.44078466450317
STU_019838,77.29055159120296
STU_019839,81.6591429452935
STU_019840,67.91874168463254
STU_019841,65.07959134189906
STU_019842,69.82343987950037
STU_019843,68.63227379414049
STU_019844,75.56101512389354
STU_019845,75.80228197260267
STU_019846,96.27172925985917
STU_019847,99.71959098865472
STU_019848,70.83860601384666
STU_019849,91.2002392256753
STU_019850,76.15993350604411
STU_019851,98.96316122403941
STU_019852,64.03781063754785
STU_019853,83.28509351856422
STU_019854,81.11605811199601
STU_019855,79.31685535762995
STU_019856,74.16422180348556
STU_019857,84.21765378395531
STU_019858,97.9272006271384
STU_019859,94.86572997183126
STU_019860,87.52790112673742
STU_019861,63.349412972725965
STU_019862,72.12407905181978
STU_019863,76.74904422502992
STU_019864,78.37427145760468
STU_019865,87.50447814561922
STU_019866,89.31129811502255
STU_019867,81.00223766274117
STU_019868,80.12803762804347
STU_019869,75.93307951557225
STU_019870,75.97475207643876
STU_019871,94.63453732344297
STU_019872,99.89586579808235
STU_019873,78.88147558962217
STU_019874,60.0977460909112
STU_019875,77.21336559484797
STU_019876,96.93059165528283
STU_019877,70.90421396632973
STU_019878,64.66651313814421
STU_019879,87.24256389921835
STU_019880,62.34972669154764
STU_019881,71.21686566862746
STU_019882,89.38058264802687
STU_019883,61.4916542265823
STU_019884,70.77734562646897
STU_019885,79.46753318628345
STU_019886,75.53846087804429
STU_019887,100.0
STU_019888,59.49107151064922
STU_019889,86.6510671886975
STU_019890,78.07320044298096
STU_019891,75.12709951777812
STU_019892,69.97540592344293
STU_019893,92.57598609076186
STU_019894,62.50488983055685
STU_019895,75.76941863042296
STU_019896,83.27291644056939
STU_019897,82.65113688649662
STU_019898,77.4579497235557
STU_019899,84.09972759575145
STU_019900,83.31703933529573
STU_019901,72.29625579651162
STU_019902,73.43741372650538
STU_019903,87.68080574795599
STU_019904,72.43796052822739
STU_019905,80.59700636008431
STU_019906,67.74830234826672
STU_019907,57.63492442097349
STU_019908,54.32106100733289
STU_019909,65.69913390972667
STU_019910,93.40291705107336
STU_019911,100.0
STU_019912,67.80701664750949
STU_019913,82.11720636045038
STU_019914,63.75629118012548
STU_019915,78.22936449183914
STU_019916,65.62198061429166
STU_019917,65.47564793609871
STU_019918,89.61399582925934
STU_019919,73.66983689665152
STU_019920,91.33235538107827
STU_019921,71.7425422210605
STU_019922,92.87217541020311
STU_019923,66.13508877248563
STU_019924,97.53648223802973
STU_019925,88.88766356504937
STU_019926,69.7025594531969
STU_019927,79.74923721668628
STU_019928,79.44255162258875
STU_019929,83.16499722014257
STU_019930,68.33111335669957
STU_019931,96.84587425192811
STU_019932,83.46698709014451
STU_019933,60.489507277255655
STU_019934,87.7214442032595
STU_019935,58.34537736043308
STU_019936,87.73277713349343
STU_019937,85.42658162344918
STU_019938,67.54863431987677
STU_019939,86.81202666584257
STU_019940,87.29482858754805
STU_019941,70.60101235955793
STU_019942,73.52749917297356
STU_019943,81.49041049663698
STU_019944,94.2841192040445
STU_019945,80.0434415396338
STU_019946,85.06278027532696
STU_019947,78.2186230616607
STU_019948,87.70725694064808
STU_019949,82.07614808356696
STU_019950,70.97421286357115
STU_019951,69.56911434776647
STU_019952,64.40308726621181
STU_019953,68.94708098464066
STU_019954,79.13471028522628
STU_019955,68.0294514744171
STU_019956,66.51702406017301
STU_019957,82.09072941244798
STU_019958,77.34349396815074
STU_019959,80.20105598699999
STU_019960,67.0080097717945
STU_019961,68.87460395540043
STU_019962,78.9709792893577
STU_019963,65.3856461976246
STU_019964,70.65463112403485
STU_019965,65.23022182038694
STU_019966,81.12475749851029
STU_019967,92.58258304786983
STU_019968,74.66156885352555
STU_019969,59.51959202081078
STU_019970,92.60216518307438
STU_019971,91.54913927504131
STU_019972,75.14981968392111
STU_019973,79.14509358148626
STU_019974,89.23609035203535
STU_019975,77.60421779264483
STU_019976,77.5042219827595
STU_019977,72.44180548861085
STU_019978,63.66955765963283
STU_019979,61.81014436733342
STU_019980,72.07327947138342
STU_019981,100.0
STU_019982,77.3486212444432
STU_019983,89.74361859860473
STU_019984,96.59800629219512
STU_019985,86.36443158822965
STU_019986,91.44675998350674
STU_019987,86.57048089865744
STU_019988,71.2094952832477
STU_019989,72.61351558722693
STU_019990,79.42685664217373
STU_019991,88.54347214025641
STU_019992,80.71454304812531
STU_019993,85.33623478457761
STU_019994,56.38296682353405
STU_019995,78.14996041650365
STU_019996,66.30778811394705
STU_019997,78.15560738914138
STU_019998,58.316118407929075
STU_019999,87.41381184229338
STU_020000,75.62400129223504
