student_id,career_success_score
STU_010001,55.91784752630318
STU_010002,70.62313194548958
STU_010003,73.61972709887499
STU_010004,96.49906342778785
STU_010005,78.14166512697055
STU_010006,75.82234656023729
STU_010007,77.49116312094786
STU_010008,81.05595845261023
STU_010009,71.99835613448809
STU_010010,61.899865022199236
STU_010011,92.38343172790721
STU_010012,80.7089127740301
STU_010013,83.61593011114824
STU_010014,88.79156739561844
STU_010015,50.98467408295363
STU_010016,72.35298932917247
STU_010017,63.477439994451004
STU_010018,57.484535144915355
STU_010019,84.80346184268613
STU_010020,69.62447092954702
STU_010021,83.17037674445373
STU_010022,94.08971920816987
STU_010023,95.91471662263311
STU_010024,68.17778806500908
STU_010025,83.73443600267154
STU_010026,81.28080887824513
STU_010027,76.22122839467345
STU_010028,86.97736602443206
STU_010029,92.39712923623856
STU_010030,65.0082727539256
STU_010031,64.85950183274856
STU_010032,90.91267368440798
STU_010033,60.05372882391009
STU_010034,88.30071622500635
STU_010035,79.29492795246037
STU_010036,65.45950943527876
STU_010037,62.74492872160055
STU_010038,89.81105901639711
STU_010039,69.21746577008143
STU_010040,81.95856310237464
STU_010041,88.06443724668715
STU_010042,60.92438678974412
STU_010043,84.40992637126018
STU_010044,75.06066798100065
STU_010045,82.5930974182948
STU_010046,59.67187809411232
STU_010047,66.81618571185274
STU_010048,81.47749239268434
STU_010049,51.36533397390278
STU_010050,63.035873435009094
STU_010051,73.11960462665823
STU_010052,70.10853925166909
STU_010053,60.79784608700008
STU_010054,67.65513766136537
STU_010055,65.78444604713901
STU_010056,61.71058706003785
STU_010057,63.43772410414573
STU_010058,95.00209772606894
STU_010059,88.70221098860911
STU_010060,75.08208076107242
STU_010061,42.977174511572244
STU_010062,77.87589143646169
STU_010063,59.68923689080364
STU_010064,83.1679069234184
STU_010065,56.7708482175464
STU_010066,62.79332372263495
STU_010067,92.1132587759579
STU_010068,58.38144021674188
STU_010069,67.65183860208265
STU_010070,56.598901048369314
STU_010071,93.93694118501216
STU_010072,71.66271704515111
STU_010073,96.03996593045161
STU_010074,57.66622301082753
STU_010075,74.36343572182504
STU_010076,96.31583113355097
STU_010077,84.95923846370175
STU_010078,87.33628505197086
STU_010079,83.26886125884735
STU_010080,76.41154788959311
STU_010081,62.68888450057865
STU_010082,72.91135701925684
STU_010083,78.98418946085293
STU_010084,69.59552566939465
STU_010085,74.56752963356583
STU_010086,80.05951717665393
STU_010087,69.62832530654553
STU_010088,64.85479609711157
STU_010089,85.49159137081756
STU_010090,79.38299550029568
STU_010091,57.84734744156102
STU_010092,69.85351332911863
STU_010093,63.96357582393593
STU_010094,87.59111354417884
STU_010095,57.26872669711712
STU_010096,77.84615410271492
STU_010097,68.6900193627226
STU_010098,85.84683725665555
STU_010099,74.33947080210758
STU_010100,72.51468869760589
STU_010101,72.14325368876038
STU_010102,69.29208441224974
STU_010103,90.78485660036242
STU_010104,52.288242191563356
STU_010105,96.70140636949694
STU_010106,51.84957468120811
STU_010107,76.20647215230315
STU_010108,78.06474497226849
STU_010109,66.98831672187535
STU_010110,78.73247879763741
STU_010111,82.62232863738274
STU_010112,80.56173450459482
STU_010113,67.85893448884636
STU_010114,79.07954696043863
STU_010115,77.31477682868854
STU_010116,86.08108654392797
STU_010117,77.6067899076652
STU_010118,90.06756932537499
STU_010119,70.36779544902335
STU_010120,70.91787158638016
STU_010121,79.88723067374572
STU_010122,74.2320457513219
STU_010123,89.56041471820159
STU_010124,73.35055694639746
STU_010125,84.32622680887799
STU_010126,67.18969176195046
STU_010127,61.77796015960699
STU_010128,90.0984375751492
STU_010129,83.35254833954676
STU_010130,65.63619478956224
STU_010131,62.58248837169113
STU_010132,74.83597714422513
STU_010133,73.7480372632394
STU_010134,66.76499426830638
STU_010135,42.674899932929435
STU_010136,70.29469816165542
STU_010137,57.989216004753146
STU_010138,82.09343062361056
STU_010139,80.81051975554169
STU_010140,77.76007843222378
STU_010141,61.679092245224474
STU_010142,83.45662829477
STU_010143,71.85516338922808
STU_010144,72.01557133953196
STU_010145,92.1470231013414
STU_010146,79.36454347791687
STU_010147,58.862238472063424
STU_010148,58.29942983967442
STU_010149,63.16631115448797
STU_010150,91.11830464942527
STU_010151,72.98345015643275
STU_010152,84.75526147027317
STU_010153,75.84043290708703
STU_010154,81.02760933438299
STU_010155,67.31717962108466
STU_010156,93.99246649978913
STU_010157,100.0
STU_010158,70.94958752835015
STU_010159,90.66557954006007
STU_010160,66.18987740403415
STU_010161,94.71964557162863
STU_010162,100.0
STU_010163,80.62962401470472
STU_010164,73.80630290765693
STU_010165,75.27281255109389
STU_010166,92.32516187216045
STU_010167,82.00251735360925
STU_010168,76.97418952567278
STU_010169,69.50156664457303
STU_010170,89.42496148675978
STU_010171,72.47897778644665
STU_010172,95.55156100291457
STU_010173,67.87415905306734
STU_010174,77.59165778542015
STU_010175,82.68662406741933
STU_010176,69.91215670447201
STU_010177,89.39243307402052
STU_010178,82.84843245961521
STU_010179,84.18167445646168
STU_010180,82.00591124321456
STU_010181,69.04687510815751
STU_010182,72.76978232899833
STU_010183,73.10102979209557
STU_010184,79.69652158394139
STU_010185,67.13268335014972
STU_010186,81.24828706543192
STU_010187,63.66240641847627
STU_010188,90.61831950344626
STU_010189,73.81579515181656
STU_010190,60.12573412599798
STU_010191,42.04005876952466
STU_010192,78.87181461167079
STU_010193,57.412632403327706
STU_010194,82.25618921470925
STU_010195,81.97846426799461
STU_010196,66.51897516942466
STU_010197,72.32486220675439
STU_010198,80.066912673241
STU_010199,91.85925001697763
STU_010200,78.44217478354024
STU_010201,96.95240260359856
STU_010202,81.4328295819029
STU_010203,67.85527097469718
STU_010204,89.54399117392833
STU_010205,82.71463972746425
STU_010206,86.93297615573735
STU_010207,49.39110643884588
STU_010208,74.42674474498558
STU_010209,62.046294024070065
STU_010210,83.11067086837389
STU_010211,75.86235984863691
STU_010212,92.03380500742261
STU_010213,85.5728568425683
STU_010214,65.97725370926614
STU_010215,70.3688455637828
STU_010216,58.982265755821665
STU_010217,78.01713749982261
STU_010218,57.91225559302781
STU_010219,79.3605359322686
STU_010220,72.24779035948491
STU_010221,84.03543088247751
STU_010222,60.677505671713064
STU_010223,71.84128353205035
STU_010224,99.60601900660754
STU_010225,62.222693171849514
STU_010226,83.49583089020763
STU_010227,59.612965353696744
STU_010228,93.41433131821914
STU_010229,77.99508137639071
STU_010230,62.87791637674552
STU_010231,53.93711916796518
STU_010232,94.46973677998866
STU_010233,63.019636201487955
STU_010234,80.1545636202811
STU_010235,45.7027440963329
STU_010236,87.22035475302333
STU_010237,85.34551952765443
STU_010238,75.51351981616824
STU_010239,51.297022254734536
STU_010240,68.6881772953844
STU_010241,83.0646053864578
STU_010242,79.3652971634016
STU_010243,62.47453334422576
STU_010244,90.12082073914323
STU_010245,60.83626585735804
STU_010246,48.4633942280979
STU_010247,89.93352748147555
STU_010248,79.90298084022393
STU_010249,69.08388698018453
STU_010250,93.96545242044661
STU_010251,75.9483018944165
STU_010252,100.0
STU_010253,57.72332758011819
STU_010254,96.39366114541784
STU_010255,70.84760737813019
STU_010256,61.60559936815391
STU_010257,74.152175002016
STU_010258,80.48022518568159
STU_010259,83.34916390527098
STU_010260,58.47725801954627
STU_010261,66.5220447728776
STU_010262,56.50554356654297
STU_010263,55.288740398038335
STU_010264,100.0
STU_010265,66.9951590115861
STU_010266,77.16264574658692
STU_010267,63.774539283065565
STU_010268,85.02075094753353
STU_010269,79.23305680432779
STU_010270,91.60452599262689
STU_010271,79.70802261772917
STU_010272,62.860662392222764
STU_010273,76.48846589751425
STU_010274,58.42297237391894
STU_010275,84.05094797577888
STU_010276,66.85397443275333
STU_010277,79.98719275962446
STU_010278,86.36395467648946
STU_010279,67.26100615905625
STU_010280,67.0410541494682
STU_010281,62.68295554838663
STU_010282,62.1711113080159
STU_010283,81.91771371159287
STU_010284,66.94897398038499
STU_010285,59.248054871233094
STU_010286,75.6788256251949
STU_010287,89.70239407783714
STU_010288,60.84443823746895
STU_010289,55.35995736532372
STU_010290,83.76505063797643
STU_010291,48.47476728000796
STU_010292,81.32773689782762
STU_010293,68.79080574147952
STU_010294,62.39015830505109
STU_010295,68.9515189634215
STU_010296,83.48263900012952
STU_010297,87.44261348129598
STU_010298,91.15972040755068
STU_010299,90.94052468290968
STU_010300,62.164346533083005
STU_010301,81.98918869729775
STU_010302,86.09093291481841
STU_010303,75.30226985480695
STU_010304,62.46225959899691
STU_010305,77.15265780674923
STU_010306,67.4054162632645
STU_010307,68.28196772473542
STU_010308,79.72323674879812
STU_010309,70.5418542294997
STU_010310,57.54771938912909
STU_010311,67.08169926728046
STU_010312,74.9794113317605
STU_010313,75.62512071947255
STU_010314,85.1820716417109
STU_010315,88.60805596325595
STU_010316,88.65168963373713
STU_010317,86.47246305828997
STU_010318,73.10270420140532
STU_010319,89.82510957615256
STU_010320,95.04675366199896
STU_010321,67.15956616863139
STU_010322,95.74799674446523
STU_010323,74.59301107747287
STU_010324,87.18504431824105
STU_010325,92.92653623351862
STU_010326,81.74369989470424
STU_010327,71.25859082551034
STU_010328,84.84944482367189
STU_010329,90.36277041755989
STU_010330,82.97019107991576
STU_010331,96.2959334180842
STU_010332,66.22280271291964
STU_010333,100.0
STU_010334,77.88053085898865
STU_010335,93.18900605962699
STU_010336,56.8200947797598
STU_010337,62.40427303029695
STU_010338,76.45412550551546
STU_010339,78.0616200375112
STU_010340,67.97132711909433
STU_010341,95.61598213118751
STU_010342,60.833775039530764
STU_010343,60.41329406931046
STU_010344,76.48834579671714
STU_010345,81.08679836558697
STU_010346,82.93485851579388
STU_010347,50.87394170158083
STU_010348,62.99850522605342
STU_010349,86.77441006096478
STU_010350,81.00813761416217
STU_010351,72.12311480629278
STU_010352,75.3587496858501
STU_010353,90.33741929493067
STU_010354,74.4320579381403
STU_010355,76.10273985216791
STU_010356,85.15251240508606
STU_010357,95.6190274931193
STU_010358,79.87096183762708
STU_010359,64.85101899310177
STU_010360,69.87304731699977
STU_010361,95.66103045459353
STU_010362,73.60564675425883
STU_010363,78.98451339982618
STU_010364,97.68244241576666
STU_010365,85.61770484068924
STU_010366,95.1955948373357
STU_010367,70.41485229079147
STU_010368,65.44244104648762
STU_010369,89.6849723186854
STU_010370,82.56607243762937
STU_010371,72.17685237542679
STU_010372,73.02047089424158
STU_010373,70.34586883259603
STU_010374,78.0593145572422
STU_010375,96.9431377265864
STU_010376,51.750246408381685
STU_010377,77.58533327576305
STU_010378,76.84011470988295
STU_010379,67.69814034463624
STU_010380,61.538794889129576
STU_010381,62.633183039188324
STU_010382,90.36728335811698
STU_010383,78.7595038428949
STU_010384,92.74091264995963
STU_010385,80.3521939283871
STU_010386,61.96958652762475
STU_010387,64.08042306758573
STU_010388,93.1586284912423
STU_010389,68.27353687899067
STU_010390,57.17033214452481
STU_010391,61.28428243229946
STU_010392,78.8561406745
STU_010393,81.97604739659857
STU_010394,78.51212557513463
STU_010395,80.22175714314096
STU_010396,82.14715359718804
STU_010397,87.94066199838659
STU_010398,90.11741453096897
STU_010399,62.1082261713028
STU_010400,70.71856952097448
STU_010401,53.28738832818401
STU_010402,75.01126737354906
STU_010403,77.6120116230321
STU_010404,84.90055781886034
STU_010405,81.80087141261473
STU_010406,76.36155006003467
STU_010407,94.2924574703602
STU_010408,66.18805412896488
STU_010409,92.60193175150769
STU_010410,65.56363158859325
STU_010411,87.98445947432977
STU_010412,96.32036533303844
STU_010413,84.15461240197475
STU_010414,87.9886217198279
STU_010415,87.58381273486879
STU_010416,82.11930249855554
STU_010417,99.10736193561047
STU_010418,73.77252343673551
STU_010419,90.28793447660503
STU_010420,86.16273745197593
STU_010421,81.29998880418125
STU_010422,71.04729364806842
STU_010423,74.566979015792
STU_010424,55.07800761745843
STU_010425,58.93968934891162
STU_010426,74.11744450784433
STU_010427,66.53934271514856
STU_010428,75.41978926882285
STU_010429,55.377126722131045
STU_010430,82.42096581406872
STU_010431,57.05027984097631
STU_010432,64.90994795542781
STU_010433,74.49739524672955
STU_010434,88.35887320919088
STU_010435,64.71973761783649
STU_010436,82.27509160416612
STU_010437,50.31464922420435
STU_010438,98.9944138100911
STU_010439,71.96117836963427
STU_010440,85.87589757047999
STU_010441,55.12509502835687
STU_010442,71.38272015125293
STU_010443,80.57757298893765
STU_010444,66.4399966769544
STU_010445,71.34685434963302
STU_010446,44.91983399728379
STU_010447,78.78307922471936
STU_010448,74.25039474213158
STU_010449,71.97375141053043
STU_010450,63.805840921850034
STU_010451,91.0796495546474
STU_010452,80.94805032877764
STU_010453,70.26817143911228
STU_010454,72.01519491248827
STU_010455,49.72828088713955
STU_010456,88.48400612230515
STU_010457,78.02386956072267
STU_010458,86.79464936426021
STU_010459,79.35559037450624
STU_010460,69.0454982862529
STU_010461,71.11462925570393
STU_010462,58.009005275555026
STU_010463,82.9661793779834
STU_010464,87.13297387990264
STU_010465,57.204148480916146
STU_010466,66.71824988424358
STU_010467,72.97074687411552
STU_010468,77.2112857857016
STU_010469,75.22160477228688
STU_010470,70.95552905837924
STU_010471,92.88474788758423
STU_010472,55.48868756859838
STU_010473,86.75224170281892
STU_010474,82.07448349820953
STU_010475,78.27469655444628
STU_010476,63.149077452426454
STU_010477,72.82198618467321
STU_010478,96.31007235245984
STU_010479,64.06289601081913
STU_010480,70.28804923554975
STU_010481,60.29698908504
STU_010482,72.49385864713943
STU_010483,90.54458247102899
STU_010484,75.69383207659988
STU_010485,50.24089300784109
STU_010486,73.53560732541467
STU_010487,94.0652853306527
STU_010488,80.67223876820921
STU_010489,83.64263892156536
STU_010490,87.67396183113368
STU_010491,77.62931338282029
STU_010492,73.12463107089725
STU_010493,77.81947406473375
STU_010494,60.38421206148652
STU_010495,42.59678045664809
STU_010496,93.8390468105326
STU_010497,64.05592419568602
STU_010498,74.77466142569494
STU_010499,66.77904305974835
STU_010500,66.84639386365737
STU_010501,77.18376183957061
STU_010502,66.38498292879393
STU_010503,79.47649848393364
STU_010504,65.50982088644221
STU_010505,63.24171652295921
STU_010506,82.17950530168591
STU_010507,68.86607954876482
STU_010508,62.32426431981497
STU_010509,78.95829075934304
STU_010510,48.51098434682493
STU_010511,60.83382305065265
STU_010512,71.10862016940446
STU_010513,91.90008956309612
STU_010514,75.41876216863615
STU_010515,82.5261518141516
STU_010516,79.92824505537467
STU_010517,95.89683059934023
STU_010518,52.330718243290036
STU_010519,90.63334354537345
STU_010520,89.3045499613796
STU_010521,95.9830546307421
STU_010522,77.81538321262829
STU_010523,84.20480195068265
STU_010524,86.17414765492086
STU_010525,72.87573962183565
STU_010526,57.51518098362543
STU_010527,82.45159639152118
STU_010528,85.12061233200806
STU_010529,52.604243860106344
STU_010530,78.48351470458698
STU_010531,67.73447255788686
STU_010532,61.5735570893051
STU_010533,79.60099047316638
STU_010534,82.64048598989788
STU_010535,85.2874086768361
STU_010536,76.80158908433
STU_010537,76.61905731153293
STU_010538,75.30666638134912
STU_010539,66.62953802226106
STU_010540,52.3030297907504
STU_010541,89.26792887940843
STU_010542,100.0
STU_010543,82.75706228230425
STU_010544,72.51804080328259
STU_010545,85.97293650871597
STU_010546,70.54465464269185
STU_010547,80.93637955638826
STU_010548,100.0
STU_010549,68.05271717326119
STU_010550,81.53633046629275
STU_010551,63.345406929843655
STU_010552,94.7782706916705
STU_010553,99.56683440478342
STU_010554,87.76972142188211
STU_010555,80.11474169558518
STU_010556,62.16846781464406
STU_010557,79.86440264537679
STU_010558,76.25542711882164
STU_010559,72.42079536339477
STU_010560,79.64943046570411
STU_010561,96.39654587108953
STU_010562,60.99612166473547
STU_010563,65.53401299670303
STU_010564,62.15567948147928
STU_010565,85.20081311851324
STU_010566,66.28537384198813
STU_010567,72.66855916135825
STU_010568,78.37088500223476
STU_010569,93.24516954615069
STU_010570,59.21101546945733
STU_010571,94.3772137928041
STU_010572,75.11864662716437
STU_010573,93.94712941684435
STU_010574,77.68402548103298
STU_010575,69.20563899972585
STU_010576,55.10896162518602
STU_010577,66.77659056634046
STU_010578,68.23897414817282
STU_010579,77.76634918147873
STU_010580,58.47660144786363
STU_010581,51.71526863878388
STU_010582,77.00694332890328
STU_010583,75.59731446241996
STU_010584,91.70997145530802
STU_010585,75.13756901211603
STU_010586,96.34566149051486
STU_010587,71.94307337345666
STU_010588,72.65475485697921
STU_010589,94.22665098008358
STU_010590,91.99765563849405
STU_010591,74.11391131854622
STU_010592,95.28543687674379
STU_010593,84.95188596480494
STU_010594,52.784500986972425
STU_010595,78.32901443588949
STU_010596,74.5922541264208
STU_010597,58.29877238684923
STU_010598,91.97938644025939
STU_010599,66.38268132504925
STU_010600,69.43109496431116
STU_010601,83.4345215292775
STU_010602,71.05588458378192
STU_010603,85.03964477124195
STU_010604,71.10853707204521
STU_010605,62.61234546277558
STU_010606,88.05539121329105
STU_010607,87.43668892390158
STU_010608,69.32226686426081
STU_010609,72.85028639877478
STU_010610,75.1700073007838
STU_010611,88.50747133415764
STU_010612,57.20249884585762
STU_010613,95.83572772716859
STU_010614,100.0
STU_010615,91.42025402841443
STU_010616,92.06288640132013
STU_010617,59.23591393769432
STU_010618,80.56220180723508
STU_010619,99.24980652013778
STU_010620,68.42314055792217
STU_010621,71.16557088693476
STU_010622,61.52510703696184
STU_010623,82.87872351738531
STU_010624,62.917817486101825
STU_010625,69.55435736578508
STU_010626,90.33436307126996
STU_010627,86.35002152509263
STU_010628,62.628706441983724
STU_010629,83.26898813618445
STU_010630,79.62836038500609
STU_010631,93.56831947992988
STU_010632,66.07662166466267
STU_010633,74.96385354548
STU_010634,75.89096693481382
STU_010635,62.70366223168753
STU_010636,85.46360108006354
STU_010637,67.45815479493768
STU_010638,70.52072814752484
STU_010639,72.4825358801341
STU_010640,58.995940381116505
STU_010641,67.64630543879069
STU_010642,94.22519537763529
STU_010643,90.61032661197709
STU_010644,79.07785638103324
STU_010645,80.62807653288775
STU_010646,95.29369301557546
STU_010647,69.06491748211192
STU_010648,73.57545093963058
STU_010649,78.01039394180312
STU_010650,86.20698549979787
STU_010651,81.95672394364303
STU_010652,69.92299560632395
STU_010653,88.56415615242449
STU_010654,89.8302537870378
STU_010655,87.76129537052947
STU_010656,77.498603430816
STU_010657,77.22166944388964
STU_010658,74.389709452551
STU_010659,93.21061702995952
STU_010660,89.31544594363966
STU_010661,75.05687008443927
STU_010662,97.57724920335099
STU_010663,73.77787934485004
STU_010664,76.177874103544
STU_010665,63.50762429825995
STU_010666,94.06363247999062
STU_010667,87.70156312991267
STU_010668,66.82348513242411
STU_010669,77.65995578606854
STU_010670,87.65643580848999
STU_010671,63.983153587877645
STU_010672,58.137566847325395
STU_010673,85.2337038682276
STU_010674,96.74334926077591
STU_010675,91.33749335829987
STU_010676,71.92734359886126
STU_010677,78.94711596602724
STU_010678,71.46881988452718
STU_010679,74.61859382039576
STU_010680,87.24054288343733
STU_010681,82.91986219380678
STU_010682,54.4370501104202
STU_010683,74.73313429898158
STU_010684,76.4983928427259
STU_010685,87.23002999447638
STU_010686,80.83212156923695
STU_010687,63.546044599097215
STU_010688,94.53577704864662
STU_010689,87.8933986569881
STU_010690,96.99184794061361
STU_010691,79.41517850252475
STU_010692,89.36416627859359
STU_010693,71.12257817085984
STU_010694,71.14709861836226
STU_010695,63.29203943716187
STU_010696,54.262899629576125
STU_010697,78.9285566020088
STU_010698,90.92626175841765
STU_010699,82.45721079485435
STU_010700,88.95380495773959
STU_010701,80.99211646337756
STU_010702,70.93793479437183
STU_010703,92.72492853251576
STU_010704,97.87216177646062
STU_010705,80.9323051606313
STU_010706,89.74516260204007
STU_010707,77.59333483530853
STU_010708,78.85857060582903
STU_010709,67.96372296593127
STU_010710,58.30512135679665
STU_010711,97.69008747296797
STU_010712,52.818430842416504
STU_010713,93.15731523434995
STU_010714,63.27621977047557
STU_010715,80.01532749647352
STU_010716,54.07830808747663
STU_010717,83.79830637862273
STU_010718,78.58056182466842
STU_010719,81.90085925899416
STU_010720,50.93018618358527
STU_010721,70.00507853874048
STU_010722,98.61782016567113
STU_010723,71.37917034055084
STU_010724,79.00036975715037
STU_010725,65.86958845673558
STU_010726,67.61199291510107
STU_010727,46.495014113190486
STU_010728,73.6488921902308
STU_010729,93.26438063130325
STU_010730,93.58258006334162
STU_010731,68.61001683831412
STU_010732,71.0899666738555
STU_010733,95.31744634873814
STU_010734,85.89871825876102
STU_010735,70.0327316601443
STU_010736,68.19775194731506
STU_010737,64.25797041596446
STU_010738,68.78168577386097
STU_010739,72.39817742379502
STU_010740,70.47989258769778
STU_010741,77.23330445456676
STU_010742,67.23068535217658
STU_010743,96.01262592066294
STU_010744,76.56822611898959
STU_010745,65.06007166259104
STU_010746,72.28133388286803
STU_010747,88.04290261075911
STU_010748,77.2473953126633
STU_010749,85.01927398042002
STU_010750,80.52119488621517
STU_010751,73.31195030610947
STU_010752,70.33339489238419
STU_010753,79.18490677580691
STU_010754,85.83837919020921
STU_010755,63.70726239242198
STU_010756,91.50471172495939
STU_010757,56.7269922411395
STU_010758,84.07061639793041
STU_010759,92.23156303290001
STU_010760,80.15918299264219
STU_010761,74.35940535955646
STU_010762,74.30205384348142
STU_010763,63.79701635744887
STU_010764,53.37735745354576
STU_010765,82.51719246333819
STU_010766,65.05529727065566
STU_010767,70.37688410495514
STU_010768,53.57508014507576
STU_010769,88.0117471201447
STU_010770,69.1944631390069
STU_010771,45.86225058613604
STU_010772,71.3785857831616
STU_010773,86.18433741793683
STU_010774,85.04986957487395
STU_010775,92.47077960042162
STU_010776,47.782314871628046
STU_010777,80.23080603696954
STU_010778,54.89253754304515
STU_010779,62.47938006849827
STU_010780,77.29128585466606
STU_010781,80.17155434231749
STU_010782,83.05121092978479
STU_010783,51.25969071400819
STU_010784,73.27695014468802
STU_010785,84.35800624418137
STU_010786,78.83217060324881
STU_010787,74.71167965686115
STU_010788,68.3347316409742
STU_010789,96.595377029218
STU_010790,63.99771583596018
STU_010791,59.37768833637855
STU_010792,92.75369655200166
STU_010793,86.73788851160998
STU_010794,61.6234792069989
STU_010795,76.47182521101269
STU_010796,82.41471069759866
STU_010797,57.29452129363091
STU_010798,59.78529365369998
STU_010799,86.83840607494507
STU_010800,63.903846735957046
STU_010801,68.79830263095178
STU_010802,84.06824823318183
STU_010803,78.33056196273449
STU_010804,58.299244303099975
STU_010805,75.53250884155935
STU_010806,84.61827682093832
STU_010807,94.78006782158609
STU_010808,68.90913982502589
STU_010809,99.65168973396928
STU_010810,86.11878504962787
STU_010811,77.01972185274954
STU_010812,84.11422321531305
STU_010813,97.81495315808178
STU_010814,71.39764224037546
STU_010815,85.4365231356207
STU_010816,99.4994842131757
STU_010817,86.08037864226867
STU_010818,84.46727446158332
STU_010819,84.53544288080154
STU_010820,95.82046852196027
STU_010821,94.43740202869412
STU_010822,67.31361774528871
STU_010823,94.1836039170511
STU_010824,86.65353995595069
STU_010825,88.56408537088319
STU_010826,83.1112809599842
STU_010827,57.69456844478637
STU_010828,68.50966614331996
STU_010829,70.06331663969306
STU_010830,76.14512067421167
STU_010831,93.39743651293261
STU_010832,94.19410325690119
STU_010833,85.6369746022134
STU_010834,70.22358987355186
STU_010835,80.0881328613504
STU_010836,87.01078731611096
STU_010837,73.8136474874926
STU_010838,91.43430838607
STU_010839,67.64092786094977
STU_010840,76.73855402072688
STU_010841,88.88775873322558
STU_010842,91.18272324314074
STU_010843,74.35577652299305
STU_010844,57.769588522319474
STU_010845,90.51627876213347
STU_010846,82.54425669107981
STU_010847,100.0
STU_010848,77.70089527417416
STU_010849,76.39316535919801
STU_010850,62.66629765255708
STU_010851,92.44448249232248
STU_010852,69.49958616689518
STU_010853,87.83528834974712
STU_010854,90.07178730577562
STU_010855,70.7819254300982
STU_010856,58.93792249402617
STU_010857,65.82360363768646
STU_010858,54.579948839123354
STU_010859,65.739230196473
STU_010860,95.89836381382918
STU_010861,75.18768654047126
STU_010862,66.90599413498099
STU_010863,78.59558111535455
STU_010864,85.85061980866597
STU_010865,75.8473077824186
STU_010866,91.64285627850126
STU_010867,56.133233489343915
STU_010868,65.89690922888644
STU_010869,79.55911288644879
STU_010870,67.3493291295757
STU_010871,86.32311221055004
STU_010872,86.46332045574175
STU_010873,52.10117453599406
STU_010874,67.33033573265914
STU_010875,86.46202382227591
STU_010876,70.36520660107661
STU_010877,75.65472205539905
STU_010878,76.43491877376644
STU_010879,65.0821756576599
STU_010880,85.57296214432802
STU_010881,96.87546943641976
STU_010882,79.58410298602986
STU_010883,82.16510519532157
STU_010884,59.18999275350546
STU_010885,66.48391865359581
STU_010886,96.43664286524746
STU_010887,59.15258704787833
STU_010888,90.3150305206417
STU_010889,94.70315719663573
STU_010890,78.59844073621092
STU_010891,95.94816527909941
STU_010892,82.58945270678306
STU_010893,74.25175474649537
STU_010894,85.1935951587133
STU_010895,68.98791649652155
STU_010896,76.39839980978206
STU_010897,68.53795445302079
STU_010898,86.16885550778511
STU_010899,60.78304757869301
STU_010900,68.12862267212643
STU_010901,64.1313407534692
STU_010902,90.35526236954085
STU_010903,58.041122676635815
STU_010904,73.21063883896349
STU_010905,66.9259856713902
STU_010906,54.71684630983988
STU_010907,94.22533937415457
STU_010908,87.68709313224241
STU_010909,87.33651454937579
STU_010910,84.48320516336275
STU_010911,79.54150448300341
STU_010912,93.55747584685167
STU_010913,79.0812606023744
STU_010914,88.66388108852232
STU_010915,76.89865737735867
STU_010916,67.27839796605305
STU_010917,78.68623271215317
STU_010918,81.80230791462253
STU_010919,90.54482247504409
STU_010920,70.55420559471474
STU_010921,79.48693563178648
STU_010922,79.25163277435053
STU_010923,89.4389703966339
STU_010924,90.78444337135682
STU_010925,67.18878603903659
STU_010926,93.87112440500565
STU_010927,64.71955426457394
STU_010928,76.72164157151205
STU_010929,70.39648257086003
STU_010930,91.26569280747836
STU_010931,74.19236772993762
STU_010932,84.08431602403974
STU_010933,77.93417010650982
STU_010934,90.97372921092752
STU_010935,74.03352265617121
STU_010936,68.1833520451012
STU_010937,73.21431851126584
STU_010938,61.558786409155964
STU_010939,81.98883227708579
STU_010940,52.0952393775713
STU_010941,93.30911321952465
STU_010942,82.54129910627323
STU_010943,58.43444324902646
STU_010944,63.825102959506786
STU_010945,74.26517714169627
STU_010946,77.8831589447158
STU_010947,75.11569917453413
STU_010948,85.02975264280846
STU_010949,93.60170339437869
STU_010950,68.26085441375518
STU_010951,76.28954991456885
STU_010952,62.70370435465552
STU_010953,89.09823903232021
STU_010954,53.746507037724015
STU_010955,64.0698437486334
STU_010956,96.17749638144801
STU_010957,86.52944014292547
STU_010958,68.19742836182999
STU_010959,88.93054879579388
STU_010960,83.25137555015417
STU_010961,74.57375148086334
STU_010962,92.08609384258963
STU_010963,70.01811327134615
STU_010964,78.52778230591134
STU_010965,63.770057207559745
STU_010966,57.5835270504907
STU_010967,72.44786856211033
STU_010968,67.71155756795336
STU_010969,58.810900499232666
STU_010970,81.55015440378158
STU_010971,73.51706519798167
STU_010972,71.06694999545772
STU_010973,75.51249123224152
STU_010974,64.79837027090733
STU_010975,81.34793801389972
STU_010976,82.10725448203047
STU_010977,88.07462891449683
STU_010978,95.00151272940471
STU_010979,74.33221505034918
STU_010980,79.49767853963141
STU_010981,88.60610883227207
STU_010982,70.75822984546441
STU_010983,73.90213562334208
STU_010984,73.8228321581971
STU_010985,53.96105761470501
STU_010986,93.17169168479653
STU_010987,92.04832232207407
STU_010988,68.92042405496878
STU_010989,86.99288420169086
STU_010990,82.7068779414648
STU_010991,60.92435744023052
STU_010992,78.77510124008032
STU_010993,72.03941195748516
STU_010994,79.77342947778907
STU_010995,100.0
STU_010996,58.27438645886145
STU_010997,66.48313399222724
STU_010998,69.61314526050886
STU_010999,67.43386601528171
STU_011000,78.44365594797074
STU_011001,58.58750039747811
STU_011002,79.4413302560286
STU_011003,59.08273852827508
STU_011004,81.0636339895009
STU_011005,72.42058146065258
STU_011006,84.64295469806979
STU_011007,66.10702689760926
STU_011008,79.82535569888381
STU_011009,94.90867724012863
STU_011010,97.49577680640249
STU_011011,67.33536556730402
STU_011012,81.21888965283948
STU_011013,54.406976843366365
STU_011014,63.84765950679862
STU_011015,94.39324253478439
STU_011016,65.87116095921083
STU_011017,75.0641694421343
STU_011018,88.8008556395661
STU_011019,65.27301032948316
STU_011020,91.74825071676909
STU_011021,67.64099254263824
STU_011022,84.72264454940964
STU_011023,72.80989444311241
STU_011024,79.25689624437813
STU_011025,66.08017745651213
STU_011026,79.62936775913138
STU_011027,77.26204028226785
STU_011028,91.30751778807448
STU_011029,84.83822192402403
STU_011030,63.09376527649509
STU_011031,63.25187067497429
STU_011032,65.171914727199
STU_011033,57.581111298429
STU_011034,73.53028454743861
STU_011035,84.91978689405852
STU_011036,95.17969580862948
STU_011037,93.95431042582028
STU_011038,82.57210324190382
STU_011039,59.136689815061814
STU_011040,79.53105984274252
STU_011041,57.90805200256811
STU_011042,64.10293221288022
STU_011043,66.07394186806393
STU_011044,61.19512784616221
STU_011045,95.06999153323807
STU_011046,80.54261030911435
STU_011047,83.70271044681058
STU_011048,63.09265136453672
STU_011049,83.69962065425355
STU_011050,79.47890567429914
STU_011051,87.0513378172249
STU_011052,98.88894828077673
STU_011053,55.78786839455239
STU_011054,71.98398249939504
STU_011055,65.1197716629404
STU_011056,59.32977701578962
STU_011057,87.23323555653799
STU_011058,100.0
STU_011059,99.87760901782376
STU_011060,71.76455505928136
STU_011061,65.8079753337697
STU_011062,62.056329836790226
STU_011063,80.83293483563877
STU_011064,72.62810768188591
STU_011065,72.35693679009441
STU_011066,71.2195831813859
STU_011067,86.65422116840304
STU_011068,96.6903389654748
STU_011069,94.01688561704528
STU_011070,71.20757566451464
STU_011071,90.17665981150179
STU_011072,91.55966045197587
STU_011073,74.89383757890914
STU_011074,90.12437470564709
STU_011075,72.69652034028894
STU_011076,95.68845148784723
STU_011077,75.99092809018914
STU_011078,73.12018542768959
STU_011079,69.23037918979128
STU_011080,62.598740171420836
STU_011081,88.15407710925186
STU_011082,55.78029114405248
STU_011083,93.07839885455394
STU_011084,76.33427000059166
STU_011085,91.94266759037231
STU_011086,64.95147458503904
STU_011087,70.67824798534045
STU_011088,76.77050734242667
STU_011089,87.7529510991729
STU_011090,87.05017506718636
STU_011091,81.27465595207435
STU_011092,64.58833243649468
STU_011093,80.06232276839062
STU_011094,59.37737532592199
STU_011095,80.72655322521581
STU_011096,63.95565448340196
STU_011097,88.14474927316833
STU_011098,89.70574060405403
STU_011099,86.86804081390206
STU_011100,63.5677838148523
STU_011101,63.97188581153702
STU_011102,79.1366914372666
STU_011103,67.99961525303772
STU_011104,93.71910198210895
STU_011105,75.29048948452224
STU_011106,81.6391491714256
STU_011107,58.46250847936094
STU_011108,79.92533849377827
STU_011109,89.7986442068385
STU_011110,96.26842858811122
STU_011111,72.45257451759728
STU_011112,80.0100215337172
STU_011113,82.43799756352288
STU_011114,86.22607822524009
STU_011115,88.33090440881503
STU_011116,80.06544459108203
STU_011117,67.58961687240271
STU_011118,72.95950644205818
STU_011119,78.51080598164991
STU_011120,76.88730879978276
STU_011121,72.23768098781228
STU_011122,63.071429862906044
STU_011123,94.76772910461189
STU_011124,65.27648155222714
STU_011125,98.27048968516485
STU_011126,82.49291807818722
STU_011127,77.2861395952543
STU_011128,68.95052314305069
STU_011129,88.95273683718864
STU_011130,62.59852344334501
STU_011131,85.11196208536667
STU_011132,72.08768787716023
STU_011133,79.71632811853124
STU_011134,52.29066155314773
STU_011135,53.041910336369696
STU_011136,90.52355880041932
STU_011137,75.77668033981953
STU_011138,100.0
STU_011139,74.86398902496833
STU_011140,86.26040165193785
STU_011141,54.016739993883306
STU_011142,90.09653568187778
STU_011143,80.3866304326464
STU_011144,67.0385059656809
STU_011145,62.68734289983189
STU_011146,66.65964989226532
STU_011147,93.96112881631086
STU_011148,90.75565721667502
STU_011149,86.93328305641779
STU_011150,84.02027472347487
STU_011151,94.94113390889528
STU_011152,61.31567546434025
STU_011153,74.00758389939486
STU_011154,75.13210443911123
STU_011155,73.75185642110162
STU_011156,78.25622778807893
STU_011157,60.32429744726286
STU_011158,71.23178131356494
STU_011159,68.64747478172005
STU_011160,57.468319028506
STU_011161,87.88819307820273
STU_011162,71.01410151028715
STU_011163,73.51894327036501
STU_011164,86.66066872481875
STU_011165,76.99394484722356
STU_011166,78.67216161280271
STU_011167,65.59056668757509
STU_011168,82.39486784810121
STU_011169,89.48175925123152
STU_011170,65.48057191218106
STU_011171,73.86308394319883
STU_011172,96.22137077458324
STU_011173,94.4562150015892
STU_011174,73.35270441390287
STU_011175,62.534986009389186
STU_011176,80.59446590134311
STU_011177,74.06373054101464
STU_011178,87.36437093097757
STU_011179,84.56161423090614
STU_011180,71.80687228997317
STU_011181,78.37297362587529
STU_011182,93.72046400777538
STU_011183,56.297680421810824
STU_011184,76.92527318807863
STU_011185,80.19667809903441
STU_011186,47.96077284827293
STU_011187,86.35151318030168
STU_011188,75.74067708262373
STU_011189,47.37942684727595
STU_011190,84.05234768416653
STU_011191,95.80003946633411
STU_011192,79.01096028169397
STU_011193,74.01464676056545
STU_011194,88.7616512924308
STU_011195,83.91443327790441
STU_011196,85.71625630746396
STU_011197,98.46354107574652
STU_011198,80.52295656623781
STU_011199,92.90903834338275
STU_011200,75.9071736966587
STU_011201,50.35983066555431
STU_011202,61.71160558852901
STU_011203,78.68220929680074
STU_011204,83.94775783171309
STU_011205,87.64071862708525
STU_011206,81.54642682051977
STU_011207,58.86504165433938
STU_011208,75.11003902700843
STU_011209,79.18891826265755
STU_011210,73.45050752659688
STU_011211,80.026361018209
STU_011212,72.61289431723833
STU_011213,84.00998837271588
STU_011214,59.169658452166914
STU_011215,93.12425079832265
STU_011216,62.11944414536103
STU_011217,98.39681235916237
STU_011218,65.40135825576641
STU_011219,86.00366435505956
STU_011220,69.06702701139048
STU_011221,82.66833201019926
STU_011222,86.56739437834713
STU_011223,68.79187291612885
STU_011224,98.95426573333447
STU_011225,52.57400676240351
STU_011226,82.03867669817882
STU_011227,59.876599588544984
STU_011228,94.25309330397184
STU_011229,79.37350961949429
STU_011230,78.82142506457338
STU_011231,92.08878499108866
STU_011232,87.24733771756124
STU_011233,75.51114213938087
STU_011234,79.22083700764719
STU_011235,92.200070872737
STU_011236,66.36121166539031
STU_011237,61.60651157376786
STU_011238,63.61734165532401
STU_011239,82.17206658497574
STU_011240,85.94837643925072
STU_011241,96.53514401866332
STU_011242,65.13319327540196
STU_011243,66.89091666101598
STU_011244,52.1406887203635
STU_011245,74.32504650641583
STU_011246,80.23989731050233
STU_011247,88.23968700111229
STU_011248,73.8575583240283
STU_011249,74.76283454074763
STU_011250,73.17949889981595
STU_011251,73.48907819536946
STU_011252,76.6383692149771
STU_011253,78.99751766367234
STU_011254,98.7298504935626
STU_011255,84.99794797007007
STU_011256,76.4155473884884
STU_011257,50.936000270791126
STU_011258,77.88279280783763
STU_011259,74.81584415274249
STU_011260,100.0
STU_011261,63.69991105520482
STU_011262,85.22150952760171
STU_011263,58.45084293192225
STU_011264,52.323152956115
STU_011265,79.11896628142979
STU_011266,80.83943810336643
STU_011267,90.78978308525069
STU_011268,66.5098627978969
STU_011269,89.19199583202843
STU_011270,77.79101106274831
STU_011271,80.86651439764482
STU_011272,89.80729034639282
STU_011273,75.55584981984359
STU_011274,87.43377856092648
STU_011275,75.49926312211299
STU_011276,83.26181500266551
STU_011277,74.56731164107752
STU_011278,71.59074876590813
STU_011279,96.49679831692211
STU_011280,74.70222135062899
STU_011281,70.7164319158826
STU_011282,91.02508003288224
STU_011283,78.93308636304813
STU_011284,58.396096076844614
STU_011285,89.93327914901934
STU_011286,81.92393389244012
STU_011287,75.27002842379522
STU_011288,71.61382774835032
STU_011289,63.41500756260133
STU_011290,68.25886536993004
STU_011291,78.8803434297339
STU_011292,45.23077056776739
STU_011293,90.68323191896422
STU_011294,70.80092649359055
STU_011295,78.20363278096008
STU_011296,96.22603238314595
STU_011297,74.02490862847692
STU_011298,59.655410969222174
STU_011299,83.67437935309769
STU_011300,87.75482369878614
STU_011301,100.0
STU_011302,69.99138501437226
STU_011303,82.42629832943865
STU_011304,83.97220913698052
STU_011305,69.27782364792549
STU_011306,76.60020372030898
STU_011307,65.75945502746923
STU_011308,54.995034103081984
STU_011309,81.98976169713731
STU_011310,52.17565512447646
STU_011311,82.98016390828509
STU_011312,71.36714917459592
STU_011313,87.10655444621477
STU_011314,62.26419607682429
STU_011315,80.40066497461851
STU_011316,60.892312451937535
STU_011317,75.87415973665561
STU_011318,62.30326443196082
STU_011319,87.72765310672355
STU_011320,58.88573804870079
STU_011321,83.211201895253
STU_011322,59.92218039200887
STU_011323,50.1224875751159
STU_011324,61.85530351672363
STU_011325,60.43541592971661
STU_011326,80.57832377783365
STU_011327,81.75109537906332
STU_011328,89.98937742300068
STU_011329,60.01170971231897
STU_011330,50.94983915091935
STU_011331,60.257903657024286
STU_011332,88.01504434068576
STU_011333,68.8360697907255
STU_011334,89.81854335934602
STU_011335,68.56202478279701
STU_011336,65.0632174118982
STU_011337,81.99611716044382
STU_011338,90.88122284179047
STU_011339,71.44592585873991
STU_011340,74.9702274576333
STU_011341,96.1709887672485
STU_011342,83.18470289573517
STU_011343,85.38273843682846
STU_011344,45.46050348677796
STU_011345,70.08887281145705
STU_011346,72.81280409544692
STU_011347,97.57113654394344
STU_011348,79.20611078573027
STU_011349,100.0
STU_011350,65.95087677019136
STU_011351,75.83664685132547
STU_011352,83.77656871993261
STU_011353,69.3528909394421
STU_011354,93.68200743842897
STU_011355,68.43583541646743
STU_011356,81.18720865625644
STU_011357,69.95086753888671
STU_011358,94.11080152272609
STU_011359,100.0
STU_011360,100.0
STU_011361,66.07491215993564
STU_011362,77.36020396193292
STU_011363,99.80788965908889
STU_011364,86.71239876933299
STU_011365,65.10080076284446
STU_011366,86.83872869561634
STU_011367,74.18023220913459
STU_011368,87.26671375878499
STU_011369,71.67964598939201
STU_011370,80.03611276756304
STU_011371,71.93863096451487
STU_011372,92.36614756764095
STU_011373,66.13043047401996
STU_011374,76.78531206647652
STU_011375,87.37709179329681
STU_011376,52.37172401886046
STU_011377,99.76441926309482
STU_011378,89.73333450910798
STU_011379,81.68291504288692
STU_011380,75.9505505959962
STU_011381,61.4006418073964
STU_011382,80.340665439017
STU_011383,94.94192614527935
STU_011384,72.60674015154154
STU_011385,81.95972528571154
STU_011386,72.88232498283648
STU_011387,55.37419670995241
STU_011388,61.9877339076388
STU_011389,58.933548880780236
STU_011390,86.39673973994952
STU_011391,52.850484944688006
STU_011392,71.65087015533689
STU_011393,72.2320227422062
STU_011394,81.54223638226625
STU_011395,86.28954501171302
STU_011396,89.37971019730475
STU_011397,66.86647116630621
STU_011398,100.0
STU_011399,72.75506910719247
STU_011400,72.61859412187681
STU_011401,71.61556549390703
STU_011402,75.95403644859991
STU_011403,80.79457833847522
STU_011404,99.77928456362008
STU_011405,80.31661206153503
STU_011406,84.95798649788973
STU_011407,91.42687456699826
STU_011408,79.21466736781717
STU_011409,84.71491666833585
STU_011410,73.43404594840216
STU_011411,93.33223238500197
STU_011412,75.65252662831509
STU_011413,65.5951635856813
STU_011414,89.76300844932145
STU_011415,78.54751428288964
STU_011416,93.73348796479378
STU_011417,80.95706333102032
STU_011418,62.202163083447175
STU_011419,72.8313550789679
STU_011420,90.10165781488924
STU_011421,86.15136231835268
STU_011422,74.57890374594648
STU_011423,67.035703521113
STU_011424,74.0081153377581
STU_011425,70.59733434616119
STU_011426,96.98709032101104
STU_011427,68.39049068463311
STU_011428,91.6402143391862
STU_011429,78.02950069035745
STU_011430,76.160401999153
STU_011431,80.6001138955547
STU_011432,65.79556974909929
STU_011433,90.03418028463645
STU_011434,93.79155349771764
STU_011435,74.2731631876466
STU_011436,88.88365460503422
STU_011437,63.60482337537386
STU_011438,65.04098740357676
STU_011439,76.11064306377429
STU_011440,68.62953926817364
STU_011441,78.22567479263681
STU_011442,74.52260596426017
STU_011443,66.91888143040981
STU_011444,77.6791683752711
STU_011445,70.82567512374217
STU_011446,56.02197531762585
STU_011447,92.2548723435724
STU_011448,63.97040939457251
STU_011449,71.64867339815365
STU_011450,81.13044993396096
STU_011451,78.79104651191096
STU_011452,70.63788684331516
STU_011453,68.2977352636817
STU_011454,65.79262162992896
STU_011455,53.26742479047073
STU_011456,91.4904085127871
STU_011457,68.09936674075978
STU_011458,97.40862888562435
STU_011459,72.12466368808987
STU_011460,86.45512186634618
STU_011461,78.55476545973943
STU_011462,82.4723698081527
STU_011463,81.0969565879888
STU_011464,75.20760236150164
STU_011465,70.15524915552214
STU_011466,80.9166628447617
STU_011467,78.75257795157576
STU_011468,64.55191315772285
STU_011469,70.70160729782654
STU_011470,92.63373566590357
STU_011471,64.14484745377821
STU_011472,69.985985169084
STU_011473,78.29144332231219
STU_011474,89.90207712646414
STU_011475,88.83663279909815
STU_011476,94.58233777740026
STU_011477,99.10999778451858
STU_011478,52.52602764921028
STU_011479,63.70866429877985
STU_011480,97.51822219071994
STU_011481,70.35664159838142
STU_011482,57.61722060514522
STU_011483,93.48208423460164
STU_011484,75.72257000306577
STU_011485,77.78918000837409
STU_011486,59.273024293030524
STU_011487,83.13640907325677
STU_011488,79.2067881029839
STU_011489,69.65606894556905
STU_011490,79.98978809709385
STU_011491,59.402011501297025
STU_011492,80.54362355030324
STU_011493,95.13289443010189
STU_011494,83.86509997329645
STU_011495,81.25992233076487
STU_011496,90.72501505968299
STU_011497,76.89579989607154
STU_011498,77.74450975846852
STU_011499,82.87628573785348
STU_011500,75.85716878417263
STU_011501,64.4231900736142
STU_011502,50.18788448002954
STU_011503,89.4104166667774
STU_011504,59.78169098829975
STU_011505,71.27177289346261
STU_011506,57.3976876180476
STU_011507,70.24908975864801
STU_011508,80.15323237084098
STU_011509,66.50879738699054
STU_011510,80.87920817069929
STU_011511,95.2285778421031
STU_011512,53.71096463575201
STU_011513,80.575657840585
STU_011514,78.59925959909043
STU_011515,65.7733074598104
STU_011516,81.70213139989363
STU_011517,85.42463213723221
STU_011518,96.88393054233967
STU_011519,63.6582052916464
STU_011520,49.33140327125191
STU_011521,49.93249879928842
STU_011522,100.0
STU_011523,77.90099601918007
STU_011524,85.70272752698962
STU_011525,100.0
STU_011526,81.64382818173996
STU_011527,91.7389663021242
STU_011528,87.28658740395936
STU_011529,80.89178127462579
STU_011530,67.4121445005926
STU_011531,79.42847297656168
STU_011532,77.88896310594596
STU_011533,80.37185906215183
STU_011534,76.24513520298433
STU_011535,67.51945265786846
STU_011536,58.35272007093917
STU_011537,52.63913619605468
STU_011538,73.93715715524242
STU_011539,73.25512648546142
STU_011540,79.39824381253834
STU_011541,82.53372260402746
STU_011542,63.78535693203047
STU_011543,78.98174107470659
STU_011544,84.23378036469884
STU_011545,92.03686698097361
STU_011546,59.92163645558188
STU_011547,91.8403804622228
STU_011548,79.19400386085711
STU_011549,64.40251499860747
STU_011550,84.08884004618734
STU_011551,73.8027813286512
STU_011552,55.692430989528674
STU_011553,72.19397895572105
STU_011554,80.4696552349344
STU_011555,86.71987351724502
STU_011556,98.33151116442426
STU_011557,62.31268517843296
STU_011558,98.977701205474
STU_011559,93.4884036791413
STU_011560,100.0
STU_011561,70.53681878076196
STU_011562,97.35341792129805
STU_011563,95.0122738810503
STU_011564,59.27357411529151
STU_011565,74.03220416105468
STU_011566,70.16680553508172
STU_011567,61.20266759506596
STU_011568,57.0703095098281
STU_011569,79.19599124867072
STU_011570,98.28065373291024
STU_011571,79.07913294839136
STU_011572,88.87072933094078
STU_011573,74.07002068553925
STU_011574,70.59513194282583
STU_011575,69.9539931132951
STU_011576,78.69308144000061
STU_011577,63.88285713468706
STU_011578,67.90430947186911
STU_011579,70.28283385515357
STU_011580,88.15144379893566
STU_011581,63.24208579679296
STU_011582,83.47014882719412
STU_011583,68.07324597411719
STU_011584,89.30213500994891
STU_011585,82.07376615861025
STU_011586,83.12067803089698
STU_011587,92.4776225980558
STU_011588,91.98283962322526
STU_011589,85.9653127298952
STU_011590,69.08047223566558
STU_011591,60.058176505756755
STU_011592,91.2150693753766
STU_011593,77.08144504086222
STU_011594,96.1915918607146
STU_011595,87.41106701195017
STU_011596,76.77618131716534
STU_011597,70.04926442906627
STU_011598,80.55708944660923
STU_011599,63.61789209126797
STU_011600,61.949594868737165
STU_011601,70.80917096953779
STU_011602,89.23096288009866
STU_011603,63.77811700832389
STU_011604,85.90222693259052
STU_011605,82.56192356701747
STU_011606,66.61139469033046
STU_011607,94.97929240947721
STU_011608,88.34950056053047
STU_011609,65.79729049309175
STU_011610,82.16664858430006
STU_011611,56.12440600826165
STU_011612,83.52117272588413
STU_011613,67.43648147128745
STU_011614,61.81634407726608
STU_011615,88.80391534288088
STU_011616,88.12074751957941
STU_011617,69.2713221324429
STU_011618,71.94317653458478
STU_011619,79.77201925174336
STU_011620,59.08755206972603
STU_011621,72.4482178147013
STU_011622,71.43211183760326
STU_011623,56.695568275986076
STU_011624,90.16876370195655
STU_011625,97.54596086743072
STU_011626,79.17923230516669
STU_011627,66.21721139692573
STU_011628,69.3194047808336
STU_011629,73.62586992434929
STU_011630,95.97232168129776
STU_011631,54.577096326851766
STU_011632,60.96330808886634
STU_011633,100.0
STU_011634,49.64047203299271
STU_011635,94.77592800370235
STU_011636,62.39368519127356
STU_011637,74.19631145064065
STU_011638,82.37270449744918
STU_011639,89.55041240449157
STU_011640,90.01630668403752
STU_011641,78.09626937224598
STU_011642,79.9528550420488
STU_011643,65.16156742970735
STU_011644,94.3557391406189
STU_011645,95.58881291232134
STU_011646,76.19841562567
STU_011647,78.19452297061787
STU_011648,75.21572468718969
STU_011649,81.75093651100586
STU_011650,83.75960689844084
STU_011651,66.09814289132697
STU_011652,58.13839219028498
STU_011653,100.0
STU_011654,66.86838153460965
STU_011655,71.51472276873939
STU_011656,60.46270200189337
STU_011657,41.888105694232564
STU_011658,98.08451840074707
STU_011659,64.69526978498241
STU_011660,78.63246082051862
STU_011661,99.26987156845838
STU_011662,86.37447705178741
STU_011663,91.79811793772426
STU_011664,92.20763819359689
STU_011665,67.08058901252735
STU_011666,73.1862859311795
STU_011667,62.40628022367973
STU_011668,77.5267087644234
STU_011669,67.38846266241742
STU_011670,85.18314855467099
STU_011671,77.26412946272629
STU_011672,91.36261945203961
STU_011673,74.47701336161131
STU_011674,66.00643870206781
STU_011675,87.53312372646766
STU_011676,72.24762487173605
STU_011677,78.56800041470427
STU_011678,55.44122107403565
STU_011679,94.27542668428367
STU_011680,90.35659545237593
STU_011681,96.7146581863014
STU_011682,45.97006735432488
STU_011683,75.94399723914859
STU_011684,63.10394987409863
STU_011685,61.10224875706246
STU_011686,75.12881420943104
STU_011687,88.96656363705956
STU_011688,87.71789457239788
STU_011689,71.23629070112887
STU_011690,71.96695422347227
STU_011691,96.56478800458126
STU_011692,81.74814066885426
STU_011693,89.08937504046257
STU_011694,93.90859322454065
STU_011695,91.59790577375716
STU_011696,89.38388892949334
STU_011697,68.19372118299303
STU_011698,67.67893274481936
STU_011699,82.72268552286823
STU_011700,62.52192579968615
STU_011701,69.93358819164176
STU_011702,85.17144759667912
STU_011703,85.96385419644979
STU_011704,81.00473677001881
STU_011705,75.7553020299595
STU_011706,87.24839768717963
STU_011707,70.28316633856153
STU_011708,76.5747878998618
STU_011709,86.77677389263896
STU_011710,84.31913616318523
STU_011711,76.87898315788826
STU_011712,56.2266495974376
STU_011713,94.95298071287417
STU_011714,76.7169468727196
STU_011715,85.29910530875078
STU_011716,82.70063526265085
STU_011717,72.75650808427262
STU_011718,85.3706899169536
STU_011719,77.73288270164338
STU_011720,95.33792730379753
STU_011721,66.48159867675336
STU_011722,67.0682792399488
STU_011723,73.27353647093544
STU_011724,92.86853400497272
STU_011725,80.34825450686881
STU_011726,53.60999968855017
STU_011727,61.538192934066075
STU_011728,55.40602227487659
STU_011729,77.2549348553333
STU_011730,73.69193560344566
STU_011731,94.68842420197367
STU_011732,91.25057682765532
STU_011733,79.65834193218048
STU_011734,90.85173590717444
STU_011735,80.47775771200159
STU_011736,71.73448852881081
STU_011737,67.42557909304148
STU_011738,88.02976085311681
STU_011739,91.03602493240507
STU_011740,87.10337780929734
STU_011741,79.36136660632924
STU_011742,66.86134808945214
STU_011743,58.76743991105502
STU_011744,73.31753365800367
STU_011745,64.328804073936
STU_011746,69.19505828621612
STU_011747,86.51407817125644
STU_011748,69.26654760359573
STU_011749,75.69840573800656
STU_011750,96.3829893054764
STU_011751,72.63872856634279
STU_011752,63.03368339901049
STU_011753,49.96825494611254
STU_011754,77.7095827404198
STU_011755,74.62749608747902
STU_011756,81.58662106601992
STU_011757,75.2804203838305
STU_011758,98.40842729114723
STU_011759,71.34782248697884
STU_011760,86.15123702921434
STU_011761,87.51030133652809
STU_011762,73.86248050793958
STU_011763,83.19148479985158
STU_011764,65.8715162588538
STU_011765,79.07597609567017
STU_011766,45.252361340914916
STU_011767,60.87177689772308
STU_011768,86.92697186642113
STU_011769,59.83917063911743
STU_011770,92.47353103152028
STU_011771,68.48290298789048
STU_011772,64.1337621932373
STU_011773,62.017331697742364
STU_011774,64.1286751515893
STU_011775,78.99011579977153
STU_011776,67.55985967927025
STU_011777,72.41728529492117
STU_011778,89.22156032900556
STU_011779,82.55914804620586
STU_011780,70.89933415146037
STU_011781,59.78057508008737
STU_011782,89.78166120117069
STU_011783,72.39323676544848
STU_011784,74.8725179345489
STU_011785,69.4425571710231
STU_011786,81.6133914757233
STU_011787,68.76027277447285
STU_011788,71.24443176317193
STU_011789,62.22012724830826
STU_011790,83.55748651557036
STU_011791,90.99479395728994
STU_011792,78.66131763420096
STU_011793,62.801735747285264
STU_011794,59.983722716789735
STU_011795,64.37585579975658
STU_011796,96.6195543270983
STU_011797,68.38622082912102
STU_011798,66.87440355134719
STU_011799,98.99298239217109
STU_011800,67.02574837820745
STU_011801,85.05930442709106
STU_011802,91.99165349572309
STU_011803,73.41110178958999
STU_011804,73.71277117673519
STU_011805,68.2277963988839
STU_011806,70.19469644188689
STU_011807,82.98555107653343
STU_011808,87.08170934159699
STU_011809,89.99240543588253
STU_011810,91.80990480953282
STU_011811,91.9831513884024
STU_011812,71.9414227341414
STU_011813,71.81655804756247
STU_011814,94.61620103872913
STU_011815,71.71058359905163
STU_011816,78.8895658205667
STU_011817,92.51002752710995
STU_011818,78.35943794527405
STU_011819,74.9801515191791
STU_011820,74.70229453677162
STU_011821,75.6836606788231
STU_011822,98.70482654818377
STU_011823,72.31765993602201
STU_011824,74.67725224209487
STU_011825,81.51807414702459
STU_011826,71.36719378497621
STU_011827,74.5496001603924
STU_011828,73.90951361071244
STU_011829,73.45678757898727
STU_011830,65.92770982652534
STU_011831,66.59705017923831
STU_011832,65.42255863496096
STU_011833,64.36898463000769
STU_011834,64.70088200945858
STU_011835,81.89561626974914
STU_011836,77.34104882840454
STU_011837,73.0371711061532
STU_011838,69.10531706401841
STU_011839,88.75700857071564
STU_011840,86.6213506795276
STU_011841,80.22663139326713
STU_011842,59.09320025032331
STU_011843,58.925302373811014
STU_011844,82.7499908077449
STU_011845,69.99639733688761
STU_011846,87.82331747737385
STU_011847,75.09390580701462
STU_011848,95.32307181002417
STU_011849,78.0234162177221
STU_011850,68.22185269058332
STU_011851,91.65699980278538
STU_011852,90.04404213113418
STU_011853,83.9736172294636
STU_011854,74.49895454087014
STU_011855,88.90666132605668
STU_011856,82.31712272662995
STU_011857,80.31534566115849
STU_011858,88.85677651553084
STU_011859,73.6199559570401
STU_011860,73.95470043272068
STU_011861,64.85018448691663
STU_011862,72.24138080488932
STU_011863,95.74982211311571
STU_011864,50.76827684495188
STU_011865,82.72899035056619
STU_011866,61.90042413375792
STU_011867,84.28607685676221
STU_011868,82.69602342191843
STU_011869,74.69336800565932
STU_011870,89.96123829924215
STU_011871,65.5898522847969
STU_011872,68.06670440039137
STU_011873,81.80471937682316
STU_011874,69.33101921943837
STU_011875,64.03186016267168
STU_011876,65.87486205712842
STU_011877,88.56886342649693
STU_011878,57.734052290105325
STU_011879,80.72894122905745
STU_011880,58.62627316754609
STU_011881,54.03804783250093
STU_011882,84.70348050471361
STU_011883,52.289872385400145
STU_011884,64.80181870973534
STU_011885,58.97466806171207
STU_011886,68.7484812885137
STU_011887,79.44129650660322
STU_011888,77.6316336895086
STU_011889,45.137770241765935
STU_011890,58.86504445567773
STU_011891,81.85661632222102
STU_011892,98.3653730816932
STU_011893,90.39873811949025
STU_011894,75.98491019390997
STU_011895,94.12672189201722
STU_011896,60.71586340481287
STU_011897,67.58155579436003
STU_011898,100.0
STU_011899,56.80387160652005
STU_011900,78.7238209449099
STU_011901,79.70373121088576
STU_011902,54.52007621713265
STU_011903,73.26720465943723
STU_011904,79.67296512971853
STU_011905,70.53581007939074
STU_011906,83.62104287953483
STU_011907,88.19431306944283
STU_011908,91.12382438293184
STU_011909,50.564766562453144
STU_011910,85.68174852388513
STU_011911,74.40077827958518
STU_011912,90.66913007606027
STU_011913,75.18911686534071
STU_011914,89.15261731450197
STU_011915,91.24572365366433
STU_011916,68.97156132026561
STU_011917,89.32325383958701
STU_011918,79.58697703694777
STU_011919,100.0
STU_011920,76.62178099572982
STU_011921,69.08950337621681
STU_011922,75.5614980955139
STU_011923,62.68275321777274
STU_011924,71.96318823815201
STU_011925,42.66614396451487
STU_011926,73.62998961438849
STU_011927,72.70716741979737
STU_011928,73.10789795163636
STU_011929,81.34365763959386
STU_011930,86.27666554895853
STU_011931,86.43812266587238
STU_011932,67.37762518891758
STU_011933,54.14326920519147
STU_011934,81.88849829494598
STU_011935,49.921533370673785
STU_011936,88.26231800219327
STU_011937,71.79616147370061
STU_011938,56.859034406355235
STU_011939,92.02778189515837
STU_011940,80.04964390096858
STU_011941,80.53709207535486
STU_011942,91.96359416019206
STU_011943,75.07544267277204
STU_011944,68.7050287269642
STU_011945,74.32845766916219
STU_011946,97.4097744580308
STU_011947,85.26004929914467
STU_011948,67.71060379453539
STU_011949,81.72380523075864
STU_011950,74.29233086485817
STU_011951,90.98224041890043
STU_011952,68.77120037474748
STU_011953,50.47891805682758
STU_011954,92.68388869164531
STU_011955,59.37858446480112
STU_011956,89.12400114693003
STU_011957,56.969600513926686
STU_011958,95.58531969888446
STU_011959,77.80176250629974
STU_011960,91.48800802923726
STU_011961,92.12979837637899
STU_011962,80.09144883890684
STU_011963,91.09646673089058
STU_011964,74.38927336950788
STU_011965,78.95105917553494
STU_011966,93.55645130772746
STU_011967,55.113810386632565
STU_011968,88.0023440826379
STU_011969,55.082136911752386
STU_011970,83.61073572093126
STU_011971,57.091999412648434
STU_011972,85.28553485117219
STU_011973,68.76531153277699
STU_011974,92.50301194148908
STU_011975,76.62022540875053
STU_011976,63.304340681533624
STU_011977,86.36423002559698
STU_011978,59.93022840791396
STU_011979,79.1263180082857
STU_011980,77.89560750887568
STU_011981,79.05233071608718
STU_011982,93.32593697079406
STU_011983,67.7982830353501
STU_011984,81.71959782909347
STU_011985,81.69792811310657
STU_011986,68.45229667212712
STU_011987,57.62832340502308
STU_011988,75.60333471643837
STU_011989,72.3059775003874
STU_011990,91.97966760339563
STU_011991,66.90704620326392
STU_011992,45.418419183387016
STU_011993,73.39748215739871
STU_011994,62.705539843819096
STU_011995,70.73722547248519
STU_011996,73.92250208339321
STU_011997,87.99797072937235
STU_011998,95.8543756073195
STU_011999,100.0
STU_012000,91.0684713196658
STU_012001,88.93537200065977
STU_012002,74.21840750866116
STU_012003,76.22930164117629
STU_012004,70.18143566695781
STU_012005,80.96027137437767
STU_012006,89.43137192473681
STU_012007,64.08318419215149
STU_012008,79.89412039971019
STU_012009,70.17160730497135
STU_012010,45.279757964117096
STU_012011,61.60423820519962
STU_012012,70.13919606756446
STU_012013,71.29860470384938
STU_012014,54.16224306621782
STU_012015,70.47299791418062
STU_012016,54.09866178056246
STU_012017,77.26585229934517
STU_012018,87.7376667221026
STU_012019,94.8442665467492
STU_012020,61.40199453689254
STU_012021,63.00399227615096
STU_012022,67.14725837515302
STU_012023,73.72181980576633
STU_012024,92.30993904006115
STU_012025,91.79359112374615
STU_012026,69.3196066283107
STU_012027,90.31416999511177
STU_012028,93.63850637801556
STU_012029,63.73592038723925
STU_012030,87.51691786289301
STU_012031,95.33156224465085
STU_012032,69.06882244748003
STU_012033,70.45096580329245
STU_012034,96.26063328506682
STU_012035,70.85508757512271
STU_012036,67.24454547420797
STU_012037,78.86249467909091
STU_012038,60.850914099223274
STU_012039,71.52180505399323
STU_012040,95.7812922522638
STU_012041,72.58958966862163
STU_012042,89.57759128789567
STU_012043,73.32862623104762
STU_012044,73.20881268291447
STU_012045,54.1810514377688
STU_012046,79.49045610747726
STU_012047,95.63900963925254
STU_012048,56.727276033905184
STU_012049,75.81768670067099
STU_012050,74.98091988833487
STU_012051,38.94213141784299
STU_012052,84.98132220423247
STU_012053,82.5862575146773
STU_012054,70.17289597308017
STU_012055,77.52060679510713
STU_012056,95.95030003555098
STU_012057,88.26161158455957
STU_012058,63.66145098926004
STU_012059,55.69028379497203
STU_012060,71.64224146535628
STU_012061,66.29734366441176
STU_012062,90.48537059053018
STU_012063,56.26779810049237
STU_012064,64.59873398688123
STU_012065,83.68792307503617
STU_012066,73.546938597856
STU_012067,75.76902550265588
STU_012068,64.71153886709764
STU_012069,68.2775215015742
STU_012070,80.23663878984108
STU_012071,80.3074102679175
STU_012072,69.53134089926608
STU_012073,87.56851360021803
STU_012074,86.57070911774598
STU_012075,51.54619775444486
STU_012076,66.35531492540937
STU_012077,66.66985966890249
STU_012078,69.01862927077639
STU_012079,74.09777117483073
STU_012080,78.73093269823904
STU_012081,50.77580280665536
STU_012082,91.2447407719887
STU_012083,66.78088749115787
STU_012084,77.36881501521388
STU_012085,93.70857696386668
STU_012086,83.04470681783447
STU_012087,78.45509828734853
STU_012088,75.85019832776375
STU_012089,74.13334298656984
STU_012090,93.03013050626967
STU_012091,89.21433998429603
STU_012092,82.43136682399629
STU_012093,78.7939417692313
STU_012094,81.18116917603818
STU_012095,70.11051436564854
STU_012096,80.52069607847265
STU_012097,81.26640573410884
STU_012098,63.674231078166116
STU_012099,76.35810889845166
STU_012100,89.86568369320912
STU_012101,90.22470244751571
STU_012102,71.39228789252334
STU_012103,77.00018478618567
STU_012104,64.43417552673341
STU_012105,84.2010616246261
STU_012106,91.31451404409103
STU_012107,83.43636904052352
STU_012108,90.25443037011125
STU_012109,75.3720474038448
STU_012110,74.59217102239003
STU_012111,48.63510512347951
STU_012112,82.87480136375595
STU_012113,84.39276682109059
STU_012114,69.18912424472319
STU_012115,75.93871754559252
STU_012116,71.13680824322529
STU_012117,92.52066202083094
STU_012118,68.27355502801178
STU_012119,91.63416069355014
STU_012120,63.6570793802267
STU_012121,73.55635414344648
STU_012122,64.86106799663139
STU_012123,81.16729556112378
STU_012124,71.21769762186634
STU_012125,80.21327360504559
STU_012126,73.60854741290233
STU_012127,77.74025336245224
STU_012128,74.66388939748481
STU_012129,76.75270975150288
STU_012130,62.24917245336493
STU_012131,51.931822971555725
STU_012132,80.08931075687018
STU_012133,80.3327449282483
STU_012134,61.06385198579425
STU_012135,65.81533518109794
STU_012136,55.41764708467996
STU_012137,66.2897748223106
STU_012138,57.69930434351483
STU_012139,70.43602527003512
STU_012140,77.27384380999176
STU_012141,63.35775231993173
STU_012142,80.14133392046578
STU_012143,99.77754018774095
STU_012144,81.49017453333668
STU_012145,77.18609875964316
STU_012146,78.95719501746109
STU_012147,69.59878532086671
STU_012148,74.58039117595916
STU_012149,79.82406887574426
STU_012150,78.59222332679339
STU_012151,80.92140721992425
STU_012152,53.66120622430887
STU_012153,74.30691719616249
STU_012154,77.29292950563934
STU_012155,63.34144771034315
STU_012156,73.43527160651094
STU_012157,81.96697781107473
STU_012158,88.65120200330196
STU_012159,84.73415317630207
STU_012160,96.91800818243598
STU_012161,96.46655782770796
STU_012162,84.61308585470195
STU_012163,98.58385919282404
STU_012164,41.3699353242993
STU_012165,70.53545760451625
STU_012166,66.04099687974123
STU_012167,94.4682076461441
STU_012168,63.64050383613057
STU_012169,59.87841622317438
STU_012170,66.636937772889
STU_012171,78.4243071471202
STU_012172,88.13338865968689
STU_012173,89.71214640484887
STU_012174,83.97313811938379
STU_012175,80.17168010236679
STU_012176,71.40367164987705
STU_012177,72.55079090547113
STU_012178,88.28098559151458
STU_012179,69.38707802591946
STU_012180,82.60186116086084
STU_012181,93.01746977010083
STU_012182,75.49633396276022
STU_012183,89.63233974095577
STU_012184,76.08549901356176
STU_012185,73.96686723541025
STU_012186,91.99533669284452
STU_012187,51.10015357517801
STU_012188,60.622395144470005
STU_012189,60.291089742742486
STU_012190,86.99112351155372
STU_012191,73.00029942704354
STU_012192,71.57086186442783
STU_012193,64.5066140109747
STU_012194,76.58027922940803
STU_012195,66.91589887289864
STU_012196,49.74231738768505
STU_012197,85.20310493969447
STU_012198,67.71902211849498
STU_012199,81.30044341829223
STU_012200,55.70456244271284
STU_012201,71.49122186092534
STU_012202,82.58747592243529
STU_012203,88.50634199602003
STU_012204,72.59748922507681
STU_012205,76.18584835114056
STU_012206,83.60679249907412
STU_012207,90.29310702282459
STU_012208,74.04134395943927
STU_012209,62.2717721156813
STU_012210,76.58944282297186
STU_012211,79.36981257816622
STU_012212,71.32444873296957
STU_012213,81.24293300005664
STU_012214,64.46128249498544
STU_012215,62.863212758704506
STU_012216,81.70515425857641
STU_012217,93.71117140689063
STU_012218,99.66857446322652
STU_012219,69.32310502870556
STU_012220,59.914415448204196
STU_012221,76.17138046924984
STU_012222,64.08401895399996
STU_012223,63.905911139585655
STU_012224,70.77703624380686
STU_012225,85.99814023839181
STU_012226,76.94619004383479
STU_012227,73.01291840611671
STU_012228,61.673466460328186
STU_012229,83.04101091012384
STU_012230,81.02254990493594
STU_012231,63.78636092343941
STU_012232,80.0980519107969
STU_012233,80.88214294175964
STU_012234,65.14135850212236
STU_012235,68.50410363721562
STU_012236,95.81985640969997
STU_012237,75.50821995324078
STU_012238,68.11383969200912
STU_012239,74.56507635351484
STU_012240,77.2398029596049
STU_012241,85.74133041081204
STU_012242,76.35911336796913
STU_012243,50.22632822366059
STU_012244,60.98268463755246
STU_012245,69.39575566109583
STU_012246,61.566369177556965
STU_012247,58.137960024578156
STU_012248,88.37161881407911
STU_012249,86.8237665035394
STU_012250,85.7898789993239
STU_012251,70.80683262087898
STU_012252,61.710100329988194
STU_012253,59.53237376054945
STU_012254,56.19240441833211
STU_012255,80.26453136918113
STU_012256,68.8281928884203
STU_012257,81.06084774637016
STU_012258,78.47170917890719
STU_012259,78.30757044810343
STU_012260,87.61685955828106
STU_012261,80.9271370199589
STU_012262,83.51697369008099
STU_012263,66.09867300870542
STU_012264,62.86589131947605
STU_012265,70.80804554218568
STU_012266,97.39155963029566
STU_012267,93.42567592950383
STU_012268,55.077736739238944
STU_012269,78.31825039727953
STU_012270,72.10721017761777
STU_012271,76.5997586107103
STU_012272,74.68054914144088
STU_012273,71.71163223968017
STU_012274,62.306563639287674
STU_012275,90.38679158214666
STU_012276,73.31762676092718
STU_012277,79.41281511428431
STU_012278,69.31249574255588
STU_012279,79.34308348350226
STU_012280,74.52020628497863
STU_012281,55.31609983984304
STU_012282,88.48269734264733
STU_012283,91.73185915747325
STU_012284,66.4053976570145
STU_012285,77.32314184829113
STU_012286,77.27207789366267
STU_012287,93.24556378247829
STU_012288,81.73597027103703
STU_012289,90.4649403785765
STU_012290,86.89271795232354
STU_012291,69.78815967134375
STU_012292,77.78175357602946
STU_012293,72.04139511075938
STU_012294,86.23014376887883
STU_012295,76.6226265189362
STU_012296,76.12658579849304
STU_012297,75.12811236359211
STU_012298,71.14661215870412
STU_012299,83.40766481701681
STU_012300,55.489664234849855
STU_012301,83.81467799568102
STU_012302,80.84003326838874
STU_012303,60.931169040684864
STU_012304,51.2845780742295
STU_012305,95.23033075203075
STU_012306,76.12999087928293
STU_012307,69.77476930761125
STU_012308,86.95657969104693
STU_012309,68.32936661865386
STU_012310,75.99169329834639
STU_012311,81.02494390156282
STU_012312,56.72845542221948
STU_012313,72.94263515926109
STU_012314,96.96453487571091
STU_012315,88.99003710484445
STU_012316,71.49341201736937
STU_012317,96.83592110942345
STU_012318,85.51052762060428
STU_012319,81.61212923348282
STU_012320,62.85832018433782
STU_012321,63.84985769259393
STU_012322,93.28342222519589
STU_012323,61.460374484928536
STU_012324,82.21715869117685
STU_012325,65.69019598836746
STU_012326,69.84271778123262
STU_012327,61.70827171561341
STU_012328,63.98756263364272
STU_012329,92.84602564098577
STU_012330,86.84082918514338
STU_012331,82.54861171067209
STU_012332,70.36198277801357
STU_012333,85.80086185173836
STU_012334,72.3815407941876
STU_012335,68.34767352918342
STU_012336,85.63932830648002
STU_012337,91.36495642539072
STU_012338,67.8562241862576
STU_012339,87.85657524381635
STU_012340,62.56473410951415
STU_012341,53.71221110421709
STU_012342,85.97740850449404
STU_012343,90.96473748300409
STU_012344,61.247274105828154
STU_012345,63.298798193435104
STU_012346,73.35628707742022
STU_012347,94.06364164104693
STU_012348,78.83384996744329
STU_012349,69.1798392868
STU_012350,84.03411491768378
STU_012351,89.07206701436854
STU_012352,82.14242340154658
STU_012353,94.2877162583982
STU_012354,62.9419651229594
STU_012355,87.15553516667272
STU_012356,81.55352392958827
STU_012357,65.79597598096561
STU_012358,93.1238832391473
STU_012359,86.33562678675256
STU_012360,70.26934347595682
STU_012361,61.251526915038994
STU_012362,79.19550706687176
STU_012363,75.97556448545045
STU_012364,83.23754505129818
STU_012365,68.18121455142398
STU_012366,85.63674129387871
STU_012367,75.75558024673812
STU_012368,61.92388943778377
STU_012369,70.94565803267841
STU_012370,98.63387629823387
STU_012371,72.16608591456962
STU_012372,86.67286014254783
STU_012373,76.01949195463521
STU_012374,77.20455514300293
STU_012375,67.45132975469642
STU_012376,82.62018449020717
STU_012377,85.7044196428985
STU_012378,73.86204446102909
STU_012379,73.44164602992862
STU_012380,91.24399839207805
STU_012381,99.82694644660856
STU_012382,67.29271272166946
STU_012383,85.98850755121359
STU_012384,98.74909667215184
STU_012385,89.71003554032026
STU_012386,83.64327603299026
STU_012387,83.40575448075161
STU_012388,83.37038272722626
STU_012389,99.49822353622993
STU_012390,74.41517725939255
STU_012391,47.379966192618596
STU_012392,74.8820893186682
STU_012393,65.70800880875224
STU_012394,73.88678473417758
STU_012395,87.84206624055666
STU_012396,82.16918762292681
STU_012397,74.21659562219725
STU_012398,83.82933277560204
STU_012399,81.6386008794569
STU_012400,75.56288796017525
STU_012401,90.28997168259968
STU_012402,98.94488615310301
STU_012403,52.481296116292924
STU_012404,76.23000748862249
STU_012405,65.6348327876327
STU_012406,65.35715656717895
STU_012407,91.64514198199794
STU_012408,85.06638647503664
STU_012409,72.51183307048525
STU_012410,48.15833707347593
STU_012411,90.04781992814533
STU_012412,75.0515921192862
STU_012413,57.69317281671961
STU_012414,96.53795066977104
STU_012415,90.87400416101416
STU_012416,91.66702852249622
STU_012417,61.34137414116428
STU_012418,87.88657304353293
STU_012419,72.41792402152149
STU_012420,54.689077680558555
STU_012421,70.39707873608909
STU_012422,82.19354858425862
STU_012423,71.82169173995358
STU_012424,86.26266573924767
STU_012425,51.67904174692738
STU_012426,84.73131684415992
STU_012427,69.16144737688688
STU_012428,87.21632737954909
STU_012429,59.19168320943106
STU_012430,73.40706169890642
STU_012431,68.02984356891356
STU_012432,59.44015134553874
STU_012433,59.091907254743646
STU_012434,91.26215946149597
STU_012435,69.00121752517633
STU_012436,73.09567030629965
STU_012437,92.06808209508472
STU_012438,62.62978255388603
STU_012439,79.38527887268332
STU_012440,70.19719721414515
STU_012441,89.17247823117803
STU_012442,98.04547360131848
STU_012443,62.55297947368253
STU_012444,85.21483020966888
STU_012445,72.73226098899778
STU_012446,86.45112788284345
STU_012447,93.2297666740493
STU_012448,76.18824372550291
STU_012449,77.620272608145
STU_012450,71.06367853619645
STU_012451,87.0536573970007
STU_012452,79.9765353641233
STU_012453,94.53090275018089
STU_012454,84.0895157194029
STU_012455,72.97953549205599
STU_012456,86.86101120150636
STU_012457,68.97038622041887
STU_012458,77.90774344295062
STU_012459,54.21898515070767
STU_012460,85.96043828324598
STU_012461,79.37996356922385
STU_012462,72.44603981972885
STU_012463,81.7055052776966
STU_012464,76.46478936573082
STU_012465,74.86073217601954
STU_012466,71.25961718531236
STU_012467,76.88469220369959
STU_012468,86.33200538916775
STU_012469,86.9603717703897
STU_012470,52.09394077014291
STU_012471,54.48893670707042
STU_012472,94.61842658604488
STU_012473,72.82634448174933
STU_012474,65.21638459247689
STU_012475,70.29917371716101
STU_012476,52.24784737600754
STU_012477,95.32038551075712
STU_012478,73.8147237402036
STU_012479,68.01564709621077
STU_012480,78.99300806434724
STU_012481,89.59710506468792
STU_012482,70.58404221279525
STU_012483,64.32608316880199
STU_012484,71.92869384069513
STU_012485,79.7581158944245
STU_012486,71.86691182178001
STU_012487,66.64734899990347
STU_012488,69.7764560974176
STU_012489,82.87261005726808
STU_012490,89.04347257218221
STU_012491,59.6152450091627
STU_012492,64.59648338597516
STU_012493,60.070644363092256
STU_012494,71.20248707432333
STU_012495,71.70650216118895
STU_012496,82.53485331366831
STU_012497,90.04183218451695
STU_012498,72.25195717936833
STU_012499,76.42794156488145
STU_012500,86.1343468607217
STU_012501,93.46556146902293
STU_012502,84.43691708946815
STU_012503,85.98749218085213
STU_012504,78.38602809619094
STU_012505,82.42384043544384
STU_012506,70.046796311881
STU_012507,82.90912272879683
STU_012508,69.87124460592328
STU_012509,87.40322898803852
STU_012510,73.32979009779389
STU_012511,77.86689939499122
STU_012512,79.27435871245102
STU_012513,67.46893794227923
STU_012514,100.0
STU_012515,91.48988085886197
STU_012516,82.99517485885565
STU_012517,98.03418421203412
STU_012518,58.61664052958924
STU_012519,82.23220704994048
STU_012520,72.83834346191732
STU_012521,95.49508145797344
STU_012522,98.2670737953826
STU_012523,81.44964625161808
STU_012524,97.50225078139917
STU_012525,93.34211312108619
STU_012526,93.90447115522711
STU_012527,90.5023374440561
STU_012528,65.98424313135357
STU_012529,96.31835419078911
STU_012530,78.73589784742956
STU_012531,76.20137436156116
STU_012532,71.85532122357242
STU_012533,84.71998671522707
STU_012534,60.21415623379825
STU_012535,83.60533843433336
STU_012536,71.94698579706942
STU_012537,53.106364752933416
STU_012538,63.29361526371707
STU_012539,84.52190225339284
STU_012540,70.7991037572421
STU_012541,100.0
STU_012542,98.26260669084947
STU_012543,78.40391904155818
STU_012544,84.46684277730645
STU_012545,69.3431589080926
STU_012546,77.39236705494562
STU_012547,100.0
STU_012548,47.39885569051975
STU_012549,70.63211683137875
STU_012550,96.2922914676741
STU_012551,88.28160836230452
STU_012552,73.11575292654601
STU_012553,76.33367672534926
STU_012554,68.1135864380245
STU_012555,54.10887868495505
STU_012556,67.95567660497304
STU_012557,83.41441104937417
STU_012558,69.61924343969373
STU_012559,91.69247390818028
STU_012560,68.03757825853666
STU_012561,65.37607006782656
STU_012562,65.53565312997696
STU_012563,81.9562124931038
STU_012564,93.94363256549957
STU_012565,100.0
STU_012566,79.52450704056838
STU_012567,65.62302016677295
STU_012568,93.60971107871248
STU_012569,70.74614847933121
STU_012570,55.49796935536094
STU_012571,54.58569141450596
STU_012572,53.68761747551633
STU_012573,76.60515674828235
STU_012574,63.940520540100735
STU_012575,63.72187371845006
STU_012576,77.4500642491758
STU_012577,97.73530769408424
STU_012578,50.574441155206884
STU_012579,75.19780555492576
STU_012580,66.34822808379155
STU_012581,67.38483546812235
STU_012582,72.33156071395835
STU_012583,66.06642466905134
STU_012584,58.12990332854645
STU_012585,71.74150514720671
STU_012586,71.46255889402735
STU_012587,70.35672479929616
STU_012588,71.33357463734147
STU_012589,49.3007566421896
STU_012590,70.00507181245621
STU_012591,73.38106006098205
STU_012592,96.10230579442376
STU_012593,96.48579347928548
STU_012594,51.99307969715902
STU_012595,67.81875313490413
STU_012596,80.03956984111761
STU_012597,70.67714919005017
STU_012598,72.05990168922439
STU_012599,68.05106449351806
STU_012600,73.48585528380491
STU_012601,76.26762040451361
STU_012602,67.84219187896429
STU_012603,86.15713571518063
STU_012604,81.0465287482531
STU_012605,81.22778422319399
STU_012606,71.75565829381193
STU_012607,57.35796274343132
STU_012608,80.13129816067638
STU_012609,55.8097106088106
STU_012610,71.51689718746077
STU_012611,67.65862435591745
STU_012612,62.869007757046646
STU_012613,91.78538293508659
STU_012614,79.65898020909889
STU_012615,75.68041695419042
STU_012616,81.99907435038239
STU_012617,64.40241977329586
STU_012618,87.09180095061531
STU_012619,83.75393258090116
STU_012620,79.1739116421272
STU_012621,91.97235007209949
STU_012622,90.9579771968916
STU_012623,94.01431483300976
STU_012624,86.41916612282769
STU_012625,87.72006235143236
STU_012626,89.49172573156724
STU_012627,87.5054173699441
STU_012628,69.95357475082326
STU_012629,79.22116151103397
STU_012630,71.82182462381489
STU_012631,72.368315696009
STU_012632,63.29689325291257
STU_012633,71.37200566904204
STU_012634,89.27545406581872
STU_012635,75.34693278873254
STU_012636,69.679380331899
STU_012637,79.72984537499053
STU_012638,82.87685847669633
STU_012639,93.53104201568897
STU_012640,83.9388345086042
STU_012641,70.6317345124228
STU_012642,67.15977861307726
STU_012643,81.74165631340898
STU_012644,82.4476441133013
STU_012645,53.913243156663896
STU_012646,85.19030968063764
STU_012647,78.50550250950752
STU_012648,66.32519257255194
STU_012649,78.65808256549899
STU_012650,76.83194644052557
STU_012651,75.60509982055449
STU_012652,98.92675498068145
STU_012653,92.13383966368757
STU_012654,82.21642606726999
STU_012655,76.26537150464209
STU_012656,86.48221719626937
STU_012657,92.40389543362296
STU_012658,83.83450599433988
STU_012659,82.24694153657974
STU_012660,77.45467256334058
STU_012661,89.97143377629229
STU_012662,89.16136283837614
STU_012663,68.76829761855676
STU_012664,54.57747424790307
STU_012665,92.83046958489228
STU_012666,61.05581024345234
STU_012667,77.90152437922325
STU_012668,72.21717889576581
STU_012669,62.76952344063632
STU_012670,60.9371686287374
STU_012671,68.045890848406
STU_012672,56.71545413078281
STU_012673,58.04814341054378
STU_012674,58.23579449532134
STU_012675,70.0128604486232
STU_012676,94.0671205163795
STU_012677,59.55502877877079
STU_012678,71.00869480961197
STU_012679,76.50495159850269
STU_012680,69.37305119221776
STU_012681,73.61188898080081
STU_012682,88.9230049735166
STU_012683,82.80910757018546
STU_012684,84.56139629802925
STU_012685,94.90434599235772
STU_012686,72.32305572460884
STU_012687,78.34213354227902
STU_012688,85.41215317860011
STU_012689,69.35683921698379
STU_012690,65.04843366085302
STU_012691,74.92420752115251
STU_012692,77.60880815996144
STU_012693,79.61912571297682
STU_012694,57.88061855771053
STU_012695,70.79232208087373
STU_012696,66.78269258745186
STU_012697,81.3391056836716
STU_012698,67.56881165848152
STU_012699,78.03360202548947
STU_012700,69.82489386779542
STU_012701,99.98044168738144
STU_012702,78.04335920852292
STU_012703,69.35654405643203
STU_012704,71.37969524475095
STU_012705,63.8294319429475
STU_012706,71.61338704796427
STU_012707,97.73226116830634
STU_012708,53.71701595130624
STU_012709,66.92844669880984
STU_012710,93.73754718749744
STU_012711,66.34887111009874
STU_012712,68.72298852376322
STU_012713,61.28197609861484
STU_012714,90.00778526647403
STU_012715,75.00138366974372
STU_012716,77.42100104715685
STU_012717,71.15918960738976
STU_012718,83.12986024961958
STU_012719,60.69704283120077
STU_012720,79.12505617877477
STU_012721,80.62388751544876
STU_012722,51.27969767906181
STU_012723,78.9991334957394
STU_012724,90.99848493840628
STU_012725,56.7067704541024
STU_012726,52.484112940763715
STU_012727,63.750311634090295
STU_012728,86.23253057345798
STU_012729,64.42012320243231
STU_012730,85.9196209504947
STU_012731,97.2599522193741
STU_012732,83.27942826706465
STU_012733,55.30678658783697
STU_012734,86.6009402107938
STU_012735,58.95799692454375
STU_012736,100.0
STU_012737,70.75828154124858
STU_012738,77.13412186558621
STU_012739,83.17962652883996
STU_012740,89.55970694295334
STU_012741,48.322254210257505
STU_012742,66.95626208408531
STU_012743,77.65683872844919
STU_012744,82.66096839416511
STU_012745,58.157005505120736
STU_012746,83.64208864147122
STU_012747,63.906571512996614
STU_012748,89.45885452531795
STU_012749,85.53973723824579
STU_012750,68.91287368013255
STU_012751,52.30658714125197
STU_012752,74.70509737112748
STU_012753,64.83905699550326
STU_012754,59.81318329659404
STU_012755,90.10930041632379
STU_012756,59.961193138717626
STU_012757,48.5595403159568
STU_012758,87.26302411639816
STU_012759,59.12052866761215
STU_012760,75.46390034533722
STU_012761,65.29406671123185
STU_012762,88.209973973131
STU_012763,97.3285129562266
STU_012764,95.28221460655988
STU_012765,89.8761580001053
STU_012766,63.92259846407295
STU_012767,91.96122969690421
STU_012768,87.4710370779766
STU_012769,76.857696439248
STU_012770,54.98049432497363
STU_012771,56.77597212640801
STU_012772,97.81638069437949
STU_012773,66.32790335488076
STU_012774,72.39996151458206
STU_012775,67.3466110770432
STU_012776,78.42938520470081
STU_012777,49.272710252370686
STU_012778,70.16635671006578
STU_012779,71.11073226318487
STU_012780,74.39210181397956
STU_012781,88.21412026905983
STU_012782,55.50268968119703
STU_012783,98.62173782506716
STU_012784,48.35500083919952
STU_012785,74.68478146722376
STU_012786,53.84014136083749
STU_012787,65.94711129444306
STU_012788,92.43930637216071
STU_012789,76.96717832173942
STU_012790,97.22635195737296
STU_012791,78.79156107484818
STU_012792,71.6424007370466
STU_012793,90.65480386406766
STU_012794,77.67673264370066
STU_012795,94.44309701378164
STU_012796,72.13279129828537
STU_012797,62.1574004238731
STU_012798,96.9473788110414
STU_012799,87.40530065211807
STU_012800,54.82904283589374
STU_012801,68.86129872891537
STU_012802,76.12717468327142
STU_012803,92.12791780513317
STU_012804,59.539919881347885
STU_012805,71.16081116193698
STU_012806,80.40409144176029
STU_012807,68.49836824912424
STU_012808,85.58945810255426
STU_012809,84.1596209205251
STU_012810,86.46061723677786
STU_012811,76.78388930838204
STU_012812,71.34799942173558
STU_012813,80.15743978363025
STU_012814,66.516475017929
STU_012815,66.20370768155104
STU_012816,82.75142186363252
STU_012817,70.19230293478812
STU_012818,87.22335059641722
STU_012819,56.88877058622919
STU_012820,84.21897020840399
STU_012821,73.43750517238497
STU_012822,85.89318678494988
STU_012823,79.70453809389784
STU_012824,81.95606259992272
STU_012825,56.57951153278974
STU_012826,84.54358243549977
STU_012827,61.28330803216072
STU_012828,92.45857282686111
STU_012829,72.60509201612581
STU_012830,72.5890494344181
STU_012831,73.56512126738541
STU_012832,95.43981537643465
STU_012833,85.11390292247776
STU_012834,74.46473009299983
STU_012835,73.82154381785482
STU_012836,84.51418879855588
STU_012837,64.41349758928236
STU_012838,65.49250208046372
STU_012839,66.58365188228554
STU_012840,91.60227894798321
STU_012841,70.5870114859132
STU_012842,73.23126246243197
STU_012843,81.86231403901509
STU_012844,76.63185479510905
STU_012845,66.1314443252701
STU_012846,71.17210982940686
STU_012847,75.16313166256664
STU_012848,75.43301390589563
STU_012849,85.81104798358068
STU_012850,80.77511120398991
STU_012851,83.37854954505724
STU_012852,90.6348725318137
STU_012853,62.362975153743974
STU_012854,80.17357925984788
STU_012855,85.03517065616784
STU_012856,71.51300593630498
STU_012857,95.16499285996895
STU_012858,87.43236966678623
STU_012859,62.91516366565578
STU_012860,85.46894954461183
STU_012861,66.42837676679055
STU_012862,72.60987989355347
STU_012863,94.08572004816975
STU_012864,76.68316245971778
STU_012865,66.74028028009836
STU_012866,76.99064099860989
STU_012867,87.59542439054104
STU_012868,85.58850013338555
STU_012869,66.48528114192595
STU_012870,81.00901727095382
STU_012871,84.26519640775024
STU_012872,87.84904433352622
STU_012873,62.924803707549565
STU_012874,74.86405186793795
STU_012875,72.99872167936127
STU_012876,50.1707392978625
STU_012877,83.22808655337633
STU_012878,99.96338071309093
STU_012879,83.03520641067632
STU_012880,87.47158492110127
STU_012881,95.26399943309505
STU_012882,91.33222561537853
STU_012883,65.99290778652244
STU_012884,82.17506946036306
STU_012885,77.47105377915796
STU_012886,57.6299128624233
STU_012887,77.06778508993804
STU_012888,70.57225992760279
STU_012889,72.70880065390041
STU_012890,71.06084679785545
STU_012891,72.91051348525806
STU_012892,72.46029735334412
STU_012893,87.89195266802693
STU_012894,72.05468366979126
STU_012895,88.59914320671052
STU_012896,75.83588353179569
STU_012897,78.22788838256214
STU_012898,93.9618726569768
STU_012899,84.99435196588091
STU_012900,84.43565611487126
STU_012901,74.34455041387989
STU_012902,87.35791750508919
STU_012903,67.17401980809912
STU_012904,82.61113601106817
STU_012905,64.7410789491536
STU_012906,97.89579835949777
STU_012907,52.868256504115266
STU_012908,84.53553643547659
STU_012909,72.68254004160869
STU_012910,34.61200462287327
STU_012911,83.73216904008261
STU_012912,52.08121195236055
STU_012913,67.20189683072417
STU_012914,76.05187400946149
STU_012915,57.31371370201719
STU_012916,66.51710306696279
STU_012917,87.10439449556048
STU_012918,56.899500706412894
STU_012919,97.21981514451569
STU_012920,76.8764630941718
STU_012921,61.14956857521865
STU_012922,74.41227213154039
STU_012923,63.31227174543186
STU_012924,75.45407864751762
STU_012925,76.75004752336005
STU_012926,60.000993520204915
STU_012927,84.63315080105028
STU_012928,63.85418356243629
STU_012929,64.28699689442169
STU_012930,66.24035046838539
STU_012931,89.74687204788196
STU_012932,67.14176047562461
STU_012933,69.21191865708892
STU_012934,67.87248703938143
STU_012935,67.57353014056585
STU_012936,69.89457031383014
STU_012937,73.64496603467043
STU_012938,96.80638855071163
STU_012939,47.387435348400615
STU_012940,72.93515447541715
STU_012941,62.62189974782725
STU_012942,76.94397741971588
STU_012943,72.72472901205194
STU_012944,81.63390703100518
STU_012945,91.66146363338495
STU_012946,58.508067110493485
STU_012947,73.69460018150978
STU_012948,88.33908735705202
STU_012949,95.46417463334654
STU_012950,82.42324949071603
STU_012951,81.52900142906338
STU_012952,71.62602082311005
STU_012953,81.86035818625413
STU_012954,79.99334921937817
STU_012955,89.5833929961637
STU_012956,71.85549216996615
STU_012957,68.26189549226957
STU_012958,76.73086800758487
STU_012959,80.17959727362025
STU_012960,76.37351161427112
STU_012961,78.7089058325233
STU_012962,61.78418730235408
STU_012963,68.67576053670707
STU_012964,91.15606311844778
STU_012965,77.96347411969849
STU_012966,74.42711462729011
STU_012967,65.28969082064896
STU_012968,75.53958482276838
STU_012969,78.66068409611763
STU_012970,55.977255141981985
STU_012971,79.67969275253442
STU_012972,79.24651018768866
STU_012973,53.35591609318
STU_012974,59.84837217290552
STU_012975,58.24252519111582
STU_012976,83.86969945770548
STU_012977,76.5912596307688
STU_012978,92.02779719588108
STU_012979,69.75569366123446
STU_012980,69.675174921648
STU_012981,87.33518838400634
STU_012982,70.16772789430671
STU_012983,98.04745860921508
STU_012984,56.78713913197588
STU_012985,63.313309096529785
STU_012986,62.49032997728501
STU_012987,52.21014247036658
STU_012988,82.9860332027959
STU_012989,93.82723318661834
STU_012990,65.23339372350108
STU_012991,71.62003769466509
STU_012992,54.30735939472121
STU_012993,100.0
STU_012994,78.78511329280381
STU_012995,64.18589453436772
STU_012996,60.92001168268942
STU_012997,87.24482368977442
STU_012998,81.76422656075381
STU_012999,91.0362623581243
STU_013000,93.05174860302604
STU_013001,98.01476535757587
STU_013002,90.159503197592
STU_013003,79.89875324413687
STU_013004,83.41143415966317
STU_013005,78.25580292263108
STU_013006,78.0583166208346
STU_013007,79.3236510306216
STU_013008,88.51184671853423
STU_013009,82.70246935599481
STU_013010,77.36417164091445
STU_013011,55.67241535690173
STU_013012,55.386601994599275
STU_013013,91.49135127774329
STU_013014,90.11239224519699
STU_013015,82.69003952326207
STU_013016,61.54011502306854
STU_013017,85.64406127162113
STU_013018,78.21398049840909
STU_013019,83.46222686387033
STU_013020,57.38059434229141
STU_013021,72.75877608334031
STU_013022,98.33282541920295
STU_013023,76.7194429003244
STU_013024,89.59095008149822
STU_013025,71.45910960702442
STU_013026,69.74405007203953
STU_013027,71.22681060123799
STU_013028,79.81277133760676
STU_013029,74.85795896217151
STU_013030,75.56565308066301
STU_013031,66.83866741194049
STU_013032,99.77034023465117
STU_013033,69.3491378745956
STU_013034,97.40729235768988
STU_013035,89.49209561757756
STU_013036,55.71569066012083
STU_013037,84.6911351556601
STU_013038,76.74712770883708
STU_013039,87.80244423697322
STU_013040,96.02026238226084
STU_013041,75.84542447474435
STU_013042,62.110869817935885
STU_013043,90.07538885834823
STU_013044,65.69225926026863
STU_013045,89.09649826593227
STU_013046,63.66246391816182
STU_013047,70.53557566185503
STU_013048,94.60726634900699
STU_013049,82.9071739640205
STU_013050,83.01955745283647
STU_013051,93.11819919758426
STU_013052,69.97746833298044
STU_013053,73.97533387090009
STU_013054,68.29077898918851
STU_013055,86.13349682993677
STU_013056,76.13264261506633
STU_013057,52.775912510330855
STU_013058,57.73093860288539
STU_013059,84.70499000998302
STU_013060,64.4760811238664
STU_013061,60.16722176889293
STU_013062,98.8333686425214
STU_013063,84.82302925100453
STU_013064,65.55597508018465
STU_013065,54.680923782241294
STU_013066,98.23611761013476
STU_013067,81.14452074714698
STU_013068,92.91831185965282
STU_013069,99.5994922114117
STU_013070,63.97785518458136
STU_013071,81.72908952862329
STU_013072,87.7570102734258
STU_013073,72.51482421370613
STU_013074,76.31353624012404
STU_013075,51.33567214050211
STU_013076,81.77493208740088
STU_013077,92.18266024972735
STU_013078,79.62852052714479
STU_013079,88.06146202505514
STU_013080,75.07766463574212
STU_013081,76.80517142306044
STU_013082,59.84049292945458
STU_013083,60.461754195434
STU_013084,71.12857413992148
STU_013085,77.80270284872518
STU_013086,75.4808816146552
STU_013087,63.57217446482254
STU_013088,79.49417023754812
STU_013089,66.12784053154463
STU_013090,95.84662364231349
STU_013091,65.35600271187035
STU_013092,68.08907505228197
STU_013093,87.67256172014865
STU_013094,90.01126084499919
STU_013095,73.0291889715568
STU_013096,75.73571329393754
STU_013097,83.40544117775102
STU_013098,81.98461224073361
STU_013099,62.03563276155971
STU_013100,75.36410672233569
STU_013101,81.00273893154005
STU_013102,90.96726309899546
STU_013103,71.96844334532801
STU_013104,81.93753132799755
STU_013105,66.29417870440193
STU_013106,87.10146839230782
STU_013107,56.77405831138971
STU_013108,90.6356170838834
STU_013109,87.77311973542021
STU_013110,58.78750801485995
STU_013111,100.0
STU_013112,100.0
STU_013113,76.96221589555176
STU_013114,68.70695709361758
STU_013115,79.13725451052831
STU_013116,61.532199377267375
STU_013117,63.69109903647809
STU_013118,69.36242631541086
STU_013119,81.80314199976678
STU_013120,70.16869373116478
STU_013121,89.29599637182785
STU_013122,77.69226750783236
STU_013123,91.80480197715974
STU_013124,96.14453721536255
STU_013125,88.51644651339849
STU_013126,69.4351282303415
STU_013127,71.86237473703086
STU_013128,86.90933492337808
STU_013129,77.03950536248661
STU_013130,97.13005046630936
STU_013131,50.900168416986375
STU_013132,79.0527587029969
STU_013133,93.98029789461637
STU_013134,66.97739367678305
STU_013135,61.92938248260903
STU_013136,66.0478124582362
STU_013137,77.06215999762652
STU_013138,64.37017764435443
STU_013139,76.0403093101815
STU_013140,100.0
STU_013141,76.70291225584369
STU_013142,57.85786413609451
STU_013143,71.56417605265732
STU_013144,63.68004545228144
STU_013145,59.888075933355736
STU_013146,52.46412553429788
STU_013147,79.61121466247604
STU_013148,73.4081550735207
STU_013149,86.06314756833208
STU_013150,78.58211095712379
STU_013151,79.61140605806804
STU_013152,88.00936500074542
STU_013153,73.9252312310812
STU_013154,76.431606337853
STU_013155,96.79784071625626
STU_013156,81.22003898492294
STU_013157,77.90868546157229
STU_013158,82.94132572340885
STU_013159,82.63759067331634
STU_013160,66.80031261778984
STU_013161,63.73322472669871
STU_013162,62.03297877696375
STU_013163,88.52302044032938
STU_013164,68.76198666700499
STU_013165,68.46257381594472
STU_013166,49.19849991529348
STU_013167,90.00040774104497
STU_013168,75.3546836258639
STU_013169,76.38972663694783
STU_013170,78.01511713975944
STU_013171,83.12588155323111
STU_013172,67.4123489906681
STU_013173,88.26353132255971
STU_013174,67.8575081700163
STU_013175,57.75096130608767
STU_013176,94.51441397091062
STU_013177,65.63689301241084
STU_013178,82.0928729024122
STU_013179,73.78784121049361
STU_013180,89.21978174525482
STU_013181,85.62659554885741
STU_013182,70.1633332535534
STU_013183,81.61929548143235
STU_013184,74.3768818835277
STU_013185,71.77627684066937
STU_013186,58.923797796403406
STU_013187,66.38547071545216
STU_013188,91.83220437311626
STU_013189,99.41646820089927
STU_013190,83.41610446842486
STU_013191,97.75917274295294
STU_013192,85.48746562268005
STU_013193,86.19574199323118
STU_013194,95.20207745139152
STU_013195,89.62546021984573
STU_013196,79.96069736210613
STU_013197,56.29291861338375
STU_013198,70.71662497126519
STU_013199,80.78538918838588
STU_013200,56.23598496622118
STU_013201,86.59437865472162
STU_013202,62.85446952171848
STU_013203,71.27826360077908
STU_013204,63.62611402832419
STU_013205,79.3754716163943
STU_013206,67.90932370538133
STU_013207,70.14612420607415
STU_013208,72.01290907843328
STU_013209,79.75773332770967
STU_013210,58.61885495127492
STU_013211,75.94577231426477
STU_013212,61.335559828353226
STU_013213,69.15160217683506
STU_013214,89.35175479058083
STU_013215,50.194501467937364
STU_013216,98.59434431364417
STU_013217,93.74250618772149
STU_013218,68.53417007534563
STU_013219,84.2331047157099
STU_013220,95.25607143752401
STU_013221,58.49607248135049
STU_013222,62.118799095188436
STU_013223,83.03305852388438
STU_013224,71.4548033234685
STU_013225,49.68920422618535
STU_013226,77.20313951146927
STU_013227,84.12547053413385
STU_013228,70.72510312714772
STU_013229,66.18262983542746
STU_013230,72.61598429506495
STU_013231,69.78646450028393
STU_013232,69.52804693557135
STU_013233,94.22188151527217
STU_013234,68.74050291147417
STU_013235,68.11249091069638
STU_013236,90.28037674880142
STU_013237,62.89891916671782
STU_013238,77.18555970468805
STU_013239,77.31617783151734
STU_013240,61.05709528242395
STU_013241,70.68823585213764
STU_013242,71.33507645875613
STU_013243,60.075202343972386
STU_013244,72.7370265075816
STU_013245,70.84983719906506
STU_013246,65.1020991357806
STU_013247,98.05009054278796
STU_013248,94.2086289553697
STU_013249,46.47156165155556
STU_013250,72.72703473858056
STU_013251,83.62904640280567
STU_013252,86.60904212762719
STU_013253,69.30556849635875
STU_013254,93.72669318711694
STU_013255,79.17060503329431
STU_013256,72.0454330317546
STU_013257,83.16349545026466
STU_013258,65.08719154296324
STU_013259,57.934926381063285
STU_013260,69.70345451262286
STU_013261,69.96137780584519
STU_013262,58.34812614111773
STU_013263,63.27017740093918
STU_013264,91.57490413408058
STU_013265,80.81355870313622
STU_013266,70.5092919644573
STU_013267,69.49588129414992
STU_013268,62.52478782378755
STU_013269,80.46739706014901
STU_013270,94.10122736232798
STU_013271,66.3439828792237
STU_013272,83.03708044393834
STU_013273,65.26827626070148
STU_013274,77.79166960029484
STU_013275,61.072897440254806
STU_013276,60.36656861897469
STU_013277,62.363124847300114
STU_013278,64.22981812202978
STU_013279,58.12400381984645
STU_013280,86.40297609090476
STU_013281,91.4201175158813
STU_013282,90.82761669660358
STU_013283,78.15953736134739
STU_013284,78.01263771211545
STU_013285,74.69789378444837
STU_013286,66.43765437402368
STU_013287,91.28121280132065
STU_013288,84.64346528790134
STU_013289,93.19786741373949
STU_013290,83.96112437874561
STU_013291,89.1377837855415
STU_013292,75.29640987832478
STU_013293,77.8866428145548
STU_013294,88.6824436265349
STU_013295,71.92113251634039
STU_013296,76.47726292933852
STU_013297,78.57266387419772
STU_013298,57.6792849766114
STU_013299,86.95238547234273
STU_013300,76.12400384167117
STU_013301,88.03745302209327
STU_013302,85.14202977752599
STU_013303,88.52394377038499
STU_013304,84.72291955842618
STU_013305,70.85914178914295
STU_013306,65.06492569752294
STU_013307,77.91153796074119
STU_013308,96.22045692680962
STU_013309,72.14151428276524
STU_013310,55.80622074846501
STU_013311,89.25444837631758
STU_013312,53.48613012154008
STU_013313,67.86580922514123
STU_013314,59.8845474141481
STU_013315,66.3782552864503
STU_013316,78.08861844324606
STU_013317,76.69371241228119
STU_013318,53.472900136476454
STU_013319,71.69679721653357
STU_013320,81.17931791831818
STU_013321,80.82831212268995
STU_013322,96.15345737960315
STU_013323,98.25193915266416
STU_013324,76.53281278783692
STU_013325,79.44109528498903
STU_013326,70.85790215009476
STU_013327,73.35313913225129
STU_013328,66.1126415147955
STU_013329,82.191450935382
STU_013330,63.25103856960261
STU_013331,68.92265066675279
STU_013332,67.66572256763531
STU_013333,60.46102867756488
STU_013334,72.1013640129278
STU_013335,66.757273475251
STU_013336,81.44505413884062
STU_013337,58.019308538680725
STU_013338,64.65122138238902
STU_013339,73.82778557312109
STU_013340,92.65901435235136
STU_013341,72.76508653435603
STU_013342,79.2164772988783
STU_013343,70.29675705094974
STU_013344,73.90162917645141
STU_013345,70.19960038486408
STU_013346,93.60290458555822
STU_013347,81.059634388132
STU_013348,85.88659047886031
STU_013349,97.80222389810835
STU_013350,61.323921818154034
STU_013351,82.76599241678008
STU_013352,73.80376607679888
STU_013353,65.24096631153031
STU_013354,62.67215657547739
STU_013355,90.55706899556694
STU_013356,62.79409842865652
STU_013357,65.36155226920133
STU_013358,73.89224549169565
STU_013359,77.61137586405842
STU_013360,74.23327188699066
STU_013361,69.59761470526313
STU_013362,82.80277821766806
STU_013363,77.41678802001951
STU_013364,66.38238645789212
STU_013365,84.26825694949113
STU_013366,96.21536448108353
STU_013367,84.08316395182791
STU_013368,82.4575648603444
STU_013369,56.873996529604085
STU_013370,81.22751686414189
STU_013371,75.59872481557767
STU_013372,75.41212689685075
STU_013373,75.73911582004152
STU_013374,90.5845801400231
STU_013375,92.1875327269885
STU_013376,43.72044532694463
STU_013377,83.82736629304878
STU_013378,61.957460705383724
STU_013379,78.59925099304277
STU_013380,84.63113374332842
STU_013381,95.53647090208256
STU_013382,98.97324941049742
STU_013383,63.00748308116645
STU_013384,59.736710051513725
STU_013385,66.6809773986637
STU_013386,95.56234732701982
STU_013387,58.24690641476019
STU_013388,85.0499065394754
STU_013389,64.74500541500124
STU_013390,69.62332179917792
STU_013391,86.5582824622156
STU_013392,96.35539076123572
STU_013393,68.70630673830055
STU_013394,100.0
STU_013395,64.65774843794094
STU_013396,68.34708847536757
STU_013397,99.5038913961248
STU_013398,90.39559587811685
STU_013399,61.20558347594543
STU_013400,63.39501476243018
STU_013401,100.0
STU_013402,80.93743348649136
STU_013403,95.39955592602432
STU_013404,66.13521906208787
STU_013405,78.57537086766497
STU_013406,100.0
STU_013407,71.51412448886286
STU_013408,68.10602914592056
STU_013409,58.950246507880905
STU_013410,76.39577575892076
STU_013411,63.773368707599886
STU_013412,62.53925674365366
STU_013413,74.1962562298161
STU_013414,88.60702378638933
STU_013415,75.76221441049147
STU_013416,56.4652700727145
STU_013417,71.59015440474984
STU_013418,51.18893352263386
STU_013419,62.91680890538501
STU_013420,95.86727942246539
STU_013421,96.30483852508118
STU_013422,91.45502855558748
STU_013423,57.66486456740291
STU_013424,98.69521220151499
STU_013425,80.8883218435066
STU_013426,56.53117564419607
STU_013427,68.02113015065412
STU_013428,75.51338080624792
STU_013429,92.11728827388035
STU_013430,66.01168351584094
STU_013431,63.68322918300795
STU_013432,79.96783307606294
STU_013433,95.21743382630993
STU_013434,89.19069093987
STU_013435,93.75129524166611
STU_013436,70.60135705808224
STU_013437,71.05319310492433
STU_013438,80.70072906979897
STU_013439,89.04281182893035
STU_013440,75.1476008785323
STU_013441,97.50965435559208
STU_013442,97.0086031148362
STU_013443,68.76030933359077
STU_013444,79.47731883566098
STU_013445,79.58799823756796
STU_013446,87.00978212956376
STU_013447,86.26887062624627
STU_013448,81.00816058110213
STU_013449,81.05429322868946
STU_013450,92.82802823385231
STU_013451,68.22320959853911
STU_013452,74.021686065387
STU_013453,82.97711007343467
STU_013454,72.85475862903691
STU_013455,96.32178691838328
STU_013456,70.18641640762661
STU_013457,66.28831235709978
STU_013458,71.6604325561189
STU_013459,56.44639441346226
STU_013460,55.98937062902226
STU_013461,72.31035785806043
STU_013462,60.31209652342058
STU_013463,84.11454974727056
STU_013464,55.67721387824548
STU_013465,61.88552617465771
STU_013466,85.33098730085689
STU_013467,61.01536885949227
STU_013468,94.02029868481843
STU_013469,81.04713875073995
STU_013470,91.22548613673214
STU_013471,81.62084562700436
STU_013472,82.3477909184634
STU_013473,65.85827001453754
STU_013474,76.22773607484814
STU_013475,86.94244551506262
STU_013476,78.29788603353475
STU_013477,66.979343224225
STU_013478,76.80669261773625
STU_013479,70.17610966631896
STU_013480,84.94238963480377
STU_013481,80.22100992744538
STU_013482,82.42027138212748
STU_013483,79.77346407992644
STU_013484,87.49425558773669
STU_013485,93.07035168274642
STU_013486,53.442688626768756
STU_013487,75.8471047524128
STU_013488,79.54190608124773
STU_013489,75.93868077432509
STU_013490,73.16476963754712
STU_013491,86.5909602651024
STU_013492,80.13300540921554
STU_013493,66.14531209411308
STU_013494,78.35979302795933
STU_013495,83.94174357543953
STU_013496,87.4109071703548
STU_013497,51.385952431647134
STU_013498,73.6182659180057
STU_013499,84.71448766510173
STU_013500,64.89366611436857
STU_013501,84.24095959452796
STU_013502,82.15783076357695
STU_013503,70.91160114364875
STU_013504,87.10373877927334
STU_013505,72.97313715356026
STU_013506,93.66215259763874
STU_013507,65.16075976742418
STU_013508,71.82029002299218
STU_013509,84.58804148082265
STU_013510,66.29167737946389
STU_013511,82.38925588447685
STU_013512,61.880816061165
STU_013513,51.99881074847697
STU_013514,86.24023038279518
STU_013515,74.1745379257174
STU_013516,100.0
STU_013517,83.59664887108622
STU_013518,76.89272833914852
STU_013519,100.0
STU_013520,70.59099401577531
STU_013521,65.75594237778111
STU_013522,66.17822839480507
STU_013523,98.34754861791059
STU_013524,80.57427783650998
STU_013525,72.23803548238688
STU_013526,77.33171477442585
STU_013527,66.09531386677136
STU_013528,54.447700693341396
STU_013529,95.09818508991219
STU_013530,67.54217478727419
STU_013531,92.92587413987025
STU_013532,60.61696791046795
STU_013533,74.76662761576978
STU_013534,87.41152710109156
STU_013535,95.32334829519644
STU_013536,85.01919749815562
STU_013537,77.70104109808923
STU_013538,92.71739632179595
STU_013539,67.93384880761374
STU_013540,100.0
STU_013541,66.69228462181958
STU_013542,86.92261308623496
STU_013543,72.18405941596278
STU_013544,73.6104008573324
STU_013545,87.68167416699949
STU_013546,94.36204174513574
STU_013547,98.97300871235119
STU_013548,83.45625035082759
STU_013549,62.1379509606971
STU_013550,79.41884566710331
STU_013551,69.1828817952498
STU_013552,85.07696141407035
STU_013553,71.17008039502515
STU_013554,74.99705199056149
STU_013555,63.727273654579186
STU_013556,86.18257387186247
STU_013557,71.21484103560884
STU_013558,68.17077690156147
STU_013559,89.1145124729758
STU_013560,52.583330298925134
STU_013561,69.69281179226901
STU_013562,90.29419026117078
STU_013563,86.05721674433943
STU_013564,56.53110863570682
STU_013565,80.75603224880132
STU_013566,71.5541991876935
STU_013567,91.24073269548225
STU_013568,78.3756355174244
STU_013569,75.95011875648574
STU_013570,74.08093680696888
STU_013571,75.51201880408824
STU_013572,58.197074076321755
STU_013573,65.18229189551295
STU_013574,75.25626821566775
STU_013575,55.81640259938516
STU_013576,73.07084823135791
STU_013577,63.63112579823239
STU_013578,70.27700215652688
STU_013579,74.13278141315068
STU_013580,84.88575263659519
STU_013581,57.992076990418184
STU_013582,73.13524782164734
STU_013583,70.93150637055054
STU_013584,76.83780827398232
STU_013585,64.60568947397228
STU_013586,62.73342580689242
STU_013587,95.54638271905407
STU_013588,70.52967661120041
STU_013589,77.17620754200479
STU_013590,83.87254666132407
STU_013591,86.53085889861495
STU_013592,95.84517734546189
STU_013593,94.7694677737418
STU_013594,69.32128245777389
STU_013595,65.04999407622547
STU_013596,84.45215131341276
STU_013597,66.32121677808665
STU_013598,78.78153652979087
STU_013599,74.55647142330335
STU_013600,96.0768348764848
STU_013601,69.5359439553183
STU_013602,65.57093536924958
STU_013603,90.42703039981178
STU_013604,68.18850033578596
STU_013605,91.53000614461418
STU_013606,68.41441999220713
STU_013607,44.440394116233314
STU_013608,75.61131655115103
STU_013609,81.5253566401251
STU_013610,93.82894418765778
STU_013611,93.67334227173552
STU_013612,63.949621035408775
STU_013613,76.87415516749151
STU_013614,55.764944167814846
STU_013615,76.55089267567845
STU_013616,82.46941720750499
STU_013617,66.20248958952556
STU_013618,58.2135327305638
STU_013619,65.55629778290232
STU_013620,71.77811061194944
STU_013621,73.3997424095887
STU_013622,64.86844167467727
STU_013623,52.60229512920115
STU_013624,51.403813757696774
STU_013625,80.86309674831423
STU_013626,74.71307491837628
STU_013627,83.17858623387562
STU_013628,96.4330749844559
STU_013629,79.39998594541231
STU_013630,63.97856818162542
STU_013631,69.46034181121358
STU_013632,57.67215743067527
STU_013633,90.33001938405638
STU_013634,65.7411083117711
STU_013635,94.95192977425133
STU_013636,69.94238468401664
STU_013637,80.00654312549891
STU_013638,76.6251018668583
STU_013639,66.11481370313903
STU_013640,79.82665116916459
STU_013641,87.81253896707656
STU_013642,72.31188465566372
STU_013643,84.08870665193447
STU_013644,60.287076004476
STU_013645,74.02791503779206
STU_013646,84.69033319151418
STU_013647,80.63607796028435
STU_013648,94.12956193442376
STU_013649,73.90736909008176
STU_013650,93.0549094253624
STU_013651,72.15653360468315
STU_013652,67.20790920884478
STU_013653,82.93321330892482
STU_013654,79.22193819658114
STU_013655,75.28652114418708
STU_013656,96.18415514100784
STU_013657,66.53049782676175
STU_013658,87.08310654587422
STU_013659,71.68049365428966
STU_013660,68.78480652570738
STU_013661,80.93299389257551
STU_013662,83.9456376809519
STU_013663,76.34642178762299
STU_013664,91.35413852490761
STU_013665,77.2062757033211
STU_013666,84.32952840823108
STU_013667,58.714592471414996
STU_013668,93.70485576364308
STU_013669,62.541366735733305
STU_013670,84.42019604895404
STU_013671,99.57633236057912
STU_013672,71.62176548685238
STU_013673,94.91188333874686
STU_013674,77.96737239059495
STU_013675,62.552362023146294
STU_013676,74.80218251140633
STU_013677,82.41549578201831
STU_013678,74.8262951444275
STU_013679,69.4491321077585
STU_013680,57.183357288669825
STU_013681,97.30123421723391
STU_013682,42.30907246336301
STU_013683,58.59153036455366
STU_013684,70.9236950064328
STU_013685,82.57487242096686
STU_013686,87.21342488095273
STU_013687,73.83555178093586
STU_013688,64.63780413656454
STU_013689,98.21946849637861
STU_013690,89.13663301871335
STU_013691,70.11215054879023
STU_013692,61.85301178913366
STU_013693,84.75665830514833
STU_013694,75.5297208394583
STU_013695,69.42000164450845
STU_013696,98.63469418329895
STU_013697,71.0037285887127
STU_013698,64.4030759323797
STU_013699,71.15883462187293
STU_013700,82.51730460415307
STU_013701,80.83911394567562
STU_013702,91.44016035109172
STU_013703,69.95526694458371
STU_013704,79.84354401684911
STU_013705,84.37633822029915
STU_013706,62.40121355594257
STU_013707,62.517879465920885
STU_013708,55.79727546735326
STU_013709,88.31553210721921
STU_013710,79.3912461742903
STU_013711,96.653698026013
STU_013712,77.57343944315645
STU_013713,64.2876782545045
STU_013714,72.33408967731265
STU_013715,96.8952384504304
STU_013716,68.8974958171453
STU_013717,56.32604067923294
STU_013718,85.2872943576111
STU_013719,71.65598374018047
STU_013720,48.41496865977673
STU_013721,56.838977935654405
STU_013722,79.28288442572504
STU_013723,80.48733571080143
STU_013724,90.59853426874896
STU_013725,64.98846443473424
STU_013726,64.06278969776731
STU_013727,61.8137515840968
STU_013728,93.52910037288926
STU_013729,86.26014405888566
STU_013730,79.77353454074583
STU_013731,85.51572047677845
STU_013732,77.71732108178348
STU_013733,85.14930723949705
STU_013734,58.154929431856004
STU_013735,78.04685417072461
STU_013736,96.86729618156316
STU_013737,86.60326558638738
STU_013738,71.46254338144418
STU_013739,73.32606185553256
STU_013740,78.84581849114353
STU_013741,78.28684637121111
STU_013742,92.89916191973859
STU_013743,93.34588496116442
STU_013744,61.86615864661107
STU_013745,91.19312337227066
STU_013746,87.59813894766623
STU_013747,94.50702609985026
STU_013748,74.7934750441577
STU_013749,95.03814630947512
STU_013750,72.10369171499804
STU_013751,73.15025381491228
STU_013752,80.05665033946292
STU_013753,82.86666206220006
STU_013754,72.6567911046021
STU_013755,68.2258492033096
STU_013756,67.65060933394662
STU_013757,99.07853617409637
STU_013758,95.62842259783551
STU_013759,60.174222561939914
STU_013760,59.41317719462196
STU_013761,89.5164280447282
STU_013762,68.52982425586421
STU_013763,76.91716492237903
STU_013764,65.94625015477803
STU_013765,62.32848854904051
STU_013766,84.77371366037129
STU_013767,83.26443080824546
STU_013768,69.00622084547331
STU_013769,54.638047510440565
STU_013770,87.4548306391407
STU_013771,94.95322891604366
STU_013772,68.66455689896341
STU_013773,70.10722356814215
STU_013774,77.06363375376826
STU_013775,77.75259944366736
STU_013776,62.56441563193249
STU_013777,74.26879665717061
STU_013778,88.63217201851506
STU_013779,98.06145374591412
STU_013780,70.55769587141184
STU_013781,62.43379413390377
STU_013782,76.61741027073919
STU_013783,87.99519250832736
STU_013784,78.5114176105233
STU_013785,69.48421214118541
STU_013786,76.23609685165266
STU_013787,93.49270898693571
STU_013788,60.96490579778704
STU_013789,88.25026108539886
STU_013790,66.81106279313747
STU_013791,83.95622760706411
STU_013792,99.39780796201049
STU_013793,75.29651867771062
STU_013794,81.06207106977345
STU_013795,78.97707076398214
STU_013796,70.65459862877721
STU_013797,89.2165614290034
STU_013798,59.97085918762171
STU_013799,80.96794400743437
STU_013800,83.0290622115994
STU_013801,99.25191606211422
STU_013802,84.08997502545608
STU_013803,74.88513047962827
STU_013804,72.27383016722546
STU_013805,94.38712111861872
STU_013806,73.89806798153033
STU_013807,71.04262768167047
STU_013808,76.13730817209955
STU_013809,79.2192356110944
STU_013810,84.23266866186212
STU_013811,70.03989381643648
STU_013812,78.17331198366487
STU_013813,72.27264410874976
STU_013814,63.7773267933579
STU_013815,78.61967762719776
STU_013816,69.36663841685547
STU_013817,80.94637527324407
STU_013818,54.62326282586683
STU_013819,79.33737871853941
STU_013820,75.84112332823044
STU_013821,71.52478139882919
STU_013822,95.0766772852868
STU_013823,92.83858252524956
STU_013824,71.52637683705788
STU_013825,63.66056921069559
STU_013826,83.46045691570464
STU_013827,80.00542897548733
STU_013828,85.9087536867371
STU_013829,77.56446898269668
STU_013830,86.40593459622595
STU_013831,81.44119247091672
STU_013832,91.76557220714528
STU_013833,83.28485349598189
STU_013834,70.49852177459681
STU_013835,84.57377391684435
STU_013836,65.12063473037063
STU_013837,91.94485181026306
STU_013838,54.71406582835937
STU_013839,59.66898236425282
STU_013840,66.22667173885826
STU_013841,98.89469486660437
STU_013842,81.92116717042994
STU_013843,77.20744566050409
STU_013844,71.81030830520514
STU_013845,91.64213989815322
STU_013846,88.85234060225251
STU_013847,41.40656027367192
STU_013848,100.0
STU_013849,60.469832494433945
STU_013850,72.2620677311059
STU_013851,64.30191031253375
STU_013852,81.20471872592363
STU_013853,64.80483714561062
STU_013854,86.02446160892424
STU_013855,73.35002854005177
STU_013856,58.75352891695903
STU_013857,78.71032866791434
STU_013858,85.8732608794333
STU_013859,80.47227931169806
STU_013860,73.86583102923586
STU_013861,71.89749726102932
STU_013862,81.48087803247401
STU_013863,81.93866311579123
STU_013864,70.21557537525395
STU_013865,92.03746507545868
STU_013866,53.56896133077834
STU_013867,73.38640575567092
STU_013868,95.4592114835435
STU_013869,70.22558234428573
STU_013870,47.498242516151436
STU_013871,71.06361706121557
STU_013872,98.32419196818236
STU_013873,71.21977843463054
STU_013874,64.41638975531964
STU_013875,63.6064600645001
STU_013876,75.89202095342684
STU_013877,56.7523846202903
STU_013878,62.99380795040094
STU_013879,63.36441885811712
STU_013880,95.8072857115496
STU_013881,71.80862457168183
STU_013882,80.11682126156543
STU_013883,71.59692558331925
STU_013884,79.98878821298557
STU_013885,92.99153849935372
STU_013886,87.45803266895066
STU_013887,75.86507775057113
STU_013888,81.3659348236993
STU_013889,76.94542298869546
STU_013890,95.65261405642485
STU_013891,89.86326538996069
STU_013892,76.252089080347
STU_013893,58.908254754092994
STU_013894,96.49316540859435
STU_013895,56.42658423580549
STU_013896,91.88696143191244
STU_013897,79.98225142451258
STU_013898,83.2638243015572
STU_013899,85.33323442164937
STU_013900,68.5278867455222
STU_013901,75.3098740288423
STU_013902,74.111371477889
STU_013903,70.85220821265077
STU_013904,67.30182445979592
STU_013905,85.56539034995541
STU_013906,76.28432028120768
STU_013907,63.0682646568445
STU_013908,71.23356307855815
STU_013909,87.26785026358212
STU_013910,59.02148850664552
STU_013911,81.60052220982729
STU_013912,79.73055421311803
STU_013913,69.97119233517385
STU_013914,62.77304554955507
STU_013915,68.47818589713245
STU_013916,95.14306317601583
STU_013917,52.14824975461441
STU_013918,52.44407317646974
STU_013919,77.71356364959279
STU_013920,78.7995819273818
STU_013921,59.07198326369378
STU_013922,94.31520505827812
STU_013923,88.81469050503355
STU_013924,85.66407358179944
STU_013925,68.45102818984805
STU_013926,83.09103465087284
STU_013927,96.68038028871219
STU_013928,42.6709926629847
STU_013929,61.453809512076134
STU_013930,69.63818196725369
STU_013931,62.3734008194171
STU_013932,65.57912929204036
STU_013933,54.18329046106029
STU_013934,66.30794413500642
STU_013935,78.15807652699354
STU_013936,88.97306961406213
STU_013937,82.0947954982044
STU_013938,75.06892581561402
STU_013939,65.63150339436515
STU_013940,66.83870920742895
STU_013941,69.28107674416574
STU_013942,100.0
STU_013943,65.32275548314071
STU_013944,88.3412554071962
STU_013945,81.31564234572173
STU_013946,96.88909166102282
STU_013947,79.79813265795495
STU_013948,79.30608460675
STU_013949,47.7337879846295
STU_013950,83.11572532377339
STU_013951,59.84040526518541
STU_013952,95.24887885282604
STU_013953,66.14646335862629
STU_013954,48.929816188136776
STU_013955,63.631237828180744
STU_013956,79.34838594897175
STU_013957,79.78535879743966
STU_013958,70.7610243836682
STU_013959,71.93392618994241
STU_013960,80.79975619124981
STU_013961,68.46265090560371
STU_013962,65.05543306534561
STU_013963,66.5142937128136
STU_013964,75.39234609771833
STU_013965,63.859215974385585
STU_013966,68.63128310430241
STU_013967,72.76308513452416
STU_013968,93.09344070132298
STU_013969,53.59509950976414
STU_013970,89.38402222351195
STU_013971,64.51009552757664
STU_013972,72.65849175052635
STU_013973,73.52216440530842
STU_013974,92.80294278958331
STU_013975,84.20518271162473
STU_013976,70.21671341864796
STU_013977,83.13502444311568
STU_013978,94.94274884589178
STU_013979,87.75058901263789
STU_013980,78.75750057943407
STU_013981,77.95953309799461
STU_013982,68.04981177614314
STU_013983,78.55998916481522
STU_013984,69.58105847270753
STU_013985,85.52835955064829
STU_013986,67.30526979249167
STU_013987,92.45276529682339
STU_013988,71.57878200124672
STU_013989,66.45254637988315
STU_013990,69.54507469697208
STU_013991,79.05127850179585
STU_013992,78.71918346431005
STU_013993,78.56955294214394
STU_013994,73.63346915681993
STU_013995,58.875643565091394
STU_013996,74.72951980683726
STU_013997,92.26499749418434
STU_013998,65.47784285069005
STU_013999,74.58734934888265
STU_014000,77.06521236126916
STU_014001,64.30334843061254
STU_014002,61.908384409692815
STU_014003,69.60431916248665
STU_014004,56.36713815328342
STU_014005,66.3570077823667
STU_014006,66.74514821452468
STU_014007,83.27188771331987
STU_014008,62.03537494538872
STU_014009,97.9660382300338
STU_014010,71.31008205823078
STU_014011,80.34418748491196
STU_014012,93.37924628432964
STU_014013,50.72203917468767
STU_014014,85.69753013306996
STU_014015,85.33608382957902
STU_014016,66.66258343241638
STU_014017,78.6965774834589
STU_014018,76.62842919248294
STU_014019,85.66275612326727
STU_014020,83.93052306704881
STU_014021,90.39006639993664
STU_014022,71.46118745086977
STU_014023,68.28930002376677
STU_014024,74.94471834319312
STU_014025,80.3685070118859
STU_014026,72.54844856262035
STU_014027,100.0
STU_014028,81.50249539769334
STU_014029,76.3593861113465
STU_014030,81.0760584571882
STU_014031,74.51492219343547
STU_014032,71.2161835694095
STU_014033,75.39293044528014
STU_014034,88.522521528311
STU_014035,92.64097914513465
STU_014036,54.38455111407895
STU_014037,54.125260142729616
STU_014038,83.20222705550249
STU_014039,86.06574433932657
STU_014040,68.90207605495883
STU_014041,76.42143324056205
STU_014042,69.09186381216438
STU_014043,69.98216026044909
STU_014044,100.0
STU_014045,80.19987651167547
STU_014046,68.07282717665949
STU_014047,87.68667646053281
STU_014048,65.37673917374751
STU_014049,84.53832833832298
STU_014050,75.86407187465095
STU_014051,73.78328212597548
STU_014052,82.20812942647288
STU_014053,88.66028271005811
STU_014054,87.41524755592991
STU_014055,100.0
STU_014056,78.03498151905742
STU_014057,66.47204075688698
STU_014058,76.75051428018298
STU_014059,57.96089142215908
STU_014060,75.86497727878067
STU_014061,72.16456617117534
STU_014062,90.2982332047783
STU_014063,70.3223011789413
STU_014064,66.91406060531894
STU_014065,60.81705871189038
STU_014066,45.50632709964607
STU_014067,93.09494683641992
STU_014068,72.73652456120575
STU_014069,76.72882227306472
STU_014070,77.02501231901894
STU_014071,42.25308978127472
STU_014072,74.82099840181672
STU_014073,80.69813346887113
STU_014074,73.72724055159088
STU_014075,71.40648659889433
STU_014076,66.65255964264695
STU_014077,56.60261091494089
STU_014078,56.99163618664488
STU_014079,81.62795710524247
STU_014080,88.01322081522493
STU_014081,99.173917222695
STU_014082,83.49872345623369
STU_014083,62.877534959171555
STU_014084,75.42124759968193
STU_014085,98.67509355098103
STU_014086,56.57391664873563
STU_014087,72.5915058047796
STU_014088,73.62504389840424
STU_014089,72.01965681402531
STU_014090,67.39885800176071
STU_014091,88.45046919264365
STU_014092,67.5767815474426
STU_014093,71.97684376074344
STU_014094,62.019364401431474
STU_014095,81.34566549671112
STU_014096,84.2952012013098
STU_014097,92.09551385610905
STU_014098,69.6710237018952
STU_014099,74.37118913197776
STU_014100,66.36380355367976
STU_014101,76.01455726181692
STU_014102,81.09133979186387
STU_014103,70.42644406747515
STU_014104,96.306968553168
STU_014105,44.430842280278036
STU_014106,67.97794884905274
STU_014107,86.71887155010253
STU_014108,81.98107518555688
STU_014109,79.66096597168504
STU_014110,86.23623440313166
STU_014111,88.3625316390306
STU_014112,61.90280775033604
STU_014113,57.532393694115484
STU_014114,66.38619710552909
STU_014115,77.97024656632777
STU_014116,98.85294620110753
STU_014117,66.86861270688843
STU_014118,94.52522112501532
STU_014119,67.4545685465598
STU_014120,65.72558992254227
STU_014121,62.3364471498264
STU_014122,61.49195477380737
STU_014123,60.49010017507922
STU_014124,57.10039343555028
STU_014125,85.87700956877002
STU_014126,64.34150316878242
STU_014127,70.70955664127835
STU_014128,58.41844522888765
STU_014129,87.25158078827162
STU_014130,82.72625628821754
STU_014131,87.33120071339485
STU_014132,78.73297306998182
STU_014133,72.70274165024273
STU_014134,45.83470651083407
STU_014135,75.87414645126364
STU_014136,72.88225049329894
STU_014137,95.92408583275954
STU_014138,57.3511260674819
STU_014139,72.25934742372891
STU_014140,77.14394549008554
STU_014141,88.33458950152968
STU_014142,75.55079364265883
STU_014143,77.70744808370056
STU_014144,97.84500884627153
STU_014145,70.82677646024571
STU_014146,95.55247142606436
STU_014147,81.64964252661395
STU_014148,90.19637806785136
STU_014149,82.45266669844789
STU_014150,64.69183156201966
STU_014151,97.85918952137314
STU_014152,89.44594173684233
STU_014153,59.520478537692824
STU_014154,78.66280680785927
STU_014155,71.14985130388406
STU_014156,94.11540790195939
STU_014157,81.48816873300261
STU_014158,80.42221292118823
STU_014159,81.84670869094515
STU_014160,93.67866609015162
STU_014161,78.1861547212394
STU_014162,93.20951294069232
STU_014163,76.28241105811223
STU_014164,58.31126237397558
STU_014165,96.60427155862953
STU_014166,70.92801207478686
STU_014167,80.82299587884889
STU_014168,66.29359239872917
STU_014169,57.21993881157219
STU_014170,83.14986229375317
STU_014171,87.14367944391793
STU_014172,82.83164289628715
STU_014173,68.94581934278298
STU_014174,79.59296942573683
STU_014175,82.35300986678496
STU_014176,68.15180694479767
STU_014177,72.08895760211439
STU_014178,75.31531339799294
STU_014179,88.27249981832983
STU_014180,81.47273243504179
STU_014181,78.10873266630965
STU_014182,92.59654563446654
STU_014183,67.04344069810966
STU_014184,86.51118566498495
STU_014185,79.99341130470653
STU_014186,95.30974434500442
STU_014187,93.7142503315059
STU_014188,73.93518621644505
STU_014189,66.12304883488645
STU_014190,68.6878844302146
STU_014191,69.65251204900369
STU_014192,63.97527019873033
STU_014193,85.38271007032114
STU_014194,69.26843271757437
STU_014195,63.862257431527155
STU_014196,83.760984282412
STU_014197,62.124794449319594
STU_014198,70.54346988233111
STU_014199,59.831382165441255
STU_014200,76.06715546923039
STU_014201,81.0482980221668
STU_014202,82.64668500592339
STU_014203,61.877855394427655
STU_014204,89.32491727397928
STU_014205,69.36801293881055
STU_014206,73.96963846248552
STU_014207,73.65489890553583
STU_014208,71.97514115088602
STU_014209,68.44454615779144
STU_014210,91.69091793223114
STU_014211,79.35403070350836
STU_014212,100.0
STU_014213,77.51127313856153
STU_014214,65.57396221002334
STU_014215,71.30765440592046
STU_014216,70.97967273941921
STU_014217,84.9130902365138
STU_014218,100.0
STU_014219,68.32486958969076
STU_014220,75.1342313456367
STU_014221,81.7596048107493
STU_014222,80.78826912219165
STU_014223,88.59605794328616
STU_014224,95.66328648123311
STU_014225,76.65536650578959
STU_014226,58.715882313842044
STU_014227,73.47480462366642
STU_014228,60.287870189055944
STU_014229,91.15365263533603
STU_014230,89.91296813049986
STU_014231,79.67134951599895
STU_014232,76.01704068081574
STU_014233,56.201618408921036
STU_014234,99.50871275216969
STU_014235,77.60814306418139
STU_014236,68.001482184177
STU_014237,84.85308538687397
STU_014238,48.87048925883556
STU_014239,90.47167012827458
STU_014240,71.32062866548421
STU_014241,81.15381384633278
STU_014242,90.40993540978806
STU_014243,62.606618934445095
STU_014244,76.02597436546047
STU_014245,80.85548123447772
STU_014246,75.76837235137323
STU_014247,64.8804857590534
STU_014248,91.66779301452439
STU_014249,77.48188244144607
STU_014250,81.19531674620225
STU_014251,78.6941924594951
STU_014252,69.16656574036351
STU_014253,88.90570908026419
STU_014254,73.06209589940602
STU_014255,96.86465139931312
STU_014256,69.52000046342555
STU_014257,72.35622669661626
STU_014258,86.4875617234039
STU_014259,67.09547320353093
STU_014260,85.45726554454873
STU_014261,85.71652000444317
STU_014262,80.556249966699
STU_014263,62.52327378749075
STU_014264,90.61920162264765
STU_014265,67.50780797916148
STU_014266,80.4813071294239
STU_014267,95.24733892456017
STU_014268,89.76645145883955
STU_014269,70.33121050152113
STU_014270,75.53164426763723
STU_014271,63.030773508682145
STU_014272,69.20217130659957
STU_014273,68.57205000217856
STU_014274,64.25974314162062
STU_014275,82.96832331957442
STU_014276,65.38992238229288
STU_014277,88.8251278352754
STU_014278,60.265646541670925
STU_014279,95.28095650464864
STU_014280,56.15510591226455
STU_014281,88.42568533314903
STU_014282,68.8238260410385
STU_014283,56.26875731406159
STU_014284,83.78169344360842
STU_014285,91.590997396674
STU_014286,65.73247283847627
STU_014287,82.04206803623885
STU_014288,51.163425304440885
STU_014289,73.25226223662479
STU_014290,74.51477530156423
STU_014291,71.67455423283519
STU_014292,76.60573540537328
STU_014293,72.03539486872943
STU_014294,63.025048337740174
STU_014295,69.52574360680119
STU_014296,62.625209135128785
STU_014297,59.26248189106818
STU_014298,73.5491589672014
STU_014299,77.8626686013804
STU_014300,88.58191664769501
STU_014301,57.21272053138494
STU_014302,100.0
STU_014303,92.838598151236
STU_014304,61.41305167913038
STU_014305,79.89038389137022
STU_014306,75.53578491086449
STU_014307,99.02881399793596
STU_014308,68.99171302782707
STU_014309,94.38078541933731
STU_014310,72.02709554969714
STU_014311,99.84807834831608
STU_014312,79.94072915915409
STU_014313,71.45407811906155
STU_014314,67.29011806490648
STU_014315,79.45142381475476
STU_014316,74.29053199899744
STU_014317,70.31095587248495
STU_014318,76.71027870385439
STU_014319,64.09046078226719
STU_014320,76.72850886768163
STU_014321,64.9095348913362
STU_014322,91.33520695984194
STU_014323,84.99188753795802
STU_014324,85.52654867898976
STU_014325,81.07169053434632
STU_014326,85.36997605296605
STU_014327,68.58193986121607
STU_014328,54.378648041366475
STU_014329,94.3815681915643
STU_014330,55.386184256322096
STU_014331,64.85415067213788
STU_014332,59.27054234724416
STU_014333,64.60540669171957
STU_014334,92.24824711509257
STU_014335,80.3771480194176
STU_014336,89.97186076647017
STU_014337,84.20503175264568
STU_014338,65.98268871531916
STU_014339,67.65669850409934
STU_014340,60.42099293773359
STU_014341,92.30261912632238
STU_014342,57.75828657288752
STU_014343,70.36421222789107
STU_014344,48.26601012196723
STU_014345,77.53208736838586
STU_014346,88.84804316916174
STU_014347,67.01725021330337
STU_014348,72.87588977601064
STU_014349,66.87885657271164
STU_014350,69.1979055917936
STU_014351,72.22989967217995
STU_014352,90.58456891677801
STU_014353,92.58188207588755
STU_014354,88.22010684444206
STU_014355,64.56264172698891
STU_014356,48.147201249584484
STU_014357,83.73570003405277
STU_014358,58.5979239503276
STU_014359,76.54444326768223
STU_014360,55.7851349149096
STU_014361,71.33772384723022
STU_014362,98.85275684049437
STU_014363,48.39579361591612
STU_014364,84.62438876037953
STU_014365,64.54528954948327
STU_014366,75.0129852697825
STU_014367,72.04806972721724
STU_014368,88.03635271268196
STU_014369,87.54926335081655
STU_014370,93.66741877110265
STU_014371,75.86152829732454
STU_014372,88.23977743926508
STU_014373,66.6900709512955
STU_014374,76.1779893981408
STU_014375,80.76630726049265
STU_014376,91.62652584343951
STU_014377,81.40953402904525
STU_014378,97.29811384899492
STU_014379,78.93158431358282
STU_014380,83.60059218856526
STU_014381,42.709638937710594
STU_014382,75.48895414299632
STU_014383,72.41000686951843
STU_014384,86.04235896940611
STU_014385,90.47474715989166
STU_014386,60.77692116468657
STU_014387,78.35072825418003
STU_014388,69.02087401308893
STU_014389,77.30979158505849
STU_014390,69.5054021663019
STU_014391,47.009383026106335
STU_014392,86.02849723616113
STU_014393,86.67591243493908
STU_014394,77.16284611512287
STU_014395,94.85799267228866
STU_014396,92.95369056755193
STU_014397,83.61071613265601
STU_014398,100.0
STU_014399,72.54297620658711
STU_014400,95.64375590189998
STU_014401,80.6948899051554
STU_014402,75.7246734070393
STU_014403,78.12856899462508
STU_014404,80.22526216425634
STU_014405,68.67703296269342
STU_014406,79.81175443675374
STU_014407,99.14272613875303
STU_014408,60.89576440065585
STU_014409,54.565699228918795
STU_014410,71.71077779304095
STU_014411,65.28020552288221
STU_014412,73.3516015028473
STU_014413,83.31231230793405
STU_014414,67.12506341717226
STU_014415,72.68140625346635
STU_014416,78.35814040525923
STU_014417,95.91866730384105
STU_014418,91.0845010093267
STU_014419,55.60162013442282
STU_014420,91.61874811275386
STU_014421,93.33400967842348
STU_014422,72.05155212223889
STU_014423,93.37919354750684
STU_014424,80.737388657183
STU_014425,99.72433558449981
STU_014426,68.2971509802003
STU_014427,85.0623644480132
STU_014428,96.6558123539097
STU_014429,92.75233666443373
STU_014430,55.01298185412049
STU_014431,58.74211433754034
STU_014432,65.67538281682174
STU_014433,57.59788636402796
STU_014434,74.66085895082398
STU_014435,95.03583099854183
STU_014436,59.42473142893927
STU_014437,70.53002674134488
STU_014438,75.53984824628859
STU_014439,83.876399820856
STU_014440,50.3805901310715
STU_014441,63.573086784071435
STU_014442,76.19330643130729
STU_014443,56.17588515235532
STU_014444,54.96848112209742
STU_014445,69.93576545297861
STU_014446,68.23358194795784
STU_014447,92.07477762515674
STU_014448,64.4123472298821
STU_014449,53.36209621102116
STU_014450,70.22442310296725
STU_014451,88.91240148033638
STU_014452,91.7140900160402
STU_014453,100.0
STU_014454,90.07222623363941
STU_014455,85.02600230411517
STU_014456,82.41073010026614
STU_014457,61.48697609965309
STU_014458,64.17616458071728
STU_014459,76.9532499295692
STU_014460,98.7010008979813
STU_014461,90.19745956461469
STU_014462,85.24416838371711
STU_014463,79.62657012478614
STU_014464,74.1619704149704
STU_014465,89.69966231675079
STU_014466,72.03347579883653
STU_014467,75.22975030127327
STU_014468,72.0377917618212
STU_014469,87.27270225062651
STU_014470,74.6042482452949
STU_014471,79.52972264786352
STU_014472,66.260362289936
STU_014473,70.72319831766178
STU_014474,87.994361953217
STU_014475,63.77635486727321
STU_014476,66.39494594620085
STU_014477,92.4058654255042
STU_014478,85.91107250747372
STU_014479,96.28643909054857
STU_014480,76.50730917795684
STU_014481,88.19979530945022
STU_014482,54.07062311518959
STU_014483,93.51921475844885
STU_014484,51.128747854235904
STU_014485,74.41351458488407
STU_014486,90.07819700385289
STU_014487,83.24289234357693
STU_014488,73.84487388326747
STU_014489,48.98118751135503
STU_014490,89.05941739762807
STU_014491,82.0885852636863
STU_014492,79.96909241322317
STU_014493,62.342949928600625
STU_014494,86.72681677506347
STU_014495,74.28691908534549
STU_014496,76.44251570410198
STU_014497,65.37674716817023
STU_014498,84.22163338876089
STU_014499,79.60633704548458
STU_014500,67.13108018694099
STU_014501,67.95207106532345
STU_014502,71.6390961596254
STU_014503,75.24436408776175
STU_014504,100.0
STU_014505,74.10797892473491
STU_014506,76.08210636864293
STU_014507,72.35113992731735
STU_014508,64.42958866047435
STU_014509,78.45930484733228
STU_014510,61.09986594872946
STU_014511,83.89283275833881
STU_014512,74.40015276770407
STU_014513,79.9454409735805
STU_014514,81.10428228988039
STU_014515,74.43109839456358
STU_014516,80.55845156110234
STU_014517,79.35881742587557
STU_014518,75.14689273839258
STU_014519,59.21779637339378
STU_014520,76.29781750487892
STU_014521,93.79105620430707
STU_014522,66.9915215874927
STU_014523,92.46099356695524
STU_014524,91.92849077594227
STU_014525,71.543216244612
STU_014526,79.17088007399981
STU_014527,48.493979608292804
STU_014528,66.0767332238118
STU_014529,87.93678313081264
STU_014530,67.15408007176694
STU_014531,75.24599264688067
STU_014532,93.21189821403559
STU_014533,99.87279426607897
STU_014534,95.56379029465981
STU_014535,92.3415625524728
STU_014536,82.628953280698
STU_014537,79.56596554038578
STU_014538,64.02983667793004
STU_014539,65.41429109911199
STU_014540,55.6425587586412
STU_014541,84.92767229276473
STU_014542,59.26012237592466
STU_014543,86.08070598938926
STU_014544,69.108308349351
STU_014545,59.67398510359382
STU_014546,56.876187872353
STU_014547,63.68220446084818
STU_014548,92.77606743805248
STU_014549,96.07932254134215
STU_014550,79.65269442984943
STU_014551,69.20810799525572
STU_014552,70.65070777013007
STU_014553,82.5725382500643
STU_014554,76.77309163855737
STU_014555,72.17237164005108
STU_014556,95.48553075328131
STU_014557,77.19988975929807
STU_014558,60.35487097712399
STU_014559,83.50500140388401
STU_014560,94.81176094098139
STU_014561,74.36021368203374
STU_014562,67.95331109362743
STU_014563,77.19361475373381
STU_014564,96.17832835090113
STU_014565,61.75130783391869
STU_014566,88.61310944850956
STU_014567,68.88700270623951
STU_014568,67.04462443532559
STU_014569,77.75576128650981
STU_014570,57.53258317523952
STU_014571,67.48565196250352
STU_014572,70.67121867385883
STU_014573,79.33723145498195
STU_014574,64.96433674359915
STU_014575,60.53874438211782
STU_014576,70.75002938620564
STU_014577,61.12889799768808
STU_014578,61.522978588522776
STU_014579,79.13887088493613
STU_014580,86.78096609931035
STU_014581,89.33961626017054
STU_014582,82.20858903919603
STU_014583,70.30055011584462
STU_014584,83.59901095424362
STU_014585,75.84325977883346
STU_014586,88.79329498339735
STU_014587,61.47958689460795
STU_014588,77.91579885606211
STU_014589,60.14689397630953
STU_014590,68.06944325693763
STU_014591,87.67676611101729
STU_014592,73.61052769269072
STU_014593,93.69039958419258
STU_014594,95.0328256735226
STU_014595,54.682087799816316
STU_014596,99.94755304683716
STU_014597,70.63569659732364
STU_014598,62.659430574491935
STU_014599,78.7306208505477
STU_014600,59.472049958852196
STU_014601,79.86699563249823
STU_014602,90.60595556628095
STU_014603,50.92560825990539
STU_014604,88.22873371299897
STU_014605,97.38170691739258
STU_014606,58.84118369740291
STU_014607,76.83089244685017
STU_014608,62.087023747627896
STU_014609,81.38599837317184
STU_014610,78.49345954184004
STU_014611,77.48885110426575
STU_014612,57.97314192390153
STU_014613,68.64594953775237
STU_014614,88.68255136800065
STU_014615,75.21510630807603
STU_014616,94.99761919369232
STU_014617,64.88644504323491
STU_014618,88.25630690500685
STU_014619,77.94252363331758
STU_014620,84.84450936173712
STU_014621,60.26913063302591
STU_014622,94.8583150002506
STU_014623,75.2968564229873
STU_014624,85.81508719041176
STU_014625,73.02659307641787
STU_014626,90.16974176290327
STU_014627,66.1250057072631
STU_014628,58.430905957368495
STU_014629,82.26267763127316
STU_014630,73.02764266854373
STU_014631,62.23574583223889
STU_014632,71.21259788980092
STU_014633,69.88912884195892
STU_014634,93.54540274468951
STU_014635,60.81477147897868
STU_014636,46.22924983460524
STU_014637,87.93405311269717
STU_014638,67.72576071071568
STU_014639,77.68827431980375
STU_014640,72.20086202811825
STU_014641,61.808700459823356
STU_014642,94.10433135725773
STU_014643,56.51822087834608
STU_014644,91.48103959207059
STU_014645,75.4172542666087
STU_014646,89.6252892582285
STU_014647,88.51315449545439
STU_014648,70.50077417905192
STU_014649,92.87354842646526
STU_014650,67.84807426963559
STU_014651,65.42998173666358
STU_014652,88.1680900666378
STU_014653,79.67010574714828
STU_014654,88.29174034770872
STU_014655,51.22969319885182
STU_014656,69.69843609150375
STU_014657,57.068528263435326
STU_014658,78.19488594658392
STU_014659,71.12606794020623
STU_014660,69.79147782035656
STU_014661,55.41704804571464
STU_014662,71.01051168230453
STU_014663,73.48212605022708
STU_014664,54.376471533686065
STU_014665,75.21491456070544
STU_014666,90.82050999618366
STU_014667,80.27780055825095
STU_014668,60.99975267737987
STU_014669,79.68573233963087
STU_014670,98.29648139194026
STU_014671,78.29137615013893
STU_014672,85.93741334553266
STU_014673,93.304886888015
STU_014674,93.59540462483926
STU_014675,86.0293294908156
STU_014676,76.58652471165074
STU_014677,64.86890528318644
STU_014678,69.65503636541969
STU_014679,62.94803176550169
STU_014680,49.03379421757455
STU_014681,91.42244413753153
STU_014682,49.958126788528126
STU_014683,66.24949676841477
STU_014684,59.94390792606562
STU_014685,67.13346699207912
STU_014686,79.06573985206217
STU_014687,84.99353314391541
STU_014688,96.13759553329189
STU_014689,67.51531326246977
STU_014690,62.34291135914057
STU_014691,87.83471864975199
STU_014692,90.47442053346748
STU_014693,71.67807662231795
STU_014694,77.10169644527373
STU_014695,100.0
STU_014696,49.58399792555488
STU_014697,70.93476607834965
STU_014698,92.02011225389876
STU_014699,66.74296237144642
STU_014700,86.82501512309818
STU_014701,66.4932911425112
STU_014702,89.37535629001837
STU_014703,80.61722692602862
STU_014704,90.473363576733
STU_014705,80.74626686794119
STU_014706,86.21803177043381
STU_014707,91.84990753333254
STU_014708,97.2051763129499
STU_014709,76.62984920121002
STU_014710,53.49946429928429
STU_014711,73.10687447057865
STU_014712,78.2386945055405
STU_014713,46.987336966402765
STU_014714,81.24264215643
STU_014715,72.02786989896653
STU_014716,66.15766883730682
STU_014717,62.31364233723472
STU_014718,62.26088793970466
STU_014719,91.48589352390476
STU_014720,81.66385735078072
STU_014721,55.6884340175738
STU_014722,67.5585068087654
STU_014723,92.71743254596299
STU_014724,92.27304659343072
STU_014725,70.41387161400087
STU_014726,65.22551096328786
STU_014727,60.84823167630199
STU_014728,89.56167626111372
STU_014729,83.02289889688146
STU_014730,59.67219396899667
STU_014731,68.15348113458225
STU_014732,74.102002269476
STU_014733,75.23280648490824
STU_014734,59.7651171078536
STU_014735,98.77556048881286
STU_014736,75.7729509514051
STU_014737,77.02107313733521
STU_014738,72.52703494146473
STU_014739,86.687550715592
STU_014740,80.31934138321921
STU_014741,80.88197290472816
STU_014742,93.39180702534048
STU_014743,95.02588072904669
STU_014744,66.87384547973035
STU_014745,83.63028142653253
STU_014746,47.26639370726525
STU_014747,71.33685920096421
STU_014748,97.42477057646035
STU_014749,95.83190450880879
STU_014750,84.46604174095046
STU_014751,90.88567035818882
STU_014752,79.0032715257276
STU_014753,61.48467771879845
STU_014754,97.74133430383863
STU_014755,67.6936449554037
STU_014756,73.52413977888064
STU_014757,71.74812419379913
STU_014758,98.6153071936404
STU_014759,69.10336329501882
STU_014760,79.35918600749336
STU_014761,77.18612066881096
STU_014762,100.0
STU_014763,82.07625257949913
STU_014764,100.0
STU_014765,78.37560530489034
STU_014766,80.15524799144576
STU_014767,68.0114827824947
STU_014768,64.65981369865106
STU_014769,94.51145905339905
STU_014770,78.89030364471465
STU_014771,73.00030499922246
STU_014772,72.4931446874742
STU_014773,83.97715720879492
STU_014774,89.56361804064707
STU_014775,81.1437381589888
STU_014776,76.66851501412408
STU_014777,80.31391185717152
STU_014778,82.0243436849545
STU_014779,80.42278409788221
STU_014780,60.691900833131555
STU_014781,88.76455100343573
STU_014782,87.43333221052667
STU_014783,95.00198337034067
STU_014784,95.89911807108224
STU_014785,82.9426086920085
STU_014786,81.40952012776602
STU_014787,76.81410481771393
STU_014788,92.86194518907548
STU_014789,75.19021762747042
STU_014790,78.71800433996542
STU_014791,69.31514407584434
STU_014792,58.83272528540222
STU_014793,65.43256949090517
STU_014794,64.39832453321155
STU_014795,77.42767356689887
STU_014796,75.87368866960824
STU_014797,76.58166268931429
STU_014798,87.26586314850871
STU_014799,89.88130393661754
STU_014800,84.58843100018119
STU_014801,87.38309601636186
STU_014802,58.12653523541516
STU_014803,87.14939668887887
STU_014804,80.28227235446583
STU_014805,71.72810667380082
STU_014806,73.94768329137962
STU_014807,66.79620938262944
STU_014808,72.17451172102243
STU_014809,54.09459684158866
STU_014810,92.63286323593297
STU_014811,96.04136520925357
STU_014812,73.11702925566213
STU_014813,63.759318616861705
STU_014814,68.75719812476652
STU_014815,57.244566029748896
STU_014816,82.8976601417725
STU_014817,87.13392194197057
STU_014818,52.681606534290744
STU_014819,82.97031968065467
STU_014820,73.11111895155088
STU_014821,62.32673439191652
STU_014822,93.12787697640003
STU_014823,64.37187434120072
STU_014824,93.00558144765135
STU_014825,79.79102503005208
STU_014826,92.95960233240905
STU_014827,59.88413088213393
STU_014828,74.21867498929382
STU_014829,74.27707490960042
STU_014830,85.71317015467697
STU_014831,86.76875483923673
STU_014832,65.70739577860475
STU_014833,63.37617627866345
STU_014834,80.00457589175218
STU_014835,79.16264570792204
STU_014836,86.80266217998008
STU_014837,68.26922750805944
STU_014838,73.71425047527948
STU_014839,80.5618360554545
STU_014840,78.73436835291679
STU_014841,96.83500244359418
STU_014842,53.72101600999002
STU_014843,75.54391409734993
STU_014844,94.60701111958721
STU_014845,70.1655077608966
STU_014846,83.4725010617816
STU_014847,80.53781981496965
STU_014848,58.5615553041202
STU_014849,56.97760174809384
STU_014850,71.6558136100761
STU_014851,83.50602627966677
STU_014852,85.75699131097932
STU_014853,64.715788688173
STU_014854,65.0998237869972
STU_014855,76.58419234298651
STU_014856,70.59890963346328
STU_014857,78.09664101152255
STU_014858,66.70596719771814
STU_014859,85.92692124890459
STU_014860,48.31610255005604
STU_014861,88.55538721932473
STU_014862,95.03702567029146
STU_014863,66.42260297827333
STU_014864,80.88755797814278
STU_014865,70.105684920643
STU_014866,71.12813874111222
STU_014867,70.92216857349057
STU_014868,100.0
STU_014869,99.04580412699562
STU_014870,73.66869395308224
STU_014871,77.33583137755352
STU_014872,81.94171284334648
STU_014873,66.96413101195908
STU_014874,73.59419922623664
STU_014875,83.3207250178827
STU_014876,56.32202051861874
STU_014877,68.04552981036441
STU_014878,63.4888352152197
STU_014879,80.84797060163947
STU_014880,82.40533520416247
STU_014881,80.04982532831743
STU_014882,68.43121273677455
STU_014883,81.4037562321024
STU_014884,68.9621560745447
STU_014885,81.68109053376969
STU_014886,63.94812407837679
STU_014887,77.06877865658805
STU_014888,85.98498163087741
STU_014889,73.2823747627159
STU_014890,93.27057742500548
STU_014891,74.47586500533762
STU_014892,86.62412018742324
STU_014893,67.42240750259967
STU_014894,75.92756143391388
STU_014895,59.24432107897435
STU_014896,76.81902481923919
STU_014897,78.61787243529285
STU_014898,82.28104332072033
STU_014899,54.42780640806292
STU_014900,98.39987384887829
STU_014901,81.22499368668147
STU_014902,82.19453126484461
STU_014903,88.51996867630535
STU_014904,80.55371150554144
STU_014905,92.32825926318216
STU_014906,82.15213314344497
STU_014907,55.538100700698635
STU_014908,79.63009990098197
STU_014909,82.6632698688589
STU_014910,72.79767538703905
STU_014911,92.43601981051252
STU_014912,80.41957140852786
STU_014913,74.31845001870788
STU_014914,51.78687724760339
STU_014915,57.23527169244476
STU_014916,71.01688561168258
STU_014917,95.9999015748545
STU_014918,86.50764470457855
STU_014919,54.537729117037415
STU_014920,90.877577723742
STU_014921,63.9460070037415
STU_014922,56.412610810368975
STU_014923,67.91273080049449
STU_014924,85.3269136280548
STU_014925,96.66695593225691
STU_014926,82.30436108080983
STU_014927,74.60769288907952
STU_014928,60.13637694748179
STU_014929,83.12210148978417
STU_014930,82.9439189209084
STU_014931,88.18817566132456
STU_014932,58.94125549474205
STU_014933,81.16864047310128
STU_014934,67.15054099669939
STU_014935,76.76511548334253
STU_014936,80.74255923559531
STU_014937,80.12515949510146
STU_014938,99.32594268768398
STU_014939,72.88982973480387
STU_014940,89.14031664665868
STU_014941,68.2688015118846
STU_014942,90.27256877144069
STU_014943,65.32166926486718
STU_014944,76.90874446053195
STU_014945,61.900042911807006
STU_014946,68.75779599365985
STU_014947,66.99990793260257
STU_014948,87.85520354842807
STU_014949,61.534274623405366
STU_014950,90.51249476978276
STU_014951,73.02213147198387
STU_014952,75.82664814925363
STU_014953,92.94545567385839
STU_014954,90.71622631142543
STU_014955,96.77354242524905
STU_014956,79.99116811752353
STU_014957,80.15725959601471
STU_014958,70.32135922341354
STU_014959,53.84086559084213
STU_014960,95.19452232500716
STU_014961,87.84365647714326
STU_014962,54.34199177798534
STU_014963,77.9034566961193
STU_014964,91.02759193499585
STU_014965,80.9474854993037
STU_014966,68.2237863678051
STU_014967,50.98912565314393
STU_014968,92.75152364164987
STU_014969,75.38701806205908
STU_014970,72.23028868852168
STU_014971,69.36777183041978
STU_014972,90.99875119133608
STU_014973,76.53557125311774
STU_014974,69.00176876385628
STU_014975,66.89752384720742
STU_014976,86.66475329451299
STU_014977,83.15817983162675
STU_014978,87.62338220788574
STU_014979,92.47286836013501
STU_014980,61.818373699271795
STU_014981,98.15198206373763
STU_014982,67.41148281769131
STU_014983,86.21171268259715
STU_014984,60.971668265985386
STU_014985,67.77293844084612
STU_014986,48.75323351381551
STU_014987,90.45510006183008
STU_014988,63.38304404893566
STU_014989,99.99723594918851
STU_014990,82.28723109079267
STU_014991,96.20277959914338
STU_014992,75.40574733535695
STU_014993,61.452261703580035
STU_014994,89.98831276695495
STU_014995,89.29252306598028
STU_014996,71.13128704515819
STU_014997,80.19826953504412
STU_014998,81.52991681011264
STU_014999,94.57978605740405
STU_015000,72.70984059509146
STU_015001,56.84532042978527
STU_015002,64.89635834180636
STU_015003,60.01369324931161
STU_015004,62.647577082523384
STU_015005,59.2340384721502
STU_015006,65.19055637091876
STU_015007,84.50264990329065
STU_015008,74.80990009084564
STU_015009,81.27389356117997
STU_015010,75.20968799183771
STU_015011,53.76071131109474
STU_015012,97.36569730316558
STU_015013,63.4989711476684
STU_015014,62.276631455162125
STU_015015,88.44567255986152
STU_015016,84.32142485856915
STU_015017,88.64189879038939
STU_015018,77.42388330172001
STU_015019,87.17946631659535
STU_015020,62.360985724191224
STU_015021,74.31334428327663
STU_015022,66.741619268452
STU_015023,76.82556285483179
STU_015024,69.479203162784
STU_015025,78.33940004004734
STU_015026,72.23366428692871
STU_015027,85.19518786071778
STU_015028,75.36797335930628
STU_015029,76.71731240863522
STU_015030,93.48901146212447
STU_015031,74.15919931132558
STU_015032,70.42464922691774
STU_015033,76.50778966417656
STU_015034,69.12640116883135
STU_015035,74.76603197880277
STU_015036,70.62583317532963
STU_015037,78.55038550362976
STU_015038,90.61550989917495
STU_015039,64.37942249476373
STU_015040,79.9258374321572
STU_015041,82.61249979440359
STU_015042,47.357706052815814
STU_015043,81.69437519664741
STU_015044,90.49785699585183
STU_015045,88.69673821890773
STU_015046,67.83290181073777
STU_015047,84.96348144431383
STU_015048,67.48903537653531
STU_015049,71.31316599082274
STU_015050,61.650469174985844
STU_015051,66.97203305917743
STU_015052,63.61234666601645
STU_015053,65.38012403137392
STU_015054,92.37217448625486
STU_015055,77.88169807026331
STU_015056,60.60342852162495
STU_015057,96.01792751819721
STU_015058,60.07180853156045
STU_015059,96.98508043994468
STU_015060,76.86244631488009
STU_015061,78.15502520220532
STU_015062,76.19461929257238
STU_015063,67.08023547260453
STU_015064,66.44589194668006
STU_015065,90.1935757313992
STU_015066,84.8638622040798
STU_015067,75.17660376335903
STU_015068,65.62711617497077
STU_015069,73.91621102450505
STU_015070,76.40480808061417
STU_015071,76.79552978835352
STU_015072,100.0
STU_015073,70.25535283529074
STU_015074,68.22537675207863
STU_015075,92.85052907983984
STU_015076,73.39354457526082
STU_015077,67.95976785111412
STU_015078,68.91822252575332
STU_015079,100.0
STU_015080,64.71392413996037
STU_015081,96.48817789438525
STU_015082,62.194914853384695
STU_015083,82.48374962225053
STU_015084,66.56393787781467
STU_015085,78.12734292084102
STU_015086,69.0002934855046
STU_015087,58.1752605185641
STU_015088,91.686996413035
STU_015089,71.31317944509443
STU_015090,84.40630383076123
STU_015091,75.57403756784461
STU_015092,75.5989590647199
STU_015093,93.74190755910467
STU_015094,69.40707809589433
STU_015095,73.21220134153528
STU_015096,88.39118122921488
STU_015097,78.27336649520525
STU_015098,73.86994274581174
STU_015099,59.372751616919594
STU_015100,84.1108968474797
STU_015101,77.24850899183414
STU_015102,80.50978512079337
STU_015103,98.0611073455515
STU_015104,78.14188901548313
STU_015105,93.76298707948382
STU_015106,70.33062924897112
STU_015107,73.38940550140458
STU_015108,77.905135510128
STU_015109,75.81172679416744
STU_015110,83.58348887587026
STU_015111,58.829276887129
STU_015112,74.73634969059424
STU_015113,71.7092077320405
STU_015114,86.36650742468828
STU_015115,63.32107949398163
STU_015116,88.56969118687155
STU_015117,69.04949971613696
STU_015118,57.12204697311094
STU_015119,83.75939095557356
STU_015120,88.93418960050988
STU_015121,62.02255310441845
STU_015122,100.0
STU_015123,67.89941114152367
STU_015124,88.15452248917907
STU_015125,75.97788665436903
STU_015126,66.95339601285326
STU_015127,91.48180931620863
STU_015128,80.68076399216179
STU_015129,67.72432069071782
STU_015130,73.14589251980827
STU_015131,84.49502632111222
STU_015132,90.29260078960692
STU_015133,94.03901129589659
STU_015134,82.36434907001636
STU_015135,87.67232922822126
STU_015136,75.17824865361709
STU_015137,78.8731471539128
STU_015138,71.24719134980712
STU_015139,86.34263575263054
STU_015140,92.79136982659591
STU_015141,65.84885273447246
STU_015142,77.1957915546023
STU_015143,96.26695447873502
STU_015144,84.56777939126663
STU_015145,65.1621349957883
STU_015146,93.10246271312158
STU_015147,78.8651213902783
STU_015148,72.19572248946835
STU_015149,65.56784949197056
STU_015150,44.52409110891477
STU_015151,57.86421363563778
STU_015152,76.03224788368345
STU_015153,57.82123056515453
STU_015154,82.80207389000392
STU_015155,87.73317439698634
STU_015156,73.82953594608747
STU_015157,57.66868709988091
STU_015158,92.68660175908211
STU_015159,55.66973503745231
STU_015160,88.15933358641577
STU_015161,60.49402901932104
STU_015162,74.5992402336429
STU_015163,81.87001817228807
STU_015164,41.967052480220055
STU_015165,85.80479920341594
STU_015166,97.13055621120489
STU_015167,79.2699196476655
STU_015168,64.63279743770597
STU_015169,90.63728029972461
STU_015170,75.50253850258402
STU_015171,93.30576650375784
STU_015172,62.92393345215206
STU_015173,76.69355703859232
STU_015174,95.11221415517439
STU_015175,73.5344047569203
STU_015176,96.63982225589334
STU_015177,80.89711543096602
STU_015178,66.6271885286667
STU_015179,76.27190183740647
STU_015180,63.12551861586871
STU_015181,80.23302741919214
STU_015182,83.66093503639051
STU_015183,86.30053760302374
STU_015184,70.11908491589625
STU_015185,81.45704981662836
STU_015186,74.39148129768448
STU_015187,63.34186800709722
STU_015188,71.17540795208137
STU_015189,90.45306420482092
STU_015190,94.43317030073578
STU_015191,75.9337080935278
STU_015192,99.3467062857481
STU_015193,77.44123871791041
STU_015194,91.66155277778583
STU_015195,86.26567879724672
STU_015196,74.2398361799593
STU_015197,72.86222170391244
STU_015198,80.88658047722252
STU_015199,72.38876841764204
STU_015200,70.65158585469473
STU_015201,86.59945756298842
STU_015202,67.16038374045803
STU_015203,66.12573499413483
STU_015204,82.11842440723439
STU_015205,79.36928101699056
STU_015206,72.66289191632201
STU_015207,85.48563625823981
STU_015208,75.30052565534959
STU_015209,81.53149442463405
STU_015210,89.87162725767357
STU_015211,45.36042035182827
STU_015212,94.05216161452785
STU_015213,68.8344975031595
STU_015214,95.0516541436092
STU_015215,72.21933939045397
STU_015216,92.46133666996388
STU_015217,61.26766549114586
STU_015218,76.15243355850545
STU_015219,78.18932009009363
STU_015220,46.16815331610088
STU_015221,84.5165092287696
STU_015222,61.56828156206413
STU_015223,86.62691890987115
STU_015224,75.24307381091666
STU_015225,75.71715983030002
STU_015226,64.25451869389106
STU_015227,66.73589875287351
STU_015228,84.51946762886209
STU_015229,71.7368100422017
STU_015230,75.22195588584805
STU_015231,96.55924164764627
STU_015232,85.2361457261394
STU_015233,91.10057526084225
STU_015234,72.22613642092873
STU_015235,66.5287956257718
STU_015236,93.51204632683717
STU_015237,82.34315834851063
STU_015238,81.13941391442674
STU_015239,95.253219649463
STU_015240,68.26743002212463
STU_015241,47.89091080786301
STU_015242,53.127810234583556
STU_015243,80.18344570453945
STU_015244,78.04079104819445
STU_015245,67.04627585719511
STU_015246,99.75787185498007
STU_015247,81.0075335403622
STU_015248,84.8547690422414
STU_015249,68.04465842584888
STU_015250,90.41224871288154
STU_015251,69.42159916392055
STU_015252,89.82942076603234
STU_015253,87.71810064638535
STU_015254,98.41254987104392
STU_015255,64.2659672708174
STU_015256,62.819993212135344
STU_015257,75.68778720234278
STU_015258,94.10338776836464
STU_015259,85.07307824484323
STU_015260,93.50047541962383
STU_015261,81.47908514296643
STU_015262,87.06590539429105
STU_015263,88.83486261743415
STU_015264,85.33144098244793
STU_015265,95.24337679169628
STU_015266,69.51275051725179
STU_015267,76.97406390804466
STU_015268,56.18856867218341
STU_015269,61.87785935778569
STU_015270,71.50677752518247
STU_015271,79.97787613912163
STU_015272,68.16410980551565
STU_015273,86.90050283391383
STU_015274,76.89114503008419
STU_015275,45.88273952392598
STU_015276,51.12365115120442
STU_015277,74.4550632365954
STU_015278,99.5292527576363
STU_015279,48.301960048411004
STU_015280,85.19970071354032
STU_015281,99.23214935231637
STU_015282,88.352376645704
STU_015283,81.34969783875295
STU_015284,78.80160309857636
STU_015285,44.69285230370825
STU_015286,87.10877252626919
STU_015287,75.26776212927112
STU_015288,79.72941370510307
STU_015289,56.90907218683943
STU_015290,80.87162012285368
STU_015291,78.54798685275632
STU_015292,70.18933283002403
STU_015293,61.432396140941044
STU_015294,83.03872233614916
STU_015295,75.41987633017153
STU_015296,71.54071284584248
STU_015297,86.52239183525833
STU_015298,93.18549525670821
STU_015299,65.9657402349338
STU_015300,88.6030346188034
STU_015301,77.90626394164487
STU_015302,80.67663387769818
STU_015303,68.07089044283178
STU_015304,58.89944152636616
STU_015305,67.48779169300975
STU_015306,83.24272775919516
STU_015307,99.00894398715356
STU_015308,60.44491889413845
STU_015309,74.38419740245713
STU_015310,81.06444269400826
STU_015311,65.89113439301957
STU_015312,80.20099414207546
STU_015313,62.33046522743332
STU_015314,86.89564581353648
STU_015315,75.80163321496055
STU_015316,91.82318559727
STU_015317,72.92805558418083
STU_015318,83.69535825925837
STU_015319,73.83291396646668
STU_015320,76.70927397542785
STU_015321,62.37607558849323
STU_015322,94.17145153225917
STU_015323,80.38370382114304
STU_015324,75.10876950456479
STU_015325,80.88142637901396
STU_015326,57.01612604617459
STU_015327,77.64386136159767
STU_015328,72.47920637039466
STU_015329,66.13746138067586
STU_015330,75.8288410139073
STU_015331,61.040424659444064
STU_015332,97.71018826611976
STU_015333,69.58929755082187
STU_015334,81.21396132395212
STU_015335,93.59202821356999
STU_015336,89.54452015628969
STU_015337,69.98720130182198
STU_015338,66.15347299456153
STU_015339,61.87885592500852
STU_015340,91.90030664435184
STU_015341,79.5250557378409
STU_015342,98.46060919496082
STU_015343,85.49208396676943
STU_015344,98.50837641812771
STU_015345,98.80307996872475
STU_015346,81.22764528176238
STU_015347,90.60745154915244
STU_015348,77.03788638060198
STU_015349,80.06847786218187
STU_015350,88.08276466619678
STU_015351,100.0
STU_015352,84.18865743678913
STU_015353,75.75879463070629
STU_015354,61.19166073272241
STU_015355,59.65380293349977
STU_015356,66.16655807752586
STU_015357,73.18129178938057
STU_015358,77.88742523847581
STU_015359,86.17199874077335
STU_015360,86.14083802710778
STU_015361,84.29410595057195
STU_015362,73.21730228126033
STU_015363,81.39329223102996
STU_015364,87.41919559165643
STU_015365,78.15891535200629
STU_015366,96.17747089980183
STU_015367,86.35595848439215
STU_015368,79.48210179466349
STU_015369,95.91130898492855
STU_015370,91.0824897643041
STU_015371,56.1143651617587
STU_015372,64.07075198411826
STU_015373,84.16062312219988
STU_015374,87.41370478013101
STU_015375,70.93328723150515
STU_015376,76.19560921661083
STU_015377,89.4849581418912
STU_015378,71.74893092593317
STU_015379,94.27901493843419
STU_015380,91.52697223579032
STU_015381,89.32113415287509
STU_015382,83.50776166481846
STU_015383,60.800380508360576
STU_015384,79.22623365718398
STU_015385,62.98618083326474
STU_015386,75.91930359047696
STU_015387,65.082846160559
STU_015388,77.15778748416221
STU_015389,97.99784359671494
STU_015390,48.05515617003634
STU_015391,80.22459355261698
STU_015392,89.02497023927799
STU_015393,90.87543794461298
STU_015394,77.50750989298625
STU_015395,85.29195454406138
STU_015396,73.8140152435348
STU_015397,97.29311613166436
STU_015398,70.90447311958354
STU_015399,95.31430164813469
STU_015400,90.63235941257699
STU_015401,89.50351229312307
STU_015402,77.125999290375
STU_015403,60.056828265970424
STU_015404,82.89863210363066
STU_015405,85.05977629914517
STU_015406,83.08442027607397
STU_015407,82.68748928629728
STU_015408,36.311989519074324
STU_015409,75.44274433013688
STU_015410,67.06050595588906
STU_015411,74.63844476473984
STU_015412,69.40761843116051
STU_015413,79.86383543828853
STU_015414,73.11977447840694
STU_015415,67.22630656127924
STU_015416,87.78166909691849
STU_015417,59.598964774761335
STU_015418,82.94914328479845
STU_015419,55.293269798377786
STU_015420,69.89918378367457
STU_015421,89.97582026644626
STU_015422,79.82664105161643
STU_015423,83.6461301851731
STU_015424,99.94781474211702
STU_015425,91.34132599083227
STU_015426,64.39797009105985
STU_015427,59.3097970931515
STU_015428,77.02649345596463
STU_015429,78.65320972130104
STU_015430,40.75455229453732
STU_015431,65.44465347542008
STU_015432,80.64856715091665
STU_015433,69.41441984310275
STU_015434,66.53259389237711
STU_015435,64.88830725693627
STU_015436,79.79586207878074
STU_015437,74.58544954805525
STU_015438,89.09510386106945
STU_015439,74.14701903704285
STU_015440,81.27421711491404
STU_015441,65.3673248478354
STU_015442,86.32103406625669
STU_015443,64.6931521625523
STU_015444,71.7286800319429
STU_015445,67.23913644245816
STU_015446,70.2006700630088
STU_015447,49.1352908919597
STU_015448,46.73061804428313
STU_015449,74.22428273378702
STU_015450,86.87137748590357
STU_015451,79.10628990867897
STU_015452,83.92811290418601
STU_015453,94.58022495026546
STU_015454,82.98353287196483
STU_015455,57.55231401860809
STU_015456,78.75407171104881
STU_015457,69.73223508936996
STU_015458,67.77611981867327
STU_015459,50.815294352512126
STU_015460,100.0
STU_015461,97.19288405954293
STU_015462,74.55292545741878
STU_015463,83.06603201790199
STU_015464,60.923953799038415
STU_015465,52.93547556186779
STU_015466,91.10297869074147
STU_015467,88.25798979948864
STU_015468,57.03497756170139
STU_015469,61.94287296479516
STU_015470,91.85745457659684
STU_015471,72.51031712814529
STU_015472,90.08766910957141
STU_015473,90.36032048445465
STU_015474,97.59011564041663
STU_015475,79.49840415140635
STU_015476,78.68877699666861
STU_015477,57.23820272719472
STU_015478,52.246927871714
STU_015479,92.12002653747842
STU_015480,65.87793066404835
STU_015481,83.65122003176204
STU_015482,59.71360228817477
STU_015483,90.69784932415178
STU_015484,71.04456583191947
STU_015485,70.85587604003723
STU_015486,77.25253335476864
STU_015487,66.60383943861997
STU_015488,77.61479259498181
STU_015489,85.30682310692526
STU_015490,88.82350164842806
STU_015491,77.73559822468464
STU_015492,60.05573065096316
STU_015493,62.181267786773695
STU_015494,65.93614355354843
STU_015495,86.39987214168148
STU_015496,66.17638017036295
STU_015497,56.53978822444873
STU_015498,67.75312608237357
STU_015499,40.604432008620805
STU_015500,71.39645657458244
STU_015501,88.32908294244169
STU_015502,55.49979953703824
STU_015503,86.03456707118464
STU_015504,81.79195195201122
STU_015505,74.51839133608583
STU_015506,78.19918456924628
STU_015507,100.0
STU_015508,100.0
STU_015509,84.52107366672723
STU_015510,85.22545106551132
STU_015511,92.73315419176325
STU_015512,78.24731470652881
STU_015513,81.09518357183543
STU_015514,85.35414722264741
STU_015515,79.14027447748818
STU_015516,74.57013940262414
STU_015517,94.8491075471731
STU_015518,75.7706881905442
STU_015519,54.55836180159085
STU_015520,78.33349102393166
STU_015521,84.87378385829929
STU_015522,68.39241618736624
STU_015523,65.62904751275379
STU_015524,39.07489205016439
STU_015525,76.72749910897548
STU_015526,76.66497948603566
STU_015527,70.93894834750361
STU_015528,72.42270342666161
STU_015529,86.34983543488418
STU_015530,90.9800846065917
STU_015531,88.3205022794252
STU_015532,79.34964261174105
STU_015533,57.592345734997245
STU_015534,90.17056837507269
STU_015535,78.54918924863702
STU_015536,83.42327918432802
STU_015537,71.7094177557424
STU_015538,91.84014941886147
STU_015539,65.52348628125279
STU_015540,68.94754626010018
STU_015541,71.75549484177543
STU_015542,88.80555014331236
STU_015543,79.2712871022778
STU_015544,95.7885435308865
STU_015545,74.51280057830729
STU_015546,75.33453668270204
STU_015547,56.706819268123276
STU_015548,61.32562770673904
STU_015549,93.58070823778917
STU_015550,91.93934719013802
STU_015551,77.69793090683504
STU_015552,70.8360962172424
STU_015553,42.25391771096395
STU_015554,79.52924527203548
STU_015555,73.44094057559211
STU_015556,89.3110206903128
STU_015557,78.9351892226512
STU_015558,88.46212862187463
STU_015559,86.64649844863006
STU_015560,80.68475789229237
STU_015561,88.88849974596468
STU_015562,84.27801809577838
STU_015563,69.48139408669626
STU_015564,74.14303864948008
STU_015565,68.37257798865367
STU_015566,72.54401978816546
STU_015567,79.56211872423255
STU_015568,69.64489132931098
STU_015569,72.96766994165242
STU_015570,95.15648282635695
STU_015571,65.47663451415757
STU_015572,74.94220601447766
STU_015573,83.47218322302444
STU_015574,60.83996754345691
STU_015575,60.725462546527666
STU_015576,72.70465746161639
STU_015577,69.14440897238562
STU_015578,78.36000279744457
STU_015579,75.53364612418105
STU_015580,74.07769766859158
STU_015581,78.46485449656674
STU_015582,81.28969980044164
STU_015583,93.50445438954907
STU_015584,82.12586922427431
STU_015585,89.33774810051315
STU_015586,88.58215644473785
STU_015587,55.39681412890349
STU_015588,72.6822347042975
STU_015589,81.30051117796788
STU_015590,64.1371078257361
STU_015591,59.36050226574443
STU_015592,87.38961647741083
STU_015593,66.64065111351273
STU_015594,93.40166013263685
STU_015595,95.38471269791826
STU_015596,80.70134808207902
STU_015597,90.11405244598363
STU_015598,77.9828508878316
STU_015599,54.54409412301182
STU_015600,68.38497749783048
STU_015601,52.83123229220553
STU_015602,63.62571895214081
STU_015603,78.91314949453992
STU_015604,80.66933885666126
STU_015605,62.6931320472928
STU_015606,78.57512769542767
STU_015607,69.12010825704176
STU_015608,68.08722941903052
STU_015609,73.66356025725194
STU_015610,69.13436026057654
STU_015611,85.10715957403892
STU_015612,84.96194835511083
STU_015613,94.3791238583461
STU_015614,63.48773641154223
STU_015615,69.18097769442863
STU_015616,80.44376977169341
STU_015617,67.87889234085094
STU_015618,88.30595776196785
STU_015619,59.9427656736515
STU_015620,71.94523916141549
STU_015621,70.78127751417158
STU_015622,75.57712220371712
STU_015623,88.733901041161
STU_015624,79.88088214740648
STU_015625,83.25294201447633
STU_015626,59.41184973922458
STU_015627,100.0
STU_015628,78.15582021177165
STU_015629,74.14438589600837
STU_015630,69.81287682216498
STU_015631,67.41684270324646
STU_015632,89.47136017291578
STU_015633,85.10693191696792
STU_015634,72.00594004135851
STU_015635,96.05112977022705
STU_015636,71.43316677236592
STU_015637,54.14083020565512
STU_015638,72.5927648400461
STU_015639,94.35026209547677
STU_015640,71.76777414053721
STU_015641,59.96729256487441
STU_015642,98.3570682436976
STU_015643,83.75339317922777
STU_015644,94.735016455085
STU_015645,61.29412522610442
STU_015646,96.3590671113163
STU_015647,71.11011701973193
STU_015648,63.22665770907378
STU_015649,80.48359249442785
STU_015650,70.29978713545458
STU_015651,53.37994299858964
STU_015652,91.44956434841279
STU_015653,73.72960805769003
STU_015654,67.72084256400328
STU_015655,99.98841601122581
STU_015656,69.06006875182307
STU_015657,74.20621495376994
STU_015658,70.83910915969088
STU_015659,72.416680826352
STU_015660,86.62586793688074
STU_015661,38.35748172482118
STU_015662,67.51361841227134
STU_015663,88.29887439076512
STU_015664,57.549005336508245
STU_015665,84.34542488317837
STU_015666,80.09179628660853
STU_015667,93.91704712888676
STU_015668,84.29952345882741
STU_015669,79.30287131851236
STU_015670,65.70567522448559
STU_015671,87.91641027075295
STU_015672,87.69038443452693
STU_015673,81.34399810966599
STU_015674,82.04073410104883
STU_015675,87.44164441627606
STU_015676,51.51864801466129
STU_015677,81.2993815732842
STU_015678,97.36556878551164
STU_015679,75.03720864474838
STU_015680,77.70531941585931
STU_015681,80.09376097201468
STU_015682,84.44842303859485
STU_015683,67.66369830477096
STU_015684,61.66288747882712
STU_015685,82.27620608934419
STU_015686,67.44902872677979
STU_015687,81.00161291588202
STU_015688,80.32357552786718
STU_015689,60.38231362264176
STU_015690,59.685293069607695
STU_015691,95.52307282348488
STU_015692,90.16900169785774
STU_015693,77.59194752767257
STU_015694,97.77570589276763
STU_015695,94.79902354103173
STU_015696,50.68684041645647
STU_015697,61.86764178389422
STU_015698,81.62353495780685
STU_015699,95.33444944691577
STU_015700,86.94753543370621
STU_015701,69.17715675934878
STU_015702,85.54252055932113
STU_015703,86.95786712663036
STU_015704,76.02489828164522
STU_015705,78.88962405823469
STU_015706,64.90073678216147
STU_015707,70.90775722120762
STU_015708,53.0911317887125
STU_015709,63.8382407084091
STU_015710,66.46293263433637
STU_015711,76.40554796696846
STU_015712,89.80477502739984
STU_015713,83.39133275009648
STU_015714,73.07722978376191
STU_015715,88.05827565247151
STU_015716,61.701652335743006
STU_015717,61.12068592604284
STU_015718,71.58836032227975
STU_015719,60.067731965894325
STU_015720,58.767639142702855
STU_015721,61.06436824023535
STU_015722,68.06482600281225
STU_015723,73.58781388687649
STU_015724,97.19750279038918
STU_015725,92.11331392634852
STU_015726,78.47383462474802
STU_015727,68.5446021099196
STU_015728,80.88955564039887
STU_015729,94.29341908472648
STU_015730,71.01059912384198
STU_015731,77.77589333448338
STU_015732,57.359851862025174
STU_015733,62.671295820263126
STU_015734,67.695996293185
STU_015735,56.23883368448907
STU_015736,91.73223427366854
STU_015737,75.02720521500281
STU_015738,61.4553462358789
STU_015739,76.9235025747005
STU_015740,92.47313256724547
STU_015741,65.36890720903907
STU_015742,71.61013494250993
STU_015743,89.83393707677669
STU_015744,66.9120948481127
STU_015745,77.60768224012779
STU_015746,70.73349950115791
STU_015747,94.58439430865394
STU_015748,52.33354266524428
STU_015749,88.11231336613884
STU_015750,60.29934581348289
STU_015751,84.41514292476243
STU_015752,74.16286445367317
STU_015753,77.87855382449212
STU_015754,80.89228086928185
STU_015755,91.88023279462016
STU_015756,80.12546372736412
STU_015757,85.93362276540643
STU_015758,100.0
STU_015759,82.20126193278877
STU_015760,64.6208194202291
STU_015761,85.11127598839072
STU_015762,68.0733536597649
STU_015763,66.47663527007484
STU_015764,78.59733985620603
STU_015765,80.70715039929593
STU_015766,79.26727152500075
STU_015767,83.80850014700756
STU_015768,73.8142681720768
STU_015769,80.35836066524166
STU_015770,67.02494819049832
STU_015771,91.8815191825855
STU_015772,59.70370225218716
STU_015773,54.49350296250617
STU_015774,96.52151681001133
STU_015775,75.91226945996527
STU_015776,62.25402479092658
STU_015777,70.04751705992352
STU_015778,63.148123447959755
STU_015779,54.41135740308042
STU_015780,85.29194831005168
STU_015781,76.74343314376931
STU_015782,84.52160685601962
STU_015783,66.2475275738089
STU_015784,76.9254742436797
STU_015785,71.66740664216388
STU_015786,72.26862110372223
STU_015787,77.4315420140464
STU_015788,78.74568979848372
STU_015789,54.09567971375671
STU_015790,65.42380813599952
STU_015791,74.34722048973155
STU_015792,82.49118350755728
STU_015793,87.54340979706218
STU_015794,91.74426384504284
STU_015795,65.88344079089558
STU_015796,89.88582081808417
STU_015797,84.59729235366315
STU_015798,88.55447286661874
STU_015799,89.5664581418595
STU_015800,66.31721848870717
STU_015801,74.82672580232516
STU_015802,55.53345432109516
STU_015803,72.2450240856519
STU_015804,75.8059403509735
STU_015805,50.6358105187781
STU_015806,91.00990410891772
STU_015807,76.47553769501266
STU_015808,70.2113327202997
STU_015809,50.439334958202366
STU_015810,86.64233439388703
STU_015811,97.69409502486883
STU_015812,88.00676751137718
STU_015813,94.550476896675
STU_015814,70.20255861915315
STU_015815,62.659623685192514
STU_015816,89.99289767062126
STU_015817,71.77632747786694
STU_015818,73.79032773174316
STU_015819,59.16893832475649
STU_015820,70.77513058223255
STU_015821,74.98893728857682
STU_015822,64.00962490636374
STU_015823,74.3712711080116
STU_015824,84.26824900917256
STU_015825,53.401807500240324
STU_015826,57.63571059830018
STU_015827,66.98735014318945
STU_015828,71.9620722470582
STU_015829,90.89810415590867
STU_015830,88.63232839987614
STU_015831,73.34635984060466
STU_015832,89.89844870550252
STU_015833,92.36423649211449
STU_015834,47.40684812337014
STU_015835,83.08403065032643
STU_015836,78.86231385071815
STU_015837,71.58110403034647
STU_015838,72.00560702470202
STU_015839,89.28823841072526
STU_015840,66.9101411164001
STU_015841,59.35571175464764
STU_015842,85.54609852171554
STU_015843,87.71373239395399
STU_015844,90.62470315569894
STU_015845,68.0310061882196
STU_015846,62.861960930722
STU_015847,71.12145958921126
STU_015848,82.77713507813465
STU_015849,94.02089378520498
STU_015850,59.31083723281276
STU_015851,70.52014605176467
STU_015852,60.75156647340434
STU_015853,76.11442152244723
STU_015854,94.34485787103019
STU_015855,89.8918058232352
STU_015856,72.23640090749596
STU_015857,87.46026667706576
STU_015858,62.53566853737009
STU_015859,73.83195146301249
STU_015860,66.20808620527725
STU_015861,75.46410358961872
STU_015862,68.46910312975692
STU_015863,94.95465848146617
STU_015864,56.42090397335511
STU_015865,60.824886579697974
STU_015866,74.744238582944
STU_015867,40.651187733849326
STU_015868,70.83906037313696
STU_015869,84.8491545705289
STU_015870,73.46250911067261
STU_015871,75.60923580387053
STU_015872,46.71162133746999
STU_015873,97.50412160576948
STU_015874,73.26944722644495
STU_015875,84.2945967688744
STU_015876,68.2434921702271
STU_015877,95.51301542922563
STU_015878,83.61401695585575
STU_015879,96.12805269795868
STU_015880,79.10584878857453
STU_015881,94.86277182986693
STU_015882,65.98705178571144
STU_015883,79.23105246223355
STU_015884,89.24511548349558
STU_015885,62.90476352291189
STU_015886,93.91161818833973
STU_015887,98.20416913957924
STU_015888,61.93346997862962
STU_015889,90.29632493979341
STU_015890,95.15121840323121
STU_015891,87.18853210311408
STU_015892,60.46482434513822
STU_015893,58.12179384829044
STU_015894,52.01073928891279
STU_015895,60.73637332924046
STU_015896,72.49277317052308
STU_015897,89.25581323494902
STU_015898,73.09973219342925
STU_015899,91.27344222785109
STU_015900,72.63195417642513
STU_015901,73.06159189849896
STU_015902,72.83186186871994
STU_015903,83.57662174750908
STU_015904,77.1643007920604
STU_015905,88.31079738354674
STU_015906,68.8820608618595
STU_015907,100.0
STU_015908,63.00937281730851
STU_015909,74.99310643090331
STU_015910,79.88504374051489
STU_015911,59.55527096178914
STU_015912,73.42927315377085
STU_015913,68.58783074178504
STU_015914,63.115763319645026
STU_015915,86.05166505713507
STU_015916,61.66739676813445
STU_015917,50.268951543882324
STU_015918,82.65526426449657
STU_015919,87.84997892580893
STU_015920,78.99279586578486
STU_015921,91.31864060276371
STU_015922,57.82769745057395
STU_015923,90.106530789711
STU_015924,76.70868032448695
STU_015925,69.05157053991925
STU_015926,80.06806868346278
STU_015927,69.35268010182314
STU_015928,78.31313326306865
STU_015929,87.62752404722752
STU_015930,59.206017181360394
STU_015931,57.956076258257696
STU_015932,79.32464806208401
STU_015933,76.77290070918426
STU_015934,75.35874809795392
STU_015935,99.48832548756042
STU_015936,100.0
STU_015937,82.2935261820173
STU_015938,82.7383504451276
STU_015939,67.22352690800284
STU_015940,90.99429226192986
STU_015941,69.4404861479379
STU_015942,89.17130287099857
STU_015943,84.10647369518331
STU_015944,99.91046854157503
STU_015945,70.91823201995368
STU_015946,73.90590730237533
STU_015947,69.72582739434134
STU_015948,67.65053514886729
STU_015949,63.124841008845934
STU_015950,96.50305044606282
STU_015951,71.42508185381848
STU_015952,74.74979251581809
STU_015953,63.97325829836971
STU_015954,83.95877321719162
STU_015955,78.93797060691831
STU_015956,78.79724918364481
STU_015957,55.443482119813474
STU_015958,66.47223276952063
STU_015959,85.9389784296292
STU_015960,69.81961293461698
STU_015961,87.21053525783465
STU_015962,83.0405931178837
STU_015963,77.67453503997416
STU_015964,67.07339784078789
STU_015965,85.97196598454404
STU_015966,52.453778743401585
STU_015967,80.62727990066624
STU_015968,84.17139670970464
STU_015969,65.51063042263627
STU_015970,73.0562221427173
STU_015971,67.52870940128025
STU_015972,83.09304435336989
STU_015973,65.28162228790346
STU_015974,90.21184757312909
STU_015975,51.900176400287506
STU_015976,52.31625407944519
STU_015977,62.17414371345207
STU_015978,72.77282045344859
STU_015979,84.03750116115042
STU_015980,87.89916180172614
STU_015981,90.62930344137942
STU_015982,94.58907053093066
STU_015983,85.33286826087726
STU_015984,86.30586982158685
STU_015985,75.03604285562035
STU_015986,44.2450992596644
STU_015987,71.853519932985
STU_015988,57.81606148951343
STU_015989,73.72996039869629
STU_015990,58.543712207509905
STU_015991,80.18430152005216
STU_015992,45.44215478094159
STU_015993,74.22492254645613
STU_015994,70.90732673973783
STU_015995,96.28108552364546
STU_015996,81.48622480741547
STU_015997,63.60085729116656
STU_015998,81.2266901868994
STU_015999,86.97285525657395
STU_016000,83.37790984531361
STU_016001,85.38682924212866
STU_016002,90.26647881203994
STU_016003,96.18144560865322
STU_016004,86.33963267321002
STU_016005,49.800606768487384
STU_016006,69.57004166463058
STU_016007,80.4722943044037
STU_016008,90.73233684822858
STU_016009,52.82213389368748
STU_016010,69.84162666433126
STU_016011,88.36793132067791
STU_016012,71.78981855589227
STU_016013,68.45628724659109
STU_016014,95.38481194532281
STU_016015,48.01145841106147
STU_016016,95.70995468944527
STU_016017,78.87858453552468
STU_016018,82.02308153801857
STU_016019,74.12749006003078
STU_016020,91.7361482359852
STU_016021,100.0
STU_016022,68.76745471408731
STU_016023,100.0
STU_016024,76.57728944697145
STU_016025,92.6400387239433
STU_016026,58.26770890784451
STU_016027,62.953381788478666
STU_016028,74.38929112070453
STU_016029,77.79967023230958
STU_016030,94.89582733088862
STU_016031,93.16772184123178
STU_016032,91.17787428811977
STU_016033,89.28490709912583
STU_016034,84.36944811400124
STU_016035,69.1820930296449
STU_016036,100.0
STU_016037,78.85458476186601
STU_016038,73.45405957571957
STU_016039,73.16978676584169
STU_016040,90.33187379410153
STU_016041,90.35936832147124
STU_016042,81.59723139964171
STU_016043,84.42198953479743
STU_016044,88.12879867748157
STU_016045,84.14041652945966
STU_016046,65.26512457885362
STU_016047,89.91611230278767
STU_016048,68.18471403890857
STU_016049,75.33240027386029
STU_016050,70.26491038833134
STU_016051,78.69983127626149
STU_016052,90.30427894736619
STU_016053,81.36749339252188
STU_016054,67.60194477873573
STU_016055,80.02069627092506
STU_016056,72.3059553355788
STU_016057,77.61675367257159
STU_016058,78.89259815012512
STU_016059,73.8045605592781
STU_016060,79.71513239591063
STU_016061,54.23480262250951
STU_016062,69.86931423985423
STU_016063,79.37992130953926
STU_016064,65.03453936974141
STU_016065,77.39053601148008
STU_016066,85.929606306102
STU_016067,61.49267088310883
STU_016068,95.31774613251969
STU_016069,79.2295420238017
STU_016070,75.90792274907169
STU_016071,67.22968327553905
STU_016072,86.06567531179104
STU_016073,78.98184446279676
STU_016074,87.1462821177261
STU_016075,96.23776128131323
STU_016076,64.99776425616155
STU_016077,63.0451234147878
STU_016078,82.67213445484745
STU_016079,85.82752057120197
STU_016080,67.61589941373568
STU_016081,63.337737096455065
STU_016082,85.69431394584109
STU_016083,97.0423279343462
STU_016084,74.65502392410306
STU_016085,50.58271855218935
STU_016086,92.93271907992897
STU_016087,75.79159355581152
STU_016088,76.50481563974621
STU_016089,86.0676387676796
STU_016090,85.71372119353896
STU_016091,61.43755211967931
STU_016092,67.2138880948205
STU_016093,73.93778469483821
STU_016094,73.44526943940451
STU_016095,78.34356182134846
STU_016096,84.78149674052653
STU_016097,69.38375361214963
STU_016098,64.0576602246101
STU_016099,78.70907059215773
STU_016100,77.62704694142843
STU_016101,61.87668844303607
STU_016102,78.2087965991249
STU_016103,53.688930298230844
STU_016104,81.77881734065488
STU_016105,61.76282937142952
STU_016106,63.71948586055276
STU_016107,75.94907836032192
STU_016108,70.76359568620371
STU_016109,68.01091544674553
STU_016110,64.46995662358233
STU_016111,83.71526547437693
STU_016112,78.40004671131337
STU_016113,59.66749310949823
STU_016114,74.49922117465653
STU_016115,87.75310354457324
STU_016116,94.42740904971663
STU_016117,81.76553197561516
STU_016118,70.78483885652308
STU_016119,86.04235520348732
STU_016120,85.14918759685023
STU_016121,68.490717770617
STU_016122,72.35081267836227
STU_016123,87.35358955574809
STU_016124,94.65258630385844
STU_016125,92.3984314379689
STU_016126,79.44559046478045
STU_016127,81.57659928453346
STU_016128,93.78397969292008
STU_016129,70.3140605187664
STU_016130,99.09429626320065
STU_016131,89.42953432394975
STU_016132,71.25681155659828
STU_016133,78.3420989113134
STU_016134,73.26552923235388
STU_016135,60.913802887579074
STU_016136,91.39406645762759
STU_016137,83.22935193795433
STU_016138,73.98416886405633
STU_016139,94.5730805332434
STU_016140,83.8774178348792
STU_016141,87.62593240695145
STU_016142,83.22682677487795
STU_016143,57.16939374857179
STU_016144,78.53004787332863
STU_016145,76.94607422784118
STU_016146,79.59414822393524
STU_016147,83.89505382026488
STU_016148,65.1203814181921
STU_016149,57.79943767445135
STU_016150,92.02808884603877
STU_016151,61.43542762266686
STU_016152,82.556529868765
STU_016153,70.45797361342747
STU_016154,79.38078883942477
STU_016155,86.34060276544821
STU_016156,63.87275230677529
STU_016157,78.62595634495499
STU_016158,96.54823582655911
STU_016159,60.93514765250799
STU_016160,74.65895684215127
STU_016161,74.30792873114008
STU_016162,93.32860289085772
STU_016163,75.85386134996571
STU_016164,57.4231510211368
STU_016165,95.58210335686013
STU_016166,62.73223263468352
STU_016167,74.82611490913301
STU_016168,86.03128621356822
STU_016169,90.49948978051776
STU_016170,82.93992715233415
STU_016171,77.1327834925358
STU_016172,61.516119574652464
STU_016173,69.43204142162907
STU_016174,60.4318834704069
STU_016175,87.32427537635695
STU_016176,76.94289693467476
STU_016177,86.02745004838894
STU_016178,82.55432360336036
STU_016179,80.21129116300764
STU_016180,58.184488613141525
STU_016181,88.88793930037482
STU_016182,53.70729883154796
STU_016183,80.0771118321584
STU_016184,74.84235129360624
STU_016185,98.76846879223905
STU_016186,53.566848170276245
STU_016187,90.60984998239051
STU_016188,77.40674603669481
STU_016189,79.74865748029892
STU_016190,85.32388162760296
STU_016191,52.82345031090373
STU_016192,60.92173843752127
STU_016193,79.79804833661429
STU_016194,86.83813959699586
STU_016195,84.15156028190293
STU_016196,58.33958183157343
STU_016197,92.76121263620134
STU_016198,73.88119734476801
STU_016199,78.93809085826827
STU_016200,67.8307613128575
STU_016201,67.09994446005415
STU_016202,64.4826383337984
STU_016203,68.90042477391961
STU_016204,63.32020244470283
STU_016205,55.21977506955953
STU_016206,68.99993907897029
STU_016207,52.27721229122955
STU_016208,72.21036667790818
STU_016209,68.82579763039375
STU_016210,62.436795237314186
STU_016211,68.9300735770876
STU_016212,70.37035203034156
STU_016213,92.13874254981164
STU_016214,59.3588805448245
STU_016215,74.38706221140684
STU_016216,60.725170768225084
STU_016217,72.94842061251184
STU_016218,97.98727453066171
STU_016219,86.46282949500142
STU_016220,85.90294448312713
STU_016221,67.83287910623255
STU_016222,66.54951247373215
STU_016223,64.0118616867416
STU_016224,96.94100587689555
STU_016225,78.14434530792822
STU_016226,80.78136208903189
STU_016227,77.42996412127737
STU_016228,72.2662125597909
STU_016229,63.66866772577976
STU_016230,65.2257820320498
STU_016231,91.50977854184912
STU_016232,96.36682908226291
STU_016233,56.496962123207794
STU_016234,83.82735010081586
STU_016235,60.08478282058087
STU_016236,73.66336810942464
STU_016237,70.80200912073444
STU_016238,90.04050694146258
STU_016239,62.423285220011834
STU_016240,92.01951766049311
STU_016241,89.06964656816669
STU_016242,73.46817209888111
STU_016243,78.6955834023971
STU_016244,79.58289776579227
STU_016245,75.16171026285126
STU_016246,70.75856953742603
STU_016247,72.35227424225592
STU_016248,75.2886212306544
STU_016249,68.06766231873453
STU_016250,90.25033972252992
STU_016251,52.1165778989128
STU_016252,86.77127838906476
STU_016253,83.9305016199506
STU_016254,82.2208353951223
STU_016255,74.15052008321027
STU_016256,45.72487883057708
STU_016257,82.3889895719202
STU_016258,82.168499185235
STU_016259,74.74000553449393
STU_016260,73.91935304251166
STU_016261,93.20884723688843
STU_016262,81.67920678613095
STU_016263,57.67642345298294
STU_016264,52.35342467887209
STU_016265,94.7819449549566
STU_016266,85.83968085370365
STU_016267,73.5640158536358
STU_016268,83.43115809478664
STU_016269,92.63345504999438
STU_016270,71.21774855470841
STU_016271,71.65026315518617
STU_016272,84.13246449215782
STU_016273,76.57711882269795
STU_016274,58.92034950605
STU_016275,76.08672526713981
STU_016276,57.999766719270724
STU_016277,87.65984498439369
STU_016278,79.58787785446935
STU_016279,81.15572842292542
STU_016280,80.54449592486542
STU_016281,79.00500048508613
STU_016282,72.22479552226875
STU_016283,66.01526983743513
STU_016284,87.29969557156909
STU_016285,62.854434466948106
STU_016286,58.24784689530311
STU_016287,81.97856448034878
STU_016288,88.9414294342602
STU_016289,80.98781394203047
STU_016290,61.90457355819961
STU_016291,76.7026148256936
STU_016292,74.89332107857682
STU_016293,80.39722370902159
STU_016294,69.18898333921634
STU_016295,87.09360745690981
STU_016296,73.12055575975623
STU_016297,83.60196291058139
STU_016298,52.53514927992804
STU_016299,67.00837343385773
STU_016300,65.60424229116403
STU_016301,57.76094336608117
STU_016302,69.37828162181236
STU_016303,75.60153730767911
STU_016304,79.38707029282598
STU_016305,89.85703424785996
STU_016306,81.20227658366167
STU_016307,70.272313669984
STU_016308,65.27421267209826
STU_016309,90.15248602737687
STU_016310,80.89331067332765
STU_016311,62.89039868211399
STU_016312,62.6467106000994
STU_016313,98.71942875317731
STU_016314,87.70110814951576
STU_016315,63.12912223660512
STU_016316,92.40408125463932
STU_016317,83.30324708470054
STU_016318,73.26658716816644
STU_016319,68.11228239366731
STU_016320,61.76418528266632
STU_016321,66.102711104918
STU_016322,93.0814072008639
STU_016323,71.72585351353942
STU_016324,54.40576521682539
STU_016325,78.45044414599901
STU_016326,73.40433478440886
STU_016327,84.59210796823837
STU_016328,70.85358700799182
STU_016329,69.26064423303941
STU_016330,70.59670171183807
STU_016331,79.05153823658588
STU_016332,86.2221799779759
STU_016333,88.88549339145288
STU_016334,62.536601344511126
STU_016335,77.48222312089662
STU_016336,63.7560997406906
STU_016337,64.10459454929415
STU_016338,75.21432577758803
STU_016339,81.79075854679218
STU_016340,83.39324837001752
STU_016341,78.20365544710404
STU_016342,74.64025407751481
STU_016343,72.39061575911128
STU_016344,87.92226730793564
STU_016345,86.46089165116913
STU_016346,77.59744120512838
STU_016347,52.981608093434055
STU_016348,67.93097759328403
STU_016349,86.8467387144635
STU_016350,61.93273184295171
STU_016351,73.99395252451161
STU_016352,75.16332145628354
STU_016353,72.81090213316755
STU_016354,49.18289754539887
STU_016355,76.29412975517187
STU_016356,73.86868804989562
STU_016357,64.02668818614788
STU_016358,78.44398881898964
STU_016359,86.72375704891549
STU_016360,77.94168383297752
STU_016361,75.11019087115336
STU_016362,75.83839048854387
STU_016363,69.24265839804116
STU_016364,69.90047792940922
STU_016365,79.05535302645636
STU_016366,70.4959668603232
STU_016367,77.43778301377912
STU_016368,56.001224185878264
STU_016369,68.03799739770005
STU_016370,43.093155654519094
STU_016371,62.085227041435246
STU_016372,91.20728355554346
STU_016373,84.66394834673252
STU_016374,70.95431235123081
STU_016375,79.02972736512035
STU_016376,89.29500979436192
STU_016377,58.487851050550844
STU_016378,85.51414681879044
STU_016379,66.66640969710268
STU_016380,89.51070993022076
STU_016381,63.79863166020842
STU_016382,76.68695952406415
STU_016383,58.11377395133525
STU_016384,90.68803740901515
STU_016385,90.60615006695272
STU_016386,74.65175473570547
STU_016387,67.51727847408776
STU_016388,62.735073250762156
STU_016389,76.84269823231564
STU_016390,78.86397535056828
STU_016391,99.6588327274749
STU_016392,85.17020243645291
STU_016393,77.6633467721911
STU_016394,95.64068936922709
STU_016395,62.46369405656306
STU_016396,88.61747558884723
STU_016397,68.98076812802134
STU_016398,65.72718550404419
STU_016399,69.79381968245617
STU_016400,86.8621892594306
STU_016401,72.99526425566357
STU_016402,95.63532305915183
STU_016403,64.11639589458021
STU_016404,70.12576714091878
STU_016405,68.59517575678687
STU_016406,68.54026419510666
STU_016407,91.93419624695723
STU_016408,88.49101035078114
STU_016409,54.55109957016987
STU_016410,59.72140877691474
STU_016411,56.0980702322958
STU_016412,48.948824076038946
STU_016413,71.94269851650574
STU_016414,82.3917344809496
STU_016415,84.45555486646356
STU_016416,80.60777070224124
STU_016417,75.33358552576584
STU_016418,100.0
STU_016419,75.75523399782642
STU_016420,66.16807453021157
STU_016421,61.069959606125984
STU_016422,61.01509039218276
STU_016423,96.91051358649551
STU_016424,68.96443332306819
STU_016425,79.27400244147988
STU_016426,74.17183783886048
STU_016427,79.27536346380393
STU_016428,95.95444672295122
STU_016429,77.24252910971617
STU_016430,85.88270095667406
STU_016431,94.26915510136075
STU_016432,51.544378386246706
STU_016433,58.99974838257883
STU_016434,60.15233640856994
STU_016435,78.20071960966843
STU_016436,94.69964993518005
STU_016437,77.65059496019312
STU_016438,79.31791757831328
STU_016439,77.47217982156448
STU_016440,66.60812732207431
STU_016441,92.04907057340515
STU_016442,92.23145910242744
STU_016443,73.34911704909815
STU_016444,77.15281663073327
STU_016445,79.97650574809356
STU_016446,67.08642098405436
STU_016447,63.59747919176578
STU_016448,69.86513853217072
STU_016449,80.22746297282477
STU_016450,71.03611952510317
STU_016451,86.45335725099059
STU_016452,85.11242244855508
STU_016453,67.56396271760977
STU_016454,67.39095431426007
STU_016455,48.51513390955056
STU_016456,71.27792757633136
STU_016457,89.80875926168865
STU_016458,78.64678079900482
STU_016459,77.07457915549989
STU_016460,79.08259506533864
STU_016461,56.86866529500772
STU_016462,86.93755957966665
STU_016463,77.46276225705219
STU_016464,81.0393746557302
STU_016465,83.34712688791085
STU_016466,70.80017426686067
STU_016467,79.92613105030009
STU_016468,64.73531791852741
STU_016469,54.869401990357076
STU_016470,77.6972700814896
STU_016471,57.37346991120661
STU_016472,71.95412988802333
STU_016473,75.91510051280439
STU_016474,67.99271907189593
STU_016475,98.43357999482848
STU_016476,91.40277158174155
STU_016477,91.22674469357483
STU_016478,90.20475334711708
STU_016479,64.60945319791476
STU_016480,71.53845458353678
STU_016481,76.27484863725817
STU_016482,66.77526942814892
STU_016483,85.85016395226549
STU_016484,68.72877669203369
STU_016485,75.65105387126202
STU_016486,85.48332238947009
STU_016487,70.20695012938596
STU_016488,79.8344252980236
STU_016489,90.10435931803232
STU_016490,69.68334562610386
STU_016491,87.33730383393312
STU_016492,89.47208019426319
STU_016493,87.77059809969425
STU_016494,76.10436498262516
STU_016495,50.69266634024255
STU_016496,85.79292742242512
STU_016497,44.1996636097374
STU_016498,64.42587987329458
STU_016499,76.00179488764938
STU_016500,72.32132471174165
STU_016501,73.63347765466519
STU_016502,77.0955408005397
STU_016503,60.443630299662736
STU_016504,77.76835486981646
STU_016505,93.97897483800689
STU_016506,76.31864453025544
STU_016507,67.67348230264881
STU_016508,89.71738709352593
STU_016509,39.27636117693143
STU_016510,74.60586925864862
STU_016511,68.24382322760611
STU_016512,69.60972261558983
STU_016513,55.82675058252703
STU_016514,89.90295270978402
STU_016515,62.300441378197675
STU_016516,61.185306256429044
STU_016517,77.87244262605046
STU_016518,81.53085023451331
STU_016519,84.17051699044866
STU_016520,60.723695203588285
STU_016521,98.32882370241998
STU_016522,55.58236037292348
STU_016523,71.51936157387205
STU_016524,72.15113018673777
STU_016525,48.08172315859652
STU_016526,100.0
STU_016527,58.151634354204106
STU_016528,71.1934348982993
STU_016529,70.49648042486137
STU_016530,81.57456411520167
STU_016531,94.73141855206866
STU_016532,99.75449044766927
STU_016533,79.09592896767867
STU_016534,87.4643159057581
STU_016535,67.24318446482917
STU_016536,84.43124622415851
STU_016537,82.34396148622332
STU_016538,58.71910166115899
STU_016539,75.00762859126093
STU_016540,78.32425587068754
STU_016541,99.19217673812545
STU_016542,60.64914679856359
STU_016543,60.49904518743459
STU_016544,85.54844325106008
STU_016545,88.44649703543358
STU_016546,67.77250354513625
STU_016547,100.0
STU_016548,97.73819899243807
STU_016549,85.65801399500597
STU_016550,67.85412880445185
STU_016551,81.12767224592537
STU_016552,84.14378151127222
STU_016553,68.85308848197857
STU_016554,88.07855862266453
STU_016555,70.49253238453994
STU_016556,77.27574036471707
STU_016557,70.28728242748684
STU_016558,72.73498796959143
STU_016559,80.68059703480844
STU_016560,64.07139725429685
STU_016561,83.18691347092113
STU_016562,79.69607846542436
STU_016563,75.73693927157555
STU_016564,70.28927669984526
STU_016565,77.13595108218915
STU_016566,85.84369037412019
STU_016567,72.62120945736665
STU_016568,74.09341083115565
STU_016569,55.66663377358681
STU_016570,68.47862735712918
STU_016571,91.78609854382455
STU_016572,60.695446751993714
STU_016573,56.19473351110847
STU_016574,97.00979019135262
STU_016575,65.95979156307813
STU_016576,80.84145966062623
STU_016577,88.02214862655931
STU_016578,86.65593812829314
STU_016579,88.04080375173032
STU_016580,84.27053997223241
STU_016581,94.47496210423088
STU_016582,67.64954002646324
STU_016583,85.18743839817793
STU_016584,97.1873857657851
STU_016585,89.97285282718852
STU_016586,78.83725457040426
STU_016587,74.94731384114584
STU_016588,73.06892594123094
STU_016589,70.8843656451507
STU_016590,76.72492271058339
STU_016591,53.44339682238224
STU_016592,76.14188417888063
STU_016593,81.41069544422902
STU_016594,44.579369389808
STU_016595,70.84216932807445
STU_016596,88.07843559435545
STU_016597,58.410594746957166
STU_016598,84.18847774000699
STU_016599,47.185050791083725
STU_016600,51.66844146350676
STU_016601,74.93910943060837
STU_016602,58.061421284652724
STU_016603,51.45315288552656
STU_016604,81.99192482673183
STU_016605,92.31776664737191
STU_016606,71.35151715474558
STU_016607,41.314957911963134
STU_016608,84.8307078534672
STU_016609,76.4942366682252
STU_016610,84.45016272377643
STU_016611,64.15785627241748
STU_016612,93.85156280084026
STU_016613,80.96276656033135
STU_016614,70.8790584720507
STU_016615,95.48086905370303
STU_016616,84.76803287318043
STU_016617,88.87560777207062
STU_016618,76.08955288907976
STU_016619,92.42163617640347
STU_016620,59.14307475653804
STU_016621,84.0299044141346
STU_016622,76.407287532299
STU_016623,74.0731781901824
STU_016624,94.39425740305663
STU_016625,82.70134808456459
STU_016626,60.0944346795671
STU_016627,97.61889923349851
STU_016628,88.1071482703904
STU_016629,52.83900553482337
STU_016630,70.087446508664
STU_016631,69.53797326487687
STU_016632,62.76133281085265
STU_016633,74.59320130461258
STU_016634,64.87891048161124
STU_016635,89.55912810145549
STU_016636,84.53672997805205
STU_016637,66.02600069886432
STU_016638,70.26491743243228
STU_016639,61.62422260717225
STU_016640,99.45025310010227
STU_016641,80.69779290570055
STU_016642,55.48376962959099
STU_016643,70.21459311897902
STU_016644,76.38772496980508
STU_016645,82.81962768357077
STU_016646,81.92455983230363
STU_016647,67.92493250744874
STU_016648,78.33315483551245
STU_016649,83.10298389171054
STU_016650,90.23314692819012
STU_016651,81.76745476838104
STU_016652,87.25729937557756
STU_016653,80.98587323561922
STU_016654,92.7460809395262
STU_016655,72.95527893040692
STU_016656,82.07215342374381
STU_016657,82.4145962630534
STU_016658,89.22264458427605
STU_016659,77.52772394728177
STU_016660,91.16584695967292
STU_016661,67.5614093583761
STU_016662,69.50223064414679
STU_016663,84.59435060192088
STU_016664,69.68245711141591
STU_016665,78.05153915498738
STU_016666,71.14510414347707
STU_016667,69.67591682003417
STU_016668,93.78890709899949
STU_016669,69.37097264018513
STU_016670,81.70916040232498
STU_016671,96.3931339927541
STU_016672,86.76535177119166
STU_016673,67.22946801605936
STU_016674,78.4186594458734
STU_016675,67.93724459210192
STU_016676,100.0
STU_016677,93.95720029195198
STU_016678,88.62822507941812
STU_016679,91.31370756395623
STU_016680,60.934106661008116
STU_016681,93.2586231147825
STU_016682,83.03738440781544
STU_016683,72.47804490228106
STU_016684,66.58859465833052
STU_016685,75.68762599576885
STU_016686,73.6975933174445
STU_016687,94.81563252161465
STU_016688,60.581916687481296
STU_016689,72.67715396260763
STU_016690,58.16692310774848
STU_016691,78.93417002199921
STU_016692,76.94764464299806
STU_016693,69.2199635970774
STU_016694,87.22756446796168
STU_016695,76.89233655845862
STU_016696,76.34985116890496
STU_016697,72.3137522010463
STU_016698,82.30322215742709
STU_016699,61.49501028174116
STU_016700,72.81152805003984
STU_016701,77.87235321633504
STU_016702,82.029053339357
STU_016703,89.25066844448745
STU_016704,82.9780167384632
STU_016705,87.30981044498577
STU_016706,74.02820487064555
STU_016707,79.83474674819585
STU_016708,87.00075400990383
STU_016709,46.55757577874228
STU_016710,75.63349349221188
STU_016711,63.51274353305515
STU_016712,50.00823429978192
STU_016713,91.22788549429362
STU_016714,95.22195406072419
STU_016715,67.64962776284722
STU_016716,67.31777941038378
STU_016717,89.24751015816635
STU_016718,53.485233856834235
STU_016719,91.51972108414097
STU_016720,93.18373609484154
STU_016721,79.16266368016893
STU_016722,76.63117522989062
STU_016723,71.45536956103813
STU_016724,77.86842092134057
STU_016725,69.4840635409654
STU_016726,60.688723739309815
STU_016727,69.70457095204083
STU_016728,58.304728314442016
STU_016729,80.3507733641261
STU_016730,84.11153501091108
STU_016731,67.36597170241318
STU_016732,84.96205827089992
STU_016733,87.64891268766497
STU_016734,59.77907894154339
STU_016735,82.25929385387215
STU_016736,59.990808195217426
STU_016737,69.4891193210622
STU_016738,74.66735567636519
STU_016739,83.6961808932272
STU_016740,72.69241065034305
STU_016741,80.14097895783041
STU_016742,91.88246643204945
STU_016743,75.50227462550956
STU_016744,60.500938565925765
STU_016745,66.83713151359414
STU_016746,56.90940277672928
STU_016747,81.89223536555858
STU_016748,80.60529101138819
STU_016749,55.33829837279565
STU_016750,88.81791683839671
STU_016751,85.56752694769116
STU_016752,58.82493628540467
STU_016753,77.07714528724422
STU_016754,100.0
STU_016755,71.66338875884007
STU_016756,78.98762357937618
STU_016757,85.83461660911692
STU_016758,57.55623852083151
STU_016759,98.34350034760106
STU_016760,72.29949371755619
STU_016761,78.20142323101003
STU_016762,75.79079865793439
STU_016763,80.67799532874199
STU_016764,68.2271626769025
STU_016765,85.48679116103257
STU_016766,92.31068889858729
STU_016767,85.08959334703357
STU_016768,88.1578056595465
STU_016769,50.46951380215832
STU_016770,56.48126097817883
STU_016771,63.11197265423822
STU_016772,93.52904730469984
STU_016773,72.39792582562747
STU_016774,79.67887972989621
STU_016775,72.48091956146324
STU_016776,93.93037999336909
STU_016777,52.499219480885124
STU_016778,78.61687745850595
STU_016779,73.20047768957468
STU_016780,81.2524486660014
STU_016781,48.94218946841205
STU_016782,82.78896848850353
STU_016783,71.65156078383367
STU_016784,96.56052637021648
STU_016785,92.14927985621978
STU_016786,70.47159825906584
STU_016787,66.33048809655453
STU_016788,92.55867868273506
STU_016789,77.42469296631182
STU_016790,83.50181913681381
STU_016791,68.01959413634896
STU_016792,71.19358370412101
STU_016793,81.7738514818568
STU_016794,80.1848706410963
STU_016795,77.38322277520867
STU_016796,87.4864165376357
STU_016797,66.6159774804933
STU_016798,70.48305625292866
STU_016799,90.40745868720863
STU_016800,65.30950478596692
STU_016801,59.71390247699762
STU_016802,65.3176485945811
STU_016803,89.39020759400798
STU_016804,90.25161178095779
STU_016805,56.096916090562
STU_016806,78.24173263861907
STU_016807,76.831347958036
STU_016808,85.75318049983203
STU_016809,82.61527435351542
STU_016810,47.3055614319082
STU_016811,75.74110895633038
STU_016812,69.39163268157165
STU_016813,74.50953115860085
STU_016814,91.05573050658558
STU_016815,67.47552153300637
STU_016816,69.94632251148766
STU_016817,99.04636870950759
STU_016818,56.72057688218398
STU_016819,87.55203291682741
STU_016820,78.4131408749791
STU_016821,78.68073084394209
STU_016822,74.35722134964644
STU_016823,100.0
STU_016824,82.27253766034701
STU_016825,80.89316291017515
STU_016826,71.40318660877409
STU_016827,78.35936509819665
STU_016828,72.94540155528449
STU_016829,77.77556323657421
STU_016830,78.08326025712371
STU_016831,84.85964414591308
STU_016832,69.74784046946012
STU_016833,61.252131656656374
STU_016834,82.98331069354734
STU_016835,77.20980028979962
STU_016836,85.88695041796962
STU_016837,94.79868384531161
STU_016838,90.75899314310217
STU_016839,69.53907716633145
STU_016840,82.94169918542636
STU_016841,92.34187201414139
STU_016842,74.47696540341516
STU_016843,69.84523672065659
STU_016844,84.70835118539108
STU_016845,72.62798544636495
STU_016846,69.02747096364786
STU_016847,76.98029948626343
STU_016848,62.108019952008206
STU_016849,69.55080269752835
STU_016850,74.40585850907118
STU_016851,69.41528275446358
STU_016852,88.28285049037143
STU_016853,85.78244522004817
STU_016854,84.85501080562011
STU_016855,78.54385806487508
STU_016856,94.71786524207661
STU_016857,69.85006930369333
STU_016858,54.91294090439117
STU_016859,100.0
STU_016860,98.35420161421094
STU_016861,80.19984709462241
STU_016862,90.89736657362369
STU_016863,97.58317736120175
STU_016864,51.50039968692569
STU_016865,85.971721748867
STU_016866,68.86697106369105
STU_016867,89.85212312768216
STU_016868,74.51264923390167
STU_016869,87.59693983335288
STU_016870,63.292380010260736
STU_016871,61.338792592146234
STU_016872,79.82086503551362
STU_016873,93.98845277504296
STU_016874,71.18156027468473
STU_016875,84.66465823200016
STU_016876,58.095112267667076
STU_016877,100.0
STU_016878,62.6583368435533
STU_016879,93.0475494080269
STU_016880,88.74221445701204
STU_016881,67.12524351975412
STU_016882,73.41799745404344
STU_016883,87.62655909107012
STU_016884,71.48705537340147
STU_016885,91.21568562048719
STU_016886,83.31584662388403
STU_016887,68.02031913916005
STU_016888,86.20765944250985
STU_016889,75.48826263034312
STU_016890,69.93392846516883
STU_016891,67.64778914537987
STU_016892,82.48728504435428
STU_016893,61.32175432266
STU_016894,83.47486206594468
STU_016895,70.94407329983694
STU_016896,65.38277237235157
STU_016897,54.66560403927832
STU_016898,97.52717523957234
STU_016899,81.42686379548779
STU_016900,94.64185210230357
STU_016901,74.97416312233652
STU_016902,92.83191378734541
STU_016903,78.31716883903422
STU_016904,86.90970897126057
STU_016905,81.28161852070319
STU_016906,71.70244188938366
STU_016907,87.72717543060786
STU_016908,67.25804895558046
STU_016909,88.41234183842553
STU_016910,73.47980715200667
STU_016911,72.5516429268994
STU_016912,70.81073362672792
STU_016913,56.62360213079291
STU_016914,89.60501850345457
STU_016915,87.89630481633334
STU_016916,76.69569545645629
STU_016917,82.6048471618214
STU_016918,51.392230945707354
STU_016919,70.80022320531214
STU_016920,72.12539282819567
STU_016921,76.20601528076489
STU_016922,71.8698998011673
STU_016923,90.00727164596154
STU_016924,53.27432612987968
STU_016925,79.66234369713673
STU_016926,73.08307207936521
STU_016927,62.18587212184152
STU_016928,71.62964874499454
STU_016929,67.38914133038153
STU_016930,90.2240536677961
STU_016931,47.954781243065355
STU_016932,84.07046994403447
STU_016933,86.08281191094682
STU_016934,63.168086978288954
STU_016935,73.55362237939687
STU_016936,60.784064470841855
STU_016937,68.44040759864386
STU_016938,88.77212562803453
STU_016939,92.1082257360737
STU_016940,88.4952609841227
STU_016941,61.847179305978095
STU_016942,76.44462825673251
STU_016943,75.57060302863451
STU_016944,78.79402100325827
STU_016945,91.11749386906342
STU_016946,81.9359172152305
STU_016947,75.67272588773403
STU_016948,75.06671593887086
STU_016949,61.34230965083668
STU_016950,69.14904383114173
STU_016951,96.91946726322269
STU_016952,60.57270605084753
STU_016953,66.25424974672173
STU_016954,68.98073311635683
STU_016955,87.38876481644662
STU_016956,90.14532545529357
STU_016957,66.29297600299338
STU_016958,75.47610742495459
STU_016959,95.6056675514833
STU_016960,83.9423139227289
STU_016961,65.79780971134115
STU_016962,75.45363574152654
STU_016963,95.6694608403619
STU_016964,90.65157062435034
STU_016965,89.18923380122368
STU_016966,78.60658811034442
STU_016967,90.19026683497057
STU_016968,95.05797482463552
STU_016969,62.399032498293145
STU_016970,77.40025434597663
STU_016971,63.196100749061635
STU_016972,96.08120185925992
STU_016973,71.50607996621305
STU_016974,78.2862739492047
STU_016975,64.21491190875074
STU_016976,70.80732983348172
STU_016977,85.48928830938871
STU_016978,68.13864401109292
STU_016979,56.39715095035176
STU_016980,85.68954916332842
STU_016981,63.51418279588802
STU_016982,77.05506429055198
STU_016983,67.50868982448745
STU_016984,65.31569752607436
STU_016985,98.58522759524948
STU_016986,86.07541070946739
STU_016987,81.98249329608232
STU_016988,73.45014288298762
STU_016989,89.2571563196382
STU_016990,77.98444024072434
STU_016991,65.01028715351835
STU_016992,81.92147328037518
STU_016993,76.35763860927409
STU_016994,65.3512540704547
STU_016995,65.62230755711141
STU_016996,91.41001674899529
STU_016997,83.53050060414903
STU_016998,90.4795411204024
STU_016999,97.35845217691784
STU_017000,87.84801692698485
STU_017001,84.66547380800162
STU_017002,96.44190456648434
STU_017003,94.36742868276544
STU_017004,69.07154106627266
STU_017005,81.0694448329347
STU_017006,82.42151965658908
STU_017007,70.7326380914856
STU_017008,77.75640140906275
STU_017009,81.48588935034364
STU_017010,72.64420468255057
STU_017011,53.05071357817292
STU_017012,57.30790709887635
STU_017013,97.1085473576057
STU_017014,78.5785258389069
STU_017015,81.32085450843834
STU_017016,89.29147849846385
STU_017017,66.20375313136168
STU_017018,75.18134035052422
STU_017019,57.07215173058926
STU_017020,71.91936740693593
STU_017021,82.58471428536521
STU_017022,73.31208928388094
STU_017023,59.34198688999675
STU_017024,58.84078963883162
STU_017025,62.99753647264936
STU_017026,81.21212369848857
STU_017027,81.59250154785911
STU_017028,72.06944837936324
STU_017029,86.03081736025554
STU_017030,89.37443753675406
STU_017031,55.42674293660751
STU_017032,93.86530986601417
STU_017033,86.18496135255154
STU_017034,75.41169230951826
STU_017035,73.6533490062507
STU_017036,87.74315199674618
STU_017037,92.42248707662876
STU_017038,96.53033917409512
STU_017039,88.51879205883597
STU_017040,99.84876845308712
STU_017041,59.94661409727354
STU_017042,84.16809931664024
STU_017043,75.70749699709644
STU_017044,95.55312573631707
STU_017045,85.63830824914552
STU_017046,81.00564556155518
STU_017047,95.29582173723787
STU_017048,70.1548070602952
STU_017049,85.49704665949312
STU_017050,69.37417831681516
STU_017051,78.17488952602216
STU_017052,93.5899568115099
STU_017053,80.13161281413437
STU_017054,91.31582501429352
STU_017055,82.56355339256234
STU_017056,80.1096469122477
STU_017057,95.37357111885973
STU_017058,81.7386338970894
STU_017059,62.66208281612757
STU_017060,66.41910173341707
STU_017061,90.86155026215528
STU_017062,61.30295589478292
STU_017063,78.83916466211025
STU_017064,68.7858453753697
STU_017065,92.51180899687452
STU_017066,62.24205832991536
STU_017067,91.91405823070238
STU_017068,66.1682989029822
STU_017069,82.6005468637571
STU_017070,81.38078614007826
STU_017071,75.29161021621614
STU_017072,70.71966337320579
STU_017073,91.58502489876642
STU_017074,84.87965152697532
STU_017075,90.64329982781283
STU_017076,53.615521266803185
STU_017077,85.81685792373716
STU_017078,67.12135907676947
STU_017079,62.55299058494555
STU_017080,55.309191004038865
STU_017081,69.64736463540513
STU_017082,84.17983479675563
STU_017083,68.57805851475926
STU_017084,52.72066259120443
STU_017085,63.95387569736067
STU_017086,89.02951079015259
STU_017087,70.95078607838806
STU_017088,90.5331371466515
STU_017089,64.8483230300392
STU_017090,87.68685265799327
STU_017091,66.25838108964044
STU_017092,81.81388229387059
STU_017093,51.46610236058638
STU_017094,82.88414693217412
STU_017095,52.68970605292027
STU_017096,60.84302922275056
STU_017097,61.22767316794134
STU_017098,48.23132981754295
STU_017099,76.13639766224195
STU_017100,82.44427232816452
STU_017101,76.9834776139391
STU_017102,81.89199083428758
STU_017103,79.21133988004323
STU_017104,84.72676764161601
STU_017105,71.65102654257107
STU_017106,65.64781136019933
STU_017107,49.18940577226142
STU_017108,82.32109391581196
STU_017109,72.94061239605863
STU_017110,72.13019997620137
STU_017111,82.88841377335069
STU_017112,87.32098101498644
STU_017113,61.3691112072178
STU_017114,75.3419678164059
STU_017115,81.73471806251555
STU_017116,95.87183865789032
STU_017117,50.545820991795026
STU_017118,83.62255973775076
STU_017119,85.02894909853993
STU_017120,87.60092932695832
STU_017121,71.42382151284144
STU_017122,96.67163711662135
STU_017123,68.81838329899132
STU_017124,74.36529257754621
STU_017125,72.41480305194814
STU_017126,80.39615833877141
STU_017127,60.829755978307574
STU_017128,74.1065830446751
STU_017129,63.40571393301083
STU_017130,73.64314569398913
STU_017131,69.99202351296688
STU_017132,74.15201013411024
STU_017133,76.93420768999917
STU_017134,94.7852373264217
STU_017135,62.533641116681316
STU_017136,84.98903471596071
STU_017137,63.856002494194634
STU_017138,78.7361210640955
STU_017139,90.69929448017467
STU_017140,78.02816767499036
STU_017141,85.7193706154868
STU_017142,92.76385112674677
STU_017143,51.79473264349297
STU_017144,93.18314989084803
STU_017145,91.48949463075081
STU_017146,96.17410585913126
STU_017147,100.0
STU_017148,75.62203583097698
STU_017149,73.80845583862612
STU_017150,61.74469400690618
STU_017151,73.60835602481463
STU_017152,73.55470460468077
STU_017153,78.09062894772585
STU_017154,76.71173018058019
STU_017155,56.54221378939803
STU_017156,56.66431180246236
STU_017157,73.98022901693648
STU_017158,84.18078012990549
STU_017159,60.83084914334417
STU_017160,59.247867545369374
STU_017161,78.45186726894552
STU_017162,77.6776206017241
STU_017163,77.21694765018358
STU_017164,93.6922747084728
STU_017165,65.64593996360104
STU_017166,73.61865410813812
STU_017167,65.35353468797791
STU_017168,78.79360153468767
STU_017169,86.48839114069135
STU_017170,87.62482697218485
STU_017171,91.94172446640003
STU_017172,74.37285151773689
STU_017173,55.500087804865366
STU_017174,62.47472156759289
STU_017175,99.35235377145733
STU_017176,81.58063627049114
STU_017177,72.82401452605706
STU_017178,85.49084656606489
STU_017179,81.27396121431957
STU_017180,74.23446818370958
STU_017181,84.78998245010231
STU_017182,67.4702477509265
STU_017183,95.8209348116383
STU_017184,86.96547894772311
STU_017185,94.36817737185292
STU_017186,66.41135457829463
STU_017187,85.32535446720017
STU_017188,78.01450319707101
STU_017189,54.16850447838759
STU_017190,86.00200255511488
STU_017191,70.28703629549035
STU_017192,65.48322135982778
STU_017193,53.12627972962032
STU_017194,84.4178544239142
STU_017195,67.76178515072412
STU_017196,79.99263338841773
STU_017197,78.23711559012293
STU_017198,75.5349695818189
STU_017199,75.89509910472364
STU_017200,67.02218419938103
STU_017201,68.05155144766421
STU_017202,89.38589713371456
STU_017203,78.51724085946589
STU_017204,64.64773514556555
STU_017205,88.17502213209428
STU_017206,77.59140266281722
STU_017207,91.97210649612816
STU_017208,61.83817838012818
STU_017209,59.27017604225267
STU_017210,37.74968029705084
STU_017211,88.53844036289988
STU_017212,92.05251018485916
STU_017213,93.60827560253901
STU_017214,84.10378866757668
STU_017215,64.41453324521031
STU_017216,56.496006534409275
STU_017217,100.0
STU_017218,74.69750079345457
STU_017219,92.38118647718602
STU_017220,76.08607090355399
STU_017221,70.5438899092045
STU_017222,62.494185283118036
STU_017223,75.11695358283197
STU_017224,85.81100479632318
STU_017225,89.85153862259591
STU_017226,80.82320889380148
STU_017227,72.25476511749066
STU_017228,85.29833716747382
STU_017229,70.37861951198775
STU_017230,92.20756294740366
STU_017231,65.32518242148082
STU_017232,69.88944005385342
STU_017233,73.93396728426531
STU_017234,89.53764534290102
STU_017235,79.9380213717375
STU_017236,62.19715549200767
STU_017237,92.27166865471044
STU_017238,83.69121509095112
STU_017239,52.15184596410858
STU_017240,93.00863857403402
STU_017241,75.1769209310974
STU_017242,47.61703323830762
STU_017243,83.16325766643747
STU_017244,72.84560307160362
STU_017245,89.72165542155822
STU_017246,85.38089708808255
STU_017247,58.15108396690668
STU_017248,65.21740205218491
STU_017249,65.08229483588316
STU_017250,59.003097947313606
STU_017251,87.25878460262604
STU_017252,58.26252253141352
STU_017253,86.93329027440862
STU_017254,48.47054228656762
STU_017255,57.69226316440565
STU_017256,51.11437571827742
STU_017257,82.57364112562965
STU_017258,75.46749537716683
STU_017259,69.08847092781923
STU_017260,70.45023390301324
STU_017261,59.19693995535185
STU_017262,73.83885320769923
STU_017263,78.44717448707996
STU_017264,68.80039889386924
STU_017265,90.35608290603443
STU_017266,55.17769236466413
STU_017267,70.07504607164626
STU_017268,76.87206799822346
STU_017269,68.74182086874417
STU_017270,81.65959782150995
STU_017271,78.93805443595059
STU_017272,56.506319630157904
STU_017273,85.13426913975547
STU_017274,85.8409135198307
STU_017275,65.85798880508675
STU_017276,55.91589469123046
STU_017277,77.88379871312445
STU_017278,91.37926062240342
STU_017279,74.85811708652541
STU_017280,81.16162145177233
STU_017281,70.18302100314983
STU_017282,77.04348240683163
STU_017283,81.42291215585044
STU_017284,87.55389485884982
STU_017285,85.0820870590916
STU_017286,74.35386481880809
STU_017287,64.95906027864322
STU_017288,60.52079808577354
STU_017289,76.96885655622738
STU_017290,87.8206818463964
STU_017291,84.203228926822
STU_017292,66.59608345649148
STU_017293,71.22087618331453
STU_017294,63.12535408558269
STU_017295,75.35794538545952
STU_017296,73.67605498354094
STU_017297,96.5720856903926
STU_017298,68.64792957079125
STU_017299,74.3738400489439
STU_017300,60.055836811015254
STU_017301,64.64277444569116
STU_017302,72.82557646362835
STU_017303,90.04597869522708
STU_017304,86.65418165752165
STU_017305,76.4916785180039
STU_017306,80.19793500218631
STU_017307,95.62366270897904
STU_017308,90.16309748083995
STU_017309,92.12382616098915
STU_017310,64.76866450663005
STU_017311,75.97323470554235
STU_017312,67.88980068012626
STU_017313,94.06667269873992
STU_017314,80.18568973447219
STU_017315,85.47369920528345
STU_017316,72.79524755771217
STU_017317,85.00877268934144
STU_017318,41.681388094316745
STU_017319,66.549388743437
STU_017320,91.63534716887247
STU_017321,80.47934358250419
STU_017322,80.0080593032432
STU_017323,79.97245833204863
STU_017324,87.3163513562554
STU_017325,85.5910620924773
STU_017326,70.60698964859988
STU_017327,86.34026227736612
STU_017328,78.25479160849552
STU_017329,43.10779441419614
STU_017330,87.15954953589429
STU_017331,75.38299178320821
STU_017332,70.43440682213344
STU_017333,68.77356009379737
STU_017334,80.7064084776582
STU_017335,86.44022647061692
STU_017336,65.49928055615139
STU_017337,80.2296437125612
STU_017338,82.83211805638837
STU_017339,98.26238080132518
STU_017340,80.5165300041599
STU_017341,88.91277940934421
STU_017342,65.85016364137573
STU_017343,85.11880483668985
STU_017344,62.47028657782372
STU_017345,73.54440552314604
STU_017346,61.95390174038171
STU_017347,91.86106549040531
STU_017348,74.2614161582797
STU_017349,84.436214760481
STU_017350,55.262915634453066
STU_017351,62.25301555809802
STU_017352,61.60260029936543
STU_017353,55.865106181484
STU_017354,85.67215187033983
STU_017355,59.42460649394649
STU_017356,69.14176878148558
STU_017357,62.056353283586034
STU_017358,64.21885743462256
STU_017359,89.78611539604017
STU_017360,96.75357296910306
STU_017361,94.3884815360561
STU_017362,66.32941207164252
STU_017363,88.19106551531488
STU_017364,90.6066891599815
STU_017365,85.20628165051365
STU_017366,84.15021880264362
STU_017367,100.0
STU_017368,58.76405832962506
STU_017369,51.180372066336005
STU_017370,87.36836833245445
STU_017371,81.07158097800288
STU_017372,86.76774800510489
STU_017373,64.00145530759983
STU_017374,48.43054901363203
STU_017375,86.76735168205204
STU_017376,73.115356549829
STU_017377,66.51275992546184
STU_017378,77.93041218323683
STU_017379,61.91808291904739
STU_017380,67.06686066318173
STU_017381,60.59818586554924
STU_017382,85.73923794156835
STU_017383,76.42115597065555
STU_017384,70.24030716029687
STU_017385,62.30019325438518
STU_017386,72.46839557378189
STU_017387,85.34328737070754
STU_017388,65.68169693777027
STU_017389,83.391637920121
STU_017390,73.91675691334434
STU_017391,72.97002195119269
STU_017392,69.00415782835378
STU_017393,62.90187251766477
STU_017394,68.88780149963102
STU_017395,57.743632874295415
STU_017396,81.91902034621872
STU_017397,79.64482666409896
STU_017398,79.24507384463817
STU_017399,86.5105491229954
STU_017400,47.74881020911858
STU_017401,44.466370688528286
STU_017402,94.21343876173523
STU_017403,61.164592365009185
STU_017404,67.97485980358928
STU_017405,65.48213230411537
STU_017406,64.78773424556898
STU_017407,67.61351862272731
STU_017408,81.25770771265866
STU_017409,82.78875045107827
STU_017410,77.54313897440919
STU_017411,59.35784601676387
STU_017412,79.9022856944347
STU_017413,85.1760999144095
STU_017414,75.85211275444591
STU_017415,54.83309980514302
STU_017416,65.57538213393674
STU_017417,77.42313519382239
STU_017418,90.17573002372848
STU_017419,67.99618530006894
STU_017420,77.42132661967926
STU_017421,74.87541038796617
STU_017422,79.98054528543777
STU_017423,71.54300909725185
STU_017424,52.30527918265976
STU_017425,78.37423976050319
STU_017426,63.03625311682799
STU_017427,80.853591592156
STU_017428,72.81304682244374
STU_017429,62.413853521008754
STU_017430,98.41493907624078
STU_017431,69.43838054020722
STU_017432,94.36987763123452
STU_017433,87.4200754541151
STU_017434,75.55021396518507
STU_017435,82.81072750067372
STU_017436,71.47694293432916
STU_017437,73.477679285787
STU_017438,97.83054354150721
STU_017439,61.093042718020236
STU_017440,87.05109788155156
STU_017441,51.81041396611568
STU_017442,76.68449007654215
STU_017443,84.6052217695918
STU_017444,80.42523165876575
STU_017445,93.25951642453845
STU_017446,88.9212607358371
STU_017447,65.634685620639
STU_017448,77.99844184041127
STU_017449,86.80687871128308
STU_017450,84.0126111415676
STU_017451,67.89179667235433
STU_017452,82.90733576119334
STU_017453,90.697220546761
STU_017454,56.31824602118316
STU_017455,90.31377760650315
STU_017456,80.8537596000809
STU_017457,67.19113894637339
STU_017458,61.28159586714246
STU_017459,78.59454472460104
STU_017460,66.33761214627324
STU_017461,82.89157078052489
STU_017462,79.1287291895637
STU_017463,93.28273700251518
STU_017464,77.23802099190208
STU_017465,83.54609644683867
STU_017466,76.69975195691667
STU_017467,56.48487865162692
STU_017468,82.4165230126867
STU_017469,91.30530087554357
STU_017470,84.01052741824613
STU_017471,88.90814589300535
STU_017472,66.21831747355469
STU_017473,96.2623229731812
STU_017474,37.584117127688025
STU_017475,63.573287484819716
STU_017476,70.14551174153661
STU_017477,63.44580682839768
STU_017478,51.07634114309013
STU_017479,73.06218075038798
STU_017480,95.22439827100808
STU_017481,88.8805797730517
STU_017482,80.93155177349914
STU_017483,92.62818137909146
STU_017484,85.67827299349318
STU_017485,89.40819294558567
STU_017486,74.65803426504294
STU_017487,90.87059416125636
STU_017488,57.80238431445685
STU_017489,61.852151684298676
STU_017490,94.92643452958254
STU_017491,73.07001282932472
STU_017492,59.00709055452313
STU_017493,78.25102232024862
STU_017494,74.91363885874512
STU_017495,54.37981156377964
STU_017496,78.25910289258593
STU_017497,83.77589690074284
STU_017498,61.00680600471733
STU_017499,85.85724524444473
STU_017500,85.52236646261417
STU_017501,75.27720555428718
STU_017502,85.10341385001809
STU_017503,65.67642983787151
STU_017504,86.58113732118247
STU_017505,79.28062451960979
STU_017506,76.90527796991361
STU_017507,54.05387649495183
STU_017508,69.45805732357564
STU_017509,83.74490198417178
STU_017510,95.39042305738808
STU_017511,73.1088882953077
STU_017512,76.6921252999245
STU_017513,80.48036069314126
STU_017514,73.02718865013021
STU_017515,79.11689867644185
STU_017516,95.4488557061633
STU_017517,83.02165527505014
STU_017518,81.1448381251474
STU_017519,86.3146608497502
STU_017520,97.66476868307859
STU_017521,61.40565432676352
STU_017522,74.44548853260765
STU_017523,78.95482245297359
STU_017524,62.18712703733792
STU_017525,69.41730584928143
STU_017526,78.20455973852145
STU_017527,81.91989472180342
STU_017528,71.24311504249029
STU_017529,97.47691356579037
STU_017530,83.03187908562327
STU_017531,89.67476037373515
STU_017532,63.21524515800846
STU_017533,65.63988076103107
STU_017534,58.623401421822564
STU_017535,74.12597885091455
STU_017536,87.02331207148728
STU_017537,94.62871782389739
STU_017538,94.30250410987917
STU_017539,75.12429094216901
STU_017540,97.08866895035607
STU_017541,51.747499321221134
STU_017542,70.08000089489867
STU_017543,82.45693952995175
STU_017544,95.4569944001981
STU_017545,70.53446200653597
STU_017546,68.54108246473234
STU_017547,92.11233914664747
STU_017548,75.58908631791952
STU_017549,98.4021841403907
STU_017550,78.97975874648276
STU_017551,94.59257072355409
STU_017552,48.890345375269916
STU_017553,87.7758049971398
STU_017554,61.58796496492276
STU_017555,68.64753574178476
STU_017556,72.40535700796599
STU_017557,55.46488566507223
STU_017558,46.05154820837224
STU_017559,80.91490142709235
STU_017560,70.01675701572388
STU_017561,93.49509422429918
STU_017562,61.48843987382132
STU_017563,67.49296656374354
STU_017564,66.22981813260601
STU_017565,67.65601475281603
STU_017566,79.6048940427391
STU_017567,69.54888641343945
STU_017568,70.48001954456414
STU_017569,79.18552847545189
STU_017570,99.13646017946698
STU_017571,87.82276402653491
STU_017572,79.82197103446691
STU_017573,73.62616551994783
STU_017574,85.56499035169327
STU_017575,89.42320691037614
STU_017576,86.50752107080677
STU_017577,65.03302854283838
STU_017578,76.66066825475583
STU_017579,73.14255744305808
STU_017580,80.15759659896847
STU_017581,76.6092703319891
STU_017582,74.56089424080892
STU_017583,96.07074168458495
STU_017584,58.06603325715686
STU_017585,54.10247437847313
STU_017586,79.13731297182483
STU_017587,63.84886925889067
STU_017588,68.90148785289452
STU_017589,89.88067648664264
STU_017590,74.2622265965498
STU_017591,91.21075887512254
STU_017592,65.19812175378114
STU_017593,62.21766786640583
STU_017594,56.083769123998906
STU_017595,96.67353143727186
STU_017596,74.29109364405477
STU_017597,89.08482088841473
STU_017598,46.22306579020357
STU_017599,65.43170637729648
STU_017600,77.86814854197358
STU_017601,70.04352084061503
STU_017602,62.7190049295734
STU_017603,86.65975245035398
STU_017604,82.25308301764593
STU_017605,67.3019244839089
STU_017606,88.59138095652332
STU_017607,78.72374418203758
STU_017608,94.08175165712726
STU_017609,73.84723234069119
STU_017610,76.91646285452103
STU_017611,73.98530744489243
STU_017612,95.14478614312688
STU_017613,84.25009145604984
STU_017614,91.45252792609574
STU_017615,69.43251924511482
STU_017616,88.67781596599575
STU_017617,89.04016095463447
STU_017618,41.50333958683282
STU_017619,63.48425315187766
STU_017620,73.42695202403124
STU_017621,84.1531408187581
STU_017622,93.69058357753542
STU_017623,55.98355414649629
STU_017624,70.78777786186465
STU_017625,68.68499614379778
STU_017626,57.47098939459437
STU_017627,53.646719347560506
STU_017628,75.46252876082558
STU_017629,70.71689197760267
STU_017630,59.685853546310994
STU_017631,51.454665338732454
STU_017632,78.18323107080732
STU_017633,75.43296615681716
STU_017634,82.01861292531053
STU_017635,76.16206332024841
STU_017636,72.23777908360758
STU_017637,90.72095234948573
STU_017638,67.95589932997699
STU_017639,86.35401235161754
STU_017640,95.33386325957733
STU_017641,99.48792203666314
STU_017642,63.5964177336711
STU_017643,65.46584926586641
STU_017644,78.66958449838533
STU_017645,81.85870206050225
STU_017646,70.74845999409357
STU_017647,62.60029171408826
STU_017648,83.9685894886356
STU_017649,96.41654351191758
STU_017650,97.35892996289357
STU_017651,69.8013020640471
STU_017652,74.35638947964924
STU_017653,97.6113254617519
STU_017654,75.6044365038305
STU_017655,84.36196044386107
STU_017656,85.27921873948718
STU_017657,52.564952105855326
STU_017658,66.27801603992569
STU_017659,100.0
STU_017660,76.86240007776745
STU_017661,80.77722045388691
STU_017662,64.47669272188652
STU_017663,77.95534434117985
STU_017664,78.86262111806391
STU_017665,70.93675520103127
STU_017666,78.13509204887521
STU_017667,75.05952077957048
STU_017668,73.31127066181112
STU_017669,73.98842504384501
STU_017670,47.10577289737533
STU_017671,70.87366540568078
STU_017672,59.52717327422321
STU_017673,71.28522736628472
STU_017674,71.4796815866871
STU_017675,72.9733471947357
STU_017676,68.42705991107415
STU_017677,81.63736803155706
STU_017678,84.64867573363838
STU_017679,87.91355998237441
STU_017680,75.16421677058761
STU_017681,88.0286992496651
STU_017682,73.68619937816858
STU_017683,79.0869729756477
STU_017684,84.9222096947671
STU_017685,72.8683828375135
STU_017686,60.98932066471598
STU_017687,74.63106395966089
STU_017688,69.86684038082286
STU_017689,90.28726884061308
STU_017690,65.39581266045965
STU_017691,73.01977395834702
STU_017692,74.37148788011717
STU_017693,61.52638212172569
STU_017694,76.80742692285354
STU_017695,94.14015247858453
STU_017696,81.13731186980975
STU_017697,44.633918765779725
STU_017698,49.63909482131022
STU_017699,92.07730354425307
STU_017700,48.24935044174245
STU_017701,52.65141317514432
STU_017702,79.99152857827218
STU_017703,79.25651321575805
STU_017704,62.76285207007594
STU_017705,58.952000800642395
STU_017706,82.04264629538373
STU_017707,47.29726081930128
STU_017708,93.90190162455715
STU_017709,87.45175643098344
STU_017710,88.39193377357502
STU_017711,99.73274903238985
STU_017712,75.0075847906556
STU_017713,70.15627365774094
STU_017714,86.30819242046607
STU_017715,65.62506673398946
STU_017716,53.51571855415066
STU_017717,72.43009686427354
STU_017718,88.29104591177403
STU_017719,69.22075855198294
STU_017720,73.48442959513932
STU_017721,83.73292874507305
STU_017722,100.0
STU_017723,73.42624866648943
STU_017724,76.75500002816644
STU_017725,93.3815165631649
STU_017726,89.45928461974216
STU_017727,86.24255893428102
STU_017728,85.00724438261969
STU_017729,70.83468333473598
STU_017730,58.800082759102985
STU_017731,58.91468833457026
STU_017732,79.33522366077274
STU_017733,64.59849706243358
STU_017734,69.75456041216421
STU_017735,64.88714130560884
STU_017736,70.92315791856299
STU_017737,59.424259188330254
STU_017738,95.52537265393755
STU_017739,84.53018978174582
STU_017740,78.86291186718782
STU_017741,86.9950611149809
STU_017742,86.56199248849187
STU_017743,88.59235505262896
STU_017744,83.39566109574884
STU_017745,87.47580505913189
STU_017746,84.4510135538793
STU_017747,66.79926194375788
STU_017748,62.03379182341952
STU_017749,66.62448442300148
STU_017750,87.99713751909056
STU_017751,79.31124521598969
STU_017752,76.16817466347833
STU_017753,94.27052506076595
STU_017754,88.40651464216688
STU_017755,90.91405135722253
STU_017756,85.35690375296679
STU_017757,51.97741409135695
STU_017758,69.19671776654799
STU_017759,82.74419775792846
STU_017760,95.07860482998336
STU_017761,63.16394839965923
STU_017762,99.61239383414697
STU_017763,92.03894757608919
STU_017764,56.281430080240625
STU_017765,93.08778713193793
STU_017766,78.2328429492536
STU_017767,58.51956083351524
STU_017768,61.46462447022294
STU_017769,87.05123428970599
STU_017770,75.58815066115379
STU_017771,54.679765650560725
STU_017772,71.71172984701906
STU_017773,57.58106564261356
STU_017774,100.0
STU_017775,81.6515833003724
STU_017776,82.53020630360146
STU_017777,80.11563578862987
STU_017778,83.0481207806725
STU_017779,54.27058142640384
STU_017780,72.19749019666428
STU_017781,79.26026565169606
STU_017782,70.50908318579053
STU_017783,67.02746055155616
STU_017784,79.26102597055372
STU_017785,88.5990944679562
STU_017786,74.9107959173224
STU_017787,83.02935656364457
STU_017788,74.6523580638985
STU_017789,84.39953768726141
STU_017790,55.911335858650176
STU_017791,89.76264554337983
STU_017792,69.35287619870587
STU_017793,67.43343323924357
STU_017794,64.5714405179511
STU_017795,69.46120854342729
STU_017796,80.5987348079458
STU_017797,88.26349885507437
STU_017798,96.82960883263819
STU_017799,100.0
STU_017800,90.30307555041651
STU_017801,75.92549313437195
STU_017802,94.14737545172318
STU_017803,61.981114034874075
STU_017804,78.61564844039522
STU_017805,72.98926824368755
STU_017806,65.36655967936372
STU_017807,93.43824081361134
STU_017808,69.9696818820723
STU_017809,83.70143961789776
STU_017810,99.91198095010611
STU_017811,72.0259169186768
STU_017812,87.33522810932499
STU_017813,84.18729205062758
STU_017814,71.12741700822781
STU_017815,68.87049030007351
STU_017816,59.37726090878243
STU_017817,55.43938426571404
STU_017818,88.85400754229099
STU_017819,87.080567859853
STU_017820,87.6184915629594
STU_017821,73.94739928159035
STU_017822,89.2256690172377
STU_017823,96.3569698511063
STU_017824,52.186329821477194
STU_017825,76.55208196214323
STU_017826,85.48917728921455
STU_017827,85.42951641447257
STU_017828,59.87024734585614
STU_017829,63.983962252630064
STU_017830,68.98940205624608
STU_017831,84.39557493529094
STU_017832,83.8936841667641
STU_017833,56.58609562416083
STU_017834,83.47506520810956
STU_017835,68.35052501312046
STU_017836,81.12062715195668
STU_017837,69.97212865747625
STU_017838,65.90403425000325
STU_017839,96.66631722154969
STU_017840,71.26688970041975
STU_017841,89.75945014853201
STU_017842,78.74688714052468
STU_017843,83.38520840902001
STU_017844,66.07217650750661
STU_017845,99.13937297321974
STU_017846,91.6069259961744
STU_017847,52.137541705808815
STU_017848,65.27959281650803
STU_017849,54.416912344621934
STU_017850,70.41829917971712
STU_017851,59.98412923713863
STU_017852,84.03663101266133
STU_017853,72.31417419308659
STU_017854,94.07121043538613
STU_017855,54.10367361060955
STU_017856,83.98231743245518
STU_017857,83.63010273566348
STU_017858,78.19410214403332
STU_017859,63.152569205682966
STU_017860,81.69629610005788
STU_017861,87.05520984406165
STU_017862,72.90413027699812
STU_017863,88.6803066910231
STU_017864,78.95761367099354
STU_017865,72.48335476660208
STU_017866,80.2282784187041
STU_017867,64.05759637575447
STU_017868,96.17494666681829
STU_017869,62.42153542802565
STU_017870,83.97227159601351
STU_017871,93.3791812383884
STU_017872,68.550017111236
STU_017873,96.78911141932298
STU_017874,80.82870834571811
STU_017875,71.14608826450491
STU_017876,71.31844251437626
STU_017877,53.01095405695652
STU_017878,89.49683402814135
STU_017879,59.05383362068884
STU_017880,94.56338826877789
STU_017881,77.1826301554454
STU_017882,72.48684651211546
STU_017883,94.00978465041807
STU_017884,58.421180477291585
STU_017885,66.72767127682377
STU_017886,80.04304040472189
STU_017887,57.85636203067123
STU_017888,62.41601244978962
STU_017889,100.0
STU_017890,99.83901590652533
STU_017891,82.84237820770917
STU_017892,56.961656198177714
STU_017893,81.63927239498828
STU_017894,60.790923577635986
STU_017895,69.79253900720175
STU_017896,81.09437085855397
STU_017897,61.962960215056256
STU_017898,83.30980470300742
STU_017899,82.92181385999295
STU_017900,71.63663954744555
STU_017901,87.86147928937655
STU_017902,67.45793422192418
STU_017903,74.42314536823186
STU_017904,82.55845505663895
STU_017905,78.66599160372685
STU_017906,68.4665730698774
STU_017907,74.29335291991988
STU_017908,72.19729609059803
STU_017909,69.5549448296833
STU_017910,72.48211020822485
STU_017911,62.37801130300417
STU_017912,91.23903539326979
STU_017913,88.82094674782567
STU_017914,70.93131510078794
STU_017915,74.04605360265768
STU_017916,78.14791971508785
STU_017917,81.98370117962352
STU_017918,77.35421937248991
STU_017919,90.82958022898674
STU_017920,76.86439295871286
STU_017921,81.34325351012325
STU_017922,73.72194640019164
STU_017923,66.19869387655643
STU_017924,73.9923952940099
STU_017925,68.89598935533526
STU_017926,77.4333451584364
STU_017927,96.27133042421599
STU_017928,84.20942080004954
STU_017929,89.52878701244903
STU_017930,76.35682905648423
STU_017931,64.05428334682588
STU_017932,95.92972751058217
STU_017933,95.7657376952454
STU_017934,92.81430500775707
STU_017935,78.7048126391978
STU_017936,55.43045577380791
STU_017937,82.79078603166255
STU_017938,63.91590600531826
STU_017939,86.77208589141078
STU_017940,76.49636411919535
STU_017941,65.28066530839656
STU_017942,67.76844546978539
STU_017943,55.69607899367083
STU_017944,66.18501936379
STU_017945,88.4058630702155
STU_017946,64.48210430073335
STU_017947,60.528523697025136
STU_017948,75.30519916339075
STU_017949,55.90296691287094
STU_017950,51.52460149816949
STU_017951,69.06822357472062
STU_017952,94.10387987592982
STU_017953,71.19099383572305
STU_017954,99.24254413997335
STU_017955,66.97522202453656
STU_017956,69.29866658222063
STU_017957,66.19117607037663
STU_017958,46.295710882879625
STU_017959,86.56979733981927
STU_017960,79.45612034731212
STU_017961,90.48130332873163
STU_017962,61.0096441669353
STU_017963,64.04281344951555
STU_017964,52.889986205723346
STU_017965,93.8305839410611
STU_017966,77.81041346821905
STU_017967,78.23953923184193
STU_017968,95.1328776305432
STU_017969,79.42102831523317
STU_017970,53.53108913896878
STU_017971,60.535335374220466
STU_017972,69.80261216809937
STU_017973,66.93991681843308
STU_017974,77.9593056184858
STU_017975,63.64521487443429
STU_017976,67.43224646045226
STU_017977,94.38303466514832
STU_017978,66.68123844427554
STU_017979,71.98225723181284
STU_017980,60.37477982665561
STU_017981,97.05483779154292
STU_017982,71.33928170064893
STU_017983,82.71540059629255
STU_017984,70.6821711872481
STU_017985,67.38099857638505
STU_017986,64.62717984542772
STU_017987,81.12473174591352
STU_017988,63.75798283785852
STU_017989,71.82019740019561
STU_017990,75.31810854166409
STU_017991,81.82465570574408
STU_017992,50.95639917644587
STU_017993,96.99405957444665
STU_017994,87.99031695074744
STU_017995,79.51400898580215
STU_017996,58.329309787202575
STU_017997,74.0440196930902
STU_017998,87.459353686526
STU_017999,87.72692086774626
STU_018000,95.46015754017202
STU_018001,78.47166786039101
STU_018002,51.53387479583733
STU_018003,73.39225689020812
STU_018004,81.85579323578355
STU_018005,76.02122872369416
STU_018006,67.6748723730501
STU_018007,97.72512946793307
STU_018008,92.10820109545647
STU_018009,89.62979873032951
STU_018010,83.51475272727704
STU_018011,86.85715734896625
STU_018012,68.48060070540748
STU_018013,87.02745164907438
STU_018014,66.20484637049309
STU_018015,76.23483197646237
STU_018016,74.72379076636282
STU_018017,80.69782604233517
STU_018018,98.53338839988535
STU_018019,67.0418078668443
STU_018020,74.5752036176733
STU_018021,68.47318165606522
STU_018022,88.54512192957056
STU_018023,84.92450041873249
STU_018024,43.64368490011937
STU_018025,78.32089941170916
STU_018026,72.38641812795126
STU_018027,83.37860747317421
STU_018028,98.60700240650705
STU_018029,72.83917068901646
STU_018030,89.12471605534492
STU_018031,84.37656817080983
STU_018032,70.25897502652678
STU_018033,87.96983892280774
STU_018034,73.92295048893047
STU_018035,88.35117093646296
STU_018036,78.41655524235917
STU_018037,43.409562044480175
STU_018038,63.72846348124235
STU_018039,75.49703463741486
STU_018040,76.9902664416238
STU_018041,64.82728618328355
STU_018042,64.87031599292787
STU_018043,89.64943803102014
STU_018044,74.43317252637792
STU_018045,72.61070114660389
STU_018046,81.752102926367
STU_018047,60.85715238963539
STU_018048,94.90214522557824
STU_018049,87.18005115107387
STU_018050,84.21416887271639
STU_018051,66.55864777196395
STU_018052,67.4521026130974
STU_018053,67.26419455419688
STU_018054,45.26342492062382
STU_018055,100.0
STU_018056,42.0904231729396
STU_018057,61.54798707509677
STU_018058,91.16460854693358
STU_018059,88.6843288922332
STU_018060,63.73672109461611
STU_018061,79.99058133448995
STU_018062,83.94746294118403
STU_018063,71.180369031616
STU_018064,86.70393839556357
STU_018065,84.22438739058458
STU_018066,93.19796667006639
STU_018067,95.74024053239269
STU_018068,81.26009212621197
STU_018069,79.87925097686045
STU_018070,79.09440710402095
STU_018071,91.2129118356259
STU_018072,85.15186608609177
STU_018073,56.856316146500006
STU_018074,69.44758346683278
STU_018075,71.73969681337394
STU_018076,66.87503382121028
STU_018077,56.797874102605675
STU_018078,70.62856776404605
STU_018079,82.42611810864912
STU_018080,90.6052253833469
STU_018081,76.40870175052979
STU_018082,82.82018999543509
STU_018083,94.0090555508243
STU_018084,64.51906414621536
STU_018085,73.27962417819394
STU_018086,85.39395723657077
STU_018087,72.55482635856154
STU_018088,66.24101603252721
STU_018089,56.58457350355924
STU_018090,66.14686443477633
STU_018091,80.4807231748626
STU_018092,77.14841935351242
STU_018093,62.17021670043688
STU_018094,72.10999454658177
STU_018095,79.01869133806358
STU_018096,59.571632768610804
STU_018097,82.71367708077935
STU_018098,61.97290010404294
STU_018099,72.13165899602684
STU_018100,93.78441141130519
STU_018101,79.71879953853828
STU_018102,58.01700038841924
STU_018103,95.8339721863265
STU_018104,63.43439670633572
STU_018105,59.739490392822425
STU_018106,76.15511471282441
STU_018107,79.99170108390369
STU_018108,69.5912506488848
STU_018109,87.26223252847285
STU_018110,80.93477073103898
STU_018111,81.9348620062142
STU_018112,69.24768017404695
STU_018113,60.71610096733785
STU_018114,91.5225158065426
STU_018115,76.17724589639475
STU_018116,66.3276296011685
STU_018117,77.81973140682415
STU_018118,69.28054070472693
STU_018119,96.90864071415092
STU_018120,62.6209068193334
STU_018121,95.72236173633104
STU_018122,80.8119194208415
STU_018123,73.89911406469209
STU_018124,86.32573419150592
STU_018125,69.5751528821895
STU_018126,53.98265235185435
STU_018127,65.60675075860878
STU_018128,52.741407914184066
STU_018129,75.99138846290984
STU_018130,89.88549539684846
STU_018131,73.25635000460522
STU_018132,96.82804431768163
STU_018133,79.5042395183714
STU_018134,100.0
STU_018135,98.80554601914774
STU_018136,46.18123226941171
STU_018137,67.44213363430775
STU_018138,90.9925431678885
STU_018139,77.59135722605264
STU_018140,50.7108308222674
STU_018141,61.733432025085165
STU_018142,76.20690004512205
STU_018143,60.165311239812496
STU_018144,63.42241910594725
STU_018145,78.85769066419284
STU_018146,52.05287337521657
STU_018147,84.58874822621016
STU_018148,78.78509972618984
STU_018149,60.19663680087382
STU_018150,85.70833882294617
STU_018151,71.8852572566381
STU_018152,57.204380421156706
STU_018153,81.97250427004418
STU_018154,58.58580277305892
STU_018155,90.97580187242667
STU_018156,97.80527188061652
STU_018157,54.78797537928044
STU_018158,65.41518842623394
STU_018159,65.58665119307433
STU_018160,64.68109514890757
STU_018161,84.0290245129565
STU_018162,67.83350580633861
STU_018163,96.28231525913627
STU_018164,72.83820153893642
STU_018165,56.896285752742784
STU_018166,76.2846249922122
STU_018167,77.71508867746883
STU_018168,80.40175234801086
STU_018169,67.62902104935256
STU_018170,47.81343366438764
STU_018171,63.04174099013272
STU_018172,85.95320851606286
STU_018173,67.58935807260252
STU_018174,82.45020424045495
STU_018175,74.87351583902435
STU_018176,81.2530547130424
STU_018177,76.76585449155174
STU_018178,72.04259463897817
STU_018179,73.73660437282511
STU_018180,91.91359284140782
STU_018181,72.01746636679307
STU_018182,78.83197023979139
STU_018183,71.24471618504819
STU_018184,53.74491140934733
STU_018185,68.84840981662002
STU_018186,91.20921517183612
STU_018187,61.50303552855531
STU_018188,86.59378917397308
STU_018189,76.10077382896772
STU_018190,68.24354210309588
STU_018191,78.43616737170379
STU_018192,78.7090002765595
STU_018193,80.16468766969288
STU_018194,72.0143228039426
STU_018195,85.79246647516932
STU_018196,56.67201669397868
STU_018197,91.23886276447357
STU_018198,77.87658430437438
STU_018199,72.01780948764024
STU_018200,84.74805071122822
STU_018201,74.15352487602932
STU_018202,45.9934822517647
STU_018203,79.75981716762338
STU_018204,77.7798852261317
STU_018205,69.39463572142319
STU_018206,71.89618833855813
STU_018207,75.1854703293229
STU_018208,75.02214093147627
STU_018209,62.25417735631254
STU_018210,85.1316481611028
STU_018211,96.57329689416707
STU_018212,74.4264752859332
STU_018213,53.91825134679531
STU_018214,78.93991643329335
STU_018215,71.96901374129914
STU_018216,76.24247993748615
STU_018217,60.541492672690055
STU_018218,74.66113598470048
STU_018219,87.25710676428494
STU_018220,81.03404219548793
STU_018221,95.11029069013276
STU_018222,86.88519035652249
STU_018223,86.33160953808314
STU_018224,84.99464086401588
STU_018225,74.27638827611432
STU_018226,80.96589587807844
STU_018227,76.51191698691134
STU_018228,77.8160811618463
STU_018229,73.77523740263445
STU_018230,87.67790589743052
STU_018231,74.62935362754153
STU_018232,59.57065143132751
STU_018233,57.581814273299045
STU_018234,93.81349600810222
STU_018235,83.68627880600823
STU_018236,99.21104584581472
STU_018237,56.46986983763321
STU_018238,74.41687860096309
STU_018239,90.64704356659382
STU_018240,56.71592234337601
STU_018241,86.54266188722931
STU_018242,73.51999458257428
STU_018243,82.41082955889647
STU_018244,93.56915435224221
STU_018245,75.45172188963161
STU_018246,76.84557139696481
STU_018247,56.36414996969154
STU_018248,73.31041263330592
STU_018249,71.3629097452831
STU_018250,69.95081838401872
STU_018251,69.38030725205304
STU_018252,95.1234444466455
STU_018253,56.27378486890031
STU_018254,87.21592769454594
STU_018255,76.37650068048445
STU_018256,91.16020754225676
STU_018257,75.93662153119645
STU_018258,86.09436124432264
STU_018259,89.73741479537861
STU_018260,86.52107146893621
STU_018261,74.0555989370509
STU_018262,57.05138276709652
STU_018263,81.49562171695791
STU_018264,82.67712186975837
STU_018265,80.51132952020761
STU_018266,85.51108623987732
STU_018267,68.46138065719346
STU_018268,80.07305618262708
STU_018269,68.14019124112203
STU_018270,69.28009207620075
STU_018271,71.5295232445166
STU_018272,48.85914464928443
STU_018273,96.25196835179314
STU_018274,67.11844364452139
STU_018275,88.68343159276853
STU_018276,85.07809420646372
STU_018277,82.85993302723674
STU_018278,79.61981850800018
STU_018279,56.764996388338034
STU_018280,85.32115426583093
STU_018281,96.65476991295867
STU_018282,67.18184362945598
STU_018283,63.93267752754507
STU_018284,66.94215654595713
STU_018285,87.74264908777096
STU_018286,64.82813027610405
STU_018287,93.90425186432844
STU_018288,67.96428781988216
STU_018289,85.74006603142152
STU_018290,63.093890444500026
STU_018291,75.51487596604198
STU_018292,82.2970481149018
STU_018293,68.16675462178833
STU_018294,82.36357022475221
STU_018295,51.589408131871586
STU_018296,85.25206896492021
STU_018297,82.58581852329058
STU_018298,97.52418127142808
STU_018299,65.37154441410652
STU_018300,82.59853548010663
STU_018301,66.37241922159309
STU_018302,69.13370331323443
STU_018303,97.1835203752427
STU_018304,63.86601689713752
STU_018305,55.79236383102194
STU_018306,66.43743232395127
STU_018307,76.3907808752737
STU_018308,84.20256690776822
STU_018309,68.48600862276577
STU_018310,90.67774479580942
STU_018311,68.60489722175586
STU_018312,76.81581666615104
STU_018313,85.14078504855956
STU_018314,68.3265259454795
STU_018315,94.09238161589877
STU_018316,73.59047312501116
STU_018317,85.2502932355099
STU_018318,60.94036746905289
STU_018319,58.08357201117002
STU_018320,88.67895228433564
STU_018321,90.83966121196549
STU_018322,77.13846672079033
STU_018323,100.0
STU_018324,58.455421283481044
STU_018325,75.3082645178737
STU_018326,70.49026763467518
STU_018327,85.8389563065079
STU_018328,72.31171459898428
STU_018329,74.78024245768925
STU_018330,50.66171945393947
STU_018331,83.33847349823654
STU_018332,88.11955186834783
STU_018333,63.57477051674062
STU_018334,85.693078362068
STU_018335,60.531309172182226
STU_018336,74.53306538961363
STU_018337,70.80502541298829
STU_018338,69.85683211591268
STU_018339,86.58025664014954
STU_018340,85.10894551404185
STU_018341,66.0588284381672
STU_018342,62.28233974261142
STU_018343,58.642549446005646
STU_018344,79.12130205346156
STU_018345,70.9923719827181
STU_018346,72.74607046796903
STU_018347,72.18502790400085
STU_018348,96.13721210021596
STU_018349,78.72896821185601
STU_018350,87.75222266114002
STU_018351,80.169483650692
STU_018352,87.83998237552042
STU_018353,82.68026394346282
STU_018354,98.34735163748209
STU_018355,71.77018669035456
STU_018356,77.07013916791142
STU_018357,67.48476854601124
STU_018358,79.06432180672377
STU_018359,97.89080545446149
STU_018360,93.03932566744079
STU_018361,50.991752549160765
STU_018362,67.0486045963993
STU_018363,48.52479213190958
STU_018364,89.03214017916767
STU_018365,87.37948644015464
STU_018366,57.06624173629464
STU_018367,78.46269781206283
STU_018368,68.75214619005868
STU_018369,79.10181991760908
STU_018370,58.48474845054588
STU_018371,84.06427324693662
STU_018372,88.6035538403909
STU_018373,62.927883766786536
STU_018374,80.0109834924934
STU_018375,66.38878419137362
STU_018376,80.24515545840296
STU_018377,84.68763505734907
STU_018378,91.59094984143033
STU_018379,51.404225483757685
STU_018380,80.59586872971121
STU_018381,73.44030276431295
STU_018382,86.80185273300157
STU_018383,90.77671456830615
STU_018384,67.75204150294596
STU_018385,94.89421952898932
STU_018386,74.23270427205358
STU_018387,81.92210941363099
STU_018388,98.28128457019032
STU_018389,63.76147554197577
STU_018390,55.98086399631141
STU_018391,81.36531645268471
STU_018392,100.0
STU_018393,76.59000191678655
STU_018394,83.84486333320213
STU_018395,75.50432281410085
STU_018396,60.81053817741454
STU_018397,68.10751673122834
STU_018398,78.27973029934365
STU_018399,98.88746516753295
STU_018400,73.9477147536502
STU_018401,79.3370881322282
STU_018402,76.39068599899775
STU_018403,88.96819871530691
STU_018404,85.9805901628028
STU_018405,83.59525755696617
STU_018406,67.03388994242785
STU_018407,95.43913341982633
STU_018408,79.42444377443732
STU_018409,59.94708427039627
STU_018410,93.75430477190059
STU_018411,70.145494673207
STU_018412,76.73550822069764
STU_018413,88.68045830269868
STU_018414,94.992091270485
STU_018415,71.63279502153347
STU_018416,80.57765997776208
STU_018417,62.59009148201068
STU_018418,97.69681651029133
STU_018419,78.62615303324846
STU_018420,88.0566524229877
STU_018421,90.95467103910585
STU_018422,90.5887741278587
STU_018423,82.63795123959429
STU_018424,50.73020982058561
STU_018425,91.59971816624632
STU_018426,71.30115705562355
STU_018427,72.63698151566695
STU_018428,76.17749277044283
STU_018429,95.64225737101663
STU_018430,63.989091374865765
STU_018431,80.39305598553207
STU_018432,92.24349614606581
STU_018433,70.51274385955779
STU_018434,78.24614401140437
STU_018435,67.64073636736069
STU_018436,77.40809225042354
STU_018437,87.40969287287218
STU_018438,64.1859731930823
STU_018439,99.22254243570501
STU_018440,79.02430322876933
STU_018441,74.8900743467914
STU_018442,77.09874436954458
STU_018443,59.497866336762456
STU_018444,66.52195634023904
STU_018445,95.53500169132309
STU_018446,78.18269254180439
STU_018447,92.11529914909944
STU_018448,70.64893460815311
STU_018449,93.46974834299358
STU_018450,69.4192939245413
STU_018451,67.7614861560875
STU_018452,56.75846652987042
STU_018453,63.46301393925275
STU_018454,49.23745127511965
STU_018455,52.54214748327705
STU_018456,77.23937067359121
STU_018457,57.282724888120754
STU_018458,72.44868908526122
STU_018459,59.8473508732048
STU_018460,70.38785640579935
STU_018461,89.67992959605904
STU_018462,56.07698434241014
STU_018463,79.82789859666882
STU_018464,60.49266247366955
STU_018465,77.58835312921342
STU_018466,65.86741656527617
STU_018467,83.0423156757945
STU_018468,70.2953743207885
STU_018469,80.19723433399366
STU_018470,88.65099152974872
STU_018471,87.13665547092296
STU_018472,60.04947167812393
STU_018473,83.20688802569079
STU_018474,89.06390169696103
STU_018475,75.48210641710453
STU_018476,76.35331097799009
STU_018477,48.642726655169795
STU_018478,98.83207919187895
STU_018479,93.90030025243416
STU_018480,88.33263609741047
STU_018481,67.64667847536909
STU_018482,65.47518846600815
STU_018483,86.93087874213839
STU_018484,83.03931126182987
STU_018485,67.31061700408384
STU_018486,68.18266102064894
STU_018487,58.5385066663673
STU_018488,73.7142706555885
STU_018489,61.26588681910413
STU_018490,71.7342044352806
STU_018491,82.50975168429082
STU_018492,75.26700157539007
STU_018493,81.5651342004938
STU_018494,79.1827494416946
STU_018495,81.58265594860038
STU_018496,66.356326776145
STU_018497,93.28712774755884
STU_018498,70.89060327498927
STU_018499,71.37241160540613
STU_018500,78.88518011626238
STU_018501,100.0
STU_018502,65.70858522626426
STU_018503,46.481031790264375
STU_018504,99.79196840637131
STU_018505,69.9803600223059
STU_018506,80.3259363544689
STU_018507,73.27056948808193
STU_018508,81.9521039464907
STU_018509,59.773222898975106
STU_018510,83.78165028256532
STU_018511,79.87235319807118
STU_018512,76.49781299232635
STU_018513,79.82323336655907
STU_018514,61.22182133720772
STU_018515,69.52524345960595
STU_018516,64.16497371848838
STU_018517,86.32925525057439
STU_018518,60.8887062265206
STU_018519,57.701904495856006
STU_018520,85.91110664063751
STU_018521,74.17200225646083
STU_018522,82.1353057810404
STU_018523,87.68730448720203
STU_018524,92.33797593959383
STU_018525,71.39415858059687
STU_018526,60.77824903238367
STU_018527,83.72376681986403
STU_018528,88.31476272891099
STU_018529,78.01357203034786
STU_018530,74.6558897841725
STU_018531,88.96821557423704
STU_018532,66.53357338353489
STU_018533,71.30862935599563
STU_018534,63.82318081266647
STU_018535,87.79420706171577
STU_018536,99.46027406169901
STU_018537,85.59256705617514
STU_018538,76.21632928594813
STU_018539,56.917005957350256
STU_018540,82.00759982313676
STU_018541,63.568472919437326
STU_018542,90.05317470433204
STU_018543,75.51211197054197
STU_018544,73.2704101988505
STU_018545,71.40690878996467
STU_018546,91.38600524187356
STU_018547,72.50937134359046
STU_018548,85.68921482306236
STU_018549,83.88328009263003
STU_018550,74.37109112404839
STU_018551,77.43416306888702
STU_018552,65.90766488347433
STU_018553,67.9136723856284
STU_018554,62.14419371216475
STU_018555,58.292171305533266
STU_018556,81.8192441796965
STU_018557,66.62505857953786
STU_018558,64.98401735012938
STU_018559,69.7910377587027
STU_018560,79.53697659243706
STU_018561,76.07443899557732
STU_018562,86.3659318315092
STU_018563,79.82527575238885
STU_018564,82.12371079177444
STU_018565,64.30452960666464
STU_018566,69.38706045834263
STU_018567,89.29355174131892
STU_018568,82.20067972339893
STU_018569,83.02018713780713
STU_018570,72.51051624818008
STU_018571,79.0618830013058
STU_018572,60.548283066015735
STU_018573,82.15907111085397
STU_018574,73.20070115016678
STU_018575,73.30543753238041
STU_018576,78.46814294974281
STU_018577,69.67433117042081
STU_018578,83.49526529519807
STU_018579,52.52946379021415
STU_018580,96.64420665926737
STU_018581,71.8327822846609
STU_018582,81.61870228745796
STU_018583,90.96468637275922
STU_018584,82.79250483833246
STU_018585,75.28417139956734
STU_018586,91.01278080600879
STU_018587,94.94695206436782
STU_018588,55.30285574039177
STU_018589,86.33831457743553
STU_018590,71.03655541768268
STU_018591,91.03799126446566
STU_018592,47.069015928854185
STU_018593,86.79271521304774
STU_018594,70.78340032650736
STU_018595,73.63297426526445
STU_018596,59.52990804739209
STU_018597,73.77704050021799
STU_018598,62.096626334957804
STU_018599,56.484821348652545
STU_018600,86.05024459214508
STU_018601,65.5892109857951
STU_018602,67.72245533091561
STU_018603,69.3189353445226
STU_018604,76.9613109430769
STU_018605,47.733855991533495
STU_018606,74.31805871793567
STU_018607,90.58539655412645
STU_018608,94.19014803707218
STU_018609,89.82983645497745
STU_018610,100.0
STU_018611,69.19686438148184
STU_018612,73.48893858543958
STU_018613,86.12551451714683
STU_018614,77.55897277381945
STU_018615,55.436701109851256
STU_018616,83.01204341292197
STU_018617,70.5578221954658
STU_018618,65.882450071483
STU_018619,71.74289839461498
STU_018620,89.87907861177207
STU_018621,60.00068301238052
STU_018622,79.59875614019406
STU_018623,65.1042772102835
STU_018624,77.90714523736371
STU_018625,84.57331757709457
STU_018626,67.03039670280391
STU_018627,70.12641177858931
STU_018628,63.53140392863537
STU_018629,73.7651360924892
STU_018630,62.31990514707227
STU_018631,92.52143441896024
STU_018632,82.3295864318069
STU_018633,70.13189733788666
STU_018634,68.73054275051344
STU_018635,68.53334645831492
STU_018636,73.5655598375409
STU_018637,71.85108230104136
STU_018638,99.67951530320408
STU_018639,90.00367354064528
STU_018640,69.92639031763842
STU_018641,60.229787518233906
STU_018642,81.06166568824224
STU_018643,66.06160876810468
STU_018644,56.34514655920834
STU_018645,95.16447912273384
STU_018646,68.40555913510579
STU_018647,95.67314924754605
STU_018648,58.07810533344875
STU_018649,59.21874030365616
STU_018650,76.07244076057898
STU_018651,68.5755124331558
STU_018652,85.71789215858075
STU_018653,76.13931947886073
STU_018654,77.11593981596614
STU_018655,65.22203381818377
STU_018656,72.2241309544855
STU_018657,89.13458677297965
STU_018658,88.3042883501823
STU_018659,82.3480216858544
STU_018660,75.67895158045663
STU_018661,58.06797153692911
STU_018662,60.69885489968226
STU_018663,73.97097973631047
STU_018664,49.49844189465156
STU_018665,69.48233232308861
STU_018666,64.29008361330516
STU_018667,57.3829414662725
STU_018668,49.05681338144405
STU_018669,74.1406992382735
STU_018670,70.48300816823162
STU_018671,61.448797001466595
STU_018672,74.57857153663998
STU_018673,62.80129977361426
STU_018674,65.96818074384993
STU_018675,79.2035922720605
STU_018676,66.02164655831338
STU_018677,69.78748307957045
STU_018678,89.66326583140514
STU_018679,89.56063495113688
STU_018680,60.104354453564255
STU_018681,83.56522988878179
STU_018682,83.22733425923562
STU_018683,79.31721509426168
STU_018684,86.2928218388617
STU_018685,73.31965090772148
STU_018686,85.59185195499511
STU_018687,72.42196624311744
STU_018688,65.07316630915626
STU_018689,85.84782506016788
STU_018690,68.90925677484645
STU_018691,68.4041609119137
STU_018692,74.61017875246165
STU_018693,68.32332618613269
STU_018694,87.65878644763748
STU_018695,78.06262334938725
STU_018696,67.36374788278106
STU_018697,80.27660721774129
STU_018698,86.40158061753309
STU_018699,68.88250187063636
STU_018700,100.0
STU_018701,69.9059884764894
STU_018702,82.55780415380073
STU_018703,64.08113670976601
STU_018704,86.51297062385093
STU_018705,70.2485178138772
STU_018706,88.67229508453218
STU_018707,63.29823039752836
STU_018708,74.32652112719062
STU_018709,93.77641367885637
STU_018710,82.82019770805348
STU_018711,63.120623147535866
STU_018712,89.76285689993259
STU_018713,72.26805562593141
STU_018714,80.33797622673785
STU_018715,99.34420842801552
STU_018716,64.96426867375345
STU_018717,74.35725809380969
STU_018718,56.26937373670606
STU_018719,80.65209341909667
STU_018720,67.70733783921396
STU_018721,89.09065784446646
STU_018722,58.613597493693305
STU_018723,59.6404927847825
STU_018724,70.52841810542651
STU_018725,82.23059244672147
STU_018726,69.2234505013142
STU_018727,88.09959778636838
STU_018728,76.02639816127825
STU_018729,91.19958194183816
STU_018730,88.5097296110599
STU_018731,68.17308473429074
STU_018732,74.12224393184827
STU_018733,93.44875894655775
STU_018734,80.3749153441711
STU_018735,77.11637251561488
STU_018736,56.47550836134514
STU_018737,73.913713925691
STU_018738,73.1910562720676
STU_018739,81.39674282251298
STU_018740,69.24014730345843
STU_018741,50.6348592810617
STU_018742,91.0917780264844
STU_018743,62.041682175878876
STU_018744,97.94497251402632
STU_018745,80.20244650600299
STU_018746,67.08673550820117
STU_018747,90.27259551435408
STU_018748,51.275166816087065
STU_018749,54.68475822570781
STU_018750,85.22101457447866
STU_018751,82.86992567586294
STU_018752,54.916031589510645
STU_018753,61.4619443952471
STU_018754,90.7637335769607
STU_018755,90.84001690191224
STU_018756,69.54306498699647
STU_018757,89.3864707477582
STU_018758,90.03504288790639
STU_018759,90.63423356760629
STU_018760,72.26978112648709
STU_018761,74.60881285994145
STU_018762,77.02223537922994
STU_018763,65.66702683886425
STU_018764,80.3861460999393
STU_018765,76.30495948233549
STU_018766,66.63632031639065
STU_018767,81.05116991028676
STU_018768,78.60221149058269
STU_018769,53.9722423954471
STU_018770,82.2073184003911
STU_018771,66.33364706804147
STU_018772,91.5630918662552
STU_018773,81.14873481963278
STU_018774,66.54253386478972
STU_018775,85.60950275053754
STU_018776,88.53683466423362
STU_018777,58.88647688134108
STU_018778,96.43081215132742
STU_018779,92.03991563077889
STU_018780,64.10187628183004
STU_018781,89.78112664688047
STU_018782,96.7158601755637
STU_018783,82.86025865937356
STU_018784,81.67924823217632
STU_018785,86.4936080792006
STU_018786,71.1384639968987
STU_018787,56.11733272638588
STU_018788,68.24323102465854
STU_018789,74.10231597958744
STU_018790,91.6258801197684
STU_018791,70.42963088269802
STU_018792,59.7474837214903
STU_018793,61.697362953821525
STU_018794,63.93569990863405
STU_018795,90.3591608968016
STU_018796,58.92349513088497
STU_018797,62.423055469256184
STU_018798,60.825868514390365
STU_018799,84.006476039859
STU_018800,81.33897182003903
STU_018801,81.0005653311114
STU_018802,71.34872430913815
STU_018803,67.00632580503459
STU_018804,57.91221452411547
STU_018805,65.79304191233479
STU_018806,85.13474829753933
STU_018807,79.0564440378646
STU_018808,65.08740844581436
STU_018809,87.70158836376004
STU_018810,80.82078211359864
STU_018811,49.768063260869916
STU_018812,83.2351375547558
STU_018813,71.36620628267688
STU_018814,50.92280819575356
STU_018815,87.3564271598296
STU_018816,66.6005290028954
STU_018817,73.25766786997848
STU_018818,86.9356025778608
STU_018819,71.38244034689944
STU_018820,93.24427085571523
STU_018821,83.23572740261206
STU_018822,75.1600784169674
STU_018823,96.38724236995776
STU_018824,66.5337184143074
STU_018825,72.32590575842313
STU_018826,69.95855540945269
STU_018827,72.81236912182939
STU_018828,66.01973501943098
STU_018829,59.47971059516277
STU_018830,86.4002228902704
STU_018831,84.93859504381366
STU_018832,85.83058600907138
STU_018833,60.765181637692706
STU_018834,56.50272371030228
STU_018835,58.615361120443794
STU_018836,76.93198216724421
STU_018837,74.3414346701301
STU_018838,61.46067965103154
STU_018839,78.79364091920642
STU_018840,84.87250198770855
STU_018841,86.74942793684596
STU_018842,81.92003889446903
STU_018843,75.42506278657862
STU_018844,67.64670749804873
STU_018845,81.4319031428721
STU_018846,98.6883319994089
STU_018847,98.33188749917775
STU_018848,82.03389457126448
STU_018849,73.16755314396693
STU_018850,76.31041940624374
STU_018851,64.39739862561501
STU_018852,55.17500094076634
STU_018853,64.01636144741333
STU_018854,63.51732542553619
STU_018855,73.60519400215283
STU_018856,66.02485252156512
STU_018857,84.47748109744813
STU_018858,81.29442612265612
STU_018859,93.32513722884062
STU_018860,69.32611393381762
STU_018861,76.21820759980181
STU_018862,88.01978577753079
STU_018863,66.31875536553729
STU_018864,63.45550640454352
STU_018865,74.75848607889777
STU_018866,72.20248875262
STU_018867,63.84556800710683
STU_018868,78.86112242131723
STU_018869,74.95807086858514
STU_018870,84.94835972419325
STU_018871,93.73627718945494
STU_018872,83.08027086202927
STU_018873,71.55789439445219
STU_018874,80.51499794125628
STU_018875,98.55942275554213
STU_018876,67.06667688862179
STU_018877,59.57354511251434
STU_018878,94.9460628224114
STU_018879,85.42075712705059
STU_018880,80.87572566894538
STU_018881,65.1117135966126
STU_018882,70.64388378151554
STU_018883,72.57934672328489
STU_018884,90.54704253454113
STU_018885,57.053775338986426
STU_018886,86.84551081979599
STU_018887,69.96441947996108
STU_018888,92.60154296623784
STU_018889,62.863021868846
STU_018890,46.171944879721714
STU_018891,78.20594366572783
STU_018892,80.25462202358995
STU_018893,84.79234400643152
STU_018894,99.30962018003066
STU_018895,82.18492390812347
STU_018896,84.82254651806925
STU_018897,71.26726288565833
STU_018898,66.7963498602199
STU_018899,71.99657104555286
STU_018900,76.25066162132325
STU_018901,83.71524842217778
STU_018902,97.09295232241402
STU_018903,87.80128053866622
STU_018904,76.64579076753142
STU_018905,64.74351412656245
STU_018906,79.86471212649748
STU_018907,74.99805434773764
STU_018908,73.35733375548054
STU_018909,76.7035470134161
STU_018910,76.61264914820848
STU_018911,58.30656389459553
STU_018912,83.3241267802155
STU_018913,66.9552553460077
STU_018914,69.70969871414196
STU_018915,79.26360144035844
STU_018916,63.675053849642126
STU_018917,82.94022275461842
STU_018918,91.03734184162988
STU_018919,82.35026780159468
STU_018920,55.98809636283962
STU_018921,73.94106722740325
STU_018922,64.30311811423647
STU_018923,98.95461062500489
STU_018924,66.54467549184317
STU_018925,76.8830346777732
STU_018926,83.71557675961581
STU_018927,77.1857600829258
STU_018928,70.67869682797738
STU_018929,72.3778341695475
STU_018930,58.4473246958552
STU_018931,60.079438073226044
STU_018932,54.581280723988286
STU_018933,73.04555699978262
STU_018934,77.9245596709205
STU_018935,69.4919029090229
STU_018936,71.61182019831482
STU_018937,84.13398567070178
STU_018938,83.10681449224671
STU_018939,68.01033699023287
STU_018940,79.92670385268374
STU_018941,86.1681009636573
STU_018942,57.739429586222656
STU_018943,77.4401155318908
STU_018944,75.45839864661488
STU_018945,75.40704977564866
STU_018946,79.52205208819109
STU_018947,67.74796636645526
STU_018948,69.0335512856073
STU_018949,73.13941823550431
STU_018950,85.35811738845631
STU_018951,68.50192217653499
STU_018952,66.61833285550368
STU_018953,70.92970190695735
STU_018954,80.69814270044009
STU_018955,72.60386006002538
STU_018956,60.945584985752944
STU_018957,71.74201361881853
STU_018958,80.3308110367125
STU_018959,79.71860269761405
STU_018960,71.6277984561946
STU_018961,67.46212804634247
STU_018962,80.68810107042138
STU_018963,93.22376516290284
STU_018964,65.37731612536864
STU_018965,84.60022063798843
STU_018966,96.93589004821541
STU_018967,95.91105561946341
STU_018968,76.21560390047298
STU_018969,76.79715253200295
STU_018970,89.03168273916074
STU_018971,57.938038457318484
STU_018972,76.53091971810021
STU_018973,86.69711048845477
STU_018974,61.15886836411835
STU_018975,75.22131326161747
STU_018976,72.31050165445205
STU_018977,87.66235444211227
STU_018978,81.53109053602311
STU_018979,62.047952318507356
STU_018980,77.56745151866551
STU_018981,55.86541002754302
STU_018982,76.3289678902858
STU_018983,75.62440905518073
STU_018984,73.66582905239554
STU_018985,81.52033916519798
STU_018986,82.58768181844941
STU_018987,81.93215877039691
STU_018988,69.83694677480054
STU_018989,84.87970242863156
STU_018990,86.95141138218244
STU_018991,63.25342217685283
STU_018992,72.86930593101957
STU_018993,74.33357788332847
STU_018994,81.6636933772995
STU_018995,91.97973767269929
STU_018996,65.86954189144325
STU_018997,69.65297304892776
STU_018998,71.79960282065332
STU_018999,91.23938604423697
STU_019000,73.31959550426772
STU_019001,62.23073436029786
STU_019002,67.73944339206126
STU_019003,86.52427007889392
STU_019004,79.0717185848255
STU_019005,92.66122568410448
STU_019006,89.93144305848881
STU_019007,100.0
STU_019008,76.16125126174501
STU_019009,100.0
STU_019010,50.545512361881435
STU_019011,84.61926999009917
STU_019012,75.00733206932362
STU_019013,62.527075346944706
STU_019014,100.0
STU_019015,52.94053437106456
STU_019016,61.762513472017886
STU_019017,93.3513297118729
STU_019018,74.21972327912295
STU_019019,73.79447429154403
STU_019020,94.66676957088094
STU_019021,40.92101458518796
STU_019022,68.02911071132685
STU_019023,90.39965351801568
STU_019024,71.30416410530958
STU_019025,93.44587047381268
STU_019026,94.80563864739369
STU_019027,78.27101347022649
STU_019028,61.79478988901133
STU_019029,59.66906784431491
STU_019030,70.48246959669265
STU_019031,82.78668720804141
STU_019032,81.62262471409832
STU_019033,76.42410695710525
STU_019034,69.23117473758434
STU_019035,83.66375204085944
STU_019036,90.72807180564547
STU_019037,86.61115560256715
STU_019038,68.34113570029527
STU_019039,73.27549593428651
STU_019040,73.77602098466376
STU_019041,78.80513297870964
STU_019042,81.7435088359261
STU_019043,89.27852742049183
STU_019044,82.64180101574945
STU_019045,71.78986381049769
STU_019046,63.73677074390179
STU_019047,51.779155045672674
STU_019048,84.353267358487
STU_019049,57.86905955500744
STU_019050,85.3287704322237
STU_019051,63.7199462448679
STU_019052,63.49109737183221
STU_019053,76.83357227442187
STU_019054,72.01682583916347
STU_019055,51.32065132138196
STU_019056,81.42284516003954
STU_019057,81.05316469175355
STU_019058,81.36519257915535
STU_019059,51.119906351690176
STU_019060,67.37156363730026
STU_019061,55.07840630963944
STU_019062,82.57578539036776
STU_019063,71.06392907272362
STU_019064,63.256772286235005
STU_019065,91.80490546747284
STU_019066,60.66426509230822
STU_019067,78.66840486689591
STU_019068,66.43570436534604
STU_019069,58.83422043605823
STU_019070,72.91562743917487
STU_019071,64.81759617521914
STU_019072,97.86390724818945
STU_019073,66.98857352738139
STU_019074,68.64016002650115
STU_019075,68.31698994018372
STU_019076,62.13748016667776
STU_019077,94.3557499976159
STU_019078,91.64291582331643
STU_019079,84.87800097158784
STU_019080,57.066936330397716
STU_019081,81.45090877389178
STU_019082,86.81001104284528
STU_019083,59.3526499863105
STU_019084,59.88576096243489
STU_019085,62.94189389672784
STU_019086,48.32905218547913
STU_019087,74.31521953187016
STU_019088,73.08650215275938
STU_019089,75.20954825745522
STU_019090,85.87480509042236
STU_019091,80.88422978203951
STU_019092,79.36612585867209
STU_019093,77.1224804425215
STU_019094,87.7395959401371
STU_019095,74.90467875320593
STU_019096,82.7197186606106
STU_019097,85.03173645215885
STU_019098,60.91353666902896
STU_019099,67.51181581497526
STU_019100,71.02364599836297
STU_019101,61.44505760465405
STU_019102,74.6917830794753
STU_019103,85.56437708291287
STU_019104,64.08049607213833
STU_019105,62.35884285976419
STU_019106,61.32475868920948
STU_019107,85.6020456045654
STU_019108,73.4942897748282
STU_019109,97.97234084746091
STU_019110,92.03990137012477
STU_019111,74.56017324306971
STU_019112,95.48383929435708
STU_019113,82.95797025560921
STU_019114,96.17433306101208
STU_019115,85.48043044784043
STU_019116,81.22065622845258
STU_019117,63.87139055163292
STU_019118,77.884233550485
STU_019119,76.00792731665574
STU_019120,64.71382656918135
STU_019121,95.78653153732006
STU_019122,81.0119215931179
STU_019123,68.42116132514843
STU_019124,91.67041421944698
STU_019125,76.26418473551968
STU_019126,74.2725206137614
STU_019127,70.75700809288408
STU_019128,89.91320961441954
STU_019129,62.69138977644896
STU_019130,56.89389540977042
STU_019131,81.37958365649371
STU_019132,87.81804091719945
STU_019133,58.355336188795164
STU_019134,70.21423607811126
STU_019135,96.70850653455787
STU_019136,90.36298844052612
STU_019137,63.62581781794211
STU_019138,87.08743784905296
STU_019139,86.6607988872445
STU_019140,81.46931705173152
STU_019141,90.26721613132298
STU_019142,82.58747291681837
STU_019143,81.34657129748265
STU_019144,76.54979007893195
STU_019145,62.887582330659505
STU_019146,93.32404305000094
STU_019147,77.25453619300865
STU_019148,95.3154035540189
STU_019149,80.42950400754387
STU_019150,76.97779123406909
STU_019151,91.53755163888063
STU_019152,47.86517819465793
STU_019153,69.6896636045753
STU_019154,89.07058707262941
STU_019155,100.0
STU_019156,77.95009538146824
STU_019157,86.25869480187924
STU_019158,53.956334452759684
STU_019159,71.33673353034605
STU_019160,64.11915350804324
STU_019161,61.99674485552475
STU_019162,63.513114218526226
STU_019163,75.52654936072783
STU_019164,72.03763740376284
STU_019165,79.7161407624059
STU_019166,92.46327701525499
STU_019167,83.7782296326144
STU_019168,86.96832288342051
STU_019169,71.89886398941051
STU_019170,90.16965461652342
STU_019171,77.05953857416516
STU_019172,87.65482535503972
STU_019173,76.71432126519983
STU_019174,57.05734584131998
STU_019175,75.26396789509607
STU_019176,77.58526392124554
STU_019177,92.202508683199
STU_019178,38.53464946871
STU_019179,76.21508734470525
STU_019180,65.83869028127994
STU_019181,92.45902209250758
STU_019182,59.28362756788076
STU_019183,89.83145084362877
STU_019184,89.76883352685199
STU_019185,95.23058844058484
STU_019186,96.43445103017969
STU_019187,73.29871010317147
STU_019188,94.90892696489453
STU_019189,87.00922280639074
STU_019190,73.54040520572104
STU_019191,62.45277244472598
STU_019192,93.2213960379906
STU_019193,68.38864397587939
STU_019194,69.10054169232399
STU_019195,81.41734132757597
STU_019196,79.91394915174507
STU_019197,92.08237034968847
STU_019198,73.63226748504161
STU_019199,100.0
STU_019200,71.09401299987836
STU_019201,83.08201934573908
STU_019202,77.53144417298665
STU_019203,53.829251898414086
STU_019204,59.4822675717637
STU_019205,80.66405035701163
STU_019206,49.12558714167786
STU_019207,68.77181532867522
STU_019208,69.79298791031323
STU_019209,70.01288715236137
STU_019210,61.708571550830655
STU_019211,65.76159024140254
STU_019212,71.38800625358346
STU_019213,68.74072928788252
STU_019214,71.514133678327
STU_019215,98.8137044817778
STU_019216,69.16172752315686
STU_019217,75.47564026497524
STU_019218,48.4313946612188
STU_019219,83.05206087359814
STU_019220,74.5843580227579
STU_019221,62.41713808662177
STU_019222,81.01198140792174
STU_019223,80.51845642330045
STU_019224,94.70997425646696
STU_019225,56.03145921066852
STU_019226,55.648774327302334
STU_019227,66.49547176677171
STU_019228,59.040915111801546
STU_019229,79.31848722392377
STU_019230,67.73360332080816
STU_019231,84.43546142505149
STU_019232,85.79935927759344
STU_019233,57.17070652263995
STU_019234,68.43318214519209
STU_019235,79.59704391112851
STU_019236,80.41011271573245
STU_019237,74.96801962868922
STU_019238,74.11095620447985
STU_019239,83.95300375300025
STU_019240,77.43343634521916
STU_019241,95.2772379182702
STU_019242,69.2845128192834
STU_019243,87.03370280433211
STU_019244,77.01492643956854
STU_019245,51.94087039797361
STU_019246,58.93195139665326
STU_019247,86.05383590201909
STU_019248,85.81227470208933
STU_019249,92.34024619734734
STU_019250,60.81642355858538
STU_019251,89.78215889613614
STU_019252,71.88220627926474
STU_019253,62.09792085765713
STU_019254,52.28254453782057
STU_019255,67.06512027752387
STU_019256,85.94839468855949
STU_019257,60.863532123075316
STU_019258,53.9759619096857
STU_019259,72.91091545287948
STU_019260,80.7396775039778
STU_019261,66.94340137282167
STU_019262,89.27674769237174
STU_019263,72.34808791808032
STU_019264,73.73978712638002
STU_019265,90.27174689059093
STU_019266,83.92031195277143
STU_019267,57.891213299349445
STU_019268,71.78782401191319
STU_019269,79.93376877221485
STU_019270,85.87995497235343
STU_019271,51.11645320670287
STU_019272,67.30351057717859
STU_019273,88.65139309097043
STU_019274,98.19338897066426
STU_019275,100.0
STU_019276,60.060048194227264
STU_019277,96.20645554633384
STU_019278,82.87942478170446
STU_019279,75.4683469019873
STU_019280,62.2509587041458
STU_019281,85.51771880839331
STU_019282,63.31482756048199
STU_019283,95.99661384170005
STU_019284,81.84747133899916
STU_019285,72.21579963923068
STU_019286,88.83550328131862
STU_019287,80.64530194427896
STU_019288,62.39657532200653
STU_019289,85.84735511209234
STU_019290,80.59948687241354
STU_019291,77.95370534443936
STU_019292,77.24541853053809
STU_019293,63.62312236042615
STU_019294,69.78666123515202
STU_019295,63.56378563521966
STU_019296,69.7227030425043
STU_019297,84.56162516376955
STU_019298,86.63834547807569
STU_019299,89.93618996549581
STU_019300,80.61426704939129
STU_019301,68.93428515743109
STU_019302,73.14597787570344
STU_019303,69.08960930468983
STU_019304,90.73145371910445
STU_019305,68.56356946106456
STU_019306,59.82122112981983
STU_019307,64.73415088463852
STU_019308,54.542876207887076
STU_019309,69.65648395516992
STU_019310,85.65882282711114
STU_019311,88.65658629018603
STU_019312,71.9946900218555
STU_019313,82.59887670971266
STU_019314,86.93764418922669
STU_019315,74.75614369223301
STU_019316,88.75298873986394
STU_019317,76.43614163184449
STU_019318,84.97006310770736
STU_019319,89.70004141416118
STU_019320,96.2816940052844
STU_019321,76.34031626955566
STU_019322,84.48440964027911
STU_019323,70.75808521137017
STU_019324,91.4086489604733
STU_019325,74.1858054916321
STU_019326,93.95806710353979
STU_019327,94.74413594775692
STU_019328,94.6092405424958
STU_019329,90.02221876541151
STU_019330,82.10917605412834
STU_019331,76.69226340379146
STU_019332,69.08532424781583
STU_019333,89.13355236106406
STU_019334,60.290769539862396
STU_019335,65.86480719889387
STU_019336,67.47803183725382
STU_019337,92.49858843584062
STU_019338,65.03467303265785
STU_019339,91.71214208211045
STU_019340,99.33635490289062
STU_019341,80.27358013285595
STU_019342,59.47388860092856
STU_019343,71.5455261858359
STU_019344,61.78474462780293
STU_019345,70.47164290342926
STU_019346,76.63563252731564
STU_019347,52.860947740751854
STU_019348,93.21280559148455
STU_019349,82.17475527444903
STU_019350,59.70747296014918
STU_019351,85.6170703172255
STU_019352,78.40894228710043
STU_019353,81.50134752831718
STU_019354,70.17985036656893
STU_019355,79.31312839301779
STU_019356,57.82808099869794
STU_019357,57.780925140839315
STU_019358,78.89618662736555
STU_019359,87.35681061077439
STU_019360,64.26550917873027
STU_019361,83.63590592414813
STU_019362,62.73056914691395
STU_019363,70.61672510844438
STU_019364,77.01429792420255
STU_019365,81.90130038814424
STU_019366,95.64244072086268
STU_019367,97.95189782096226
STU_019368,75.6830925512963
STU_019369,77.19103641631808
STU_019370,74.26384399835094
STU_019371,86.22627528614892
STU_019372,73.92902175197777
STU_019373,62.61046177200423
STU_019374,69.0260050240325
STU_019375,80.26314145290745
STU_019376,93.1664211449864
STU_019377,88.4122304268074
STU_019378,67.8188965370919
STU_019379,52.523617284453906
STU_019380,90.97746362883075
STU_019381,65.42170178515356
STU_019382,71.47536728244145
STU_019383,83.07104778726773
STU_019384,60.576966571256776
STU_019385,86.0548707239104
STU_019386,71.62348412864887
STU_019387,59.67329245942338
STU_019388,68.32130447591298
STU_019389,96.23741951137768
STU_019390,44.21592300989853
STU_019391,77.4571503427649
STU_019392,77.34112416338616
STU_019393,78.0282194760454
STU_019394,73.26888382015281
STU_019395,80.99595484406754
STU_019396,93.6366307103793
STU_019397,73.13445025293066
STU_019398,59.875723767047916
STU_019399,56.13170698808996
STU_019400,91.1552596022153
STU_019401,67.5232653954181
STU_019402,66.09698883702337
STU_019403,81.64311941497695
STU_019404,87.03402562477363
STU_019405,82.44824885565582
STU_019406,70.57303443199046
STU_019407,64.04665689205282
STU_019408,81.64458608787103
STU_019409,70.08439396275601
STU_019410,72.2836432789633
STU_019411,79.2809879373338
STU_019412,59.50071681953351
STU_019413,70.98223859711278
STU_019414,66.76507524785492
STU_019415,82.92511578291263
STU_019416,83.26828384362074
STU_019417,88.68240029774563
STU_019418,93.57697139403767
STU_019419,74.7420199103486
STU_019420,75.30779706171936
STU_019421,78.7177738525843
STU_019422,77.37073828776408
STU_019423,71.34681800664497
STU_019424,90.98880468348734
STU_019425,59.04821751321056
STU_019426,80.53960426472548
STU_019427,88.77758344202833
STU_019428,93.81513777325452
STU_019429,71.79634645694802
STU_019430,83.6717932386565
STU_019431,54.56978997531155
STU_019432,77.06325333725874
STU_019433,64.19901845536434
STU_019434,56.11326061706773
STU_019435,99.61754232452708
STU_019436,59.35340661813305
STU_019437,90.47887590666096
STU_019438,79.25654046389465
STU_019439,55.4061379232478
STU_019440,65.97458543124003
STU_019441,82.76215035205257
STU_019442,71.43218840836263
STU_019443,59.00730176028213
STU_019444,92.85941576666637
STU_019445,89.96623814414897
STU_019446,52.675123774964405
STU_019447,78.84387392951585
STU_019448,73.51893135447992
STU_019449,59.399866595359356
STU_019450,70.52351411209149
STU_019451,64.7506434183782
STU_019452,85.8661432833733
STU_019453,82.73578703339643
STU_019454,77.82303941444022
STU_019455,68.36165146560684
STU_019456,67.3475568500906
STU_019457,64.02455867654777
STU_019458,70.60255158822788
STU_019459,62.02114187510521
STU_019460,91.4534994044808
STU_019461,94.6346111221851
STU_019462,98.14706386713345
STU_019463,63.15748181254654
STU_019464,76.47311402243483
STU_019465,68.4408513141478
STU_019466,68.4520255606391
STU_019467,72.2003120543766
STU_019468,88.22429332214858
STU_019469,72.564383442093
STU_019470,88.19451243450379
STU_019471,94.95693770106459
STU_019472,87.7002924591837
STU_019473,92.22735930306521
STU_019474,63.46617566927304
STU_019475,60.11324467736398
STU_019476,96.28016421030578
STU_019477,64.40617049845048
STU_019478,71.6428725649932
STU_019479,74.65436440237181
STU_019480,89.36701356375666
STU_019481,74.34358621549096
STU_019482,74.8821287651043
STU_019483,72.09172770292592
STU_019484,82.56494334247076
STU_019485,58.274616988980455
STU_019486,39.23631872357536
STU_019487,65.60528679997358
STU_019488,93.328216416592
STU_019489,66.03496110022058
STU_019490,74.19289680857567
STU_019491,54.53421613142373
STU_019492,70.89326038087465
STU_019493,63.03955109863351
STU_019494,58.062194703741184
STU_019495,91.36692003218363
STU_019496,91.32862022462382
STU_019497,56.957044234489004
STU_019498,88.85882146110262
STU_019499,94.64947008710763
STU_019500,89.21853774976991
STU_019501,88.51684055749341
STU_019502,65.73250642630877
STU_019503,69.23513284151223
STU_019504,92.14111738272669
STU_019505,61.831975202084124
STU_019506,82.40006023548507
STU_019507,91.55017401781885
STU_019508,96.84184977647553
STU_019509,98.83455405698712
STU_019510,88.9399183503566
STU_019511,51.26125757767963
STU_019512,77.05315456729636
STU_019513,63.96144457639582
STU_019514,54.231715925680604
STU_019515,60.68024946835577
STU_019516,86.94863773827606
STU_019517,67.72683228162607
STU_019518,67.80592246175483
STU_019519,66.66007828684934
STU_019520,83.89020208718284
STU_019521,64.4610526701358
STU_019522,73.16201777974914
STU_019523,92.49021329401977
STU_019524,80.14946696382098
STU_019525,86.06934742410118
STU_019526,73.04820916936883
STU_019527,72.5679783684479
STU_019528,69.03501442408566
STU_019529,94.33142149891832
STU_019530,88.80746153165518
STU_019531,89.89749597861505
STU_019532,45.987244495897684
STU_019533,78.48300446761219
STU_019534,76.62886683078985
STU_019535,72.44454532259705
STU_019536,65.4751717050822
STU_019537,54.03888145231835
STU_019538,76.61414508235308
STU_019539,69.66623685164012
STU_019540,61.66645759413163
STU_019541,77.9792168155891
STU_019542,99.3389258746241
STU_019543,100.0
STU_019544,76.32191999959629
STU_019545,91.09452530961205
STU_019546,55.68204390539808
STU_019547,66.6715942534946
STU_019548,89.17697131298857
STU_019549,84.43595951395206
STU_019550,97.3816626018704
STU_019551,76.23213353315867
STU_019552,67.70617868767457
STU_019553,72.78369168513244
STU_019554,56.95197473540921
STU_019555,95.966017579321
STU_019556,72.05864492912725
STU_019557,97.07688569384747
STU_019558,59.573677237906125
STU_019559,85.04570928322238
STU_019560,81.84156586418041
STU_019561,45.924235286048656
STU_019562,92.39573612470389
STU_019563,75.57372385463252
STU_019564,69.71931509317427
STU_019565,61.452784894113
STU_019566,85.14861023377588
STU_019567,82.50689921548667
STU_019568,70.12019153456072
STU_019569,63.364768438905145
STU_019570,74.76139585984878
STU_019571,45.06699218793044
STU_019572,64.43399032257983
STU_019573,68.20778605259385
STU_019574,76.19811371402695
STU_019575,78.36652632493353
STU_019576,91.19641628654279
STU_019577,69.83873939329253
STU_019578,64.43355374382749
STU_019579,68.74701003874013
STU_019580,64.79291135449255
STU_019581,97.21029787505651
STU_019582,80.99825148896174
STU_019583,73.49455473801729
STU_019584,65.71065852783602
STU_019585,83.58125899454916
STU_019586,73.48966107717547
STU_019587,84.24442626203307
STU_019588,73.96196680331236
STU_019589,65.08317139145629
STU_019590,98.6209536656851
STU_019591,90.5234813882706
STU_019592,71.72316948903315
STU_019593,66.35246707796381
STU_019594,89.34402847774899
STU_019595,74.1371749766488
STU_019596,94.59380813102585
STU_019597,71.42813607315658
STU_019598,74.6804359860289
STU_019599,67.65353678886989
STU_019600,96.5662978032618
STU_019601,75.3612007981811
STU_019602,77.16671240944804
STU_019603,94.46037583547161
STU_019604,93.35259698543504
STU_019605,76.89422962397127
STU_019606,84.41196739249969
STU_019607,60.21406035656825
STU_019608,68.03847379427724
STU_019609,89.66759373519558
STU_019610,61.4814531971531
STU_019611,70.80458944852131
STU_019612,59.86830721675625
STU_019613,56.916745712997844
STU_019614,64.45613027196603
STU_019615,89.21044380110064
STU_019616,69.49414129328993
STU_019617,78.15613904049648
STU_019618,64.16174576737227
STU_019619,90.6380011860563
STU_019620,79.4542372009186
STU_019621,73.90746413927036
STU_019622,80.9780659615563
STU_019623,73.1693053272537
STU_019624,97.57029947756487
STU_019625,40.49116319829693
STU_019626,85.5844285941408
STU_019627,89.59056394581245
STU_019628,73.2461094883303
STU_019629,81.57059973598138
STU_019630,94.60734822165537
STU_019631,64.95206152226466
STU_019632,92.04723324898538
STU_019633,91.44943557181489
STU_019634,86.66602992521626
STU_019635,75.31825015392765
STU_019636,62.94502698896335
STU_019637,79.19749335807889
STU_019638,68.91156940109333
STU_019639,63.861281957947554
STU_019640,84.63265620806398
STU_019641,90.19331017619442
STU_019642,82.84092523583169
STU_019643,90.21543045919474
STU_019644,73.19083278786489
STU_019645,71.34193548839187
STU_019646,77.60361196624315
STU_019647,77.6032845655515
STU_019648,56.161167179587096
STU_019649,61.28788260644654
STU_019650,68.22384931449635
STU_019651,71.46379492858243
STU_019652,72.74852378885174
STU_019653,72.70609610864832
STU_019654,55.797363646863616
STU_019655,59.71690177396367
STU_019656,47.18822006712203
STU_019657,67.36630925688932
STU_019658,69.8240860550894
STU_019659,74.2575703772668
STU_019660,70.66348429843065
STU_019661,78.0931745479039
STU_019662,68.85382367178963
STU_019663,77.02765428624691
STU_019664,68.22999676832451
STU_019665,87.92867155785756
STU_019666,89.7896098181561
STU_019667,75.57772075127478
STU_019668,52.13509915974646
STU_019669,62.29116138530948
STU_019670,83.73840398198723
STU_019671,52.40399698365319
STU_019672,83.20877577608013
STU_019673,71.55726737482189
STU_019674,81.0155755033307
STU_019675,71.68898171089164
STU_019676,81.16863835401821
STU_019677,86.06069396638415
STU_019678,99.71546535539886
STU_019679,88.42673417018815
STU_019680,83.78538736871391
STU_019681,92.00526006254427
STU_019682,88.35086308232496
STU_019683,71.02358865719626
STU_019684,64.82099361784898
STU_019685,92.16637815201234
STU_019686,83.40707914941538
STU_019687,63.92071660671099
STU_019688,84.63986607448476
STU_019689,70.18621626101225
STU_019690,79.82621380732893
STU_019691,63.372163984687774
STU_019692,55.17370285367263
STU_019693,96.32195680498481
STU_019694,80.95600591027144
STU_019695,54.54131306004177
STU_019696,62.519795780469025
STU_019697,94.6542161575336
STU_019698,91.97940592241994
STU_019699,76.19692714560115
STU_019700,81.67126471847847
STU_019701,63.92657151477578
STU_019702,74.84183742870738
STU_019703,84.32233682033109
STU_019704,76.45177576074819
STU_019705,65.84619338047706
STU_019706,86.02525403432865
STU_019707,64.7886961611311
STU_019708,80.39075183404191
STU_019709,69.62194430784187
STU_019710,64.83495927690262
STU_019711,94.58515025774578
STU_019712,49.127740006812296
STU_019713,86.31600820982541
STU_019714,64.19313875451552
STU_019715,86.34840593052922
STU_019716,85.66417543170289
STU_019717,94.16224409492808
STU_019718,69.7935516062553
STU_019719,95.6714885548368
STU_019720,94.52441975240016
STU_019721,58.72763784822682
STU_019722,71.19531216887925
STU_019723,80.44990543633793
STU_019724,73.4296343626308
STU_019725,91.1076699696728
STU_019726,62.22950566936318
STU_019727,88.98962486503319
STU_019728,79.33479455293586
STU_019729,72.5083734653524
STU_019730,72.19259319254587
STU_019731,63.935042041530686
STU_019732,84.42840661485434
STU_019733,79.73009485117016
STU_019734,73.46241964765022
STU_019735,86.10149260294196
STU_019736,97.02799611871146
STU_019737,95.68886801610049
STU_019738,88.03402031588945
STU_019739,68.96829105736337
STU_019740,74.1181082519288
STU_019741,97.92169984198813
STU_019742,78.06407299545617
STU_019743,87.57145090113063
STU_019744,73.78829881967744
STU_019745,85.73583910000646
STU_019746,90.80951903169691
STU_019747,77.40911283011596
STU_019748,61.43978415708019
STU_019749,66.60011960803914
STU_019750,71.90493947488994
STU_019751,74.73279094596818
STU_019752,61.55796713681619
STU_019753,89.47818850765447
STU_019754,72.23542585957887
STU_019755,82.82435640519752
STU_019756,52.76822651196545
STU_019757,79.38399116587826
STU_019758,58.895503263327626
STU_019759,75.75116867021298
STU_019760,80.09533962617752
STU_019761,66.23536864052359
STU_019762,84.75338786421989
STU_019763,71.79191118991078
STU_019764,58.87739477567666
STU_019765,85.81488891079107
STU_019766,68.9355650906888
STU_019767,50.61831923165563
STU_019768,81.56315803098866
STU_019769,65.89012088828787
STU_019770,79.2837322779288
STU_019771,92.07300513746107
STU_019772,67.1334746885161
STU_019773,86.02630839390986
STU_019774,53.32485578695524
STU_019775,89.4211268243309
STU_019776,56.47280321544594
STU_019777,72.86648827973752
STU_019778,76.3142139709658
STU_019779,74.50043356428691
STU_019780,78.13131899518764
STU_019781,53.373157081282
STU_019782,75.17414683824288
STU_019783,67.12169428324424
STU_019784,77.36541399986146
STU_019785,74.82719012418504
STU_019786,50.60885166906081
STU_019787,76.47925721457635
STU_019788,73.42924768799766
STU_019789,81.32287620567318
STU_019790,63.41817469102019
STU_019791,53.00531852743248
STU_019792,78.0256438045617
STU_019793,64.76373143960727
STU_019794,85.13928628426092
STU_019795,72.59990094254717
STU_019796,87.59522121943988
STU_019797,48.481118985198435
STU_019798,87.33029840963835
STU_019799,82.50347561470436
STU_019800,57.57683828034989
STU_019801,79.50533212836498
STU_019802,88.22131497293223
STU_019803,68.36521874135684
STU_019804,77.22792591312215
STU_019805,74.34267196222044
STU_019806,61.33240181057725
STU_019807,60.85498639262039
STU_019808,70.08719185342208
STU_019809,94.45691150812473
STU_019810,70.42226642950378
STU_019811,68.56389643825202
STU_019812,87.17022138973435
STU_019813,74.75034526815799
STU_019814,86.25785029677142
STU_019815,85.91850642669779
STU_019816,78.7856335905968
STU_019817,97.74698609661775
STU_019818,70.02411447035483
STU_019819,99.42622021591879
STU_019820,63.9154836124413
STU_019821,78.4283882794482
STU_019822,63.990474258850846
STU_019823,80.42802381749154
STU_019824,95.81859663825148
STU_019825,78.30095896707692
STU_019826,83.09642175004456
STU_019827,85.64814289450058
STU_019828,85.80074092671873
STU_019829,75.9234743196381
STU_019830,90.39943895781899
STU_019831,85.67685674596513
STU_019832,90.2193475117002
STU_019833,74.47032692398147
STU_019834,73.05465911603855
STU_019835,68.74730428501984
STU_019836,86.50726782985456
STU_019837,72.5316468027459
STU_019838,75.40777649301143
STU_019839,80.29551766087071
STU_019840,64.60417992974463
STU_019841,66.01003636602542
STU_019842,68.7150391989776
STU_019843,68.59436318793342
STU_019844,74.13642854710389
STU_019845,77.7524859791562
STU_019846,94.73725196367445
STU_019847,98.48108046736368
STU_019848,67.08191753609461
STU_019849,90.16423969475319
STU_019850,75.8154321163706
STU_019851,99.6950870616194
STU_019852,65.43189337725397
STU_019853,84.53086951231009
STU_019854,81.43015201125216
STU_019855,79.08922485840127
STU_019856,71.98755713045931
STU_019857,84.96619428400908
STU_019858,99.82179642721142
STU_019859,97.39836227340476
STU_019860,87.9391881852828
STU_019861,61.77549638115684
STU_019862,70.71393580878566
STU_019863,77.36524786394247
STU_019864,78.77902548148364
STU_019865,89.52318104171376
STU_019866,87.4209797821277
STU_019867,83.60210158032916
STU_019868,77.13553593470238
STU_019869,71.99980304392454
STU_019870,73.16197336297147
STU_019871,93.89484986940172
STU_019872,100.0
STU_019873,75.89903143745467
STU_019874,56.96920267320567
STU_019875,76.4064073955197
STU_019876,96.92272021706981
STU_019877,65.46665036552713
STU_019878,62.93580476590857
STU_019879,90.02495433688976
STU_019880,54.78397431852206
STU_019881,69.29775911104107
STU_019882,86.4009763968833
STU_019883,61.829852045252174
STU_019884,70.3349371166482
STU_019885,81.43999275798913
STU_019886,72.23284202617756
STU_019887,99.90891179164493
STU_019888,61.87751100215374
STU_019889,86.9008779109316
STU_019890,81.20273624894996
STU_019891,76.76002524443818
STU_019892,69.93561669355527
STU_019893,93.58693832427706
STU_019894,62.80189829932455
STU_019895,77.24716973519912
STU_019896,83.87264422334806
STU_019897,85.1619874891326
STU_019898,73.78863736992129
STU_019899,87.02333462640775
STU_019900,80.85020996591545
STU_019901,68.3567800829322
STU_019902,76.56330779131211
STU_019903,87.86784953596506
STU_019904,69.41060848319297
STU_019905,80.73044933910707
STU_019906,65.97086752603396
STU_019907,55.975146160575285
STU_019908,52.89573582973743
STU_019909,64.29979624215198
STU_019910,94.7500426207549
STU_019911,99.5172386836505
STU_019912,69.93463205913078
STU_019913,82.94155182292849
STU_019914,61.924812306765816
STU_019915,78.74712533185952
STU_019916,65.99306204940362
STU_019917,65.20769522446703
STU_019918,91.46134689613405
STU_019919,72.6154862665261
STU_019920,94.71076107549908
STU_019921,69.34369982141828
STU_019922,94.1269782857818
STU_019923,60.41006478906174
STU_019924,98.4416504854459
STU_019925,89.30582991045283
STU_019926,71.55071344846473
STU_019927,82.06543689244289
STU_019928,82.73925802632021
STU_019929,80.76345507366415
STU_019930,67.60380032394636
STU_019931,95.68812825943357
STU_019932,83.52088346491323
STU_019933,62.93866050068634
STU_019934,91.45100372382197
STU_019935,54.820412413610754
STU_019936,89.10981682446058
STU_019937,84.17454171061195
STU_019938,70.35157794851142
STU_019939,85.28617335203809
STU_019940,83.30911482734594
STU_019941,70.48181706665463
STU_019942,69.47021850119657
STU_019943,82.40721719835841
STU_019944,95.15817091972147
STU_019945,80.19729344243225
STU_019946,83.06152932324386
STU_019947,70.53085199435169
STU_019948,85.32459245938793
STU_019949,80.11735986243332
STU_019950,71.14307567644083
STU_019951,65.09938182235814
STU_019952,54.96403736984644
STU_019953,70.36637445843049
STU_019954,77.89899670864273
STU_019955,59.70351145964802
STU_019956,63.25295533063757
STU_019957,76.4250507359578
STU_019958,77.37122432637466
STU_019959,79.16160348838933
STU_019960,69.10463949635054
STU_019961,70.3401842516428
STU_019962,77.82369310928809
STU_019963,62.71269701877097
STU_019964,71.52462426928966
STU_019965,65.55674302819958
STU_019966,86.6030262008592
STU_019967,93.29047191194607
STU_019968,74.29910344838837
STU_019969,52.311917449288075
STU_019970,94.14260804587832
STU_019971,90.99406975086396
STU_019972,75.41117945079102
STU_019973,75.52731009215213
STU_019974,90.87267142454374
STU_019975,74.93537520053795
STU_019976,74.93839408696516
STU_019977,70.06147780557087
STU_019978,59.582824021898645
STU_019979,52.89637491137172
STU_019980,62.59660226906483
STU_019981,99.44971332175054
STU_019982,80.05046795188423
STU_019983,89.77464760440068
STU_019984,95.38610356300627
STU_019985,88.22310032690122
STU_019986,89.37597175874728
STU_019987,85.41208418735658
STU_019988,69.03970364431353
STU_019989,72.90207854263818
STU_019990,79.4474653959941
STU_019991,88.19865075572379
STU_019992,80.07442102445303
STU_019993,89.4464215365615
STU_019994,51.77618357384465
STU_019995,76.40496955393489
STU_019996,63.99920461793134
STU_019997,78.232432868117
STU_019998,56.652718558578236
STU_019999,85.59724541162973
STU_020000,75.93312385382052
