student_id,career_success_score
STU_010001,55.816309335552916
STU_010002,68.0881274828892
STU_010003,74.03623463345126
STU_010004,97.50627430816428
STU_010005,77.97942607126508
STU_010006,74.2020829500754
STU_010007,77.96665959201918
STU_010008,81.18486983861365
STU_010009,71.71524436506093
STU_010010,62.34170604232328
STU_010011,92.5460275931843
STU_010012,79.9865924403877
STU_010013,82.32916095232213
STU_010014,89.77209913923687
STU_010015,50.92529080271359
STU_010016,70.82143268413962
STU_010017,63.378749165774195
STU_010018,57.623978246918
STU_010019,86.07694370139367
STU_010020,70.60497347776455
STU_010021,82.87755102250932
STU_010022,94.80777605768543
STU_010023,95.0304769063099
STU_010024,68.67523085334372
STU_010025,84.38123233274723
STU_010026,81.15888906333171
STU_010027,76.4332664037067
STU_010028,84.83379686416733
STU_010029,92.92625365404729
STU_010030,67.51619395880346
STU_010031,66.4698752248713
STU_010032,91.34464286783688
STU_010033,60.710972870075835
STU_010034,88.25449640714797
STU_010035,81.05766800385788
STU_010036,68.68450370822535
STU_010037,63.91193956857761
STU_010038,89.17057807829529
STU_010039,69.93481651672262
STU_010040,83.91586188002901
STU_010041,89.22717903875304
STU_010042,61.84395157907852
STU_010043,83.59030980420053
STU_010044,76.32886585120224
STU_010045,81.40012471402328
STU_010046,60.922998849546076
STU_010047,66.54298436780347
STU_010048,79.83579763983451
STU_010049,50.40379149198645
STU_010050,62.80582801437836
STU_010051,73.11735581381267
STU_010052,70.00734433214507
STU_010053,63.60863266405348
STU_010054,69.2536652781485
STU_010055,66.29164149547188
STU_010056,64.45357612575319
STU_010057,64.93358634284344
STU_010058,94.67252630328227
STU_010059,89.21034792849022
STU_010060,75.89492713786643
STU_010061,42.753399624997556
STU_010062,78.75952474296429
STU_010063,58.09576678217559
STU_010064,83.8482738030406
STU_010065,56.80750429324928
STU_010066,64.38743101249555
STU_010067,91.38779254698117
STU_010068,58.1608342873712
STU_010069,67.15115304183115
STU_010070,56.735383226393836
STU_010071,92.98671976130315
STU_010072,72.17549876368707
STU_010073,94.96743268487731
STU_010074,57.85601870864943
STU_010075,72.81796729456583
STU_010076,94.92282176119167
STU_010077,85.00589896408272
STU_010078,86.25698754967613
STU_010079,85.26392020986205
STU_010080,77.40198313749305
STU_010081,62.58320564007596
STU_010082,75.09067663748795
STU_010083,78.31993454650723
STU_010084,69.98470471178761
STU_010085,73.69064711976587
STU_010086,80.10439925137246
STU_010087,69.32212319388132
STU_010088,64.72125301207383
STU_010089,86.23507141531167
STU_010090,78.2359490431532
STU_010091,58.470285726259476
STU_010092,70.21754179128231
STU_010093,65.97757333406012
STU_010094,87.41550425073612
STU_010095,58.70058847427055
STU_010096,80.31550837619075
STU_010097,70.16744881949445
STU_010098,85.01028499437719
STU_010099,74.5863251053929
STU_010100,71.31880229284634
STU_010101,73.54576412953642
STU_010102,67.60456725630817
STU_010103,91.64174067666512
STU_010104,54.35603792767044
STU_010105,96.88911274338616
STU_010106,51.56271257773537
STU_010107,74.79996706408217
STU_010108,78.17834118457095
STU_010109,67.14439105630268
STU_010110,79.52642762676815
STU_010111,81.50068714585518
STU_010112,81.50558419349136
STU_010113,67.9670677602054
STU_010114,79.68851710528664
STU_010115,78.11609739401618
STU_010116,87.59177010816923
STU_010117,77.75797683159432
STU_010118,91.14005218502923
STU_010119,70.71120162778561
STU_010120,69.35323594081251
STU_010121,80.2617349008168
STU_010122,73.62768067897656
STU_010123,89.96940913177784
STU_010124,71.95306746469441
STU_010125,84.80116687395036
STU_010126,67.53899475668632
STU_010127,61.482403193077296
STU_010128,89.44049283684828
STU_010129,85.39370417285058
STU_010130,67.21782763993161
STU_010131,62.57615427931951
STU_010132,73.59835880959359
STU_010133,74.26956950488916
STU_010134,68.61117148191694
STU_010135,44.55484342916199
STU_010136,71.28886000455067
STU_010137,57.56807083083666
STU_010138,82.25049959561589
STU_010139,80.81998281307867
STU_010140,76.94933688515418
STU_010141,62.10415710876409
STU_010142,83.56496056874327
STU_010143,71.13149988346419
STU_010144,72.33875429289766
STU_010145,90.65816076225457
STU_010146,78.34226305801072
STU_010147,58.54988108618559
STU_010148,58.552328783876675
STU_010149,63.44488536926811
STU_010150,92.91160506094081
STU_010151,69.16571659312271
STU_010152,85.36820419837402
STU_010153,74.8562544004208
STU_010154,82.15216878016255
STU_010155,66.21972758225857
STU_010156,93.58362892658118
STU_010157,100.0
STU_010158,70.05260379333174
STU_010159,90.10637248916947
STU_010160,66.53640893674378
STU_010161,94.48044286448422
STU_010162,100.0
STU_010163,80.88683110190259
STU_010164,73.65943418150192
STU_010165,75.04409617576195
STU_010166,90.60739726398438
STU_010167,80.82317490178717
STU_010168,76.6826402506021
STU_010169,69.48588158221541
STU_010170,89.68466234764736
STU_010171,73.38965624763141
STU_010172,95.06953160214036
STU_010173,69.0717346237502
STU_010174,77.47354083983018
STU_010175,83.92758748182393
STU_010176,69.23400684810207
STU_010177,89.50395279023661
STU_010178,82.43794023418194
STU_010179,82.8254910068089
STU_010180,82.37239568908963
STU_010181,69.31356100468335
STU_010182,72.77376903419824
STU_010183,72.74488379193627
STU_010184,79.85420147968831
STU_010185,67.14945767429157
STU_010186,81.00560593373397
STU_010187,64.03032240310716
STU_010188,92.1634118619735
STU_010189,73.48316985223677
STU_010190,61.935168768231975
STU_010191,43.36488148792988
STU_010192,78.93218406292534
STU_010193,56.686792167627104
STU_010194,83.18522129918004
STU_010195,80.43608403185453
STU_010196,68.46848622754403
STU_010197,72.43071687069036
STU_010198,77.58343262715388
STU_010199,93.75900094553685
STU_010200,77.81720947158254
STU_010201,98.55924086242953
STU_010202,81.06430656289774
STU_010203,70.35425626918736
STU_010204,89.59573647004825
STU_010205,82.11230075671153
STU_010206,88.12641977740824
STU_010207,49.24174542099804
STU_010208,72.43307636144436
STU_010209,62.29733850087999
STU_010210,83.75945107481863
STU_010211,74.47362510910449
STU_010212,91.70161340749192
STU_010213,86.12345399413226
STU_010214,65.67235389014402
STU_010215,70.24537906116944
STU_010216,58.3913331517994
STU_010217,77.925704704749
STU_010218,58.04579335335093
STU_010219,78.73459927177245
STU_010220,72.21461534501483
STU_010221,84.6056173985645
STU_010222,61.179377361052346
STU_010223,73.23168864984488
STU_010224,98.49291089462437
STU_010225,62.125338816609585
STU_010226,87.15685615264215
STU_010227,60.108843229253964
STU_010228,92.72565237840169
STU_010229,78.1733653196075
STU_010230,64.2576516198172
STU_010231,52.98052060625365
STU_010232,95.57381831672504
STU_010233,64.23223921897494
STU_010234,80.65619870514865
STU_010235,46.7378602578807
STU_010236,89.53501110903194
STU_010237,84.4011661177653
STU_010238,74.91574767107433
STU_010239,52.740023763382325
STU_010240,71.07084743798184
STU_010241,83.4955394150546
STU_010242,80.9784361383129
STU_010243,60.62542275067196
STU_010244,87.44974967294769
STU_010245,61.72888605036361
STU_010246,46.798936092436364
STU_010247,89.89780630559618
STU_010248,78.64560673300103
STU_010249,68.89336084074787
STU_010250,94.4032307726762
STU_010251,78.23857261078543
STU_010252,100.0
STU_010253,58.862726013827285
STU_010254,96.04718668262646
STU_010255,67.8750908326432
STU_010256,61.46080738117865
STU_010257,75.45287256364907
STU_010258,81.00142127178904
STU_010259,81.68786266855813
STU_010260,61.0512047464942
STU_010261,65.56542121327811
STU_010262,56.20101827387548
STU_010263,57.10469472226636
STU_010264,100.0
STU_010265,66.80247272912226
STU_010266,79.00457331598442
STU_010267,62.37220936711948
STU_010268,82.85185856025774
STU_010269,79.61366188252428
STU_010270,89.75796103432675
STU_010271,79.13855599467632
STU_010272,64.22664146091793
STU_010273,75.31172403016717
STU_010274,57.662811400296434
STU_010275,84.98558112473461
STU_010276,66.80035842484234
STU_010277,79.70548460931458
STU_010278,88.6138411522052
STU_010279,67.61407021493724
STU_010280,69.49663509506549
STU_010281,62.57134152898017
STU_010282,64.92883140903545
STU_010283,83.32926863837223
STU_010284,66.93736063361092
STU_010285,58.72544187925996
STU_010286,73.93019731746332
STU_010287,88.71714735060574
STU_010288,60.17181045852706
STU_010289,54.73767807394704
STU_010290,84.10358078249502
STU_010291,50.29454198520882
STU_010292,81.5182299133783
STU_010293,70.99627761698943
STU_010294,63.480678712188684
STU_010295,70.57507118069812
STU_010296,85.1571686267073
STU_010297,87.51711675378736
STU_010298,91.49055080265332
STU_010299,89.64859054542592
STU_010300,62.29974261559632
STU_010301,82.13964769176074
STU_010302,85.23810770232126
STU_010303,75.08567135271366
STU_010304,62.33978038908471
STU_010305,77.4850175505079
STU_010306,68.73303410683704
STU_010307,65.90059920407725
STU_010308,79.61329697568702
STU_010309,69.46114959158994
STU_010310,58.046455821153984
STU_010311,66.66492128112387
STU_010312,75.71953228954081
STU_010313,76.177737592832
STU_010314,84.53478963035384
STU_010315,89.0658614696197
STU_010316,89.58729937713322
STU_010317,88.0831693124228
STU_010318,72.61050202197036
STU_010319,91.89891383149146
STU_010320,94.88959925074326
STU_010321,67.71344392070752
STU_010322,94.73965302242001
STU_010323,73.15610881680728
STU_010324,88.28329099668429
STU_010325,92.13175500778607
STU_010326,81.69202552668
STU_010327,73.049476467841
STU_010328,84.4747882424081
STU_010329,89.43227479726275
STU_010330,84.86168844342393
STU_010331,95.68213671009345
STU_010332,65.3723298991517
STU_010333,100.0
STU_010334,79.0719050306923
STU_010335,92.40158419706592
STU_010336,57.97906332666969
STU_010337,61.84001130282694
STU_010338,75.8554127353739
STU_010339,78.3291879243915
STU_010340,69.58659242444787
STU_010341,94.72096514725635
STU_010342,62.18709987869855
STU_010343,60.709786172615026
STU_010344,78.02983848068088
STU_010345,80.55496182748453
STU_010346,84.56843856143561
STU_010347,51.666554082339054
STU_010348,63.929290327858354
STU_010349,86.12502792824195
STU_010350,81.42745951847841
STU_010351,72.53482025184313
STU_010352,75.02593870456272
STU_010353,92.76162708807246
STU_010354,73.89823555515146
STU_010355,75.93077973975483
STU_010356,85.12044997966169
STU_010357,94.66668494096648
STU_010358,80.23178082676998
STU_010359,63.996702401846306
STU_010360,68.4353823523911
STU_010361,95.11888756897233
STU_010362,77.35830453826516
STU_010363,78.52828042925067
STU_010364,97.05009810462164
STU_010365,86.2410874410356
STU_010366,95.07412236225045
STU_010367,72.97960074299459
STU_010368,65.95166868596392
STU_010369,92.24491131880364
STU_010370,81.83320401216247
STU_010371,73.81075322431407
STU_010372,73.22092123175304
STU_010373,71.39180341089114
STU_010374,78.2834576309464
STU_010375,96.75968666327321
STU_010376,53.67925006981966
STU_010377,77.48537871189401
STU_010378,75.9213904983831
STU_010379,67.59564529172978
STU_010380,61.60462021202734
STU_010381,62.72055804660452
STU_010382,89.34814656019572
STU_010383,78.6333270077591
STU_010384,93.1185356310686
STU_010385,78.23550658026359
STU_010386,60.794833395962655
STU_010387,61.44513242544936
STU_010388,92.84081677985085
STU_010389,68.18214214998797
STU_010390,56.41600373847508
STU_010391,60.313416083016605
STU_010392,78.7697955053111
STU_010393,82.25656957148561
STU_010394,76.99700255799738
STU_010395,80.9001885125933
STU_010396,81.6708915449124
STU_010397,88.64600887175945
STU_010398,90.54469841512166
STU_010399,61.302542090079704
STU_010400,71.14854650258718
STU_010401,53.14745965053345
STU_010402,74.29704214994584
STU_010403,76.80337405158079
STU_010404,84.52543624995266
STU_010405,81.57683610245657
STU_010406,74.99231780790375
STU_010407,92.7931940134338
STU_010408,66.69986496032783
STU_010409,93.70504736419561
STU_010410,66.13137504638819
STU_010411,87.31331253467616
STU_010412,94.70128893756848
STU_010413,83.84448180339882
STU_010414,86.5553171042499
STU_010415,87.66413617647376
STU_010416,81.69411969431482
STU_010417,98.90248176843625
STU_010418,72.84493712269048
STU_010419,90.15898342815277
STU_010420,84.75306286877861
STU_010421,81.29104814605657
STU_010422,70.5066891367919
STU_010423,75.32432526218936
STU_010424,55.44729105704853
STU_010425,61.130775909290705
STU_010426,76.53111385248636
STU_010427,68.17629896981411
STU_010428,73.72897156513669
STU_010429,53.777826296642914
STU_010430,81.36083351215167
STU_010431,57.28543816229856
STU_010432,66.29444482392303
STU_010433,74.84257412714632
STU_010434,87.5081810049385
STU_010435,63.282409957919555
STU_010436,80.80158721911953
STU_010437,50.373400589001776
STU_010438,98.77691795719502
STU_010439,71.13079072750973
STU_010440,87.06895763760728
STU_010441,55.26039570345094
STU_010442,72.27619504832707
STU_010443,79.9437771163694
STU_010444,64.11224056919455
STU_010445,69.5861650804578
STU_010446,44.28365038332518
STU_010447,78.39186063701668
STU_010448,74.34203651864664
STU_010449,72.21269437927175
STU_010450,64.12612325778368
STU_010451,89.04205884570695
STU_010452,80.68867144518121
STU_010453,72.91959316319866
STU_010454,73.12098984114081
STU_010455,50.80991320764882
STU_010456,86.99258615263179
STU_010457,76.9931245008133
STU_010458,88.34985649130888
STU_010459,77.1325410800951
STU_010460,67.73996977081859
STU_010461,67.26552364087952
STU_010462,57.90909230357142
STU_010463,83.65677175117642
STU_010464,86.87681389080001
STU_010465,55.470428612985444
STU_010466,67.71834981236181
STU_010467,73.92486831108869
STU_010468,75.63282429977639
STU_010469,73.86108283446133
STU_010470,70.52757045797243
STU_010471,93.55712673436264
STU_010472,56.07803938340918
STU_010473,86.79974457455658
STU_010474,82.51772545766306
STU_010475,76.79847690751014
STU_010476,67.27885148730508
STU_010477,71.61603607296622
STU_010478,97.16206202146994
STU_010479,64.16268076649231
STU_010480,67.66541683146384
STU_010481,62.46273178746315
STU_010482,71.57470181759835
STU_010483,91.05087618693702
STU_010484,75.23491277771076
STU_010485,50.15511170606901
STU_010486,74.09797376504127
STU_010487,94.75337699869593
STU_010488,82.38598243497145
STU_010489,83.26736567735664
STU_010490,86.10412597280111
STU_010491,78.92558376907043
STU_010492,73.59284345356603
STU_010493,76.80197370192727
STU_010494,60.443954403048096
STU_010495,43.211072985289114
STU_010496,94.03414362418229
STU_010497,63.69515293852865
STU_010498,74.90316377665859
STU_010499,64.73055832667494
STU_010500,68.312842005562
STU_010501,75.33073006438563
STU_010502,66.23001793670805
STU_010503,80.64896441486053
STU_010504,67.96764081764702
STU_010505,63.09303462858141
STU_010506,81.70331055129549
STU_010507,69.29447473422479
STU_010508,62.12282191254606
STU_010509,79.53851139130104
STU_010510,46.68146113193861
STU_010511,59.71982434429715
STU_010512,70.40773174303945
STU_010513,91.56334797568238
STU_010514,75.76305206714117
STU_010515,81.96209736511058
STU_010516,79.99413706389697
STU_010517,94.75291181115853
STU_010518,53.29833966518047
STU_010519,90.37444659969978
STU_010520,89.23470020722208
STU_010521,95.68282143016619
STU_010522,77.15817567637353
STU_010523,82.92961216464809
STU_010524,87.65501024493022
STU_010525,73.41120944082066
STU_010526,56.85059831246282
STU_010527,82.07891458770747
STU_010528,84.56917686901201
STU_010529,51.60475430757448
STU_010530,78.93496669942638
STU_010531,68.52787151665497
STU_010532,59.94601270109803
STU_010533,80.64119547153776
STU_010534,82.0439559099838
STU_010535,83.3691234203119
STU_010536,75.47103818233106
STU_010537,77.10637858862401
STU_010538,75.59601281954384
STU_010539,67.2491370195435
STU_010540,52.75516043179165
STU_010541,89.20673718490026
STU_010542,100.0
STU_010543,82.42047085960094
STU_010544,72.84231562075664
STU_010545,85.33593310358592
STU_010546,71.03752182665063
STU_010547,81.0579232086123
STU_010548,100.0
STU_010549,67.18634292327829
STU_010550,81.40736431433608
STU_010551,66.26961106798571
STU_010552,95.43575635679048
STU_010553,99.7423015181628
STU_010554,88.39158010202786
STU_010555,80.03565543678397
STU_010556,63.64463391777811
STU_010557,78.79132818464507
STU_010558,77.47357955749091
STU_010559,73.03102007179437
STU_010560,78.6546440135749
STU_010561,96.31013959381626
STU_010562,59.44157467287146
STU_010563,64.84097061505823
STU_010564,62.195833704222814
STU_010565,84.76152034217787
STU_010566,67.0628544348427
STU_010567,72.27102141262391
STU_010568,78.58823867323017
STU_010569,93.35472231840009
STU_010570,59.50931194023718
STU_010571,92.71995954216683
STU_010572,74.69196393113553
STU_010573,94.88174912132462
STU_010574,76.8720416632471
STU_010575,70.2803691127743
STU_010576,53.632355625149835
STU_010577,69.25080861084584
STU_010578,69.81329587518198
STU_010579,78.2059328040174
STU_010580,60.55668008059483
STU_010581,51.668609568494624
STU_010582,73.79843080632115
STU_010583,76.4751010165177
STU_010584,93.59162566329664
STU_010585,74.58256585715377
STU_010586,97.44613691076401
STU_010587,72.75694113113653
STU_010588,76.22740951831777
STU_010589,94.69062624270478
STU_010590,90.95282046235118
STU_010591,72.70653303918084
STU_010592,94.36179442157079
STU_010593,85.54623316201581
STU_010594,53.72295464371963
STU_010595,78.79679270836388
STU_010596,74.1267671585048
STU_010597,57.24870429689932
STU_010598,90.85656570557515
STU_010599,67.54096500502453
STU_010600,70.62950506355685
STU_010601,82.65188169635125
STU_010602,73.08321914732694
STU_010603,85.2173057702191
STU_010604,72.05503583267978
STU_010605,63.343095986318666
STU_010606,89.52120403158588
STU_010607,87.00291626063594
STU_010608,70.62820273588345
STU_010609,72.71416107123846
STU_010610,75.09399697279981
STU_010611,88.60159868804682
STU_010612,56.70710236157029
STU_010613,95.22215003612602
STU_010614,100.0
STU_010615,90.37568610509274
STU_010616,89.49361705713322
STU_010617,59.98641655761331
STU_010618,81.04246592432835
STU_010619,97.71738068536857
STU_010620,66.40752885792259
STU_010621,69.86460928793228
STU_010622,60.31345864051853
STU_010623,83.19199559881653
STU_010624,64.3274427882409
STU_010625,70.9978324216838
STU_010626,89.6355996590909
STU_010627,87.00838625297227
STU_010628,63.255466557825514
STU_010629,84.40775347064677
STU_010630,78.26875638750282
STU_010631,92.65468214413944
STU_010632,67.08268153484889
STU_010633,74.86617066991963
STU_010634,74.96327837483591
STU_010635,63.788763815729894
STU_010636,85.8338986925207
STU_010637,68.12123656347394
STU_010638,70.33559991979817
STU_010639,75.87467438783356
STU_010640,60.345666385619424
STU_010641,67.38988077671195
STU_010642,95.19955977385942
STU_010643,90.19591439931878
STU_010644,79.42913943902678
STU_010645,80.75532068096646
STU_010646,94.20722491497503
STU_010647,71.60170049498488
STU_010648,73.55140330640403
STU_010649,77.46010825626392
STU_010650,84.87135124391455
STU_010651,81.80666086137227
STU_010652,68.771782513723
STU_010653,87.25571987331989
STU_010654,88.18386122073996
STU_010655,87.6143843129131
STU_010656,77.17014707959787
STU_010657,77.4481628829486
STU_010658,73.12639227865989
STU_010659,94.22880401646975
STU_010660,88.58983022435037
STU_010661,74.15289010940293
STU_010662,97.83291899450441
STU_010663,72.91966503000098
STU_010664,76.34022602345341
STU_010665,66.27264619419908
STU_010666,92.88952094245103
STU_010667,83.65497341568098
STU_010668,67.85324570997396
STU_010669,75.62817954371147
STU_010670,88.58590886927013
STU_010671,64.5394080885843
STU_010672,57.82204424074539
STU_010673,84.96204094428737
STU_010674,95.48821314309882
STU_010675,91.33234612133535
STU_010676,71.94824085075817
STU_010677,78.95409077466408
STU_010678,71.54792567590991
STU_010679,75.19133807377057
STU_010680,87.92512660814222
STU_010681,84.59491882535318
STU_010682,51.02621311529575
STU_010683,74.49775744197198
STU_010684,78.90759778420805
STU_010685,85.93609708221685
STU_010686,80.13387223443785
STU_010687,64.64038805212661
STU_010688,95.3103992523976
STU_010689,88.27099910768116
STU_010690,96.72782211263716
STU_010691,76.54318360538109
STU_010692,89.8685037450169
STU_010693,69.90525395871919
STU_010694,69.71702695745984
STU_010695,62.550807636683096
STU_010696,54.73283706016401
STU_010697,76.44419602220488
STU_010698,90.90422627621442
STU_010699,80.77019480130514
STU_010700,87.88185969020654
STU_010701,81.16235001931005
STU_010702,70.60270550588153
STU_010703,92.26380577426175
STU_010704,98.54591057088564
STU_010705,79.73741827528745
STU_010706,91.32700523810294
STU_010707,78.43706009842697
STU_010708,79.70258086122814
STU_010709,67.07402248118913
STU_010710,57.46253018235447
STU_010711,98.04118941602738
STU_010712,54.210555517799676
STU_010713,92.00006203522071
STU_010714,63.90813286563786
STU_010715,79.72411876847237
STU_010716,55.90346088352109
STU_010717,84.75136320362034
STU_010718,80.4723034709449
STU_010719,82.11975655264729
STU_010720,51.522587448748084
STU_010721,70.57876763459053
STU_010722,98.57601022771519
STU_010723,73.92668343168373
STU_010724,79.82610312759321
STU_010725,65.554645068554
STU_010726,68.0032451331197
STU_010727,46.88633518573515
STU_010728,72.28783487001772
STU_010729,92.90507962829356
STU_010730,95.09390262491239
STU_010731,67.59223076440574
STU_010732,70.23795186693278
STU_010733,94.86542467554384
STU_010734,84.95908496629184
STU_010735,69.1024430311578
STU_010736,66.75578388172688
STU_010737,64.4783825740027
STU_010738,70.77033265778746
STU_010739,72.62121963191389
STU_010740,70.62099550159998
STU_010741,76.26267938181391
STU_010742,68.25448265982835
STU_010743,95.78439798362946
STU_010744,75.0060314574356
STU_010745,65.62767541538012
STU_010746,71.32420180091741
STU_010747,87.93021402977081
STU_010748,76.77170679343993
STU_010749,83.90860336138041
STU_010750,79.52319584184453
STU_010751,74.00678012198739
STU_010752,71.67199730564836
STU_010753,79.4054856553143
STU_010754,85.79546215347042
STU_010755,63.859580905955546
STU_010756,90.50151359139629
STU_010757,57.99167246004228
STU_010758,84.4331191312513
STU_010759,92.18850279441912
STU_010760,82.09099347383226
STU_010761,74.66144429498377
STU_010762,74.29765520610088
STU_010763,63.448464326077236
STU_010764,53.548940310902
STU_010765,83.05934952529498
STU_010766,64.89384019064386
STU_010767,71.64470328207354
STU_010768,52.1146501157512
STU_010769,87.26641713655903
STU_010770,69.6495512281245
STU_010771,46.799918140565005
STU_010772,69.83533264401115
STU_010773,85.28496285868376
STU_010774,87.18875436435707
STU_010775,93.50332968925436
STU_010776,48.661992207601216
STU_010777,79.93516838947093
STU_010778,56.81726118024941
STU_010779,62.8379129771623
STU_010780,76.73769683227474
STU_010781,81.23083029716037
STU_010782,82.91333777822831
STU_010783,51.64216446254754
STU_010784,71.79645294959414
STU_010785,82.92116122230448
STU_010786,79.59388055924691
STU_010787,72.66899137759401
STU_010788,67.71109733908422
STU_010789,98.03304884608481
STU_010790,62.616902785856894
STU_010791,59.95374799404044
STU_010792,92.50525588638689
STU_010793,87.11651564717171
STU_010794,58.63022607080694
STU_010795,77.1246678868717
STU_010796,80.29069791145008
STU_010797,57.42128783879997
STU_010798,62.88168605585979
STU_010799,86.03821061411645
STU_010800,63.615574389021944
STU_010801,68.52257566034613
STU_010802,85.56704297578122
STU_010803,77.10592440563761
STU_010804,59.539808502604515
STU_010805,74.26984646085508
STU_010806,84.73726584450344
STU_010807,95.81098486770784
STU_010808,67.99261775946063
STU_010809,98.67792206227642
STU_010810,85.74699149906652
STU_010811,75.9568052908272
STU_010812,82.3863962600965
STU_010813,96.95398520908122
STU_010814,71.85095651563829
STU_010815,86.40421159999514
STU_010816,99.31604619844998
STU_010817,86.47593981323452
STU_010818,82.24933715556057
STU_010819,84.33134659892298
STU_010820,96.5264170442666
STU_010821,96.86408512433681
STU_010822,64.0839495270058
STU_010823,95.24342199678037
STU_010824,86.76368494588189
STU_010825,90.27658242925406
STU_010826,83.13837963270214
STU_010827,58.192517243321134
STU_010828,70.69497949711496
STU_010829,68.91598682538279
STU_010830,76.52862636161814
STU_010831,93.11378757128432
STU_010832,94.82657748738549
STU_010833,84.6121985192326
STU_010834,70.24026332684855
STU_010835,80.51023628757763
STU_010836,86.07747115806853
STU_010837,73.55695936030978
STU_010838,90.58529035945645
STU_010839,68.29749687356372
STU_010840,81.68903530778584
STU_010841,87.99858610560074
STU_010842,90.94875195765853
STU_010843,73.37396955265226
STU_010844,57.68822791982679
STU_010845,89.73806278834634
STU_010846,79.87507834950515
STU_010847,100.0
STU_010848,77.96822370802998
STU_010849,77.20005389820136
STU_010850,62.215542909893536
STU_010851,93.46057104301292
STU_010852,68.99129288056137
STU_010853,88.63494824376255
STU_010854,87.51734255307738
STU_010855,71.58551197594602
STU_010856,58.62557177661525
STU_010857,66.08246012248799
STU_010858,54.630784084406535
STU_010859,65.74919612279483
STU_010860,95.96090565991173
STU_010861,77.4705764373534
STU_010862,67.21117935029106
STU_010863,76.64058890938578
STU_010864,87.40712456109577
STU_010865,75.33109869006307
STU_010866,89.81411010863789
STU_010867,55.245903208938856
STU_010868,65.99577445837768
STU_010869,79.66487322937024
STU_010870,65.37384319397125
STU_010871,88.73330913380218
STU_010872,88.09673204487817
STU_010873,50.84943206500567
STU_010874,66.83225393869193
STU_010875,85.78906448137539
STU_010876,72.08392571317911
STU_010877,75.13150578686363
STU_010878,75.6680931786905
STU_010879,66.44943908951
STU_010880,85.34904936486421
STU_010881,95.59567096874251
STU_010882,79.71752521080137
STU_010883,82.99284261382455
STU_010884,61.300220053679524
STU_010885,68.7287922679401
STU_010886,96.99519417922399
STU_010887,58.56030444960799
STU_010888,88.68990755994304
STU_010889,93.74800110929645
STU_010890,78.59635163582247
STU_010891,94.89821588272105
STU_010892,82.74507599964979
STU_010893,73.22730013261265
STU_010894,85.30621881817268
STU_010895,70.06825012039005
STU_010896,74.67173591375762
STU_010897,68.66962106699765
STU_010898,86.05300220569407
STU_010899,62.95553014331746
STU_010900,68.09149122730733
STU_010901,64.50559637422586
STU_010902,90.03049719870445
STU_010903,56.64066779463357
STU_010904,72.65002000234983
STU_010905,66.0057147264634
STU_010906,56.7367621272317
STU_010907,95.25274590569165
STU_010908,89.72858478701667
STU_010909,86.42798921972658
STU_010910,84.41533464476478
STU_010911,78.61546667914536
STU_010912,91.69379551002338
STU_010913,78.73221565497704
STU_010914,89.09135404252194
STU_010915,76.34788970403486
STU_010916,66.83074564433724
STU_010917,78.43251588717521
STU_010918,80.70279562928265
STU_010919,88.58927471184934
STU_010920,71.53086870658106
STU_010921,80.23176233043569
STU_010922,79.01262065406155
STU_010923,90.80749585380579
STU_010924,92.14981405584604
STU_010925,68.49229292128481
STU_010926,92.0185135029148
STU_010927,63.69621511370582
STU_010928,77.71024253464357
STU_010929,71.10401573095926
STU_010930,91.65397537453552
STU_010931,73.95972471073406
STU_010932,84.40811957324192
STU_010933,79.13814072243693
STU_010934,89.84934414898612
STU_010935,71.00748451550817
STU_010936,68.11551591384071
STU_010937,74.27951627345116
STU_010938,60.22757152157975
STU_010939,81.66997543411031
STU_010940,53.78839470319596
STU_010941,92.00297697433089
STU_010942,81.97405907297184
STU_010943,57.6930518873167
STU_010944,61.66635481218306
STU_010945,73.8233696316735
STU_010946,78.13908609193439
STU_010947,75.35101672830979
STU_010948,85.22318580957092
STU_010949,93.59411333877438
STU_010950,66.41702205219329
STU_010951,75.45034505951956
STU_010952,62.7155457909026
STU_010953,88.82916974821711
STU_010954,54.35369225828808
STU_010955,62.80595894728732
STU_010956,95.276443861068
STU_010957,86.06690480165295
STU_010958,69.99626130269968
STU_010959,88.79306846103475
STU_010960,84.83363011029383
STU_010961,75.74404756276228
STU_010962,89.40561878248788
STU_010963,69.12483481943916
STU_010964,78.93724996846677
STU_010965,64.78469911468831
STU_010966,60.04719471558305
STU_010967,72.23217324934876
STU_010968,68.84031568426127
STU_010969,60.82198464850585
STU_010970,81.29620222507941
STU_010971,74.80000611335348
STU_010972,72.27076324024281
STU_010973,73.66315230823908
STU_010974,62.737253895443374
STU_010975,81.61735995947436
STU_010976,82.33225355673422
STU_010977,86.65567206316027
STU_010978,94.77617135326986
STU_010979,75.83132131357252
STU_010980,79.9674402095675
STU_010981,87.49932811234004
STU_010982,71.2953311699118
STU_010983,72.29836655481273
STU_010984,75.5263942146991
STU_010985,54.75073663834753
STU_010986,93.79727168369462
STU_010987,91.19518373833247
STU_010988,68.84656846166715
STU_010989,86.12540385242733
STU_010990,82.69319682828083
STU_010991,63.07460504838938
STU_010992,78.03781118816255
STU_010993,73.07097479437886
STU_010994,78.45297356810076
STU_010995,99.3525272347872
STU_010996,56.62622476413757
STU_010997,68.01928930563558
STU_010998,69.22678429518062
STU_010999,68.22939841351246
STU_011000,77.75556120227775
STU_011001,60.34449521266936
STU_011002,80.18579988088267
STU_011003,59.8243682640943
STU_011004,80.66361961345119
STU_011005,72.70811022230477
STU_011006,84.57634140629716
STU_011007,66.58306227407982
STU_011008,79.21305300228141
STU_011009,94.12148665906389
STU_011010,97.25651421359771
STU_011011,68.41768410905735
STU_011012,82.11685598834936
STU_011013,55.20614097346747
STU_011014,61.05408145135026
STU_011015,93.06638268350142
STU_011016,65.39344433806993
STU_011017,75.29586985516885
STU_011018,88.67458192380627
STU_011019,64.85218537728043
STU_011020,90.62303364887691
STU_011021,68.11408768727581
STU_011022,84.37839518467773
STU_011023,70.84165792129035
STU_011024,81.57513406969362
STU_011025,68.04219360951161
STU_011026,77.36666511652686
STU_011027,76.91799427155117
STU_011028,90.62514714769844
STU_011029,84.16632482267104
STU_011030,63.11016738533706
STU_011031,63.09282384326114
STU_011032,64.0500196975603
STU_011033,59.31233702985712
STU_011034,73.95752321473746
STU_011035,83.61902078108105
STU_011036,97.01428005952373
STU_011037,94.25726625665177
STU_011038,82.0750402824948
STU_011039,58.36570273806841
STU_011040,78.65241046686081
STU_011041,57.652550236546894
STU_011042,63.590743464910744
STU_011043,67.70604108902674
STU_011044,60.88926952462835
STU_011045,95.13752741370065
STU_011046,80.44854352200738
STU_011047,82.9888223048319
STU_011048,62.77922167520129
STU_011049,84.96000300237515
STU_011050,78.69441635434166
STU_011051,86.39520221935261
STU_011052,97.96704222579999
STU_011053,55.24790812772858
STU_011054,70.56476960237569
STU_011055,65.86041747457902
STU_011056,59.953852681106866
STU_011057,86.84391202299835
STU_011058,100.0
STU_011059,100.0
STU_011060,70.59305687219336
STU_011061,65.9258420000932
STU_011062,61.555968128796195
STU_011063,82.13525086782107
STU_011064,71.04891812615885
STU_011065,73.80189484181241
STU_011066,72.14321292250816
STU_011067,86.72544590405198
STU_011068,96.44104924442456
STU_011069,94.36808754306716
STU_011070,70.55124388459626
STU_011071,91.42737625143019
STU_011072,93.50229281691927
STU_011073,78.10315094653751
STU_011074,88.40186864826461
STU_011075,74.24509091012503
STU_011076,94.79212908430668
STU_011077,74.94742935807987
STU_011078,71.8719196290636
STU_011079,66.47362360236787
STU_011080,60.29439120687474
STU_011081,88.26541476990808
STU_011082,53.656852268912964
STU_011083,94.2405366847539
STU_011084,77.95277892895562
STU_011085,91.93174933496712
STU_011086,64.32644296870389
STU_011087,70.8512100157997
STU_011088,76.59689967739997
STU_011089,87.10231264207229
STU_011090,86.3853276889099
STU_011091,80.14296142841509
STU_011092,64.67613495076638
STU_011093,80.36055872821383
STU_011094,59.87017686291812
STU_011095,82.44081434951742
STU_011096,67.2582614616277
STU_011097,89.6451665007159
STU_011098,89.79769679118353
STU_011099,86.96373827293635
STU_011100,63.29755871044745
STU_011101,64.55615681217736
STU_011102,78.3934914461111
STU_011103,68.16710786669071
STU_011104,94.27318572017487
STU_011105,73.9110860476523
STU_011106,82.16094884612947
STU_011107,58.52014209375321
STU_011108,81.29510607975773
STU_011109,89.96157731595329
STU_011110,96.76744054721217
STU_011111,73.97480647102086
STU_011112,80.17790714726988
STU_011113,85.12980411116871
STU_011114,86.39361324354265
STU_011115,88.48135530512727
STU_011116,80.44985931072836
STU_011117,70.43306883503051
STU_011118,72.73233226233049
STU_011119,79.34289424675084
STU_011120,78.4228325045708
STU_011121,73.09030227106295
STU_011122,63.361945907649186
STU_011123,94.78017065831978
STU_011124,64.55069506455045
STU_011125,97.7082298337487
STU_011126,82.71556289786231
STU_011127,75.9175962239066
STU_011128,70.26374143289951
STU_011129,87.83652811207548
STU_011130,64.22876927124324
STU_011131,83.74782651053113
STU_011132,71.85537937070787
STU_011133,81.88076539730208
STU_011134,53.533828345885816
STU_011135,53.196287402176125
STU_011136,88.16251863217748
STU_011137,77.59529351756835
STU_011138,100.0
STU_011139,73.34510933816662
STU_011140,84.32544333717024
STU_011141,51.827052088477856
STU_011142,88.44752151635313
STU_011143,81.0214083412337
STU_011144,66.25294256423956
STU_011145,62.4913973518739
STU_011146,66.89554657120935
STU_011147,93.47457940201201
STU_011148,89.28747032611264
STU_011149,85.03267622500337
STU_011150,85.26166855198474
STU_011151,93.6629849227394
STU_011152,61.22229045422363
STU_011153,72.84558712826477
STU_011154,76.11144392796676
STU_011155,71.46982943034185
STU_011156,76.70124504274752
STU_011157,58.660495662074084
STU_011158,70.63732409158307
STU_011159,69.55500046045496
STU_011160,57.64626633188284
STU_011161,87.49747394884508
STU_011162,71.13240038418984
STU_011163,72.57463647713236
STU_011164,87.00904583782561
STU_011165,76.43479326274534
STU_011166,76.8237848842123
STU_011167,65.1389400945908
STU_011168,82.30386917285111
STU_011169,88.86648013139902
STU_011170,64.10516380201486
STU_011171,75.90282199988677
STU_011172,95.84578578769555
STU_011173,94.6619068626018
STU_011174,73.7680620662679
STU_011175,65.97401989485947
STU_011176,79.53256284269182
STU_011177,72.75105210662028
STU_011178,87.96855645613698
STU_011179,85.44104011452346
STU_011180,72.15663234531455
STU_011181,79.28683478536357
STU_011182,95.2451938786661
STU_011183,54.56990723328043
STU_011184,76.12775039741038
STU_011185,80.87757304213618
STU_011186,49.27253492551843
STU_011187,85.04695560554178
STU_011188,75.43387978708893
STU_011189,46.5276860707816
STU_011190,84.26943566755342
STU_011191,94.29534924136763
STU_011192,79.06149720443634
STU_011193,74.47595657808839
STU_011194,89.86250769932691
STU_011195,80.897661899466
STU_011196,84.47942011003596
STU_011197,98.03212704679945
STU_011198,82.32671811643522
STU_011199,91.3953486157964
STU_011200,76.66221388027581
STU_011201,48.52057132698092
STU_011202,62.40571496715374
STU_011203,78.66392021167724
STU_011204,84.11066346587239
STU_011205,89.26112577748853
STU_011206,83.22040747304894
STU_011207,57.97643958565338
STU_011208,74.79627199540903
STU_011209,78.20101637423815
STU_011210,71.97165913558327
STU_011211,80.59900446480529
STU_011212,72.88594414515279
STU_011213,84.35605724342021
STU_011214,59.94142920318817
STU_011215,92.46734223908578
STU_011216,61.993048603655595
STU_011217,98.61280367652446
STU_011218,66.98477991906228
STU_011219,86.95900272114545
STU_011220,66.17704206513635
STU_011221,83.39763632689747
STU_011222,86.76181175093241
STU_011223,68.50494145523253
STU_011224,99.04552462161867
STU_011225,53.052163829684574
STU_011226,81.53985417591224
STU_011227,59.84238828197731
STU_011228,93.89328585761983
STU_011229,79.8992019848849
STU_011230,80.32817375844374
STU_011231,93.7925213115724
STU_011232,87.0877840647662
STU_011233,76.54827825402978
STU_011234,80.5367407561431
STU_011235,91.36286237093915
STU_011236,67.91398010021528
STU_011237,62.81542798796681
STU_011238,65.70617229234311
STU_011239,82.68488247888186
STU_011240,84.39729916995631
STU_011241,95.5142900471538
STU_011242,65.42626957327319
STU_011243,67.38267146626703
STU_011244,53.29426901232091
STU_011245,74.91585277427782
STU_011246,79.76388734855277
STU_011247,85.19425856454127
STU_011248,74.21791855520001
STU_011249,74.44991912621629
STU_011250,72.92549858248998
STU_011251,73.95254608792241
STU_011252,75.87145853568161
STU_011253,78.71132863951061
STU_011254,97.44153238621116
STU_011255,84.38269052439315
STU_011256,76.59110778718302
STU_011257,51.266226041113484
STU_011258,78.65819396571045
STU_011259,74.33415010171505
STU_011260,100.0
STU_011261,65.74383031384015
STU_011262,84.74914465188311
STU_011263,59.28652522815718
STU_011264,51.00356543449931
STU_011265,80.12449889357924
STU_011266,81.53462025030063
STU_011267,90.66007822481282
STU_011268,64.01641322651989
STU_011269,87.73045629524762
STU_011270,76.43191655908689
STU_011271,81.43848904644565
STU_011272,88.4329577971721
STU_011273,75.55688928594257
STU_011274,84.01570368629203
STU_011275,72.36821258295595
STU_011276,83.69566892974271
STU_011277,75.9697084819428
STU_011278,70.41155061696696
STU_011279,97.60804208257184
STU_011280,74.37659983698457
STU_011281,69.46632279785706
STU_011282,90.90169144567426
STU_011283,77.09008709594383
STU_011284,59.75119878992274
STU_011285,90.22499890135336
STU_011286,79.70045827623177
STU_011287,74.78182896805887
STU_011288,72.30575015982959
STU_011289,64.9511549401128
STU_011290,70.27554952014721
STU_011291,80.13394374656109
STU_011292,44.509579302723154
STU_011293,90.34589503781945
STU_011294,71.29989549674389
STU_011295,79.54598772839196
STU_011296,96.51841336477911
STU_011297,75.10507355909867
STU_011298,57.71657484363219
STU_011299,83.63932671953597
STU_011300,88.26965477531688
STU_011301,100.0
STU_011302,70.43037892643682
STU_011303,83.41928559643432
STU_011304,84.36891095591386
STU_011305,69.29376240841736
STU_011306,77.46362988951483
STU_011307,62.175029197584976
STU_011308,54.61585190715692
STU_011309,82.22506492474048
STU_011310,53.478573699320066
STU_011311,82.96714763329075
STU_011312,69.1314908115855
STU_011313,89.0371727156437
STU_011314,62.801969585260665
STU_011315,81.33514000196344
STU_011316,61.705491515394975
STU_011317,78.42889983666501
STU_011318,61.407879154796674
STU_011319,88.21759352355706
STU_011320,59.419625341434525
STU_011321,84.9534346122498
STU_011322,59.683434845353794
STU_011323,51.99784420133613
STU_011324,62.269820007230564
STU_011325,59.199035740722465
STU_011326,79.38147619311603
STU_011327,81.62710563070002
STU_011328,90.06063255346653
STU_011329,60.943377189334605
STU_011330,52.71622416105781
STU_011331,61.50332513784446
STU_011332,86.82174348330749
STU_011333,69.49285989533591
STU_011334,88.82320976718356
STU_011335,68.10667177231684
STU_011336,63.58639518825722
STU_011337,80.7142930622841
STU_011338,89.99661990770863
STU_011339,71.34596832627668
STU_011340,73.2709977676146
STU_011341,96.48107478849018
STU_011342,82.78625148858156
STU_011343,85.51855885765099
STU_011344,47.11057453120025
STU_011345,70.51756754309655
STU_011346,74.50866575419626
STU_011347,98.6450823188919
STU_011348,80.65245109084553
STU_011349,100.0
STU_011350,65.0899586481621
STU_011351,74.42834821776943
STU_011352,83.48520334836682
STU_011353,70.63538565090232
STU_011354,92.87462329506823
STU_011355,69.41888623783002
STU_011356,81.14974780052466
STU_011357,69.03745664055896
STU_011358,93.31962556864696
STU_011359,100.0
STU_011360,100.0
STU_011361,65.9205905014572
STU_011362,79.4026090363825
STU_011363,99.34635921552541
STU_011364,87.61801943174987
STU_011365,65.09170449890965
STU_011366,86.68829038153596
STU_011367,74.76116156791453
STU_011368,87.01140606250877
STU_011369,71.77108618670319
STU_011370,82.74110591164555
STU_011371,71.9543490284248
STU_011372,90.16473201102377
STU_011373,64.70246749166598
STU_011374,75.90440198447051
STU_011375,87.8962094614909
STU_011376,51.84887360674283
STU_011377,100.0
STU_011378,87.42213775724585
STU_011379,81.43532309156356
STU_011380,74.99695027194686
STU_011381,61.52797105019353
STU_011382,80.48319187648241
STU_011383,92.97869070265756
STU_011384,69.6969379616913
STU_011385,81.94094633864967
STU_011386,75.13657556865743
STU_011387,55.21647252867272
STU_011388,64.94829185372465
STU_011389,59.35603465245584
STU_011390,84.88208221506385
STU_011391,53.16508926509714
STU_011392,72.3435051707425
STU_011393,72.42766081579892
STU_011394,82.66635151122063
STU_011395,84.31507330786255
STU_011396,88.92943677194057
STU_011397,68.68034293845952
STU_011398,100.0
STU_011399,71.58918096191559
STU_011400,74.62047960249598
STU_011401,71.05210517340947
STU_011402,76.52385435648337
STU_011403,79.19421958939034
STU_011404,99.9638653014415
STU_011405,80.88895772716315
STU_011406,87.10868115543482
STU_011407,91.9923846198418
STU_011408,79.63597640746899
STU_011409,84.07503590718552
STU_011410,73.7368194073193
STU_011411,92.11201514132547
STU_011412,76.409552104421
STU_011413,65.20635947086434
STU_011414,90.47116581398066
STU_011415,79.64478417971006
STU_011416,93.2751280105239
STU_011417,79.30011260236874
STU_011418,63.2615869526891
STU_011419,73.78967490904971
STU_011420,90.10515431556658
STU_011421,87.38617673132416
STU_011422,74.45572591698463
STU_011423,67.5408087961204
STU_011424,72.83271461897108
STU_011425,70.62792911325455
STU_011426,97.91969211670964
STU_011427,67.36471996923933
STU_011428,91.07033256779565
STU_011429,76.42203242907678
STU_011430,76.34613912333373
STU_011431,79.7631278109412
STU_011432,65.84160035958654
STU_011433,92.42494006434308
STU_011434,92.85268774629685
STU_011435,73.6697120470743
STU_011436,90.29622774018476
STU_011437,64.23723466446009
STU_011438,63.7108354831403
STU_011439,75.11721065096891
STU_011440,66.53035327810827
STU_011441,79.12272160441873
STU_011442,78.842241188467
STU_011443,69.46040248521386
STU_011444,77.46764483085447
STU_011445,71.70228826867617
STU_011446,56.366493419147886
STU_011447,93.6142704553084
STU_011448,62.39699694756132
STU_011449,74.26851591499099
STU_011450,80.45635287265716
STU_011451,78.52503928980019
STU_011452,69.36095234436488
STU_011453,68.92756955495526
STU_011454,67.04344037313382
STU_011455,54.09977250741308
STU_011456,92.03838623935732
STU_011457,68.69395786900934
STU_011458,97.80460100035174
STU_011459,74.19908164505948
STU_011460,86.4693966300349
STU_011461,80.91358639724452
STU_011462,82.23516560950534
STU_011463,82.1580759055685
STU_011464,74.50880714409999
STU_011465,71.61531604517627
STU_011466,79.80700316528865
STU_011467,79.7662073710396
STU_011468,65.55358296047959
STU_011469,72.71512724936034
STU_011470,93.69106489444019
STU_011471,64.27429435665034
STU_011472,72.01602466903297
STU_011473,77.49913833403085
STU_011474,90.17543885474015
STU_011475,88.80551840027138
STU_011476,93.31690039733407
STU_011477,99.09987061730237
STU_011478,52.69193281960233
STU_011479,64.79939766051726
STU_011480,96.3366985697906
STU_011481,70.93674510294093
STU_011482,59.00373635653306
STU_011483,94.35932284338466
STU_011484,76.64879127057091
STU_011485,78.93125980117894
STU_011486,59.31590895153938
STU_011487,83.98003691419862
STU_011488,78.81487601840678
STU_011489,68.75697004369077
STU_011490,78.69675614005604
STU_011491,59.637180198886554
STU_011492,79.37026319929586
STU_011493,95.05518904213214
STU_011494,83.2729617741752
STU_011495,81.4764489827044
STU_011496,89.81001937708986
STU_011497,77.35600814018495
STU_011498,79.34837600308782
STU_011499,82.60286060312907
STU_011500,75.60609412368261
STU_011501,62.705419374848184
STU_011502,51.14934288747541
STU_011503,90.31339744162618
STU_011504,60.453379480051716
STU_011505,70.51522995908786
STU_011506,57.69151000530537
STU_011507,70.06149471680834
STU_011508,80.98165502147368
STU_011509,68.67219606125313
STU_011510,80.74499829659682
STU_011511,94.16620778377725
STU_011512,53.77065817938443
STU_011513,79.10643357527825
STU_011514,78.00279488842361
STU_011515,68.03213965024503
STU_011516,82.98538790998745
STU_011517,84.82862243185808
STU_011518,95.2398481438406
STU_011519,63.226998214175026
STU_011520,48.23469029084656
STU_011521,51.42669112918898
STU_011522,100.0
STU_011523,76.57962069094094
STU_011524,86.70459146889853
STU_011525,99.96525423216535
STU_011526,84.62415632665287
STU_011527,91.65181983805445
STU_011528,87.99791887336309
STU_011529,82.40746731073929
STU_011530,66.76791506139931
STU_011531,79.74580964852524
STU_011532,77.35724543257349
STU_011533,80.08093760796308
STU_011534,76.7532502342047
STU_011535,68.83038834085627
STU_011536,58.30333322631148
STU_011537,53.12094292563431
STU_011538,74.68259226963289
STU_011539,73.17009955046618
STU_011540,80.23070374655234
STU_011541,80.91206901218843
STU_011542,65.80953670938322
STU_011543,78.31177401327778
STU_011544,83.94346164004033
STU_011545,91.81439647914786
STU_011546,60.98082578482253
STU_011547,92.55087310561218
STU_011548,80.27228327371344
STU_011549,63.74790102019604
STU_011550,83.57596415852146
STU_011551,71.64631661153487
STU_011552,56.00436114495856
STU_011553,74.29792816247355
STU_011554,81.93221761619768
STU_011555,85.35575403671086
STU_011556,98.30578665537098
STU_011557,62.39437601129977
STU_011558,97.82703835114319
STU_011559,93.7316952378868
STU_011560,100.0
STU_011561,71.45488831375857
STU_011562,98.27519509248276
STU_011563,93.5592487197322
STU_011564,61.96687658128243
STU_011565,75.62090050120867
STU_011566,69.7493085211956
STU_011567,60.19623072488781
STU_011568,57.1155178452924
STU_011569,81.80023837795805
STU_011570,96.63293721422389
STU_011571,78.97602452648417
STU_011572,89.46867882683023
STU_011573,71.71412810065357
STU_011574,69.6210933871393
STU_011575,68.90444492194155
STU_011576,78.00291498324238
STU_011577,63.0689180876941
STU_011578,67.92954952866793
STU_011579,70.51698305940086
STU_011580,89.52880993009688
STU_011581,63.652509179487794
STU_011582,81.71004382282652
STU_011583,69.20786493681295
STU_011584,89.3628868522094
STU_011585,80.29980471239924
STU_011586,83.02822587316162
STU_011587,92.5556135284931
STU_011588,92.1905975351781
STU_011589,85.52486340063882
STU_011590,71.38092061381616
STU_011591,62.771882114877805
STU_011592,91.53730613499494
STU_011593,76.58447904266461
STU_011594,96.52857771620249
STU_011595,88.05561231338854
STU_011596,78.02528651021254
STU_011597,68.30334673570468
STU_011598,80.22398775731641
STU_011599,62.979156431800845
STU_011600,61.32629340790841
STU_011601,71.2960617608749
STU_011602,88.01766175557972
STU_011603,61.953795673410355
STU_011604,86.20731041883963
STU_011605,82.33423841834417
STU_011606,65.56363848270533
STU_011607,94.82608852817643
STU_011608,88.16818180295905
STU_011609,65.01581531912464
STU_011610,81.46002457773136
STU_011611,56.42540943498274
STU_011612,82.00456755943664
STU_011613,68.34754852840501
STU_011614,60.83125217779243
STU_011615,89.72792432229502
STU_011616,87.19665151673263
STU_011617,70.28936035145631
STU_011618,70.97554996686829
STU_011619,79.80278623285488
STU_011620,56.68928533017382
STU_011621,72.68557373083716
STU_011622,73.82494980103236
STU_011623,56.06627664736878
STU_011624,89.30855365899995
STU_011625,97.83985788502736
STU_011626,81.86747204804422
STU_011627,68.97014334561007
STU_011628,70.81446268113739
STU_011629,71.56539223625742
STU_011630,95.73679930446174
STU_011631,56.059578006880955
STU_011632,62.461178388125035
STU_011633,100.0
STU_011634,49.994949459012545
STU_011635,95.49314028145474
STU_011636,63.42184127467239
STU_011637,72.84151018763389
STU_011638,82.30700279736202
STU_011639,90.12834210985801
STU_011640,88.53255779682486
STU_011641,76.96890429529077
STU_011642,78.98367732497908
STU_011643,64.56330750385096
STU_011644,92.91429345442735
STU_011645,96.45156135957149
STU_011646,76.82600388064103
STU_011647,76.7905322731514
STU_011648,76.4764264346848
STU_011649,81.71693755894057
STU_011650,83.27061084305184
STU_011651,67.16509931038179
STU_011652,56.847269397628324
STU_011653,100.0
STU_011654,66.54791781427078
STU_011655,73.25302289747891
STU_011656,61.548060816985
STU_011657,40.800845797574326
STU_011658,98.6614310622511
STU_011659,63.58446011651891
STU_011660,82.0271874038509
STU_011661,98.74895201123833
STU_011662,87.04170087819226
STU_011663,91.41908369562127
STU_011664,92.287092954597
STU_011665,66.18512582398886
STU_011666,72.50105932692179
STU_011667,62.213407610053586
STU_011668,79.92170817006166
STU_011669,68.19692567082569
STU_011670,86.94259959124088
STU_011671,80.07837105225425
STU_011672,89.30764616904999
STU_011673,74.94336247135817
STU_011674,65.29593406836048
STU_011675,87.94737413650026
STU_011676,71.41427980774678
STU_011677,78.55135444563423
STU_011678,55.189886252100536
STU_011679,93.32918130615516
STU_011680,89.95164605598094
STU_011681,98.11621671779585
STU_011682,44.9502159951921
STU_011683,73.85644036321183
STU_011684,63.39620203974728
STU_011685,62.60823419497741
STU_011686,72.88809947360268
STU_011687,88.47303628587265
STU_011688,89.16301911234527
STU_011689,73.41949957671311
STU_011690,71.33186115864036
STU_011691,94.82037755621408
STU_011692,81.3355335408778
STU_011693,90.346317547627
STU_011694,93.82310071890923
STU_011695,91.2146623409467
STU_011696,88.86849414599351
STU_011697,69.77595980933101
STU_011698,67.91152625628261
STU_011699,82.79936696624945
STU_011700,61.50942642394531
STU_011701,70.85161198738297
STU_011702,83.61878240727432
STU_011703,85.45119219903461
STU_011704,81.25194262980287
STU_011705,74.92279834540146
STU_011706,87.77456287343318
STU_011707,69.95555222538808
STU_011708,76.68001221049983
STU_011709,85.08141137010661
STU_011710,83.1272128265662
STU_011711,77.48788183757668
STU_011712,56.01441334752018
STU_011713,94.77281042979082
STU_011714,76.1084602255057
STU_011715,83.77846287439507
STU_011716,82.75303740342477
STU_011717,73.37283513888862
STU_011718,85.30901375389853
STU_011719,76.5590303047518
STU_011720,94.51710317405039
STU_011721,66.02370572838488
STU_011722,67.20361746116319
STU_011723,74.82263076467868
STU_011724,90.69949624498138
STU_011725,79.83516507691095
STU_011726,55.71446411589217
STU_011727,60.34412076513658
STU_011728,57.59455458358209
STU_011729,78.28835120708118
STU_011730,73.85289566338793
STU_011731,94.38361833139473
STU_011732,91.2289739943189
STU_011733,79.38137281738027
STU_011734,91.15400006336114
STU_011735,78.97673214460747
STU_011736,70.11421262296076
STU_011737,68.36643508529951
STU_011738,86.48626611577151
STU_011739,88.68991917962495
STU_011740,86.79497886010023
STU_011741,78.36406848541353
STU_011742,67.06626655399332
STU_011743,59.11046683664894
STU_011744,72.46753935962519
STU_011745,64.57627868878232
STU_011746,69.59433885725844
STU_011747,85.3409747067092
STU_011748,67.95636389424052
STU_011749,73.78639870824347
STU_011750,96.63554619734019
STU_011751,71.5651185104005
STU_011752,62.34364989034682
STU_011753,51.08951795425482
STU_011754,77.38753574740664
STU_011755,73.14683708738552
STU_011756,84.27701006447415
STU_011757,75.01528640672373
STU_011758,98.28449166019581
STU_011759,70.09294373793813
STU_011760,83.8113017771717
STU_011761,88.68615037007072
STU_011762,73.64573916004825
STU_011763,82.08323671991609
STU_011764,65.74377719369159
STU_011765,78.98309709666529
STU_011766,45.27887586455417
STU_011767,61.26899406916378
STU_011768,86.91245750814778
STU_011769,60.11554198877084
STU_011770,93.04866069099201
STU_011771,70.22515010913558
STU_011772,64.62521122978052
STU_011773,63.74407722470107
STU_011774,64.33518080196608
STU_011775,78.82333319232112
STU_011776,68.21425836354555
STU_011777,72.95830574643107
STU_011778,89.17883061895758
STU_011779,82.5480655458623
STU_011780,71.35494850173424
STU_011781,59.227501548328476
STU_011782,88.79052289361714
STU_011783,71.5581134124295
STU_011784,73.19110140615192
STU_011785,66.87171911869301
STU_011786,81.98266843044676
STU_011787,67.93900951210273
STU_011788,71.51536579514267
STU_011789,62.120230176334104
STU_011790,82.83785676315172
STU_011791,91.19133286839454
STU_011792,78.90127600044059
STU_011793,62.60663409396157
STU_011794,58.86632294070926
STU_011795,62.70920467560653
STU_011796,96.54408047408673
STU_011797,72.19416830526956
STU_011798,64.52204892184905
STU_011799,98.02525141554219
STU_011800,69.89707422773286
STU_011801,85.19556040275988
STU_011802,91.27864009382667
STU_011803,74.33823187317516
STU_011804,74.16178475946717
STU_011805,70.9153237984499
STU_011806,68.78717615875019
STU_011807,83.00478007553819
STU_011808,86.41217374811345
STU_011809,89.57776894973507
STU_011810,90.8262016540198
STU_011811,91.69671409828426
STU_011812,71.06083953662551
STU_011813,70.52009397954015
STU_011814,94.28686492684429
STU_011815,71.43688253276646
STU_011816,79.24384031983259
STU_011817,94.60402687433594
STU_011818,79.27902412151475
STU_011819,77.52481594649689
STU_011820,72.82119912450952
STU_011821,77.02538770973648
STU_011822,97.7716317948914
STU_011823,72.6361464444184
STU_011824,73.90177518898994
STU_011825,80.39313976660138
STU_011826,70.51572203690735
STU_011827,76.1187157707968
STU_011828,73.91709225433269
STU_011829,74.3861558386926
STU_011830,66.76611161225345
STU_011831,67.92150555398239
STU_011832,68.78316542191403
STU_011833,66.04815338298492
STU_011834,63.918550093724676
STU_011835,80.20169576184425
STU_011836,76.3762133612224
STU_011837,71.52796062197814
STU_011838,69.79242220587943
STU_011839,87.27020108577256
STU_011840,85.41207823188711
STU_011841,81.93868978747075
STU_011842,59.36626365098259
STU_011843,56.56103192985402
STU_011844,83.06884660745413
STU_011845,69.73371251039443
STU_011846,87.45586783375455
STU_011847,74.04834732270508
STU_011848,95.32691063980536
STU_011849,79.73498482549176
STU_011850,69.21709867579659
STU_011851,91.71446142429824
STU_011852,91.33734094501938
STU_011853,85.56427703999134
STU_011854,75.74556255240967
STU_011855,90.24069456958304
STU_011856,85.68044101417152
STU_011857,80.78088976604255
STU_011858,87.40130976194823
STU_011859,72.9784811964916
STU_011860,73.52360796855167
STU_011861,64.60423613710442
STU_011862,69.66326728413748
STU_011863,95.71203327280546
STU_011864,51.506519542477704
STU_011865,81.6761177589557
STU_011866,64.92294186770822
STU_011867,84.95994197949769
STU_011868,82.22638623958552
STU_011869,74.17404796784244
STU_011870,89.03545924921077
STU_011871,64.23625582786028
STU_011872,67.37316744424659
STU_011873,81.61741127392179
STU_011874,69.66741036339165
STU_011875,61.34273704742142
STU_011876,68.27812411492174
STU_011877,88.97310399137109
STU_011878,58.61937148778476
STU_011879,79.10343142198022
STU_011880,59.51586085989855
STU_011881,53.54399260361571
STU_011882,84.93586069560256
STU_011883,52.898468977418275
STU_011884,64.55989900743052
STU_011885,58.52562128236673
STU_011886,70.09555541289646
STU_011887,79.17500050871185
STU_011888,77.25187453731256
STU_011889,45.04309967782004
STU_011890,57.41345894919297
STU_011891,82.69950560293591
STU_011892,98.33676242223098
STU_011893,90.15357661100634
STU_011894,73.91471156843951
STU_011895,94.62620013245292
STU_011896,60.47264812124956
STU_011897,64.80923613347208
STU_011898,100.0
STU_011899,57.12762971143535
STU_011900,80.89391389903648
STU_011901,78.526774832004
STU_011902,55.4942943234171
STU_011903,73.98668048734818
STU_011904,78.8261009568579
STU_011905,74.43667166199542
STU_011906,82.88800896063537
STU_011907,86.02127611768185
STU_011908,90.553860930163
STU_011909,49.86027371934295
STU_011910,85.06752412027848
STU_011911,74.17671799816499
STU_011912,90.19761119620577
STU_011913,75.29323932568727
STU_011914,88.8516319928854
STU_011915,89.64211130201016
STU_011916,69.4682635734434
STU_011917,89.54123438317967
STU_011918,78.38433844917286
STU_011919,100.0
STU_011920,75.45430335466085
STU_011921,68.56195716059148
STU_011922,76.99876813458036
STU_011923,61.69049212928647
STU_011924,70.3532280440321
STU_011925,41.77630881252384
STU_011926,72.36203021492412
STU_011927,71.56047242291419
STU_011928,71.45010341142498
STU_011929,82.45951683569392
STU_011930,86.45820116412635
STU_011931,85.3299841300498
STU_011932,67.0394589908199
STU_011933,55.398999029550396
STU_011934,80.64081777556122
STU_011935,50.24178657253579
STU_011936,87.12247034618191
STU_011937,72.49455061823538
STU_011938,57.53819954513226
STU_011939,92.53082242922078
STU_011940,80.3575529908865
STU_011941,79.24987573148796
STU_011942,92.46242410691494
STU_011943,75.52228149425315
STU_011944,68.87306828234354
STU_011945,75.19417949537643
STU_011946,98.26102197698162
STU_011947,84.76547443265633
STU_011948,66.65810010017128
STU_011949,81.6610521987323
STU_011950,75.44678484573265
STU_011951,91.08798686565376
STU_011952,68.70691263530485
STU_011953,48.84721896460997
STU_011954,91.13028957442432
STU_011955,59.05439909154572
STU_011956,91.21181099645742
STU_011957,58.94139937106542
STU_011958,94.60473671661308
STU_011959,78.47588609059821
STU_011960,91.9965631393697
STU_011961,91.82924243191798
STU_011962,78.95098718182356
STU_011963,92.63836034574177
STU_011964,75.25259325054668
STU_011965,76.95546083307185
STU_011966,91.60887874212315
STU_011967,54.98774148641152
STU_011968,88.4746530541497
STU_011969,53.91311055119626
STU_011970,82.2228244619987
STU_011971,56.22038567265703
STU_011972,85.19196423858455
STU_011973,69.26856369840402
STU_011974,92.95811121062454
STU_011975,76.14658491490603
STU_011976,65.30856093385036
STU_011977,87.57320984199859
STU_011978,62.16448103835937
STU_011979,77.40185553806313
STU_011980,79.30688127881558
STU_011981,79.00948558478322
STU_011982,93.19369154123899
STU_011983,68.24956577967563
STU_011984,81.86724147119509
STU_011985,82.47571340753815
STU_011986,68.96944542925219
STU_011987,58.94794166721988
STU_011988,76.02497477467047
STU_011989,69.33301606106559
STU_011990,92.07199959411034
STU_011991,66.19755977623974
STU_011992,44.00405645993678
STU_011993,71.30314194726145
STU_011994,63.038572118367455
STU_011995,70.58317997407673
STU_011996,74.14913719652623
STU_011997,86.72189518111156
STU_011998,94.56657148942203
STU_011999,100.0
STU_012000,90.51401190373363
STU_012001,88.1998179000949
STU_012002,72.90078369230208
STU_012003,75.46314641633205
STU_012004,70.02748775105405
STU_012005,78.2729459517081
STU_012006,90.89253977695347
STU_012007,62.39501022105726
STU_012008,79.76474572286808
STU_012009,69.4707828583929
STU_012010,43.78504652728667
STU_012011,61.90700209501391
STU_012012,69.85256180854361
STU_012013,70.57667716188232
STU_012014,55.411140016559656
STU_012015,69.82625549818522
STU_012016,54.23964073567507
STU_012017,78.15815176563459
STU_012018,86.30594878358902
STU_012019,93.56759711962421
STU_012020,62.694996004181604
STU_012021,62.595493563855825
STU_012022,67.34733512433941
STU_012023,73.44819923477151
STU_012024,91.31692218762166
STU_012025,90.16707348944979
STU_012026,67.22585927173527
STU_012027,90.89811879492444
STU_012028,94.93971916554571
STU_012029,62.933296526186155
STU_012030,86.35351352412125
STU_012031,93.92089860475917
STU_012032,68.07687158860435
STU_012033,69.44176873413463
STU_012034,95.59063435157199
STU_012035,68.7616469642039
STU_012036,65.9068112625478
STU_012037,77.66831772557462
STU_012038,61.38931816243753
STU_012039,71.04599137925611
STU_012040,95.6204420215995
STU_012041,72.99535226140661
STU_012042,89.19236056644684
STU_012043,72.40117019131591
STU_012044,72.14004392431555
STU_012045,53.30091617210427
STU_012046,80.21405585842743
STU_012047,96.67542316806254
STU_012048,56.47753433489853
STU_012049,74.51303263448567
STU_012050,74.39812569684756
STU_012051,35.97333639423465
STU_012052,85.9158706536237
STU_012053,81.60902020103896
STU_012054,69.04991305577498
STU_012055,78.48849748124167
STU_012056,96.03367976659403
STU_012057,88.50650098972233
STU_012058,63.05323590068241
STU_012059,58.07756063534168
STU_012060,74.94854736268752
STU_012061,63.03835324727838
STU_012062,90.41740986446978
STU_012063,57.63511826119708
STU_012064,63.528544540548054
STU_012065,83.31684780157113
STU_012066,71.1207912451535
STU_012067,74.66794812959148
STU_012068,65.02207241761106
STU_012069,68.40829587645209
STU_012070,79.74663264196953
STU_012071,80.00743878289731
STU_012072,70.11189956830293
STU_012073,89.07707742486517
STU_012074,87.56016780601308
STU_012075,53.7997816810869
STU_012076,66.93102770445734
STU_012077,65.87446767075576
STU_012078,67.695984161028
STU_012079,73.01967101282943
STU_012080,79.16744506543446
STU_012081,50.116210839408396
STU_012082,91.49257969138871
STU_012083,67.21788236651915
STU_012084,77.08732609724238
STU_012085,93.32533045897189
STU_012086,82.39579239304136
STU_012087,76.76565548216327
STU_012088,75.51903515846708
STU_012089,75.13759847082139
STU_012090,94.2396113649238
STU_012091,88.25706532294768
STU_012092,81.12578558621351
STU_012093,81.06289215817353
STU_012094,80.16720372006924
STU_012095,67.96121544400404
STU_012096,78.67071540694053
STU_012097,81.82781292695464
STU_012098,64.86287317884025
STU_012099,75.9690800414989
STU_012100,90.0826575126788
STU_012101,92.45363826789983
STU_012102,69.9180900928016
STU_012103,77.73063262406876
STU_012104,64.32287014310221
STU_012105,84.1041507072253
STU_012106,91.12539501151116
STU_012107,81.26486101898652
STU_012108,90.42121065582347
STU_012109,75.76666972879508
STU_012110,75.7848145689845
STU_012111,48.82773961965021
STU_012112,85.27882242683036
STU_012113,84.6057844442131
STU_012114,69.0192544598244
STU_012115,75.65938102012328
STU_012116,70.73359740859394
STU_012117,93.05216316603423
STU_012118,68.32482491906815
STU_012119,89.85079501762607
STU_012120,66.11930650466826
STU_012121,72.15259645826886
STU_012122,65.83371303607902
STU_012123,80.45034160506057
STU_012124,70.98345295308454
STU_012125,81.43368199401536
STU_012126,73.51753282134817
STU_012127,79.20947304336022
STU_012128,75.39114592678924
STU_012129,76.92943094948862
STU_012130,61.476906843141286
STU_012131,50.553357981935
STU_012132,79.8401615383438
STU_012133,82.54926403704954
STU_012134,61.351388531703165
STU_012135,65.38574665435408
STU_012136,54.12222204762748
STU_012137,68.34891972240781
STU_012138,57.31101735671599
STU_012139,68.28064207764444
STU_012140,76.95865023135775
STU_012141,64.04087392370437
STU_012142,79.76673339051992
STU_012143,99.58106865940258
STU_012144,80.66313616908167
STU_012145,76.94215722283688
STU_012146,78.86912550932148
STU_012147,69.24651619414279
STU_012148,75.47192765519978
STU_012149,79.43193527284797
STU_012150,77.86151701255571
STU_012151,82.1046221517024
STU_012152,52.763104868855685
STU_012153,72.41487611045774
STU_012154,77.74992822086064
STU_012155,64.05641144786917
STU_012156,73.15289891754016
STU_012157,83.19447056766981
STU_012158,88.56839794291731
STU_012159,84.18285616689053
STU_012160,95.27676289953263
STU_012161,95.87795411979451
STU_012162,85.22516010159882
STU_012163,99.56702352913467
STU_012164,42.52064621521568
STU_012165,69.18696514112366
STU_012166,68.37742276061829
STU_012167,93.89276358978745
STU_012168,63.97486549788469
STU_012169,57.57285159938831
STU_012170,71.33988534510145
STU_012171,79.76208586391064
STU_012172,87.9100426964657
STU_012173,88.44630001114231
STU_012174,85.11845437678313
STU_012175,79.3369608417125
STU_012176,70.01463244826243
STU_012177,69.72695488234375
STU_012178,89.21688124142732
STU_012179,67.86768520846343
STU_012180,82.64978843128021
STU_012181,95.35210608793463
STU_012182,75.7449906365024
STU_012183,88.9588762937444
STU_012184,76.54821476824745
STU_012185,75.40320040488618
STU_012186,92.28617879423342
STU_012187,49.817510786788695
STU_012188,60.360048362644804
STU_012189,60.45207737283622
STU_012190,87.42955951976478
STU_012191,72.3848067666089
STU_012192,71.63671630104916
STU_012193,64.21594203130286
STU_012194,77.37351612026447
STU_012195,66.4980937255854
STU_012196,50.21256017065434
STU_012197,85.60595616826876
STU_012198,70.18963134860235
STU_012199,80.42781290267392
STU_012200,57.75308647563526
STU_012201,74.40303860683687
STU_012202,81.35710002121394
STU_012203,86.82097953194557
STU_012204,73.05933374786972
STU_012205,76.91022101766222
STU_012206,84.25265366741615
STU_012207,89.47478239350677
STU_012208,76.08198514873624
STU_012209,62.348940414833294
STU_012210,76.61728482724722
STU_012211,78.20048972704363
STU_012212,69.87728080009212
STU_012213,81.62433500725018
STU_012214,64.1549035685107
STU_012215,62.319560265527954
STU_012216,82.36353732044817
STU_012217,92.63907518737844
STU_012218,99.1578500782911
STU_012219,69.99867628050029
STU_012220,58.1374289440236
STU_012221,75.79143014661081
STU_012222,64.61825090086097
STU_012223,65.34080873619389
STU_012224,70.79434603628985
STU_012225,84.88978822775485
STU_012226,77.31993803142494
STU_012227,75.35647789105259
STU_012228,63.302411046235704
STU_012229,84.46133865960738
STU_012230,82.18690799277364
STU_012231,65.80106057768083
STU_012232,80.54544717216011
STU_012233,80.79711299301668
STU_012234,65.0210154909156
STU_012235,69.18128808307327
STU_012236,96.34882339448153
STU_012237,73.78641343372335
STU_012238,68.29146519723709
STU_012239,74.88290032441387
STU_012240,75.92140286121067
STU_012241,85.31623657189127
STU_012242,75.70938440169786
STU_012243,48.625567358296024
STU_012244,58.49759596729453
STU_012245,68.28883986481189
STU_012246,65.5388522328896
STU_012247,59.17979436584508
STU_012248,89.14839196050889
STU_012249,85.71400044438361
STU_012250,85.7563466320903
STU_012251,71.67850677962788
STU_012252,60.97393479752371
STU_012253,61.02926530009573
STU_012254,56.29920788566932
STU_012255,79.35459381691084
STU_012256,67.85745526831151
STU_012257,81.55634554301051
STU_012258,76.2641009637977
STU_012259,78.39113840958791
STU_012260,87.28158228716478
STU_012261,82.1941380735027
STU_012262,83.06325193117922
STU_012263,67.26150355466481
STU_012264,63.00772265359665
STU_012265,69.34485466525868
STU_012266,95.26362595799341
STU_012267,91.8628407965918
STU_012268,57.00520320010347
STU_012269,78.3442023567608
STU_012270,73.2266827894916
STU_012271,77.08454953252252
STU_012272,73.45863041048209
STU_012273,71.64368506030951
STU_012274,65.33799689132766
STU_012275,89.86762577769119
STU_012276,71.87595068493737
STU_012277,79.32242924325041
STU_012278,68.52579122107524
STU_012279,80.38759627484274
STU_012280,76.35486936277458
STU_012281,55.01080867913471
STU_012282,89.1850301034035
STU_012283,91.5786685914633
STU_012284,68.88771228245383
STU_012285,77.7159253038215
STU_012286,76.50946192754499
STU_012287,92.17020138023959
STU_012288,81.45793323835552
STU_012289,89.63349664181241
STU_012290,87.17174282215291
STU_012291,74.56367256028553
STU_012292,77.576855161496
STU_012293,73.86383258953563
STU_012294,85.30054911314821
STU_012295,78.27448829115485
STU_012296,79.49191544149367
STU_012297,74.75048195189858
STU_012298,70.36424806979386
STU_012299,82.84029322742649
STU_012300,57.19565169602142
STU_012301,84.44267426671338
STU_012302,82.37402240529185
STU_012303,61.63588407390081
STU_012304,49.44454191609595
STU_012305,95.35367937287069
STU_012306,76.58600562062335
STU_012307,69.66319166215817
STU_012308,87.81691354015456
STU_012309,64.85184275171213
STU_012310,75.71618106683293
STU_012311,81.21045413574498
STU_012312,57.860007408818234
STU_012313,72.9209631872558
STU_012314,96.90737673495508
STU_012315,89.44334558365418
STU_012316,72.41395326521577
STU_012317,97.44910467373771
STU_012318,84.48993816058635
STU_012319,81.84355262182798
STU_012320,64.43275101034533
STU_012321,62.85030510641322
STU_012322,91.73251242112889
STU_012323,61.57601748691662
STU_012324,81.74681613415726
STU_012325,66.2795527518087
STU_012326,71.33570847660823
STU_012327,60.933694635479824
STU_012328,66.06955399304182
STU_012329,91.73150602994586
STU_012330,85.24363053246003
STU_012331,80.61604730380893
STU_012332,70.87881479079314
STU_012333,86.62286145346681
STU_012334,73.79417107097895
STU_012335,64.81454510156888
STU_012336,85.01596750216041
STU_012337,93.45294015855559
STU_012338,70.21257983066216
STU_012339,87.84060869393292
STU_012340,64.9178416419457
STU_012341,55.58574127039293
STU_012342,86.22053578535889
STU_012343,89.52408515610395
STU_012344,61.99476272856396
STU_012345,64.67084291186448
STU_012346,73.1665370261171
STU_012347,94.47230350952834
STU_012348,82.26587375806994
STU_012349,69.27506556263789
STU_012350,84.13477371755377
STU_012351,88.88807428002309
STU_012352,81.84380386829409
STU_012353,93.46044882600319
STU_012354,65.50133302599995
STU_012355,89.70490784072479
STU_012356,80.79491932116511
STU_012357,65.48283109138256
STU_012358,94.10030158112318
STU_012359,86.22346116516104
STU_012360,74.31247955811499
STU_012361,59.949918357886844
STU_012362,79.39236290791885
STU_012363,77.4064555581078
STU_012364,80.64383154100211
STU_012365,68.05136755192423
STU_012366,85.1820133637404
STU_012367,73.64667370044644
STU_012368,61.274463182536714
STU_012369,69.59485303598018
STU_012370,99.24334779709696
STU_012371,72.31868032581315
STU_012372,85.67760081149761
STU_012373,74.23728040899717
STU_012374,78.0478135624387
STU_012375,67.37428938384924
STU_012376,84.78222992392517
STU_012377,84.82869587530618
STU_012378,75.78136381806446
STU_012379,73.16474308318527
STU_012380,91.74048737598463
STU_012381,100.0
STU_012382,67.40761276063289
STU_012383,85.94443721413674
STU_012384,100.0
STU_012385,89.20756414540628
STU_012386,82.19519525200161
STU_012387,83.92222734963843
STU_012388,84.2120187357326
STU_012389,100.0
STU_012390,76.24514327259854
STU_012391,47.32283860982205
STU_012392,72.94434841812543
STU_012393,69.6531387424095
STU_012394,71.52175848524699
STU_012395,87.09374051150519
STU_012396,80.8025886608213
STU_012397,74.65011695137007
STU_012398,82.30647461267606
STU_012399,82.56831310601558
STU_012400,73.99339396796556
STU_012401,89.86682322528533
STU_012402,98.75393464388384
STU_012403,52.417845879970855
STU_012404,76.76458619407168
STU_012405,65.01489684382422
STU_012406,65.14976230947458
STU_012407,90.1709895477108
STU_012408,85.25475640727805
STU_012409,72.58722159672546
STU_012410,50.877233849140765
STU_012411,90.03754744779489
STU_012412,72.31968754484701
STU_012413,60.796483678071056
STU_012414,94.21513175493999
STU_012415,89.32960782486302
STU_012416,89.88422780703064
STU_012417,59.85617716224991
STU_012418,86.65793554734068
STU_012419,72.47764723765731
STU_012420,55.125095262189745
STU_012421,70.74039281087073
STU_012422,82.25917403067373
STU_012423,70.22004337273528
STU_012424,87.01419442452612
STU_012425,54.14194063619365
STU_012426,86.00888577651365
STU_012427,71.5864020376381
STU_012428,85.74438337624201
STU_012429,58.92523544375065
STU_012430,71.29785742770771
STU_012431,66.82806183270854
STU_012432,60.995841582434
STU_012433,58.25776371879938
STU_012434,89.88525437998331
STU_012435,70.90529407015589
STU_012436,74.51376806216746
STU_012437,90.6603204546555
STU_012438,62.0901943110791
STU_012439,79.25629235802622
STU_012440,67.02226212695884
STU_012441,89.72449104446412
STU_012442,98.12761942687256
STU_012443,64.35551303443971
STU_012444,85.75135482065889
STU_012445,72.64761163025226
STU_012446,86.33204722520645
STU_012447,92.0166443366065
STU_012448,78.8995999663437
STU_012449,80.72570162795832
STU_012450,71.24493757089404
STU_012451,87.75699311928702
STU_012452,79.72593996660812
STU_012453,94.46886438963054
STU_012454,86.1361543381561
STU_012455,73.21828404702826
STU_012456,85.45051486587835
STU_012457,68.86723753442885
STU_012458,77.436389548562
STU_012459,57.75135362259158
STU_012460,85.33864647183869
STU_012461,79.47161059748314
STU_012462,72.29899793072519
STU_012463,80.4787971463773
STU_012464,75.89394553373135
STU_012465,75.40159490519237
STU_012466,69.66904820260622
STU_012467,79.31984501331368
STU_012468,87.55137116466514
STU_012469,86.38692449250419
STU_012470,50.64712136534692
STU_012471,55.81762652824192
STU_012472,93.28632095997418
STU_012473,73.14965964453062
STU_012474,65.5753094476755
STU_012475,70.7722157079129
STU_012476,52.88595257542657
STU_012477,95.84569625091618
STU_012478,75.47346607044328
STU_012479,67.7361415218576
STU_012480,81.24934936957462
STU_012481,90.47027032050485
STU_012482,70.61023244572537
STU_012483,65.15253167472224
STU_012484,73.2814506008466
STU_012485,80.28706899503844
STU_012486,74.3947581201802
STU_012487,67.94697343066225
STU_012488,68.65928711455632
STU_012489,84.61850177690604
STU_012490,90.57759860497755
STU_012491,59.69644960573608
STU_012492,65.35151565641374
STU_012493,61.43421104659775
STU_012494,71.67683377242149
STU_012495,71.99186998478979
STU_012496,81.32117680695723
STU_012497,89.13048903362291
STU_012498,72.48310086226404
STU_012499,75.29901034702881
STU_012500,86.44234098267269
STU_012501,94.1898004406886
STU_012502,83.23664826468726
STU_012503,85.13906510356611
STU_012504,78.0715124983603
STU_012505,83.1041065470624
STU_012506,69.0684057614257
STU_012507,83.1756990293539
STU_012508,68.0783394446277
STU_012509,87.12298478550593
STU_012510,74.23082251908514
STU_012511,75.34084770512135
STU_012512,80.80974419674865
STU_012513,66.98978671510233
STU_012514,100.0
STU_012515,90.95850424844974
STU_012516,85.67081518741665
STU_012517,97.78973633079002
STU_012518,58.793386152161645
STU_012519,81.69163102125661
STU_012520,71.68979243872177
STU_012521,93.61075038132567
STU_012522,98.68463501318335
STU_012523,80.25348377106495
STU_012524,95.33320805332522
STU_012525,93.35861069783928
STU_012526,96.39881817645714
STU_012527,91.12736850492698
STU_012528,62.86198475601674
STU_012529,96.8968081599553
STU_012530,81.73046065203503
STU_012531,76.04384457067535
STU_012532,71.69779449032966
STU_012533,83.83209046286373
STU_012534,58.92616542669371
STU_012535,84.71544376165474
STU_012536,74.92391333073313
STU_012537,54.63284209969494
STU_012538,62.672987030932006
STU_012539,84.8751402973498
STU_012540,71.60664501854839
STU_012541,100.0
STU_012542,99.85736445624009
STU_012543,78.71947942577998
STU_012544,83.40129367697115
STU_012545,67.83419551111042
STU_012546,78.86743560885961
STU_012547,100.0
STU_012548,46.63556923967917
STU_012549,69.69397565783095
STU_012550,97.01783145054846
STU_012551,88.47371007628634
STU_012552,72.5797706441946
STU_012553,78.05443585098824
STU_012554,67.83288259505076
STU_012555,52.92448730665525
STU_012556,65.95935914587366
STU_012557,81.38271909439419
STU_012558,70.2519476920429
STU_012559,91.21152327767155
STU_012560,68.62457844773962
STU_012561,64.94309672993337
STU_012562,64.25340875487156
STU_012563,82.34701979507741
STU_012564,94.98367340519764
STU_012565,100.0
STU_012566,78.95917656446522
STU_012567,67.6092435279322
STU_012568,93.14952468962687
STU_012569,70.90402309189824
STU_012570,54.937543293920974
STU_012571,54.23786514731409
STU_012572,52.78874337316931
STU_012573,76.2638008236391
STU_012574,63.32742887434463
STU_012575,65.06462355811573
STU_012576,77.55560872802835
STU_012577,96.23581306453625
STU_012578,51.37132814775026
STU_012579,75.38948551207226
STU_012580,67.34739280870701
STU_012581,66.92241270759574
STU_012582,71.59598571708273
STU_012583,66.21170341174421
STU_012584,58.197951379635526
STU_012585,72.53942580452703
STU_012586,71.42610155005457
STU_012587,70.06854388814845
STU_012588,70.70958600729088
STU_012589,48.06586923705679
STU_012590,69.05657425553115
STU_012591,74.13752408272958
STU_012592,94.99134946275751
STU_012593,96.54171559482015
STU_012594,51.1248069719281
STU_012595,69.13003496641161
STU_012596,79.38172309063764
STU_012597,69.58508018792597
STU_012598,72.44157685441296
STU_012599,69.67357408401611
STU_012600,73.0362695177567
STU_012601,76.6366869559045
STU_012602,68.44582068591458
STU_012603,85.38303611876363
STU_012604,82.0452438094494
STU_012605,81.29650402380983
STU_012606,70.70938553209658
STU_012607,60.52646082200599
STU_012608,80.48279369054282
STU_012609,58.576900689796375
STU_012610,73.05869088082801
STU_012611,67.99453637430467
STU_012612,62.3027486916514
STU_012613,92.1206607483961
STU_012614,78.51833202291581
STU_012615,77.94279122964939
STU_012616,82.2453277583819
STU_012617,64.32274800988053
STU_012618,86.40715588424644
STU_012619,83.87064257071412
STU_012620,80.24796474316513
STU_012621,90.12774303273616
STU_012622,90.55381017306425
STU_012623,93.65893249159524
STU_012624,85.76366233858207
STU_012625,88.04413098535618
STU_012626,89.32918740139988
STU_012627,85.66026289279154
STU_012628,69.5390958943004
STU_012629,80.20600379843546
STU_012630,73.2912677584645
STU_012631,71.69058366713216
STU_012632,63.45468179649115
STU_012633,71.58693112319222
STU_012634,89.42711421670106
STU_012635,76.37239978669679
STU_012636,70.71544323003353
STU_012637,79.78498148849805
STU_012638,82.73945943712198
STU_012639,93.58735848605816
STU_012640,82.85330662061237
STU_012641,72.81670517758896
STU_012642,68.16677233667725
STU_012643,81.49249954231982
STU_012644,82.8478661170121
STU_012645,54.89651626617331
STU_012646,87.22206890054338
STU_012647,78.27275487877414
STU_012648,67.07966489531077
STU_012649,77.59375174743363
STU_012650,77.32208989558836
STU_012651,73.87830301240106
STU_012652,98.2641813271019
STU_012653,92.38746829243661
STU_012654,80.53839803829567
STU_012655,74.91806213957467
STU_012656,83.54113066755987
STU_012657,92.57615784475064
STU_012658,83.6896705002698
STU_012659,82.6751333481254
STU_012660,77.08751318060558
STU_012661,90.78906503186582
STU_012662,88.48483325849463
STU_012663,68.81805599507835
STU_012664,54.4522794528053
STU_012665,91.34323032317181
STU_012666,61.12854267619285
STU_012667,76.87956243796464
STU_012668,73.36200615954843
STU_012669,62.96726201425836
STU_012670,61.259875678341515
STU_012671,67.68435313246138
STU_012672,56.51554845458969
STU_012673,58.80818463408369
STU_012674,59.40025658289806
STU_012675,70.11158935922896
STU_012676,92.57501895906498
STU_012677,59.49179539869727
STU_012678,71.49969965856604
STU_012679,77.0672918413368
STU_012680,70.90506787582035
STU_012681,74.87272549999697
STU_012682,88.35271876270923
STU_012683,82.23537049697416
STU_012684,83.10441188060406
STU_012685,94.79776936537385
STU_012686,71.84756102432532
STU_012687,79.82046452112803
STU_012688,82.69277609857993
STU_012689,69.9155841457577
STU_012690,66.54849160961582
STU_012691,74.4867927146273
STU_012692,77.21348940401677
STU_012693,78.84480132026464
STU_012694,58.20886527824175
STU_012695,72.26118634128933
STU_012696,66.30710805789599
STU_012697,80.83149193189816
STU_012698,64.46852659836668
STU_012699,79.3864520839164
STU_012700,69.0709662209413
STU_012701,100.0
STU_012702,78.33536946790177
STU_012703,69.87288383446918
STU_012704,73.49117626309385
STU_012705,64.75441680884286
STU_012706,71.2215621474724
STU_012707,96.51430808546685
STU_012708,52.34123010796014
STU_012709,69.15995592727462
STU_012710,95.17890966489097
STU_012711,69.13830744484599
STU_012712,69.0332918915212
STU_012713,60.22662611053473
STU_012714,89.95417459079583
STU_012715,74.51903665683253
STU_012716,78.2919346852993
STU_012717,70.04066903165469
STU_012718,82.49253212766223
STU_012719,59.844612731684265
STU_012720,79.00438505632084
STU_012721,79.39529989130989
STU_012722,53.794680450544
STU_012723,79.96555313047429
STU_012724,90.81867464423918
STU_012725,59.20787612444053
STU_012726,53.154957994530754
STU_012727,63.80107792420398
STU_012728,84.77837784740122
STU_012729,64.95948424089299
STU_012730,86.03488116260004
STU_012731,95.96562197002446
STU_012732,83.53736034378004
STU_012733,56.7200563390262
STU_012734,84.73584673476131
STU_012735,60.816869323396475
STU_012736,100.0
STU_012737,71.38564383820479
STU_012738,77.23308473716476
STU_012739,83.2534947519641
STU_012740,89.03659116526828
STU_012741,49.38487552588955
STU_012742,68.04099217221366
STU_012743,78.27279704629906
STU_012744,83.13880784540063
STU_012745,57.599031017359266
STU_012746,82.97271221756688
STU_012747,63.63988648399659
STU_012748,90.43309541193051
STU_012749,86.196587979959
STU_012750,69.6349139762901
STU_012751,53.57661365869861
STU_012752,74.13695797570183
STU_012753,63.90595188937277
STU_012754,59.844073756548475
STU_012755,89.08849216630892
STU_012756,59.74488760018122
STU_012757,49.235524448434745
STU_012758,86.92921271120736
STU_012759,60.03030734755491
STU_012760,74.45666862614777
STU_012761,62.98194313139721
STU_012762,87.42809979770124
STU_012763,97.23021453322464
STU_012764,96.22970787817486
STU_012765,88.69963193943612
STU_012766,64.33555535221095
STU_012767,93.79635121497483
STU_012768,87.51801728559678
STU_012769,73.92778293633742
STU_012770,54.87370217031368
STU_012771,57.372579095647154
STU_012772,97.64589982970705
STU_012773,66.29980571307556
STU_012774,71.58455472194312
STU_012775,65.64598301329256
STU_012776,75.43759115834794
STU_012777,48.99312509422184
STU_012778,68.90247145878895
STU_012779,72.06524122431738
STU_012780,75.25431911409605
STU_012781,90.5881682726767
STU_012782,55.40452830802106
STU_012783,97.24999527391546
STU_012784,49.793096906161146
STU_012785,72.4425696590874
STU_012786,53.17781072782982
STU_012787,67.64709057130048
STU_012788,93.19725919067272
STU_012789,77.53698940089606
STU_012790,96.01583329431098
STU_012791,77.48116648885649
STU_012792,70.88455979436588
STU_012793,91.51520775650565
STU_012794,76.7194826043106
STU_012795,95.18395060030167
STU_012796,74.93987347131333
STU_012797,64.75220841805562
STU_012798,97.42863948760166
STU_012799,87.24502629506541
STU_012800,54.95003122101328
STU_012801,70.06880581367183
STU_012802,73.63936102225827
STU_012803,91.24370189473342
STU_012804,59.86328870468232
STU_012805,70.48675674468258
STU_012806,79.9079399058647
STU_012807,67.41825429129932
STU_012808,85.67852669138958
STU_012809,82.78502279050323
STU_012810,85.7063580024552
STU_012811,77.63833813253657
STU_012812,71.95080761117082
STU_012813,78.86763485712513
STU_012814,66.51926730699152
STU_012815,66.71891520773787
STU_012816,83.87347480419851
STU_012817,70.00631615351651
STU_012818,87.60849558228641
STU_012819,57.22184374088178
STU_012820,83.48603866595181
STU_012821,74.59421322956818
STU_012822,85.05638775591945
STU_012823,79.71947226291354
STU_012824,81.61894086998196
STU_012825,58.023802087170665
STU_012826,84.00144099504948
STU_012827,60.5381779643093
STU_012828,92.35701524688042
STU_012829,71.0817647216872
STU_012830,71.14538056344918
STU_012831,70.14291296831253
STU_012832,95.02070471121155
STU_012833,84.20796813303555
STU_012834,75.25730299422581
STU_012835,75.6022536032279
STU_012836,83.65130063460222
STU_012837,64.82818538746656
STU_012838,64.61568648840947
STU_012839,65.86307572487621
STU_012840,90.51412483531621
STU_012841,69.68002806357894
STU_012842,72.95208818504656
STU_012843,82.56238439127456
STU_012844,77.48244935636603
STU_012845,66.48064259305896
STU_012846,74.42392542175104
STU_012847,73.93381354000799
STU_012848,75.65053319823856
STU_012849,86.77488773989772
STU_012850,80.23885379060332
STU_012851,83.32182057493578
STU_012852,90.26400196886635
STU_012853,62.271990370754494
STU_012854,81.2365276498518
STU_012855,84.57692444633119
STU_012856,71.66108330782961
STU_012857,96.07619587827094
STU_012858,86.17467209850028
STU_012859,60.972207193705685
STU_012860,85.91910826259644
STU_012861,69.30379256682806
STU_012862,72.87675502619658
STU_012863,92.84992655124597
STU_012864,76.7082347011881
STU_012865,67.78302163376927
STU_012866,76.5728810265446
STU_012867,87.43868156336782
STU_012868,86.66576368005181
STU_012869,65.25388703454196
STU_012870,80.37311362119135
STU_012871,82.69548337238987
STU_012872,87.49430920252159
STU_012873,63.04207449159097
STU_012874,75.43518320330921
STU_012875,74.16653057332746
STU_012876,47.97492102234159
STU_012877,82.12871450453093
STU_012878,98.75013615464526
STU_012879,82.30738481372505
STU_012880,86.59269997300837
STU_012881,95.57192322263748
STU_012882,90.16327098116422
STU_012883,66.72299056383754
STU_012884,85.32355282737915
STU_012885,76.95526299901361
STU_012886,56.46171972197379
STU_012887,78.92432450030651
STU_012888,71.10946189977984
STU_012889,72.16265175172309
STU_012890,70.19664944691745
STU_012891,72.09476765977223
STU_012892,71.80533680001628
STU_012893,87.72938310832816
STU_012894,70.52799917343003
STU_012895,87.91046331437347
STU_012896,74.50849427578004
STU_012897,76.51813017594267
STU_012898,94.66491997902993
STU_012899,86.26526231630027
STU_012900,84.79814354025035
STU_012901,73.07680202162767
STU_012902,87.79858724139021
STU_012903,65.56104863735848
STU_012904,83.1549104381161
STU_012905,63.90844606999072
STU_012906,97.00280672832561
STU_012907,53.51962275453803
STU_012908,85.38691626080471
STU_012909,72.40530475169307
STU_012910,34.472422270115274
STU_012911,82.47905557213736
STU_012912,50.631855121149016
STU_012913,66.8000756885515
STU_012914,74.68483975016535
STU_012915,58.901571438656596
STU_012916,63.88584963690227
STU_012917,86.58969925316383
STU_012918,57.13442006906193
STU_012919,97.16295487215764
STU_012920,76.43577904757454
STU_012921,62.635115047835
STU_012922,75.9237668372218
STU_012923,62.93196266022892
STU_012924,77.13331556671258
STU_012925,77.29604936568464
STU_012926,63.82057957283561
STU_012927,85.58523347547253
STU_012928,65.00592439213764
STU_012929,63.47852671811172
STU_012930,66.42582012009925
STU_012931,89.08706660465019
STU_012932,68.48533817597308
STU_012933,70.47274017730713
STU_012934,67.2299850010587
STU_012935,67.70716658984738
STU_012936,70.95631936461928
STU_012937,72.6377559759885
STU_012938,96.67596518045922
STU_012939,45.3180575094933
STU_012940,74.03439412222997
STU_012941,62.292338143010525
STU_012942,77.59190361524234
STU_012943,71.69191658265034
STU_012944,78.42012662892878
STU_012945,92.34310457049999
STU_012946,58.90936297813449
STU_012947,73.64695043070361
STU_012948,89.22572736864626
STU_012949,95.07659673538745
STU_012950,81.06627105971782
STU_012951,84.68220896874453
STU_012952,72.94716581050835
STU_012953,81.76982958454772
STU_012954,80.60475683955138
STU_012955,87.57412071850402
STU_012956,70.84490835208777
STU_012957,69.65038578900577
STU_012958,74.3535182017325
STU_012959,79.04438033230025
STU_012960,76.37599808097245
STU_012961,81.32937554304118
STU_012962,60.21300523659664
STU_012963,64.5693636866569
STU_012964,91.10468758048462
STU_012965,76.83655306092685
STU_012966,74.32518127894542
STU_012967,64.37487354166312
STU_012968,76.49085832876185
STU_012969,79.13117473114507
STU_012970,58.56889357914984
STU_012971,78.69324666967837
STU_012972,78.68166770371388
STU_012973,53.12793531587971
STU_012974,61.314814626724015
STU_012975,59.1179677951366
STU_012976,83.20276060807275
STU_012977,77.52083786125682
STU_012978,91.09583053096179
STU_012979,70.01961066974519
STU_012980,69.3245740919493
STU_012981,87.8824496549905
STU_012982,71.27478751580904
STU_012983,98.96963348864838
STU_012984,55.937304431893395
STU_012985,65.92589018959224
STU_012986,62.762631168174366
STU_012987,50.982133535439665
STU_012988,82.12183783804875
STU_012989,94.85751236146277
STU_012990,63.557500647945794
STU_012991,70.22636891601763
STU_012992,56.423144063293
STU_012993,100.0
STU_012994,79.03336574707548
STU_012995,65.27162149683451
STU_012996,60.18189209220871
STU_012997,87.56226749842128
STU_012998,81.6776394602203
STU_012999,91.67238699684555
STU_013000,92.96235928990006
STU_013001,98.17987076534251
STU_013002,90.69862031168236
STU_013003,80.52324254052854
STU_013004,83.98921608948244
STU_013005,77.49487400358683
STU_013006,78.32530665864937
STU_013007,77.98671125602488
STU_013008,88.94047902890331
STU_013009,81.64660396197
STU_013010,76.081285131713
STU_013011,55.07027449053208
STU_013012,55.67799420347619
STU_013013,93.42249258471055
STU_013014,86.93096265430466
STU_013015,81.37573530209244
STU_013016,62.23254785608347
STU_013017,85.63759650961677
STU_013018,77.03932106987934
STU_013019,84.8371312257133
STU_013020,57.106250737607596
STU_013021,71.70839079456103
STU_013022,99.77925979470791
STU_013023,77.2056318099832
STU_013024,90.13637672966834
STU_013025,72.70294060977707
STU_013026,69.51739447590994
STU_013027,74.15782043977053
STU_013028,79.53458578563372
STU_013029,73.92794185994687
STU_013030,75.05659610350813
STU_013031,67.20397857540844
STU_013032,100.0
STU_013033,71.85266304628462
STU_013034,98.64167045693308
STU_013035,88.07753005832947
STU_013036,58.6489236472369
STU_013037,85.0895052190995
STU_013038,77.64198045318645
STU_013039,87.88689138744792
STU_013040,95.77729695826399
STU_013041,76.66551495706744
STU_013042,61.9400418337402
STU_013043,91.96614208491516
STU_013044,64.68365288631941
STU_013045,87.99868075614263
STU_013046,65.13546177129675
STU_013047,70.75712502733215
STU_013048,93.75592863839762
STU_013049,79.71121891437397
STU_013050,81.42513881320384
STU_013051,92.54099607657895
STU_013052,70.82726729587442
STU_013053,73.63170994273422
STU_013054,68.54749811668975
STU_013055,87.40337101608655
STU_013056,75.48652077250868
STU_013057,53.027095039317025
STU_013058,57.10469408859518
STU_013059,84.03488303175257
STU_013060,64.6815011311995
STU_013061,60.66733763080806
STU_013062,98.88377513715443
STU_013063,85.54050840865168
STU_013064,65.00572116717612
STU_013065,55.280764065149995
STU_013066,99.01599555816263
STU_013067,80.82979645615116
STU_013068,92.61175809708354
STU_013069,99.05376178441055
STU_013070,66.47177332917109
STU_013071,82.60214818705157
STU_013072,87.91196194052347
STU_013073,71.0459908782873
STU_013074,76.24807190873742
STU_013075,52.24516177056947
STU_013076,80.64362876635236
STU_013077,93.65521167851415
STU_013078,78.15441538531651
STU_013079,86.92833825810258
STU_013080,75.15689449069328
STU_013081,76.98768565946784
STU_013082,60.48294528093029
STU_013083,58.735264264025275
STU_013084,71.85308193833598
STU_013085,78.95892727186657
STU_013086,76.62537451333259
STU_013087,62.309221212734116
STU_013088,79.01845855530664
STU_013089,66.35218671457442
STU_013090,96.3452163019126
STU_013091,64.55327337526151
STU_013092,68.5040400434903
STU_013093,86.8377498021076
STU_013094,92.15935296818978
STU_013095,71.42267448007831
STU_013096,76.59822560820834
STU_013097,83.02306300568316
STU_013098,83.50670630235913
STU_013099,63.581411316504294
STU_013100,73.94961159054027
STU_013101,82.04653454701739
STU_013102,92.01420856417553
STU_013103,71.32114358529176
STU_013104,83.95346678148445
STU_013105,64.87615923018562
STU_013106,86.62619413205528
STU_013107,57.024725005530776
STU_013108,90.98132380617456
STU_013109,89.72131242744773
STU_013110,61.49621572894014
STU_013111,100.0
STU_013112,100.0
STU_013113,75.12779506124781
STU_013114,68.77222305947316
STU_013115,79.70317330098516
STU_013116,61.2212011337982
STU_013117,63.077738037551384
STU_013118,71.74039111621543
STU_013119,83.90065586527524
STU_013120,69.95452924548249
STU_013121,88.42853847077158
STU_013122,77.34466087809668
STU_013123,91.07195183905601
STU_013124,95.7035508699793
STU_013125,88.25146451087932
STU_013126,69.77277168483322
STU_013127,70.60652440773914
STU_013128,86.13612207836928
STU_013129,76.94870466409968
STU_013130,97.24520326069924
STU_013131,51.73081165675791
STU_013132,78.48085955271347
STU_013133,93.18474304218864
STU_013134,67.12061918472423
STU_013135,62.481730680743496
STU_013136,63.98122447675756
STU_013137,77.88299705959201
STU_013138,67.84619952424454
STU_013139,77.99185834875763
STU_013140,100.0
STU_013141,77.8047832799842
STU_013142,57.230361326507236
STU_013143,73.75690540349154
STU_013144,63.78020731702866
STU_013145,59.82415702364263
STU_013146,53.582028283041424
STU_013147,80.04084745970287
STU_013148,72.2235649785012
STU_013149,84.09599734492812
STU_013150,81.29959659009268
STU_013151,80.28340315565345
STU_013152,89.72937886326514
STU_013153,76.20423116402797
STU_013154,75.3317477652754
STU_013155,96.64714194965683
STU_013156,79.81500950789732
STU_013157,77.75208573580953
STU_013158,82.61719835719481
STU_013159,82.05228317272784
STU_013160,68.39213641284842
STU_013161,64.54178738906353
STU_013162,62.000653063382615
STU_013163,87.95964156117057
STU_013164,69.60951833500266
STU_013165,71.65583653289772
STU_013166,50.15794156197991
STU_013167,88.76030436983459
STU_013168,75.41258325006595
STU_013169,76.33138467621875
STU_013170,78.43214818238854
STU_013171,81.72630496155944
STU_013172,67.96878862503732
STU_013173,89.30709752180941
STU_013174,69.53262490607074
STU_013175,57.641825476059985
STU_013176,93.08263958224023
STU_013177,64.51245423233522
STU_013178,82.8719872929357
STU_013179,73.57393982165236
STU_013180,88.41729422629044
STU_013181,86.61098346657747
STU_013182,71.24954012986728
STU_013183,80.29272093521968
STU_013184,74.22365828665328
STU_013185,72.20888474357187
STU_013186,60.58893933561724
STU_013187,66.00001649145868
STU_013188,92.2641708337791
STU_013189,100.0
STU_013190,83.53233417994437
STU_013191,97.45869102461907
STU_013192,84.16941809887983
STU_013193,87.2628437800123
STU_013194,94.70526147247267
STU_013195,89.5668344652158
STU_013196,79.83155105663063
STU_013197,54.605727988496334
STU_013198,71.05144449425076
STU_013199,79.84789850128519
STU_013200,54.14013567382743
STU_013201,84.49365165720545
STU_013202,62.39768656190289
STU_013203,71.318150339308
STU_013204,62.725921268360125
STU_013205,78.96275769081873
STU_013206,67.93733410980143
STU_013207,69.88587964273238
STU_013208,72.0624345330356
STU_013209,78.06420215168244
STU_013210,59.331698173818765
STU_013211,75.12876169670892
STU_013212,60.43114684872039
STU_013213,69.57716420629558
STU_013214,88.39322884563558
STU_013215,49.955061223768865
STU_013216,99.66791103023432
STU_013217,92.42654967822278
STU_013218,68.34611982474156
STU_013219,83.29932720623523
STU_013220,96.38324440740762
STU_013221,58.40046733060088
STU_013222,61.07056012651762
STU_013223,84.4062546282935
STU_013224,70.91188363929584
STU_013225,50.344010724776595
STU_013226,78.7565311760276
STU_013227,84.24009367580695
STU_013228,69.65730017207929
STU_013229,62.314353620052124
STU_013230,72.81415918816977
STU_013231,70.67357154373796
STU_013232,68.75796938844847
STU_013233,93.18192976211836
STU_013234,69.15337395239179
STU_013235,68.6835173297147
STU_013236,90.75927460866512
STU_013237,64.29898394560664
STU_013238,78.03850417234258
STU_013239,75.46243923030924
STU_013240,60.72046099344425
STU_013241,70.08349563720469
STU_013242,72.61994007711584
STU_013243,59.99006362484139
STU_013244,73.25704538250831
STU_013245,69.69574120831197
STU_013246,64.05211003086927
STU_013247,98.18098798807432
STU_013248,93.00226703038055
STU_013249,47.6612773795657
STU_013250,72.10855468631831
STU_013251,82.31580444752638
STU_013252,88.00373038261704
STU_013253,69.34023240982638
STU_013254,93.52253537899325
STU_013255,78.8385523736901
STU_013256,72.57691093716151
STU_013257,82.05142991187253
STU_013258,66.56871188403737
STU_013259,59.31786516353928
STU_013260,69.98807690521701
STU_013261,69.72027225999759
STU_013262,60.59274118763713
STU_013263,62.97119939442269
STU_013264,89.96638106412728
STU_013265,77.6760833047607
STU_013266,71.75330796236702
STU_013267,70.0171101598332
STU_013268,62.28290480602942
STU_013269,80.60034659360406
STU_013270,93.507557223936
STU_013271,66.3344459256777
STU_013272,83.18859488732579
STU_013273,65.70874339521092
STU_013274,76.76219049412553
STU_013275,62.47030254934091
STU_013276,60.170267171900704
STU_013277,64.70966645269394
STU_013278,63.819897352344995
STU_013279,57.6304189676469
STU_013280,88.15132572385315
STU_013281,93.06489648026056
STU_013282,90.23342209154595
STU_013283,76.25009193259623
STU_013284,77.07333845295038
STU_013285,73.58210810865268
STU_013286,67.41354869210294
STU_013287,93.0571804019008
STU_013288,82.94840564804929
STU_013289,93.98448370436144
STU_013290,82.75712337592992
STU_013291,89.66427741738191
STU_013292,76.14290137326819
STU_013293,77.7476303882638
STU_013294,87.07279389140854
STU_013295,74.21899476810003
STU_013296,78.74482750680897
STU_013297,79.42537862008406
STU_013298,56.52213630609951
STU_013299,86.98529014228708
STU_013300,76.45915496730395
STU_013301,88.31342334257292
STU_013302,83.95915426821641
STU_013303,88.45813359769608
STU_013304,84.62369969743551
STU_013305,71.66899828911849
STU_013306,64.07944877834912
STU_013307,79.37715094081155
STU_013308,96.76204327147875
STU_013309,71.46666371627413
STU_013310,55.505652073624546
STU_013311,88.8520386547694
STU_013312,54.034851080568934
STU_013313,66.77491027451747
STU_013314,59.63286165026075
STU_013315,66.11942438512483
STU_013316,79.2750835044223
STU_013317,76.03819561424885
STU_013318,56.81837065757973
STU_013319,70.76930054199875
STU_013320,83.41065393022981
STU_013321,80.17753398416298
STU_013322,97.02410918412144
STU_013323,98.09148638974109
STU_013324,77.55987713081305
STU_013325,80.4056866483829
STU_013326,70.69047347925964
STU_013327,73.76818697927656
STU_013328,68.62281892597939
STU_013329,81.45609630418247
STU_013330,65.67825197983836
STU_013331,68.03057365347101
STU_013332,69.56883367484845
STU_013333,58.54539698558851
STU_013334,72.31796382922079
STU_013335,64.3368045631983
STU_013336,81.87137727366266
STU_013337,58.357550008252844
STU_013338,63.825835870476425
STU_013339,71.85081374092626
STU_013340,91.72619205299486
STU_013341,72.94159906269539
STU_013342,81.7679591456327
STU_013343,69.58556058301232
STU_013344,74.62746642949172
STU_013345,71.18507819723818
STU_013346,92.94112228560712
STU_013347,80.68870572887162
STU_013348,87.04791259761528
STU_013349,98.6441032380234
STU_013350,61.97168859256149
STU_013351,83.38224959824196
STU_013352,69.86702608387925
STU_013353,64.27186112703616
STU_013354,63.2516382121611
STU_013355,89.94325724462152
STU_013356,64.18420783697346
STU_013357,65.37610003996922
STU_013358,73.68678276056664
STU_013359,79.41402228341855
STU_013360,74.1724320559552
STU_013361,71.56825694004164
STU_013362,82.63828121157587
STU_013363,76.39998673891628
STU_013364,67.06027184709012
STU_013365,84.66723428965699
STU_013366,95.68771123516555
STU_013367,84.252196635385
STU_013368,84.96428047127745
STU_013369,56.740022538329065
STU_013370,83.12715669740535
STU_013371,75.67270633915798
STU_013372,74.63900725051387
STU_013373,76.00295813084354
STU_013374,89.19430895039491
STU_013375,92.43307064568597
STU_013376,45.044070784471174
STU_013377,83.29997908235046
STU_013378,62.2152607753072
STU_013379,77.42246896975513
STU_013380,85.61263150806624
STU_013381,94.46300610008592
STU_013382,99.55029627505823
STU_013383,64.81658776666617
STU_013384,59.709071886412865
STU_013385,65.73575485080609
STU_013386,95.52942896491425
STU_013387,60.50250249825335
STU_013388,84.33273336792013
STU_013389,65.78615992423398
STU_013390,68.80334678024764
STU_013391,87.29045833818928
STU_013392,97.69161925736032
STU_013393,68.60384875705469
STU_013394,100.0
STU_013395,63.99359750049476
STU_013396,69.0013186462337
STU_013397,99.30771938041488
STU_013398,90.8202523231808
STU_013399,62.263384948606145
STU_013400,65.98641251615818
STU_013401,100.0
STU_013402,80.06314711157142
STU_013403,96.43856849332533
STU_013404,66.33978719101283
STU_013405,77.42120605683618
STU_013406,99.91948510747741
STU_013407,71.57292924473565
STU_013408,68.85776940013571
STU_013409,58.71237043749626
STU_013410,75.41554324034935
STU_013411,62.883695020487956
STU_013412,64.06825103206079
STU_013413,72.70994088874524
STU_013414,89.08408824176794
STU_013415,75.85418993920725
STU_013416,55.6680545668431
STU_013417,70.58385600065715
STU_013418,50.46504689467417
STU_013419,64.89817772554639
STU_013420,96.3660193322909
STU_013421,100.0
STU_013422,91.29167682986551
STU_013423,56.36956842300211
STU_013424,97.63901588354162
STU_013425,81.44988064145527
STU_013426,56.1158280321363
STU_013427,67.6330149264583
STU_013428,75.78519841274502
STU_013429,92.14928530759627
STU_013430,67.70282459233215
STU_013431,62.925788769699246
STU_013432,77.7812238670668
STU_013433,94.21631609733026
STU_013434,88.18038406925666
STU_013435,94.31934334510753
STU_013436,69.51221117295626
STU_013437,70.57217342192777
STU_013438,80.63479436394931
STU_013439,89.17358908034633
STU_013440,76.13378625752657
STU_013441,96.91144065568466
STU_013442,95.30896741175681
STU_013443,67.16148662714016
STU_013444,78.88710267717559
STU_013445,79.08801800630482
STU_013446,88.33255367255458
STU_013447,86.10122174020374
STU_013448,79.95050450090264
STU_013449,81.41737053786878
STU_013450,91.97468936118628
STU_013451,68.2132466638581
STU_013452,75.95757629157524
STU_013453,82.60601696189663
STU_013454,74.01260547833516
STU_013455,94.71544757071703
STU_013456,70.14811533827995
STU_013457,68.30310768580992
STU_013458,72.04548276590087
STU_013459,57.25446634455645
STU_013460,59.50466621298012
STU_013461,72.33785988315945
STU_013462,59.77434406156203
STU_013463,85.11676594595522
STU_013464,57.58413154120652
STU_013465,62.46993529468037
STU_013466,86.28073119400773
STU_013467,62.14375465321143
STU_013468,93.91026688281116
STU_013469,80.94101078437686
STU_013470,90.04654868494205
STU_013471,80.95063638314532
STU_013472,81.98664842981896
STU_013473,66.58927626060719
STU_013474,77.45158235624268
STU_013475,86.94306412581565
STU_013476,79.59120318969862
STU_013477,67.64410135157262
STU_013478,78.68104325273464
STU_013479,71.2249993989459
STU_013480,85.64539942271986
STU_013481,79.06680138387455
STU_013482,81.0794870760777
STU_013483,79.20656305870725
STU_013484,89.00225242345164
STU_013485,94.41883101651595
STU_013486,52.50965375150788
STU_013487,77.14375952315194
STU_013488,79.17915509679548
STU_013489,77.9704488369272
STU_013490,74.73863118805862
STU_013491,85.48243496099789
STU_013492,80.31105150815813
STU_013493,65.19591483047914
STU_013494,77.97928269832204
STU_013495,82.77825322754376
STU_013496,86.48963641205779
STU_013497,52.84206686452026
STU_013498,72.23305295857962
STU_013499,82.94591230372534
STU_013500,66.59658930385972
STU_013501,84.03686769812374
STU_013502,82.01201338110103
STU_013503,71.85829233206695
STU_013504,88.0675828039846
STU_013505,73.52146161577619
STU_013506,91.69437399232535
STU_013507,65.77951261185761
STU_013508,71.50086826731713
STU_013509,81.72650628756111
STU_013510,68.39961243291822
STU_013511,80.39893382840793
STU_013512,61.75371131172644
STU_013513,51.03638180071945
STU_013514,84.63834842189384
STU_013515,72.42625662505898
STU_013516,100.0
STU_013517,82.34648350553367
STU_013518,76.20198662864814
STU_013519,98.79752384441633
STU_013520,71.30038443393687
STU_013521,64.79927370651635
STU_013522,67.49019729742116
STU_013523,95.94382665200378
STU_013524,80.98267295747179
STU_013525,72.36069676831168
STU_013526,75.62198114953837
STU_013527,68.619106226237
STU_013528,55.0283208467433
STU_013529,94.64653139825572
STU_013530,69.08862154916935
STU_013531,93.1076775450755
STU_013532,59.981524157876635
STU_013533,75.33784601525753
STU_013534,86.96548872448102
STU_013535,95.54990419916209
STU_013536,84.53858540591601
STU_013537,77.6755631594451
STU_013538,91.74812632935614
STU_013539,67.9072152543055
STU_013540,100.0
STU_013541,63.93882996915352
STU_013542,86.66611487923485
STU_013543,72.01959812437046
STU_013544,73.62176502237259
STU_013545,87.26222836873868
STU_013546,94.55563051187607
STU_013547,98.01181814123484
STU_013548,82.95307539157793
STU_013549,59.97599548649272
STU_013550,79.32741501252725
STU_013551,70.85357730342602
STU_013552,85.0315018267132
STU_013553,71.9850233053964
STU_013554,75.12423655428117
STU_013555,63.48230416391498
STU_013556,86.75462826466767
STU_013557,71.47404830554913
STU_013558,67.04434110046782
STU_013559,88.79779201669852
STU_013560,54.69077397446689
STU_013561,71.61645213406815
STU_013562,91.315953948313
STU_013563,87.27254801740352
STU_013564,57.52759274519674
STU_013565,80.27530325208492
STU_013566,71.41079987309351
STU_013567,90.96147977697487
STU_013568,75.46629011340431
STU_013569,74.8792571553002
STU_013570,73.03300209278738
STU_013571,74.84935982860797
STU_013572,60.55142811029354
STU_013573,65.41968528231405
STU_013574,76.89187824050873
STU_013575,57.6176883342053
STU_013576,73.68552932730242
STU_013577,63.63342815168712
STU_013578,70.03853520784672
STU_013579,73.47911580551886
STU_013580,85.16058087599748
STU_013581,57.62565559652208
STU_013582,72.78527558488844
STU_013583,71.21196905145426
STU_013584,74.88638561449528
STU_013585,65.18199992843816
STU_013586,64.61987493605514
STU_013587,95.78020236535934
STU_013588,70.31678937999096
STU_013589,76.4794308242798
STU_013590,82.82815596597618
STU_013591,86.24377612767137
STU_013592,96.73370710988846
STU_013593,95.76915233560004
STU_013594,69.32290434208558
STU_013595,64.71140616406055
STU_013596,84.3880927498279
STU_013597,66.96545466660358
STU_013598,78.56314071562198
STU_013599,73.49897993409984
STU_013600,96.12506974733196
STU_013601,68.02674595919102
STU_013602,66.11463345246582
STU_013603,89.70268548094819
STU_013604,65.94812360439683
STU_013605,90.74526547634402
STU_013606,67.394487003871
STU_013607,44.43253924332559
STU_013608,76.72584372401147
STU_013609,80.3229689848137
STU_013610,92.97946710185447
STU_013611,92.3062729136283
STU_013612,64.37016771821355
STU_013613,78.48884472195046
STU_013614,56.57693361364464
STU_013615,76.93114267750153
STU_013616,81.8062921972732
STU_013617,66.08135363504351
STU_013618,61.67816256808452
STU_013619,65.49685841950246
STU_013620,71.86662288765123
STU_013621,72.41753281999227
STU_013622,63.41949666271358
STU_013623,52.027227832216695
STU_013624,53.98421289354258
STU_013625,81.80784371182146
STU_013626,73.96584640253934
STU_013627,81.9352270438763
STU_013628,97.16803913098607
STU_013629,79.06212303826649
STU_013630,64.68146918130743
STU_013631,66.56604774215334
STU_013632,57.21056210797583
STU_013633,90.21041556001545
STU_013634,66.95156937597389
STU_013635,93.79005717950096
STU_013636,72.32218238603087
STU_013637,81.49177283136686
STU_013638,76.74048847342645
STU_013639,67.80094991453943
STU_013640,80.28414557784056
STU_013641,87.47670226269214
STU_013642,74.77353214333327
STU_013643,82.90590333625113
STU_013644,62.107575427787665
STU_013645,73.25971518354359
STU_013646,85.27368337947627
STU_013647,80.29721099458581
STU_013648,93.22018966015163
STU_013649,73.15590491048441
STU_013650,93.8380126122245
STU_013651,72.45576872373103
STU_013652,67.11354720726943
STU_013653,82.43252603061433
STU_013654,77.70274352583161
STU_013655,77.80021370632566
STU_013656,95.3364384273218
STU_013657,65.99695846033795
STU_013658,85.31332113719797
STU_013659,71.49471899625004
STU_013660,68.46423640046024
STU_013661,79.24545691971989
STU_013662,83.15771222573557
STU_013663,78.10528508036047
STU_013664,92.17856431629647
STU_013665,77.99536869845373
STU_013666,82.03932711396634
STU_013667,58.97706205132914
STU_013668,92.192861979789
STU_013669,62.3656115688074
STU_013670,84.70633059178913
STU_013671,99.57982534801894
STU_013672,70.07289027169821
STU_013673,94.35147181772892
STU_013674,77.02449190935971
STU_013675,60.72383966738398
STU_013676,74.2060051835475
STU_013677,80.70152404498393
STU_013678,74.69408157463597
STU_013679,68.96465184581595
STU_013680,57.23288201148574
STU_013681,97.2012483848486
STU_013682,44.18662399914919
STU_013683,58.77137425224305
STU_013684,73.01042302989771
STU_013685,83.28012110941074
STU_013686,87.32177656600294
STU_013687,73.57353999346427
STU_013688,66.15424091907029
STU_013689,99.0737506810991
STU_013690,89.12271107744601
STU_013691,68.20314663333008
STU_013692,60.98539202151962
STU_013693,84.95593537163438
STU_013694,76.44490964129535
STU_013695,71.86612029801998
STU_013696,98.34807328331169
STU_013697,69.23800896218108
STU_013698,64.83778813521133
STU_013699,72.36872257766703
STU_013700,82.32938270904737
STU_013701,83.42780253914574
STU_013702,90.95187449704346
STU_013703,70.7189053699692
STU_013704,80.59354221537957
STU_013705,84.11696151125983
STU_013706,64.23215407741215
STU_013707,63.06004877340579
STU_013708,54.023625695079296
STU_013709,90.439142540203
STU_013710,79.48692151018305
STU_013711,96.9117264988245
STU_013712,77.60074772163676
STU_013713,66.52700393038648
STU_013714,70.53874086135235
STU_013715,96.45413241004496
STU_013716,71.08816024954392
STU_013717,57.453880059918774
STU_013718,86.09235778915159
STU_013719,71.0839389614585
STU_013720,48.8032461729383
STU_013721,57.252889332902356
STU_013722,78.19458221750143
STU_013723,81.94324712029422
STU_013724,91.94611435217112
STU_013725,65.40452763559878
STU_013726,62.627719858301354
STU_013727,60.63584219164201
STU_013728,92.58701439368838
STU_013729,86.83304430124886
STU_013730,79.77165618992878
STU_013731,84.16470442906946
STU_013732,78.53292646272702
STU_013733,84.89236106459177
STU_013734,61.36312526914833
STU_013735,79.2331490173381
STU_013736,96.44376560433693
STU_013737,86.55878501008213
STU_013738,72.65907093551351
STU_013739,72.08656723996039
STU_013740,79.65824262887065
STU_013741,77.41356983540193
STU_013742,93.29544709315115
STU_013743,94.55262592172106
STU_013744,61.61973707394948
STU_013745,89.63721072376251
STU_013746,87.81811367592167
STU_013747,92.3863933997432
STU_013748,74.86524618111949
STU_013749,94.92335417200826
STU_013750,73.17654723329629
STU_013751,73.60310460691618
STU_013752,79.5206872238104
STU_013753,84.11940137999773
STU_013754,72.41951641001711
STU_013755,69.81963065381414
STU_013756,66.93598399152795
STU_013757,98.98900036711582
STU_013758,97.14687336232888
STU_013759,59.585130806409694
STU_013760,61.52313833807205
STU_013761,89.53751359726289
STU_013762,70.56881778560316
STU_013763,76.34008986018027
STU_013764,65.67684724083053
STU_013765,62.08375230394935
STU_013766,84.63190714020227
STU_013767,84.36593640201913
STU_013768,71.65665436275846
STU_013769,57.03347423062381
STU_013770,87.3826031169607
STU_013771,96.02551435336127
STU_013772,68.79935218972616
STU_013773,70.02570221469415
STU_013774,75.46481432103545
STU_013775,75.74243632762831
STU_013776,58.00858008379413
STU_013777,72.93424871226082
STU_013778,88.32272880910637
STU_013779,98.43840357876428
STU_013780,69.9686092895103
STU_013781,60.71173289616225
STU_013782,75.92209553104067
STU_013783,88.9144199010822
STU_013784,77.9362263305738
STU_013785,68.32750205101966
STU_013786,76.4593420806343
STU_013787,93.71168232525679
STU_013788,58.650841729085826
STU_013789,88.53284708450582
STU_013790,67.47206365533613
STU_013791,82.26853275110696
STU_013792,100.0
STU_013793,71.45476038284492
STU_013794,81.14263312619947
STU_013795,79.51592001303501
STU_013796,70.65546073459566
STU_013797,88.4941737410359
STU_013798,58.10457147967996
STU_013799,80.54512976499271
STU_013800,83.02596193764694
STU_013801,98.82024186055216
STU_013802,84.040580801935
STU_013803,74.74220443553607
STU_013804,71.68152839102021
STU_013805,94.48711232825357
STU_013806,74.3955949927279
STU_013807,69.54331372697021
STU_013808,75.72433798025105
STU_013809,79.0081701922957
STU_013810,82.37526846281432
STU_013811,70.15692114745038
STU_013812,78.54252459540113
STU_013813,72.9208477210001
STU_013814,64.69037960121518
STU_013815,80.75353083851
STU_013816,70.43042093001606
STU_013817,79.5385962804115
STU_013818,53.7645858274324
STU_013819,79.18048908012815
STU_013820,75.40989627326474
STU_013821,70.60517361100545
STU_013822,97.07324820759777
STU_013823,93.6543921884181
STU_013824,71.41560395222966
STU_013825,62.468948655839185
STU_013826,82.76683684808424
STU_013827,80.15838246892699
STU_013828,85.53526288194159
STU_013829,78.6761576139107
STU_013830,85.7449757881185
STU_013831,80.69848958690508
STU_013832,90.35406955018537
STU_013833,82.69981595899173
STU_013834,69.84270680820964
STU_013835,84.43889352838582
STU_013836,64.98576853199634
STU_013837,91.0399789254183
STU_013838,54.68933219993015
STU_013839,61.49904117456462
STU_013840,65.91307922030786
STU_013841,99.28016296407654
STU_013842,83.47290249405276
STU_013843,76.72438229392657
STU_013844,71.3643864364523
STU_013845,90.60093290588395
STU_013846,88.97877319307182
STU_013847,42.683341876660315
STU_013848,100.0
STU_013849,61.17766873883022
STU_013850,72.55361988940251
STU_013851,65.24385552870126
STU_013852,82.4923659317293
STU_013853,65.05774650123192
STU_013854,84.47264315396279
STU_013855,74.19716616997195
STU_013856,57.60898612317045
STU_013857,78.5047890176977
STU_013858,85.84206130568535
STU_013859,81.3875111513573
STU_013860,74.02156437518099
STU_013861,70.59065260415119
STU_013862,82.33601920644891
STU_013863,81.29197861505115
STU_013864,69.63027605625072
STU_013865,90.98115457293025
STU_013866,54.38470001528971
STU_013867,74.41476150379513
STU_013868,94.83735311365905
STU_013869,70.98155152371825
STU_013870,48.50562783697637
STU_013871,73.87932194810084
STU_013872,98.20634971023443
STU_013873,71.72205647529265
STU_013874,62.30474496809741
STU_013875,65.17151747082826
STU_013876,74.50670395460271
STU_013877,57.76797092121485
STU_013878,64.28603224899338
STU_013879,63.034613111914744
STU_013880,94.56765188817492
STU_013881,70.829634254873
STU_013882,80.80780076084008
STU_013883,71.12202984978674
STU_013884,80.0656668060634
STU_013885,91.18395391163001
STU_013886,86.63952582551343
STU_013887,75.62439474883247
STU_013888,80.26528101692895
STU_013889,78.18775347564778
STU_013890,95.20012872945512
STU_013891,89.21698590849869
STU_013892,75.717776609978
STU_013893,61.30571346581518
STU_013894,98.07067417619908
STU_013895,55.4300768382142
STU_013896,93.13635784173643
STU_013897,78.92172451378785
STU_013898,83.09966265999867
STU_013899,86.46337916573441
STU_013900,67.29388527685354
STU_013901,76.23006770096407
STU_013902,73.29934534629824
STU_013903,69.30731412205219
STU_013904,67.75870546649227
STU_013905,87.37764866295171
STU_013906,78.2298876692405
STU_013907,62.463376884867856
STU_013908,68.45297991120177
STU_013909,86.93472516482137
STU_013910,58.957964947638246
STU_013911,82.36805210631182
STU_013912,81.2684216521787
STU_013913,69.50960564913323
STU_013914,64.35734603235757
STU_013915,69.02819564678188
STU_013916,95.48619475727051
STU_013917,53.079647353204464
STU_013918,51.3622683539039
STU_013919,76.852472977204
STU_013920,79.3559386411024
STU_013921,59.55966335508372
STU_013922,93.81376227226771
STU_013923,90.52539145155764
STU_013924,85.26655832810016
STU_013925,67.76352365011077
STU_013926,83.09186700670257
STU_013927,96.7089661525352
STU_013928,43.64895400749583
STU_013929,62.10571309978968
STU_013930,70.31022188058884
STU_013931,62.48245847756829
STU_013932,65.46551023844124
STU_013933,54.75619834165623
STU_013934,68.72798458398535
STU_013935,76.7306468041469
STU_013936,89.55435515637097
STU_013937,84.31710607176103
STU_013938,75.85197375896364
STU_013939,65.67831127824604
STU_013940,66.99504581585549
STU_013941,68.22746757361985
STU_013942,100.0
STU_013943,65.35039131895186
STU_013944,88.55831695700851
STU_013945,81.17832391140848
STU_013946,96.38169203329855
STU_013947,81.33719690215648
STU_013948,79.28169252510489
STU_013949,49.33311623160977
STU_013950,85.75993421479942
STU_013951,58.291733848273374
STU_013952,95.09857179305924
STU_013953,65.4979570497023
STU_013954,49.72631026830986
STU_013955,66.51904525521789
STU_013956,79.71806642004411
STU_013957,78.81877360138907
STU_013958,71.61886371859505
STU_013959,70.88816664040023
STU_013960,80.00177996975022
STU_013961,69.1806860393978
STU_013962,64.96392336793478
STU_013963,65.21238732580862
STU_013964,73.26692505509105
STU_013965,63.03349143881978
STU_013966,70.48650425849114
STU_013967,71.70354829497515
STU_013968,92.89976832417501
STU_013969,54.28988008509683
STU_013970,89.10130287436883
STU_013971,64.60015450440065
STU_013972,73.58990859920873
STU_013973,73.60033604325486
STU_013974,93.50648788792
STU_013975,85.52772316327562
STU_013976,70.61469108888494
STU_013977,83.99606833545486
STU_013978,93.69490034507517
STU_013979,88.22324110785166
STU_013980,78.70643430990108
STU_013981,76.18470735997585
STU_013982,69.22571877597393
STU_013983,79.204152262649
STU_013984,69.35187393406912
STU_013985,85.83436249585918
STU_013986,66.7557928183326
STU_013987,91.19088739339651
STU_013988,73.44259615105194
STU_013989,64.78925566408302
STU_013990,68.79248910490692
STU_013991,79.30516445337706
STU_013992,79.77893711757703
STU_013993,78.80471719595342
STU_013994,73.44292126608545
STU_013995,58.59054665038368
STU_013996,76.0997634809521
STU_013997,92.31406206813244
STU_013998,64.03607544200045
STU_013999,75.48062148407907
STU_014000,76.40151999241742
STU_014001,65.31169567723231
STU_014002,62.91615964532682
STU_014003,72.18344134205837
STU_014004,59.12241085710689
STU_014005,66.17567076536457
STU_014006,65.38747820933955
STU_014007,82.2384624649349
STU_014008,60.86090889222925
STU_014009,97.80379453271723
STU_014010,73.74330656061599
STU_014011,77.453116464885
STU_014012,94.49395597785738
STU_014013,51.43902748826212
STU_014014,85.08461394037096
STU_014015,85.44743531504821
STU_014016,66.1784015194794
STU_014017,78.56992022812052
STU_014018,76.34475744938712
STU_014019,87.65420445758268
STU_014020,83.32649662109645
STU_014021,91.24240770047723
STU_014022,72.20768674228503
STU_014023,66.68334242079126
STU_014024,74.73227367294531
STU_014025,79.96682576017284
STU_014026,72.67088566381304
STU_014027,100.0
STU_014028,80.81643317593593
STU_014029,76.48997385234112
STU_014030,80.71413101234774
STU_014031,74.06785470089437
STU_014032,70.62206817353697
STU_014033,74.30913261450928
STU_014034,89.6212527660249
STU_014035,93.5335913858962
STU_014036,56.257398413503935
STU_014037,52.844683652035236
STU_014038,83.81625614623647
STU_014039,87.16937161856879
STU_014040,70.35721769694673
STU_014041,75.88710375622689
STU_014042,69.33871361013433
STU_014043,69.6116330503773
STU_014044,100.0
STU_014045,79.45765721741232
STU_014046,67.16626413914804
STU_014047,89.04238032117863
STU_014048,64.11578627503627
STU_014049,85.22590785015606
STU_014050,75.91498640860415
STU_014051,74.40961585197114
STU_014052,80.84117383879824
STU_014053,89.94200243641833
STU_014054,88.09328834280899
STU_014055,100.0
STU_014056,76.88449792705923
STU_014057,65.52854326399067
STU_014058,75.20376747756026
STU_014059,57.99762540658548
STU_014060,75.47120417656089
STU_014061,70.36273242349067
STU_014062,88.2000917434178
STU_014063,71.34127306687121
STU_014064,65.28221950909604
STU_014065,61.277155396184206
STU_014066,44.974011571747695
STU_014067,94.34886645096486
STU_014068,71.0474781763059
STU_014069,76.53540770742326
STU_014070,76.18859290123196
STU_014071,42.1303295302821
STU_014072,73.62399812529905
STU_014073,79.20167859895422
STU_014074,73.55724807391837
STU_014075,73.28083817118613
STU_014076,64.38875583024544
STU_014077,55.82858407293436
STU_014078,55.34661967978798
STU_014079,81.08732079262967
STU_014080,87.79408572599478
STU_014081,99.9549060636284
STU_014082,84.08657047085346
STU_014083,61.81960848086334
STU_014084,75.89251799358672
STU_014085,97.86231667527528
STU_014086,56.75819563028925
STU_014087,69.74222972471534
STU_014088,72.3745150554038
STU_014089,69.22954859380353
STU_014090,67.29804699472123
STU_014091,89.51816796682462
STU_014092,70.52940777129679
STU_014093,71.70054803767543
STU_014094,62.032802460690625
STU_014095,82.16982541517115
STU_014096,84.31489123453132
STU_014097,90.64693637586912
STU_014098,69.49406910820856
STU_014099,73.43803746162455
STU_014100,63.95083025634191
STU_014101,75.54859145937002
STU_014102,80.91268355500836
STU_014103,72.48361242827075
STU_014104,96.37823556648112
STU_014105,44.110722641782424
STU_014106,68.06373446635311
STU_014107,88.34231964188832
STU_014108,81.89298325133659
STU_014109,78.91713359272953
STU_014110,87.39402045333333
STU_014111,90.12564089261404
STU_014112,62.50345138890433
STU_014113,58.844510002056296
STU_014114,65.63176599140888
STU_014115,77.39723648791856
STU_014116,99.21416331128316
STU_014117,66.72461019398385
STU_014118,95.35910677559869
STU_014119,68.0319882936998
STU_014120,67.44871170246554
STU_014121,62.94436341557196
STU_014122,60.180446786364975
STU_014123,60.068204991073145
STU_014124,58.48853105244183
STU_014125,86.44516212745464
STU_014126,64.57287486420334
STU_014127,71.16231343363697
STU_014128,57.87682245929115
STU_014129,87.3967374991155
STU_014130,80.09882699891863
STU_014131,87.18635781203403
STU_014132,78.61712868374237
STU_014133,73.09081871502781
STU_014134,44.84863343208228
STU_014135,76.04782588267248
STU_014136,72.67571916860699
STU_014137,96.9680450668526
STU_014138,57.06845558289247
STU_014139,73.16721599310301
STU_014140,76.39494188652021
STU_014141,88.79988530005512
STU_014142,76.79557644171872
STU_014143,76.09337592743805
STU_014144,97.41916991606666
STU_014145,71.13957918053131
STU_014146,94.83581243839177
STU_014147,80.54584865137392
STU_014148,90.10214226006593
STU_014149,81.05696084205735
STU_014150,64.37721707009436
STU_014151,96.62022941256832
STU_014152,90.28205898484758
STU_014153,59.637064229216435
STU_014154,76.3275980738712
STU_014155,72.05524117791484
STU_014156,93.34145552502196
STU_014157,81.25494531461572
STU_014158,79.42663849974275
STU_014159,80.86414484807187
STU_014160,92.64334623944083
STU_014161,80.80718996215784
STU_014162,93.26471740662285
STU_014163,76.06025239695775
STU_014164,59.05760900724678
STU_014165,95.46857339779335
STU_014166,69.3043694444385
STU_014167,80.6253827590719
STU_014168,64.26488511860407
STU_014169,56.00984633175125
STU_014170,82.87955484999767
STU_014171,85.96413374059114
STU_014172,83.76886478896154
STU_014173,67.79960257577613
STU_014174,80.94295255307696
STU_014175,81.70675672087015
STU_014176,68.22739182521467
STU_014177,70.61383539659408
STU_014178,76.82612462286663
STU_014179,88.88406601307577
STU_014180,82.16985237537156
STU_014181,78.05474454900792
STU_014182,92.18519696171565
STU_014183,66.80883020473381
STU_014184,85.10124810291069
STU_014185,79.70597675664519
STU_014186,92.29645224637547
STU_014187,94.4653380721426
STU_014188,72.74581044384428
STU_014189,63.89723344918486
STU_014190,70.05965352801445
STU_014191,68.67719791361968
STU_014192,62.43194564008492
STU_014193,85.09219842406102
STU_014194,70.80524014662164
STU_014195,64.3050536366216
STU_014196,83.07606871239167
STU_014197,65.08541068208551
STU_014198,70.50319921696693
STU_014199,60.96256782301615
STU_014200,74.53638641817197
STU_014201,80.85687672923747
STU_014202,82.02803202432324
STU_014203,64.08263922969279
STU_014204,88.18420263058272
STU_014205,67.847964119679
STU_014206,74.10918213725034
STU_014207,72.73571797612402
STU_014208,70.03890112382555
STU_014209,68.25753945608506
STU_014210,93.20500601654466
STU_014211,78.79093652040096
STU_014212,99.52989790771197
STU_014213,75.53516830054463
STU_014214,64.6798895639596
STU_014215,69.83995222454543
STU_014216,71.7764202798378
STU_014217,83.59251132843542
STU_014218,100.0
STU_014219,67.6231730719753
STU_014220,73.0054958519248
STU_014221,80.50924465270414
STU_014222,81.39734983563375
STU_014223,87.88275948978249
STU_014224,96.6247254794908
STU_014225,75.99295175952795
STU_014226,59.057266949394474
STU_014227,72.65708600363065
STU_014228,61.012952411734915
STU_014229,90.88003869913642
STU_014230,89.85333232544266
STU_014231,79.70904045208611
STU_014232,77.29214161922748
STU_014233,56.97389846303672
STU_014234,100.0
STU_014235,77.89657409468424
STU_014236,71.19048251781143
STU_014237,84.48752925196906
STU_014238,48.073410610293266
STU_014239,90.39936293300048
STU_014240,69.08088266125517
STU_014241,82.88121708344892
STU_014242,89.95680887492702
STU_014243,62.58157430782275
STU_014244,78.23224519526698
STU_014245,80.0196086383288
STU_014246,75.70362103418564
STU_014247,65.47250883696917
STU_014248,90.39150212726096
STU_014249,77.74554394042337
STU_014250,82.0854933642031
STU_014251,77.91825460955111
STU_014252,66.32144621706557
STU_014253,89.8205688868655
STU_014254,72.1563520596621
STU_014255,97.87792637326578
STU_014256,70.45361402018405
STU_014257,74.29380154263345
STU_014258,86.48387995754602
STU_014259,65.97195565632231
STU_014260,83.03130860762033
STU_014261,85.40050248390362
STU_014262,78.58596317770453
STU_014263,61.83283831805812
STU_014264,89.5471573560053
STU_014265,66.9220567359005
STU_014266,80.11120661941058
STU_014267,94.2563293082459
STU_014268,90.20801749119909
STU_014269,71.53453162184987
STU_014270,74.3237079744336
STU_014271,66.3949435809353
STU_014272,69.91153342865384
STU_014273,68.17588586407123
STU_014274,63.52854931969904
STU_014275,83.00737401025835
STU_014276,65.78011017466535
STU_014277,88.25485385767936
STU_014278,60.865176992497496
STU_014279,94.9248294786049
STU_014280,55.23401926493342
STU_014281,89.10534452750673
STU_014282,68.85119491738735
STU_014283,59.28867625827062
STU_014284,82.49292064953192
STU_014285,92.56456744096667
STU_014286,65.6391020898166
STU_014287,78.95951269185345
STU_014288,50.15784060265673
STU_014289,75.07812559008083
STU_014290,75.64724662036399
STU_014291,69.90396964174937
STU_014292,76.81086106457975
STU_014293,73.20643062968298
STU_014294,62.77371137874127
STU_014295,71.45558546092404
STU_014296,62.61018907402796
STU_014297,58.34419047611361
STU_014298,74.58999720475389
STU_014299,78.22914142646286
STU_014300,89.49875774425732
STU_014301,58.15119344588241
STU_014302,100.0
STU_014303,93.43191402316612
STU_014304,61.798553895428945
STU_014305,79.44461256897723
STU_014306,74.52956406390743
STU_014307,98.782367667589
STU_014308,69.59719991674038
STU_014309,92.80121790143059
STU_014310,70.61048530356956
STU_014311,99.78911363009767
STU_014312,79.81262451608038
STU_014313,72.20645195772425
STU_014314,65.30471336136384
STU_014315,79.09463885268198
STU_014316,74.3348324326111
STU_014317,69.816452932346
STU_014318,76.73900261582541
STU_014319,62.817810847868174
STU_014320,76.64414163994704
STU_014321,64.07202857823384
STU_014322,91.14496388164775
STU_014323,86.13475965739339
STU_014324,84.33349124593451
STU_014325,80.66749000639746
STU_014326,85.20656309099664
STU_014327,70.0394698494469
STU_014328,53.258384131782435
STU_014329,92.95896050264867
STU_014330,54.91961802573266
STU_014331,65.21418609976017
STU_014332,58.29673212853686
STU_014333,62.785141985519424
STU_014334,92.02223607469847
STU_014335,80.99116325499054
STU_014336,90.81689900524472
STU_014337,83.79340742037773
STU_014338,65.60888278260025
STU_014339,67.31530700853843
STU_014340,59.97762669592153
STU_014341,91.77855922183691
STU_014342,58.77411843726475
STU_014343,68.55761423698016
STU_014344,48.98496370396979
STU_014345,77.27328116979861
STU_014346,87.80247116369168
STU_014347,67.038141746092
STU_014348,73.76913546146885
STU_014349,66.15863079140516
STU_014350,70.35669906226127
STU_014351,73.76689017795114
STU_014352,90.33208880135066
STU_014353,92.920976052784
STU_014354,89.2009476646349
STU_014355,63.76096242056772
STU_014356,49.560670055301244
STU_014357,83.7108507941577
STU_014358,58.781400575830574
STU_014359,77.04590944499722
STU_014360,57.92622000118483
STU_014361,72.05860513802261
STU_014362,98.81481064393031
STU_014363,50.12206685101147
STU_014364,84.7686260053141
STU_014365,64.05513152993989
STU_014366,77.35958497850505
STU_014367,72.63452757768049
STU_014368,89.72446055072137
STU_014369,87.32161509589585
STU_014370,93.76074533490622
STU_014371,74.85132744706272
STU_014372,88.48322707790477
STU_014373,67.73200319989802
STU_014374,76.51690551805879
STU_014375,80.27002170693851
STU_014376,90.88327262996262
STU_014377,81.45045198628534
STU_014378,96.8904730114981
STU_014379,76.41553461700836
STU_014380,82.32468370112295
STU_014381,41.946710308041276
STU_014382,77.68529281468192
STU_014383,71.20517261373567
STU_014384,87.55231730375532
STU_014385,90.51642593054024
STU_014386,62.09794168835944
STU_014387,78.32101014458418
STU_014388,69.4577724164911
STU_014389,76.66023001358296
STU_014390,71.70158995679895
STU_014391,47.445605357354175
STU_014392,86.54857452081596
STU_014393,87.38259684935083
STU_014394,76.20224723459107
STU_014395,93.98484393052493
STU_014396,93.65772852709087
STU_014397,83.78572983842557
STU_014398,99.78581089583983
STU_014399,72.98872206931485
STU_014400,94.55416362810305
STU_014401,80.44291522031332
STU_014402,78.26306974016025
STU_014403,77.51516204738304
STU_014404,80.01021734559436
STU_014405,67.26169741376829
STU_014406,80.5163662656855
STU_014407,99.96485157512839
STU_014408,61.1951133187695
STU_014409,53.62045265089443
STU_014410,71.84457448255557
STU_014411,66.62899067879265
STU_014412,71.66450112308085
STU_014413,83.53402626292926
STU_014414,66.6882789747694
STU_014415,74.31997563281338
STU_014416,79.46078750076671
STU_014417,94.44311640859732
STU_014418,89.14747797188787
STU_014419,55.91356494382704
STU_014420,91.1546958807534
STU_014421,92.36891079196992
STU_014422,73.15052536227074
STU_014423,93.2111173337144
STU_014424,80.72064215176161
STU_014425,98.9077619005728
STU_014426,69.93806374271607
STU_014427,85.25790213135878
STU_014428,95.09078246706858
STU_014429,92.66272471688812
STU_014430,56.410679288599496
STU_014431,58.51699398829513
STU_014432,66.54906533093893
STU_014433,59.663763815775496
STU_014434,77.0165133199363
STU_014435,93.58992974390742
STU_014436,59.537273373497946
STU_014437,69.97330626119714
STU_014438,74.59716278327673
STU_014439,84.99552390583328
STU_014440,51.17122603836715
STU_014441,65.21472153656535
STU_014442,74.86144766121896
STU_014443,54.01042144674726
STU_014444,55.0062707774495
STU_014445,70.03889652029662
STU_014446,67.01802861837383
STU_014447,93.58406378582897
STU_014448,63.979295914550896
STU_014449,52.314225978116625
STU_014450,69.75655691767837
STU_014451,88.57040791375462
STU_014452,90.91021199667719
STU_014453,100.0
STU_014454,90.25690487923913
STU_014455,84.66344317872286
STU_014456,83.71889769544084
STU_014457,64.3836763267381
STU_014458,66.13990958410466
STU_014459,76.59013523262279
STU_014460,100.0
STU_014461,89.29264306594953
STU_014462,85.40921652103938
STU_014463,80.72488753831013
STU_014464,73.89365906147383
STU_014465,88.3823036636841
STU_014466,72.31737099438527
STU_014467,73.65171834859758
STU_014468,71.45539192586111
STU_014469,87.3005354394432
STU_014470,76.59189337888016
STU_014471,81.2050456901573
STU_014472,65.91873340017703
STU_014473,71.69287760874181
STU_014474,88.13378055634726
STU_014475,60.72520818609606
STU_014476,67.49370632197815
STU_014477,89.80934666451199
STU_014478,85.32337780681715
STU_014479,97.09977283190864
STU_014480,76.47275216650952
STU_014481,89.13218434753273
STU_014482,52.0778391104393
STU_014483,93.62403646185535
STU_014484,50.2875821781774
STU_014485,73.69554406236823
STU_014486,91.08644844939923
STU_014487,83.98591532169254
STU_014488,72.98355339026163
STU_014489,51.337506313221226
STU_014490,86.92339232580207
STU_014491,81.65651823949422
STU_014492,80.45030312960844
STU_014493,62.094677820635425
STU_014494,84.55144161096975
STU_014495,72.57961004651638
STU_014496,74.6530608798947
STU_014497,66.104885562855
STU_014498,86.04807578346724
STU_014499,80.54907736962056
STU_014500,66.83052380040952
STU_014501,66.78380538310614
STU_014502,72.28637787131748
STU_014503,74.1856316870042
STU_014504,99.3499091027573
STU_014505,72.29601706052222
STU_014506,74.60991561201558
STU_014507,74.22467406436652
STU_014508,65.69691676972074
STU_014509,79.4872724069431
STU_014510,61.14428296431595
STU_014511,84.33432333449147
STU_014512,73.62566789882297
STU_014513,79.58719970250057
STU_014514,80.85734001131173
STU_014515,73.5342848922393
STU_014516,81.78123543995198
STU_014517,81.31304676486718
STU_014518,75.43447091986475
STU_014519,60.953994624347104
STU_014520,75.44724789293268
STU_014521,92.77894619483772
STU_014522,66.50866615417397
STU_014523,92.60342237884902
STU_014524,91.88331586544197
STU_014525,70.16864071959917
STU_014526,80.30787228242369
STU_014527,47.92053050454919
STU_014528,65.56773437074605
STU_014529,88.46684068761037
STU_014530,68.2763106870857
STU_014531,72.73977877241775
STU_014532,93.01908966827985
STU_014533,100.0
STU_014534,96.04199333182602
STU_014535,92.5596827255903
STU_014536,83.15420532727921
STU_014537,79.025968545537
STU_014538,63.724710320329265
STU_014539,62.79140396925871
STU_014540,55.08410069837625
STU_014541,85.19532441051743
STU_014542,59.15565391250472
STU_014543,86.3668702821318
STU_014544,68.35461220726644
STU_014545,58.97437027228687
STU_014546,57.315586223030564
STU_014547,63.530682985298526
STU_014548,91.68121853568549
STU_014549,94.88950240172943
STU_014550,81.81469673504876
STU_014551,72.2445468448692
STU_014552,71.85981538906528
STU_014553,82.19369312346984
STU_014554,76.63239915870142
STU_014555,70.49435335954816
STU_014556,95.10903677301008
STU_014557,77.16504000336175
STU_014558,64.55759628326551
STU_014559,84.437526679753
STU_014560,94.71354989340747
STU_014561,73.96027457348907
STU_014562,69.89244440468987
STU_014563,77.4500742377684
STU_014564,94.58596327721308
STU_014565,64.13286327898622
STU_014566,87.65751803513527
STU_014567,66.88626037210219
STU_014568,65.49406430031212
STU_014569,77.71581054557652
STU_014570,58.3499995761523
STU_014571,69.09075288728685
STU_014572,71.72288246075234
STU_014573,77.3287551773388
STU_014574,66.08699151701903
STU_014575,60.03198411236252
STU_014576,70.7695130115413
STU_014577,60.00729413609373
STU_014578,60.80758360747757
STU_014579,80.99552203547468
STU_014580,87.40771086128939
STU_014581,89.568234080173
STU_014582,81.56655564560407
STU_014583,70.94546437547507
STU_014584,84.73809900366737
STU_014585,77.38866944103262
STU_014586,88.69185958794239
STU_014587,60.58601389690365
STU_014588,79.67737886204688
STU_014589,61.62216922565359
STU_014590,69.0793701779993
STU_014591,86.45630959734432
STU_014592,74.67536334092839
STU_014593,92.41794159923052
STU_014594,95.5315681910085
STU_014595,53.70571321200991
STU_014596,100.0
STU_014597,69.13309406609538
STU_014598,63.91697920990425
STU_014599,78.79061502100409
STU_014600,59.97974578834895
STU_014601,80.25620530191104
STU_014602,90.38227104880022
STU_014603,49.66410449232831
STU_014604,87.3469827766148
STU_014605,97.24391061406406
STU_014606,60.66811865845235
STU_014607,75.73865165962766
STU_014608,61.30016931726661
STU_014609,82.5833746644301
STU_014610,78.47633236386058
STU_014611,76.35125972258871
STU_014612,59.25298817495478
STU_014613,69.3784559990625
STU_014614,87.67189429833086
STU_014615,75.81479832700073
STU_014616,94.89506353503972
STU_014617,65.06796330583155
STU_014618,87.26363270387905
STU_014619,80.9021285379508
STU_014620,85.52864010833673
STU_014621,60.71500271698752
STU_014622,94.20320239344234
STU_014623,72.17668008152874
STU_014624,84.99130672953557
STU_014625,73.36281718464244
STU_014626,91.60396652393172
STU_014627,66.75127465215544
STU_014628,56.39500653667218
STU_014629,81.01683918493146
STU_014630,72.95485120340977
STU_014631,62.659749415407504
STU_014632,71.27152516920493
STU_014633,72.56709670193752
STU_014634,93.49003298316393
STU_014635,60.64799696598513
STU_014636,47.024817254142555
STU_014637,86.91607702756042
STU_014638,68.72443555081611
STU_014639,78.22287529768037
STU_014640,71.47868362849033
STU_014641,62.15617545866179
STU_014642,94.01675261490067
STU_014643,57.80936408505155
STU_014644,93.06816707574964
STU_014645,76.27128443899932
STU_014646,89.11377288933795
STU_014647,87.88987630586432
STU_014648,68.58751874535642
STU_014649,93.541907320248
STU_014650,68.67939738858553
STU_014651,66.53115779544927
STU_014652,89.28939280339137
STU_014653,79.43282263870383
STU_014654,87.60881864867497
STU_014655,51.04400101821309
STU_014656,72.24847010049005
STU_014657,56.57823488577857
STU_014658,77.23583800547925
STU_014659,75.07808521728744
STU_014660,68.694629345445
STU_014661,55.722996929920086
STU_014662,71.81716337651184
STU_014663,75.36730419207834
STU_014664,57.76784896976832
STU_014665,76.02236825052717
STU_014666,88.95087426357945
STU_014667,81.22907881618048
STU_014668,60.908747680908974
STU_014669,79.2280591949197
STU_014670,98.4225931628851
STU_014671,77.8263242988542
STU_014672,87.03361453973852
STU_014673,94.86597194355195
STU_014674,93.86448250671052
STU_014675,85.52588998314545
STU_014676,78.0399707000309
STU_014677,65.65639065713557
STU_014678,68.59307622409071
STU_014679,63.11601517548695
STU_014680,50.058979779279596
STU_014681,90.01216603609254
STU_014682,48.51648052656486
STU_014683,66.75658159802367
STU_014684,62.515906391711326
STU_014685,69.31802413641896
STU_014686,79.6007676320254
STU_014687,84.61848926643063
STU_014688,95.52481966000468
STU_014689,67.29929039313221
STU_014690,62.478571112098386
STU_014691,88.36696476790212
STU_014692,91.31760853181612
STU_014693,71.67107760877639
STU_014694,76.76420754295502
STU_014695,100.0
STU_014696,50.386079639983734
STU_014697,72.15935408174356
STU_014698,92.50536990552848
STU_014699,66.72414216373407
STU_014700,87.42820609886269
STU_014701,67.73001339656685
STU_014702,88.36504532567463
STU_014703,80.08731025667336
STU_014704,93.31300945330804
STU_014705,82.07490935022949
STU_014706,86.0583530426248
STU_014707,92.10047454723546
STU_014708,96.37222987772685
STU_014709,76.39372732899999
STU_014710,54.00543652603874
STU_014711,72.90861160866501
STU_014712,77.11789820190255
STU_014713,49.12909629290486
STU_014714,80.07858184559129
STU_014715,71.9114474499978
STU_014716,64.75663841837013
STU_014717,59.939606350194026
STU_014718,63.52222671932625
STU_014719,92.44757326078309
STU_014720,83.61215235711438
STU_014721,56.121489912454095
STU_014722,69.34865219964388
STU_014723,92.00649199244171
STU_014724,91.54515025957193
STU_014725,71.1000893949141
STU_014726,65.84028616714478
STU_014727,60.40803770184638
STU_014728,89.26209602042181
STU_014729,83.58045309968423
STU_014730,59.23609945543118
STU_014731,67.26359063420873
STU_014732,74.57250706790595
STU_014733,76.2910165799619
STU_014734,60.888753439531186
STU_014735,99.27205033280919
STU_014736,76.60069403523282
STU_014737,78.59649184149457
STU_014738,70.3623060765691
STU_014739,85.60723144598052
STU_014740,80.2318880008161
STU_014741,82.13415545742552
STU_014742,93.84333468088678
STU_014743,96.10520385349292
STU_014744,69.8307763956583
STU_014745,84.2129780839227
STU_014746,47.739038511064706
STU_014747,69.7563528549812
STU_014748,97.52083621554937
STU_014749,96.05706909917068
STU_014750,84.5471231785046
STU_014751,90.3988889772283
STU_014752,78.65675305026748
STU_014753,62.36484554170422
STU_014754,95.85252976828806
STU_014755,67.36555017036139
STU_014756,71.75572129292324
STU_014757,71.37027391412914
STU_014758,98.76357235652716
STU_014759,68.33570996580991
STU_014760,76.61357723670123
STU_014761,75.94950312526531
STU_014762,100.0
STU_014763,83.20717136436762
STU_014764,100.0
STU_014765,77.77177502914809
STU_014766,79.17657735733862
STU_014767,69.7123223736495
STU_014768,64.22072465775739
STU_014769,93.74460388797496
STU_014770,77.97384494558801
STU_014771,72.70079572855364
STU_014772,73.03118935394554
STU_014773,84.80377235277442
STU_014774,91.76862404362905
STU_014775,79.82854517027437
STU_014776,77.2659145811943
STU_014777,78.97634795580818
STU_014778,82.12812834640778
STU_014779,80.67601349274729
STU_014780,60.94151347395554
STU_014781,88.96449506200952
STU_014782,87.98386651763155
STU_014783,93.80817261123738
STU_014784,95.28642893355835
STU_014785,82.57387545014917
STU_014786,82.00029655810451
STU_014787,75.60473983168626
STU_014788,92.8618408153857
STU_014789,76.0901124168564
STU_014790,80.4200604908123
STU_014791,71.2031706550365
STU_014792,59.56811434764051
STU_014793,65.90671578837662
STU_014794,62.85461569180637
STU_014795,77.58240272941714
STU_014796,74.53143689748795
STU_014797,76.0574514389989
STU_014798,87.48668636260044
STU_014799,90.23555749019393
STU_014800,83.8188567534956
STU_014801,88.90872598889302
STU_014802,58.7636857213116
STU_014803,86.22598423616553
STU_014804,80.10438446088904
STU_014805,71.2069635760399
STU_014806,75.31087361479338
STU_014807,66.50959581494644
STU_014808,72.78583749781214
STU_014809,52.004540943480684
STU_014810,92.8837773591537
STU_014811,96.58547153007864
STU_014812,72.17151020676647
STU_014813,62.482921298733416
STU_014814,67.82001348818
STU_014815,59.419211912929796
STU_014816,82.16741344066281
STU_014817,87.9601907970494
STU_014818,53.82265471000249
STU_014819,83.67054440065392
STU_014820,72.38900973120447
STU_014821,61.404587150667716
STU_014822,94.01101890901744
STU_014823,66.79451391221109
STU_014824,92.46293808176546
STU_014825,80.43442367735662
STU_014826,92.61791302013945
STU_014827,62.48726863341906
STU_014828,74.41685810099365
STU_014829,75.12895921615191
STU_014830,84.9022738125881
STU_014831,85.60276326773618
STU_014832,64.32666575400917
STU_014833,64.41599024922353
STU_014834,83.16426706133413
STU_014835,77.90545895700944
STU_014836,85.62370111356981
STU_014837,69.0857929566256
STU_014838,72.91395881985736
STU_014839,80.63421969096979
STU_014840,78.07418432979141
STU_014841,95.15144463986199
STU_014842,53.25545668834733
STU_014843,72.70057782511572
STU_014844,94.29599666316564
STU_014845,69.64981380948208
STU_014846,84.9732228878598
STU_014847,81.48253579353394
STU_014848,57.68237008627089
STU_014849,58.227056672486285
STU_014850,73.01477043696296
STU_014851,82.35472549775855
STU_014852,85.61120818096157
STU_014853,63.94601378699328
STU_014854,63.49262829024509
STU_014855,76.6351034245503
STU_014856,70.9627355112123
STU_014857,77.36211240553199
STU_014858,66.12251940285527
STU_014859,86.14593885360475
STU_014860,49.74540077448472
STU_014861,87.64129059720678
STU_014862,95.00265152963453
STU_014863,69.66009432621533
STU_014864,79.3655938393474
STU_014865,72.29986942094175
STU_014866,72.49698695583926
STU_014867,73.49584862946693
STU_014868,100.0
STU_014869,98.81499035259085
STU_014870,72.16315240991639
STU_014871,77.3761993815808
STU_014872,82.10781299896219
STU_014873,68.34420612103898
STU_014874,72.21786992703868
STU_014875,83.38492037651628
STU_014876,55.05446236284239
STU_014877,69.42859923541671
STU_014878,63.11644209826895
STU_014879,80.96921193579338
STU_014880,82.53149885592589
STU_014881,81.05407719020552
STU_014882,66.38776863781464
STU_014883,80.46162607146798
STU_014884,69.26499964540601
STU_014885,83.74443885963166
STU_014886,66.60028521178742
STU_014887,77.3456453198544
STU_014888,87.19795462105935
STU_014889,73.25681501010912
STU_014890,93.50850109928524
STU_014891,75.14385643164005
STU_014892,84.97308038259699
STU_014893,66.50849951864991
STU_014894,77.15594635197569
STU_014895,60.02484335655667
STU_014896,74.8172693703217
STU_014897,79.05436574759739
STU_014898,83.14436363481167
STU_014899,57.32320509255939
STU_014900,99.13066880133313
STU_014901,81.98611845630369
STU_014902,81.51502106835693
STU_014903,89.51048108199318
STU_014904,83.39383240396512
STU_014905,91.72731550115101
STU_014906,79.14761398638328
STU_014907,57.07419347708788
STU_014908,78.14093761176056
STU_014909,81.31559092673763
STU_014910,71.66761536587319
STU_014911,92.06687253842713
STU_014912,79.87530924656825
STU_014913,73.0563935465782
STU_014914,51.54609178975951
STU_014915,58.07119642805323
STU_014916,70.96415644687289
STU_014917,94.72279658046483
STU_014918,86.25870598067476
STU_014919,55.03012150798946
STU_014920,92.40271242217473
STU_014921,64.74582344858786
STU_014922,58.332641356403585
STU_014923,69.54322700417256
STU_014924,84.0338787284928
STU_014925,97.78328774050374
STU_014926,84.24486699647349
STU_014927,74.59996837303287
STU_014928,61.0664706894161
STU_014929,81.55392942609775
STU_014930,82.74610468049042
STU_014931,89.61234694049631
STU_014932,58.71399180245966
STU_014933,80.36305468975353
STU_014934,68.70960518292523
STU_014935,76.75479102436712
STU_014936,82.10145147664068
STU_014937,78.77614743857758
STU_014938,99.65799359890511
STU_014939,72.52564565144978
STU_014940,91.20274287001192
STU_014941,67.771185320843
STU_014942,90.92467891401515
STU_014943,65.37688503564709
STU_014944,72.3517376341011
STU_014945,63.52777022085852
STU_014946,68.67017386198249
STU_014947,66.2076270795271
STU_014948,87.03556861437518
STU_014949,61.969491188613794
STU_014950,89.26280779874605
STU_014951,72.76430703451003
STU_014952,76.21578755251306
STU_014953,92.39315436755277
STU_014954,90.428227004331
STU_014955,96.47892787487882
STU_014956,80.87533601410544
STU_014957,79.70777497756417
STU_014958,70.98019080177369
STU_014959,55.0750196529254
STU_014960,93.55710695883707
STU_014961,86.97526756308338
STU_014962,52.3958853900524
STU_014963,77.27855436388693
STU_014964,89.69815028803883
STU_014965,79.06946007869766
STU_014966,68.79615060688522
STU_014967,51.65438056579133
STU_014968,93.05248493545626
STU_014969,74.17373790265994
STU_014970,71.63068554744522
STU_014971,69.74514327691097
STU_014972,89.63410968049803
STU_014973,75.71000616616998
STU_014974,69.18629820552337
STU_014975,64.89752359726661
STU_014976,86.41112620385007
STU_014977,83.01619920423452
STU_014978,88.02178434677779
STU_014979,92.45617923603757
STU_014980,62.743380895847736
STU_014981,96.45993122132086
STU_014982,66.21808812746961
STU_014983,86.89180311122215
STU_014984,60.731665359366424
STU_014985,66.26435576712353
STU_014986,48.575936316826365
STU_014987,90.77276441275058
STU_014988,65.03030398195479
STU_014989,100.0
STU_014990,82.33036941012169
STU_014991,97.36413243832176
STU_014992,75.49828740091792
STU_014993,62.47818337463763
STU_014994,90.26883523632529
STU_014995,87.35404129994103
STU_014996,71.16757779766336
STU_014997,80.82132148617502
STU_014998,81.0576280608405
STU_014999,93.86218270828846
STU_015000,72.01108057535414
STU_015001,56.99606784904964
STU_015002,65.12715295346598
STU_015003,60.25545624339051
STU_015004,64.62800092297167
STU_015005,59.123997830527586
STU_015006,64.46209677163472
STU_015007,84.34555476344576
STU_015008,74.54727934217507
STU_015009,82.54076517985219
STU_015010,74.20522945903087
STU_015011,53.55741224316823
STU_015012,96.52900065133773
STU_015013,64.51275347869718
STU_015014,60.62753874220779
STU_015015,87.55978833055423
STU_015016,85.28226946798239
STU_015017,89.05203617264286
STU_015018,76.10157898666063
STU_015019,87.85032427816185
STU_015020,62.76363724516407
STU_015021,75.20749707461114
STU_015022,64.70673759622011
STU_015023,76.46589183836213
STU_015024,69.62957656457114
STU_015025,78.70638870238736
STU_015026,72.27908678883752
STU_015027,85.84722696098234
STU_015028,74.27908631907967
STU_015029,75.80370430578573
STU_015030,92.88837551723265
STU_015031,74.64852092769124
STU_015032,69.15241724678397
STU_015033,78.06627174830419
STU_015034,68.42579424581437
STU_015035,76.05744378718111
STU_015036,70.31716940309228
STU_015037,79.46562176158686
STU_015038,91.90275708206106
STU_015039,63.82026690288028
STU_015040,80.21461479623729
STU_015041,81.98597690796073
STU_015042,47.325822884312615
STU_015043,82.1384822760505
STU_015044,88.80149534234434
STU_015045,89.56875780195716
STU_015046,68.13032374242547
STU_015047,83.5203587146797
STU_015048,66.98820509944363
STU_015049,70.89598810568516
STU_015050,61.07154645285081
STU_015051,65.70920896563995
STU_015052,62.83980618982044
STU_015053,66.37799600590516
STU_015054,91.6580340538359
STU_015055,78.45188063787644
STU_015056,60.44239858430061
STU_015057,94.54402616098457
STU_015058,58.901852408199204
STU_015059,97.61445426792415
STU_015060,76.83414291991723
STU_015061,77.99295438085976
STU_015062,73.90080002711227
STU_015063,67.74839664183021
STU_015064,66.66880230791418
STU_015065,93.18498186513395
STU_015066,84.27104248633819
STU_015067,75.34760893229713
STU_015068,65.12776500080517
STU_015069,75.29346988956462
STU_015070,74.49510191752611
STU_015071,80.44051946883997
STU_015072,100.0
STU_015073,72.4807604329877
STU_015074,68.83605947566491
STU_015075,93.56073921918849
STU_015076,72.36085511301823
STU_015077,65.24087705737303
STU_015078,68.79474487299444
STU_015079,100.0
STU_015080,64.3932900384471
STU_015081,97.68735686613601
STU_015082,64.12798378981176
STU_015083,81.12385528770376
STU_015084,65.76740527396387
STU_015085,77.90292647523522
STU_015086,70.00406831082726
STU_015087,57.65406100994556
STU_015088,91.09517502635464
STU_015089,69.9422310857663
STU_015090,84.79562833261377
STU_015091,75.63558513586798
STU_015092,75.53005239233538
STU_015093,92.9887366679377
STU_015094,73.04230762339311
STU_015095,73.2763886805893
STU_015096,89.42445694174071
STU_015097,79.25221550817824
STU_015098,72.89287765858667
STU_015099,56.3437101220081
STU_015100,84.11969589609632
STU_015101,77.93773113080339
STU_015102,79.71916623698097
STU_015103,97.4653779647222
STU_015104,76.67349175389053
STU_015105,94.23770088200504
STU_015106,72.54001998171215
STU_015107,71.68518399016914
STU_015108,77.28038379358449
STU_015109,76.65314203671319
STU_015110,82.31887862694457
STU_015111,59.672786900894195
STU_015112,76.31749230257574
STU_015113,71.40702879161724
STU_015114,87.74855991213107
STU_015115,63.46309061580107
STU_015116,88.33238085237363
STU_015117,68.57776032438197
STU_015118,55.58077016242267
STU_015119,83.44664743223821
STU_015120,87.74466677039472
STU_015121,61.60784483221955
STU_015122,100.0
STU_015123,66.67762605802338
STU_015124,88.69384726798856
STU_015125,77.46336366645058
STU_015126,65.87140850410827
STU_015127,91.99853702043399
STU_015128,80.32223561964625
STU_015129,65.81428904359807
STU_015130,73.8334295047248
STU_015131,83.631770020346
STU_015132,90.83250381068703
STU_015133,93.50367356620492
STU_015134,85.89242665006228
STU_015135,88.54641581112612
STU_015136,75.08001256738241
STU_015137,77.18630940145829
STU_015138,71.592113360275
STU_015139,85.6796672846924
STU_015140,94.16898812088581
STU_015141,65.53832907411109
STU_015142,77.70963084617023
STU_015143,94.14270204651464
STU_015144,84.30209883862969
STU_015145,67.37118801000926
STU_015146,93.06837712708543
STU_015147,79.02950476839233
STU_015148,70.34798728931342
STU_015149,65.58901894150591
STU_015150,46.12082260256874
STU_015151,58.344954400852814
STU_015152,75.15664751663246
STU_015153,59.07030742249394
STU_015154,81.48407942305657
STU_015155,87.0104445475205
STU_015156,75.21794105830708
STU_015157,56.82338306117107
STU_015158,91.9561502083998
STU_015159,54.39504187488916
STU_015160,89.05973140612112
STU_015161,64.10202318328857
STU_015162,73.55456273046569
STU_015163,80.85914916397107
STU_015164,41.04468314186163
STU_015165,85.51202534312266
STU_015166,98.4314797474612
STU_015167,80.77288762492985
STU_015168,65.18131935787943
STU_015169,90.21851538565605
STU_015170,75.35805734811342
STU_015171,93.86302469202428
STU_015172,62.026226075471584
STU_015173,76.3135193996266
STU_015174,93.44826134610469
STU_015175,73.39499415680736
STU_015176,97.87527318963231
STU_015177,79.85164181605171
STU_015178,67.76934110750649
STU_015179,74.2179250061765
STU_015180,62.853109083981764
STU_015181,81.35396639946693
STU_015182,81.86470087182622
STU_015183,85.16049543739413
STU_015184,68.9007884971188
STU_015185,83.0884941593964
STU_015186,72.85199785378774
STU_015187,60.36116578430409
STU_015188,70.58781470045348
STU_015189,93.13104968547886
STU_015190,94.13996065608643
STU_015191,76.69904879334948
STU_015192,99.21598324736533
STU_015193,76.48016228229955
STU_015194,91.5223234937639
STU_015195,85.64987478064283
STU_015196,73.28004950023272
STU_015197,73.62364032947058
STU_015198,82.15354883075312
STU_015199,71.79496233834124
STU_015200,69.96512350287385
STU_015201,85.09689707786758
STU_015202,68.83513946390374
STU_015203,64.5174542449274
STU_015204,78.8814047488765
STU_015205,79.80045693463083
STU_015206,70.8113442542631
STU_015207,85.96748348775341
STU_015208,76.02735551072625
STU_015209,81.1798906425906
STU_015210,89.23962490918447
STU_015211,44.433617721930354
STU_015212,93.3398051757948
STU_015213,70.1616413228729
STU_015214,94.95631515726771
STU_015215,73.28600887766066
STU_015216,93.45401000263364
STU_015217,60.188173013798504
STU_015218,74.80226065642638
STU_015219,77.93845042438403
STU_015220,45.15403285969668
STU_015221,84.96457801597207
STU_015222,64.4009172977347
STU_015223,85.93372809051628
STU_015224,72.88253756108487
STU_015225,74.45448408293446
STU_015226,65.9440383286679
STU_015227,67.46752292731128
STU_015228,84.47637083588
STU_015229,69.93055173307289
STU_015230,75.92975643879457
STU_015231,95.65033905072946
STU_015232,84.70447929342157
STU_015233,91.33005153789759
STU_015234,73.5702336747776
STU_015235,66.02232851773131
STU_015236,93.19246048839932
STU_015237,82.64873554583961
STU_015238,81.94995841850003
STU_015239,94.34318869715523
STU_015240,66.94908241993404
STU_015241,47.013330598535816
STU_015242,53.545107973428706
STU_015243,81.39279828934886
STU_015244,77.29121355564024
STU_015245,66.93613804166961
STU_015246,99.92678145572302
STU_015247,81.16656168455688
STU_015248,85.61467134710702
STU_015249,70.48042337707034
STU_015250,91.39573699097512
STU_015251,70.02920422396168
STU_015252,90.33623779010644
STU_015253,87.1801678043193
STU_015254,97.77670194287077
STU_015255,66.33126271589072
STU_015256,63.728939216464624
STU_015257,75.54981879562472
STU_015258,93.16612986685516
STU_015259,87.24557842834194
STU_015260,92.18646110677341
STU_015261,80.73116858168268
STU_015262,85.77420845931071
STU_015263,88.73008546397182
STU_015264,86.09600591899218
STU_015265,95.1007930100263
STU_015266,69.1272545100854
STU_015267,76.070084149893
STU_015268,58.4485490532018
STU_015269,63.029981996719286
STU_015270,74.50579042167172
STU_015271,80.28395621300345
STU_015272,68.02445714137686
STU_015273,86.06283131147613
STU_015274,75.93895390518847
STU_015275,44.56325305824367
STU_015276,54.952790667778785
STU_015277,74.81667218161857
STU_015278,98.757369493747
STU_015279,48.86747710600548
STU_015280,86.95993854968792
STU_015281,99.64825896861896
STU_015282,87.16951968027162
STU_015283,81.69695514375951
STU_015284,79.50467990162306
STU_015285,43.714991749262495
STU_015286,86.72440870740976
STU_015287,76.66198528611018
STU_015288,81.17102848635125
STU_015289,54.598450308738926
STU_015290,79.10314043129075
STU_015291,78.18109571202822
STU_015292,69.75685084871839
STU_015293,61.63728486069678
STU_015294,81.69096161715233
STU_015295,76.57986428246086
STU_015296,71.24064657074008
STU_015297,85.78515350859973
STU_015298,93.0388629865769
STU_015299,68.91355887046743
STU_015300,87.93157372870394
STU_015301,78.9162629503439
STU_015302,83.9893960273303
STU_015303,67.12490388618905
STU_015304,57.47511234145652
STU_015305,66.47855178616757
STU_015306,82.99978333680974
STU_015307,97.84491326821697
STU_015308,61.25204233427523
STU_015309,73.10479070342998
STU_015310,80.52763283215677
STU_015311,66.26215893801958
STU_015312,79.76242288645777
STU_015313,61.56632029740012
STU_015314,86.98204481458359
STU_015315,75.1889508520673
STU_015316,92.5707493630731
STU_015317,74.31747870998727
STU_015318,84.08556417160759
STU_015319,73.60052105503156
STU_015320,76.51819166762613
STU_015321,61.93741258181758
STU_015322,94.61350390266213
STU_015323,79.91984986129694
STU_015324,75.33886497212325
STU_015325,81.12980982032431
STU_015326,54.990135061681904
STU_015327,74.07453971889296
STU_015328,72.59627331607847
STU_015329,68.71053393902768
STU_015330,75.18454747829098
STU_015331,61.11337230918075
STU_015332,98.74159220796722
STU_015333,70.2162412620106
STU_015334,79.5723976323147
STU_015335,93.78347291214493
STU_015336,89.58234711314927
STU_015337,70.304289098664
STU_015338,68.82002358931095
STU_015339,62.83851238503972
STU_015340,92.47192331793724
STU_015341,79.80481494705091
STU_015342,98.92706429222662
STU_015343,85.8480540094101
STU_015344,99.42143519070122
STU_015345,97.91228617662011
STU_015346,81.58060127577413
STU_015347,90.11508485190599
STU_015348,75.86451806294184
STU_015349,81.68673699270548
STU_015350,88.82807357637805
STU_015351,100.0
STU_015352,84.7768816826126
STU_015353,79.28563181247254
STU_015354,62.34195605154906
STU_015355,59.38857095643282
STU_015356,69.92161693733001
STU_015357,73.35080161742462
STU_015358,78.34165743328931
STU_015359,85.59235127270522
STU_015360,86.78214165353567
STU_015361,84.44175183309103
STU_015362,75.4753537339541
STU_015363,82.27074211596259
STU_015364,86.69543534152349
STU_015365,79.34007755130155
STU_015366,94.94433205278283
STU_015367,85.37239946113587
STU_015368,77.1699567007491
STU_015369,96.2992101285967
STU_015370,92.39037229670399
STU_015371,58.10743869990257
STU_015372,63.57505196151476
STU_015373,83.94402643114995
STU_015374,87.67009281075102
STU_015375,71.65813427451758
STU_015376,74.52577456629318
STU_015377,90.02647715600546
STU_015378,73.27215779943651
STU_015379,94.73706215999397
STU_015380,90.81762325171971
STU_015381,89.60115613492425
STU_015382,84.73074416836263
STU_015383,60.702408495328946
STU_015384,77.56056052157201
STU_015385,63.679041545812595
STU_015386,76.92157695419809
STU_015387,64.21178926165402
STU_015388,77.00556082936484
STU_015389,97.81660472479734
STU_015390,49.5579757849964
STU_015391,81.78532494619792
STU_015392,90.15034789299892
STU_015393,91.22008928071142
STU_015394,76.89404916597864
STU_015395,84.12154027332241
STU_015396,74.3053337791198
STU_015397,97.5206268832685
STU_015398,71.2679105355375
STU_015399,95.55299040512409
STU_015400,90.50682282199452
STU_015401,89.76887354185337
STU_015402,76.4752550172929
STU_015403,57.822778423618146
STU_015404,82.74487056477281
STU_015405,83.6744596221608
STU_015406,81.97655436207044
STU_015407,81.77139707124155
STU_015408,34.09826964484426
STU_015409,74.2055203193814
STU_015410,66.24214949284648
STU_015411,75.69503873904203
STU_015412,68.31772041294577
STU_015413,77.9531297955985
STU_015414,73.39608548049742
STU_015415,68.77937850339092
STU_015416,86.82332657032597
STU_015417,59.28392637513119
STU_015418,83.63160401901239
STU_015419,59.03273829966514
STU_015420,70.28318105613992
STU_015421,90.66764928661337
STU_015422,79.4834057733477
STU_015423,85.24558189353233
STU_015424,99.84096725312654
STU_015425,90.68199792354667
STU_015426,64.13784970598165
STU_015427,57.230240807257715
STU_015428,77.53234706920034
STU_015429,77.79333835031309
STU_015430,42.668214008255106
STU_015431,64.42762279575565
STU_015432,81.23977494042774
STU_015433,71.04886551754602
STU_015434,66.61240744381034
STU_015435,64.50264438789407
STU_015436,79.86001581113997
STU_015437,75.59592539176386
STU_015438,88.98817716937255
STU_015439,74.65247762483989
STU_015440,80.10914489107951
STU_015441,68.34379114110268
STU_015442,85.93290609230317
STU_015443,63.34622368290959
STU_015444,74.03216884857554
STU_015445,68.67709880037378
STU_015446,69.5137037081513
STU_015447,52.77742760925522
STU_015448,47.41288030101496
STU_015449,72.43905229724142
STU_015450,85.66207146515407
STU_015451,76.76068931843915
STU_015452,84.09412331099671
STU_015453,93.73638137987997
STU_015454,83.15401424418488
STU_015455,56.40272593855573
STU_015456,77.2313529262592
STU_015457,69.42001000047357
STU_015458,67.76800737698726
STU_015459,51.31377607482417
STU_015460,100.0
STU_015461,97.43493374339631
STU_015462,75.07044745115715
STU_015463,83.23899378589783
STU_015464,59.836249071182976
STU_015465,52.422458743966416
STU_015466,90.65451289045566
STU_015467,91.23250816787669
STU_015468,57.86773425958029
STU_015469,63.77504172862395
STU_015470,90.57966693359992
STU_015471,72.98617386947357
STU_015472,89.7473317164588
STU_015473,90.91256596511552
STU_015474,98.15107341611639
STU_015475,78.08226327473558
STU_015476,77.83568534906651
STU_015477,57.57510629077701
STU_015478,52.20903095810456
STU_015479,93.11729744364422
STU_015480,65.31452629736613
STU_015481,84.23811772829217
STU_015482,56.11420163608252
STU_015483,91.47168394268225
STU_015484,70.46615114031323
STU_015485,73.15203410714538
STU_015486,78.23801167652454
STU_015487,67.55140488981004
STU_015488,78.07082238216428
STU_015489,84.08489816941638
STU_015490,90.05813779115246
STU_015491,77.33179025061541
STU_015492,59.87729633611309
STU_015493,64.79660681074635
STU_015494,64.96433014137095
STU_015495,85.56249531623835
STU_015496,65.56436917564552
STU_015497,55.710166013907845
STU_015498,69.68736523505298
STU_015499,40.57396360719607
STU_015500,70.85851948385297
STU_015501,88.37781812104816
STU_015502,55.55061604518151
STU_015503,84.42937589015591
STU_015504,83.65328715861007
STU_015505,73.56936792903205
STU_015506,77.21452393357276
STU_015507,100.0
STU_015508,99.35985301294443
STU_015509,85.97198882716675
STU_015510,85.09415267385307
STU_015511,91.04661631521495
STU_015512,79.03168278497171
STU_015513,79.56928192155101
STU_015514,83.45817797840672
STU_015515,78.60492764638094
STU_015516,74.57486149173837
STU_015517,95.57483991029872
STU_015518,74.05415872463644
STU_015519,51.99926270250137
STU_015520,79.34488791085207
STU_015521,84.97232128127712
STU_015522,68.95283296809254
STU_015523,66.80247668034147
STU_015524,37.39708900206985
STU_015525,77.46651440950332
STU_015526,76.92681150019179
STU_015527,72.23011701012416
STU_015528,71.82902970410285
STU_015529,85.35532619450242
STU_015530,90.50147447797008
STU_015531,87.78815496753174
STU_015532,78.55712907642602
STU_015533,57.904281622783955
STU_015534,89.13444560266663
STU_015535,79.68005457052156
STU_015536,83.14178254387392
STU_015537,72.77574436098205
STU_015538,92.2764229793459
STU_015539,64.68734693588445
STU_015540,69.69171745100553
STU_015541,71.86690957276036
STU_015542,91.22933812011084
STU_015543,79.2206315496403
STU_015544,95.92507668176472
STU_015545,75.77875277513735
STU_015546,76.34086375273674
STU_015547,58.24243992659255
STU_015548,62.30126725272759
STU_015549,93.22493964838893
STU_015550,91.10738944999855
STU_015551,79.78823591162754
STU_015552,70.5438768162484
STU_015553,40.80080808511069
STU_015554,78.13781943242319
STU_015555,73.3112870422235
STU_015556,89.43601183713287
STU_015557,78.58618392679828
STU_015558,88.41462168419768
STU_015559,86.41040416217946
STU_015560,80.10836328801459
STU_015561,88.5536200083946
STU_015562,82.66899554947379
STU_015563,65.80123101183807
STU_015564,73.8951495907
STU_015565,66.74710939223634
STU_015566,70.5717413912562
STU_015567,77.80848881588201
STU_015568,68.38840482300284
STU_015569,71.75204254231821
STU_015570,94.47456710053494
STU_015571,65.69115038334745
STU_015572,76.60359515094812
STU_015573,81.93773894920983
STU_015574,60.49368003811465
STU_015575,62.24410770055873
STU_015576,73.08636508689375
STU_015577,72.20828571039614
STU_015578,77.11494737403196
STU_015579,75.7849237795014
STU_015580,73.04555269169342
STU_015581,78.79823004471478
STU_015582,81.05401308384282
STU_015583,92.65579431665641
STU_015584,81.78411243617768
STU_015585,88.62424761684238
STU_015586,89.95772216825777
STU_015587,55.407881623185
STU_015588,74.13858938373077
STU_015589,81.61058276936
STU_015590,63.22146780278498
STU_015591,63.26545658457522
STU_015592,87.70901860578337
STU_015593,66.47296067868444
STU_015594,94.05274693560298
STU_015595,92.57392998690665
STU_015596,80.32433447910142
STU_015597,89.75270401959187
STU_015598,78.03243581361028
STU_015599,53.74505162398246
STU_015600,66.18872877536892
STU_015601,53.70594836870531
STU_015602,63.14120560416934
STU_015603,78.22046072549495
STU_015604,81.6648987543237
STU_015605,61.55285378281314
STU_015606,77.80146873317697
STU_015607,67.30262745611878
STU_015608,68.51160886504313
STU_015609,72.53971919581468
STU_015610,70.12974899890894
STU_015611,85.0695918010014
STU_015612,86.36466853412168
STU_015613,94.47813834578992
STU_015614,63.23558045548236
STU_015615,69.51466766554245
STU_015616,80.7035916996013
STU_015617,66.7926039089524
STU_015618,86.34976378270485
STU_015619,62.965526990368204
STU_015620,75.05718113181995
STU_015621,70.40360952711751
STU_015622,72.71757717787426
STU_015623,88.28348406328965
STU_015624,79.39815049994732
STU_015625,83.14319128819461
STU_015626,60.37238459793672
STU_015627,100.0
STU_015628,77.92017514591082
STU_015629,74.24682057856019
STU_015630,70.38369008258097
STU_015631,67.45223029098197
STU_015632,87.737923722955
STU_015633,84.3675179737653
STU_015634,70.74652679228802
STU_015635,96.14144294165716
STU_015636,72.59358025067355
STU_015637,53.624460027547826
STU_015638,71.20406678425111
STU_015639,94.34035800564129
STU_015640,68.43703645427891
STU_015641,61.21444623316759
STU_015642,98.18497734169617
STU_015643,82.57210226632333
STU_015644,93.45414347905177
STU_015645,59.854149785348625
STU_015646,97.2847938339136
STU_015647,71.46881692156212
STU_015648,64.34129239328038
STU_015649,81.03260498621509
STU_015650,70.47273049625227
STU_015651,54.55214419808097
STU_015652,91.86382336763727
STU_015653,74.51156689668626
STU_015654,69.58014837243577
STU_015655,100.0
STU_015656,68.60203210729617
STU_015657,74.52371790948926
STU_015658,70.52270653337513
STU_015659,71.66960996115296
STU_015660,84.92225327596906
STU_015661,35.955522997418036
STU_015662,67.19196566984357
STU_015663,86.82657398856097
STU_015664,58.26389581901092
STU_015665,81.6955155262665
STU_015666,79.9271882456058
STU_015667,96.00881003634791
STU_015668,84.2183263832866
STU_015669,78.49591503171682
STU_015670,62.9393569859427
STU_015671,88.49636445903937
STU_015672,89.20878961736227
STU_015673,82.50086591297057
STU_015674,81.21128101432713
STU_015675,86.69554207288617
STU_015676,50.368961758995816
STU_015677,81.21863478463838
STU_015678,97.40948316767205
STU_015679,74.46542696948035
STU_015680,76.27319634109004
STU_015681,80.10411651105262
STU_015682,85.35808124917725
STU_015683,68.66354722374945
STU_015684,61.42343639689944
STU_015685,82.40972252048526
STU_015686,69.56137925608802
STU_015687,81.11558454657748
STU_015688,78.98554334936945
STU_015689,60.72386317248051
STU_015690,57.750655150444715
STU_015691,95.89078107800356
STU_015692,88.14479472120331
STU_015693,77.40317864655584
STU_015694,96.2696726598416
STU_015695,94.75067166079342
STU_015696,51.383876723386884
STU_015697,63.35419690328101
STU_015698,81.42794508946326
STU_015699,94.52576889867328
STU_015700,84.85999427934448
STU_015701,68.50455760112818
STU_015702,85.83675533931057
STU_015703,86.81195098657102
STU_015704,76.44244843909837
STU_015705,78.87657307301545
STU_015706,66.41061886890284
STU_015707,72.21218803249252
STU_015708,53.00163864679399
STU_015709,64.00165651644875
STU_015710,68.01463294613887
STU_015711,74.44586908275103
STU_015712,92.04231248113888
STU_015713,82.04330027988492
STU_015714,71.04538255695077
STU_015715,88.03690797387893
STU_015716,62.72720934042349
STU_015717,61.49465864623972
STU_015718,71.55345165303257
STU_015719,58.39127065198877
STU_015720,59.84834048963711
STU_015721,64.89501317262355
STU_015722,67.30373251225973
STU_015723,75.20914645743083
STU_015724,96.33203357931531
STU_015725,91.2476405682487
STU_015726,79.50265165762399
STU_015727,67.98930661026942
STU_015728,81.91347504193213
STU_015729,94.40750813755044
STU_015730,69.79414327548676
STU_015731,77.59384289353869
STU_015732,58.73859850203155
STU_015733,63.41431625885708
STU_015734,66.34177955059263
STU_015735,56.65745046674216
STU_015736,91.85930493003593
STU_015737,75.8617842259344
STU_015738,65.21331441032173
STU_015739,77.20063478196658
STU_015740,94.39752276039891
STU_015741,63.974285112787136
STU_015742,71.991035650779
STU_015743,89.61434912601455
STU_015744,65.29010005972602
STU_015745,79.02669878245365
STU_015746,71.1600554389556
STU_015747,93.37313026100242
STU_015748,53.04866658324494
STU_015749,87.76347300905302
STU_015750,61.00335548848524
STU_015751,83.88779864930923
STU_015752,73.8330075880837
STU_015753,77.86857238505026
STU_015754,80.70883565157793
STU_015755,91.5040710528225
STU_015756,81.05087025828317
STU_015757,85.15939656826762
STU_015758,100.0
STU_015759,81.86360364532987
STU_015760,64.66800061213542
STU_015761,86.91472992069616
STU_015762,65.4221457536905
STU_015763,68.08814103431311
STU_015764,78.3382332204293
STU_015765,80.57643063763902
STU_015766,77.21238647849732
STU_015767,82.84366614486233
STU_015768,73.94209582132454
STU_015769,79.3103315029129
STU_015770,67.123421781348
STU_015771,91.73818839156827
STU_015772,61.53123520756301
STU_015773,55.998891906938745
STU_015774,95.66605017435495
STU_015775,74.11937693673146
STU_015776,62.73095585955681
STU_015777,70.01405724145896
STU_015778,65.66536202714505
STU_015779,54.546565009318975
STU_015780,83.59104028279019
STU_015781,75.24100828433039
STU_015782,86.71679929565877
STU_015783,68.86031384867063
STU_015784,77.34833349054037
STU_015785,70.84494964483565
STU_015786,75.58556978255612
STU_015787,78.18273692025983
STU_015788,79.68223408877431
STU_015789,54.385247259518486
STU_015790,67.28899666767435
STU_015791,73.87014012637536
STU_015792,80.50403317368827
STU_015793,87.75911371678059
STU_015794,90.19334121081863
STU_015795,67.37435031188855
STU_015796,89.20569253198366
STU_015797,84.86091570591103
STU_015798,88.48752131087602
STU_015799,89.17541034107106
STU_015800,66.47413787311079
STU_015801,74.32697659886676
STU_015802,56.130460167420864
STU_015803,71.85573850351257
STU_015804,76.79599696325644
STU_015805,52.36118526067614
STU_015806,93.88453402823734
STU_015807,75.35233787587873
STU_015808,69.86277790166275
STU_015809,48.740093537187484
STU_015810,87.03552791683919
STU_015811,98.66822439248557
STU_015812,89.25249550989393
STU_015813,94.25440815656434
STU_015814,70.97154492958936
STU_015815,62.687385126960685
STU_015816,90.42792042431373
STU_015817,71.40283260011807
STU_015818,73.37063720824665
STU_015819,58.57548156962045
STU_015820,69.80164984725816
STU_015821,76.01344015640532
STU_015822,63.59579282664464
STU_015823,75.35330235091081
STU_015824,84.310550296327
STU_015825,54.358435415635874
STU_015826,54.29011402482631
STU_015827,67.76617147440018
STU_015828,75.02088457257797
STU_015829,88.21097182278477
STU_015830,88.81876441306315
STU_015831,75.06535453910521
STU_015832,88.8051006832842
STU_015833,92.53878353140615
STU_015834,45.72422559220144
STU_015835,82.85084720193723
STU_015836,79.24625334040041
STU_015837,71.93064633113222
STU_015838,70.69182656142547
STU_015839,88.8315573631864
STU_015840,65.67243382174144
STU_015841,60.21687807747067
STU_015842,85.5336734890829
STU_015843,86.14961743345698
STU_015844,89.8714325657725
STU_015845,68.29868480947944
STU_015846,61.44581571227283
STU_015847,74.33375340249384
STU_015848,86.13748206784928
STU_015849,94.75371971574599
STU_015850,60.0839829053152
STU_015851,72.76122424687013
STU_015852,61.947589944618514
STU_015853,75.21482200549868
STU_015854,92.57317646608234
STU_015855,90.20286543703838
STU_015856,73.68185151439737
STU_015857,86.41444299040259
STU_015858,63.588535999333466
STU_015859,72.52537808142037
STU_015860,66.94572598906808
STU_015861,74.6333978076075
STU_015862,68.55653840488326
STU_015863,94.38492066318261
STU_015864,56.41196036904772
STU_015865,61.4435975344928
STU_015866,74.7047506521317
STU_015867,38.682131322758536
STU_015868,72.84362170510738
STU_015869,83.43446281117664
STU_015870,74.56544922912423
STU_015871,73.71046273064982
STU_015872,46.215465824096064
STU_015873,97.13587407667063
STU_015874,77.15103983511015
STU_015875,84.74393062596289
STU_015876,68.47733940123967
STU_015877,94.29926619288953
STU_015878,84.94190718476663
STU_015879,96.19163755199588
STU_015880,79.47733249443328
STU_015881,94.6365895027901
STU_015882,66.32259636505135
STU_015883,80.21819180069298
STU_015884,91.1036854672326
STU_015885,61.67996843810958
STU_015886,94.8171627423323
STU_015887,96.81473127248002
STU_015888,61.50007292108925
STU_015889,89.67222060768387
STU_015890,94.51789279050601
STU_015891,84.97982001924183
STU_015892,59.300555691903156
STU_015893,56.885777270145006
STU_015894,53.28788116242352
STU_015895,59.94291722500694
STU_015896,75.59459136338705
STU_015897,91.21438620329683
STU_015898,73.99588126642155
STU_015899,90.52310112018657
STU_015900,73.24307692137074
STU_015901,72.87760341567075
STU_015902,73.14408969421524
STU_015903,84.90356882632528
STU_015904,76.79912791389117
STU_015905,90.86255024261925
STU_015906,68.68154026578631
STU_015907,100.0
STU_015908,63.67842765144169
STU_015909,75.06214076183672
STU_015910,79.77401072611629
STU_015911,60.57031899616879
STU_015912,72.76425814940298
STU_015913,67.76642016050798
STU_015914,63.278297401906656
STU_015915,86.72443291897278
STU_015916,61.372577223748145
STU_015917,51.6444111457695
STU_015918,80.49351045887956
STU_015919,88.29377332306221
STU_015920,79.35975147523861
STU_015921,90.10514492552804
STU_015922,58.99500756335796
STU_015923,89.56388659667167
STU_015924,78.38727503343215
STU_015925,70.39443764390661
STU_015926,79.82890391334199
STU_015927,69.861492438334
STU_015928,78.92184686043726
STU_015929,87.11972957794306
STU_015930,61.67701230767676
STU_015931,57.30350523821123
STU_015932,77.52438561754204
STU_015933,77.14696250448357
STU_015934,75.88629741012659
STU_015935,99.98313044499811
STU_015936,100.0
STU_015937,81.29587716700888
STU_015938,86.30046208355327
STU_015939,69.60193544665535
STU_015940,92.22350726988
STU_015941,70.93722153556723
STU_015942,90.2946183430767
STU_015943,84.70750752795546
STU_015944,100.0
STU_015945,68.8230578138802
STU_015946,73.32567500001346
STU_015947,69.78529145478127
STU_015948,68.1626037607194
STU_015949,64.46194748411496
STU_015950,96.41500415811778
STU_015951,72.83920633825544
STU_015952,73.85407200898206
STU_015953,62.88416921149851
STU_015954,83.94106178166832
STU_015955,77.06376718403192
STU_015956,77.55440787683524
STU_015957,54.64431145438702
STU_015958,65.57047903671952
STU_015959,86.89489814475863
STU_015960,70.1314049416035
STU_015961,87.2472959309853
STU_015962,84.0465631059331
STU_015963,80.55967965269768
STU_015964,67.66816890987425
STU_015965,83.85069876624391
STU_015966,50.79141232755223
STU_015967,81.76646265653733
STU_015968,85.27303979660866
STU_015969,65.48878564366977
STU_015970,73.3563344256492
STU_015971,70.00667813843887
STU_015972,82.96746124128006
STU_015973,66.10714816274765
STU_015974,91.48743476762033
STU_015975,51.18091643462313
STU_015976,50.826067857092184
STU_015977,63.57333605344343
STU_015978,73.11239746010358
STU_015979,83.22367397811934
STU_015980,90.1684379104064
STU_015981,90.95497927245466
STU_015982,94.09859281892223
STU_015983,84.74007851922454
STU_015984,86.830463750072
STU_015985,74.85191204860497
STU_015986,43.17284187540087
STU_015987,70.50334667985729
STU_015988,57.40787115467549
STU_015989,72.14097713131181
STU_015990,58.73499684706073
STU_015991,80.08252116102001
STU_015992,45.056483175207504
STU_015993,73.03158465474768
STU_015994,72.82298467990024
STU_015995,96.76350498343389
STU_015996,79.72733839953791
STU_015997,65.41594109180036
STU_015998,80.96948093798333
STU_015999,87.8304754047341
STU_016000,83.8820703108176
STU_016001,86.84568628123444
STU_016002,91.11859222296188
STU_016003,95.84226040302512
STU_016004,85.93688600538307
STU_016005,49.38677104813164
STU_016006,69.09925977597283
STU_016007,79.10554958163532
STU_016008,90.24109780352768
STU_016009,53.30263439436297
STU_016010,70.94886389210482
STU_016011,86.72560602474672
STU_016012,71.86698880874992
STU_016013,66.83103194608904
STU_016014,94.94288750427711
STU_016015,48.44279934559572
STU_016016,97.22849287062081
STU_016017,78.11111517014781
STU_016018,80.37205399951131
STU_016019,73.54100349182994
STU_016020,90.87717394620549
STU_016021,100.0
STU_016022,67.95236928407037
STU_016023,100.0
STU_016024,75.71857923773916
STU_016025,91.94941058225913
STU_016026,57.802217471583816
STU_016027,62.44220372253545
STU_016028,73.01989118138326
STU_016029,77.62944682528651
STU_016030,95.12738490163187
STU_016031,91.83299310423156
STU_016032,91.57342866507051
STU_016033,87.80299034116968
STU_016034,83.84179597555274
STU_016035,67.76234163930832
STU_016036,100.0
STU_016037,79.02685534666385
STU_016038,72.78859478058887
STU_016039,72.32187371324022
STU_016040,90.20081698073474
STU_016041,90.677132553668
STU_016042,80.97863578252912
STU_016043,85.07987600758355
STU_016044,85.9741565844723
STU_016045,84.58141292191517
STU_016046,64.16146991456374
STU_016047,88.5574064252807
STU_016048,66.41386498302738
STU_016049,75.60619856087075
STU_016050,72.70530633594825
STU_016051,79.1474794284528
STU_016052,90.20982866385523
STU_016053,79.78559329043969
STU_016054,67.25901362333559
STU_016055,79.02108195319923
STU_016056,74.05529894211423
STU_016057,74.64244133142999
STU_016058,78.71535712744958
STU_016059,75.38845817377661
STU_016060,80.82810750578604
STU_016061,53.50020495632291
STU_016062,70.46689610322156
STU_016063,80.90734864742716
STU_016064,65.94414895959927
STU_016065,76.53424409424154
STU_016066,84.88130767769363
STU_016067,62.0272002739881
STU_016068,95.88685769918236
STU_016069,79.17277138777953
STU_016070,76.3681468568694
STU_016071,69.40217363499185
STU_016072,85.38531102141933
STU_016073,76.946907097137
STU_016074,85.51985120718857
STU_016075,96.13199759817776
STU_016076,64.92098972078743
STU_016077,66.52206808193974
STU_016078,81.57193473158107
STU_016079,86.46895661736995
STU_016080,66.994258180252
STU_016081,65.40463111918103
STU_016082,84.66801743199444
STU_016083,96.82405087128254
STU_016084,77.64564451657589
STU_016085,50.82330962811396
STU_016086,94.12759597356632
STU_016087,76.36993899474979
STU_016088,75.0962586982488
STU_016089,84.25830521234636
STU_016090,85.5998380331884
STU_016091,61.75359695061618
STU_016092,68.50961234422076
STU_016093,75.51636485051165
STU_016094,74.61934790820895
STU_016095,77.35492902275982
STU_016096,85.62836718345203
STU_016097,71.28245626224233
STU_016098,63.32605383607917
STU_016099,77.06369104867505
STU_016100,76.10908099707656
STU_016101,61.081537837756116
STU_016102,78.28470580602175
STU_016103,52.948264578950116
STU_016104,81.09107320279654
STU_016105,64.37530449766068
STU_016106,65.23195670963975
STU_016107,75.67540148293403
STU_016108,68.99198730333082
STU_016109,67.67862644299278
STU_016110,65.56282654619167
STU_016111,84.10254305208113
STU_016112,79.97823886929388
STU_016113,60.91148334289916
STU_016114,74.1566886751995
STU_016115,88.72324067840783
STU_016116,95.40618317829606
STU_016117,81.11845494585981
STU_016118,72.24618551259792
STU_016119,85.7292611343909
STU_016120,83.7070429404402
STU_016121,69.89927164661843
STU_016122,72.87894877642557
STU_016123,87.42488921858615
STU_016124,93.61932391650298
STU_016125,91.53124169377247
STU_016126,77.89578352561153
STU_016127,79.69837570343775
STU_016128,93.22505831860296
STU_016129,67.86640246960548
STU_016130,99.45262638635646
STU_016131,88.62697563800333
STU_016132,72.18772293525105
STU_016133,79.04764786165484
STU_016134,73.05522103736335
STU_016135,61.32042712173187
STU_016136,90.58303025586446
STU_016137,81.96031087915142
STU_016138,75.7417494733439
STU_016139,94.66779799031711
STU_016140,84.24852216184074
STU_016141,87.8215215236784
STU_016142,79.97575910296005
STU_016143,58.295932369348606
STU_016144,77.55668322969646
STU_016145,78.03214489999147
STU_016146,81.02605306237261
STU_016147,84.80691803425927
STU_016148,62.60668307609335
STU_016149,56.58070210779379
STU_016150,91.33180511826686
STU_016151,60.65446597540354
STU_016152,82.02042079516409
STU_016153,69.03571469905387
STU_016154,80.21201105638222
STU_016155,84.93155460986996
STU_016156,63.696339034405824
STU_016157,77.8434607657882
STU_016158,96.68410477546988
STU_016159,62.66821685948308
STU_016160,74.55535181702402
STU_016161,72.77292826475444
STU_016162,93.92873861449603
STU_016163,75.02264402455367
STU_016164,59.77962232852176
STU_016165,96.69546756627469
STU_016166,61.952522781573826
STU_016167,74.9984745648887
STU_016168,84.48981987758638
STU_016169,91.12680546603247
STU_016170,86.09883787124092
STU_016171,77.02603707881421
STU_016172,59.87241162596668
STU_016173,69.0423003666001
STU_016174,62.739548508550996
STU_016175,87.6020034989298
STU_016176,77.14544569009504
STU_016177,84.65171982112946
STU_016178,82.79703647483473
STU_016179,79.21742561650795
STU_016180,58.83630367327178
STU_016181,89.2939800742171
STU_016182,53.5298866258029
STU_016183,79.80319235120915
STU_016184,72.58571008114289
STU_016185,99.74637664867
STU_016186,51.62119737884316
STU_016187,93.01797530844281
STU_016188,77.13708144676794
STU_016189,80.43941866436793
STU_016190,84.23257442725549
STU_016191,52.80603214259567
STU_016192,61.13325825524569
STU_016193,78.56679262617837
STU_016194,87.0544085184158
STU_016195,85.08197926069717
STU_016196,61.63006436641682
STU_016197,93.05209263955187
STU_016198,74.58926097752678
STU_016199,77.44686802294676
STU_016200,68.00356991676115
STU_016201,64.76021548516144
STU_016202,63.47307238819293
STU_016203,71.7323084112941
STU_016204,63.41449505197083
STU_016205,55.389266209855606
STU_016206,69.55540943192565
STU_016207,50.54050341150726
STU_016208,73.63050413227992
STU_016209,68.58401629792796
STU_016210,64.68098486357613
STU_016211,69.69616364777607
STU_016212,69.02518006251503
STU_016213,91.6867955970886
STU_016214,59.77702789962389
STU_016215,74.55001765397088
STU_016216,60.25678503604029
STU_016217,72.45456574612952
STU_016218,97.72479605555733
STU_016219,86.22663554190032
STU_016220,87.11280789094812
STU_016221,66.14623576416238
STU_016222,67.0786597764627
STU_016223,64.6083760161972
STU_016224,96.40760208583907
STU_016225,80.8317062027793
STU_016226,80.78172150814974
STU_016227,79.76786792936284
STU_016228,71.16311513852663
STU_016229,64.66310760820959
STU_016230,66.07622253836965
STU_016231,89.62142513913764
STU_016232,96.09195112600534
STU_016233,55.595169444195804
STU_016234,82.78168369179775
STU_016235,60.66899569323986
STU_016236,73.99652908021154
STU_016237,70.85632264910802
STU_016238,87.5295688123808
STU_016239,63.44065691278339
STU_016240,91.2916097516094
STU_016241,88.12541086434034
STU_016242,73.53055742116807
STU_016243,80.28183278305846
STU_016244,79.44593756562513
STU_016245,74.01388788918298
STU_016246,71.80831437283626
STU_016247,71.58719068583257
STU_016248,75.2170438366442
STU_016249,69.46500308075025
STU_016250,91.68280230799618
STU_016251,53.329809192549945
STU_016252,85.58586822313472
STU_016253,84.00205371632606
STU_016254,83.39833806438783
STU_016255,75.61599318331099
STU_016256,45.02921810605332
STU_016257,83.18322216353239
STU_016258,85.52774207229504
STU_016259,76.55016602569596
STU_016260,74.84386816091447
STU_016261,92.62816969076758
STU_016262,79.28507973927967
STU_016263,56.57937311397923
STU_016264,51.03919459755243
STU_016265,93.99344916940522
STU_016266,84.67608561331447
STU_016267,75.39277240972562
STU_016268,82.03414800511467
STU_016269,95.53224532559018
STU_016270,72.31677797828257
STU_016271,72.20940341464897
STU_016272,84.13065655358781
STU_016273,75.55581374637697
STU_016274,57.80493122408671
STU_016275,76.76283015766845
STU_016276,59.1039096288459
STU_016277,88.08008286380809
STU_016278,80.94113139974532
STU_016279,80.78883473575122
STU_016280,80.11736350196975
STU_016281,78.98540411919355
STU_016282,73.48424144033719
STU_016283,66.8326089912928
STU_016284,86.82945664207497
STU_016285,63.94697209600608
STU_016286,57.90700940202959
STU_016287,79.21562032768695
STU_016288,90.42567341719553
STU_016289,80.18969734852244
STU_016290,63.39957138085399
STU_016291,78.42138709998848
STU_016292,74.95983729135048
STU_016293,80.59228556725297
STU_016294,70.15322331500928
STU_016295,86.67892832565389
STU_016296,73.3915876868584
STU_016297,83.84218901520153
STU_016298,51.89744686233641
STU_016299,67.02534327319631
STU_016300,66.9601388362577
STU_016301,57.44324312064827
STU_016302,70.05161441149106
STU_016303,75.64645324562126
STU_016304,80.25215350621524
STU_016305,90.19131680910263
STU_016306,80.7629517941613
STU_016307,70.14472787536788
STU_016308,65.08131988133516
STU_016309,89.96231306262177
STU_016310,79.29518538723735
STU_016311,62.0636003310931
STU_016312,63.621093817703596
STU_016313,97.99800221335015
STU_016314,87.55652265749933
STU_016315,62.65183453041278
STU_016316,92.51197771741715
STU_016317,82.81227919363926
STU_016318,71.95215592575062
STU_016319,69.25346391554737
STU_016320,58.533278600387575
STU_016321,64.96528145122856
STU_016322,93.3939527462858
STU_016323,71.53953007201106
STU_016324,52.51115968106913
STU_016325,76.51532902822588
STU_016326,73.3919183469675
STU_016327,84.47410102566822
STU_016328,72.81095848349474
STU_016329,68.86135285890796
STU_016330,69.29395398810702
STU_016331,78.96137125179601
STU_016332,84.98162564033092
STU_016333,87.98536667648602
STU_016334,62.68800373629042
STU_016335,74.70836814401427
STU_016336,63.1316958095393
STU_016337,63.83276502976462
STU_016338,74.06249993583606
STU_016339,81.9006253503461
STU_016340,87.02941992722597
STU_016341,78.50182800752182
STU_016342,75.33808888789946
STU_016343,73.3661898655132
STU_016344,87.15543184696799
STU_016345,86.15601747363823
STU_016346,76.64870009807053
STU_016347,51.05983884140488
STU_016348,69.12045334716704
STU_016349,84.90511538883476
STU_016350,63.386103478496096
STU_016351,72.46837750899921
STU_016352,75.29599087762192
STU_016353,73.08988416996411
STU_016354,48.81338351580373
STU_016355,75.53088329565597
STU_016356,73.26311952143553
STU_016357,67.49621059239293
STU_016358,78.26266245756192
STU_016359,86.04657146226577
STU_016360,77.89540780290457
STU_016361,76.5746170387684
STU_016362,76.57856491964627
STU_016363,68.8167409642307
STU_016364,68.69956442621353
STU_016365,79.40823877068337
STU_016366,70.04134483221864
STU_016367,76.52043713593027
STU_016368,55.857941132150955
STU_016369,67.42293175744976
STU_016370,42.36238446405268
STU_016371,62.45315809510319
STU_016372,89.07969828483226
STU_016373,84.1782618150806
STU_016374,70.83223593208157
STU_016375,76.65712896783636
STU_016376,86.34812545313605
STU_016377,58.625657228987535
STU_016378,84.17536977689858
STU_016379,65.96392712724607
STU_016380,89.42331628121696
STU_016381,64.75646295765608
STU_016382,76.53026279553197
STU_016383,58.68603985620365
STU_016384,90.26060313501625
STU_016385,91.39964934208191
STU_016386,74.17548456291138
STU_016387,69.26043409921051
STU_016388,62.2704130858781
STU_016389,76.02226698945168
STU_016390,79.93372044351352
STU_016391,100.0
STU_016392,84.88734697506497
STU_016393,76.82640116119806
STU_016394,96.82505805853346
STU_016395,61.56273899109721
STU_016396,88.22416860365294
STU_016397,68.5474516654735
STU_016398,65.17697991960884
STU_016399,68.7709138417392
STU_016400,86.32130066343392
STU_016401,74.38693956984025
STU_016402,93.93295174468199
STU_016403,64.54261278696077
STU_016404,70.05208926923176
STU_016405,67.94797172121828
STU_016406,68.01559452296958
STU_016407,92.39094164710589
STU_016408,87.11897869351395
STU_016409,55.15968753996749
STU_016410,61.47379175482139
STU_016411,57.79443278077245
STU_016412,50.54034000908956
STU_016413,72.63685665590863
STU_016414,85.64178972463355
STU_016415,84.44370103056633
STU_016416,79.69279040282467
STU_016417,76.05380203926141
STU_016418,100.0
STU_016419,76.1944312317379
STU_016420,65.28128371677711
STU_016421,61.80649161378628
STU_016422,61.31831318082739
STU_016423,97.40388060587527
STU_016424,71.29125273887794
STU_016425,79.49352696517721
STU_016426,76.59111140811781
STU_016427,79.45990294300027
STU_016428,96.54610843656621
STU_016429,76.66656784218952
STU_016430,86.17642396791976
STU_016431,92.04724126813223
STU_016432,53.00675207007354
STU_016433,61.9473251560452
STU_016434,58.904723520126936
STU_016435,79.35391406540575
STU_016436,95.5402876005733
STU_016437,77.05565101128252
STU_016438,79.15287231155929
STU_016439,75.79093774706938
STU_016440,64.22705769989844
STU_016441,90.69450215882569
STU_016442,91.72728581731664
STU_016443,73.45345045437627
STU_016444,76.57454443186414
STU_016445,80.51101211481362
STU_016446,67.40533273985449
STU_016447,62.78556502229425
STU_016448,72.46092659642116
STU_016449,79.12132313698913
STU_016450,68.14408457412394
STU_016451,85.64124260630794
STU_016452,85.78455264392296
STU_016453,67.1412865966985
STU_016454,66.62074080566435
STU_016455,50.71784324338482
STU_016456,71.00331626536584
STU_016457,90.36930326398222
STU_016458,77.19058876535698
STU_016459,78.7954931101871
STU_016460,78.68049646025993
STU_016461,56.41611593789011
STU_016462,85.63199034280922
STU_016463,77.63153667977802
STU_016464,78.81696199527589
STU_016465,82.0573976805018
STU_016466,72.16356944038075
STU_016467,79.06688284782754
STU_016468,63.92957814067732
STU_016469,54.382648807875384
STU_016470,73.67688019672651
STU_016471,57.849101409331
STU_016472,71.7634404909528
STU_016473,74.14233708923874
STU_016474,69.58844123089284
STU_016475,99.00110325347428
STU_016476,91.24382726105085
STU_016477,92.51312157251473
STU_016478,87.75557933065005
STU_016479,63.494611544764105
STU_016480,71.42432652271349
STU_016481,75.93765570117189
STU_016482,66.40790161382338
STU_016483,85.39385700391166
STU_016484,67.32239441508668
STU_016485,75.96899241521103
STU_016486,87.62231841147508
STU_016487,70.64350652394798
STU_016488,81.03073733710781
STU_016489,90.16756113895343
STU_016490,67.88287601819574
STU_016491,87.360115282983
STU_016492,90.69530875204475
STU_016493,87.10752394548784
STU_016494,75.30878139678057
STU_016495,51.52510130896056
STU_016496,85.40940661715698
STU_016497,46.35359940092631
STU_016498,64.39048034144352
STU_016499,75.69689532207798
STU_016500,70.99118677116284
STU_016501,73.00015129502043
STU_016502,78.5849919366694
STU_016503,60.442016956676504
STU_016504,77.31653868383152
STU_016505,93.6428386519919
STU_016506,74.93826537533077
STU_016507,66.76908000652992
STU_016508,89.62027693391569
STU_016509,40.63225399200894
STU_016510,73.73293595273674
STU_016511,67.05520327652238
STU_016512,68.61332189433608
STU_016513,54.73263951273455
STU_016514,89.84106651902667
STU_016515,62.04617210640192
STU_016516,61.177942640642044
STU_016517,77.26343713516604
STU_016518,81.51682941525557
STU_016519,83.08262402041711
STU_016520,62.788659691841815
STU_016521,98.58506139168117
STU_016522,55.35362156602361
STU_016523,71.52547356943907
STU_016524,72.402536936909
STU_016525,46.256467973544886
STU_016526,100.0
STU_016527,60.32534349149836
STU_016528,71.72118876734874
STU_016529,72.11475721340045
STU_016530,81.43876683913362
STU_016531,94.22971093992541
STU_016532,100.0
STU_016533,78.40235526303185
STU_016534,89.80457335743364
STU_016535,67.51153415854476
STU_016536,83.22998678781471
STU_016537,82.01768512364602
STU_016538,57.765865778429756
STU_016539,78.09176341869687
STU_016540,79.22110622230595
STU_016541,100.0
STU_016542,60.72323983636156
STU_016543,62.318425767798765
STU_016544,85.92834908321922
STU_016545,90.19633703367481
STU_016546,70.57111513679621
STU_016547,100.0
STU_016548,96.43943743481536
STU_016549,87.13665553660876
STU_016550,67.26097613428843
STU_016551,81.01040398962417
STU_016552,85.59644011410052
STU_016553,69.016967866452
STU_016554,88.34068540856556
STU_016555,70.14357521807695
STU_016556,76.56814728755793
STU_016557,71.5583484351339
STU_016558,72.97383981030511
STU_016559,79.90826405848425
STU_016560,65.4898621414647
STU_016561,82.52561225164902
STU_016562,79.08663547845197
STU_016563,75.16435452777489
STU_016564,69.67647161949522
STU_016565,76.53199470082478
STU_016566,86.17745031746145
STU_016567,69.6426592504657
STU_016568,74.21113028132464
STU_016569,55.68025464520768
STU_016570,67.73118265092602
STU_016571,91.35123847524525
STU_016572,59.49530278113797
STU_016573,55.376887591735
STU_016574,97.36663359098611
STU_016575,67.96365835348128
STU_016576,81.24844839354861
STU_016577,89.84414137835958
STU_016578,86.16470741624772
STU_016579,88.18144583306919
STU_016580,84.5518402393223
STU_016581,95.2981579561472
STU_016582,67.16404143413266
STU_016583,84.80609887460119
STU_016584,95.8361030898759
STU_016585,89.20709244261728
STU_016586,77.55999653346329
STU_016587,76.07672021715754
STU_016588,71.90445053952097
STU_016589,70.4004239020603
STU_016590,76.51996032954823
STU_016591,54.13522828562724
STU_016592,77.67877399343709
STU_016593,81.1569284738382
STU_016594,44.00679334720327
STU_016595,71.21654002471236
STU_016596,86.40078822964458
STU_016597,56.135240633238055
STU_016598,83.02250871724692
STU_016599,47.92947808514119
STU_016600,51.95575755622241
STU_016601,75.86248469431584
STU_016602,60.11031122260224
STU_016603,53.06501957893778
STU_016604,81.6367450755844
STU_016605,93.06102767317154
STU_016606,70.70736931945105
STU_016607,42.1209477023809
STU_016608,86.04510491139845
STU_016609,77.2855845636833
STU_016610,83.5757118857576
STU_016611,62.37166791205134
STU_016612,94.96986034236295
STU_016613,79.4994476814142
STU_016614,71.99986637719297
STU_016615,95.85877810419238
STU_016616,83.59387230060766
STU_016617,88.02992863415298
STU_016618,75.8544096327672
STU_016619,93.35730420130486
STU_016620,57.024859661057334
STU_016621,81.25140303587668
STU_016622,75.91041128078427
STU_016623,76.35016288848195
STU_016624,94.99311504861582
STU_016625,82.69116241560462
STU_016626,59.59036786658268
STU_016627,97.19840048431081
STU_016628,88.30178528752424
STU_016629,54.27418348198263
STU_016630,70.40377500268578
STU_016631,68.2799291924891
STU_016632,63.18229259987603
STU_016633,73.45473180002193
STU_016634,65.75388845789692
STU_016635,90.5930547604409
STU_016636,83.82821351077013
STU_016637,66.68662063527866
STU_016638,68.02926977095741
STU_016639,60.54362401096014
STU_016640,98.94978964356778
STU_016641,79.97053076341672
STU_016642,57.38458164314271
STU_016643,69.45654592551931
STU_016644,76.61400383114089
STU_016645,80.98326549462138
STU_016646,82.23897456819302
STU_016647,69.62380843735295
STU_016648,80.1094354836709
STU_016649,84.16295018971601
STU_016650,89.18025704748808
STU_016651,82.4951783229975
STU_016652,87.88449772821394
STU_016653,78.97699311913928
STU_016654,92.33834889162418
STU_016655,72.55544974735982
STU_016656,81.52848105387139
STU_016657,81.36320011168968
STU_016658,91.08701905762393
STU_016659,78.6684202994127
STU_016660,90.90626593350216
STU_016661,68.42974958761846
STU_016662,68.60244650377226
STU_016663,84.86608708256857
STU_016664,69.85313187384865
STU_016665,79.19076053192273
STU_016666,70.41398003642283
STU_016667,69.08265196374084
STU_016668,93.41237384652823
STU_016669,70.51676496283422
STU_016670,82.97167227946882
STU_016671,95.6518732997547
STU_016672,84.84066757776078
STU_016673,66.18278481758952
STU_016674,79.30847074727662
STU_016675,69.35123196303101
STU_016676,100.0
STU_016677,92.02463923767856
STU_016678,88.89591008418738
STU_016679,91.93523377368297
STU_016680,61.295456519308104
STU_016681,94.75188255841043
STU_016682,85.84492213744115
STU_016683,73.23692663816438
STU_016684,66.90743680971183
STU_016685,75.4140106203456
STU_016686,72.60176198232764
STU_016687,95.32179971883399
STU_016688,60.23909038965893
STU_016689,72.70574476757336
STU_016690,58.86839852254781
STU_016691,81.43822346068718
STU_016692,78.24056690712332
STU_016693,66.23960050154875
STU_016694,85.42177441961164
STU_016695,77.94493291873206
STU_016696,78.5663420708029
STU_016697,72.50624479829878
STU_016698,83.08362239457226
STU_016699,63.87511681073919
STU_016700,76.52642161387708
STU_016701,77.95750306671196
STU_016702,80.49515089313326
STU_016703,89.05354084988176
STU_016704,82.82132652278715
STU_016705,85.30386601681062
STU_016706,73.71385650143702
STU_016707,79.38955538579066
STU_016708,87.42773529860193
STU_016709,45.777368574014865
STU_016710,77.45191780560965
STU_016711,63.527467802696336
STU_016712,50.32372833327277
STU_016713,92.0408053236356
STU_016714,93.9829199438299
STU_016715,67.51695563942056
STU_016716,67.46269325244178
STU_016717,86.91022079220984
STU_016718,53.725196156262804
STU_016719,90.49361994220895
STU_016720,93.95985239632482
STU_016721,78.55421500455388
STU_016722,78.68951823950854
STU_016723,74.25629604385617
STU_016724,76.99415445565835
STU_016725,70.76990447811305
STU_016726,58.708957508730336
STU_016727,71.46503283313702
STU_016728,56.709433250989164
STU_016729,81.15650365157317
STU_016730,83.5933975592502
STU_016731,65.29522161799656
STU_016732,85.74634372236335
STU_016733,87.67411860632076
STU_016734,61.326267695064274
STU_016735,80.79526555337162
STU_016736,59.730029784866005
STU_016737,70.12601177293732
STU_016738,73.77007170222257
STU_016739,83.69712969023998
STU_016740,73.14053855007532
STU_016741,79.74608636417169
STU_016742,92.72103026733977
STU_016743,75.63200693519747
STU_016744,58.432424182098295
STU_016745,67.64736301052258
STU_016746,54.47728750794663
STU_016747,83.06390318836546
STU_016748,79.08137087501552
STU_016749,55.9795450220564
STU_016750,88.14037050567786
STU_016751,85.53599901220448
STU_016752,58.47963922863576
STU_016753,76.44891398259368
STU_016754,100.0
STU_016755,75.83310228225965
STU_016756,78.23422818853443
STU_016757,86.06060985069016
STU_016758,57.81215514181238
STU_016759,98.27757202342751
STU_016760,71.98559858245704
STU_016761,79.84613248701866
STU_016762,75.73035361606907
STU_016763,81.99758911028235
STU_016764,67.50512195689561
STU_016765,86.25738115462171
STU_016766,90.83319440170474
STU_016767,83.87280674455113
STU_016768,87.20826257327244
STU_016769,49.34741788969938
STU_016770,57.11488663881673
STU_016771,63.47111932006344
STU_016772,93.14208154929756
STU_016773,71.27034799879057
STU_016774,78.80060827136764
STU_016775,71.33868262484513
STU_016776,93.77511760621871
STU_016777,52.50168080291654
STU_016778,78.29303384758504
STU_016779,73.13794738727499
STU_016780,79.66627757365976
STU_016781,48.8346851729491
STU_016782,82.1849249913503
STU_016783,71.89206852176284
STU_016784,97.0628144307261
STU_016785,92.13420773119927
STU_016786,71.95339463088638
STU_016787,66.53895478375115
STU_016788,91.0869337190172
STU_016789,76.45807424894643
STU_016790,82.68607604936426
STU_016791,67.09994539658652
STU_016792,71.73232260057443
STU_016793,81.55860755993409
STU_016794,80.99841875165433
STU_016795,76.71183824866509
STU_016796,85.88473618264683
STU_016797,66.2403652255294
STU_016798,72.89903663627328
STU_016799,89.25692079821306
STU_016800,64.87366124030233
STU_016801,60.69139464995763
STU_016802,66.55551205490838
STU_016803,88.75667749735032
STU_016804,89.30985276009834
STU_016805,55.87588843648295
STU_016806,77.60455378244681
STU_016807,77.39992096472963
STU_016808,86.72301106772912
STU_016809,82.36814392509109
STU_016810,49.22322438246346
STU_016811,75.29666907831633
STU_016812,70.55515342964287
STU_016813,74.61755879571163
STU_016814,90.21770628436002
STU_016815,66.88908965417146
STU_016816,68.50389453155222
STU_016817,97.96539868119581
STU_016818,57.537795507978565
STU_016819,88.76138154339526
STU_016820,78.27872844364296
STU_016821,80.4470170855111
STU_016822,74.4868742876069
STU_016823,100.0
STU_016824,80.79726776455882
STU_016825,81.01948848745545
STU_016826,72.48327410230523
STU_016827,79.23554842019263
STU_016828,72.54227513359108
STU_016829,77.51057092740686
STU_016830,75.91244580750842
STU_016831,85.1514168846918
STU_016832,68.84497112575525
STU_016833,61.47207484009702
STU_016834,82.58901025476229
STU_016835,78.6432361166379
STU_016836,84.3359356645589
STU_016837,97.72519323819606
STU_016838,91.19478300715681
STU_016839,67.69744599054135
STU_016840,81.76904590217934
STU_016841,93.13741764341867
STU_016842,73.31751207830261
STU_016843,70.92249464318304
STU_016844,84.22748081131225
STU_016845,70.96258178219261
STU_016846,68.79115211994412
STU_016847,76.78994165964423
STU_016848,60.938255763009494
STU_016849,70.96313629565745
STU_016850,76.19681167612455
STU_016851,69.19398003528505
STU_016852,87.91388922471022
STU_016853,84.41803226450835
STU_016854,84.49840966948483
STU_016855,78.04667416529942
STU_016856,94.27667616769695
STU_016857,69.39837008919011
STU_016858,56.43497497476402
STU_016859,100.0
STU_016860,98.5417130283975
STU_016861,80.60369810135435
STU_016862,92.55099696635523
STU_016863,97.35794414221218
STU_016864,54.380516678798145
STU_016865,85.58352212126894
STU_016866,70.50279077501813
STU_016867,90.96536721177301
STU_016868,74.3214003100473
STU_016869,89.39680961628659
STU_016870,66.22393598844566
STU_016871,61.792609738497006
STU_016872,78.72270445885955
STU_016873,94.65165331281949
STU_016874,72.8410805263996
STU_016875,84.53513880904137
STU_016876,60.222665694338126
STU_016877,100.0
STU_016878,62.87420707017109
STU_016879,91.976418139815
STU_016880,88.77256727008802
STU_016881,67.5402714616955
STU_016882,75.42447908497643
STU_016883,90.06687749422917
STU_016884,71.14567425742402
STU_016885,91.62525845701144
STU_016886,83.54512635831057
STU_016887,68.45069043354162
STU_016888,86.35875455688854
STU_016889,73.09853051604723
STU_016890,71.03096682952417
STU_016891,67.68969416126814
STU_016892,81.82956378854782
STU_016893,62.8029574244966
STU_016894,82.32341713618044
STU_016895,70.10989364047357
STU_016896,64.38553765496432
STU_016897,54.327957526756876
STU_016898,98.38258081798142
STU_016899,82.22807057287505
STU_016900,94.07452658527711
STU_016901,74.62505911753307
STU_016902,92.50598147282483
STU_016903,78.03337261664477
STU_016904,89.5627563081384
STU_016905,81.8482568430444
STU_016906,72.98203535454243
STU_016907,85.9794036541142
STU_016908,67.1379820618361
STU_016909,89.96463106924988
STU_016910,75.58216410812518
STU_016911,71.43166532026274
STU_016912,70.43394106601832
STU_016913,58.00319316619989
STU_016914,89.55579825431292
STU_016915,88.93088440717354
STU_016916,76.48253484345872
STU_016917,80.45766560959429
STU_016918,52.2312056367303
STU_016919,70.70690342824909
STU_016920,72.33850172431094
STU_016921,74.37825436636055
STU_016922,71.51524308549484
STU_016923,87.91851571662646
STU_016924,53.39981382121777
STU_016925,81.85959075603803
STU_016926,72.59757689963294
STU_016927,62.250079319316946
STU_016928,73.03326399588718
STU_016929,66.17042836411177
STU_016930,90.01499226562325
STU_016931,47.694506954002364
STU_016932,83.60552708477067
STU_016933,88.38510504440148
STU_016934,62.710801297686736
STU_016935,74.60656321342162
STU_016936,59.49845612892223
STU_016937,69.22149064924245
STU_016938,90.1584054599325
STU_016939,92.67766117501965
STU_016940,86.62187565908405
STU_016941,63.359267397094506
STU_016942,77.18482636409149
STU_016943,75.75087213774542
STU_016944,80.07538648964828
STU_016945,90.31185222388848
STU_016946,80.98049490965458
STU_016947,74.37659123179212
STU_016948,73.10027411842616
STU_016949,61.2431875120063
STU_016950,69.60942128429646
STU_016951,96.2839798693532
STU_016952,60.71017820005459
STU_016953,66.51636971480926
STU_016954,71.24891059985241
STU_016955,86.40232694259159
STU_016956,90.65041822668334
STU_016957,66.07957644821298
STU_016958,76.85317195153063
STU_016959,96.31064284827477
STU_016960,83.43066689489768
STU_016961,66.37690167206175
STU_016962,74.74262335156729
STU_016963,94.98085741902825
STU_016964,91.23344326503323
STU_016965,89.75038310918438
STU_016966,77.74429623822658
STU_016967,88.46818455913993
STU_016968,95.17601427949143
STU_016969,63.16707454358591
STU_016970,75.18630099104436
STU_016971,62.98709749466468
STU_016972,95.25543111731037
STU_016973,71.56284725314659
STU_016974,77.16917569123379
STU_016975,63.31172609348596
STU_016976,71.87476882502149
STU_016977,86.26643277694399
STU_016978,65.00404736362448
STU_016979,55.64354590028701
STU_016980,82.96578613004672
STU_016981,62.11295554332493
STU_016982,78.11318235147573
STU_016983,68.09009494370072
STU_016984,65.69789862439977
STU_016985,99.35969756477758
STU_016986,88.11587193379978
STU_016987,82.42091407909754
STU_016988,73.33657984345565
STU_016989,88.89072382790701
STU_016990,76.6505851028499
STU_016991,62.516192239079906
STU_016992,80.53548070062192
STU_016993,80.28177937868281
STU_016994,66.73532490174028
STU_016995,65.03652525103575
STU_016996,92.8612811891074
STU_016997,83.35418633103762
STU_016998,92.5732302223775
STU_016999,97.57700610599724
STU_017000,87.12599187921165
STU_017001,86.04038950815219
STU_017002,97.49286054724111
STU_017003,95.21200308283332
STU_017004,67.83762463726494
STU_017005,80.24204157730033
STU_017006,81.93006566621179
STU_017007,69.41308202434665
STU_017008,77.78015029334827
STU_017009,82.37876654687308
STU_017010,76.26411569431218
STU_017011,57.227834958766486
STU_017012,55.68020935481093
STU_017013,96.58024060345664
STU_017014,76.47951029911393
STU_017015,80.93855246363617
STU_017016,88.68267535832723
STU_017017,65.24111359484574
STU_017018,75.22188980701164
STU_017019,56.879406086636536
STU_017020,70.34658027129105
STU_017021,82.50647316391616
STU_017022,73.25067351132917
STU_017023,59.55891745998421
STU_017024,56.373820208866405
STU_017025,63.42835152582607
STU_017026,81.03079799994786
STU_017027,81.57304779534208
STU_017028,72.0778502260222
STU_017029,87.20865407724435
STU_017030,91.27940935762265
STU_017031,55.96116064612566
STU_017032,92.83861831136588
STU_017033,86.03246919690429
STU_017034,76.39679881865163
STU_017035,72.77815167059755
STU_017036,86.32832565825345
STU_017037,93.57606822271902
STU_017038,96.92580512078433
STU_017039,88.31103190097124
STU_017040,99.4150176622155
STU_017041,61.162754124107295
STU_017042,84.44258499400142
STU_017043,74.54919465186478
STU_017044,95.61582769254812
STU_017045,86.00197691644806
STU_017046,82.86131820976544
STU_017047,93.56483183726041
STU_017048,69.02350169725541
STU_017049,85.15203524979141
STU_017050,67.79862089026837
STU_017051,77.59512423395802
STU_017052,93.2426594353358
STU_017053,80.73012778106977
STU_017054,89.77282558484946
STU_017055,83.60108309042825
STU_017056,79.4048196797448
STU_017057,95.77856479630945
STU_017058,80.18813689373383
STU_017059,62.9029719292461
STU_017060,67.8534738616027
STU_017061,91.49504779501152
STU_017062,60.912779262541086
STU_017063,76.98797214591475
STU_017064,66.05478480025951
STU_017065,92.1314354290441
STU_017066,66.05940904308578
STU_017067,91.93358275121389
STU_017068,65.73186198820657
STU_017069,81.07350994041305
STU_017070,80.82864074620683
STU_017071,76.07179485627748
STU_017072,71.40107582884558
STU_017073,91.94765351726599
STU_017074,84.6382969832252
STU_017075,90.47568778722156
STU_017076,54.0360797149073
STU_017077,86.86256057978565
STU_017078,66.23062553675167
STU_017079,62.777253305244955
STU_017080,53.819446324976354
STU_017081,70.97083901143046
STU_017082,84.95298849267677
STU_017083,67.08500859395643
STU_017084,51.4197031734665
STU_017085,61.36093139842886
STU_017086,91.87283422385333
STU_017087,72.17710354237585
STU_017088,89.44848703486426
STU_017089,65.41635463209332
STU_017090,89.07126537112254
STU_017091,67.99375417138113
STU_017092,82.13277751143384
STU_017093,50.89729371631159
STU_017094,81.42547056703836
STU_017095,54.12757144506132
STU_017096,62.026946803395894
STU_017097,62.64435747591786
STU_017098,49.25310677045627
STU_017099,76.12721251529358
STU_017100,81.1419657645086
STU_017101,79.48240535609823
STU_017102,81.94608743180807
STU_017103,79.74958912666236
STU_017104,87.089470641596
STU_017105,69.96965701582673
STU_017106,65.38008409613997
STU_017107,51.35997929757161
STU_017108,81.13588184480284
STU_017109,71.19029530628227
STU_017110,71.64547760558204
STU_017111,82.47610624501554
STU_017112,87.53728540426854
STU_017113,63.69346476905509
STU_017114,75.96185005026076
STU_017115,81.25504921282537
STU_017116,96.13806166880096
STU_017117,51.620520039175794
STU_017118,84.46246703959741
STU_017119,85.24646560816751
STU_017120,89.6648503275643
STU_017121,74.09408263682167
STU_017122,96.54505985220818
STU_017123,70.39455996084936
STU_017124,75.45256962355839
STU_017125,72.34351150443304
STU_017126,82.89401345423627
STU_017127,62.14965877486095
STU_017128,73.95705377735885
STU_017129,61.3737549060328
STU_017130,74.902061835789
STU_017131,69.15315971463285
STU_017132,74.76146238168928
STU_017133,75.9345240176281
STU_017134,93.9292365774266
STU_017135,60.796945692077294
STU_017136,85.78271014045782
STU_017137,64.42201356940141
STU_017138,78.50281991983124
STU_017139,91.55655640501455
STU_017140,77.67931650681437
STU_017141,86.02788489454299
STU_017142,93.18819737807101
STU_017143,54.35163003766368
STU_017144,93.04709260186648
STU_017145,89.26621119703911
STU_017146,95.08048629209497
STU_017147,100.0
STU_017148,74.4974012428011
STU_017149,73.31216691800243
STU_017150,59.665049681180484
STU_017151,75.13890843472542
STU_017152,73.5731977456765
STU_017153,76.20186404300834
STU_017154,77.32078658764038
STU_017155,56.13408840185465
STU_017156,57.2498275290165
STU_017157,77.1915533363011
STU_017158,84.64371969662726
STU_017159,60.0937801967451
STU_017160,58.397509765184324
STU_017161,76.5225969831502
STU_017162,77.8161823490566
STU_017163,78.1406850508662
STU_017164,92.30148221815571
STU_017165,68.05344092978545
STU_017166,73.98985788946494
STU_017167,64.43327566566776
STU_017168,78.14819063704928
STU_017169,86.29595838911087
STU_017170,86.46791106627745
STU_017171,93.21747356159382
STU_017172,74.69615081776162
STU_017173,54.594722067762476
STU_017174,62.812835968781606
STU_017175,99.65997622962921
STU_017176,80.6942814681812
STU_017177,73.20623160370512
STU_017178,86.19861171350738
STU_017179,82.95520332732607
STU_017180,73.55133669006085
STU_017181,85.66878974126988
STU_017182,67.12269529224076
STU_017183,95.5581791461651
STU_017184,86.54350905475334
STU_017185,94.18376905491104
STU_017186,65.6881249501086
STU_017187,85.13906044918667
STU_017188,76.63493868833842
STU_017189,54.32337474228782
STU_017190,85.4115425148957
STU_017191,69.3916157573951
STU_017192,65.57503334979921
STU_017193,54.389781514425735
STU_017194,85.26114581115021
STU_017195,69.04045994732458
STU_017196,83.05420737177455
STU_017197,78.32143442675321
STU_017198,75.13180755790157
STU_017199,74.04395189184196
STU_017200,67.52320804724829
STU_017201,70.22630864931018
STU_017202,88.61159647945391
STU_017203,77.26332771505761
STU_017204,66.73027319227916
STU_017205,87.65335762204165
STU_017206,76.42019536083707
STU_017207,92.08881018418421
STU_017208,62.88905647638977
STU_017209,59.54323554492939
STU_017210,36.00156091385671
STU_017211,89.51426627138368
STU_017212,91.04824768157111
STU_017213,92.84685079034287
STU_017214,83.32898487424012
STU_017215,64.6241314943758
STU_017216,55.41326702740081
STU_017217,100.0
STU_017218,74.78698441627525
STU_017219,93.32218836268648
STU_017220,76.18291838186724
STU_017221,71.59686301096026
STU_017222,66.42659850145499
STU_017223,73.222657287508
STU_017224,85.0810308525005
STU_017225,90.45600834422571
STU_017226,80.42837863343391
STU_017227,71.21065032583071
STU_017228,85.29240307287218
STU_017229,69.85483048269471
STU_017230,91.070708310333
STU_017231,66.27880286263816
STU_017232,71.09366588609615
STU_017233,73.9507954402123
STU_017234,87.43192148429358
STU_017235,78.36375841552304
STU_017236,62.37748573978942
STU_017237,92.26701738009436
STU_017238,82.13733296190644
STU_017239,53.33897663896064
STU_017240,92.01625607923553
STU_017241,73.43235395397373
STU_017242,46.68729479019318
STU_017243,82.04852216430464
STU_017244,73.43838602245785
STU_017245,90.62514200700613
STU_017246,85.15427027675307
STU_017247,57.04043993950662
STU_017248,66.04393311258073
STU_017249,66.8739660683343
STU_017250,60.606712183060424
STU_017251,88.03623402042572
STU_017252,58.24454025088845
STU_017253,87.17540108183357
STU_017254,47.0837410077073
STU_017255,56.407707876080295
STU_017256,48.25013985909286
STU_017257,81.10831215509609
STU_017258,77.42314515480412
STU_017259,69.28961583295201
STU_017260,70.64900812361866
STU_017261,59.501482152682044
STU_017262,74.18480404132201
STU_017263,80.48918148990454
STU_017264,69.90619090760254
STU_017265,91.24968613123531
STU_017266,54.64817725490215
STU_017267,69.21515779943536
STU_017268,75.01944612574269
STU_017269,69.51651723538731
STU_017270,82.49307426597758
STU_017271,80.45837490916313
STU_017272,58.27082950473185
STU_017273,86.45738494866741
STU_017274,86.36496641898789
STU_017275,65.67041597794173
STU_017276,57.61441686091706
STU_017277,78.10596395308438
STU_017278,91.08329931661757
STU_017279,73.56234266054244
STU_017280,81.39542089494861
STU_017281,69.71375082724822
STU_017282,77.55262327879913
STU_017283,81.92310728723967
STU_017284,86.25231607524093
STU_017285,84.49412586835797
STU_017286,75.82091532774311
STU_017287,63.76676126604334
STU_017288,62.01351761296648
STU_017289,76.4203392962029
STU_017290,85.16839785009222
STU_017291,84.09392544675846
STU_017292,66.933454839688
STU_017293,71.26567500112353
STU_017294,63.97669640595295
STU_017295,75.51022498259474
STU_017296,75.41868596932997
STU_017297,96.4981090920875
STU_017298,69.08504536688305
STU_017299,75.75790474176188
STU_017300,61.00040888627034
STU_017301,61.04238603882993
STU_017302,73.11679392342289
STU_017303,90.9693927459507
STU_017304,86.94166294736056
STU_017305,75.32030101222524
STU_017306,81.00650751797676
STU_017307,95.96292454469533
STU_017308,91.32639373819555
STU_017309,91.26337580646195
STU_017310,65.7857355809105
STU_017311,77.96567430292133
STU_017312,66.4138266633231
STU_017313,92.15308596480224
STU_017314,80.41147571935866
STU_017315,86.05214497150484
STU_017316,72.25483433989774
STU_017317,85.24670051981627
STU_017318,39.63031909683746
STU_017319,66.93158246068323
STU_017320,92.29310877220945
STU_017321,81.15970983502845
STU_017322,78.10026267492755
STU_017323,81.26419781461853
STU_017324,86.95950582001612
STU_017325,85.76914768648342
STU_017326,71.48126520988096
STU_017327,84.40741815419821
STU_017328,78.03741769343236
STU_017329,43.72567202745286
STU_017330,89.43809130948891
STU_017331,76.9323119549661
STU_017332,70.56364241842542
STU_017333,68.86261728093159
STU_017334,81.19805977066488
STU_017335,85.59514183409465
STU_017336,66.6471903114521
STU_017337,81.79412133505937
STU_017338,81.63025106311316
STU_017339,97.3391556862866
STU_017340,82.43751356941101
STU_017341,87.81857087949162
STU_017342,64.56783063751652
STU_017343,84.89117973419258
STU_017344,63.20921063772329
STU_017345,73.51028019192123
STU_017346,60.91851480855989
STU_017347,91.38970716920856
STU_017348,74.56475099457865
STU_017349,84.41985740166912
STU_017350,56.83336328310856
STU_017351,61.102367596912224
STU_017352,62.52690388616578
STU_017353,56.29817155437162
STU_017354,84.72172580499713
STU_017355,61.37343012076603
STU_017356,70.64617637366746
STU_017357,64.79928672294184
STU_017358,63.70624285853335
STU_017359,88.58524334743663
STU_017360,96.96532970439057
STU_017361,95.1502039646222
STU_017362,65.48892834070526
STU_017363,87.71177471634508
STU_017364,91.43161830186838
STU_017365,84.81779346822319
STU_017366,82.73331429301457
STU_017367,100.0
STU_017368,60.50493168186165
STU_017369,51.32005982910986
STU_017370,88.12561367693908
STU_017371,80.15067159185641
STU_017372,85.36407754653445
STU_017373,63.320510461401526
STU_017374,49.04871558450351
STU_017375,88.18222538608526
STU_017376,73.93559442143442
STU_017377,68.34332403409816
STU_017378,76.95480631610673
STU_017379,62.3420881751785
STU_017380,65.22324006305253
STU_017381,61.25445791556686
STU_017382,88.1167297378652
STU_017383,76.95796253922352
STU_017384,70.86966161841156
STU_017385,64.13526854810759
STU_017386,73.78382033157581
STU_017387,86.75133565931641
STU_017388,67.65094679193108
STU_017389,83.09584194213001
STU_017390,73.93440964174107
STU_017391,72.50580245581698
STU_017392,66.93051740069036
STU_017393,63.33804754490843
STU_017394,69.84404244675068
STU_017395,58.75706766048759
STU_017396,82.0682066054329
STU_017397,79.23798480202726
STU_017398,81.70800158413854
STU_017399,84.96388712913665
STU_017400,46.884565058912784
STU_017401,41.59543393172362
STU_017402,94.7933010388315
STU_017403,60.776979514844655
STU_017404,69.44810599589435
STU_017405,66.13000487262042
STU_017406,66.03650538907546
STU_017407,64.97700306766215
STU_017408,80.4749060149227
STU_017409,82.66908745043847
STU_017410,77.78859266603529
STU_017411,60.34392101982485
STU_017412,80.47239065383636
STU_017413,85.47794880759082
STU_017414,77.20533887723977
STU_017415,56.019419869105754
STU_017416,66.20867760433907
STU_017417,77.62387878484797
STU_017418,88.79073524601249
STU_017419,68.49268801035774
STU_017420,79.835215600407
STU_017421,76.12799521231307
STU_017422,82.7289836792313
STU_017423,71.30055714787068
STU_017424,52.42339405188104
STU_017425,76.59416844598432
STU_017426,61.210429911572774
STU_017427,80.73209810075097
STU_017428,72.7416417593981
STU_017429,62.403263627050706
STU_017430,99.34418505417807
STU_017431,71.16830678804402
STU_017432,94.56596113177106
STU_017433,87.82367877811015
STU_017434,76.95570901658213
STU_017435,82.19082397376346
STU_017436,71.78233998599597
STU_017437,72.25582447165289
STU_017438,97.5761728761052
STU_017439,62.9649524262267
STU_017440,88.38549174879493
STU_017441,50.62232550852175
STU_017442,77.96673015799678
STU_017443,86.13860589342248
STU_017444,79.5588778116013
STU_017445,92.81914766176814
STU_017446,88.06571518491403
STU_017447,66.96138631644935
STU_017448,77.61132399033433
STU_017449,85.8601955218587
STU_017450,85.54752236676798
STU_017451,69.78572545917234
STU_017452,81.42716658644684
STU_017453,90.39016409947342
STU_017454,60.40449962485367
STU_017455,90.6365784497466
STU_017456,80.50261733082985
STU_017457,67.674540106236
STU_017458,62.500925851750054
STU_017459,79.73591761987332
STU_017460,66.2002270829303
STU_017461,83.54273587292062
STU_017462,79.27901461482729
STU_017463,91.98310391531788
STU_017464,76.18071204723164
STU_017465,82.65434845495439
STU_017466,79.49201873713348
STU_017467,57.04315414378466
STU_017468,83.66139412936455
STU_017469,90.88362171316443
STU_017470,85.57415885579786
STU_017471,87.23780652107942
STU_017472,66.24826343335606
STU_017473,97.60815475088093
STU_017474,35.75006196148868
STU_017475,63.09829679671023
STU_017476,70.51633385558176
STU_017477,67.18607713380757
STU_017478,52.34604833042307
STU_017479,74.7041680215835
STU_017480,95.38780109645782
STU_017481,91.47345967192703
STU_017482,80.27777484595089
STU_017483,91.9806898961098
STU_017484,85.0802766248406
STU_017485,91.22339256788847
STU_017486,73.11371584842121
STU_017487,89.67065964009706
STU_017488,62.34153002909201
STU_017489,64.46920280631235
STU_017490,93.9068622604349
STU_017491,76.52013865961978
STU_017492,60.45126805625513
STU_017493,78.44134690589404
STU_017494,76.50332726957178
STU_017495,53.789099538226736
STU_017496,78.73041849138579
STU_017497,85.24554130542717
STU_017498,59.97237912702954
STU_017499,85.3862068398682
STU_017500,84.08742062512668
STU_017501,75.22127905025633
STU_017502,84.8406472114684
STU_017503,68.07983361273425
STU_017504,87.02168218464186
STU_017505,78.16056068080923
STU_017506,76.19158811069616
STU_017507,56.379163512062306
STU_017508,68.73917661952412
STU_017509,84.20975809703181
STU_017510,96.21788698151354
STU_017511,72.55902353365995
STU_017512,77.1512481564988
STU_017513,81.25767530023455
STU_017514,73.2118826370027
STU_017515,78.9464955212414
STU_017516,96.8111440573922
STU_017517,82.99649804038467
STU_017518,81.84511340346464
STU_017519,89.37150673144615
STU_017520,97.3648480008006
STU_017521,60.774518558450666
STU_017522,75.43808159096217
STU_017523,78.65426233185066
STU_017524,60.83204391462163
STU_017525,71.60731761117546
STU_017526,77.4175902888902
STU_017527,81.33816591389194
STU_017528,71.85524240330987
STU_017529,97.30930421071557
STU_017530,83.49159566884987
STU_017531,90.00621511760335
STU_017532,62.744822419716854
STU_017533,69.76555995354256
STU_017534,60.378993002420245
STU_017535,73.84860338045492
STU_017536,86.66377721215761
STU_017537,93.77424175615583
STU_017538,94.44180903028885
STU_017539,73.1453944443201
STU_017540,95.91214437825676
STU_017541,52.05253920170691
STU_017542,69.95544869176224
STU_017543,82.92805957093901
STU_017544,93.85079602916332
STU_017545,69.20656575933491
STU_017546,68.20733591421552
STU_017547,91.54796219044238
STU_017548,78.34447028426054
STU_017549,97.71496491977587
STU_017550,78.22600554532329
STU_017551,95.4170753717675
STU_017552,47.78743872283366
STU_017553,88.27752836536791
STU_017554,61.96495147974462
STU_017555,71.14679440862336
STU_017556,70.99167645865992
STU_017557,55.382379489224334
STU_017558,47.259106847303045
STU_017559,80.56015004155363
STU_017560,70.63153368918724
STU_017561,93.22965761122383
STU_017562,60.46549810041265
STU_017563,67.78896464253286
STU_017564,66.36986791448678
STU_017565,68.42726664554354
STU_017566,82.09647772394439
STU_017567,69.86360504553232
STU_017568,70.54833502847713
STU_017569,79.20946048735601
STU_017570,99.88094383712107
STU_017571,87.32790615321177
STU_017572,81.47786226097054
STU_017573,73.50452463260808
STU_017574,85.23970927292345
STU_017575,88.42738683475453
STU_017576,85.7927069029684
STU_017577,66.71763533923783
STU_017578,79.71433965632572
STU_017579,73.30854838198226
STU_017580,78.16317712062306
STU_017581,75.90666754709562
STU_017582,76.50353221727757
STU_017583,95.70412389688474
STU_017584,60.759991364710054
STU_017585,54.14422882835575
STU_017586,78.91917248980519
STU_017587,65.00467259142586
STU_017588,69.60964302129872
STU_017589,90.31024596017147
STU_017590,74.65983329837199
STU_017591,90.4174128648634
STU_017592,65.91634002704849
STU_017593,60.92206761617335
STU_017594,55.65516050454552
STU_017595,96.47883346293706
STU_017596,76.17480091901625
STU_017597,88.24239742823424
STU_017598,47.499816750484264
STU_017599,65.74754268330732
STU_017600,77.11581614827656
STU_017601,68.30009579745737
STU_017602,62.4873213194132
STU_017603,87.66086996135715
STU_017604,84.29518862049426
STU_017605,67.44389001786367
STU_017606,89.48421399035647
STU_017607,80.36977421090027
STU_017608,94.25881656921158
STU_017609,73.32239778317022
STU_017610,76.18171122581445
STU_017611,73.35186447442192
STU_017612,95.41721526640731
STU_017613,82.51031253501324
STU_017614,91.7039600138913
STU_017615,70.49703035864313
STU_017616,87.80412799483389
STU_017617,89.54447969114356
STU_017618,42.29208219731028
STU_017619,64.14794416111978
STU_017620,75.08834027888071
STU_017621,85.18133114005391
STU_017622,95.42166630515446
STU_017623,56.7958568038118
STU_017624,70.18743178366122
STU_017625,67.47671796550372
STU_017626,58.48706130629411
STU_017627,55.97635869688132
STU_017628,73.51043240876359
STU_017629,69.5749338492284
STU_017630,58.55224525428557
STU_017631,51.4645869655886
STU_017632,76.86019019924646
STU_017633,75.46327075717434
STU_017634,81.6377161431782
STU_017635,76.39467825625115
STU_017636,72.16478303127755
STU_017637,91.42447952011854
STU_017638,69.90002058042607
STU_017639,85.69666138007534
STU_017640,95.08540483307823
STU_017641,99.37955486582649
STU_017642,63.99167530329874
STU_017643,64.63377543872747
STU_017644,77.5435678433699
STU_017645,84.25468153765931
STU_017646,69.89312309984035
STU_017647,61.9572235937624
STU_017648,83.84800019301476
STU_017649,96.73666545263681
STU_017650,96.37180892362463
STU_017651,67.81452598818348
STU_017652,73.8211286486508
STU_017653,95.92256999979773
STU_017654,76.9496419402507
STU_017655,84.29503243216318
STU_017656,83.1896806778552
STU_017657,55.79138061445701
STU_017658,65.63513167516182
STU_017659,100.0
STU_017660,76.54157670272305
STU_017661,81.07043679750728
STU_017662,63.94874404387788
STU_017663,79.07752945322319
STU_017664,77.76381697538224
STU_017665,71.57527375529989
STU_017666,78.18356574594661
STU_017667,75.10543950932075
STU_017668,74.01266185914102
STU_017669,72.75889843502316
STU_017670,47.1267123702425
STU_017671,70.41907757979055
STU_017672,60.155565246833646
STU_017673,71.80536495665862
STU_017674,70.11195954008704
STU_017675,72.56975897415776
STU_017676,68.56776968133755
STU_017677,83.5967713349201
STU_017678,84.71816735125753
STU_017679,87.15798256280709
STU_017680,74.32767140959821
STU_017681,87.0644281593484
STU_017682,74.23410842298823
STU_017683,80.18711197951917
STU_017684,85.06752299417516
STU_017685,73.23694232859359
STU_017686,62.89693714086583
STU_017687,73.25373336681587
STU_017688,71.61404863353528
STU_017689,87.86871565170556
STU_017690,66.98815299690935
STU_017691,72.5936050097001
STU_017692,73.32513825391898
STU_017693,61.86019303929996
STU_017694,76.94449737853091
STU_017695,97.79584784368024
STU_017696,80.09604919848496
STU_017697,43.26795010320055
STU_017698,50.26300971827084
STU_017699,93.32197879316686
STU_017700,48.239656355444325
STU_017701,54.198241428615866
STU_017702,79.04969030524083
STU_017703,80.31208810452273
STU_017704,61.482118645248185
STU_017705,57.82767866215876
STU_017706,83.72737310516892
STU_017707,46.85898367780353
STU_017708,94.18765050837362
STU_017709,85.8035428506264
STU_017710,87.3993532004171
STU_017711,100.0
STU_017712,75.7730978001676
STU_017713,68.91731047669867
STU_017714,86.61418415412868
STU_017715,63.42796936846831
STU_017716,55.612370002702946
STU_017717,73.50600563180714
STU_017718,88.3746801154841
STU_017719,70.12476902398684
STU_017720,72.33917336341936
STU_017721,83.29126299327463
STU_017722,100.0
STU_017723,72.40214385188544
STU_017724,74.82960517346953
STU_017725,92.98541225800355
STU_017726,89.7396981710117
STU_017727,85.91283944501257
STU_017728,86.82970562053512
STU_017729,69.19578108989639
STU_017730,60.367112799941054
STU_017731,57.82407970927826
STU_017732,79.06061863321976
STU_017733,65.66251764698607
STU_017734,69.6799183840657
STU_017735,67.27049696761406
STU_017736,71.09092847746341
STU_017737,60.98301083604241
STU_017738,94.9944878421756
STU_017739,87.22139955223349
STU_017740,78.10096548829044
STU_017741,88.96775332515568
STU_017742,84.91537166686967
STU_017743,88.58484373313162
STU_017744,85.04631134283787
STU_017745,86.81866992747783
STU_017746,81.77071867128953
STU_017747,66.51567360173229
STU_017748,61.320795378446675
STU_017749,66.57463635699729
STU_017750,87.49742710486245
STU_017751,80.23715957387074
STU_017752,75.3638149731799
STU_017753,94.82648992572007
STU_017754,87.70735591856135
STU_017755,89.57870811731104
STU_017756,85.91461518075448
STU_017757,52.38878476470064
STU_017758,70.53249686602577
STU_017759,82.19182104546802
STU_017760,94.25508146975345
STU_017761,64.01453794961616
STU_017762,99.81685837270362
STU_017763,91.44319906314796
STU_017764,57.29084984877985
STU_017765,94.24407735552003
STU_017766,76.79797670738438
STU_017767,58.44733382876623
STU_017768,63.36521194839791
STU_017769,89.31615616592401
STU_017770,74.31960725531134
STU_017771,53.14391434716008
STU_017772,71.24088856365574
STU_017773,57.453795708885536
STU_017774,99.54369982069548
STU_017775,81.18089734501322
STU_017776,84.21266283398197
STU_017777,81.98169639653929
STU_017778,82.96548354735287
STU_017779,55.34488140804478
STU_017780,72.61451633681969
STU_017781,80.14941682172636
STU_017782,72.86604098129352
STU_017783,65.66837806994502
STU_017784,82.19178013465822
STU_017785,85.75489580798694
STU_017786,73.63437023717792
STU_017787,82.57075784117495
STU_017788,74.53203388166862
STU_017789,83.82947233543166
STU_017790,55.52490768366234
STU_017791,90.55486213459282
STU_017792,69.0111518260813
STU_017793,62.576071069903925
STU_017794,66.9801868510696
STU_017795,69.21885629584257
STU_017796,81.98791750519477
STU_017797,89.10707646199464
STU_017798,96.1077294605666
STU_017799,100.0
STU_017800,90.08529138337036
STU_017801,75.42515281510056
STU_017802,94.37800439147598
STU_017803,62.5774019842613
STU_017804,83.06290641465591
STU_017805,72.64240508981132
STU_017806,69.64521169546485
STU_017807,94.22541137649404
STU_017808,68.6834755190325
STU_017809,81.9502311216712
STU_017810,99.71828276885903
STU_017811,71.07909565040939
STU_017812,86.68736698255772
STU_017813,83.85559825645943
STU_017814,73.83511059923606
STU_017815,68.82311972012995
STU_017816,57.69216380937176
STU_017817,56.30158640220918
STU_017818,88.0464062879158
STU_017819,85.36196560275985
STU_017820,87.67665017747
STU_017821,73.19434437188863
STU_017822,89.01837898066562
STU_017823,96.00189989645807
STU_017824,52.75854579482143
STU_017825,78.16153868506103
STU_017826,84.16093186785126
STU_017827,85.3670346579525
STU_017828,59.38425272103229
STU_017829,64.2866451693459
STU_017830,68.47137163272843
STU_017831,84.0687271281594
STU_017832,83.72327529788923
STU_017833,56.81426263010877
STU_017834,84.29418192307887
STU_017835,68.89397452021846
STU_017836,79.62046806212497
STU_017837,70.80675773104396
STU_017838,66.06555225307217
STU_017839,96.42034048526236
STU_017840,72.5838813649894
STU_017841,89.64943948220858
STU_017842,77.3937847032974
STU_017843,82.04782877694171
STU_017844,65.8208182208746
STU_017845,98.09293648559165
STU_017846,92.21958475534075
STU_017847,52.26823171577753
STU_017848,65.32233669521713
STU_017849,54.208054785136184
STU_017850,70.18213343842555
STU_017851,60.134740628475186
STU_017852,83.85856389580277
STU_017853,71.63161218610209
STU_017854,93.90829833396593
STU_017855,54.80675202183562
STU_017856,81.59090197988888
STU_017857,83.14895492341992
STU_017858,77.75981397757286
STU_017859,64.1154260640524
STU_017860,82.48742095924942
STU_017861,86.83983606443084
STU_017862,72.84948542722759
STU_017863,90.60971544661665
STU_017864,79.03684408158504
STU_017865,72.11286924753465
STU_017866,81.14390409674067
STU_017867,63.401107555571926
STU_017868,96.60345377934703
STU_017869,62.852710083694944
STU_017870,83.93946670821931
STU_017871,91.47652523605801
STU_017872,67.74795879543238
STU_017873,97.01054050041935
STU_017874,79.52769455028215
STU_017875,70.98598447102813
STU_017876,71.55890464045721
STU_017877,52.049821757207255
STU_017878,89.89294441001155
STU_017879,57.56936894285707
STU_017880,95.02668313814081
STU_017881,73.84297997828267
STU_017882,70.37599363842945
STU_017883,92.96304688568547
STU_017884,59.18007398781055
STU_017885,66.52643105816378
STU_017886,80.77214122375533
STU_017887,58.157319450948954
STU_017888,63.51489548808883
STU_017889,100.0
STU_017890,100.0
STU_017891,80.9592119001089
STU_017892,56.126312506737825
STU_017893,80.49485199384318
STU_017894,61.737673747276816
STU_017895,69.41690886740328
STU_017896,81.95690751012248
STU_017897,61.39644390049818
STU_017898,82.93615054572908
STU_017899,83.72481404082791
STU_017900,71.99394228941216
STU_017901,89.65438682840131
STU_017902,65.86706231642665
STU_017903,76.03058440110779
STU_017904,80.08727916622787
STU_017905,76.82108574976377
STU_017906,66.98341393108643
STU_017907,75.61305080282985
STU_017908,73.24419569420652
STU_017909,68.9827837715499
STU_017910,72.15489670010282
STU_017911,61.93771455184903
STU_017912,90.96853301578123
STU_017913,88.2482318175498
STU_017914,69.78856571418066
STU_017915,76.51459569462861
STU_017916,76.9951598101666
STU_017917,81.94745409902579
STU_017918,76.33130860079945
STU_017919,92.70316347867832
STU_017920,73.57583934647114
STU_017921,83.38952640635773
STU_017922,74.00663220617336
STU_017923,64.58751313885334
STU_017924,75.02785652199726
STU_017925,67.64928246819804
STU_017926,78.03628764597488
STU_017927,97.40637999921549
STU_017928,84.44643526746493
STU_017929,89.09963195203605
STU_017930,76.7966778465716
STU_017931,65.13385824173506
STU_017932,95.6742341357785
STU_017933,95.52694483394023
STU_017934,92.48570668714694
STU_017935,77.48190074546841
STU_017936,55.17972436748952
STU_017937,83.41038095881493
STU_017938,64.71907756035324
STU_017939,86.03476382568388
STU_017940,74.60762092125665
STU_017941,67.01083000359468
STU_017942,67.12139370054251
STU_017943,56.883432374699495
STU_017944,66.66103786815077
STU_017945,87.37244492403602
STU_017946,65.86932703994246
STU_017947,61.153802667438185
STU_017948,73.25588810001958
STU_017949,57.335273482713305
STU_017950,51.54388021853556
STU_017951,68.87594113056761
STU_017952,93.39701377657485
STU_017953,70.7740304566006
STU_017954,98.57851523656595
STU_017955,66.597113643873
STU_017956,68.37303033946368
STU_017957,67.04121723636206
STU_017958,47.07078682539607
STU_017959,86.47102477560188
STU_017960,79.99059786123625
STU_017961,89.71827396044861
STU_017962,60.57783522375716
STU_017963,63.52060896977899
STU_017964,51.94548497182403
STU_017965,95.24842963200587
STU_017966,76.309930503694
STU_017967,77.64141221342734
STU_017968,95.93927524331369
STU_017969,79.61991838418436
STU_017970,53.57835052178441
STU_017971,62.368572131381136
STU_017972,70.15951851810667
STU_017973,66.4110482712803
STU_017974,77.17707323558595
STU_017975,64.41159990269591
STU_017976,67.37348314974834
STU_017977,93.94822682147782
STU_017978,65.16666876518066
STU_017979,72.52679399999323
STU_017980,60.03059788790367
STU_017981,96.34251435093906
STU_017982,72.30502579740389
STU_017983,81.30043207997403
STU_017984,70.58346782439492
STU_017985,65.73194663330464
STU_017986,64.56080273350496
STU_017987,82.40036437649002
STU_017988,63.48993544996104
STU_017989,72.180043678608
STU_017990,75.54026476539968
STU_017991,80.6569369558872
STU_017992,49.02260694170806
STU_017993,96.72934280549707
STU_017994,88.44147810841207
STU_017995,79.34203234465375
STU_017996,58.63941875708707
STU_017997,72.61668487517008
STU_017998,86.02431855349334
STU_017999,88.11210204200336
STU_018000,95.4739791487403
STU_018001,77.4129516047013
STU_018002,48.07762374880864
STU_018003,73.4310349355955
STU_018004,81.46046429820228
STU_018005,76.80819467340802
STU_018006,67.43317217673909
STU_018007,97.38243241174636
STU_018008,90.55895357252803
STU_018009,88.70110758608118
STU_018010,83.67955308388466
STU_018011,87.03417560311182
STU_018012,68.80242166692015
STU_018013,86.63836920869318
STU_018014,67.34524287753446
STU_018015,76.82883890540984
STU_018016,72.83199216291747
STU_018017,82.21770110636695
STU_018018,97.90583196172753
STU_018019,66.50623618071953
STU_018020,74.25870178365389
STU_018021,68.36792976372747
STU_018022,89.95753964158537
STU_018023,84.00177642878565
STU_018024,43.17048539166546
STU_018025,77.52528778159571
STU_018026,71.59455301499112
STU_018027,83.13994049777521
STU_018028,98.16508800843647
STU_018029,70.06854075375173
STU_018030,90.24117922009813
STU_018031,85.5584742544821
STU_018032,69.99169038485675
STU_018033,86.099738502377
STU_018034,76.21005205262686
STU_018035,89.45464643887817
STU_018036,78.48975856870294
STU_018037,44.96774301840085
STU_018038,64.66111589281101
STU_018039,78.47796668766101
STU_018040,76.6336887446337
STU_018041,65.12978740888815
STU_018042,66.01695168018401
STU_018043,88.15699373861155
STU_018044,74.71372344420992
STU_018045,71.34117853671465
STU_018046,81.03235971423781
STU_018047,60.348579694201206
STU_018048,94.55681522206058
STU_018049,86.26603856993083
STU_018050,86.13589502723627
STU_018051,64.7257981876197
STU_018052,64.75488099724676
STU_018053,66.86188367127015
STU_018054,44.02650115226314
STU_018055,99.10478345685777
STU_018056,39.870786906268364
STU_018057,62.930073842548325
STU_018058,90.67917684715981
STU_018059,89.88446303378173
STU_018060,62.68383462168822
STU_018061,79.0671100827889
STU_018062,83.73457018284535
STU_018063,71.17932895596658
STU_018064,85.8304010735605
STU_018065,84.38088237704267
STU_018066,93.49660308391981
STU_018067,95.44858778838073
STU_018068,80.07323168290512
STU_018069,78.78865532866051
STU_018070,80.24200817863772
STU_018071,92.44664389877474
STU_018072,84.1861643001078
STU_018073,59.64103263296884
STU_018074,70.40608128268082
STU_018075,70.56542627590218
STU_018076,66.14131720486745
STU_018077,56.91456713288624
STU_018078,70.13287049544469
STU_018079,81.4893604587065
STU_018080,90.63164387941237
STU_018081,75.48585045525382
STU_018082,82.65351019873897
STU_018083,93.73907993785303
STU_018084,64.32058415444821
STU_018085,73.0222385228628
STU_018086,86.32081898505947
STU_018087,72.0148403516026
STU_018088,65.18592940838192
STU_018089,56.934672996184425
STU_018090,67.86438662062469
STU_018091,81.0530997776021
STU_018092,76.7706416377937
STU_018093,67.83019870778428
STU_018094,72.74173099876778
STU_018095,77.90170984975846
STU_018096,57.802338181439495
STU_018097,81.7637946380906
STU_018098,61.88731645420995
STU_018099,72.23789379948653
STU_018100,92.2480909573759
STU_018101,82.08238506281029
STU_018102,57.726439652015344
STU_018103,95.60301990678633
STU_018104,61.174066619853335
STU_018105,61.137945443691805
STU_018106,76.03883791193911
STU_018107,77.34419988712074
STU_018108,71.25078329634928
STU_018109,86.97895928500412
STU_018110,80.68223257693032
STU_018111,83.46333308000996
STU_018112,69.13166334306607
STU_018113,60.076444110856016
STU_018114,90.18438497716423
STU_018115,78.04400038035479
STU_018116,67.78817774734996
STU_018117,77.14854707282753
STU_018118,67.4398472533068
STU_018119,97.09798618344519
STU_018120,64.00919486822698
STU_018121,95.00319383397212
STU_018122,80.68130152735402
STU_018123,74.00078171024823
STU_018124,84.99396089228813
STU_018125,70.17513734190297
STU_018126,55.83068424767764
STU_018127,65.83848526708421
STU_018128,52.779685876949536
STU_018129,75.80482511138439
STU_018130,90.0591647108686
STU_018131,73.39289193668395
STU_018132,96.8011410055606
STU_018133,77.78435426619552
STU_018134,100.0
STU_018135,98.91626560431536
STU_018136,48.349139010039984
STU_018137,69.5108899796329
STU_018138,89.62481496874238
STU_018139,78.2161317139007
STU_018140,49.99769821381373
STU_018141,61.34132429462233
STU_018142,74.76323934087829
STU_018143,59.444074179124236
STU_018144,62.351949424474334
STU_018145,78.25222922831091
STU_018146,51.87672191677062
STU_018147,83.64085252345224
STU_018148,78.12066939963064
STU_018149,61.74630011680347
STU_018150,86.62936382035204
STU_018151,68.53903958819427
STU_018152,57.10994103126032
STU_018153,83.13043189150068
STU_018154,60.20445402885677
STU_018155,90.09957739686354
STU_018156,96.769875581208
STU_018157,52.99032743875695
STU_018158,64.18451658049067
STU_018159,65.79250983870435
STU_018160,64.97781381345791
STU_018161,83.32869858264206
STU_018162,65.26436624736493
STU_018163,96.84625975002521
STU_018164,73.0936970246034
STU_018165,57.54086189382215
STU_018166,76.29120289569838
STU_018167,75.9732418916571
STU_018168,80.79792114619991
STU_018169,65.1539961523049
STU_018170,48.90611450547583
STU_018171,62.83877977994464
STU_018172,85.04609769700257
STU_018173,66.10430135778432
STU_018174,80.7748875932298
STU_018175,75.21524311865565
STU_018176,80.67047897193025
STU_018177,77.33017799944345
STU_018178,72.34191225196962
STU_018179,71.2392945129133
STU_018180,91.33134040993444
STU_018181,72.73926860680466
STU_018182,77.91307562449532
STU_018183,70.85906250250363
STU_018184,53.34519128733115
STU_018185,67.29058973241817
STU_018186,90.49081732089971
STU_018187,60.869929574970286
STU_018188,86.57311637741118
STU_018189,76.60218235392766
STU_018190,68.18588531099125
STU_018191,79.89470629903516
STU_018192,78.2021544878564
STU_018193,81.02481712010585
STU_018194,70.61940721516751
STU_018195,85.24692992802481
STU_018196,56.05969264628641
STU_018197,90.63447832054868
STU_018198,79.80901924586922
STU_018199,73.41506021109322
STU_018200,86.42982966178161
STU_018201,72.31242576741114
STU_018202,44.84035319203963
STU_018203,78.5796171809735
STU_018204,75.78959131467484
STU_018205,69.63559691658381
STU_018206,70.63875072502942
STU_018207,75.11072426229696
STU_018208,74.22867155321208
STU_018209,62.44484591136014
STU_018210,85.98941546463277
STU_018211,98.23880254971237
STU_018212,73.51761480311667
STU_018213,51.95560179720745
STU_018214,79.89644867713854
STU_018215,69.90913613296745
STU_018216,78.7292682817555
STU_018217,61.16323594265211
STU_018218,73.97041944978285
STU_018219,89.71479974388569
STU_018220,80.28468113621324
STU_018221,94.4577460013234
STU_018222,87.5749963870518
STU_018223,86.23428345265992
STU_018224,83.4526578634123
STU_018225,73.82655001259924
STU_018226,78.9440383462724
STU_018227,76.70201719484773
STU_018228,77.73663817139676
STU_018229,74.36523770419576
STU_018230,87.0808581337246
STU_018231,72.31583236393502
STU_018232,60.209460604548475
STU_018233,58.74155838702471
STU_018234,92.78920918586117
STU_018235,83.54645870337947
STU_018236,98.46778598432127
STU_018237,55.14240846954654
STU_018238,74.04778752197006
STU_018239,90.31577874222617
STU_018240,58.731629488857116
STU_018241,87.54982394187417
STU_018242,73.10518066433065
STU_018243,80.97180431523049
STU_018244,93.47016717180827
STU_018245,74.75789297981562
STU_018246,76.36245458382662
STU_018247,57.06766737921529
STU_018248,75.80123504033433
STU_018249,70.93603727188028
STU_018250,69.84696807589164
STU_018251,69.98597324618343
STU_018252,93.68900049788897
STU_018253,56.0874563225028
STU_018254,87.58239659619633
STU_018255,76.42988725260491
STU_018256,90.89805525185083
STU_018257,75.8985155223291
STU_018258,84.65833721157108
STU_018259,89.63830180917617
STU_018260,84.9733277200837
STU_018261,73.47855825924654
STU_018262,57.861561896136614
STU_018263,81.2162708134315
STU_018264,79.54066794542096
STU_018265,79.69129079248887
STU_018266,85.72156961948147
STU_018267,70.16236103718094
STU_018268,80.65389528256063
STU_018269,67.67966589611979
STU_018270,68.35824520734624
STU_018271,72.18388700460865
STU_018272,48.91148635186504
STU_018273,96.03979916915124
STU_018274,67.13427289076226
STU_018275,86.50636868444627
STU_018276,85.4552435081309
STU_018277,80.91457367878334
STU_018278,79.9789065234316
STU_018279,56.40216536479602
STU_018280,87.11146730652543
STU_018281,97.63895146534865
STU_018282,69.0014012572821
STU_018283,63.09498475603986
STU_018284,69.18863305742902
STU_018285,88.54578709849709
STU_018286,64.79771537579485
STU_018287,92.98421785028425
STU_018288,67.69125657470713
STU_018289,88.09794861404703
STU_018290,65.67408738971592
STU_018291,74.3997214183591
STU_018292,81.7950109282025
STU_018293,69.7954298110528
STU_018294,82.5155771704652
STU_018295,52.02322625493386
STU_018296,84.7373224762005
STU_018297,82.07330300546502
STU_018298,97.15537247341206
STU_018299,64.05164433868056
STU_018300,81.21895638301606
STU_018301,68.32642876755065
STU_018302,67.51812119941658
STU_018303,96.62414462975805
STU_018304,64.79157306556323
STU_018305,55.447035868820635
STU_018306,65.00736945494826
STU_018307,76.11097662946649
STU_018308,83.82938667111858
STU_018309,67.02815032027851
STU_018310,89.7202143107599
STU_018311,68.06885704877268
STU_018312,76.13351288350255
STU_018313,83.46874446618938
STU_018314,67.0379167899071
STU_018315,94.95575056336706
STU_018316,74.53316393291247
STU_018317,85.95754571809874
STU_018318,60.94071313722761
STU_018319,58.401125853077076
STU_018320,86.38289426329305
STU_018321,90.79198248019938
STU_018322,76.43720799696376
STU_018323,100.0
STU_018324,59.31743060124327
STU_018325,74.37427055245423
STU_018326,70.0302837257403
STU_018327,85.14914018063519
STU_018328,73.05726750460646
STU_018329,73.91854898696883
STU_018330,50.1549969787893
STU_018331,82.78966236637906
STU_018332,88.95035719736887
STU_018333,65.20805531901645
STU_018334,85.55802665266825
STU_018335,59.7652432230986
STU_018336,73.7762156807803
STU_018337,71.08344540412295
STU_018338,71.64992849679211
STU_018339,86.23490537860734
STU_018340,86.34674849509005
STU_018341,67.3100683137414
STU_018342,61.800736934374726
STU_018343,58.17663698246632
STU_018344,77.98189115307432
STU_018345,71.33933270508439
STU_018346,72.18764998519468
STU_018347,71.48289995827254
STU_018348,95.11925032844792
STU_018349,79.9526279321032
STU_018350,87.23329534971654
STU_018351,81.19878641789276
STU_018352,88.72012720770493
STU_018353,80.8627122870875
STU_018354,97.7082495689595
STU_018355,72.02548442320989
STU_018356,76.47679544841041
STU_018357,68.72299441034521
STU_018358,77.54816726197635
STU_018359,97.83553307074854
STU_018360,93.14365443061277
STU_018361,50.35221161551104
STU_018362,66.60747943846864
STU_018363,48.07354616946143
STU_018364,87.8300309794623
STU_018365,88.20403621703346
STU_018366,56.72211623292905
STU_018367,76.511912797643
STU_018368,68.64271772517569
STU_018369,80.41397080998104
STU_018370,59.43032256726165
STU_018371,84.13367585816835
STU_018372,87.90763345383023
STU_018373,65.90892196598799
STU_018374,79.33219773842424
STU_018375,65.65003193319598
STU_018376,79.64004418136096
STU_018377,85.14488010282767
STU_018378,89.01065028574857
STU_018379,52.567460233407786
STU_018380,82.25618926095648
STU_018381,73.14558814010252
STU_018382,86.56146900900598
STU_018383,90.71595033815773
STU_018384,67.65837880648232
STU_018385,93.98859844940559
STU_018386,74.5923104867903
STU_018387,81.20717236472748
STU_018388,97.4905739384634
STU_018389,63.96191654058645
STU_018390,55.395170102766684
STU_018391,81.92784463300899
STU_018392,100.0
STU_018393,78.41843611403692
STU_018394,83.06070247250545
STU_018395,74.43895948208491
STU_018396,60.364916903871574
STU_018397,68.35377592852237
STU_018398,76.1726887338063
STU_018399,98.45505081351722
STU_018400,73.45632324500218
STU_018401,78.73037717924149
STU_018402,76.76228163946253
STU_018403,89.56927052656485
STU_018404,85.0442526779176
STU_018405,83.09973454649011
STU_018406,69.1333494546354
STU_018407,96.34294263379007
STU_018408,80.91369445571448
STU_018409,61.49238642805315
STU_018410,93.34329339614443
STU_018411,73.68222184411951
STU_018412,76.83542075093472
STU_018413,90.09213000758271
STU_018414,93.84445862106232
STU_018415,71.22581683601013
STU_018416,80.85453576589663
STU_018417,61.20451519291409
STU_018418,96.05966941910626
STU_018419,77.10963389237543
STU_018420,88.7682663400624
STU_018421,89.88835493828441
STU_018422,89.65274436703774
STU_018423,82.83904163803678
STU_018424,53.54567016845808
STU_018425,91.55477967594526
STU_018426,70.04076211508534
STU_018427,74.48129206532174
STU_018428,77.63498371020623
STU_018429,95.19149765033771
STU_018430,63.82227136194379
STU_018431,81.84402810148794
STU_018432,93.07645934858388
STU_018433,71.01924096603484
STU_018434,77.83788459352823
STU_018435,67.92876671503521
STU_018436,77.77688490321601
STU_018437,86.74591934553425
STU_018438,65.9247778214005
STU_018439,100.0
STU_018440,77.59203816950725
STU_018441,74.34570521035793
STU_018442,76.10257657672183
STU_018443,56.972327714087
STU_018444,66.17989700338984
STU_018445,95.67818529941034
STU_018446,79.91877321505919
STU_018447,92.08558152016722
STU_018448,70.23959122258604
STU_018449,93.38410152500657
STU_018450,70.23676424826891
STU_018451,68.95684284249192
STU_018452,57.234361622440346
STU_018453,64.26541894959904
STU_018454,49.52206439260119
STU_018455,51.688148985354694
STU_018456,76.4405365430413
STU_018457,58.84720543078096
STU_018458,72.54922402364943
STU_018459,59.825286959264645
STU_018460,71.94430112362755
STU_018461,92.96149993207081
STU_018462,54.47992543981714
STU_018463,79.64822084970908
STU_018464,61.102733432727646
STU_018465,77.5881373333518
STU_018466,63.690805772275866
STU_018467,83.88596206938632
STU_018468,71.58334714691689
STU_018469,80.4652064130776
STU_018470,88.97457998923404
STU_018471,85.81241034649908
STU_018472,61.189958731753904
STU_018473,83.69612890541165
STU_018474,88.12692973941896
STU_018475,75.45522630315402
STU_018476,78.6208202750046
STU_018477,49.105676610631484
STU_018478,99.68519313041332
STU_018479,93.35653470904239
STU_018480,91.90046468526955
STU_018481,66.77959429395656
STU_018482,65.8334000393357
STU_018483,86.81407145730763
STU_018484,82.48936182733536
STU_018485,68.33197839950955
STU_018486,67.54943560214231
STU_018487,56.743664178960344
STU_018488,74.21291359126258
STU_018489,62.41563714121931
STU_018490,70.97781851542187
STU_018491,82.99376756218098
STU_018492,74.72561677709204
STU_018493,81.78399329174415
STU_018494,79.14176715613704
STU_018495,84.4057535748043
STU_018496,65.55587488212046
STU_018497,94.6331689392001
STU_018498,70.10552823653573
STU_018499,67.42385736532181
STU_018500,78.52636192847004
STU_018501,100.0
STU_018502,68.10711976912783
STU_018503,46.0261039919823
STU_018504,100.0
STU_018505,70.94488019971548
STU_018506,80.43860574969823
STU_018507,74.56835015691011
STU_018508,83.61173405909865
STU_018509,60.37750387651526
STU_018510,83.96317475917016
STU_018511,82.65082807930459
STU_018512,75.94850327807728
STU_018513,81.4660639796308
STU_018514,61.88250784609302
STU_018515,68.34359567377905
STU_018516,66.59853790767626
STU_018517,86.52263146405316
STU_018518,59.57517373785926
STU_018519,58.56129512205271
STU_018520,85.1140036798899
STU_018521,73.43331978959631
STU_018522,82.35713808152434
STU_018523,87.4964713960652
STU_018524,93.15202168161956
STU_018525,72.6433456020407
STU_018526,58.619020297934384
STU_018527,84.99592112171119
STU_018528,87.46713790579616
STU_018529,77.50590432699236
STU_018530,74.23812924219594
STU_018531,87.14355564189029
STU_018532,66.67880547555626
STU_018533,71.40113706553707
STU_018534,64.96121735201511
STU_018535,88.54731371746519
STU_018536,99.44818597910685
STU_018537,84.14678844839324
STU_018538,75.79378293868925
STU_018539,56.68244685604346
STU_018540,81.6798429551563
STU_018541,63.335459561898666
STU_018542,89.49698490663326
STU_018543,73.39079334114348
STU_018544,74.12118056219607
STU_018545,71.3580404122041
STU_018546,91.48416240682877
STU_018547,73.05350834037063
STU_018548,85.25784356194966
STU_018549,86.42532126475018
STU_018550,74.74812838771868
STU_018551,78.19362482558992
STU_018552,64.84712687997455
STU_018553,70.80681828787507
STU_018554,64.57405598145667
STU_018555,58.185391367074374
STU_018556,81.66914152961618
STU_018557,65.51914401375153
STU_018558,66.13946268407061
STU_018559,69.84315261599986
STU_018560,81.64684053254194
STU_018561,75.66937632479399
STU_018562,86.03666748789684
STU_018563,79.95603119946836
STU_018564,83.58756730726932
STU_018565,64.81192415597653
STU_018566,69.25322158020376
STU_018567,90.53228169436844
STU_018568,80.75330393889574
STU_018569,82.05344646742304
STU_018570,71.29459068388636
STU_018571,78.98428829396032
STU_018572,63.263092539382825
STU_018573,81.86784093369931
STU_018574,74.51545766219165
STU_018575,72.59188209407411
STU_018576,78.01604856912702
STU_018577,70.91494909291973
STU_018578,82.70397867358714
STU_018579,54.14334206266277
STU_018580,96.59801200508193
STU_018581,70.87540389187858
STU_018582,80.58732429518305
STU_018583,91.81103226937503
STU_018584,83.88934283228721
STU_018585,74.99286465413138
STU_018586,90.5036947614339
STU_018587,96.79324095739115
STU_018588,55.567089245779485
STU_018589,85.7059006579702
STU_018590,71.69825861054227
STU_018591,90.42595691712344
STU_018592,46.24014754744725
STU_018593,86.44360462511429
STU_018594,69.90645945501282
STU_018595,74.25748105567484
STU_018596,59.51466658509322
STU_018597,73.17334143842801
STU_018598,62.3083605257786
STU_018599,56.26037512104705
STU_018600,84.1577635888749
STU_018601,65.98768764256148
STU_018602,69.54677144216983
STU_018603,70.1024877165727
STU_018604,77.1799880404556
STU_018605,46.68551679541358
STU_018606,71.50187957054571
STU_018607,89.74563397766306
STU_018608,93.19321532220825
STU_018609,88.86255720957158
STU_018610,100.0
STU_018611,70.21683726769925
STU_018612,74.59369489913892
STU_018613,86.69143871113897
STU_018614,76.51819531748063
STU_018615,55.35003306350572
STU_018616,83.65913398383158
STU_018617,72.57774836950692
STU_018618,66.54445398889825
STU_018619,72.72839766568107
STU_018620,88.31433638259331
STU_018621,60.93128709147626
STU_018622,78.7301047010142
STU_018623,65.06672612958172
STU_018624,76.98316466784271
STU_018625,83.28456665931331
STU_018626,67.41296287956892
STU_018627,70.86834521633463
STU_018628,63.397482855519755
STU_018629,74.71008948165047
STU_018630,62.292795125924854
STU_018631,91.2172242904183
STU_018632,82.21814710564401
STU_018633,69.39904951355358
STU_018634,69.96224023468234
STU_018635,67.61075133359085
STU_018636,72.5602236087137
STU_018637,70.9348107484199
STU_018638,99.49471050398564
STU_018639,89.70891017610631
STU_018640,69.69115549139062
STU_018641,61.30236585369322
STU_018642,81.89326509933272
STU_018643,65.39934814240833
STU_018644,55.54232504560862
STU_018645,94.83440784117217
STU_018646,65.34002587395969
STU_018647,95.35125231781481
STU_018648,58.51472751684848
STU_018649,58.77254053728721
STU_018650,74.797147365043
STU_018651,66.51595056214299
STU_018652,85.63816364450878
STU_018653,76.51237414019575
STU_018654,77.50366094687317
STU_018655,66.20213677868955
STU_018656,73.20319148509957
STU_018657,89.26777036255918
STU_018658,86.37066982751733
STU_018659,82.84314580028372
STU_018660,73.34444325706467
STU_018661,60.77929010777159
STU_018662,61.55657390523787
STU_018663,74.45108172352856
STU_018664,50.607790156308866
STU_018665,68.02991190476826
STU_018666,63.25772959655317
STU_018667,57.55347911952539
STU_018668,48.48291882568792
STU_018669,73.93919284538482
STU_018670,70.77370705150386
STU_018671,60.88019581855696
STU_018672,74.56372666419135
STU_018673,63.604070490846176
STU_018674,65.25980107977068
STU_018675,78.50858231733261
STU_018676,64.90631564341417
STU_018677,71.03925045458321
STU_018678,88.53929646072964
STU_018679,88.49109485334796
STU_018680,57.730190398094884
STU_018681,82.6384215537298
STU_018682,85.39877652786521
STU_018683,80.12654629467238
STU_018684,87.31086969880668
STU_018685,73.57682603259464
STU_018686,85.67434227758031
STU_018687,73.49755761511902
STU_018688,66.40198454727468
STU_018689,85.57253169517978
STU_018690,70.84072582397792
STU_018691,68.46759546223839
STU_018692,75.41828311627457
STU_018693,67.86338626160011
STU_018694,86.42021581159453
STU_018695,75.87275921942302
STU_018696,67.89914581904964
STU_018697,80.11719486941885
STU_018698,86.07348803138484
STU_018699,66.98614355363001
STU_018700,100.0
STU_018701,71.42310950033693
STU_018702,82.42464413874292
STU_018703,64.30931154054359
STU_018704,88.06117327878732
STU_018705,71.51351519549688
STU_018706,89.60263646837933
STU_018707,66.38283340305689
STU_018708,72.59326112073315
STU_018709,92.79604439805561
STU_018710,82.84167671374519
STU_018711,63.65477673946599
STU_018712,89.59793858304238
STU_018713,73.18183964522396
STU_018714,79.48841377232776
STU_018715,99.81016725486322
STU_018716,64.56699960407975
STU_018717,73.89217660804383
STU_018718,55.288327513899745
STU_018719,80.68942126921841
STU_018720,67.23692043633946
STU_018721,89.30445674186011
STU_018722,59.13781338753524
STU_018723,58.93157298591814
STU_018724,70.2077631560496
STU_018725,81.77820403479535
STU_018726,68.76924844213194
STU_018727,87.1689905925578
STU_018728,76.34607622633948
STU_018729,90.7398701801214
STU_018730,87.43811658007125
STU_018731,67.20635023543542
STU_018732,74.5912019906831
STU_018733,91.7467086572881
STU_018734,79.78276528331457
STU_018735,79.8463134431727
STU_018736,57.5228637870507
STU_018737,73.16982726163259
STU_018738,73.2524961526003
STU_018739,81.74509300447197
STU_018740,68.33714241628653
STU_018741,50.87453216248612
STU_018742,90.79581177799531
STU_018743,62.34168706046442
STU_018744,98.55270370834198
STU_018745,81.74892302487211
STU_018746,66.89514874730526
STU_018747,88.59888964779319
STU_018748,50.66185539304223
STU_018749,55.76258522535815
STU_018750,86.25149880022978
STU_018751,82.33777986588146
STU_018752,55.04283468871737
STU_018753,61.3058127342409
STU_018754,92.07893818798726
STU_018755,90.01196470065614
STU_018756,71.84748239728331
STU_018757,89.12425190405395
STU_018758,90.28102343716712
STU_018759,90.11735444985055
STU_018760,71.8345614137064
STU_018761,73.25706701680791
STU_018762,78.56159405036158
STU_018763,68.58767380407969
STU_018764,81.66837812726085
STU_018765,75.57092903526834
STU_018766,67.05262939886353
STU_018767,80.18224023267038
STU_018768,77.8476950009594
STU_018769,53.72394319736448
STU_018770,83.4271029323645
STU_018771,65.60518932260692
STU_018772,88.98787218281606
STU_018773,81.86283309419827
STU_018774,66.72345295747628
STU_018775,86.53681693109397
STU_018776,88.62214640676308
STU_018777,57.802708543959845
STU_018778,95.7694288018139
STU_018779,91.966779556809
STU_018780,64.11477032920752
STU_018781,89.64742729818124
STU_018782,96.31213106630439
STU_018783,82.52046484103838
STU_018784,81.29971422544949
STU_018785,84.95854249034619
STU_018786,71.11496150221865
STU_018787,56.80282793815723
STU_018788,68.13141736468025
STU_018789,73.13186731258482
STU_018790,90.38488273687602
STU_018791,68.30529925892812
STU_018792,60.33873538743308
STU_018793,60.17323515341437
STU_018794,63.430632201967896
STU_018795,91.6758185427029
STU_018796,58.51418448301305
STU_018797,61.781622934052194
STU_018798,64.71803234970517
STU_018799,84.82516837840811
STU_018800,85.04160954992389
STU_018801,79.70804740844449
STU_018802,73.42502721726486
STU_018803,66.94297860715142
STU_018804,57.40119135004946
STU_018805,67.20136957785247
STU_018806,86.43808900751459
STU_018807,78.04851995970226
STU_018808,65.89277756200555
STU_018809,87.31996424296719
STU_018810,79.9046505130227
STU_018811,48.44662889669188
STU_018812,83.44859460718224
STU_018813,71.09528721825939
STU_018814,48.45248705321512
STU_018815,86.85534240950959
STU_018816,66.96087400156043
STU_018817,73.26881456631547
STU_018818,86.8111023696131
STU_018819,71.16990619718311
STU_018820,92.484738959653
STU_018821,81.19027826588925
STU_018822,75.78676627607373
STU_018823,97.18416635447743
STU_018824,66.37172496259538
STU_018825,73.77838870113266
STU_018826,69.03574377326726
STU_018827,71.1976708086109
STU_018828,66.22547038849213
STU_018829,57.3358776859967
STU_018830,86.3921175567569
STU_018831,86.28694905161734
STU_018832,87.65716089534178
STU_018833,60.96251348866325
STU_018834,54.83093326756588
STU_018835,60.06802365044382
STU_018836,76.95603798082675
STU_018837,76.54004540942732
STU_018838,59.551231155718284
STU_018839,79.94713059308394
STU_018840,85.92439159126508
STU_018841,87.13367454951853
STU_018842,81.11893431557955
STU_018843,75.17983533420622
STU_018844,67.1566584901983
STU_018845,80.3229934219566
STU_018846,98.06288672811984
STU_018847,99.13564426549739
STU_018848,82.44072192768697
STU_018849,72.19320237283401
STU_018850,76.24723830407221
STU_018851,65.3667824314574
STU_018852,54.77839525358578
STU_018853,62.80940224920242
STU_018854,63.18489400949618
STU_018855,74.07719581384374
STU_018856,66.51515683193708
STU_018857,84.83731613278928
STU_018858,81.99324088175487
STU_018859,93.51203900577076
STU_018860,69.40880521892818
STU_018861,75.71144381351395
STU_018862,87.87488571204844
STU_018863,67.4716089702906
STU_018864,64.3042805719854
STU_018865,75.29635936107249
STU_018866,73.49947657839802
STU_018867,64.36389763005435
STU_018868,80.17498279191447
STU_018869,74.36449988813844
STU_018870,85.16236065798253
STU_018871,94.34377290245087
STU_018872,82.7328552684539
STU_018873,71.31972117160494
STU_018874,83.89157262329518
STU_018875,97.43350553524238
STU_018876,66.536726100757
STU_018877,59.81839539623783
STU_018878,95.35896922537425
STU_018879,85.62386215953043
STU_018880,82.31188635432892
STU_018881,65.1758717078785
STU_018882,71.30751070288314
STU_018883,72.29697588162068
STU_018884,90.5632788745264
STU_018885,57.87008593071796
STU_018886,85.2370028244733
STU_018887,70.98732693246285
STU_018888,92.36415329282156
STU_018889,63.67141268372224
STU_018890,47.35867717586623
STU_018891,78.79681004870034
STU_018892,79.03022892057952
STU_018893,86.2294364386496
STU_018894,98.94671192411371
STU_018895,78.0915282500927
STU_018896,83.14435911354985
STU_018897,70.73574234158929
STU_018898,67.1552973949075
STU_018899,72.15216489756389
STU_018900,77.97184502136793
STU_018901,84.78302734172115
STU_018902,97.90824021620199
STU_018903,88.24295041794196
STU_018904,78.08877446908174
STU_018905,65.90874384430327
STU_018906,79.02544428987828
STU_018907,77.28409103740779
STU_018908,73.92413582232795
STU_018909,76.44134623946283
STU_018910,74.4783148961201
STU_018911,58.239004850062315
STU_018912,82.30038748605541
STU_018913,68.3661937789591
STU_018914,69.31303414249187
STU_018915,78.57885657545559
STU_018916,63.75191738139885
STU_018917,82.78246742789025
STU_018918,89.71993032974166
STU_018919,81.90138394049644
STU_018920,55.11150892722515
STU_018921,73.83250173682531
STU_018922,65.27589735938481
STU_018923,99.0334771621494
STU_018924,66.88643421476455
STU_018925,75.87157462098088
STU_018926,82.68057024143371
STU_018927,77.7356328768846
STU_018928,69.48092833024508
STU_018929,73.62222479267851
STU_018930,56.46488529171178
STU_018931,59.89132774486839
STU_018932,54.685727462130934
STU_018933,74.22862668765217
STU_018934,76.40457979184959
STU_018935,70.65632643278116
STU_018936,72.043811099253
STU_018937,86.54822186151969
STU_018938,81.66146610245826
STU_018939,67.34299825383454
STU_018940,80.20743890437795
STU_018941,86.83597330182505
STU_018942,57.743581344419965
STU_018943,78.88697077172611
STU_018944,76.22585576909543
STU_018945,74.51519563853897
STU_018946,79.99043797363713
STU_018947,69.54140931031228
STU_018948,69.13269247338457
STU_018949,72.06414766126788
STU_018950,83.94644465724167
STU_018951,70.92254177961762
STU_018952,65.24475376213147
STU_018953,69.60777060475814
STU_018954,80.3217091296613
STU_018955,71.11053901393544
STU_018956,62.937596626988785
STU_018957,70.68894692213665
STU_018958,79.68488882749514
STU_018959,78.81137833705338
STU_018960,71.29319917283517
STU_018961,65.76017996907028
STU_018962,80.06793237876461
STU_018963,93.2312548780103
STU_018964,66.46730783970834
STU_018965,84.94439982041351
STU_018966,95.96383640506096
STU_018967,95.27613377360356
STU_018968,76.7111110320831
STU_018969,76.64321841538643
STU_018970,90.15095492819086
STU_018971,58.50716514031008
STU_018972,75.42346486555742
STU_018973,86.63518430684547
STU_018974,60.204475696014995
STU_018975,77.8454953219184
STU_018976,72.98496964798004
STU_018977,85.81668986484975
STU_018978,82.57152302724573
STU_018979,63.652906164419676
STU_018980,78.88794149132373
STU_018981,56.701058741899175
STU_018982,75.38379012593674
STU_018983,75.77415381063487
STU_018984,74.0652861564132
STU_018985,82.45002993624965
STU_018986,81.78669744325155
STU_018987,82.93804962748786
STU_018988,72.41525979372969
STU_018989,84.76455928761689
STU_018990,85.84928842731503
STU_018991,63.879258054085795
STU_018992,71.98031703907823
STU_018993,75.12378840085628
STU_018994,79.5809930383086
STU_018995,92.53100112900702
STU_018996,66.35273190179817
STU_018997,69.5397849225184
STU_018998,72.98900449236956
STU_018999,90.99011248435465
STU_019000,73.83438908225813
STU_019001,65.06180036797973
STU_019002,67.3251596028516
STU_019003,85.00445906776403
STU_019004,80.82779919612236
STU_019005,91.57666063550953
STU_019006,91.1356367456258
STU_019007,100.0
STU_019008,75.82845307254448
STU_019009,100.0
STU_019010,51.12180130267327
STU_019011,84.76719868583163
STU_019012,76.54672625896367
STU_019013,64.3844143230191
STU_019014,100.0
STU_019015,51.27176052097622
STU_019016,61.19364749405871
STU_019017,93.38661589195645
STU_019018,74.29922328654375
STU_019019,72.87033589669723
STU_019020,96.4292384813767
STU_019021,39.93387405156547
STU_019022,69.3990652519503
STU_019023,90.97204507109116
STU_019024,72.18905845177963
STU_019025,92.74378851230202
STU_019026,95.19634417939206
STU_019027,76.64726500512725
STU_019028,61.273050696610085
STU_019029,61.178875762418826
STU_019030,69.83248695467925
STU_019031,81.64318183796314
STU_019032,80.66600411075389
STU_019033,80.44999524715422
STU_019034,69.27732172295633
STU_019035,85.55336643160186
STU_019036,90.55412620193383
STU_019037,86.63078225437648
STU_019038,70.02522272022242
STU_019039,72.78997644898163
STU_019040,74.54704127235703
STU_019041,79.15435695914263
STU_019042,80.41068804458483
STU_019043,89.78272047462647
STU_019044,82.20926356262515
STU_019045,71.72755915789698
STU_019046,63.83308946188819
STU_019047,51.709410144510315
STU_019048,84.72276654703997
STU_019049,57.85914995347281
STU_019050,87.62771599455846
STU_019051,66.23625361915484
STU_019052,64.6803911072332
STU_019053,77.19982144490227
STU_019054,72.33656840669589
STU_019055,52.025261994797376
STU_019056,81.7538521983108
STU_019057,82.59729588618498
STU_019058,81.18797548460503
STU_019059,50.01332939282412
STU_019060,67.33039190442527
STU_019061,55.82374104772427
STU_019062,82.92042098337804
STU_019063,71.33972942462269
STU_019064,62.65271068736209
STU_019065,91.34623382076252
STU_019066,60.88937970012041
STU_019067,79.75066883962121
STU_019068,66.88492467657542
STU_019069,58.35356371856134
STU_019070,72.82590103330966
STU_019071,66.66403171286814
STU_019072,97.96956383805747
STU_019073,65.58909971808689
STU_019074,69.5439411687611
STU_019075,68.84090598986474
STU_019076,61.85039313140109
STU_019077,93.17989419630554
STU_019078,92.13304864428673
STU_019079,83.94815912998612
STU_019080,57.89973507216497
STU_019081,79.03541123263366
STU_019082,86.44962221107622
STU_019083,57.29756422056134
STU_019084,59.09051539992861
STU_019085,63.28320275459822
STU_019086,49.96179251680033
STU_019087,73.56654020254201
STU_019088,72.2690276256186
STU_019089,75.14585106480246
STU_019090,87.08238919680568
STU_019091,76.74859637552234
STU_019092,80.96702415157924
STU_019093,77.74535734752457
STU_019094,87.16257738691428
STU_019095,75.15136124181609
STU_019096,82.95055394868069
STU_019097,86.23297634960306
STU_019098,60.57039708036589
STU_019099,67.8451953580844
STU_019100,72.29406697355749
STU_019101,59.68195648080399
STU_019102,73.29575576240744
STU_019103,86.26689884998301
STU_019104,64.75615320916413
STU_019105,61.563052912670464
STU_019106,63.89548859268028
STU_019107,83.58812719397338
STU_019108,72.74743582835231
STU_019109,97.01747623352495
STU_019110,90.86008910252494
STU_019111,75.14980102389747
STU_019112,95.06214599771877
STU_019113,83.89797671305024
STU_019114,96.51724490827158
STU_019115,82.83510582295342
STU_019116,79.7025767243563
STU_019117,61.63951237209409
STU_019118,77.70798567879297
STU_019119,74.92869411207862
STU_019120,65.52708852886775
STU_019121,96.42437783152452
STU_019122,80.45081619711357
STU_019123,68.32980122538895
STU_019124,92.29736019072689
STU_019125,74.2830031036711
STU_019126,74.73348153633536
STU_019127,70.8451001698874
STU_019128,89.59758713020162
STU_019129,62.71073071993545
STU_019130,59.46681781953447
STU_019131,83.55800187334094
STU_019132,90.39362776572145
STU_019133,58.553841495041894
STU_019134,66.84589544613063
STU_019135,95.88212643777206
STU_019136,90.47490004548648
STU_019137,63.5922532885109
STU_019138,87.33451746884788
STU_019139,85.03027325546086
STU_019140,82.45190004434176
STU_019141,90.01816881615667
STU_019142,82.65428029265694
STU_019143,81.7494524416475
STU_019144,76.42178514653205
STU_019145,63.76030394936964
STU_019146,93.34245171855304
STU_019147,76.82113620144663
STU_019148,93.82484749322381
STU_019149,83.26147110301271
STU_019150,78.99327047202783
STU_019151,90.43175797538042
STU_019152,48.260828601466926
STU_019153,70.43435700749708
STU_019154,88.53161782304416
STU_019155,100.0
STU_019156,76.55371380643264
STU_019157,85.46290201493747
STU_019158,53.05838720946841
STU_019159,72.06774690181228
STU_019160,64.42182533834398
STU_019161,61.4135790422094
STU_019162,62.16607673789851
STU_019163,74.4284892420522
STU_019164,72.53503581452334
STU_019165,81.47131734760376
STU_019166,91.43814492028034
STU_019167,85.67335978803942
STU_019168,89.61836917622628
STU_019169,70.55344757716782
STU_019170,89.84776521569403
STU_019171,76.35824289123099
STU_019172,86.30908895835981
STU_019173,75.63625856769809
STU_019174,59.442564509388234
STU_019175,74.8677697173019
STU_019176,77.40170550680774
STU_019177,93.02415309862275
STU_019178,36.77412687056249
STU_019179,75.70870798829554
STU_019180,65.88470419558888
STU_019181,93.35952471790053
STU_019182,61.12856582868851
STU_019183,93.13920198323717
STU_019184,90.3134986840103
STU_019185,96.85971235228351
STU_019186,96.95571284542763
STU_019187,72.43973531715704
STU_019188,96.64933847663906
STU_019189,86.34873554730599
STU_019190,73.27033131508396
STU_019191,62.12344749638514
STU_019192,93.2265137786132
STU_019193,69.92647935396339
STU_019194,68.22484308081009
STU_019195,82.02685210846518
STU_019196,79.14000942966945
STU_019197,91.47450957406087
STU_019198,77.06935397767445
STU_019199,100.0
STU_019200,69.45181387914991
STU_019201,82.63799028926113
STU_019202,75.88392670593953
STU_019203,56.464015294109515
STU_019204,59.51779277904231
STU_019205,80.37673787392988
STU_019206,52.028636274740265
STU_019207,67.61037910602123
STU_019208,69.39134393387941
STU_019209,71.30219949188891
STU_019210,60.68864626760484
STU_019211,66.9950697107211
STU_019212,72.45596931953376
STU_019213,68.58149183729564
STU_019214,70.69877793240616
STU_019215,96.66318093251087
STU_019216,69.41249022759246
STU_019217,74.85961450913317
STU_019218,47.57708687115675
STU_019219,82.84376925025937
STU_019220,74.81532177675723
STU_019221,62.8557078838596
STU_019222,81.03767468215268
STU_019223,79.7790095563595
STU_019224,94.5867973541059
STU_019225,57.01867696296958
STU_019226,59.46554646770967
STU_019227,67.80105950442939
STU_019228,58.485647706635476
STU_019229,80.0917926229117
STU_019230,67.65085132635984
STU_019231,85.39720750742033
STU_019232,85.24779425211378
STU_019233,57.50538441713158
STU_019234,67.86694453599775
STU_019235,79.46321485849472
STU_019236,79.62743958626916
STU_019237,74.89333462767894
STU_019238,73.97006857640031
STU_019239,84.38793407646682
STU_019240,77.22916212455529
STU_019241,95.1663833377967
STU_019242,67.99124044897735
STU_019243,88.41228736004524
STU_019244,78.01266888156349
STU_019245,51.95075088965643
STU_019246,59.42938961477011
STU_019247,84.78068234352918
STU_019248,85.13564024623089
STU_019249,91.98128819506164
STU_019250,61.36715748854228
STU_019251,91.7589701038332
STU_019252,71.62154043401235
STU_019253,61.453297549472616
STU_019254,50.14131006241958
STU_019255,67.54388027085702
STU_019256,85.42362485082779
STU_019257,61.8362750089779
STU_019258,53.92154284867895
STU_019259,71.35075474672195
STU_019260,79.63814734397998
STU_019261,68.68673813839999
STU_019262,89.2004821310664
STU_019263,72.49171532313214
STU_019264,75.24961362398165
STU_019265,90.47636874199236
STU_019266,84.57296377923657
STU_019267,56.29758907732653
STU_019268,73.3226348578845
STU_019269,80.03244572896358
STU_019270,84.86754833101752
STU_019271,53.179910123960646
STU_019272,67.03220737108903
STU_019273,89.77698036960844
STU_019274,98.91268232614632
STU_019275,100.0
STU_019276,59.594279977620694
STU_019277,96.09412703747105
STU_019278,83.04132996085968
STU_019279,77.21265075959313
STU_019280,61.129443071347154
STU_019281,84.79955292186818
STU_019282,63.811495179845735
STU_019283,95.87365258226927
STU_019284,82.86763219796786
STU_019285,71.8624296660251
STU_019286,90.50061070828235
STU_019287,78.55713737922446
STU_019288,65.63579751275576
STU_019289,87.83739021010162
STU_019290,79.26995458487146
STU_019291,77.1914215994089
STU_019292,76.94989968282982
STU_019293,65.15171931582181
STU_019294,69.5089063576143
STU_019295,63.15755251524942
STU_019296,70.8672263898199
STU_019297,83.45397063912884
STU_019298,87.26254470361671
STU_019299,89.16727142019147
STU_019300,82.6144547078164
STU_019301,70.19649499780331
STU_019302,73.25344365152291
STU_019303,70.46898401518108
STU_019304,91.0912826987166
STU_019305,69.65338691833588
STU_019306,61.25795627217014
STU_019307,65.95480276337176
STU_019308,55.5185472938082
STU_019309,70.39358791103004
STU_019310,85.24425752423288
STU_019311,90.93205385812483
STU_019312,71.8076684316141
STU_019313,84.03383308716474
STU_019314,87.1277332510409
STU_019315,75.23267235018959
STU_019316,86.92185768217936
STU_019317,76.3998528941546
STU_019318,84.86964354021873
STU_019319,91.49671477544132
STU_019320,95.82863392385538
STU_019321,75.82521361374997
STU_019322,83.69874307060384
STU_019323,71.90126335101462
STU_019324,90.28545419186699
STU_019325,74.30733797025451
STU_019326,93.73230613245033
STU_019327,95.06389089201096
STU_019328,95.34839063972493
STU_019329,89.6652372499541
STU_019330,81.20343263454261
STU_019331,79.49680162557219
STU_019332,69.00296510862935
STU_019333,87.97097500249242
STU_019334,60.38449160888179
STU_019335,65.32351230465204
STU_019336,67.20775501865167
STU_019337,92.03325194763039
STU_019338,66.09593599504238
STU_019339,91.49364156056882
STU_019340,98.28829507739118
STU_019341,78.97390524804372
STU_019342,58.74968516112674
STU_019343,73.02053330532111
STU_019344,63.33252739520226
STU_019345,70.9986804360201
STU_019346,76.74333946526293
STU_019347,53.77216748086822
STU_019348,93.19444988577392
STU_019349,83.88860980405431
STU_019350,58.81792318427648
STU_019351,86.5267793872001
STU_019352,80.03149793426093
STU_019353,81.87789374050806
STU_019354,70.52669358115567
STU_019355,78.38716855052955
STU_019356,58.5243617160367
STU_019357,56.64625523948668
STU_019358,78.20468378790775
STU_019359,85.85528195206027
STU_019360,64.11617952169813
STU_019361,83.49547974296763
STU_019362,63.32962577541159
STU_019363,68.54141660645726
STU_019364,75.076666433869
STU_019365,82.09467626103825
STU_019366,94.43229960349069
STU_019367,99.47148229853954
STU_019368,77.42858484432904
STU_019369,78.42485728993236
STU_019370,73.34724597523933
STU_019371,84.19652632371499
STU_019372,72.78601961869371
STU_019373,62.35431161697881
STU_019374,68.66730499502304
STU_019375,80.55677080205635
STU_019376,92.79383835016344
STU_019377,86.94860217121567
STU_019378,68.17192839529638
STU_019379,53.36337903845106
STU_019380,89.64167420427087
STU_019381,66.20286156983508
STU_019382,70.52214625225582
STU_019383,81.99597826558762
STU_019384,60.18720887372835
STU_019385,86.39507331443994
STU_019386,71.25365557413225
STU_019387,59.95565953533864
STU_019388,67.27118110009721
STU_019389,95.67804756821964
STU_019390,46.09971220452262
STU_019391,78.37874829074067
STU_019392,77.35712247554851
STU_019393,77.09365970339158
STU_019394,73.20251480076773
STU_019395,79.33130143855342
STU_019396,93.7389175437429
STU_019397,71.53976300338726
STU_019398,57.84127151639707
STU_019399,56.81154041067078
STU_019400,91.60820531336519
STU_019401,67.54778301964832
STU_019402,65.69600810990295
STU_019403,83.72678546746567
STU_019404,88.33666561409953
STU_019405,82.44309658119639
STU_019406,68.42127277388697
STU_019407,65.98249256667069
STU_019408,82.27452715828505
STU_019409,66.91104710168106
STU_019410,73.55804022816751
STU_019411,79.19965433614598
STU_019412,61.53268479005345
STU_019413,71.73670994987394
STU_019414,66.36352581504077
STU_019415,82.22083345326504
STU_019416,82.3846168911534
STU_019417,88.31550309530992
STU_019418,95.08477855420631
STU_019419,74.85485047312517
STU_019420,73.98451951771833
STU_019421,78.99453963079677
STU_019422,77.83263367805078
STU_019423,69.79909198371124
STU_019424,90.92959195726479
STU_019425,60.213195192966865
STU_019426,81.9867670182351
STU_019427,88.6153041707733
STU_019428,94.10831583756816
STU_019429,73.93813780626023
STU_019430,83.17999615756176
STU_019431,52.9126664285391
STU_019432,76.49059417034135
STU_019433,64.16070125318464
STU_019434,55.607773173199476
STU_019435,98.73086882902403
STU_019436,58.584421110685824
STU_019437,89.70056739150891
STU_019438,80.97553255869596
STU_019439,56.071736370726946
STU_019440,67.76116901690212
STU_019441,80.8201164925569
STU_019442,73.32383800664002
STU_019443,58.835759705872725
STU_019444,93.73939421458681
STU_019445,90.19110233595232
STU_019446,52.07822103808196
STU_019447,76.13433909383832
STU_019448,71.02500759988556
STU_019449,60.57544465349783
STU_019450,71.20976442064739
STU_019451,65.36659004600874
STU_019452,86.00064793066795
STU_019453,81.68346518150952
STU_019454,77.30494422604453
STU_019455,68.23633199484767
STU_019456,67.83828389632082
STU_019457,63.37667409175186
STU_019458,70.32502139798429
STU_019459,61.90082642374628
STU_019460,90.00393792694328
STU_019461,94.89107369093122
STU_019462,97.84794547079363
STU_019463,64.54152092284131
STU_019464,73.09199851410105
STU_019465,69.47229248972256
STU_019466,70.82408151648602
STU_019467,71.65360786526234
STU_019468,86.83285278725967
STU_019469,71.18985368014943
STU_019470,88.25267524738226
STU_019471,95.15121203359521
STU_019472,87.53635670506532
STU_019473,91.6860959902485
STU_019474,63.96012957057553
STU_019475,58.45193921382595
STU_019476,93.98661703521294
STU_019477,63.11777288918445
STU_019478,70.52091975850588
STU_019479,74.58473443123592
STU_019480,88.80780663419768
STU_019481,72.58537296789267
STU_019482,74.93297238786
STU_019483,73.24998055976383
STU_019484,82.15466340757874
STU_019485,58.14306335607187
STU_019486,36.334808548802954
STU_019487,65.88170417295869
STU_019488,92.31478738467001
STU_019489,67.29740839639473
STU_019490,74.85183710862495
STU_019491,54.73744453606602
STU_019492,70.57770679870218
STU_019493,63.04139048590329
STU_019494,60.29421189021947
STU_019495,91.43340500545239
STU_019496,91.23204147609232
STU_019497,57.97276687115037
STU_019498,90.99090645591099
STU_019499,94.49331873768875
STU_019500,89.11359986692321
STU_019501,87.68926875391769
STU_019502,66.47564914679295
STU_019503,68.03430383445051
STU_019504,91.4972660694154
STU_019505,60.50759165469202
STU_019506,81.7926440840016
STU_019507,92.80769033562375
STU_019508,96.48826102137227
STU_019509,97.85970694575768
STU_019510,89.3613529126931
STU_019511,52.830540200004904
STU_019512,79.12585839332326
STU_019513,65.57537139298557
STU_019514,53.74154360415395
STU_019515,60.73592489215025
STU_019516,87.73697802428039
STU_019517,67.6570886204725
STU_019518,68.43848648302213
STU_019519,65.97087552135328
STU_019520,82.91062770324291
STU_019521,63.743386464514195
STU_019522,72.64292298494792
STU_019523,91.82328018186422
STU_019524,79.98881609677618
STU_019525,86.53398587302513
STU_019526,72.49865072663377
STU_019527,73.47007497750533
STU_019528,69.15891856225038
STU_019529,95.10886780293274
STU_019530,88.6800636637827
STU_019531,90.16740596290117
STU_019532,47.731775461198765
STU_019533,78.50527652338437
STU_019534,76.14696578901645
STU_019535,74.31019539316414
STU_019536,65.23757056026028
STU_019537,54.08578309570031
STU_019538,75.1767774861726
STU_019539,71.34470664759122
STU_019540,62.26484464779552
STU_019541,80.14852335337451
STU_019542,100.0
STU_019543,100.0
STU_019544,77.41092689580307
STU_019545,90.26991811970015
STU_019546,56.25672869752128
STU_019547,65.96894189216631
STU_019548,88.82426291721607
STU_019549,83.82602246951328
STU_019550,96.5880385198711
STU_019551,76.43386820091726
STU_019552,67.67263596759142
STU_019553,72.28221717248103
STU_019554,59.07471510457117
STU_019555,96.50374933082097
STU_019556,71.58770563136147
STU_019557,96.09887397880942
STU_019558,61.08771509804467
STU_019559,85.12952927250707
STU_019560,83.06172256173693
STU_019561,42.72018631631867
STU_019562,92.11498128147016
STU_019563,74.70867906289658
STU_019564,70.19041663575912
STU_019565,61.946734775273484
STU_019566,84.45212622055908
STU_019567,83.21951606717684
STU_019568,68.23690192479675
STU_019569,63.88033349371661
STU_019570,74.81246863296943
STU_019571,44.753205275133126
STU_019572,64.73622030046498
STU_019573,69.363063184791
STU_019574,78.31436261770668
STU_019575,80.56844885194542
STU_019576,92.42857750359653
STU_019577,70.2151231894664
STU_019578,64.93382825807514
STU_019579,69.98048361561683
STU_019580,64.89891817842644
STU_019581,97.33879390662042
STU_019582,80.99752694146197
STU_019583,74.88799206254087
STU_019584,68.83280892042846
STU_019585,83.47641313899909
STU_019586,74.41853913674976
STU_019587,83.01208790909381
STU_019588,73.30188033859909
STU_019589,64.8394146427517
STU_019590,98.22814735517008
STU_019591,89.5098129421406
STU_019592,71.748578893106
STU_019593,66.48692509519346
STU_019594,89.91178884054284
STU_019595,71.44369026874858
STU_019596,94.41917271808875
STU_019597,70.14475606183392
STU_019598,75.6182417500552
STU_019599,68.53991091893002
STU_019600,96.91576642649908
STU_019601,76.42597759943511
STU_019602,77.98589119360835
STU_019603,94.00425681742226
STU_019604,93.28478504784783
STU_019605,77.36879084976326
STU_019606,84.48200145597292
STU_019607,60.58622870391331
STU_019608,68.41724764491073
STU_019609,89.05798935915341
STU_019610,62.793776735098916
STU_019611,71.78952606892409
STU_019612,58.61064837902547
STU_019613,55.93976421255573
STU_019614,62.37645770504431
STU_019615,91.60982379823295
STU_019616,68.72813605367132
STU_019617,77.66662072747096
STU_019618,64.17284541091414
STU_019619,91.54278386612683
STU_019620,78.28318823062865
STU_019621,75.20639159453901
STU_019622,80.68704553993734
STU_019623,72.29585174264305
STU_019624,97.02093496134552
STU_019625,39.43642492023301
STU_019626,86.09359511119224
STU_019627,91.2746715463762
STU_019628,72.68780450128642
STU_019629,81.59125633351647
STU_019630,94.4313341742442
STU_019631,63.904968402673425
STU_019632,93.64738869513221
STU_019633,94.33715380560129
STU_019634,86.25302155508872
STU_019635,75.07588164689558
STU_019636,64.62231902412643
STU_019637,80.87350360453529
STU_019638,71.19201683335861
STU_019639,63.451956837582145
STU_019640,85.2354630461215
STU_019641,91.33489445433622
STU_019642,82.01724540096701
STU_019643,91.40604238460381
STU_019644,72.03856722032103
STU_019645,71.96029447986956
STU_019646,76.70451558180334
STU_019647,78.29636419156789
STU_019648,56.678429362750336
STU_019649,61.12143701019322
STU_019650,66.92754319948963
STU_019651,73.75253712247164
STU_019652,75.07856934998337
STU_019653,72.3207767180533
STU_019654,56.219887018960634
STU_019655,59.63681129764549
STU_019656,47.118864619474984
STU_019657,68.68798707903942
STU_019658,69.39843323427576
STU_019659,75.81364211946625
STU_019660,69.66858938311404
STU_019661,76.81516549264168
STU_019662,69.54908928530624
STU_019663,77.58359227090266
STU_019664,66.92785498580395
STU_019665,87.39315943562721
STU_019666,89.69542250047124
STU_019667,75.3390716237875
STU_019668,53.00932310327474
STU_019669,61.44569758481299
STU_019670,83.60691737981566
STU_019671,52.63262717332532
STU_019672,84.18207326041772
STU_019673,71.96177065056077
STU_019674,80.17975012418513
STU_019675,70.79046152201843
STU_019676,79.41517594879049
STU_019677,86.79597650711727
STU_019678,100.0
STU_019679,88.65225213314514
STU_019680,84.51363594259092
STU_019681,90.08452006476202
STU_019682,89.44343875483358
STU_019683,71.77415278888493
STU_019684,65.86065656366429
STU_019685,90.59254011102126
STU_019686,82.77958803033968
STU_019687,65.42472858223496
STU_019688,84.09785139636509
STU_019689,68.82913508600393
STU_019690,82.52155815434274
STU_019691,62.845075919159896
STU_019692,54.313670765522005
STU_019693,95.63372539002772
STU_019694,82.00892589899986
STU_019695,54.4498874041862
STU_019696,63.12872776898047
STU_019697,94.45797299241272
STU_019698,93.82468702345564
STU_019699,76.31070323819935
STU_019700,83.14135696579993
STU_019701,63.40911011869217
STU_019702,73.70026490320319
STU_019703,84.6540369065324
STU_019704,77.22572284120328
STU_019705,64.51758563929151
STU_019706,86.48176513257852
STU_019707,64.37134219101442
STU_019708,80.29688545449801
STU_019709,69.98263969633177
STU_019710,64.94797553810926
STU_019711,95.9072549137989
STU_019712,47.754433190801834
STU_019713,88.93888216991456
STU_019714,64.21882435184756
STU_019715,83.79251993298735
STU_019716,83.97089757323957
STU_019717,93.45748078980301
STU_019718,69.65804468393067
STU_019719,94.387218302492
STU_019720,95.4804563189573
STU_019721,58.37482851097705
STU_019722,70.08109882776185
STU_019723,81.67445342156743
STU_019724,73.46302252214609
STU_019725,91.42282553520197
STU_019726,61.520126219653754
STU_019727,89.36806262426899
STU_019728,80.03829900370758
STU_019729,71.8442259556924
STU_019730,71.46651495901591
STU_019731,63.10058578672279
STU_019732,84.03044506086232
STU_019733,76.18068300310055
STU_019734,73.7281606464922
STU_019735,85.04213552062963
STU_019736,96.86413678221633
STU_019737,94.53962902457206
STU_019738,88.01915466711445
STU_019739,69.80337952278339
STU_019740,73.02306998422839
STU_019741,97.5635169043698
STU_019742,77.95332971013858
STU_019743,86.62710353624524
STU_019744,72.28923345028997
STU_019745,85.92674416348365
STU_019746,89.06608569502629
STU_019747,76.90486892308346
STU_019748,62.17458351477292
STU_019749,66.66781945988761
STU_019750,70.18579727010822
STU_019751,74.7574322835138
STU_019752,62.07536957462731
STU_019753,91.59195001882219
STU_019754,71.98593538553833
STU_019755,82.37146190115892
STU_019756,53.6334209450238
STU_019757,80.39486841804376
STU_019758,59.15329300832922
STU_019759,75.03047393686087
STU_019760,79.38270922472209
STU_019761,63.595627253303576
STU_019762,83.6894269047922
STU_019763,72.28128554955524
STU_019764,59.00104456818885
STU_019765,85.48208390307306
STU_019766,69.95980199802663
STU_019767,49.277334976720695
STU_019768,80.91617404659081
STU_019769,66.38075514597841
STU_019770,77.96278728296807
STU_019771,92.35130651079018
STU_019772,66.83882157539944
STU_019773,87.15306425660955
STU_019774,55.10453409180435
STU_019775,88.13510092895342
STU_019776,57.009405501542105
STU_019777,74.66727728590834
STU_019778,75.47853379328537
STU_019779,74.5226354272623
STU_019780,78.10894837997525
STU_019781,55.15255350849913
STU_019782,75.37993726334211
STU_019783,67.8535006846896
STU_019784,76.50034065983174
STU_019785,73.69118827109149
STU_019786,50.81671267001873
STU_019787,75.5413563238513
STU_019788,72.48817040128874
STU_019789,83.68731886696929
STU_019790,64.97084186404712
STU_019791,54.451977263617394
STU_019792,79.20219124198553
STU_019793,64.35747070632124
STU_019794,84.52745354835575
STU_019795,71.41168324264994
STU_019796,88.5503655233081
STU_019797,47.31123593938084
STU_019798,88.92337720751328
STU_019799,82.95235002542938
STU_019800,55.23081587781092
STU_019801,77.18203025939582
STU_019802,86.3403777695736
STU_019803,71.10093060899241
STU_019804,76.60491036863925
STU_019805,74.7197284828406
STU_019806,60.91635568169721
STU_019807,62.060642454476096
STU_019808,70.42809427798124
STU_019809,92.88889282987205
STU_019810,68.52606606940384
STU_019811,68.15505137130117
STU_019812,86.53649927433037
STU_019813,74.14097151351334
STU_019814,86.6921188682449
STU_019815,85.52169372482794
STU_019816,78.51164181610814
STU_019817,96.9899126522076
STU_019818,69.8027429808707
STU_019819,99.66366807971815
STU_019820,64.89321127045345
STU_019821,78.60420287020683
STU_019822,64.23911516492029
STU_019823,82.71075961903873
STU_019824,95.81177149495213
STU_019825,78.37242150859689
STU_019826,84.03554471861236
STU_019827,84.90431675884587
STU_019828,85.57906228148305
STU_019829,76.158085972928
STU_019830,90.13755468613968
STU_019831,85.92317396271484
STU_019832,89.83950513827438
STU_019833,74.32152550945956
STU_019834,73.00229451422447
STU_019835,70.62808212184927
STU_019836,86.16496472740332
STU_019837,72.85522851302063
STU_019838,76.24724491448039
STU_019839,79.29774406951191
STU_019840,63.665114385736686
STU_019841,66.07051744029833
STU_019842,70.45642342828684
STU_019843,67.71834494274088
STU_019844,73.5416270593227
STU_019845,76.19334641181186
STU_019846,93.4816791848717
STU_019847,96.54552487314967
STU_019848,67.9925940160578
STU_019849,89.53426906597676
STU_019850,75.02300019994925
STU_019851,97.97542593153257
STU_019852,65.78232633745391
STU_019853,83.27465701413828
STU_019854,82.78053906955931
STU_019855,79.29534430031707
STU_019856,73.39074965068998
STU_019857,84.36709473784735
STU_019858,99.438663434678
STU_019859,96.21216666990642
STU_019860,89.15495283793604
STU_019861,63.474951634308226
STU_019862,69.57646752576693
STU_019863,76.77980048165823
STU_019864,77.77035367972313
STU_019865,88.9047919726222
STU_019866,86.9468171890109
STU_019867,83.29720564431918
STU_019868,78.86036262213936
STU_019869,72.9908082420852
STU_019870,75.44802263119972
STU_019871,93.55692903592234
STU_019872,99.57560936591969
STU_019873,77.09654085453408
STU_019874,57.16597246404689
STU_019875,75.5492780597608
STU_019876,97.55633833806633
STU_019877,65.43222763205557
STU_019878,62.26021073896597
STU_019879,91.49402192189345
STU_019880,55.80008544984665
STU_019881,72.90740168165566
STU_019882,87.36018926189112
STU_019883,61.25469042415628
STU_019884,69.45105531695877
STU_019885,80.75269385399065
STU_019886,71.57660249459958
STU_019887,99.55666057249253
STU_019888,61.644083936666675
STU_019889,88.3027859729528
STU_019890,83.74990627751433
STU_019891,76.23694807180219
STU_019892,70.79467718021561
STU_019893,93.23592916099568
STU_019894,62.020013987974174
STU_019895,75.4089167874449
STU_019896,83.35951736935971
STU_019897,82.2432989301514
STU_019898,73.00714688243477
STU_019899,84.16220180490217
STU_019900,83.23400059775787
STU_019901,70.24747627073751
STU_019902,76.56700378134266
STU_019903,89.36664663288187
STU_019904,71.13074683363855
STU_019905,80.8212933022538
STU_019906,65.04850566124205
STU_019907,55.51732198475499
STU_019908,52.73815476841136
STU_019909,64.73465977119824
STU_019910,94.60712751536843
STU_019911,100.0
STU_019912,70.59310692453637
STU_019913,81.06741268239466
STU_019914,62.34149435532189
STU_019915,80.20692621032265
STU_019916,64.90361420847628
STU_019917,64.42806956297851
STU_019918,91.78426298996894
STU_019919,72.07889323212997
STU_019920,95.15731815520618
STU_019921,71.08524377523685
STU_019922,93.73098305366467
STU_019923,63.54295392431745
STU_019924,98.33775128115316
STU_019925,89.50438289732945
STU_019926,74.53113235664259
STU_019927,82.38810281745455
STU_019928,81.66093829707884
STU_019929,81.20636919997214
STU_019930,68.27388562233492
STU_019931,94.83153774816881
STU_019932,83.50045039577137
STU_019933,62.94495783142926
STU_019934,91.53686309197322
STU_019935,53.033551662829765
STU_019936,88.41056413085698
STU_019937,83.29379943492094
STU_019938,69.87882362060103
STU_019939,85.39563551577656
STU_019940,83.63779255019716
STU_019941,70.12997676666475
STU_019942,69.93844745919877
STU_019943,82.99093226702198
STU_019944,96.20925556622147
STU_019945,78.43464968856873
STU_019946,84.52355906334927
STU_019947,68.90956329547055
STU_019948,84.99548613939757
STU_019949,80.59518730242135
STU_019950,71.97125048604136
STU_019951,65.76749649141847
STU_019952,53.6361208980556
STU_019953,69.15411993987826
STU_019954,78.1381151231883
STU_019955,57.979947726164404
STU_019956,62.68899667232441
STU_019957,75.80290988461441
STU_019958,76.75522443885914
STU_019959,80.61990882984941
STU_019960,68.96357735163748
STU_019961,69.35400541669424
STU_019962,76.12575331443203
STU_019963,62.723218729293535
STU_019964,71.627930903781
STU_019965,68.86372061355598
STU_019966,85.56691093399036
STU_019967,91.67466520346564
STU_019968,76.08375668353618
STU_019969,50.4218599209449
STU_019970,95.9904229988789
STU_019971,91.83128183260786
STU_019972,74.24964772602766
STU_019973,75.20221385597273
STU_019974,91.24500958193207
STU_019975,74.43169283520172
STU_019976,76.36356934519493
STU_019977,69.72890950302906
STU_019978,59.44930513927717
STU_019979,53.63988626691029
STU_019980,63.450655652209804
STU_019981,100.0
STU_019982,78.96824557005122
STU_019983,89.29862277762633
STU_019984,94.79573801249802
STU_019985,86.92526604457579
STU_019986,87.17754623961315
STU_019987,85.45155068252068
STU_019988,68.9542351102956
STU_019989,74.52151119761447
STU_019990,79.51045709570612
STU_019991,88.28304998369794
STU_019992,80.49084404706659
STU_019993,87.3372815317294
STU_019994,51.29726993088045
STU_019995,75.91164577274245
STU_019996,65.45721723063993
STU_019997,78.12888162768628
STU_019998,57.48224731960441
STU_019999,85.94445274289488
STU_020000,76.80290937851386
