student_id,career_success_score
STU_010001,58.549081961878684
STU_010002,68.72377101701719
STU_010003,73.92484569404395
STU_010004,95.44569149799818
STU_010005,77.1560736956583
STU_010006,74.36127235378248
STU_010007,76.99508802869423
STU_010008,80.88501164455766
STU_010009,72.84928981943064
STU_010010,61.90877158431072
STU_010011,92.02622769138557
STU_010012,81.95314232209614
STU_010013,82.6312241864766
STU_010014,86.51668208969551
STU_010015,49.55053917753849
STU_010016,71.25175691324435
STU_010017,63.96929585245364
STU_010018,55.56660225776136
STU_010019,84.39735005953791
STU_010020,71.428872414488
STU_010021,83.43212725298929
STU_010022,94.04426627572516
STU_010023,94.15926950163825
STU_010024,68.83754117049594
STU_010025,81.35294260549657
STU_010026,83.06524109337106
STU_010027,74.5078085756093
STU_010028,84.53263244064203
STU_010029,92.09527156070568
STU_010030,67.20490599692636
STU_010031,65.06386702421825
STU_010032,91.78134132671241
STU_010033,61.320012024613575
STU_010034,87.8787480230189
STU_010035,81.06256665545666
STU_010036,69.47080491643241
STU_010037,63.07436236264056
STU_010038,89.5711776303955
STU_010039,70.94770549550041
STU_010040,80.63037524605974
STU_010041,89.56105756844156
STU_010042,60.79924669974476
STU_010043,84.87223129836221
STU_010044,75.58903493548895
STU_010045,82.39674487929966
STU_010046,60.62227949982372
STU_010047,66.48515951344667
STU_010048,82.0948671825872
STU_010049,49.73100037322713
STU_010050,64.05235647410957
STU_010051,75.37673295341538
STU_010052,68.74624222952914
STU_010053,62.546237498079066
STU_010054,70.59780006165904
STU_010055,66.2617017950925
STU_010056,63.47794128733001
STU_010057,64.48556008381074
STU_010058,95.8963577955144
STU_010059,90.01202206555485
STU_010060,74.70708298965904
STU_010061,41.70274604108694
STU_010062,76.31841573005315
STU_010063,60.14574480634668
STU_010064,85.46412016510088
STU_010065,57.674578481311784
STU_010066,65.64390683367884
STU_010067,88.54810699982278
STU_010068,59.321871986356555
STU_010069,65.49832949046328
STU_010070,53.85215383302915
STU_010071,93.1240704742555
STU_010072,71.69322094261005
STU_010073,95.1853844487151
STU_010074,62.38452802798873
STU_010075,74.93155565555958
STU_010076,94.83108585690368
STU_010077,86.4206660472307
STU_010078,84.74944347127526
STU_010079,84.22587114773023
STU_010080,78.36673693076588
STU_010081,61.79864620544122
STU_010082,75.23512923652189
STU_010083,76.66014735633189
STU_010084,70.2040250894444
STU_010085,74.20433057761826
STU_010086,79.18110209644867
STU_010087,69.68303264519808
STU_010088,63.84675739897093
STU_010089,86.5221718832696
STU_010090,79.0867829989751
STU_010091,57.23701541671667
STU_010092,69.45439364280591
STU_010093,64.97785570787097
STU_010094,87.53908328105702
STU_010095,59.51896927215522
STU_010096,79.49375655816442
STU_010097,69.73550458496071
STU_010098,85.8087952018867
STU_010099,72.39104465389123
STU_010100,71.80896477629031
STU_010101,73.25682513943386
STU_010102,69.44021493501488
STU_010103,92.57503484611664
STU_010104,53.36301389603275
STU_010105,96.69346294108182
STU_010106,52.058879921077846
STU_010107,74.78053011820036
STU_010108,78.7965192426161
STU_010109,68.45279893277268
STU_010110,79.93440858971485
STU_010111,82.36447693702965
STU_010112,80.65944385094508
STU_010113,67.96861805748718
STU_010114,78.73603568975076
STU_010115,78.27374597894898
STU_010116,86.42315317019299
STU_010117,79.90842256305105
STU_010118,91.72684524345415
STU_010119,71.3322777305525
STU_010120,68.05573946516382
STU_010121,78.93798651453001
STU_010122,74.7165937176185
STU_010123,88.85945029960395
STU_010124,71.04897780720817
STU_010125,84.80174846869454
STU_010126,69.41069901229868
STU_010127,60.293987316761886
STU_010128,89.62087129404885
STU_010129,85.52655353723284
STU_010130,65.95075931784842
STU_010131,63.705522997521285
STU_010132,73.85592230199902
STU_010133,74.29368500823473
STU_010134,67.37370831945336
STU_010135,45.19537232837343
STU_010136,73.20329707162843
STU_010137,58.782540031979934
STU_010138,81.92543345331048
STU_010139,79.69948090005848
STU_010140,77.47310071060197
STU_010141,61.471009074876235
STU_010142,82.42802787172401
STU_010143,73.69734679368985
STU_010144,71.90502563278858
STU_010145,91.76386692544051
STU_010146,79.33055135471999
STU_010147,60.72811461874605
STU_010148,56.31904691242927
STU_010149,62.663204987131564
STU_010150,91.41223963515739
STU_010151,69.81766724330774
STU_010152,84.89235451981033
STU_010153,74.01051843940131
STU_010154,83.74086550418345
STU_010155,64.61693056203964
STU_010156,93.97043683223036
STU_010157,100.0
STU_010158,67.99086462570699
STU_010159,90.99402876780115
STU_010160,68.16694250316661
STU_010161,94.4940391287293
STU_010162,100.0
STU_010163,82.03210439410442
STU_010164,74.14757561735924
STU_010165,75.47118397879196
STU_010166,91.1080547447855
STU_010167,81.75739354893042
STU_010168,76.9588561757037
STU_010169,73.09362070128395
STU_010170,87.57327941328126
STU_010171,73.41017386258186
STU_010172,94.99520250372612
STU_010173,69.03477724576217
STU_010174,78.77753276967215
STU_010175,84.11195871419946
STU_010176,69.04456601635442
STU_010177,88.99569392849381
STU_010178,83.33953480929802
STU_010179,84.10190750007494
STU_010180,81.09974656779865
STU_010181,69.4692506238851
STU_010182,70.0429298578271
STU_010183,72.5429490934083
STU_010184,80.42081472886248
STU_010185,66.32676170162785
STU_010186,79.77921159063999
STU_010187,62.67264431607488
STU_010188,91.6546355032707
STU_010189,71.84884048221089
STU_010190,61.22321664631274
STU_010191,42.25476239941109
STU_010192,80.15287721822472
STU_010193,57.924523559878324
STU_010194,81.06595415319816
STU_010195,80.67683657210547
STU_010196,68.28587117456951
STU_010197,73.27710558434154
STU_010198,78.1411218468733
STU_010199,94.54115193647687
STU_010200,78.96447565521913
STU_010201,97.50018214727689
STU_010202,82.03537266632596
STU_010203,70.43711563663122
STU_010204,90.68910164182554
STU_010205,82.21439533724262
STU_010206,87.72373650744291
STU_010207,49.65313467534415
STU_010208,72.8513930550918
STU_010209,65.16920390354163
STU_010210,80.5758864812853
STU_010211,74.71291657410066
STU_010212,88.67552710489541
STU_010213,85.83401873802785
STU_010214,66.52115052015488
STU_010215,71.61091347127989
STU_010216,59.54622421509257
STU_010217,78.12831445116414
STU_010218,58.87511397444197
STU_010219,78.57163031602524
STU_010220,71.10327705021285
STU_010221,83.94376178938782
STU_010222,61.09236443424385
STU_010223,72.98512880162428
STU_010224,100.0
STU_010225,62.067193590612305
STU_010226,87.0174101370754
STU_010227,62.344418661848195
STU_010228,93.94813959937119
STU_010229,78.24903848495806
STU_010230,66.38747692262153
STU_010231,52.151411666366066
STU_010232,92.68873384482558
STU_010233,63.836402682164646
STU_010234,82.07255362257331
STU_010235,47.46001756765131
STU_010236,89.70776753110908
STU_010237,85.980684161141
STU_010238,76.06716476332954
STU_010239,51.95969739042563
STU_010240,72.36169420286069
STU_010241,84.33460732165165
STU_010242,81.35859066331386
STU_010243,63.07655444398094
STU_010244,87.99049589406428
STU_010245,62.17704686448382
STU_010246,46.378180988373735
STU_010247,88.85868024921561
STU_010248,77.6889272441143
STU_010249,69.39239997281769
STU_010250,92.74530405991709
STU_010251,78.605691581701
STU_010252,100.0
STU_010253,58.405466516399
STU_010254,96.57348689066777
STU_010255,68.96432404595171
STU_010256,61.88059451292405
STU_010257,74.79405821035199
STU_010258,80.07216494203192
STU_010259,81.40805774749518
STU_010260,59.72020479031363
STU_010261,65.52364404651757
STU_010262,53.62960836629803
STU_010263,55.366196117108544
STU_010264,100.0
STU_010265,65.69896267131035
STU_010266,77.16242538875001
STU_010267,64.9683832147316
STU_010268,83.63327414620822
STU_010269,80.74399415082472
STU_010270,88.92536743455099
STU_010271,79.45326219030035
STU_010272,63.71993310646509
STU_010273,73.49650604527899
STU_010274,57.88851345239382
STU_010275,86.11450034035917
STU_010276,66.54236484143371
STU_010277,79.93405694608022
STU_010278,88.40645448688369
STU_010279,65.91491556377946
STU_010280,67.40778387808021
STU_010281,61.349790932907666
STU_010282,62.32899055881347
STU_010283,81.83257227560301
STU_010284,69.19770321278405
STU_010285,57.60279840967479
STU_010286,72.64955358297702
STU_010287,89.18229596466762
STU_010288,61.16875432116099
STU_010289,54.09614774857117
STU_010290,84.44347778292493
STU_010291,50.92060945285335
STU_010292,79.23732106367315
STU_010293,70.84012383112554
STU_010294,64.53794597722705
STU_010295,68.86341852721937
STU_010296,85.05680277020218
STU_010297,87.98908226180649
STU_010298,91.12022348756874
STU_010299,90.85935755351395
STU_010300,62.76796642682522
STU_010301,81.37864039511723
STU_010302,84.40927857510744
STU_010303,74.98481082593311
STU_010304,61.330799152973405
STU_010305,77.66033490203878
STU_010306,66.73228906926681
STU_010307,66.66614995820758
STU_010308,80.31780609200634
STU_010309,70.45237032300281
STU_010310,60.024641247543606
STU_010311,66.40365926039625
STU_010312,75.5530314873201
STU_010313,76.76630336397525
STU_010314,84.07170370226915
STU_010315,88.45992955048135
STU_010316,89.96520049238535
STU_010317,88.24102323727061
STU_010318,73.1292584727033
STU_010319,92.70307689270814
STU_010320,95.42132156097314
STU_010321,68.49193024400293
STU_010322,94.04856548712289
STU_010323,71.73377415519072
STU_010324,86.94524217205871
STU_010325,93.21458466121521
STU_010326,83.19870507327954
STU_010327,70.24395523994181
STU_010328,84.09788025387363
STU_010329,90.74684542331083
STU_010330,82.05166055822
STU_010331,96.48827886175447
STU_010332,65.5750928976465
STU_010333,100.0
STU_010334,76.81988723216496
STU_010335,92.88126969252839
STU_010336,59.161660786786
STU_010337,63.21727625453754
STU_010338,75.24725082357833
STU_010339,78.54353211577448
STU_010340,68.48189235486396
STU_010341,93.66083627509695
STU_010342,64.004965409068
STU_010343,60.25260183005847
STU_010344,78.42952424155146
STU_010345,79.36956779699122
STU_010346,84.14643019240408
STU_010347,51.693105235421434
STU_010348,64.39905688371944
STU_010349,84.74028857784714
STU_010350,81.01975490831731
STU_010351,73.45681327797536
STU_010352,73.45663784145319
STU_010353,92.75405619118975
STU_010354,74.80842955170384
STU_010355,74.24138725177073
STU_010356,83.25595701503366
STU_010357,94.97171842672175
STU_010358,78.86681373263484
STU_010359,65.2131223967799
STU_010360,68.87466112087324
STU_010361,94.16878723068922
STU_010362,76.50948184703512
STU_010363,78.12164323529116
STU_010364,97.1534874043364
STU_010365,84.12634887401683
STU_010366,94.08031790084452
STU_010367,71.8137082748971
STU_010368,65.20967940847031
STU_010369,91.75854238548816
STU_010370,84.26877732664641
STU_010371,71.73309952976702
STU_010372,73.06552198223062
STU_010373,70.23034607917147
STU_010374,77.26409449743058
STU_010375,96.7576486553695
STU_010376,56.03412010791277
STU_010377,78.75410566635189
STU_010378,74.4265464679844
STU_010379,71.34900627261489
STU_010380,61.92724026092405
STU_010381,62.84455679753019
STU_010382,91.25811119491473
STU_010383,78.50258378715722
STU_010384,92.33421821599163
STU_010385,78.98214079485072
STU_010386,59.321865232508344
STU_010387,62.81452368987539
STU_010388,92.77885738332398
STU_010389,68.33499973143276
STU_010390,56.543068230952535
STU_010391,59.49761858576999
STU_010392,79.82951100148892
STU_010393,82.38180397834762
STU_010394,77.75488880076428
STU_010395,79.54979348784353
STU_010396,80.43036051502742
STU_010397,90.06324939776222
STU_010398,89.26390345463592
STU_010399,64.03666424058179
STU_010400,72.27670773734016
STU_010401,51.71485758451987
STU_010402,74.02772107566335
STU_010403,76.86208827770224
STU_010404,83.96002482057827
STU_010405,80.88969163979382
STU_010406,74.52673073958647
STU_010407,92.61123606040577
STU_010408,68.54591908691931
STU_010409,94.39124515105043
STU_010410,66.28244453224931
STU_010411,86.77939183974931
STU_010412,95.91796286033875
STU_010413,84.72912228132353
STU_010414,84.6693136837415
STU_010415,86.95199807219156
STU_010416,82.49069817292613
STU_010417,99.40034562624288
STU_010418,74.40002744064508
STU_010419,88.24118299236741
STU_010420,87.27637289364209
STU_010421,79.82509307057165
STU_010422,71.40106814061461
STU_010423,74.10336088219292
STU_010424,54.67538680929205
STU_010425,57.50364841256804
STU_010426,76.46216805160556
STU_010427,67.27001376063532
STU_010428,73.13317956180956
STU_010429,56.425695800531685
STU_010430,81.64315905328246
STU_010431,55.13157628447768
STU_010432,65.88886995722004
STU_010433,73.49879244612616
STU_010434,87.42055171410912
STU_010435,63.400222793134425
STU_010436,82.87506445396744
STU_010437,51.47356125177621
STU_010438,98.97286813756786
STU_010439,70.49725408353677
STU_010440,84.85349409535667
STU_010441,55.86263035769362
STU_010442,72.0010647186779
STU_010443,79.55609492550089
STU_010444,66.57358022377284
STU_010445,68.5047119654145
STU_010446,45.52923186285915
STU_010447,79.82675178012197
STU_010448,74.17400332147902
STU_010449,72.23615826857946
STU_010450,63.23531351099044
STU_010451,88.53069640690902
STU_010452,80.37891976533291
STU_010453,71.97348770377216
STU_010454,72.42632010806696
STU_010455,47.352958136714946
STU_010456,87.07466073346421
STU_010457,75.714844929514
STU_010458,87.08796983371172
STU_010459,77.4523773356228
STU_010460,68.18605272477652
STU_010461,67.41216605075493
STU_010462,56.920173849093686
STU_010463,82.60202623004474
STU_010464,87.13062603578854
STU_010465,58.48675455489035
STU_010466,66.1373289290114
STU_010467,72.66053637243621
STU_010468,74.64224717433721
STU_010469,72.62962768845532
STU_010470,71.27486548568885
STU_010471,92.88987603222029
STU_010472,55.321566138860035
STU_010473,85.01309976011717
STU_010474,81.15520104550609
STU_010475,75.12653138955186
STU_010476,66.56872143812308
STU_010477,71.66686517804273
STU_010478,96.75556991333056
STU_010479,65.23774985524767
STU_010480,69.02485391796475
STU_010481,60.193056249935026
STU_010482,74.92906849113669
STU_010483,91.52565619573906
STU_010484,76.73425364692407
STU_010485,52.99716529509557
STU_010486,74.99030283687517
STU_010487,95.18868361316632
STU_010488,84.25781425815359
STU_010489,80.73233885320579
STU_010490,86.4117855535003
STU_010491,79.6488723459645
STU_010492,74.12298978448142
STU_010493,77.29759303474579
STU_010494,59.717738331577785
STU_010495,41.46269769099757
STU_010496,93.26514245453686
STU_010497,65.01312572790671
STU_010498,74.95494841455081
STU_010499,63.74887288349003
STU_010500,68.7132621453445
STU_010501,75.315171650491
STU_010502,66.76463524127166
STU_010503,80.22501295478594
STU_010504,67.3069947810808
STU_010505,61.757435824058305
STU_010506,81.90406712193801
STU_010507,68.25736814612593
STU_010508,63.92793228480959
STU_010509,78.98061595184247
STU_010510,47.35355222737075
STU_010511,62.654715333640056
STU_010512,71.08021585548623
STU_010513,90.67501165784742
STU_010514,76.038214817454
STU_010515,82.01850130565418
STU_010516,82.00975163740362
STU_010517,95.33679069706864
STU_010518,53.37688841734651
STU_010519,87.2258390415025
STU_010520,88.12902449012843
STU_010521,94.86239392198522
STU_010522,78.59581414181699
STU_010523,82.99072907006897
STU_010524,87.68071550616267
STU_010525,73.050680550936
STU_010526,55.458643276951435
STU_010527,82.99844732175303
STU_010528,86.10402256062221
STU_010529,53.76996349720201
STU_010530,79.16678970897206
STU_010531,68.7726555850575
STU_010532,61.62130143494073
STU_010533,81.06568480019072
STU_010534,81.38420896329387
STU_010535,83.12851714821403
STU_010536,78.22070945646807
STU_010537,78.72159311876777
STU_010538,74.05761028226564
STU_010539,66.37261281738743
STU_010540,53.986358364308465
STU_010541,87.8484503223718
STU_010542,99.66352448826001
STU_010543,82.69381444171562
STU_010544,71.8227582551052
STU_010545,85.37408638255121
STU_010546,72.40578254090234
STU_010547,79.93399974180475
STU_010548,99.11396296565962
STU_010549,66.1389416886295
STU_010550,79.28108856890373
STU_010551,66.37800473683342
STU_010552,93.34071407041182
STU_010553,99.444506969614
STU_010554,89.02223250323416
STU_010555,80.80943034082689
STU_010556,62.84863917951863
STU_010557,78.5980310598081
STU_010558,76.98757299977804
STU_010559,69.83637467975201
STU_010560,79.24416658615408
STU_010561,95.80570329634565
STU_010562,61.17986530854426
STU_010563,64.5663854924445
STU_010564,61.50436662589132
STU_010565,84.8733990775341
STU_010566,68.38395703078037
STU_010567,71.49506914950258
STU_010568,79.42459622673775
STU_010569,91.4357770238226
STU_010570,57.510371137452
STU_010571,94.84854190284724
STU_010572,74.54136579864952
STU_010573,94.9523046332138
STU_010574,76.12045679019293
STU_010575,69.6010280023814
STU_010576,52.97706254771759
STU_010577,66.3952383042529
STU_010578,69.98264669582717
STU_010579,77.72233599177339
STU_010580,63.56635432426811
STU_010581,51.6618220156544
STU_010582,73.16021651001323
STU_010583,77.11579741334614
STU_010584,92.73421920820763
STU_010585,75.44695696104729
STU_010586,98.34398387041651
STU_010587,73.52389781742389
STU_010588,75.68089168663775
STU_010589,94.88414104024488
STU_010590,91.13989809453795
STU_010591,73.31837636132309
STU_010592,93.809791382059
STU_010593,84.57535629262043
STU_010594,54.4952101215071
STU_010595,77.16557337483891
STU_010596,74.14037018471792
STU_010597,60.05025165398307
STU_010598,93.2479574537958
STU_010599,65.92083577611126
STU_010600,69.30271766472207
STU_010601,82.88456706766738
STU_010602,74.36474334637644
STU_010603,84.14633596300163
STU_010604,74.46665999144824
STU_010605,61.147813419660224
STU_010606,89.30723014304888
STU_010607,85.66197736269028
STU_010608,68.33136262795347
STU_010609,73.98202489083103
STU_010610,76.73790694020697
STU_010611,86.22779106807769
STU_010612,57.229297524869
STU_010613,94.71204426610416
STU_010614,100.0
STU_010615,89.0482234859861
STU_010616,90.23468515026917
STU_010617,60.5842049032141
STU_010618,81.0598373256552
STU_010619,98.66954867629792
STU_010620,64.15094645875429
STU_010621,70.18650292901829
STU_010622,58.78023275614433
STU_010623,84.83045785120336
STU_010624,65.17508028097446
STU_010625,70.75497442524043
STU_010626,90.0663614366357
STU_010627,86.59280472687136
STU_010628,62.9902975548884
STU_010629,84.36262115444626
STU_010630,79.83195162492298
STU_010631,92.98002716408152
STU_010632,67.37833446141843
STU_010633,74.36133908814199
STU_010634,73.331152762995
STU_010635,62.30041590731652
STU_010636,85.76647059149936
STU_010637,66.11787139286439
STU_010638,69.45759526257825
STU_010639,73.45514981726674
STU_010640,59.20449266337136
STU_010641,68.49819696635116
STU_010642,94.71148787227747
STU_010643,89.28304447706502
STU_010644,80.0468964539328
STU_010645,79.17890124929299
STU_010646,95.46654493532465
STU_010647,67.96891546150444
STU_010648,74.37348035970594
STU_010649,76.67918377114478
STU_010650,83.58755909935218
STU_010651,80.98693755144353
STU_010652,69.72841033231367
STU_010653,87.59372511773458
STU_010654,87.83984089822219
STU_010655,86.87492158972867
STU_010656,77.76315508314853
STU_010657,78.21662112604568
STU_010658,73.58850688289105
STU_010659,93.6426667914435
STU_010660,90.81739133220236
STU_010661,73.64909319658467
STU_010662,96.68018661010765
STU_010663,73.35380415817423
STU_010664,77.1380759298448
STU_010665,65.61729109176476
STU_010666,93.71883421343196
STU_010667,83.72164800076601
STU_010668,67.15385231262918
STU_010669,78.14357433607788
STU_010670,89.34839415892284
STU_010671,61.47534386680948
STU_010672,60.20802731155476
STU_010673,86.07069035845493
STU_010674,95.7314688001218
STU_010675,90.52339517415251
STU_010676,71.36087428638282
STU_010677,77.72871080642284
STU_010678,70.39977546019794
STU_010679,74.10476924418472
STU_010680,90.30248628158378
STU_010681,83.44105973767633
STU_010682,55.26403063446554
STU_010683,74.31818472989082
STU_010684,77.2236105937546
STU_010685,85.34226638614325
STU_010686,78.39115670716541
STU_010687,65.62266927170708
STU_010688,95.64602764331661
STU_010689,87.91929767038603
STU_010690,96.8510891731008
STU_010691,77.2271541224077
STU_010692,90.166188242821
STU_010693,71.46194723711056
STU_010694,69.18833455765184
STU_010695,63.09719173928676
STU_010696,53.89132411699762
STU_010697,76.82270601302149
STU_010698,89.07538436961556
STU_010699,83.65408003741086
STU_010700,88.54794333663173
STU_010701,81.37343737381698
STU_010702,70.16851262212329
STU_010703,91.47961026250445
STU_010704,98.56013969144324
STU_010705,79.8056122784768
STU_010706,89.82630385699761
STU_010707,76.64782266597527
STU_010708,79.451268215038
STU_010709,64.45766224034655
STU_010710,57.088452615109205
STU_010711,98.45132216945379
STU_010712,55.629210939855625
STU_010713,91.54042222346807
STU_010714,61.89342465431357
STU_010715,80.74312755017101
STU_010716,54.39631415475574
STU_010717,85.41988378013424
STU_010718,80.43739736768384
STU_010719,82.24143271166037
STU_010720,52.21190411687964
STU_010721,69.22682973759967
STU_010722,99.02543677798064
STU_010723,71.40171191823038
STU_010724,80.25174305138148
STU_010725,65.48177757452642
STU_010726,68.69862152128276
STU_010727,48.8992100833721
STU_010728,70.31602263902742
STU_010729,93.03462264428376
STU_010730,93.80989231249555
STU_010731,69.74535700861401
STU_010732,71.34023818548249
STU_010733,94.47551662151255
STU_010734,85.49679231186173
STU_010735,70.82971199977047
STU_010736,68.11170180819003
STU_010737,63.29843134909451
STU_010738,68.85895804300054
STU_010739,71.7219191124477
STU_010740,69.75391650525022
STU_010741,77.73382410215348
STU_010742,65.87218044000669
STU_010743,96.03935334126572
STU_010744,75.92298092045598
STU_010745,62.720234690243146
STU_010746,73.0909575471496
STU_010747,88.57180701530788
STU_010748,76.63988099415448
STU_010749,86.70113562090644
STU_010750,79.2300676368513
STU_010751,74.42392161618173
STU_010752,71.00554780462681
STU_010753,78.72113257893139
STU_010754,85.43880099382521
STU_010755,63.56104059130391
STU_010756,90.38328735117638
STU_010757,55.85594531647733
STU_010758,84.93932483423353
STU_010759,92.34817481591658
STU_010760,81.79511859254751
STU_010761,75.47704833232805
STU_010762,72.33282674594282
STU_010763,64.44091708087473
STU_010764,53.83696243466645
STU_010765,82.97353298106812
STU_010766,63.98017208186343
STU_010767,70.93013730733256
STU_010768,50.97819453961595
STU_010769,86.179025080825
STU_010770,71.06032869492635
STU_010771,46.66843911224538
STU_010772,69.50687683273365
STU_010773,86.20825000149411
STU_010774,88.25303159836707
STU_010775,92.90999904589003
STU_010776,47.347519435642496
STU_010777,79.40933480269001
STU_010778,56.22661779027857
STU_010779,62.49224201658421
STU_010780,76.56874863831443
STU_010781,82.8065933533012
STU_010782,84.09127049582185
STU_010783,51.98292480826851
STU_010784,74.6901793596343
STU_010785,83.40687606892214
STU_010786,79.09035030663186
STU_010787,72.89664973373932
STU_010788,69.99956821986835
STU_010789,99.40658171372516
STU_010790,62.77165822575749
STU_010791,58.9602401056771
STU_010792,91.48237680479586
STU_010793,86.36530480546934
STU_010794,61.86904044008779
STU_010795,77.04195728136986
STU_010796,80.89377398427767
STU_010797,56.65031620303709
STU_010798,62.682092920522436
STU_010799,87.0950516999154
STU_010800,63.363566962854215
STU_010801,69.86704759928837
STU_010802,84.81849076179788
STU_010803,78.78076256997826
STU_010804,57.62799495491839
STU_010805,72.22389741480758
STU_010806,84.3345773240099
STU_010807,95.51266384987893
STU_010808,68.39062849741292
STU_010809,98.93357428017976
STU_010810,85.53879143581878
STU_010811,76.21461929302109
STU_010812,80.82134238288059
STU_010813,97.9216392903228
STU_010814,68.53441505793423
STU_010815,85.14318563381843
STU_010816,98.90042476350018
STU_010817,86.8226008158538
STU_010818,83.43379547389613
STU_010819,85.5207748197983
STU_010820,96.4287356773034
STU_010821,97.03830755236348
STU_010822,65.15829582639395
STU_010823,94.25082255872287
STU_010824,89.23316363759473
STU_010825,88.24899134679647
STU_010826,82.16642727974042
STU_010827,59.5288465634565
STU_010828,67.78526484350789
STU_010829,69.48323037875905
STU_010830,76.39523360213153
STU_010831,91.3657277871315
STU_010832,95.58753295090156
STU_010833,84.26044198196016
STU_010834,69.37086696550097
STU_010835,80.93007509751794
STU_010836,86.88566414884303
STU_010837,74.74821076203455
STU_010838,90.89889091824662
STU_010839,67.09708821142607
STU_010840,79.82865128013843
STU_010841,88.93810982549226
STU_010842,91.14493115252465
STU_010843,73.2721491109258
STU_010844,58.47773000962957
STU_010845,90.8800024958372
STU_010846,82.27450389310991
STU_010847,100.0
STU_010848,78.13550305901761
STU_010849,76.50856334538224
STU_010850,64.58356185320002
STU_010851,93.89097435137592
STU_010852,69.27611696854555
STU_010853,89.19282420282497
STU_010854,87.17025226944257
STU_010855,69.88815749850644
STU_010856,58.24652540007972
STU_010857,64.58301478747744
STU_010858,54.4292835120741
STU_010859,65.51011005443654
STU_010860,95.3997044933467
STU_010861,75.59040780979014
STU_010862,68.45654524510073
STU_010863,76.27033014298044
STU_010864,86.80720199406608
STU_010865,74.49860468693338
STU_010866,90.47741380961048
STU_010867,56.81396371117667
STU_010868,68.06517160111673
STU_010869,80.08437369916493
STU_010870,69.27253305539566
STU_010871,86.13390485756747
STU_010872,88.40991031991705
STU_010873,52.81967252114282
STU_010874,66.34811376249033
STU_010875,84.87861165159205
STU_010876,71.85433544453346
STU_010877,73.53937895815137
STU_010878,75.5860644880892
STU_010879,65.65394599827899
STU_010880,85.54437619229651
STU_010881,97.02064961556333
STU_010882,79.37753445581822
STU_010883,83.33900429979869
STU_010884,60.48639686094034
STU_010885,69.96581516015942
STU_010886,97.08275081902647
STU_010887,59.941176192920885
STU_010888,89.13291409503148
STU_010889,93.67489784142839
STU_010890,78.80671248579472
STU_010891,96.22263875755985
STU_010892,83.16026281350818
STU_010893,73.33140794385528
STU_010894,85.24719001902625
STU_010895,68.70314124703282
STU_010896,75.87292212762834
STU_010897,66.76390688081722
STU_010898,84.6157486494761
STU_010899,62.132919214695335
STU_010900,68.06572863098862
STU_010901,64.78778060306416
STU_010902,90.78881277915477
STU_010903,56.25621693021931
STU_010904,73.6504946342914
STU_010905,67.30253077660274
STU_010906,55.54870350341563
STU_010907,93.15855683518797
STU_010908,89.07630750055453
STU_010909,87.22722487339409
STU_010910,83.3094362794913
STU_010911,78.36612296828508
STU_010912,91.55800874273443
STU_010913,78.75851930071842
STU_010914,89.30374548788598
STU_010915,77.96546965759678
STU_010916,68.2797750208341
STU_010917,79.66388426793436
STU_010918,80.40618063849888
STU_010919,90.19731144049328
STU_010920,71.25483379546803
STU_010921,80.76361863276061
STU_010922,77.39866497743914
STU_010923,90.58940456920323
STU_010924,92.15751058669147
STU_010925,68.51969570538434
STU_010926,91.42118175333137
STU_010927,63.6834968122656
STU_010928,75.99305132398017
STU_010929,68.60137981582479
STU_010930,92.42877402737551
STU_010931,73.6335322615366
STU_010932,84.41193908388398
STU_010933,80.43516094556517
STU_010934,90.77998146216744
STU_010935,70.98730093419252
STU_010936,65.375674038233
STU_010937,74.3229678177557
STU_010938,60.09352894147281
STU_010939,79.85980483809378
STU_010940,52.72903366664242
STU_010941,92.44971724263905
STU_010942,79.77519759108094
STU_010943,60.61743736158036
STU_010944,59.3414405063762
STU_010945,75.0286175215642
STU_010946,81.87205825472682
STU_010947,74.77010871712515
STU_010948,85.79409181397182
STU_010949,94.51817914172202
STU_010950,67.75235942071072
STU_010951,75.62950735360907
STU_010952,64.78178357137617
STU_010953,87.47800037977748
STU_010954,53.06827484629592
STU_010955,62.58001494710636
STU_010956,95.20727153547139
STU_010957,86.09349681373342
STU_010958,67.34332831194381
STU_010959,89.558029260296
STU_010960,83.5365098180863
STU_010961,75.30141604051518
STU_010962,88.83884310013704
STU_010963,70.24486154616528
STU_010964,81.17845154371811
STU_010965,65.34429880211391
STU_010966,58.081506079270596
STU_010967,71.82313570481698
STU_010968,67.43905055685809
STU_010969,59.66448568408929
STU_010970,83.02947141502426
STU_010971,71.96762079086108
STU_010972,72.29402076985491
STU_010973,74.26873793340107
STU_010974,63.11260723967389
STU_010975,80.98439342496053
STU_010976,82.24319051291413
STU_010977,87.85415590657831
STU_010978,96.55954620510195
STU_010979,73.47983525186812
STU_010980,79.29539191124537
STU_010981,87.85690366879302
STU_010982,71.52200840941667
STU_010983,73.76831994112092
STU_010984,75.95888876885681
STU_010985,55.621398033416895
STU_010986,93.7798442470517
STU_010987,91.37246044545319
STU_010988,68.20211380784362
STU_010989,86.99241929498072
STU_010990,82.5971224261548
STU_010991,60.93535554681975
STU_010992,77.08780141157568
STU_010993,74.14690277566243
STU_010994,78.91759056385507
STU_010995,99.64350790204274
STU_010996,57.867654499045585
STU_010997,68.59088593663303
STU_010998,68.35416673006266
STU_010999,67.64660753602786
STU_011000,77.76045088440068
STU_011001,60.438958779906656
STU_011002,80.4974874530428
STU_011003,62.262917739776015
STU_011004,79.44025137822618
STU_011005,71.77544243908129
STU_011006,85.71289512423321
STU_011007,67.51332664747963
STU_011008,79.1557517695683
STU_011009,94.08877494455135
STU_011010,97.31624308707195
STU_011011,67.28295672218914
STU_011012,80.65227072988739
STU_011013,55.227468028994636
STU_011014,62.96442510042425
STU_011015,94.3879411511093
STU_011016,65.14943707192602
STU_011017,75.07566701409999
STU_011018,90.41393919375838
STU_011019,65.69496954359626
STU_011020,91.67531197117407
STU_011021,68.01378263177271
STU_011022,84.40694061767917
STU_011023,73.59150669629173
STU_011024,80.66336221579819
STU_011025,67.00284844167493
STU_011026,78.25050520901937
STU_011027,78.35383862219436
STU_011028,91.4173363932529
STU_011029,84.78119539173012
STU_011030,63.4263978110653
STU_011031,63.04727469860853
STU_011032,63.60575958037373
STU_011033,58.39016834822938
STU_011034,73.27545695682873
STU_011035,83.6643019702833
STU_011036,97.1306655623654
STU_011037,94.33941009128034
STU_011038,83.5090625906967
STU_011039,59.08009066176062
STU_011040,80.12741000485286
STU_011041,58.305122070480806
STU_011042,63.85631713189801
STU_011043,66.56296039484424
STU_011044,62.742160235803055
STU_011045,95.00438139447537
STU_011046,81.06509450732452
STU_011047,83.58467380796205
STU_011048,63.29154363910182
STU_011049,83.03248504780942
STU_011050,78.3889208255294
STU_011051,86.61636167104425
STU_011052,98.31874664785991
STU_011053,53.66362923713422
STU_011054,69.1900211938239
STU_011055,63.24906865043748
STU_011056,59.79666586719344
STU_011057,88.40332128516305
STU_011058,100.0
STU_011059,100.0
STU_011060,68.59725572567673
STU_011061,66.38109025183999
STU_011062,60.7097457214299
STU_011063,82.89535530572192
STU_011064,71.54844110066577
STU_011065,71.72460027064217
STU_011066,72.77163638584827
STU_011067,86.10907903842912
STU_011068,97.76831991256998
STU_011069,93.18849686315389
STU_011070,68.26741690195513
STU_011071,91.84491942889395
STU_011072,92.43753211984865
STU_011073,76.68910259165597
STU_011074,89.79284515366382
STU_011075,73.84368041753717
STU_011076,95.6323531344419
STU_011077,75.70501248645533
STU_011078,71.68462772919361
STU_011079,67.86854139658712
STU_011080,60.55562922514632
STU_011081,87.36653281843661
STU_011082,55.07942289300995
STU_011083,93.80591045403682
STU_011084,77.6252648339156
STU_011085,90.7533567533973
STU_011086,65.72552865872566
STU_011087,71.76779398433291
STU_011088,77.32537889019542
STU_011089,86.10786401630203
STU_011090,88.1519237058646
STU_011091,79.98552804362279
STU_011092,65.38957277425371
STU_011093,80.32144448768408
STU_011094,58.48419920656346
STU_011095,82.17934722697717
STU_011096,65.29716032870031
STU_011097,90.0343187144922
STU_011098,89.38697453811332
STU_011099,86.41425167911387
STU_011100,62.50158185454368
STU_011101,64.31508091492768
STU_011102,77.83835369775214
STU_011103,69.02710529392078
STU_011104,93.77378215356633
STU_011105,75.98779728925356
STU_011106,80.76076494547303
STU_011107,61.41749245026399
STU_011108,80.29365334572861
STU_011109,89.56302573663137
STU_011110,98.35913335937663
STU_011111,73.24872308498237
STU_011112,79.49476352081517
STU_011113,84.87195953278137
STU_011114,86.38467063335872
STU_011115,89.90900517353262
STU_011116,80.99632406014214
STU_011117,70.1064395733134
STU_011118,71.63946060032643
STU_011119,79.08644074776011
STU_011120,79.72690924397168
STU_011121,71.92933216870271
STU_011122,63.72896429584696
STU_011123,95.82825492304987
STU_011124,64.61539338855954
STU_011125,97.40726215741996
STU_011126,83.79366386157773
STU_011127,76.36995836874883
STU_011128,70.3250902679451
STU_011129,87.80178084631794
STU_011130,63.159791126561785
STU_011131,84.6247109590512
STU_011132,71.32404473156072
STU_011133,81.79638543483307
STU_011134,52.57868503426319
STU_011135,51.99905686901242
STU_011136,89.72720475301617
STU_011137,75.61143479087569
STU_011138,100.0
STU_011139,71.70181850096748
STU_011140,84.7143095587189
STU_011141,55.697255815941446
STU_011142,88.77223692293319
STU_011143,81.99956816848109
STU_011144,67.47885327085785
STU_011145,61.50612647915669
STU_011146,67.58707374070241
STU_011147,93.1345297867097
STU_011148,87.61997228232794
STU_011149,85.13278908682003
STU_011150,84.39636951747369
STU_011151,93.70897947240488
STU_011152,62.98659333411135
STU_011153,73.36139070430778
STU_011154,75.57231974838103
STU_011155,70.92212270699952
STU_011156,77.2847489528959
STU_011157,61.22445565006912
STU_011158,71.07515987105536
STU_011159,68.84690403129859
STU_011160,58.78544184798065
STU_011161,85.60054985886991
STU_011162,70.613678919981
STU_011163,72.67580410646974
STU_011164,87.40583189687656
STU_011165,76.64939097874877
STU_011166,77.74821107675261
STU_011167,64.46165183458311
STU_011168,83.02451108628084
STU_011169,89.59107130768433
STU_011170,63.46449799854606
STU_011171,74.07477499910708
STU_011172,97.03874737837188
STU_011173,94.02786598510471
STU_011174,71.04526877162724
STU_011175,67.42778641338606
STU_011176,80.11711595037815
STU_011177,73.02705228359885
STU_011178,87.41732425999568
STU_011179,84.06475052626908
STU_011180,71.51485834952342
STU_011181,80.3147296332439
STU_011182,93.99564669188527
STU_011183,57.34101554488497
STU_011184,75.67165940884921
STU_011185,78.92085141030987
STU_011186,49.00522763318344
STU_011187,84.78413021141603
STU_011188,75.91851799341978
STU_011189,47.71127767910429
STU_011190,80.67426114402579
STU_011191,94.37543862525246
STU_011192,79.91926366658299
STU_011193,73.12966544003936
STU_011194,87.63673851656208
STU_011195,83.10994597424687
STU_011196,86.07250498472328
STU_011197,98.0261174826257
STU_011198,82.45935949268849
STU_011199,92.50571196708978
STU_011200,77.39832571291936
STU_011201,49.68210318830644
STU_011202,63.47399216088416
STU_011203,79.09950813621928
STU_011204,84.90822864860492
STU_011205,87.34780599319748
STU_011206,83.90079930834627
STU_011207,58.32712651567054
STU_011208,73.27965725982556
STU_011209,77.34894386745115
STU_011210,74.33961522440939
STU_011211,80.26813345643768
STU_011212,72.80740952399267
STU_011213,84.24381973448212
STU_011214,58.82281033681861
STU_011215,90.58182211502333
STU_011216,61.97813178615702
STU_011217,98.58585665552349
STU_011218,68.7644129530082
STU_011219,87.7035488000973
STU_011220,68.81861348884343
STU_011221,82.90112422370129
STU_011222,87.42339811591543
STU_011223,68.65008569167497
STU_011224,99.37861218509684
STU_011225,50.96736248317005
STU_011226,83.09836056449475
STU_011227,57.74302238271724
STU_011228,93.53838084583234
STU_011229,79.24279605865159
STU_011230,80.45197059577313
STU_011231,92.40069370317663
STU_011232,86.30233214936516
STU_011233,76.02926162390773
STU_011234,81.13124647688483
STU_011235,91.9311555686652
STU_011236,64.87434426633776
STU_011237,61.90944282913798
STU_011238,65.97481820843964
STU_011239,81.94313329792553
STU_011240,85.26255114125351
STU_011241,97.20452892108793
STU_011242,62.93669048181658
STU_011243,66.80392344807501
STU_011244,53.59243576014113
STU_011245,74.74047073908625
STU_011246,78.64965278910218
STU_011247,86.30041114223528
STU_011248,74.017343619652
STU_011249,77.5585639122587
STU_011250,73.85944797899134
STU_011251,74.30476135963947
STU_011252,75.53566004026484
STU_011253,79.57231319308953
STU_011254,96.83576760118933
STU_011255,83.82624701205474
STU_011256,76.47305683863594
STU_011257,51.14960398053938
STU_011258,78.51698865315349
STU_011259,73.69035725185756
STU_011260,100.0
STU_011261,64.59760161387827
STU_011262,84.98180852900637
STU_011263,59.39785440052341
STU_011264,52.53448627404042
STU_011265,79.66359338897747
STU_011266,80.99710514636257
STU_011267,90.98777185140393
STU_011268,66.16690858985638
STU_011269,87.89651996645767
STU_011270,77.02320674626802
STU_011271,80.0827992696611
STU_011272,89.33099551073953
STU_011273,75.48362841274489
STU_011274,86.01245928282742
STU_011275,74.57869094456902
STU_011276,82.8885920339886
STU_011277,75.24906127021376
STU_011278,71.95001457865678
STU_011279,97.05679382548888
STU_011280,75.4305923363816
STU_011281,72.46992171908327
STU_011282,89.65790995790957
STU_011283,78.63602714996782
STU_011284,59.50964112020425
STU_011285,90.3433284918863
STU_011286,80.24664624402024
STU_011287,74.49292821948016
STU_011288,73.30794976775647
STU_011289,65.68629471687986
STU_011290,69.73563290884127
STU_011291,80.21788910690944
STU_011292,45.655059043658476
STU_011293,89.74688426442921
STU_011294,70.0322104844383
STU_011295,78.40344987739084
STU_011296,96.12975597121742
STU_011297,73.45994230550205
STU_011298,59.793793115137134
STU_011299,83.99726527112138
STU_011300,88.87856014846909
STU_011301,100.0
STU_011302,70.93812042188188
STU_011303,80.67957714978976
STU_011304,84.3206019923514
STU_011305,70.06562027307035
STU_011306,76.21390096351254
STU_011307,64.02738016519073
STU_011308,54.853737464001554
STU_011309,81.31158368827504
STU_011310,54.933032037706276
STU_011311,86.12604832748183
STU_011312,68.4791564171642
STU_011313,88.59949623678537
STU_011314,62.770836311153246
STU_011315,79.89811798368136
STU_011316,61.70361288778412
STU_011317,76.1916639880521
STU_011318,65.57849463213066
STU_011319,87.52023996182366
STU_011320,59.36641990686774
STU_011321,84.7050768682555
STU_011322,61.333590708391256
STU_011323,49.97841570681037
STU_011324,61.600871560535126
STU_011325,59.111570550949985
STU_011326,79.47892067347976
STU_011327,81.66066109402433
STU_011328,90.58029926532785
STU_011329,58.679822205274
STU_011330,52.31280590793598
STU_011331,59.38172758134934
STU_011332,86.22273330060528
STU_011333,68.77847312022367
STU_011334,86.85044086500017
STU_011335,68.74173494321983
STU_011336,63.19027561753222
STU_011337,80.21764108949276
STU_011338,88.88705673890622
STU_011339,69.26395732716749
STU_011340,73.96859287586142
STU_011341,96.61427765947458
STU_011342,82.95058056964564
STU_011343,85.78663642198418
STU_011344,46.27287937727395
STU_011345,70.44052963408997
STU_011346,74.0939763544384
STU_011347,98.37201339440843
STU_011348,81.68572337432134
STU_011349,100.0
STU_011350,65.699064346371
STU_011351,74.69742139922948
STU_011352,82.87319843815766
STU_011353,68.7578113034421
STU_011354,92.35699706952053
STU_011355,68.72159425770532
STU_011356,80.992967637209
STU_011357,69.20307450320135
STU_011358,93.63787796212894
STU_011359,100.0
STU_011360,100.0
STU_011361,64.87705790701752
STU_011362,79.69048053537165
STU_011363,99.9287463970663
STU_011364,87.36692985936406
STU_011365,65.423757441037
STU_011366,85.30922000710089
STU_011367,75.99727456873308
STU_011368,84.6704928931569
STU_011369,72.56455789533476
STU_011370,82.34657587716649
STU_011371,69.97192870728283
STU_011372,90.74822202879248
STU_011373,63.78106424285296
STU_011374,78.23822645525661
STU_011375,86.9574331656209
STU_011376,53.32977337880691
STU_011377,100.0
STU_011378,87.73789096089678
STU_011379,81.23419277515613
STU_011380,77.99633927157836
STU_011381,60.87415667840199
STU_011382,80.18464225894533
STU_011383,93.05588642385061
STU_011384,70.98920062151055
STU_011385,83.67027699861674
STU_011386,75.15404757775262
STU_011387,55.51091632977672
STU_011388,63.377926217582484
STU_011389,61.06783591500269
STU_011390,83.28262231293198
STU_011391,53.227907024049955
STU_011392,71.03460481600219
STU_011393,72.40086257835569
STU_011394,80.11024466253954
STU_011395,85.82082836699463
STU_011396,87.98201610501513
STU_011397,67.3826776690455
STU_011398,100.0
STU_011399,72.23195396559288
STU_011400,75.32702467269591
STU_011401,72.30036736584172
STU_011402,76.5395213145687
STU_011403,78.21095494445888
STU_011404,100.0
STU_011405,79.29840379789013
STU_011406,86.93666334506227
STU_011407,92.07031389953269
STU_011408,77.50463487431234
STU_011409,83.32349829503458
STU_011410,73.17170922215138
STU_011411,92.74416909635436
STU_011412,76.1841985563357
STU_011413,66.17906872481416
STU_011414,90.95312409859649
STU_011415,78.38449853868289
STU_011416,94.63305382700383
STU_011417,78.58979221242211
STU_011418,61.722352328641875
STU_011419,73.60021854829317
STU_011420,89.08777968222014
STU_011421,87.15689475679301
STU_011422,73.94864938712135
STU_011423,65.63835676243737
STU_011424,74.59885064042957
STU_011425,70.98253274397004
STU_011426,98.15014564157606
STU_011427,66.04069231916134
STU_011428,90.58781592223542
STU_011429,76.82256242063521
STU_011430,76.82330076194584
STU_011431,80.0180628703978
STU_011432,64.96017114214499
STU_011433,90.29753162375538
STU_011434,92.1511394623581
STU_011435,73.54058183231326
STU_011436,90.28202201326923
STU_011437,64.06769380185101
STU_011438,65.81106822122428
STU_011439,75.27780160443339
STU_011440,66.69209465670446
STU_011441,78.3185874833264
STU_011442,77.82543597277179
STU_011443,69.69413346947479
STU_011444,79.07078888199682
STU_011445,69.6702645005206
STU_011446,55.68015208505792
STU_011447,94.11863928971096
STU_011448,63.499116202086
STU_011449,73.757373882516
STU_011450,77.71312764804418
STU_011451,78.31079718711023
STU_011452,68.59421386246397
STU_011453,68.13589275070935
STU_011454,66.98780405794245
STU_011455,51.256235794180604
STU_011456,91.98384424501958
STU_011457,70.64823503021266
STU_011458,97.71927280179031
STU_011459,72.67673267375838
STU_011460,84.33884531829432
STU_011461,78.05672186217917
STU_011462,83.12787317320985
STU_011463,82.88477031227555
STU_011464,75.39829286172578
STU_011465,70.3772011785013
STU_011466,80.4989549619531
STU_011467,79.47049094989156
STU_011468,64.55557765476414
STU_011469,70.4268891178983
STU_011470,94.07519570737497
STU_011471,66.2308373654748
STU_011472,72.51246088182391
STU_011473,77.38026965029208
STU_011474,90.80628715382858
STU_011475,88.55476775835119
STU_011476,94.38107916406801
STU_011477,99.74589775272943
STU_011478,51.43390841144398
STU_011479,62.5150678068665
STU_011480,96.94393089803495
STU_011481,70.97480269361441
STU_011482,58.995115528816456
STU_011483,92.24401742209452
STU_011484,76.1030708612299
STU_011485,80.34927125850137
STU_011486,57.75772829447308
STU_011487,83.23926777658323
STU_011488,76.75727472142694
STU_011489,68.63898612289627
STU_011490,80.77907004259416
STU_011491,58.503525749982664
STU_011492,79.18056554601938
STU_011493,94.81885027108365
STU_011494,83.67749084653568
STU_011495,81.4839573347976
STU_011496,90.2604619044554
STU_011497,78.23482427684539
STU_011498,77.66032005607757
STU_011499,83.77451355079913
STU_011500,75.61828043417091
STU_011501,62.75665047583334
STU_011502,51.17973421584923
STU_011503,88.93340011403143
STU_011504,60.367331807908954
STU_011505,70.30012118422053
STU_011506,57.579551754741786
STU_011507,69.54852838905113
STU_011508,81.3542121370181
STU_011509,66.65585193477261
STU_011510,81.65859480928017
STU_011511,94.35438931964286
STU_011512,52.885803020292784
STU_011513,79.48998227203711
STU_011514,77.684979238924
STU_011515,70.25599609476188
STU_011516,83.98815330868088
STU_011517,84.43939664408846
STU_011518,95.07604114969844
STU_011519,63.520566598392044
STU_011520,50.92985506915345
STU_011521,52.93455498877392
STU_011522,100.0
STU_011523,78.07497743757648
STU_011524,87.13296928241365
STU_011525,100.0
STU_011526,83.98816107834031
STU_011527,90.94852447829432
STU_011528,86.83643065410551
STU_011529,80.74695761210123
STU_011530,67.68435617898292
STU_011531,79.44206137298869
STU_011532,77.37404161184712
STU_011533,79.82527715120763
STU_011534,75.82239205676923
STU_011535,68.2499869053384
STU_011536,60.124334019293386
STU_011537,52.68935684379277
STU_011538,73.60145665522018
STU_011539,73.3144754055244
STU_011540,79.76331925347914
STU_011541,80.72549622240476
STU_011542,63.895776470930755
STU_011543,78.55731543052971
STU_011544,83.56799439161031
STU_011545,91.77148522292491
STU_011546,61.546493423970624
STU_011547,91.98422823338163
STU_011548,79.74037064147889
STU_011549,62.9846587820596
STU_011550,83.95374683986282
STU_011551,70.98623803693096
STU_011552,56.0816959468133
STU_011553,74.8054189595858
STU_011554,81.53198795807121
STU_011555,84.84261057886047
STU_011556,98.88910855277845
STU_011557,62.258089694046475
STU_011558,99.083754190308
STU_011559,91.93621648041679
STU_011560,100.0
STU_011561,71.66787909475073
STU_011562,99.2267565775785
STU_011563,94.42892609738266
STU_011564,60.3579203771844
STU_011565,76.50273306416555
STU_011566,70.05585809594957
STU_011567,61.81767892307605
STU_011568,57.36857035906404
STU_011569,81.6520017769403
STU_011570,98.49452291222953
STU_011571,77.11360307014156
STU_011572,87.76687383507432
STU_011573,72.09410826864688
STU_011574,70.54468514485228
STU_011575,69.77338113252146
STU_011576,80.45341470181963
STU_011577,62.653401558201445
STU_011578,68.30389670686823
STU_011579,70.5559662706862
STU_011580,88.89670496466827
STU_011581,66.43904220761459
STU_011582,82.02273685304759
STU_011583,68.96470603565992
STU_011584,89.03282631262007
STU_011585,80.70066485783367
STU_011586,84.11236734697388
STU_011587,90.88787389873139
STU_011588,92.09484952568187
STU_011589,85.76964472958554
STU_011590,70.28104893968992
STU_011591,60.777085247083804
STU_011592,92.69891395561925
STU_011593,76.67783424874008
STU_011594,97.3016875477096
STU_011595,88.60353989481749
STU_011596,77.23410737801859
STU_011597,70.26909161530321
STU_011598,79.29115482200552
STU_011599,64.20515209420064
STU_011600,62.37761840974093
STU_011601,74.41916311800362
STU_011602,89.44277788345917
STU_011603,60.69637770810025
STU_011604,86.4230911299355
STU_011605,82.50840976947694
STU_011606,67.3903472052541
STU_011607,95.47607730721919
STU_011608,88.26277038920747
STU_011609,64.16827738257
STU_011610,82.14993193229904
STU_011611,55.77402134481565
STU_011612,83.3234072691215
STU_011613,66.9723146639182
STU_011614,63.020466336671966
STU_011615,89.65283871278915
STU_011616,87.8179072124426
STU_011617,71.95684709043785
STU_011618,69.18022970860996
STU_011619,79.49773205097726
STU_011620,58.717346536927735
STU_011621,72.09099838557138
STU_011622,73.93013681136495
STU_011623,56.285661494644685
STU_011624,91.29414212405064
STU_011625,97.88484494958766
STU_011626,80.27762485213925
STU_011627,69.72752747932886
STU_011628,68.54150996688999
STU_011629,70.22497626404893
STU_011630,95.53556138814591
STU_011631,54.89773358845587
STU_011632,60.35973102869342
STU_011633,100.0
STU_011634,48.82956484350181
STU_011635,94.61578677871816
STU_011636,62.47743293752735
STU_011637,73.08206598666848
STU_011638,83.61823412669153
STU_011639,87.82427786414219
STU_011640,88.54114844931374
STU_011641,76.33630730920493
STU_011642,79.06465106767921
STU_011643,66.0360076727587
STU_011644,93.59317087707392
STU_011645,96.20674981912248
STU_011646,74.43259611919468
STU_011647,77.85281642309269
STU_011648,74.77870842343691
STU_011649,82.42651435887234
STU_011650,85.16321309926985
STU_011651,68.26232570599389
STU_011652,57.30156534698028
STU_011653,100.0
STU_011654,66.25254767523667
STU_011655,73.26846486339016
STU_011656,60.12074501651766
STU_011657,40.75139686240836
STU_011658,98.25293493792935
STU_011659,63.646316933145684
STU_011660,78.49478913046046
STU_011661,100.0
STU_011662,87.63030736380657
STU_011663,91.02052882324486
STU_011664,92.18461944766399
STU_011665,65.5734211155497
STU_011666,75.62501857636005
STU_011667,61.79382225531482
STU_011668,79.1303357769908
STU_011669,65.44298274829877
STU_011670,85.98699145169957
STU_011671,80.59930116482721
STU_011672,90.51903505310364
STU_011673,73.44279914058494
STU_011674,64.68575289295723
STU_011675,87.01665649650421
STU_011676,73.97503888573691
STU_011677,78.40499246177826
STU_011678,54.523825226917545
STU_011679,93.19177996153543
STU_011680,89.5873512303622
STU_011681,96.90399241306068
STU_011682,47.217647010471055
STU_011683,75.26874183150827
STU_011684,64.95469293821067
STU_011685,62.39763143541683
STU_011686,77.17408185170112
STU_011687,87.17350942275843
STU_011688,89.89015384393956
STU_011689,72.31604055589982
STU_011690,72.76607255446001
STU_011691,95.5768134774838
STU_011692,79.31389900074295
STU_011693,90.48450259376048
STU_011694,93.08149784924568
STU_011695,90.77076472372
STU_011696,89.877379297838
STU_011697,72.28323328278388
STU_011698,67.00443257164208
STU_011699,81.63176143921368
STU_011700,59.9045365827821
STU_011701,69.63501480398519
STU_011702,84.48408579383464
STU_011703,86.55378698438221
STU_011704,80.10549923421597
STU_011705,75.38474871029712
STU_011706,89.54205915503701
STU_011707,72.70762495946104
STU_011708,77.70703351108348
STU_011709,84.93277269167712
STU_011710,83.71523936775436
STU_011711,77.90126907252191
STU_011712,58.13873904420496
STU_011713,93.32783614443098
STU_011714,77.54489601200368
STU_011715,84.93739154679764
STU_011716,81.43064822962498
STU_011717,71.78419197797983
STU_011718,86.24937783637824
STU_011719,76.58308117115357
STU_011720,95.62595685529425
STU_011721,65.10129487072648
STU_011722,68.22120277305997
STU_011723,72.81347395613061
STU_011724,92.74851974587637
STU_011725,81.24139255402744
STU_011726,56.69059588896938
STU_011727,61.38421757691813
STU_011728,58.66257452022958
STU_011729,79.14574478627004
STU_011730,73.7069709532469
STU_011731,94.13156252216314
STU_011732,90.0172001934639
STU_011733,80.45398266718433
STU_011734,91.83359716576348
STU_011735,79.993562454969
STU_011736,70.92408872162076
STU_011737,67.639302778432
STU_011738,86.70101638679378
STU_011739,90.64094126019955
STU_011740,84.77027091411806
STU_011741,79.79890625198762
STU_011742,66.42931940611126
STU_011743,60.01294128466144
STU_011744,73.25550984222481
STU_011745,64.10721504400394
STU_011746,70.75104994709449
STU_011747,86.27747722452119
STU_011748,71.5977019379385
STU_011749,73.57772630667799
STU_011750,96.18654221491019
STU_011751,71.46869644734804
STU_011752,63.86610883415278
STU_011753,50.182926179981436
STU_011754,78.27740853164632
STU_011755,71.84615335594358
STU_011756,83.21951670803752
STU_011757,75.42099488154885
STU_011758,97.70146423733244
STU_011759,74.36627161966338
STU_011760,83.60246411437033
STU_011761,87.89195588481891
STU_011762,74.32466980947247
STU_011763,80.60390634759655
STU_011764,65.93768341929614
STU_011765,79.59172218747123
STU_011766,45.76594561938417
STU_011767,62.35963743974024
STU_011768,87.34517754408643
STU_011769,60.981121004725026
STU_011770,93.46868310977024
STU_011771,69.44416759834232
STU_011772,65.28753666361807
STU_011773,61.707930168438324
STU_011774,65.24260880890661
STU_011775,78.95713259673158
STU_011776,67.26376825350484
STU_011777,72.50740904304227
STU_011778,88.92463383247676
STU_011779,84.41472103251664
STU_011780,72.57274851969942
STU_011781,56.395432612253494
STU_011782,88.72092630241278
STU_011783,72.47278444642401
STU_011784,74.12301352251666
STU_011785,66.92446752450611
STU_011786,81.50979271445806
STU_011787,67.73094806517356
STU_011788,73.94677380370695
STU_011789,61.59299442828187
STU_011790,83.43269343941552
STU_011791,89.70642637625522
STU_011792,78.09461238622147
STU_011793,63.08036233845284
STU_011794,57.10177330941796
STU_011795,63.56553766686873
STU_011796,97.97814559486423
STU_011797,69.91917404535127
STU_011798,66.50323030858141
STU_011799,98.1609275451813
STU_011800,69.04104441489271
STU_011801,87.38760518618045
STU_011802,91.6120029477715
STU_011803,71.69938864685503
STU_011804,74.91428366684129
STU_011805,70.52917972830633
STU_011806,68.1276069605781
STU_011807,86.39004378724186
STU_011808,87.12443421839328
STU_011809,90.17573435603796
STU_011810,89.73069632678116
STU_011811,91.0614588822973
STU_011812,68.5622966210489
STU_011813,70.53342302025774
STU_011814,93.90990270449511
STU_011815,69.60319960120088
STU_011816,78.85885454585977
STU_011817,93.93064327636556
STU_011818,77.15482853841455
STU_011819,76.9133798545827
STU_011820,74.34800777279771
STU_011821,76.4873888025633
STU_011822,97.01038768335974
STU_011823,70.40447189024107
STU_011824,73.60153281759204
STU_011825,80.63593714781692
STU_011826,71.18403381323304
STU_011827,75.88589541190146
STU_011828,74.77881604931383
STU_011829,73.06124990697575
STU_011830,67.14889162341262
STU_011831,67.40750046980797
STU_011832,66.35986406191986
STU_011833,64.46824152671209
STU_011834,64.20705899500729
STU_011835,81.20013898555047
STU_011836,74.60535759239778
STU_011837,73.91774421822737
STU_011838,69.32111774085845
STU_011839,86.79969521574924
STU_011840,84.13896233436566
STU_011841,80.81480344728658
STU_011842,60.88779498159848
STU_011843,56.188741585009595
STU_011844,84.52555345596407
STU_011845,70.70372155387899
STU_011846,87.5751986670617
STU_011847,73.93225098106319
STU_011848,94.3517828164706
STU_011849,79.44671591243774
STU_011850,69.5605094993629
STU_011851,91.73425082370818
STU_011852,90.16492929826943
STU_011853,87.3604367153326
STU_011854,74.70009878211206
STU_011855,89.75137864391245
STU_011856,83.50396909724486
STU_011857,79.09987476306496
STU_011858,87.56281650138433
STU_011859,74.32866053347621
STU_011860,71.82078664005527
STU_011861,65.23849460309268
STU_011862,70.44590781971101
STU_011863,95.47227911807649
STU_011864,52.5518211833606
STU_011865,83.38907832975676
STU_011866,63.810166962981235
STU_011867,84.2147812572159
STU_011868,84.28018205268341
STU_011869,74.13709530757126
STU_011870,89.64206201420328
STU_011871,64.74487880885269
STU_011872,67.14440205259052
STU_011873,79.99423259358561
STU_011874,69.52813345623858
STU_011875,62.30611238598482
STU_011876,68.63014777184078
STU_011877,90.32256333387483
STU_011878,58.24611531986278
STU_011879,80.05083513770192
STU_011880,59.94742344863017
STU_011881,54.54237826707598
STU_011882,84.94069263107104
STU_011883,53.52167401591306
STU_011884,64.3140974506967
STU_011885,59.16179540310736
STU_011886,71.64437584366596
STU_011887,79.97966509020155
STU_011888,75.42341830826949
STU_011889,47.27304388091411
STU_011890,58.431646537374405
STU_011891,84.39877160362198
STU_011892,98.88634740588495
STU_011893,90.01191360067367
STU_011894,75.55555821275574
STU_011895,94.15408609779692
STU_011896,60.11428379462316
STU_011897,68.44931156327182
STU_011898,100.0
STU_011899,58.7869385750964
STU_011900,80.8430148199461
STU_011901,78.93080303460148
STU_011902,58.43994999029799
STU_011903,74.19456963057932
STU_011904,78.37011080408527
STU_011905,74.92762304434416
STU_011906,80.39272350563878
STU_011907,89.02631428692115
STU_011908,91.53732859178444
STU_011909,51.08505734614563
STU_011910,85.12399400348639
STU_011911,74.74506190129883
STU_011912,90.12350813671023
STU_011913,75.94213972918112
STU_011914,88.50716896882017
STU_011915,90.07829985534293
STU_011916,71.65848954830741
STU_011917,89.27377729250114
STU_011918,78.54438752454624
STU_011919,100.0
STU_011920,75.48652350228322
STU_011921,69.79572169835947
STU_011922,77.20815156844432
STU_011923,60.90582693378883
STU_011924,70.49160527311278
STU_011925,40.17937194289867
STU_011926,71.55393074198012
STU_011927,71.20369926647788
STU_011928,70.5819548735259
STU_011929,80.8475500002172
STU_011930,85.92103840230436
STU_011931,85.21448340237531
STU_011932,68.0988730476997
STU_011933,54.885137657765675
STU_011934,79.02433376849879
STU_011935,50.35286291576382
STU_011936,86.93600942964383
STU_011937,72.40265477658856
STU_011938,56.77879038454457
STU_011939,92.78856070933423
STU_011940,79.43769011165902
STU_011941,78.73335372265637
STU_011942,90.88344299317274
STU_011943,75.19343638146404
STU_011944,69.02747036081243
STU_011945,76.34022753760236
STU_011946,97.53050932720717
STU_011947,84.75304060338362
STU_011948,66.71597309294597
STU_011949,81.73524673233548
STU_011950,76.92299795152753
STU_011951,89.58279339235276
STU_011952,69.13382460084394
STU_011953,50.14329626062266
STU_011954,89.50823969900924
STU_011955,59.35708546074482
STU_011956,91.1341021411119
STU_011957,58.874880669023604
STU_011958,94.58291205336664
STU_011959,76.95710339087945
STU_011960,91.61004975881619
STU_011961,91.2279338418
STU_011962,80.12372267471889
STU_011963,91.58698450439891
STU_011964,74.42742554982934
STU_011965,76.68127851815703
STU_011966,90.77161315269754
STU_011967,57.918977405179746
STU_011968,87.82957622052771
STU_011969,51.72134062927069
STU_011970,82.8284009780352
STU_011971,53.68234543391948
STU_011972,85.10375053271858
STU_011973,69.62503358022435
STU_011974,92.94107737618583
STU_011975,75.10880152247374
STU_011976,65.40223881125634
STU_011977,87.56494470313328
STU_011978,61.09518053912111
STU_011979,77.43395329402863
STU_011980,77.8479336828751
STU_011981,78.35064065531537
STU_011982,92.3584477998999
STU_011983,66.80944580453377
STU_011984,83.24562213363868
STU_011985,82.77537976061757
STU_011986,69.03487391227848
STU_011987,58.49276579069557
STU_011988,76.10068842746769
STU_011989,69.13246946269533
STU_011990,91.47450815457842
STU_011991,65.88236096744834
STU_011992,45.124530178707
STU_011993,71.43120972038973
STU_011994,64.71509067992312
STU_011995,69.37446340979864
STU_011996,72.87565162165458
STU_011997,87.84361669922562
STU_011998,95.14815911643603
STU_011999,100.0
STU_012000,90.32811906216634
STU_012001,87.9509923182948
STU_012002,73.64695987238859
STU_012003,76.05133421785968
STU_012004,69.20126809089138
STU_012005,79.76687771225296
STU_012006,92.08111887068229
STU_012007,64.27280420980517
STU_012008,80.92197585141732
STU_012009,68.68277666165888
STU_012010,47.049619576528954
STU_012011,63.2592134484301
STU_012012,72.13041984376027
STU_012013,70.98369249309316
STU_012014,55.181441908758906
STU_012015,68.02222357172873
STU_012016,54.94128450507773
STU_012017,78.34833341459347
STU_012018,85.51680646220126
STU_012019,94.38986285256173
STU_012020,61.94220562333642
STU_012021,62.88783173538523
STU_012022,67.69371012107209
STU_012023,73.94464793484222
STU_012024,91.53032142594424
STU_012025,90.3013077326478
STU_012026,64.54771048335849
STU_012027,88.72849887938169
STU_012028,93.87667516516163
STU_012029,63.96166409196048
STU_012030,84.14910039562932
STU_012031,94.72509246785532
STU_012032,67.81930939854188
STU_012033,70.23423291368802
STU_012034,95.73581002504208
STU_012035,69.01514849010599
STU_012036,68.46319752283637
STU_012037,78.14901336262575
STU_012038,62.98825157275636
STU_012039,70.16659519303612
STU_012040,96.25496083787402
STU_012041,73.9177903916653
STU_012042,89.4452878226061
STU_012043,72.73806201371444
STU_012044,72.74619892213289
STU_012045,55.37054449503621
STU_012046,79.2816779413468
STU_012047,94.72683307627189
STU_012048,56.45384999439851
STU_012049,73.78920355499775
STU_012050,74.6915224406504
STU_012051,37.01002660277126
STU_012052,85.43246097090041
STU_012053,82.70410214096404
STU_012054,70.3470407109225
STU_012055,79.18763873592863
STU_012056,96.19263792683996
STU_012057,88.14159170424497
STU_012058,65.10793264983718
STU_012059,58.67016924801173
STU_012060,72.70823966654851
STU_012061,66.36760314825398
STU_012062,89.52971227548763
STU_012063,55.985121221472504
STU_012064,62.27012834272257
STU_012065,84.51083011406118
STU_012066,72.65140704810725
STU_012067,73.83504072428286
STU_012068,64.83851412470788
STU_012069,68.43912287424567
STU_012070,79.16865220776356
STU_012071,80.1744466884566
STU_012072,70.96590253491495
STU_012073,88.694330719952
STU_012074,86.96872203935845
STU_012075,51.883848650229204
STU_012076,67.67700905929266
STU_012077,65.23476890472602
STU_012078,68.31656516412052
STU_012079,74.06029954430055
STU_012080,76.43698303840064
STU_012081,50.824582257661696
STU_012082,90.87045104794039
STU_012083,65.32438905021053
STU_012084,77.34245701673042
STU_012085,93.31806079072652
STU_012086,82.61696609308582
STU_012087,77.4984055685807
STU_012088,75.2809241277082
STU_012089,75.05151028443471
STU_012090,93.0185717584827
STU_012091,88.33980975207781
STU_012092,81.02558269258655
STU_012093,81.8393538436061
STU_012094,80.38694890313639
STU_012095,70.2650790634298
STU_012096,78.98057766771502
STU_012097,81.46606215176215
STU_012098,63.55856083590607
STU_012099,76.87507179461669
STU_012100,90.31084553535055
STU_012101,89.89858690153105
STU_012102,71.59734809119878
STU_012103,77.1924740643338
STU_012104,64.66849514873891
STU_012105,83.99135162569577
STU_012106,91.2981589459629
STU_012107,81.4894087372834
STU_012108,89.9770189892169
STU_012109,77.1954155962562
STU_012110,76.63044692911136
STU_012111,50.09646881758951
STU_012112,81.56804836869347
STU_012113,85.69692466107617
STU_012114,71.44623397655195
STU_012115,76.77870613509347
STU_012116,71.72737518478058
STU_012117,93.06695162271365
STU_012118,67.70685761865103
STU_012119,89.76863192354854
STU_012120,65.6042891446362
STU_012121,72.7381350020456
STU_012122,65.65688970736976
STU_012123,81.50649155412079
STU_012124,72.3298335707025
STU_012125,81.45874346043121
STU_012126,75.35282070333378
STU_012127,79.51350697820982
STU_012128,75.35680878792222
STU_012129,77.15354765629783
STU_012130,63.035328408935385
STU_012131,50.78222854884032
STU_012132,80.61934400210674
STU_012133,82.03578545623023
STU_012134,61.4427397482694
STU_012135,64.14669498999793
STU_012136,54.444277004394934
STU_012137,67.86985411656357
STU_012138,56.3565652442431
STU_012139,68.39672113240356
STU_012140,77.77869866162052
STU_012141,65.816294695033
STU_012142,82.46110001982069
STU_012143,99.39722914990742
STU_012144,82.21035322482957
STU_012145,77.1943781490457
STU_012146,80.14964833712594
STU_012147,68.58825785461272
STU_012148,75.10565322993645
STU_012149,79.7682759723468
STU_012150,78.44167881504734
STU_012151,82.21498279873445
STU_012152,52.952422161407625
STU_012153,75.52883845311173
STU_012154,79.34964390984923
STU_012155,65.29568338851307
STU_012156,73.07082632613692
STU_012157,81.16547451258589
STU_012158,87.13765732972563
STU_012159,83.97083730620653
STU_012160,96.0710861822048
STU_012161,97.46159818122808
STU_012162,85.17767483120903
STU_012163,99.20460161554503
STU_012164,40.396422422783736
STU_012165,71.73193283324761
STU_012166,66.39864703889802
STU_012167,92.24451062359746
STU_012168,61.258399151014174
STU_012169,60.66518868169946
STU_012170,68.8148516418945
STU_012171,76.22381542180483
STU_012172,89.03737496357726
STU_012173,88.25416773230558
STU_012174,85.42620044401286
STU_012175,80.5438847507407
STU_012176,69.31357884955358
STU_012177,71.06390804349961
STU_012178,88.84495738430294
STU_012179,68.00391383666182
STU_012180,81.66688340921408
STU_012181,94.73501696787073
STU_012182,78.22775951367703
STU_012183,89.67297244088998
STU_012184,77.1405543389497
STU_012185,74.10660195405059
STU_012186,92.23777110860325
STU_012187,49.54145595798039
STU_012188,61.4198685767729
STU_012189,61.22251039085013
STU_012190,87.4273037874099
STU_012191,72.98880534976857
STU_012192,70.90165231702944
STU_012193,63.339057329341635
STU_012194,77.85324473902818
STU_012195,65.9073915760882
STU_012196,50.08563566327023
STU_012197,84.35166936825823
STU_012198,67.41492593887374
STU_012199,78.3911243788061
STU_012200,55.446618674932054
STU_012201,72.90769023705732
STU_012202,83.11008702473589
STU_012203,89.6636114389633
STU_012204,71.32062940351655
STU_012205,76.76792574572947
STU_012206,85.02389164550418
STU_012207,90.83631945259567
STU_012208,74.32386620450778
STU_012209,61.69494359047245
STU_012210,76.85053763195285
STU_012211,79.34702716652839
STU_012212,71.13142835135193
STU_012213,82.13929961443694
STU_012214,64.41678541543462
STU_012215,61.561971290918805
STU_012216,78.51781645322188
STU_012217,91.50392160072485
STU_012218,100.0
STU_012219,70.11407077391884
STU_012220,59.87273350470099
STU_012221,74.57665813525315
STU_012222,65.264632860705
STU_012223,66.12054049764811
STU_012224,70.03685850297637
STU_012225,84.49528640972163
STU_012226,75.53445660939484
STU_012227,75.70010407378967
STU_012228,62.184622791194
STU_012229,83.63329566782805
STU_012230,83.08598039361314
STU_012231,63.856605264477956
STU_012232,79.75994676224657
STU_012233,81.9390453041527
STU_012234,65.59846376569881
STU_012235,68.22902273361072
STU_012236,97.41986876190958
STU_012237,75.95095762792204
STU_012238,68.2416056774036
STU_012239,73.06330840620586
STU_012240,75.79077277899643
STU_012241,87.74193367400375
STU_012242,76.98172773919002
STU_012243,49.931576449524094
STU_012244,56.47249977480011
STU_012245,69.57511324316144
STU_012246,63.72912236836453
STU_012247,58.89810606956908
STU_012248,87.68331373871035
STU_012249,85.49361795879975
STU_012250,88.46937246711292
STU_012251,70.67016542393242
STU_012252,61.54939636058508
STU_012253,59.0263352447531
STU_012254,56.331083786301264
STU_012255,79.0407622973695
STU_012256,69.81322711252984
STU_012257,82.5353454774538
STU_012258,78.18780297805846
STU_012259,79.39969760030222
STU_012260,88.12383463294607
STU_012261,81.87326765422739
STU_012262,83.72534443350496
STU_012263,67.18268645938998
STU_012264,65.67261073534908
STU_012265,70.29621707600157
STU_012266,96.06217797747883
STU_012267,92.46731118807068
STU_012268,57.09782829137484
STU_012269,78.11864439399399
STU_012270,72.01759560566947
STU_012271,74.32601322910136
STU_012272,74.43160190363271
STU_012273,70.21085278682169
STU_012274,63.47321949150258
STU_012275,90.95003668567125
STU_012276,72.67390234085924
STU_012277,79.82167761707191
STU_012278,68.52511520635431
STU_012279,79.80506569685686
STU_012280,75.8105195021574
STU_012281,55.277677159080284
STU_012282,87.6566271372986
STU_012283,91.28708984215487
STU_012284,69.33039157486402
STU_012285,77.03611002293222
STU_012286,76.25605630381314
STU_012287,92.19502163444642
STU_012288,81.76722237992354
STU_012289,88.49668327690307
STU_012290,86.72886700430445
STU_012291,72.48318582292364
STU_012292,79.69532406042815
STU_012293,69.0511970894051
STU_012294,84.91265361134947
STU_012295,77.21023624267575
STU_012296,77.59940120502483
STU_012297,74.27252619588033
STU_012298,70.40465056960474
STU_012299,84.1204519692404
STU_012300,56.480684800613446
STU_012301,84.1991169659779
STU_012302,82.31231466934784
STU_012303,61.272369382093125
STU_012304,50.399730554792086
STU_012305,94.84266075083104
STU_012306,73.86933281279545
STU_012307,68.81237749009826
STU_012308,87.28260400054472
STU_012309,66.37267500526447
STU_012310,75.97762904774146
STU_012311,81.67059693360763
STU_012312,57.26185783811986
STU_012313,73.75587840002939
STU_012314,97.09118515352228
STU_012315,88.66564249024321
STU_012316,73.50216334301497
STU_012317,97.59881421108233
STU_012318,84.29881501723159
STU_012319,80.53574504680246
STU_012320,64.4006045530846
STU_012321,63.5603969399563
STU_012322,91.98802177936084
STU_012323,60.80899425347947
STU_012324,80.28710497941276
STU_012325,64.95954140871073
STU_012326,70.7023881795774
STU_012327,61.69342208558447
STU_012328,66.26977112236004
STU_012329,93.38381868192008
STU_012330,85.9945065823307
STU_012331,81.9189804459314
STU_012332,72.30481615372219
STU_012333,85.38723433993825
STU_012334,72.11503549868215
STU_012335,64.13592257874735
STU_012336,87.19397917793614
STU_012337,93.62322956454025
STU_012338,67.46155407986872
STU_012339,86.8874305749764
STU_012340,64.25144318110857
STU_012341,55.00996185403935
STU_012342,86.38855639851609
STU_012343,89.75487815915315
STU_012344,61.41649439561712
STU_012345,65.71653484687535
STU_012346,75.00490191345645
STU_012347,94.13771918297088
STU_012348,80.57102575647731
STU_012349,67.15644648751403
STU_012350,85.34531409666312
STU_012351,88.98718116998188
STU_012352,81.77346007571802
STU_012353,94.7047154512785
STU_012354,62.713122748580616
STU_012355,88.740226965587
STU_012356,82.49927708507175
STU_012357,67.55159589099796
STU_012358,93.17690580149028
STU_012359,86.8775532993632
STU_012360,74.9252628875549
STU_012361,62.29740147173939
STU_012362,77.36464404898491
STU_012363,76.84476257523228
STU_012364,80.47146496542038
STU_012365,69.25807971846825
STU_012366,85.35706754926696
STU_012367,72.59443071107448
STU_012368,61.4484501438947
STU_012369,69.4909433046777
STU_012370,98.45529723126283
STU_012371,71.85809056595878
STU_012372,85.84770115814587
STU_012373,75.49602141614197
STU_012374,78.15304329083712
STU_012375,67.42362081799004
STU_012376,83.52543509273058
STU_012377,84.57466228328224
STU_012378,73.73152156815655
STU_012379,74.12993867955157
STU_012380,92.10392812481086
STU_012381,100.0
STU_012382,67.83812277948014
STU_012383,84.49297328440295
STU_012384,99.8564885157822
STU_012385,89.94122170695046
STU_012386,83.24178599972069
STU_012387,83.47301032275251
STU_012388,82.1789462690954
STU_012389,99.52790816695966
STU_012390,74.41153021068315
STU_012391,47.01701493133321
STU_012392,73.41934428549152
STU_012393,68.46374980945188
STU_012394,71.84995795527053
STU_012395,86.85117434686717
STU_012396,81.82798915913777
STU_012397,74.7776470102837
STU_012398,83.29036916175363
STU_012399,82.17757448827358
STU_012400,76.91777295234486
STU_012401,90.72169650677866
STU_012402,99.19231059521763
STU_012403,52.23428756077463
STU_012404,76.95661381931033
STU_012405,64.79889777373744
STU_012406,64.6589414238392
STU_012407,91.01780140088812
STU_012408,83.81789273566565
STU_012409,72.08180434552602
STU_012410,48.07750567277981
STU_012411,89.71610933243183
STU_012412,71.71809000829259
STU_012413,59.2756868391655
STU_012414,94.71400628259478
STU_012415,87.6752437764859
STU_012416,89.56426936456961
STU_012417,60.17031775571549
STU_012418,88.15001849773623
STU_012419,73.16224088260569
STU_012420,55.68032075719443
STU_012421,70.37079385482737
STU_012422,84.68604791689373
STU_012423,72.23852344703005
STU_012424,88.74588962427673
STU_012425,54.95297555904176
STU_012426,84.40555469132566
STU_012427,71.44494385933474
STU_012428,83.4621097225882
STU_012429,57.84596395424073
STU_012430,71.66438226281284
STU_012431,69.69498974026149
STU_012432,60.009910954444045
STU_012433,60.03605812799376
STU_012434,91.00119402687078
STU_012435,70.3262468954322
STU_012436,74.75294741525911
STU_012437,91.76326422307862
STU_012438,62.8022008410188
STU_012439,79.4933567360883
STU_012440,68.22358149531783
STU_012441,90.05226359785398
STU_012442,98.134028754353
STU_012443,64.62235175367967
STU_012444,83.8388406304043
STU_012445,73.05049748343768
STU_012446,84.39884116146686
STU_012447,92.43350671999067
STU_012448,76.1127390117457
STU_012449,79.30896665931745
STU_012450,71.87035667252653
STU_012451,88.56377635519686
STU_012452,78.64801387033323
STU_012453,95.9901830127215
STU_012454,86.45890589852706
STU_012455,73.73858689674213
STU_012456,85.61525018752693
STU_012457,68.97854393481221
STU_012458,76.92813714561679
STU_012459,58.35035566342151
STU_012460,85.13263724195338
STU_012461,78.99392671417722
STU_012462,71.71652585878017
STU_012463,83.617979326105
STU_012464,74.40492874625619
STU_012465,74.95436481549548
STU_012466,69.85430030045208
STU_012467,77.54450539351032
STU_012468,88.23918847396367
STU_012469,86.12934805652836
STU_012470,51.29176283812834
STU_012471,56.62367531915103
STU_012472,93.76322113545889
STU_012473,71.23096043619063
STU_012474,64.42282161523961
STU_012475,69.68820281008453
STU_012476,51.56410171977
STU_012477,96.40930139370113
STU_012478,74.34339358891019
STU_012479,69.2431181317375
STU_012480,80.02135436069916
STU_012481,90.21712444727004
STU_012482,70.97546074291371
STU_012483,65.6726275371472
STU_012484,73.92354793301736
STU_012485,77.52426805166668
STU_012486,74.38126738283144
STU_012487,64.70495814136378
STU_012488,70.16854442525916
STU_012489,84.20044375332574
STU_012490,91.83146090777748
STU_012491,60.31543989171146
STU_012492,64.13944024409975
STU_012493,62.080568961674274
STU_012494,71.32809393854362
STU_012495,72.72635107186422
STU_012496,82.24045469855938
STU_012497,90.29661489198105
STU_012498,72.43903273862398
STU_012499,75.96581376011896
STU_012500,86.03499232444675
STU_012501,94.88614547134634
STU_012502,83.74496973470215
STU_012503,84.12444080410825
STU_012504,76.90571597925475
STU_012505,84.39531351162141
STU_012506,68.64361685758833
STU_012507,83.43832773263094
STU_012508,68.87647570751655
STU_012509,87.80721095711569
STU_012510,75.9213449781094
STU_012511,77.56437425464033
STU_012512,79.68093884319593
STU_012513,67.78877397464261
STU_012514,100.0
STU_012515,90.87838438846254
STU_012516,84.45444154688938
STU_012517,99.08234506107084
STU_012518,57.361517814069884
STU_012519,83.07000900131993
STU_012520,73.31222239958633
STU_012521,92.75513892237115
STU_012522,97.45946796954425
STU_012523,78.61026039808637
STU_012524,95.97818100938194
STU_012525,93.90649048460749
STU_012526,94.41728108488024
STU_012527,91.19716751914223
STU_012528,65.21072973545932
STU_012529,96.39549883554598
STU_012530,82.02088302788246
STU_012531,75.16530382497837
STU_012532,71.0060060116177
STU_012533,86.30640347398318
STU_012534,58.307455453237644
STU_012535,84.27659056839744
STU_012536,74.63251296118686
STU_012537,53.60540322087682
STU_012538,65.06949349024269
STU_012539,84.31243818229461
STU_012540,69.75833497528222
STU_012541,99.69101794481165
STU_012542,99.6058113700256
STU_012543,78.2196395905157
STU_012544,82.93024508474687
STU_012545,70.3337749086922
STU_012546,76.05707740046203
STU_012547,100.0
STU_012548,47.25866347558658
STU_012549,69.02541203679101
STU_012550,96.54483722751846
STU_012551,87.73884050901154
STU_012552,73.73647244218283
STU_012553,78.48364957265571
STU_012554,67.51706598318201
STU_012555,52.568551465986175
STU_012556,65.10037015887337
STU_012557,81.41312673015872
STU_012558,69.73818762764999
STU_012559,90.68433873378282
STU_012560,68.72602294713838
STU_012561,65.74613267009015
STU_012562,65.19274502266781
STU_012563,83.18338819731234
STU_012564,94.07623363989876
STU_012565,100.0
STU_012566,78.22465316883944
STU_012567,66.39682073015787
STU_012568,93.66330451880748
STU_012569,69.9781513681297
STU_012570,51.908468416206745
STU_012571,52.38423285904951
STU_012572,54.18888815198762
STU_012573,77.75880185490898
STU_012574,63.920978472341545
STU_012575,66.2959353456196
STU_012576,79.09136739571376
STU_012577,97.56728497395319
STU_012578,51.49742940551609
STU_012579,76.15987771369166
STU_012580,66.1498868292082
STU_012581,68.07498563765238
STU_012582,72.13792048834114
STU_012583,65.53398599189646
STU_012584,60.92882743746395
STU_012585,72.52797574308732
STU_012586,70.63345355569672
STU_012587,70.35246339738343
STU_012588,68.89287395325617
STU_012589,48.9387968729947
STU_012590,69.13195044369287
STU_012591,71.46438207764989
STU_012592,95.30576370182632
STU_012593,96.39256967104399
STU_012594,50.87334666376864
STU_012595,67.12951282461266
STU_012596,79.49321654464156
STU_012597,70.78769638838581
STU_012598,71.1505215635422
STU_012599,69.70123403026842
STU_012600,72.22548861382985
STU_012601,75.90669932823687
STU_012602,68.18181278711106
STU_012603,86.83407362629245
STU_012604,82.33384640462472
STU_012605,84.30353746642322
STU_012606,70.95489114020101
STU_012607,60.10764665716286
STU_012608,78.70987273004408
STU_012609,57.943045723472
STU_012610,71.4996797110439
STU_012611,67.75847704418054
STU_012612,64.08632077959501
STU_012613,91.84514479917857
STU_012614,78.7489323860038
STU_012615,77.75016906944974
STU_012616,82.6086265243975
STU_012617,63.44261115265146
STU_012618,85.50079977604327
STU_012619,83.96256439237209
STU_012620,78.46334575974207
STU_012621,90.3578588765292
STU_012622,91.49361827063001
STU_012623,93.77176771056158
STU_012624,85.05242377970009
STU_012625,86.05825026679778
STU_012626,88.54609059827925
STU_012627,86.51643247394081
STU_012628,71.3899108375004
STU_012629,78.66069935427852
STU_012630,71.12013138991256
STU_012631,72.73619899436451
STU_012632,61.752470444876394
STU_012633,71.04854067138106
STU_012634,91.75776521474327
STU_012635,71.70668761202778
STU_012636,70.29319333438713
STU_012637,78.11324503763228
STU_012638,83.44807761513297
STU_012639,93.3219436937169
STU_012640,82.93712866990768
STU_012641,72.46195811894236
STU_012642,68.71935841300775
STU_012643,82.1908001886886
STU_012644,82.01219395064264
STU_012645,54.55806525598628
STU_012646,86.0771388273164
STU_012647,79.25003631347802
STU_012648,69.59850267381042
STU_012649,78.93683900866252
STU_012650,75.88688527027172
STU_012651,75.63929010015477
STU_012652,97.34915972027964
STU_012653,92.29828524749787
STU_012654,79.15991674191146
STU_012655,74.96959446876195
STU_012656,82.30637346075225
STU_012657,91.95961682588545
STU_012658,84.38613618205466
STU_012659,80.02045218194019
STU_012660,76.52223907638158
STU_012661,90.63394754594577
STU_012662,89.92510191585458
STU_012663,67.62111500852342
STU_012664,53.788265814929915
STU_012665,92.38778012952604
STU_012666,60.1246851306959
STU_012667,77.74865689160139
STU_012668,71.01764233399108
STU_012669,60.98700650084287
STU_012670,61.425746489729505
STU_012671,67.82878376847438
STU_012672,58.73799801144607
STU_012673,59.82028156839197
STU_012674,59.82440895272741
STU_012675,70.60032561473513
STU_012676,93.0615199450409
STU_012677,64.8738924445386
STU_012678,71.19736860902363
STU_012679,76.7689259299944
STU_012680,69.68401795282635
STU_012681,75.16324028524157
STU_012682,87.24435404694513
STU_012683,81.8283210281488
STU_012684,82.82848217588527
STU_012685,94.15478494143682
STU_012686,72.58233674766322
STU_012687,79.27812828875514
STU_012688,83.39040687668907
STU_012689,68.67901739092392
STU_012690,65.40785864371308
STU_012691,75.72617280288466
STU_012692,77.8372293432847
STU_012693,80.0495983888771
STU_012694,59.23612192944783
STU_012695,70.7498520397091
STU_012696,68.94342268396221
STU_012697,79.33281300612123
STU_012698,64.54727924422016
STU_012699,77.71641861463338
STU_012700,68.8931219684534
STU_012701,100.0
STU_012702,79.1765821435445
STU_012703,69.88656783853705
STU_012704,70.77893993528869
STU_012705,65.97735948145016
STU_012706,71.56434906312383
STU_012707,97.5775355127794
STU_012708,54.84081978886891
STU_012709,69.44380810036327
STU_012710,94.67386015094962
STU_012711,69.62126139714566
STU_012712,68.15391628382598
STU_012713,62.65190217653348
STU_012714,90.10325575095533
STU_012715,74.45982058884266
STU_012716,76.79861314561334
STU_012717,70.79325706701191
STU_012718,85.03636428829559
STU_012719,58.899594549253806
STU_012720,79.69229274373033
STU_012721,77.5824332584705
STU_012722,53.85173512526916
STU_012723,80.04926171543231
STU_012724,87.76359647232269
STU_012725,57.07025746469774
STU_012726,52.871886414939084
STU_012727,63.3745686052529
STU_012728,85.4715844207939
STU_012729,64.26183133840954
STU_012730,84.60678465100723
STU_012731,96.35821769792607
STU_012732,83.79599709815263
STU_012733,54.91873441344896
STU_012734,84.79720476542786
STU_012735,59.182733148830266
STU_012736,100.0
STU_012737,71.61121217366599
STU_012738,78.20550372240577
STU_012739,82.48014257987535
STU_012740,88.04035321250146
STU_012741,47.184866734016055
STU_012742,67.31122348171661
STU_012743,78.55047810540528
STU_012744,80.00100899557702
STU_012745,59.85477824595846
STU_012746,84.09226107207009
STU_012747,64.6846628116468
STU_012748,89.73113155882425
STU_012749,84.96045041491786
STU_012750,67.7419911753611
STU_012751,52.60044509484195
STU_012752,74.72923611518762
STU_012753,68.91678710173035
STU_012754,60.10861789607546
STU_012755,89.49807896642332
STU_012756,61.04812488694607
STU_012757,49.07246972469633
STU_012758,87.51279613143464
STU_012759,56.799666478574686
STU_012760,75.06646444361269
STU_012761,62.94128473526329
STU_012762,87.65614717262562
STU_012763,98.51071687852017
STU_012764,95.24307883150883
STU_012765,88.45471978143567
STU_012766,63.440576509764774
STU_012767,92.41590491909017
STU_012768,86.71519390741723
STU_012769,75.65935512147554
STU_012770,57.3779296554667
STU_012771,57.791887610922856
STU_012772,97.04737667172662
STU_012773,65.25883008327553
STU_012774,71.52352493845612
STU_012775,67.06746045545152
STU_012776,75.90377033231678
STU_012777,46.6518310245407
STU_012778,70.50638268807708
STU_012779,71.01996889879126
STU_012780,75.08248316132149
STU_012781,89.53251698531446
STU_012782,55.97847304176725
STU_012783,97.91321276431829
STU_012784,50.40706193167134
STU_012785,73.96095557711797
STU_012786,52.30907774896043
STU_012787,66.40029910078617
STU_012788,93.65472518961992
STU_012789,77.95335921440876
STU_012790,95.94442724762186
STU_012791,78.4392900485034
STU_012792,70.21051711218152
STU_012793,91.77108841274796
STU_012794,76.45827369665773
STU_012795,93.80929256694105
STU_012796,73.54348576109564
STU_012797,65.0905222996905
STU_012798,96.54617087082434
STU_012799,85.77746864877658
STU_012800,56.110894507890535
STU_012801,69.49726727057083
STU_012802,74.69771397081034
STU_012803,91.7532749566503
STU_012804,59.34960118238197
STU_012805,70.04296993631131
STU_012806,80.11840434915288
STU_012807,67.11698741950872
STU_012808,84.90689677617048
STU_012809,81.00889050923749
STU_012810,85.42601086606265
STU_012811,79.1309839569158
STU_012812,70.81085563419585
STU_012813,79.14393374161882
STU_012814,68.05741234805353
STU_012815,66.8554090829017
STU_012816,82.26143263799027
STU_012817,72.60251166679494
STU_012818,86.5629726816951
STU_012819,56.91826199115004
STU_012820,85.55431285159187
STU_012821,73.11513411928182
STU_012822,84.23743699993818
STU_012823,79.70785332445004
STU_012824,81.78036629613676
STU_012825,58.275993340874095
STU_012826,83.6481121691785
STU_012827,61.622039834580036
STU_012828,91.71904859798366
STU_012829,70.9619122451621
STU_012830,70.66003204265743
STU_012831,72.0734445736332
STU_012832,93.74655076559338
STU_012833,84.42012953807864
STU_012834,75.14285570971781
STU_012835,74.7165441299173
STU_012836,84.48628683677235
STU_012837,65.52755563922456
STU_012838,65.01338419914714
STU_012839,64.86180777796919
STU_012840,91.50938392805304
STU_012841,70.61871190021469
STU_012842,73.88404981040338
STU_012843,82.3395859653726
STU_012844,77.08861281129703
STU_012845,65.91524543710104
STU_012846,74.89788456550279
STU_012847,74.36856517281615
STU_012848,74.53234151467323
STU_012849,86.55286289853427
STU_012850,77.92880141627164
STU_012851,84.49438000723602
STU_012852,90.13178616572297
STU_012853,63.915775681787565
STU_012854,82.26084703856235
STU_012855,84.56162060809848
STU_012856,70.6378213043975
STU_012857,96.6306531235851
STU_012858,85.68507269822899
STU_012859,60.23615523304699
STU_012860,87.12116122872756
STU_012861,67.42506811465894
STU_012862,72.10875460656739
STU_012863,94.01808445559712
STU_012864,76.46476444801716
STU_012865,67.31588137426475
STU_012866,74.76690709604007
STU_012867,86.78008271112084
STU_012868,87.83383842460714
STU_012869,67.19796192464928
STU_012870,81.56922244183211
STU_012871,84.05021590416355
STU_012872,86.68275681779733
STU_012873,62.381570116908435
STU_012874,75.34384636422772
STU_012875,71.94676593417493
STU_012876,50.863858110688035
STU_012877,83.54904004395823
STU_012878,99.70389324494188
STU_012879,83.21133776794608
STU_012880,86.52066999473016
STU_012881,94.82933949562603
STU_012882,91.52739338200078
STU_012883,66.44304841840128
STU_012884,85.09836670326412
STU_012885,76.1854056106036
STU_012886,59.314617073510945
STU_012887,78.70960277914104
STU_012888,69.51077143565455
STU_012889,70.87041192579241
STU_012890,70.45192735880066
STU_012891,72.60549359711288
STU_012892,72.95300836786006
STU_012893,86.33559218585455
STU_012894,71.53153107467385
STU_012895,87.65113475534088
STU_012896,73.86157278546818
STU_012897,79.04666642284057
STU_012898,94.31231372468594
STU_012899,84.47667737608722
STU_012900,84.61549121176728
STU_012901,73.33089670728474
STU_012902,87.23766327183758
STU_012903,65.29260392918101
STU_012904,84.5298229031284
STU_012905,64.27210733025478
STU_012906,96.21328054266564
STU_012907,53.71920709136337
STU_012908,84.71258958900282
STU_012909,69.39957105829988
STU_012910,32.42472279547487
STU_012911,83.2874362606436
STU_012912,49.05265764461548
STU_012913,65.60038750748535
STU_012914,73.20351568880433
STU_012915,57.792067471079
STU_012916,63.99038195371827
STU_012917,86.81388920108171
STU_012918,59.03796605708863
STU_012919,96.82552040165749
STU_012920,76.3312421091773
STU_012921,61.55762890009754
STU_012922,74.52647415221456
STU_012923,61.36028675053779
STU_012924,76.69959835877351
STU_012925,75.85503040458083
STU_012926,62.88608580858411
STU_012927,87.35631734716179
STU_012928,64.03955878972494
STU_012929,65.02760183595726
STU_012930,67.85471352191699
STU_012931,89.93348517982339
STU_012932,66.92222306115329
STU_012933,69.14694755706586
STU_012934,68.41039520868271
STU_012935,68.11148820605071
STU_012936,69.3843388426242
STU_012937,72.57931742370525
STU_012938,94.59248539592937
STU_012939,49.815744082889864
STU_012940,72.73232336629472
STU_012941,60.90839653245555
STU_012942,78.41262712634213
STU_012943,72.85530109496105
STU_012944,79.36668531133796
STU_012945,91.579589058491
STU_012946,59.6835675057473
STU_012947,74.19078612473072
STU_012948,88.51638367195969
STU_012949,96.00213506606494
STU_012950,80.5845189240774
STU_012951,80.68907488598683
STU_012952,74.19336025387375
STU_012953,81.27106293489298
STU_012954,80.45473469108978
STU_012955,87.36546153690443
STU_012956,70.76145911643312
STU_012957,67.69441637516344
STU_012958,74.53647371941311
STU_012959,79.77985359502864
STU_012960,79.59782334238366
STU_012961,80.08527646368245
STU_012962,59.66041925869893
STU_012963,68.87930335566185
STU_012964,90.6968624017554
STU_012965,78.14603833853081
STU_012966,72.787730477686
STU_012967,66.6526552089382
STU_012968,77.13597032440904
STU_012969,78.94430722338971
STU_012970,57.58620056860616
STU_012971,79.14000116689984
STU_012972,79.12879748705329
STU_012973,54.35511647029543
STU_012974,63.17808516290105
STU_012975,59.54340874599898
STU_012976,83.38992881672625
STU_012977,77.09875887506816
STU_012978,91.35304680113967
STU_012979,69.5663797955679
STU_012980,69.88158936812438
STU_012981,86.73615188690917
STU_012982,71.65514402389971
STU_012983,98.55267420302908
STU_012984,55.85728434955869
STU_012985,66.13798845542259
STU_012986,63.22920355191566
STU_012987,53.16582544821442
STU_012988,82.4758123565547
STU_012989,95.06568002421639
STU_012990,63.92644717291792
STU_012991,71.50575580521301
STU_012992,53.9705868148382
STU_012993,100.0
STU_012994,78.7821666010604
STU_012995,64.61897150371695
STU_012996,59.194982669040414
STU_012997,86.86605440329505
STU_012998,81.38977520064832
STU_012999,91.26370509279516
STU_013000,91.75389290936212
STU_013001,98.05373995308452
STU_013002,89.7966596980829
STU_013003,80.844305378813
STU_013004,85.53575556930228
STU_013005,78.91389731904675
STU_013006,79.51990852911524
STU_013007,79.45853429495219
STU_013008,89.60800886847919
STU_013009,83.37803844888943
STU_013010,75.98107069982841
STU_013011,54.061065592124045
STU_013012,53.972618555389346
STU_013013,93.05014884016701
STU_013014,88.20233256082815
STU_013015,83.60512221927415
STU_013016,63.12619065814701
STU_013017,86.71492933441434
STU_013018,79.69398597980161
STU_013019,83.62406690803675
STU_013020,56.339622145149974
STU_013021,72.77289130338669
STU_013022,99.08771085641757
STU_013023,76.51185078997011
STU_013024,87.44767152630217
STU_013025,74.51002255014888
STU_013026,68.54342723416885
STU_013027,71.33694411476402
STU_013028,81.58571511889375
STU_013029,74.98435845329351
STU_013030,71.44449733166317
STU_013031,67.16309301685295
STU_013032,99.83128434396143
STU_013033,72.37281092803906
STU_013034,98.87034668525234
STU_013035,89.14411600165953
STU_013036,57.55860681202282
STU_013037,85.42370460082165
STU_013038,77.26456293180387
STU_013039,87.47647672959324
STU_013040,95.02703708361314
STU_013041,75.93254130979534
STU_013042,62.201537284520796
STU_013043,92.41701534657653
STU_013044,64.73242670602517
STU_013045,88.64742761767079
STU_013046,64.3239465653597
STU_013047,71.39650590470092
STU_013048,95.27278513004688
STU_013049,80.49578779532872
STU_013050,80.87873120158912
STU_013051,92.35855112267859
STU_013052,70.19124552272446
STU_013053,74.13255142258842
STU_013054,67.80213429306663
STU_013055,85.45412414723238
STU_013056,78.12431784513632
STU_013057,53.420703028886734
STU_013058,60.6492678746264
STU_013059,84.59366903103925
STU_013060,67.30266565503076
STU_013061,60.96232131835098
STU_013062,98.82246148396464
STU_013063,86.50608414690366
STU_013064,65.35779280262767
STU_013065,54.57156356363349
STU_013066,97.9770305093783
STU_013067,79.60062705352851
STU_013068,92.12235653627364
STU_013069,99.43351026817015
STU_013070,65.63050118217308
STU_013071,82.07656552110947
STU_013072,85.79464169930222
STU_013073,70.81740319792102
STU_013074,72.73182598084932
STU_013075,51.097689041291204
STU_013076,80.63162928085144
STU_013077,93.8211332952779
STU_013078,78.91924502562728
STU_013079,87.89247837071079
STU_013080,74.60166023400753
STU_013081,76.45523466863091
STU_013082,63.1555557441628
STU_013083,61.60448098867626
STU_013084,73.75424888936871
STU_013085,80.03281305630625
STU_013086,76.83634415360389
STU_013087,64.46267134024464
STU_013088,77.00651639099914
STU_013089,65.7795800895206
STU_013090,95.64262267574995
STU_013091,63.90445515460756
STU_013092,69.3316688846731
STU_013093,87.11335049332095
STU_013094,90.08317540246038
STU_013095,73.27128701005631
STU_013096,76.43502671546547
STU_013097,82.05642910962408
STU_013098,84.50370214752195
STU_013099,65.10580153210137
STU_013100,72.20965891799831
STU_013101,81.12679880225991
STU_013102,90.4492996660997
STU_013103,72.90184203588407
STU_013104,82.51826180170919
STU_013105,64.72128154934643
STU_013106,85.05233075926787
STU_013107,58.86397090329466
STU_013108,91.78235540030138
STU_013109,89.29933989597447
STU_013110,62.22892485473564
STU_013111,100.0
STU_013112,100.0
STU_013113,75.37041714659513
STU_013114,68.44842170431676
STU_013115,78.97090437930434
STU_013116,61.15656301616748
STU_013117,63.81266098429791
STU_013118,67.80804969081619
STU_013119,84.06484099273482
STU_013120,69.32437464370362
STU_013121,87.5189853769194
STU_013122,79.02349699410985
STU_013123,91.28728164437321
STU_013124,95.91195290847429
STU_013125,90.84533663935193
STU_013126,69.88052070898907
STU_013127,72.6254243132738
STU_013128,86.67265482106906
STU_013129,77.05848211672833
STU_013130,97.0040006100792
STU_013131,51.63347201718875
STU_013132,79.32456646973526
STU_013133,93.80382567774632
STU_013134,66.95139801016622
STU_013135,63.40596236889651
STU_013136,65.36247603451898
STU_013137,77.30842862154576
STU_013138,66.50514350530113
STU_013139,77.7935485183706
STU_013140,100.0
STU_013141,77.14966955040252
STU_013142,56.02884342156061
STU_013143,71.07133874231624
STU_013144,65.74579377317258
STU_013145,59.395357617355316
STU_013146,55.00629948561114
STU_013147,81.03952568767774
STU_013148,72.07087228011335
STU_013149,85.41703785693252
STU_013150,81.13865787299153
STU_013151,78.67785680098743
STU_013152,88.95718168492199
STU_013153,75.66221117235928
STU_013154,75.27356359665717
STU_013155,96.38492270034372
STU_013156,79.88641423184453
STU_013157,77.70977867874853
STU_013158,85.37218964347909
STU_013159,82.02681464658508
STU_013160,68.56360706401496
STU_013161,64.15771604557348
STU_013162,60.09914096551594
STU_013163,86.5965275740615
STU_013164,70.96914768853756
STU_013165,69.92239194734759
STU_013166,50.242096369413275
STU_013167,88.89158273610657
STU_013168,75.68501295909273
STU_013169,78.02408458452805
STU_013170,77.31535095848204
STU_013171,83.21335760512804
STU_013172,66.82097687400405
STU_013173,87.44943015907894
STU_013174,68.11303496926926
STU_013175,55.769907577540536
STU_013176,92.44267466933516
STU_013177,65.38593043116815
STU_013178,81.5114011028885
STU_013179,74.91429032654175
STU_013180,88.8735917958261
STU_013181,86.36258087238026
STU_013182,70.65449440015108
STU_013183,81.6123964597611
STU_013184,73.86200013869133
STU_013185,72.64106361054806
STU_013186,59.215869049182444
STU_013187,66.40544625543168
STU_013188,92.27124658195018
STU_013189,100.0
STU_013190,81.02037257640399
STU_013191,97.0966738453094
STU_013192,82.20337768377898
STU_013193,86.10044243512988
STU_013194,95.54208088096107
STU_013195,89.6635069606276
STU_013196,79.76949995565629
STU_013197,54.707980971229055
STU_013198,72.30056992526573
STU_013199,80.09775167592859
STU_013200,53.75083915556601
STU_013201,84.09081261921027
STU_013202,63.09712533346432
STU_013203,70.13334905176829
STU_013204,63.34486847333898
STU_013205,81.38359307372096
STU_013206,68.44632588296778
STU_013207,71.31188425391065
STU_013208,71.00451267857375
STU_013209,79.05225784293933
STU_013210,57.33123748699893
STU_013211,74.97142738617042
STU_013212,63.10847184772433
STU_013213,69.67285503953018
STU_013214,89.52964762363679
STU_013215,49.781645515080704
STU_013216,100.0
STU_013217,92.89615059986828
STU_013218,71.12628772099279
STU_013219,84.99409765937484
STU_013220,96.86260139232377
STU_013221,59.81982319304759
STU_013222,64.1653270858295
STU_013223,84.00973353786834
STU_013224,74.3823548150123
STU_013225,51.63574451745641
STU_013226,78.0095034449222
STU_013227,82.96483381449987
STU_013228,69.38631813412061
STU_013229,63.090824112677105
STU_013230,70.84852895850221
STU_013231,68.1569901642371
STU_013232,69.8419843058949
STU_013233,93.63794809079121
STU_013234,68.95095549686607
STU_013235,71.91465705003904
STU_013236,91.09222864856252
STU_013237,65.18378350899982
STU_013238,77.19273916611314
STU_013239,76.40077857479058
STU_013240,62.74394122568046
STU_013241,67.92823266883124
STU_013242,72.26792259171107
STU_013243,61.31647576570924
STU_013244,74.31352902617932
STU_013245,69.03798580749165
STU_013246,65.74779023741344
STU_013247,98.3613711372362
STU_013248,94.17234322802048
STU_013249,45.69681033472372
STU_013250,71.32115786255972
STU_013251,82.28860700838379
STU_013252,88.09103269938113
STU_013253,71.11798106820999
STU_013254,93.76124746622602
STU_013255,80.44296836662932
STU_013256,72.33248263985976
STU_013257,82.32131608488676
STU_013258,64.15149686210829
STU_013259,60.113120686053705
STU_013260,69.94397981470732
STU_013261,69.14157881311706
STU_013262,56.515194217143254
STU_013263,62.586197718848574
STU_013264,89.71949219196885
STU_013265,77.58075586185402
STU_013266,69.74340720451781
STU_013267,69.72920796444352
STU_013268,64.46689053376114
STU_013269,80.51601229436251
STU_013270,94.01053973131519
STU_013271,66.24328799338173
STU_013272,81.72654972805624
STU_013273,66.21369227378743
STU_013274,80.11085399142806
STU_013275,63.86475237708977
STU_013276,62.08613973203266
STU_013277,65.24126696379257
STU_013278,63.228189971904136
STU_013279,57.77208652082704
STU_013280,88.88971176059624
STU_013281,91.88457480726112
STU_013282,90.24186678905924
STU_013283,78.23832788144618
STU_013284,77.87796958547293
STU_013285,72.24079758051428
STU_013286,69.50383487025343
STU_013287,91.79341847440692
STU_013288,83.64972761356904
STU_013289,94.46704207209056
STU_013290,81.54034813584019
STU_013291,86.80065485363676
STU_013292,78.14872196744372
STU_013293,76.73829924592391
STU_013294,87.07507408055118
STU_013295,73.48323734792747
STU_013296,77.79753201650507
STU_013297,79.13751999932265
STU_013298,56.25486604097967
STU_013299,87.59499511674491
STU_013300,76.05254837597904
STU_013301,85.85966971225173
STU_013302,85.47308909066476
STU_013303,88.95116505061054
STU_013304,84.84644855472676
STU_013305,70.61082123553182
STU_013306,64.41978644931437
STU_013307,80.96291657766515
STU_013308,95.95964987742225
STU_013309,71.82643081120847
STU_013310,57.17765083548878
STU_013311,88.45806222969651
STU_013312,54.37493042644236
STU_013313,64.24398402618348
STU_013314,59.98821703659864
STU_013315,68.01979715446664
STU_013316,78.95901135563416
STU_013317,76.85238442017815
STU_013318,55.74369135662049
STU_013319,71.19031864473409
STU_013320,82.2824226795786
STU_013321,80.18732910846184
STU_013322,98.05898714511191
STU_013323,98.5759600861513
STU_013324,77.03781431973015
STU_013325,80.56163323807978
STU_013326,70.49201993375134
STU_013327,76.02879687062804
STU_013328,69.64159401383064
STU_013329,81.64057401046006
STU_013330,62.1711975359051
STU_013331,67.65367862703198
STU_013332,70.44205819633281
STU_013333,60.33757441359889
STU_013334,71.88363172649618
STU_013335,66.01746399185227
STU_013336,80.05130798656572
STU_013337,56.024433999114265
STU_013338,64.70465210219247
STU_013339,71.25680810421416
STU_013340,91.9695274483845
STU_013341,72.91429425032089
STU_013342,81.94569333110093
STU_013343,71.56324622189922
STU_013344,74.44676749058524
STU_013345,70.8610205111798
STU_013346,92.34898230171325
STU_013347,82.41274346148714
STU_013348,86.26415206493586
STU_013349,98.32660722652105
STU_013350,63.34300576123523
STU_013351,83.57730557699954
STU_013352,71.39866102229996
STU_013353,63.218189911970065
STU_013354,62.66585821491711
STU_013355,90.0812157467355
STU_013356,65.18650850608954
STU_013357,66.40400542142005
STU_013358,72.02754479569396
STU_013359,78.18352686646995
STU_013360,72.9850719014634
STU_013361,70.086604688425
STU_013362,82.3221057858456
STU_013363,75.95024197497048
STU_013364,65.88265135949572
STU_013365,83.04714103671579
STU_013366,94.52194349743267
STU_013367,85.41174078688007
STU_013368,85.61763152461485
STU_013369,54.64140852653955
STU_013370,83.24337199118182
STU_013371,74.93257577250027
STU_013372,74.0681306148258
STU_013373,76.43350027237592
STU_013374,89.8618168807862
STU_013375,92.30252720336495
STU_013376,43.65155520405395
STU_013377,85.54354822828404
STU_013378,62.310693019274595
STU_013379,77.07972834834341
STU_013380,83.9955083130289
STU_013381,93.86947653171735
STU_013382,99.52526480798181
STU_013383,64.53256949960563
STU_013384,59.53864876358351
STU_013385,64.59349687631972
STU_013386,95.25478452262038
STU_013387,58.60016909698663
STU_013388,85.0022884962027
STU_013389,66.31010764444697
STU_013390,69.11249024547138
STU_013391,87.5401078671415
STU_013392,97.07170648003435
STU_013393,70.49800011066463
STU_013394,100.0
STU_013395,64.29730067729187
STU_013396,69.50906371544866
STU_013397,99.89395140067825
STU_013398,90.94740926118018
STU_013399,60.885598740761765
STU_013400,62.66075179835994
STU_013401,100.0
STU_013402,78.57588158448092
STU_013403,96.10660242354896
STU_013404,66.08785924522772
STU_013405,78.1639208066208
STU_013406,100.0
STU_013407,72.83897808081605
STU_013408,65.99413294818278
STU_013409,59.3833388465829
STU_013410,75.48164801321684
STU_013411,64.18929363090211
STU_013412,63.24765640285985
STU_013413,74.76029187034017
STU_013414,85.96589015756786
STU_013415,74.69931223309972
STU_013416,55.81953547790047
STU_013417,71.7699654508403
STU_013418,49.74681435995262
STU_013419,63.2221438283792
STU_013420,94.82847901196513
STU_013421,98.1882725541732
STU_013422,91.06588937796323
STU_013423,56.935435606666346
STU_013424,98.40573693589596
STU_013425,81.01248976637544
STU_013426,55.7013832893744
STU_013427,72.03944446852253
STU_013428,74.64719449524789
STU_013429,92.593611499937
STU_013430,70.01109939751133
STU_013431,66.5832471159708
STU_013432,79.11986429434285
STU_013433,94.3414731392781
STU_013434,89.04626325443108
STU_013435,93.5715882323479
STU_013436,69.96351614693891
STU_013437,75.40632177246843
STU_013438,80.31958894034592
STU_013439,88.19474539896609
STU_013440,75.8932234954414
STU_013441,96.39624785406768
STU_013442,95.73841968209726
STU_013443,67.88127358547251
STU_013444,81.36081049086097
STU_013445,79.72482871107837
STU_013446,87.43663651168114
STU_013447,85.78594402142801
STU_013448,80.48703766646062
STU_013449,79.87950438372175
STU_013450,92.34810811138978
STU_013451,68.92516837255423
STU_013452,75.97230563681369
STU_013453,79.4309677988504
STU_013454,73.04863087504211
STU_013455,94.72122087588244
STU_013456,70.16118797013286
STU_013457,68.41949582598714
STU_013458,73.83515906538013
STU_013459,59.15979409128491
STU_013460,58.90256326460198
STU_013461,72.99855871195109
STU_013462,59.04672736126989
STU_013463,83.82278514172665
STU_013464,56.585009122560834
STU_013465,61.46940654416214
STU_013466,86.4658700676726
STU_013467,62.28213682825361
STU_013468,94.32346653272583
STU_013469,80.05863815321241
STU_013470,91.12649881849147
STU_013471,81.7648045513329
STU_013472,82.52713946953119
STU_013473,66.55659887572874
STU_013474,77.0547822700507
STU_013475,88.09514595073159
STU_013476,79.28121790131344
STU_013477,68.19010782507084
STU_013478,77.33639165460983
STU_013479,69.8276664306419
STU_013480,86.86357333157308
STU_013481,79.34029393753055
STU_013482,81.41537251968931
STU_013483,79.9033857229846
STU_013484,87.62230478453263
STU_013485,93.22212243561175
STU_013486,52.827947007717114
STU_013487,76.53182081859056
STU_013488,79.02887673365612
STU_013489,78.13701249502193
STU_013490,74.43632767218394
STU_013491,86.1576525893372
STU_013492,79.9163286937123
STU_013493,67.10259422539977
STU_013494,78.68743759067895
STU_013495,85.0603725810322
STU_013496,85.77563734504568
STU_013497,52.62637213010366
STU_013498,71.35700441245423
STU_013499,83.83736588453426
STU_013500,67.00053405515435
STU_013501,83.891662210389
STU_013502,81.88465051614851
STU_013503,71.40986261765397
STU_013504,86.70545699448886
STU_013505,72.48859411873505
STU_013506,91.93085923980487
STU_013507,64.95584967903594
STU_013508,72.30287219285036
STU_013509,80.43579283307075
STU_013510,67.942716090068
STU_013511,82.37097290606312
STU_013512,61.542130931082646
STU_013513,51.84932894651334
STU_013514,84.7467908095652
STU_013515,75.09621370622723
STU_013516,100.0
STU_013517,81.80046020894412
STU_013518,75.11735457778526
STU_013519,100.0
STU_013520,70.18618202041954
STU_013521,63.25101775662015
STU_013522,67.92164352322115
STU_013523,97.59056356599851
STU_013524,81.51681669241071
STU_013525,71.78545371531473
STU_013526,78.50358251336448
STU_013527,68.50395803137312
STU_013528,53.730881450273564
STU_013529,94.62884430380566
STU_013530,70.31512421047398
STU_013531,92.44737142817593
STU_013532,61.24138811262894
STU_013533,74.75991365823238
STU_013534,87.72377817716387
STU_013535,95.81995332165859
STU_013536,83.05311209611835
STU_013537,76.77398063099247
STU_013538,91.00101253334027
STU_013539,68.15267241237808
STU_013540,100.0
STU_013541,62.19668561155939
STU_013542,86.50458503576306
STU_013543,71.59004058745053
STU_013544,73.38452624515827
STU_013545,87.40237286770358
STU_013546,94.06199421855744
STU_013547,98.52867974000009
STU_013548,81.98981207465113
STU_013549,60.40848352370278
STU_013550,77.92256664887651
STU_013551,69.81355602057153
STU_013552,84.3469634699195
STU_013553,71.48824066482769
STU_013554,74.74419933255452
STU_013555,63.13606455475653
STU_013556,87.95366350290486
STU_013557,72.14867950816522
STU_013558,66.95769946919123
STU_013559,89.53866514357165
STU_013560,55.68849792715546
STU_013561,72.68397999907243
STU_013562,88.16534330887778
STU_013563,87.91585618588906
STU_013564,56.74896671033644
STU_013565,80.42905952229242
STU_013566,72.3396765509329
STU_013567,89.06634680207938
STU_013568,75.991201865142
STU_013569,75.73838323254209
STU_013570,72.69046189756291
STU_013571,74.58346052936434
STU_013572,59.123243293132376
STU_013573,67.08118065355343
STU_013574,77.30728667376462
STU_013575,58.07254569090331
STU_013576,73.42737401661422
STU_013577,63.428985105424466
STU_013578,69.3998885045488
STU_013579,75.03509414984937
STU_013580,84.82239712786296
STU_013581,55.20255932633107
STU_013582,71.27467788207612
STU_013583,69.03276539315692
STU_013584,74.055839351302
STU_013585,66.0177546193213
STU_013586,65.80632713246509
STU_013587,96.04822635547858
STU_013588,69.4953370276173
STU_013589,76.43456202752414
STU_013590,82.39355008299178
STU_013591,87.02780839108536
STU_013592,96.43482727432277
STU_013593,96.07949368929168
STU_013594,69.43350626156501
STU_013595,64.02201205304641
STU_013596,83.26396981678383
STU_013597,65.30137885526568
STU_013598,76.12622667438738
STU_013599,74.82088778641159
STU_013600,95.25754670926142
STU_013601,67.45710439394146
STU_013602,66.57193070436493
STU_013603,90.2476369558322
STU_013604,67.1625842221979
STU_013605,91.36592629773278
STU_013606,67.97237842234541
STU_013607,43.98817044534906
STU_013608,75.59625872220012
STU_013609,80.10850591184038
STU_013610,93.17837245868483
STU_013611,91.41740626333078
STU_013612,65.78071297367724
STU_013613,76.14412769051584
STU_013614,55.14258193423966
STU_013615,77.2670237815153
STU_013616,81.93790242089348
STU_013617,68.22330405164281
STU_013618,61.11824421149144
STU_013619,65.75510686950219
STU_013620,72.90693250216532
STU_013621,71.93340866924689
STU_013622,62.964074634456935
STU_013623,52.79114731443558
STU_013624,50.80106870885636
STU_013625,81.59047223879104
STU_013626,73.62180172869121
STU_013627,81.14722544491585
STU_013628,97.24414848851657
STU_013629,78.17750128426307
STU_013630,64.92476618394235
STU_013631,68.711528716692
STU_013632,55.90914485376129
STU_013633,90.62423014773285
STU_013634,65.94956445729198
STU_013635,94.63778952506593
STU_013636,72.77009435826912
STU_013637,83.42237124638817
STU_013638,76.26877811723514
STU_013639,68.68046647018534
STU_013640,81.5095293031255
STU_013641,87.49544085395299
STU_013642,74.15613498187815
STU_013643,80.01758862719782
STU_013644,62.16266722355197
STU_013645,69.93228348408475
STU_013646,85.40645243493097
STU_013647,78.75629083675895
STU_013648,94.41241878349905
STU_013649,74.93360633022027
STU_013650,92.73284645242703
STU_013651,73.8530347925101
STU_013652,67.87397996359402
STU_013653,83.82183449089953
STU_013654,76.75303044065127
STU_013655,76.23649850143111
STU_013656,94.86177469126231
STU_013657,64.29283855982911
STU_013658,84.33171214509717
STU_013659,72.91396571957347
STU_013660,70.08800700505296
STU_013661,78.33898904530761
STU_013662,81.31815614126548
STU_013663,76.73001826742563
STU_013664,92.48481993671788
STU_013665,80.2935754931394
STU_013666,83.34781658905104
STU_013667,58.848003050310346
STU_013668,93.40340667785406
STU_013669,60.90501116295562
STU_013670,84.89084137721468
STU_013671,99.63271720459213
STU_013672,70.2282396057228
STU_013673,95.19605552133999
STU_013674,76.27790455473469
STU_013675,61.366453381636305
STU_013676,75.64954814311558
STU_013677,80.69291103793259
STU_013678,76.3306832152456
STU_013679,69.7589509085272
STU_013680,56.86486874687074
STU_013681,97.71694411521793
STU_013682,39.074714708355266
STU_013683,58.202616069124886
STU_013684,74.17111552331333
STU_013685,86.54921483968246
STU_013686,87.7226316501688
STU_013687,73.17725710004584
STU_013688,65.38450715476546
STU_013689,99.28996204177456
STU_013690,88.59864809381787
STU_013691,67.04607965248364
STU_013692,63.65238800065187
STU_013693,84.10072267852881
STU_013694,76.90778885418472
STU_013695,72.1245682996325
STU_013696,97.82728583623141
STU_013697,69.15961168719033
STU_013698,65.27332660334966
STU_013699,70.22844715175486
STU_013700,83.4449625924114
STU_013701,80.61362234249063
STU_013702,90.93674252900946
STU_013703,69.73734200072272
STU_013704,79.27075403022576
STU_013705,83.83680926991477
STU_013706,63.24325853318988
STU_013707,63.70650033374443
STU_013708,54.26807847273779
STU_013709,90.85760006590016
STU_013710,78.96862322439566
STU_013711,97.46592415381907
STU_013712,78.15609297612639
STU_013713,68.38977192297313
STU_013714,70.67929751578127
STU_013715,95.59593639365912
STU_013716,69.54217633001505
STU_013717,57.1121724448808
STU_013718,84.53686387944316
STU_013719,72.29088848272688
STU_013720,49.89289579074347
STU_013721,59.626738834515294
STU_013722,78.6813502844651
STU_013723,81.78450443297953
STU_013724,91.55891204276267
STU_013725,65.75859948765407
STU_013726,62.329006927481416
STU_013727,61.131532515220655
STU_013728,91.09859415445659
STU_013729,85.83732673939616
STU_013730,77.5644496260235
STU_013731,82.49613275411717
STU_013732,76.02015708104967
STU_013733,84.49452909888251
STU_013734,61.06236779762273
STU_013735,77.87053502938477
STU_013736,96.77813320630565
STU_013737,86.19007142497856
STU_013738,74.14860473778748
STU_013739,74.25055099660904
STU_013740,78.40176001111688
STU_013741,76.98448224007862
STU_013742,92.9966396461617
STU_013743,92.83169144674837
STU_013744,59.881647434111954
STU_013745,88.95673779635106
STU_013746,86.0009806981122
STU_013747,93.14163906280854
STU_013748,73.8455160054441
STU_013749,97.08995543172139
STU_013750,71.33739506186708
STU_013751,74.33123289061247
STU_013752,80.0967644353515
STU_013753,84.52325959370992
STU_013754,75.3045306555793
STU_013755,68.48024400344883
STU_013756,66.65423943744261
STU_013757,98.92888109733605
STU_013758,96.43314195028093
STU_013759,63.23552691306847
STU_013760,59.75374832843307
STU_013761,91.50865734881535
STU_013762,67.60430994496737
STU_013763,79.37741580770619
STU_013764,63.4899094900551
STU_013765,62.23064321739609
STU_013766,84.30240708899788
STU_013767,83.56735340712886
STU_013768,72.11778909179996
STU_013769,57.660589147138126
STU_013770,87.77881473098917
STU_013771,96.29535605678535
STU_013772,69.92063613780523
STU_013773,69.96114203378592
STU_013774,74.39201259338938
STU_013775,77.15675992231644
STU_013776,58.86263154694602
STU_013777,73.34565339521012
STU_013778,87.33173611083599
STU_013779,98.27641074520051
STU_013780,69.12308526177085
STU_013781,60.169881842139404
STU_013782,77.1657968558358
STU_013783,85.40281690837574
STU_013784,78.67789885684883
STU_013785,71.26642284377988
STU_013786,76.15706358527113
STU_013787,94.61792386635364
STU_013788,59.626947812774574
STU_013789,88.74481302964642
STU_013790,68.15973584289388
STU_013791,84.00675755575047
STU_013792,100.0
STU_013793,73.09187920329553
STU_013794,80.56765852955388
STU_013795,78.11099817193522
STU_013796,71.52497135616576
STU_013797,87.96655836909449
STU_013798,58.657942853073855
STU_013799,78.86580202565152
STU_013800,83.93270977517122
STU_013801,99.88019360610207
STU_013802,81.54847441316561
STU_013803,75.3573624366251
STU_013804,71.7419851548927
STU_013805,96.03586643427812
STU_013806,72.69744991147549
STU_013807,71.36204685805367
STU_013808,75.74220761481445
STU_013809,79.69221364986059
STU_013810,83.93546335054369
STU_013811,68.26774917985469
STU_013812,78.89298934696274
STU_013813,71.74088168371775
STU_013814,64.73691156226411
STU_013815,79.35395286629702
STU_013816,70.88235987377202
STU_013817,82.33701664799233
STU_013818,56.51937907053025
STU_013819,78.77155584071568
STU_013820,73.73401966549102
STU_013821,71.06415404188047
STU_013822,97.04715980834943
STU_013823,92.08893590086501
STU_013824,71.03814532465097
STU_013825,62.469374617874635
STU_013826,83.6738923872447
STU_013827,79.35525472737271
STU_013828,86.29534475892152
STU_013829,77.72592170920062
STU_013830,86.78481282430374
STU_013831,80.55193312807698
STU_013832,89.9748414883543
STU_013833,82.78559076939811
STU_013834,68.89132436975066
STU_013835,82.6823051816651
STU_013836,64.31643135483606
STU_013837,91.33998188764576
STU_013838,57.69612004200168
STU_013839,61.21841339918262
STU_013840,64.31807790572884
STU_013841,99.52268191767664
STU_013842,81.5807733057057
STU_013843,77.693600254325
STU_013844,69.99244053088017
STU_013845,91.02270261608456
STU_013846,87.2146032243642
STU_013847,41.74835144595564
STU_013848,100.0
STU_013849,61.176374571590415
STU_013850,73.9736504559262
STU_013851,63.631392846183935
STU_013852,81.97272077652595
STU_013853,67.1572369662112
STU_013854,84.18601157721139
STU_013855,72.85676661865976
STU_013856,58.73221649563997
STU_013857,77.11336129268267
STU_013858,84.91156313603473
STU_013859,81.62458895685631
STU_013860,74.42283408309586
STU_013861,73.4020870693232
STU_013862,82.18975793995003
STU_013863,80.79230385649385
STU_013864,69.35825584231054
STU_013865,89.64907748197572
STU_013866,53.50879510332186
STU_013867,75.12319186706593
STU_013868,94.34453957675143
STU_013869,70.63859341543713
STU_013870,48.58280825721215
STU_013871,75.96157246599716
STU_013872,99.92740496813143
STU_013873,72.06174303529119
STU_013874,62.49547722915412
STU_013875,64.08359726573552
STU_013876,75.34068713522957
STU_013877,58.35152504863295
STU_013878,63.34280243986909
STU_013879,63.12301552624681
STU_013880,95.42583100219316
STU_013881,69.68272374883028
STU_013882,82.61568222799764
STU_013883,71.39177056643273
STU_013884,81.44939853591237
STU_013885,91.54407070591455
STU_013886,87.4776914708658
STU_013887,75.87578009586481
STU_013888,81.64903708179654
STU_013889,79.55313471909446
STU_013890,96.45741404967116
STU_013891,90.00202470515495
STU_013892,76.3524859377959
STU_013893,59.961558941972314
STU_013894,97.19400931528779
STU_013895,55.5072575119442
STU_013896,90.98484605607804
STU_013897,79.05835757387227
STU_013898,83.76633844244505
STU_013899,85.33562653339169
STU_013900,68.6692312218215
STU_013901,75.19207567893852
STU_013902,73.36346811505297
STU_013903,71.5357986783416
STU_013904,67.91719515344758
STU_013905,85.33908057057383
STU_013906,75.91894007102216
STU_013907,63.05999940100716
STU_013908,67.82397535886108
STU_013909,87.80536706428862
STU_013910,60.57905720816511
STU_013911,82.33358226303903
STU_013912,80.58564900150077
STU_013913,68.87527156491399
STU_013914,63.82033214995987
STU_013915,68.0012132433823
STU_013916,96.15731214107527
STU_013917,53.90579196996629
STU_013918,50.52799510455539
STU_013919,77.7905886606422
STU_013920,79.53467084964056
STU_013921,59.50714382219809
STU_013922,93.46262144766237
STU_013923,89.67608972214636
STU_013924,86.8708285745798
STU_013925,71.20069989644787
STU_013926,82.56944408604618
STU_013927,97.41169816507409
STU_013928,44.73105801372728
STU_013929,60.97563298736496
STU_013930,72.76052118045966
STU_013931,63.6517296109778
STU_013932,65.01461471346678
STU_013933,55.090392613281054
STU_013934,68.19063273019478
STU_013935,74.90720424645784
STU_013936,87.68654011492674
STU_013937,82.15006575909513
STU_013938,76.57965465060668
STU_013939,68.6159170622553
STU_013940,65.77286349312814
STU_013941,68.00001731694117
STU_013942,100.0
STU_013943,63.751058839606415
STU_013944,90.15167278441673
STU_013945,79.42701126749141
STU_013946,96.88441351023971
STU_013947,80.05365179232703
STU_013948,80.52004957396568
STU_013949,46.815084415886055
STU_013950,85.14219712134016
STU_013951,58.11256634250499
STU_013952,94.20674985319405
STU_013953,65.54178536292886
STU_013954,49.30981950509978
STU_013955,63.0897956392044
STU_013956,78.77589819974615
STU_013957,77.15453664891258
STU_013958,70.58598301474113
STU_013959,72.52746165871187
STU_013960,79.75456437092897
STU_013961,68.46307637709765
STU_013962,64.04490039071128
STU_013963,65.95151995574358
STU_013964,73.58737842903389
STU_013965,65.02941190171114
STU_013966,71.17225665357405
STU_013967,72.50855371455272
STU_013968,92.59058233731375
STU_013969,52.792261451138
STU_013970,89.57546299682372
STU_013971,65.6077219810253
STU_013972,73.87091026108408
STU_013973,72.90354559409963
STU_013974,92.80621784947596
STU_013975,86.42163518466813
STU_013976,71.40112496795747
STU_013977,84.10102983028845
STU_013978,94.30012239868316
STU_013979,87.31497676032188
STU_013980,78.67778761255276
STU_013981,75.12858233628445
STU_013982,68.29325121135945
STU_013983,77.38694588216715
STU_013984,69.92096933724311
STU_013985,84.48842710363739
STU_013986,67.18537859441751
STU_013987,90.54727082021579
STU_013988,71.69819314054402
STU_013989,66.09307137785092
STU_013990,69.33630982557366
STU_013991,80.02856050217093
STU_013992,81.26090808455832
STU_013993,77.47164781633575
STU_013994,75.05400503960173
STU_013995,58.835126057257014
STU_013996,76.40479318603545
STU_013997,89.88984487785459
STU_013998,67.07417727112025
STU_013999,76.24183040979061
STU_014000,74.93984531715007
STU_014001,65.22702536940756
STU_014002,61.165417800408
STU_014003,70.35130014456027
STU_014004,56.94878111645673
STU_014005,68.11434863789371
STU_014006,64.00730153441508
STU_014007,83.31782748883765
STU_014008,63.695140689862725
STU_014009,98.33965711411834
STU_014010,75.35660821093634
STU_014011,77.29824634295163
STU_014012,94.04644520730517
STU_014013,52.00105771236996
STU_014014,84.0161030185707
STU_014015,83.63961130251823
STU_014016,66.93374557129489
STU_014017,78.85726642845322
STU_014018,76.07717905185883
STU_014019,85.5973334902732
STU_014020,82.17556742468362
STU_014021,89.09963822230735
STU_014022,72.09981781776168
STU_014023,66.57273414611603
STU_014024,74.91118554599689
STU_014025,80.04738709177361
STU_014026,71.86661865683669
STU_014027,100.0
STU_014028,79.61735294728219
STU_014029,77.31409934595936
STU_014030,79.77278611260422
STU_014031,74.67740254353325
STU_014032,71.14479718824768
STU_014033,74.0494801492515
STU_014034,88.15659700231527
STU_014035,93.1523928328534
STU_014036,54.997098232340136
STU_014037,52.02174316593281
STU_014038,83.62289607132732
STU_014039,88.0818291250583
STU_014040,70.60083965381584
STU_014041,76.340250714427
STU_014042,69.95244164454331
STU_014043,69.37087560959817
STU_014044,100.0
STU_014045,78.4952795246144
STU_014046,65.94326651579068
STU_014047,89.12440513398278
STU_014048,62.869954287939386
STU_014049,85.2485251593943
STU_014050,77.50749071271484
STU_014051,74.15667389768286
STU_014052,81.30315413360711
STU_014053,89.37911889086269
STU_014054,89.26632702424583
STU_014055,100.0
STU_014056,76.90608695736714
STU_014057,67.10190577529463
STU_014058,77.27696700419972
STU_014059,59.520912558111704
STU_014060,77.23868737614929
STU_014061,68.83815823181803
STU_014062,88.38562801405058
STU_014063,70.14313066118686
STU_014064,66.56184997894405
STU_014065,63.339125416689
STU_014066,43.592157754047456
STU_014067,94.27584605883163
STU_014068,71.14647294671148
STU_014069,77.30635956733477
STU_014070,77.09272790145742
STU_014071,41.99067639733655
STU_014072,74.75089321161491
STU_014073,78.73962670248261
STU_014074,74.15858020362094
STU_014075,72.139650606077
STU_014076,66.17967651216448
STU_014077,56.76034861643061
STU_014078,54.20244730447726
STU_014079,80.40052927108417
STU_014080,87.83271177803579
STU_014081,100.0
STU_014082,83.78574055267846
STU_014083,63.608494344158366
STU_014084,75.04336977715623
STU_014085,99.08329810378564
STU_014086,56.70013505950958
STU_014087,69.51165223382935
STU_014088,73.030915592499
STU_014089,70.30369382114364
STU_014090,68.75295635872656
STU_014091,89.98608108869254
STU_014092,72.01152567620663
STU_014093,71.66736512678631
STU_014094,62.67889335912703
STU_014095,79.10775806690135
STU_014096,84.56059702767175
STU_014097,90.30577831512528
STU_014098,69.68688200379552
STU_014099,73.25508009120817
STU_014100,65.54074465397115
STU_014101,76.65659669546332
STU_014102,80.92115045233554
STU_014103,73.94601773683029
STU_014104,96.47672584657423
STU_014105,45.16500478459411
STU_014106,69.2146202189244
STU_014107,88.10129888321146
STU_014108,80.67844495096003
STU_014109,80.87097712285772
STU_014110,87.74276070021381
STU_014111,89.14157544077477
STU_014112,60.420438049535235
STU_014113,60.1298766051663
STU_014114,62.59312632384334
STU_014115,76.06936824092024
STU_014116,98.69760296406437
STU_014117,66.59788165694786
STU_014118,97.03660393186132
STU_014119,69.22074615445024
STU_014120,66.2288408864277
STU_014121,60.53598151533933
STU_014122,60.86622314668861
STU_014123,58.873854969523926
STU_014124,56.37428763318622
STU_014125,85.43049769900544
STU_014126,63.36365080061911
STU_014127,70.70021497703246
STU_014128,58.191837253300804
STU_014129,87.31173596429973
STU_014130,81.38897366805486
STU_014131,87.24008350756388
STU_014132,80.38211050349234
STU_014133,74.03999974243608
STU_014134,46.26087443661373
STU_014135,76.00174260839607
STU_014136,71.3791575109991
STU_014137,96.40926772757481
STU_014138,57.68769014951697
STU_014139,71.45640004774049
STU_014140,77.04511659924543
STU_014141,86.65382118792655
STU_014142,76.24936466405754
STU_014143,76.95247640406289
STU_014144,96.39744637080548
STU_014145,68.94354138140461
STU_014146,96.03683899272765
STU_014147,80.89493736588203
STU_014148,91.64229154058546
STU_014149,82.82910894498681
STU_014150,66.1494549300591
STU_014151,96.899383481732
STU_014152,90.32896623887315
STU_014153,60.93530130619119
STU_014154,76.95098049882623
STU_014155,70.88268099776828
STU_014156,92.42647771103485
STU_014157,81.71546901695746
STU_014158,78.9027106783541
STU_014159,83.247483450881
STU_014160,93.33316976611908
STU_014161,78.60963544797715
STU_014162,94.28038537496155
STU_014163,76.26703266030908
STU_014164,57.31044448711729
STU_014165,96.92024010627281
STU_014166,72.72965252401049
STU_014167,80.64980684062861
STU_014168,63.28567442386822
STU_014169,57.50043664977625
STU_014170,79.93102170233294
STU_014171,85.67567554300473
STU_014172,82.37523079215822
STU_014173,69.3074783571146
STU_014174,80.65993577578064
STU_014175,83.38164343785982
STU_014176,65.44715613380642
STU_014177,71.27651312984034
STU_014178,75.7151352877438
STU_014179,88.6294819905093
STU_014180,81.84296706629955
STU_014181,78.28251232085314
STU_014182,91.5545139451952
STU_014183,64.93035513984776
STU_014184,86.63394128865289
STU_014185,78.17103618508317
STU_014186,92.15107044053734
STU_014187,93.52075819985073
STU_014188,72.53909428832742
STU_014189,64.75808442865414
STU_014190,68.46336877154208
STU_014191,69.47796032651848
STU_014192,65.08179091782311
STU_014193,85.68553374235394
STU_014194,67.73865510225576
STU_014195,62.35441072107226
STU_014196,83.5231313227487
STU_014197,63.58780647870597
STU_014198,70.01464581240198
STU_014199,61.28742247212325
STU_014200,73.39555344307712
STU_014201,78.4335910864994
STU_014202,83.42636683676099
STU_014203,62.74309286521812
STU_014204,88.7381802543224
STU_014205,67.9292944933768
STU_014206,72.41414740556762
STU_014207,73.15673008970107
STU_014208,71.5427715458172
STU_014209,67.43164518371502
STU_014210,92.8684049045276
STU_014211,80.04838902334082
STU_014212,99.70861501450577
STU_014213,75.72076256363209
STU_014214,65.02972376889325
STU_014215,69.65282932138442
STU_014216,71.02820513417342
STU_014217,85.85098386442456
STU_014218,100.0
STU_014219,68.72006498197538
STU_014220,74.84628314672801
STU_014221,82.16808406890752
STU_014222,81.46030559568051
STU_014223,87.59837700288804
STU_014224,96.60060007908312
STU_014225,75.07549467341308
STU_014226,58.51616105667726
STU_014227,72.30505546069082
STU_014228,60.782876377855374
STU_014229,90.79609786224793
STU_014230,89.81671394274049
STU_014231,78.12701681792979
STU_014232,76.13742565642309
STU_014233,54.84379141911305
STU_014234,99.7082067843416
STU_014235,77.21488765522903
STU_014236,71.74493930718636
STU_014237,85.52018944483612
STU_014238,48.938405527642956
STU_014239,90.21426455365366
STU_014240,66.84307018620214
STU_014241,81.60684761170964
STU_014242,89.52273398715575
STU_014243,63.34466114150644
STU_014244,76.85205167075028
STU_014245,80.37786802534997
STU_014246,76.06933206924725
STU_014247,64.96038069466205
STU_014248,91.16265790738981
STU_014249,78.43355272857139
STU_014250,81.00240392307988
STU_014251,77.74242710268886
STU_014252,67.0378945980443
STU_014253,88.4152251162111
STU_014254,71.44000286169808
STU_014255,97.22526119629919
STU_014256,67.83290486480267
STU_014257,73.1727775286416
STU_014258,86.29797322091082
STU_014259,66.37913593259468
STU_014260,84.4596739247917
STU_014261,86.2043563488819
STU_014262,78.54642255665279
STU_014263,61.40177616519379
STU_014264,89.06075439774546
STU_014265,68.39597673275674
STU_014266,80.29421085632417
STU_014267,94.05886025997722
STU_014268,90.68548115530317
STU_014269,69.30225686975558
STU_014270,75.90519852908793
STU_014271,62.6691817707116
STU_014272,69.80133951582427
STU_014273,66.87354190738618
STU_014274,64.82470625856516
STU_014275,82.34537220215059
STU_014276,67.78167800075873
STU_014277,89.76492356147398
STU_014278,59.80926440562332
STU_014279,95.17139610267614
STU_014280,54.89158826885501
STU_014281,88.82548372755627
STU_014282,67.08907183389772
STU_014283,58.24063723624197
STU_014284,84.04335793511731
STU_014285,91.96184886719678
STU_014286,68.56771647273887
STU_014287,80.69836054389194
STU_014288,50.80574303550162
STU_014289,74.33269780065574
STU_014290,73.50203251793612
STU_014291,68.77607152316294
STU_014292,75.59781803648742
STU_014293,72.28122500823106
STU_014294,61.843668481088
STU_014295,70.33700094413469
STU_014296,64.0449058508233
STU_014297,58.49140414499706
STU_014298,72.78097147986917
STU_014299,77.40507681949525
STU_014300,89.26143897065593
STU_014301,56.87932820417941
STU_014302,100.0
STU_014303,92.93652813652088
STU_014304,62.97247662569707
STU_014305,78.85503416869396
STU_014306,74.47734745369189
STU_014307,98.43960139535557
STU_014308,69.92401205966789
STU_014309,94.1986372726042
STU_014310,71.11178799817527
STU_014311,99.68781056677446
STU_014312,80.10061903540014
STU_014313,72.3724260357357
STU_014314,67.1703554582813
STU_014315,79.34653732485953
STU_014316,74.83482691744028
STU_014317,69.35902550682115
STU_014318,75.29492251404012
STU_014319,61.74311347030828
STU_014320,75.76718803600043
STU_014321,64.534401586652
STU_014322,92.12208605542347
STU_014323,85.46758182183561
STU_014324,83.34419739038177
STU_014325,82.75158245635092
STU_014326,83.02096581300536
STU_014327,70.31684640645102
STU_014328,51.839740967919894
STU_014329,94.30586878836507
STU_014330,55.76810229023913
STU_014331,65.46669760832614
STU_014332,58.03427572695429
STU_014333,64.5716761634425
STU_014334,91.96847439580466
STU_014335,80.43540361719526
STU_014336,90.00146424242894
STU_014337,81.47592714299725
STU_014338,64.6568172203823
STU_014339,65.83428573101578
STU_014340,59.83517558068185
STU_014341,92.0344839171889
STU_014342,59.013036032750016
STU_014343,67.94294721170358
STU_014344,47.67396704365197
STU_014345,77.03740937122375
STU_014346,87.7742623098408
STU_014347,65.92323672549595
STU_014348,73.96017847524529
STU_014349,66.50718802757835
STU_014350,70.7888561671106
STU_014351,74.80354932732997
STU_014352,90.45646659905776
STU_014353,90.67542404779105
STU_014354,89.95209889375617
STU_014355,63.21616785510806
STU_014356,48.516855085623746
STU_014357,83.45045218587741
STU_014358,58.229552550333125
STU_014359,79.53546553078053
STU_014360,57.16486330653959
STU_014361,70.58789835005565
STU_014362,98.63883380351925
STU_014363,47.9222893865036
STU_014364,84.81409535140519
STU_014365,63.90425922696599
STU_014366,77.67978408592346
STU_014367,71.31034453571208
STU_014368,88.16944199176808
STU_014369,87.09938825315452
STU_014370,94.17951779852959
STU_014371,76.152528024287
STU_014372,86.07101129271834
STU_014373,67.38876094314197
STU_014374,76.55102340602866
STU_014375,80.54566685543885
STU_014376,89.63699157380434
STU_014377,82.89403967741792
STU_014378,97.41832235933694
STU_014379,73.89476848470073
STU_014380,83.60131789598566
STU_014381,41.399374858353404
STU_014382,77.51339532788792
STU_014383,73.23553108444526
STU_014384,85.9731307627062
STU_014385,89.1224404477201
STU_014386,61.85817313506173
STU_014387,79.16104242468134
STU_014388,69.85423284557538
STU_014389,75.97514488105556
STU_014390,70.42659400096588
STU_014391,45.21278995383103
STU_014392,87.27387535606685
STU_014393,87.63492543980809
STU_014394,76.76258834017958
STU_014395,95.85425138460083
STU_014396,91.99476027310533
STU_014397,82.13703022133826
STU_014398,98.40498042103295
STU_014399,73.91929400036881
STU_014400,93.25819936855893
STU_014401,82.17446229028627
STU_014402,77.46722380203084
STU_014403,79.04317086240229
STU_014404,81.56915803910455
STU_014405,63.85795184507748
STU_014406,81.94481192987872
STU_014407,99.33233339274996
STU_014408,60.19166551964977
STU_014409,54.368181427296676
STU_014410,70.74868956944073
STU_014411,65.98798896820163
STU_014412,72.86146867504955
STU_014413,82.52111696635605
STU_014414,65.27865498220186
STU_014415,73.7459358690382
STU_014416,80.60195933183181
STU_014417,95.10020880141003
STU_014418,88.56967046961852
STU_014419,57.56172638466776
STU_014420,91.19285642866019
STU_014421,91.72461738398223
STU_014422,72.91032482765439
STU_014423,94.6693289319982
STU_014424,79.13372437011819
STU_014425,98.40245730069904
STU_014426,70.44284832695664
STU_014427,85.07676602650872
STU_014428,95.85683683348253
STU_014429,92.86649481240882
STU_014430,56.84143168021264
STU_014431,58.14321696505815
STU_014432,66.06191184837269
STU_014433,58.089103689614646
STU_014434,77.25369213082806
STU_014435,94.98885678198673
STU_014436,59.01848551204746
STU_014437,71.21111625535784
STU_014438,76.48080461156485
STU_014439,85.91108540292754
STU_014440,48.73715971641246
STU_014441,63.13102112543419
STU_014442,72.75282547156412
STU_014443,52.06960812318839
STU_014444,53.97118465127207
STU_014445,69.7566340370252
STU_014446,66.53222802166297
STU_014447,93.81032736634255
STU_014448,64.13154881516729
STU_014449,51.581963130915085
STU_014450,68.18781868168871
STU_014451,88.05950539534683
STU_014452,90.65984544288654
STU_014453,100.0
STU_014454,91.48992273817225
STU_014455,85.56474218662964
STU_014456,83.00545260924096
STU_014457,64.7828826774033
STU_014458,64.89610118995387
STU_014459,76.27627571150619
STU_014460,99.8211491982056
STU_014461,91.67481933569152
STU_014462,85.57603857605358
STU_014463,81.19806658127251
STU_014464,74.47984828252844
STU_014465,90.8466909592706
STU_014466,70.87703655905862
STU_014467,75.52694140785293
STU_014468,71.59674482795192
STU_014469,87.23901290518391
STU_014470,73.95227926802866
STU_014471,81.79361517973027
STU_014472,67.34665349987662
STU_014473,75.44840789910326
STU_014474,88.98135140554862
STU_014475,61.796572350050255
STU_014476,66.21013657404404
STU_014477,90.07232047987154
STU_014478,84.63615260812055
STU_014479,96.1675088578219
STU_014480,76.28737147949111
STU_014481,89.73068575490103
STU_014482,55.35341798708852
STU_014483,94.20390707228867
STU_014484,50.116483220772054
STU_014485,75.15863984641965
STU_014486,91.35952235939087
STU_014487,83.2351756938532
STU_014488,72.714030925981
STU_014489,51.262630550387634
STU_014490,86.74306977124438
STU_014491,80.51365434683824
STU_014492,82.47560233764335
STU_014493,62.952236182918696
STU_014494,85.68717850104665
STU_014495,73.71239467491158
STU_014496,74.45170993966897
STU_014497,64.66898377604588
STU_014498,85.29018821670901
STU_014499,81.26944149524797
STU_014500,67.60146156914354
STU_014501,65.89571861919403
STU_014502,72.87121879153965
STU_014503,73.72952508106445
STU_014504,98.3769326836865
STU_014505,72.82605056568929
STU_014506,74.74323401803
STU_014507,75.26561640404589
STU_014508,65.53091832076701
STU_014509,78.22590005477845
STU_014510,62.711323973531556
STU_014511,84.51242824875392
STU_014512,76.66087148710086
STU_014513,80.33275283106514
STU_014514,81.21061975559701
STU_014515,75.414525064679
STU_014516,81.69062991388407
STU_014517,81.86505251973983
STU_014518,75.69099896920297
STU_014519,63.07882335786031
STU_014520,76.68638160749428
STU_014521,92.79674508678639
STU_014522,68.00999568094231
STU_014523,91.68550262076664
STU_014524,91.03675418201203
STU_014525,71.03040118178143
STU_014526,81.9568256930886
STU_014527,47.31495110065791
STU_014528,63.1628056012319
STU_014529,89.3881320343346
STU_014530,70.39757457290524
STU_014531,75.00432196136391
STU_014532,93.07940665624824
STU_014533,98.51345737405708
STU_014534,95.93944287949017
STU_014535,92.47956502524292
STU_014536,85.5466403165653
STU_014537,78.5808398476186
STU_014538,63.49896621519754
STU_014539,64.46047857854911
STU_014540,56.38793759072159
STU_014541,85.29491718277256
STU_014542,57.60020502901837
STU_014543,88.07504605952731
STU_014544,69.4176518081225
STU_014545,58.12317113620655
STU_014546,59.90193770447502
STU_014547,65.35286783587982
STU_014548,89.98190184518575
STU_014549,95.17453612937632
STU_014550,80.07303736553772
STU_014551,71.59585358420763
STU_014552,69.47599525044689
STU_014553,83.46619601586647
STU_014554,76.93426762596151
STU_014555,71.05077699853227
STU_014556,95.08811188762235
STU_014557,76.16242957290255
STU_014558,61.66215032868501
STU_014559,81.03528093398972
STU_014560,96.2557662429347
STU_014561,73.70398802288103
STU_014562,69.3575081683215
STU_014563,76.86407171431617
STU_014564,95.57272897072511
STU_014565,62.29248449583895
STU_014566,88.4676746926314
STU_014567,68.08604952873122
STU_014568,66.13661993867548
STU_014569,77.11291399026345
STU_014570,57.70954933051347
STU_014571,65.83836545732981
STU_014572,68.82675446322045
STU_014573,78.67041672692876
STU_014574,65.59842069891542
STU_014575,61.06355078003503
STU_014576,70.44594922444944
STU_014577,59.35212745180563
STU_014578,62.131351688897766
STU_014579,81.85172691302415
STU_014580,87.63242032380828
STU_014581,88.05814386553783
STU_014582,82.00144721528117
STU_014583,70.99141019984586
STU_014584,82.47316938886
STU_014585,76.11066424902637
STU_014586,88.03687003477458
STU_014587,62.404793634377924
STU_014588,78.38412425718532
STU_014589,61.50747908160322
STU_014590,68.51784587425811
STU_014591,85.70278955061454
STU_014592,75.51757921891964
STU_014593,92.67708578392865
STU_014594,95.04979679879642
STU_014595,54.712010102981054
STU_014596,100.0
STU_014597,71.10104629752202
STU_014598,63.28929079524188
STU_014599,78.06375175992777
STU_014600,58.97330452841829
STU_014601,79.4777963596424
STU_014602,89.94552561935247
STU_014603,50.22395003994029
STU_014604,86.09028718040594
STU_014605,96.78051427929873
STU_014606,58.46216823679711
STU_014607,76.47083459598407
STU_014608,61.419561721757596
STU_014609,82.13790946168965
STU_014610,78.52076507762659
STU_014611,79.62664200499971
STU_014612,57.021032388183826
STU_014613,68.2770603214055
STU_014614,86.05903239911464
STU_014615,78.45067683878734
STU_014616,95.557988992899
STU_014617,63.21580216390522
STU_014618,86.58065015625809
STU_014619,79.53645359864598
STU_014620,83.4294655838201
STU_014621,61.51017715082864
STU_014622,93.52349350103717
STU_014623,72.37174399143056
STU_014624,85.0119054274853
STU_014625,75.11974269555549
STU_014626,91.89027247006852
STU_014627,66.95063696158662
STU_014628,58.46126113204237
STU_014629,81.97008682416381
STU_014630,72.55634698935721
STU_014631,60.83780519778068
STU_014632,73.17539768989664
STU_014633,69.08985618842505
STU_014634,93.3773113146842
STU_014635,60.08164910439289
STU_014636,46.970708881645166
STU_014637,86.41043723000858
STU_014638,69.70994374038038
STU_014639,78.04522355281262
STU_014640,70.30252859008769
STU_014641,64.00765732341893
STU_014642,94.9868342851385
STU_014643,55.362988902066775
STU_014644,93.48890370578863
STU_014645,75.24217455790637
STU_014646,89.55768753305766
STU_014647,87.70819392507283
STU_014648,70.27833501262563
STU_014649,93.05423948631604
STU_014650,70.60227403663755
STU_014651,66.07309394608377
STU_014652,87.60628421295556
STU_014653,79.06673588649065
STU_014654,87.9921818687581
STU_014655,52.50994788518877
STU_014656,71.72267327918486
STU_014657,56.53607480860245
STU_014658,77.5574292977776
STU_014659,73.29173831418684
STU_014660,70.27232108052276
STU_014661,56.423595468330454
STU_014662,74.51840721697499
STU_014663,74.18584347999796
STU_014664,55.30528543979122
STU_014665,75.5598713682788
STU_014666,89.53194784644879
STU_014667,82.10945701790061
STU_014668,60.23113322770275
STU_014669,80.68040544444017
STU_014670,98.19392962335138
STU_014671,78.78929183314493
STU_014672,89.42960116201027
STU_014673,95.36694303767814
STU_014674,93.21645622059646
STU_014675,83.31703729393104
STU_014676,78.66770686930673
STU_014677,62.84293234731422
STU_014678,70.80570565979495
STU_014679,61.95862427832458
STU_014680,49.69568393746666
STU_014681,91.87721229319274
STU_014682,49.84276446299454
STU_014683,67.5700172448859
STU_014684,64.63363221549727
STU_014685,66.2712532290639
STU_014686,79.12204289384437
STU_014687,85.3756538414452
STU_014688,95.78594662873812
STU_014689,67.04963681574183
STU_014690,61.81519422268185
STU_014691,87.64354808139419
STU_014692,91.06919192095404
STU_014693,72.44717589479419
STU_014694,76.44484236571435
STU_014695,99.82056935617358
STU_014696,50.11150015388027
STU_014697,72.55476409762365
STU_014698,90.41429083849975
STU_014699,68.39233079255816
STU_014700,85.82443884317075
STU_014701,68.25760993655955
STU_014702,89.31819609132033
STU_014703,79.5059975804999
STU_014704,92.70849597460965
STU_014705,81.06584793236605
STU_014706,85.13400965450525
STU_014707,92.11418818486908
STU_014708,95.07062178086443
STU_014709,76.27127363884014
STU_014710,54.17280778594761
STU_014711,74.6792307777992
STU_014712,77.04591442854003
STU_014713,45.90000019744241
STU_014714,81.07790911415279
STU_014715,72.97069029207896
STU_014716,64.51270668633607
STU_014717,60.59070624180098
STU_014718,63.507366703229025
STU_014719,91.46495543991077
STU_014720,80.09712173055425
STU_014721,55.47834803030897
STU_014722,68.12537538597871
STU_014723,92.08741621325214
STU_014724,90.14446414528425
STU_014725,71.21993066507906
STU_014726,65.75645130106759
STU_014727,58.47628566393022
STU_014728,89.08691074269862
STU_014729,82.36158804196846
STU_014730,56.49247072359668
STU_014731,67.72899544649027
STU_014732,73.94271919622913
STU_014733,77.23269987712257
STU_014734,60.814901888868576
STU_014735,99.41674062109048
STU_014736,76.22558741011308
STU_014737,78.57948855194921
STU_014738,70.50897023887948
STU_014739,85.3432425817924
STU_014740,80.39979254115477
STU_014741,81.17787150237858
STU_014742,91.99446721954068
STU_014743,95.8418062604473
STU_014744,68.00138796524772
STU_014745,84.25687566272029
STU_014746,46.39907852490501
STU_014747,71.34674852975304
STU_014748,97.44783743808287
STU_014749,95.47612693247265
STU_014750,84.6976385077575
STU_014751,91.82016570948892
STU_014752,79.90701268567766
STU_014753,61.73287051174981
STU_014754,97.48949731298815
STU_014755,68.31510673608706
STU_014756,72.01576717857469
STU_014757,72.43322762930637
STU_014758,99.20045779557506
STU_014759,68.81320055894787
STU_014760,76.68074692888527
STU_014761,75.25129066590421
STU_014762,100.0
STU_014763,82.49557654592718
STU_014764,100.0
STU_014765,77.78218805981896
STU_014766,78.22298813433397
STU_014767,68.10611666559075
STU_014768,62.92471937416906
STU_014769,94.25061999257665
STU_014770,77.96964969466174
STU_014771,72.96704091559496
STU_014772,71.699509209337
STU_014773,85.19155822814122
STU_014774,90.61062528040017
STU_014775,77.86617026281344
STU_014776,77.32808670316946
STU_014777,78.29565373216472
STU_014778,79.42106055834269
STU_014779,77.93557997877906
STU_014780,61.78783504747934
STU_014781,86.52365958632132
STU_014782,86.04841847733661
STU_014783,93.0260209445491
STU_014784,96.25515231846654
STU_014785,83.63931064219858
STU_014786,81.75878446086759
STU_014787,75.54506725527929
STU_014788,92.28313154391591
STU_014789,74.7076492665875
STU_014790,78.18250841598613
STU_014791,71.03556463056766
STU_014792,57.576058210587
STU_014793,63.99212721108903
STU_014794,63.94891714315298
STU_014795,78.20363517069924
STU_014796,75.27320684383372
STU_014797,76.91697597477201
STU_014798,86.47140792476925
STU_014799,90.40175168321045
STU_014800,85.86393132572157
STU_014801,87.58796196839728
STU_014802,58.553746425782585
STU_014803,86.81423098434965
STU_014804,80.29727666827003
STU_014805,72.72510822038885
STU_014806,76.27966723330842
STU_014807,66.73736703912917
STU_014808,71.54868854641673
STU_014809,53.96330160513875
STU_014810,90.13507773547548
STU_014811,97.28405015963659
STU_014812,71.6800208303776
STU_014813,61.09251544903434
STU_014814,67.74528550253717
STU_014815,56.59052737348628
STU_014816,83.42960040204272
STU_014817,86.84001915355313
STU_014818,53.62908483342519
STU_014819,81.25288426996632
STU_014820,71.68095240090427
STU_014821,63.11575152429319
STU_014822,93.80643193191179
STU_014823,67.29927919545294
STU_014824,93.58814457963824
STU_014825,78.57403036289686
STU_014826,93.19586506916752
STU_014827,62.2488344428166
STU_014828,74.68564990999207
STU_014829,74.094026119702
STU_014830,84.57496540223431
STU_014831,85.91279814013717
STU_014832,63.78126609691052
STU_014833,63.57053624464912
STU_014834,82.94815593393396
STU_014835,79.10131030408493
STU_014836,85.55269156135088
STU_014837,66.8326487756431
STU_014838,72.9368907463248
STU_014839,79.7306754948807
STU_014840,78.30892702190043
STU_014841,95.4970947508722
STU_014842,53.627854110144256
STU_014843,74.27599515603232
STU_014844,94.17880134673464
STU_014845,69.5240609190164
STU_014846,83.16699599236796
STU_014847,81.03418089176004
STU_014848,60.79323928452719
STU_014849,59.62673766583872
STU_014850,72.6328883096324
STU_014851,81.91781863302732
STU_014852,83.73828481558878
STU_014853,63.71363410306435
STU_014854,64.83727635182404
STU_014855,74.21169189130694
STU_014856,71.31929309294912
STU_014857,78.12695843109685
STU_014858,65.47727593232688
STU_014859,85.8720495655254
STU_014860,47.568440463041426
STU_014861,88.47851378338517
STU_014862,95.0221039671959
STU_014863,70.20699454306668
STU_014864,78.16462386740025
STU_014865,71.761758428087
STU_014866,72.56154850875082
STU_014867,72.73839814074469
STU_014868,100.0
STU_014869,99.66724118893566
STU_014870,72.51209275473357
STU_014871,76.39978545643724
STU_014872,83.69674331087965
STU_014873,68.78956361254927
STU_014874,72.4281972011373
STU_014875,83.0648999815816
STU_014876,56.7870375082628
STU_014877,69.03340789382513
STU_014878,63.69043170043347
STU_014879,79.94300076732137
STU_014880,81.424969390647
STU_014881,80.14636575978655
STU_014882,69.30762697675877
STU_014883,80.15772538600099
STU_014884,70.18199604843792
STU_014885,83.47146911906619
STU_014886,65.45231332295461
STU_014887,75.89668058298838
STU_014888,88.34439965889601
STU_014889,73.66678359877743
STU_014890,93.11326450711536
STU_014891,75.62596518763763
STU_014892,86.1114379666763
STU_014893,64.96472521735829
STU_014894,77.72084522470362
STU_014895,59.52012126090753
STU_014896,74.64122125256313
STU_014897,77.2703098208851
STU_014898,83.82647722883615
STU_014899,56.4759366141086
STU_014900,98.19402690978728
STU_014901,82.00253775852461
STU_014902,80.34387813742416
STU_014903,89.17330723494888
STU_014904,82.21107441990895
STU_014905,91.51722311328034
STU_014906,77.70479362108541
STU_014907,53.91263652687756
STU_014908,78.79157721647327
STU_014909,82.14848231624362
STU_014910,72.13483472599873
STU_014911,92.84399342145105
STU_014912,79.73181160821615
STU_014913,73.42370184439466
STU_014914,51.18623974112872
STU_014915,58.41733919687045
STU_014916,71.66982173514512
STU_014917,95.98334202780862
STU_014918,85.26794122199342
STU_014919,55.295210389820056
STU_014920,91.31210386980752
STU_014921,64.52057031382523
STU_014922,58.06578407166595
STU_014923,70.60636445171043
STU_014924,81.94241265136054
STU_014925,97.04704288488082
STU_014926,83.19942002503294
STU_014927,73.2138510664794
STU_014928,60.15410502392736
STU_014929,82.59428662499745
STU_014930,82.27749490938572
STU_014931,88.1071778064618
STU_014932,58.46803554396212
STU_014933,79.01540084059408
STU_014934,68.3659698481213
STU_014935,78.30072289424372
STU_014936,78.71357350952758
STU_014937,79.37785610419768
STU_014938,98.20922786576457
STU_014939,72.26389723579717
STU_014940,90.81868058800829
STU_014941,67.47798834648506
STU_014942,89.86959575746322
STU_014943,63.751896568338466
STU_014944,73.72359195715833
STU_014945,62.93295369386775
STU_014946,70.48824486469087
STU_014947,66.62708110528241
STU_014948,84.76183433310865
STU_014949,59.204478033626785
STU_014950,86.77972763743585
STU_014951,74.49969284413376
STU_014952,75.90454599317752
STU_014953,93.19398552908336
STU_014954,90.32728897765091
STU_014955,95.70771632111465
STU_014956,81.66960829303137
STU_014957,79.27600401338253
STU_014958,69.64308608452689
STU_014959,55.05337721948062
STU_014960,93.953407210499
STU_014961,87.99741388723106
STU_014962,53.51806163113463
STU_014963,77.69960504547306
STU_014964,89.56560453472076
STU_014965,83.04466658928268
STU_014966,70.00154238732934
STU_014967,53.97477226750572
STU_014968,92.5596306838755
STU_014969,73.9574896568386
STU_014970,70.9906281473526
STU_014971,71.3374908605271
STU_014972,90.53182257175376
STU_014973,73.66856519948867
STU_014974,69.68684773463765
STU_014975,67.6610363423144
STU_014976,85.56056257725503
STU_014977,81.8072276561649
STU_014978,87.23947668012211
STU_014979,92.83147077040888
STU_014980,62.278399980629885
STU_014981,95.1209822686867
STU_014982,66.60383617859944
STU_014983,86.5356914941857
STU_014984,60.72583452570789
STU_014985,69.16217156234329
STU_014986,48.81743741789846
STU_014987,91.49776178896593
STU_014988,64.46209309980361
STU_014989,100.0
STU_014990,83.37460901978828
STU_014991,98.13308280815048
STU_014992,76.54092221915208
STU_014993,61.48777114518772
STU_014994,89.35091497422088
STU_014995,86.47368318972156
STU_014996,70.2795174059923
STU_014997,81.53526790355666
STU_014998,79.96423212773293
STU_014999,94.69814358200392
STU_015000,71.0538786934922
STU_015001,57.4346279473386
STU_015002,67.54841300768898
STU_015003,61.926678395593385
STU_015004,64.3413878770603
STU_015005,60.89997565220611
STU_015006,66.36138482007033
STU_015007,84.91839553198504
STU_015008,75.49039063754215
STU_015009,82.7014415174105
STU_015010,74.97829819111665
STU_015011,51.556673155310534
STU_015012,97.02017602763672
STU_015013,66.9089422346317
STU_015014,61.622843530887245
STU_015015,88.94434646894463
STU_015016,84.96779762777678
STU_015017,88.00645077367102
STU_015018,75.41507692389592
STU_015019,85.75442703546285
STU_015020,64.59597716728626
STU_015021,74.64272218814305
STU_015022,65.55205042559362
STU_015023,75.84988646696996
STU_015024,69.32472977172539
STU_015025,80.01312708786081
STU_015026,72.55701836681428
STU_015027,84.7835043604101
STU_015028,75.39789717189652
STU_015029,78.59507358098134
STU_015030,93.11043517450554
STU_015031,74.03380177889618
STU_015032,68.93424853252696
STU_015033,80.04320147961492
STU_015034,66.47203520649987
STU_015035,77.50639357123335
STU_015036,69.34837678922723
STU_015037,79.85864030566296
STU_015038,90.40515110500971
STU_015039,64.68794573485641
STU_015040,81.51472869247053
STU_015041,82.18421239137895
STU_015042,51.046867592004915
STU_015043,79.36600388094362
STU_015044,87.65183899852055
STU_015045,90.52119898410848
STU_015046,68.27514857113032
STU_015047,85.33375823631425
STU_015048,67.40023130173829
STU_015049,72.27299265954548
STU_015050,61.824463620519694
STU_015051,65.87174946776415
STU_015052,62.23204928437886
STU_015053,65.86189984071699
STU_015054,92.55732609046589
STU_015055,78.72121155770888
STU_015056,60.749428595331864
STU_015057,95.45436556397968
STU_015058,62.76570160528875
STU_015059,97.65640451646757
STU_015060,76.68155113284048
STU_015061,79.14988347062743
STU_015062,75.78031564078488
STU_015063,67.30140291524847
STU_015064,67.06928548563175
STU_015065,92.37371973658026
STU_015066,83.71212790222305
STU_015067,75.13065770537223
STU_015068,63.141079502271964
STU_015069,75.33362787256124
STU_015070,74.55492757554394
STU_015071,78.51231783659415
STU_015072,100.0
STU_015073,71.43019070838857
STU_015074,69.34748141443622
STU_015075,90.5807286498497
STU_015076,71.74389756901546
STU_015077,65.80288250411517
STU_015078,69.8680677981524
STU_015079,99.72641906721935
STU_015080,66.11020754898368
STU_015081,97.52785653470184
STU_015082,62.63250685762338
STU_015083,81.16600105549963
STU_015084,67.28250881086944
STU_015085,77.27323328295702
STU_015086,71.31626148926752
STU_015087,58.150104658693834
STU_015088,91.65626400446773
STU_015089,70.49064085833017
STU_015090,85.459154586054
STU_015091,73.0964643590436
STU_015092,76.69908628275951
STU_015093,93.18634966930018
STU_015094,71.8171761992497
STU_015095,73.04168698088473
STU_015096,89.78123831523506
STU_015097,79.7265931308713
STU_015098,72.12092631265192
STU_015099,57.544802784648056
STU_015100,83.26721200442911
STU_015101,77.27166762887346
STU_015102,79.8328166104427
STU_015103,97.17659244437144
STU_015104,77.2708124744528
STU_015105,93.92853262685996
STU_015106,72.1666291102581
STU_015107,71.19446952464776
STU_015108,77.73677459030814
STU_015109,76.60919515768117
STU_015110,83.55636915519536
STU_015111,59.45793664607016
STU_015112,75.74430450672875
STU_015113,70.89492039623974
STU_015114,88.65762687775324
STU_015115,61.4536424928869
STU_015116,87.11766620645346
STU_015117,69.80213193027211
STU_015118,59.814165091328654
STU_015119,82.90523602323852
STU_015120,87.92063168260205
STU_015121,63.08162833644053
STU_015122,100.0
STU_015123,67.04810295465651
STU_015124,89.57547430520258
STU_015125,75.52791637069909
STU_015126,65.79954845505492
STU_015127,89.46454276153123
STU_015128,80.83536746630092
STU_015129,67.45801815770778
STU_015130,74.08933901487156
STU_015131,84.1090312196485
STU_015132,90.81880530891402
STU_015133,93.50345819964926
STU_015134,85.14980245088215
STU_015135,88.45464692150802
STU_015136,75.92437626901011
STU_015137,75.85002920792434
STU_015138,71.52182715440226
STU_015139,85.4741453938458
STU_015140,94.65488939531373
STU_015141,66.81281045062367
STU_015142,77.41591301851578
STU_015143,96.24221080651645
STU_015144,84.0675120056177
STU_015145,66.74149931801762
STU_015146,91.47683089040376
STU_015147,78.49685047349844
STU_015148,69.24592514682494
STU_015149,65.34362727441238
STU_015150,46.70627474972603
STU_015151,56.81849646454117
STU_015152,75.04236553979305
STU_015153,58.59736664018626
STU_015154,81.94047581710144
STU_015155,87.52831279123805
STU_015156,75.39612019751138
STU_015157,57.081073823372606
STU_015158,93.59939397020008
STU_015159,56.67190155003439
STU_015160,88.08905846583866
STU_015161,64.22929036794588
STU_015162,74.2419901310378
STU_015163,80.60354473631347
STU_015164,40.768055465950816
STU_015165,85.56306753345793
STU_015166,96.97077135748458
STU_015167,82.35993988715607
STU_015168,65.12305892504328
STU_015169,91.36768860320323
STU_015170,74.34790295969059
STU_015171,92.05954999605213
STU_015172,63.364684806057284
STU_015173,78.67220749729799
STU_015174,93.85048205025072
STU_015175,75.27898114383895
STU_015176,98.45826496442925
STU_015177,80.21466390850225
STU_015178,67.78241713484968
STU_015179,75.66553132720259
STU_015180,62.778557979622114
STU_015181,81.78172924186171
STU_015182,81.95629185467135
STU_015183,85.66155027904738
STU_015184,71.5370985628434
STU_015185,82.94123924615045
STU_015186,73.39295708975645
STU_015187,60.7862004002865
STU_015188,72.5588899452834
STU_015189,91.66560094923874
STU_015190,93.33198663326098
STU_015191,77.6691233525653
STU_015192,100.0
STU_015193,79.52113385490276
STU_015194,91.37705435727311
STU_015195,84.68577970606924
STU_015196,72.85744360903735
STU_015197,74.49106069685996
STU_015198,79.73108271447532
STU_015199,70.63216746783847
STU_015200,70.93425887210978
STU_015201,83.71579102992351
STU_015202,68.57234572877053
STU_015203,65.55178993586304
STU_015204,80.27152879764233
STU_015205,80.6308402781375
STU_015206,69.59678112604848
STU_015207,85.03608980791341
STU_015208,74.9557934033908
STU_015209,81.16386624767976
STU_015210,90.90593442542445
STU_015211,43.66402389939513
STU_015212,94.36377478772307
STU_015213,69.14213568340585
STU_015214,94.20848546444167
STU_015215,72.59980552501703
STU_015216,91.42534082761077
STU_015217,58.977379161633955
STU_015218,73.28277589676024
STU_015219,78.1161329077174
STU_015220,45.020082533097806
STU_015221,87.56402927963651
STU_015222,63.9256133604588
STU_015223,86.02354748520659
STU_015224,73.86033759191432
STU_015225,75.44134913363497
STU_015226,65.39434689524158
STU_015227,68.1778340441648
STU_015228,85.08829516002062
STU_015229,69.76481292334948
STU_015230,74.76705661833876
STU_015231,96.1063935232674
STU_015232,84.14579193151394
STU_015233,91.26174431563678
STU_015234,70.88970316218622
STU_015235,67.20946307220558
STU_015236,93.72517780700709
STU_015237,80.58132135299637
STU_015238,81.52461235278895
STU_015239,94.56131424832635
STU_015240,68.99808214041843
STU_015241,45.61838107357132
STU_015242,53.61757025893899
STU_015243,81.69852643379868
STU_015244,77.8346643048871
STU_015245,66.92256229503207
STU_015246,99.14323673548512
STU_015247,82.2109178606873
STU_015248,84.0576791605782
STU_015249,70.04393036460806
STU_015250,91.08438919195345
STU_015251,69.18310862381983
STU_015252,90.45673971212467
STU_015253,87.26113073279626
STU_015254,95.86543339995549
STU_015255,66.12162966788308
STU_015256,62.07488718174599
STU_015257,73.97482625645607
STU_015258,93.23454717809352
STU_015259,87.41862144546775
STU_015260,93.94928777149062
STU_015261,80.24996623771293
STU_015262,86.08061998953123
STU_015263,87.3086467862287
STU_015264,86.15271746321737
STU_015265,95.53590768112366
STU_015266,68.34292948264657
STU_015267,76.77233938862291
STU_015268,57.83095668502584
STU_015269,60.412047098804976
STU_015270,72.23886919159237
STU_015271,81.40367876687662
STU_015272,65.898225666207
STU_015273,85.43719117840445
STU_015274,75.50209739900477
STU_015275,48.361617364160196
STU_015276,54.45352335154183
STU_015277,74.10423773489202
STU_015278,98.72751279417446
STU_015279,47.83661979447955
STU_015280,87.53430442168471
STU_015281,99.06535279419529
STU_015282,88.33582969301733
STU_015283,84.33622195956467
STU_015284,77.90890703008293
STU_015285,43.647733277612744
STU_015286,85.64360198237434
STU_015287,75.6412426289294
STU_015288,80.12250591480499
STU_015289,56.40600558500347
STU_015290,78.08377514941635
STU_015291,78.76207062684857
STU_015292,69.10859744378155
STU_015293,62.90390915513007
STU_015294,82.5806383194053
STU_015295,72.78239877185905
STU_015296,71.94151949567687
STU_015297,86.95635823598897
STU_015298,92.745447264339
STU_015299,69.90667401584153
STU_015300,88.16933684154387
STU_015301,78.87972959649836
STU_015302,83.79060497214562
STU_015303,68.91396158516608
STU_015304,56.86294796349253
STU_015305,67.08443587319381
STU_015306,83.18917096080136
STU_015307,98.45429730432008
STU_015308,61.6935937025188
STU_015309,73.79963867820194
STU_015310,79.91387621035403
STU_015311,66.86328072951217
STU_015312,80.36538942707816
STU_015313,63.30538415261299
STU_015314,87.64770922740014
STU_015315,74.36366735509655
STU_015316,91.82862682597732
STU_015317,72.13408616134517
STU_015318,83.57273441274512
STU_015319,73.57092616008862
STU_015320,77.3561036946431
STU_015321,63.15353898789148
STU_015322,93.74798559402423
STU_015323,80.94697666962311
STU_015324,75.02113275923872
STU_015325,80.71481536926277
STU_015326,56.180936024523085
STU_015327,75.90873421893528
STU_015328,72.736211491875
STU_015329,68.3484570316817
STU_015330,72.36292941370799
STU_015331,60.33489773001269
STU_015332,99.38940139207634
STU_015333,72.28497622119889
STU_015334,79.99645847568348
STU_015335,95.37656158745648
STU_015336,88.62862438200227
STU_015337,69.30246556905082
STU_015338,67.37874683019324
STU_015339,64.49670838882483
STU_015340,92.03918471597503
STU_015341,81.18219512952544
STU_015342,98.08888761202107
STU_015343,84.33889396881686
STU_015344,99.07507584607447
STU_015345,98.53189656593335
STU_015346,81.86275214763339
STU_015347,90.06800000337591
STU_015348,75.43696987409471
STU_015349,79.40346342132862
STU_015350,89.30039663729478
STU_015351,100.0
STU_015352,85.44782860868429
STU_015353,75.57222294751892
STU_015354,58.319996095733536
STU_015355,57.678690628680066
STU_015356,66.8689079493262
STU_015357,72.79735084992981
STU_015358,77.06007794209609
STU_015359,85.88014478388648
STU_015360,86.72702698349454
STU_015361,84.77172151779638
STU_015362,75.44959022149013
STU_015363,81.81814401476942
STU_015364,88.14867597760394
STU_015365,77.56607386906451
STU_015366,96.23112604731259
STU_015367,84.78353288773664
STU_015368,77.1217622010511
STU_015369,95.74954913060321
STU_015370,91.17126890088645
STU_015371,54.62002754205241
STU_015372,65.00647546794056
STU_015373,80.70147717553556
STU_015374,86.90552117404587
STU_015375,72.45330598583878
STU_015376,73.9916613705366
STU_015377,89.62208410519587
STU_015378,72.33115558626744
STU_015379,95.3033603481827
STU_015380,91.97022776562939
STU_015381,89.5159416782485
STU_015382,84.58629317836434
STU_015383,60.28327501960992
STU_015384,76.34729016431143
STU_015385,62.82096160617282
STU_015386,78.3619135078334
STU_015387,64.5274310827254
STU_015388,77.5352964844172
STU_015389,97.86627806816716
STU_015390,48.62013349564289
STU_015391,82.51050963804767
STU_015392,91.84143211342771
STU_015393,92.27826153746585
STU_015394,77.33159909480071
STU_015395,84.13548296087247
STU_015396,73.66827456796943
STU_015397,98.21919489060161
STU_015398,68.88365468058453
STU_015399,95.98485769682415
STU_015400,91.2387453445666
STU_015401,88.93082799094687
STU_015402,74.88054315341473
STU_015403,57.63006658377448
STU_015404,82.13175585631076
STU_015405,84.71291647140796
STU_015406,82.47293627118441
STU_015407,82.15534567054311
STU_015408,34.88306670154694
STU_015409,76.61397684689229
STU_015410,67.40142461828984
STU_015411,72.15100064492358
STU_015412,69.13609836140945
STU_015413,80.09552875086183
STU_015414,72.75644265149272
STU_015415,69.09840099515641
STU_015416,87.1007666891405
STU_015417,58.733465086139056
STU_015418,83.24984912029518
STU_015419,55.509554428213605
STU_015420,67.27251875963827
STU_015421,90.00497864281658
STU_015422,78.56860143668587
STU_015423,83.40466703667092
STU_015424,100.0
STU_015425,89.97518578915532
STU_015426,63.22819572550955
STU_015427,57.879388482867
STU_015428,78.61048916926636
STU_015429,78.67792740946129
STU_015430,41.225122999724675
STU_015431,66.38706861519613
STU_015432,80.59936421394232
STU_015433,72.47376962813438
STU_015434,67.56901994878478
STU_015435,64.56145152197466
STU_015436,80.10490742425915
STU_015437,75.44630916930608
STU_015438,90.01456174786563
STU_015439,72.87920552175179
STU_015440,80.26611038919702
STU_015441,67.47751651608009
STU_015442,87.35171811950896
STU_015443,63.65715067132945
STU_015444,72.56571410592181
STU_015445,66.93757933304857
STU_015446,71.50263615637294
STU_015447,50.97875035375075
STU_015448,44.19541865277006
STU_015449,71.51417211192326
STU_015450,85.71352343105352
STU_015451,79.44495785183088
STU_015452,83.74304369639248
STU_015453,94.97392309371241
STU_015454,83.53972475019557
STU_015455,55.5580097194827
STU_015456,77.73127272688949
STU_015457,69.8480020225903
STU_015458,68.41493938885614
STU_015459,52.4521053569933
STU_015460,100.0
STU_015461,97.73445379236266
STU_015462,74.50453829119559
STU_015463,82.36168229381437
STU_015464,60.8788583903854
STU_015465,53.57258909314746
STU_015466,91.88628970999736
STU_015467,90.501602863596
STU_015468,57.526881861417934
STU_015469,61.24694699337684
STU_015470,88.99083726168809
STU_015471,72.68404855520792
STU_015472,89.141353007136
STU_015473,91.36416978093067
STU_015474,98.75526205487856
STU_015475,77.02174448532104
STU_015476,77.1419451285018
STU_015477,58.12906265950066
STU_015478,53.72167669433
STU_015479,93.79124472078321
STU_015480,64.87913071679834
STU_015481,84.50212131120853
STU_015482,56.50508856459031
STU_015483,92.34641495876593
STU_015484,71.36910360932508
STU_015485,73.37422534571003
STU_015486,78.84376175286147
STU_015487,67.16070372031163
STU_015488,78.44003335034309
STU_015489,83.32038087770434
STU_015490,91.34327487915702
STU_015491,77.96117012279964
STU_015492,59.50794782537452
STU_015493,64.14523045227247
STU_015494,64.76146469818472
STU_015495,88.22074017128165
STU_015496,69.03054599153057
STU_015497,57.87299958254832
STU_015498,69.7619567339819
STU_015499,38.927407942180935
STU_015500,70.95088338374238
STU_015501,88.97004164322036
STU_015502,55.63588692998477
STU_015503,84.7503120024591
STU_015504,84.30908312661032
STU_015505,74.0627765509479
STU_015506,78.29856150818003
STU_015507,100.0
STU_015508,99.44644462414828
STU_015509,85.6932812719902
STU_015510,85.61015659317425
STU_015511,91.18055135173844
STU_015512,78.70687312935928
STU_015513,80.21124474586748
STU_015514,84.55742375593233
STU_015515,78.13931938064586
STU_015516,76.59723414336759
STU_015517,96.49681808628426
STU_015518,75.36908069607466
STU_015519,54.32860288040942
STU_015520,76.78131687515496
STU_015521,84.30686953798501
STU_015522,68.80740985403435
STU_015523,65.10954490672908
STU_015524,37.17704178915044
STU_015525,77.5174899550787
STU_015526,79.03609757924883
STU_015527,71.77434778114737
STU_015528,73.0307525673778
STU_015529,83.48801879466023
STU_015530,90.34817821983708
STU_015531,88.34274681102289
STU_015532,79.13646680966636
STU_015533,59.23385220852988
STU_015534,88.77871657424203
STU_015535,78.66269517972552
STU_015536,82.54012590220698
STU_015537,70.34200974002749
STU_015538,90.01742359000107
STU_015539,65.31506405573366
STU_015540,69.90660242743125
STU_015541,74.16987739246461
STU_015542,91.79552961155909
STU_015543,80.43749056223228
STU_015544,95.32872849750392
STU_015545,71.04715103096049
STU_015546,75.86378264628567
STU_015547,56.06711289679378
STU_015548,63.97063977557417
STU_015549,93.46161705287984
STU_015550,92.308786014149
STU_015551,79.73972880171212
STU_015552,71.41330623391995
STU_015553,41.059833025205464
STU_015554,78.9715342087722
STU_015555,74.99669352203419
STU_015556,88.75849517162278
STU_015557,80.0544119406431
STU_015558,87.68122918998469
STU_015559,86.05243489894576
STU_015560,80.64752045250192
STU_015561,87.41615545948386
STU_015562,80.70309352029702
STU_015563,64.57668889446782
STU_015564,72.61106246198001
STU_015565,67.82856238092462
STU_015566,69.69874028547191
STU_015567,76.48237402056932
STU_015568,68.68738975757118
STU_015569,73.7231236884387
STU_015570,94.53841500172621
STU_015571,64.8801355662409
STU_015572,76.18635091925306
STU_015573,81.8520926252545
STU_015574,60.49006292963048
STU_015575,60.276323868899695
STU_015576,74.09305983735986
STU_015577,73.08032134416428
STU_015578,77.81885230963388
STU_015579,75.36079527721989
STU_015580,74.39602995138462
STU_015581,80.28903589003895
STU_015582,81.31151118770345
STU_015583,92.41848394993627
STU_015584,81.00512173874854
STU_015585,87.27366060787261
STU_015586,90.84151637378642
STU_015587,54.94550549945455
STU_015588,74.5738135350043
STU_015589,81.07015486432064
STU_015590,63.93560502040664
STU_015591,61.15471728203011
STU_015592,88.01792607216399
STU_015593,66.97992153513626
STU_015594,93.55168055418027
STU_015595,95.77222928707985
STU_015596,79.35481333562646
STU_015597,89.27274569651793
STU_015598,76.6223506623518
STU_015599,53.349253189105696
STU_015600,66.20788376656188
STU_015601,52.376415936463175
STU_015602,64.0886971818112
STU_015603,77.5173941437801
STU_015604,81.61695396321406
STU_015605,60.1957775858075
STU_015606,78.94518116812654
STU_015607,68.22379163650764
STU_015608,68.00192291494302
STU_015609,72.41485403818622
STU_015610,67.50286090283934
STU_015611,86.79108000135793
STU_015612,85.96621819394801
STU_015613,93.42227346720405
STU_015614,61.15297126247923
STU_015615,68.21479063770593
STU_015616,79.80511515074582
STU_015617,68.50137615297815
STU_015618,87.31412763406348
STU_015619,62.07103658514084
STU_015620,73.11458535939983
STU_015621,70.9505493639644
STU_015622,74.6184853444486
STU_015623,88.75112460756469
STU_015624,78.73002973088161
STU_015625,82.83635736555908
STU_015626,60.290385076721904
STU_015627,100.0
STU_015628,78.08783088594203
STU_015629,72.41030296885947
STU_015630,68.62279736476049
STU_015631,66.55947023820876
STU_015632,88.67468108395133
STU_015633,85.93972526184226
STU_015634,69.68947541007451
STU_015635,95.75124977593484
STU_015636,73.79535558199369
STU_015637,51.159285350470014
STU_015638,71.91923864242442
STU_015639,93.32193085007023
STU_015640,67.6347585784908
STU_015641,61.04307984192906
STU_015642,98.82360713083517
STU_015643,82.41337031351352
STU_015644,93.42008012536965
STU_015645,58.75112556946503
STU_015646,96.80757190596339
STU_015647,69.11504634449082
STU_015648,63.541315020688955
STU_015649,83.00329012876426
STU_015650,70.28638919593159
STU_015651,53.57198711946006
STU_015652,90.82353753756209
STU_015653,74.1637250503132
STU_015654,69.33514953141022
STU_015655,100.0
STU_015656,72.35123534049131
STU_015657,73.64135513625344
STU_015658,71.65733630349455
STU_015659,74.18728240960954
STU_015660,86.26451760609177
STU_015661,36.609956130810005
STU_015662,67.11776196158519
STU_015663,87.23761337366648
STU_015664,58.31828402328831
STU_015665,82.71936244411515
STU_015666,82.19519354955838
STU_015667,95.49951677608487
STU_015668,85.39431360412551
STU_015669,78.00696974787243
STU_015670,62.986118993844315
STU_015671,85.98764028322753
STU_015672,89.5776034221227
STU_015673,82.30590616020174
STU_015674,81.03957949290161
STU_015675,84.91623649491271
STU_015676,50.74862123961326
STU_015677,81.07506949784454
STU_015678,97.19021601956081
STU_015679,74.02596944046738
STU_015680,75.64445059650107
STU_015681,79.78154982090113
STU_015682,83.7080112397876
STU_015683,67.83538801444105
STU_015684,60.634252473872
STU_015685,82.03762368720503
STU_015686,70.7895288565017
STU_015687,81.540824599485
STU_015688,78.89918274442428
STU_015689,58.75349258967059
STU_015690,58.52054983067005
STU_015691,96.13409377707094
STU_015692,86.60756395588953
STU_015693,77.0178364188911
STU_015694,96.83874834852907
STU_015695,94.71978081083327
STU_015696,49.79931066080777
STU_015697,63.97621115064381
STU_015698,80.76207252106586
STU_015699,95.77626585314229
STU_015700,85.68662368928847
STU_015701,66.83285971972812
STU_015702,84.53623315027373
STU_015703,86.67365078362668
STU_015704,75.08077554042468
STU_015705,79.66816582450019
STU_015706,64.8916473380027
STU_015707,74.57035369371123
STU_015708,49.27759934591417
STU_015709,64.7665715214019
STU_015710,69.57337480394983
STU_015711,77.13623586242711
STU_015712,89.1170358158899
STU_015713,81.64593601420276
STU_015714,72.02794075612974
STU_015715,88.37669449437522
STU_015716,61.790723725755356
STU_015717,59.36609809524752
STU_015718,72.51383775065078
STU_015719,57.161034495724294
STU_015720,59.5183603658825
STU_015721,63.005092235429956
STU_015722,67.36232228646739
STU_015723,75.88123753227987
STU_015724,96.8591838408146
STU_015725,91.68395698082264
STU_015726,76.10826463098293
STU_015727,66.28031991425439
STU_015728,82.55593421864884
STU_015729,92.62873670822262
STU_015730,71.9666430393466
STU_015731,78.60388554818822
STU_015732,55.085798586454736
STU_015733,64.04534428150176
STU_015734,68.5534437839231
STU_015735,55.710061869843365
STU_015736,91.4282906415755
STU_015737,77.45305461141125
STU_015738,64.96888452706037
STU_015739,73.8891485376333
STU_015740,92.92778946601908
STU_015741,65.65603852226812
STU_015742,72.43731574680191
STU_015743,88.57958194574474
STU_015744,66.69445846109478
STU_015745,79.52657476605691
STU_015746,70.21217041128023
STU_015747,92.98702269961895
STU_015748,53.84185025923365
STU_015749,88.65986909252821
STU_015750,59.42934521164405
STU_015751,82.48649770140014
STU_015752,73.876413515653
STU_015753,77.28648144443538
STU_015754,81.5841243097939
STU_015755,92.24253545077838
STU_015756,79.56392018229137
STU_015757,85.68538569013202
STU_015758,99.41602606881722
STU_015759,82.55854903051817
STU_015760,61.95976199451678
STU_015761,86.33768398787535
STU_015762,67.71218388939478
STU_015763,67.88632252618137
STU_015764,78.79419742606365
STU_015765,83.40740789942276
STU_015766,80.11532740338266
STU_015767,83.79966732791567
STU_015768,73.18395124253225
STU_015769,81.22295721873793
STU_015770,68.3154458229228
STU_015771,91.68489674115386
STU_015772,60.78019512039678
STU_015773,56.232044877657664
STU_015774,96.60200833234629
STU_015775,73.72894241199464
STU_015776,62.74501512166596
STU_015777,68.746360240668
STU_015778,63.36792537893705
STU_015779,52.63622663576014
STU_015780,85.18740882713314
STU_015781,72.84728148256617
STU_015782,85.12654631295581
STU_015783,70.84269686302805
STU_015784,77.73877198979883
STU_015785,70.09129575068982
STU_015786,75.6959893913405
STU_015787,77.52365621819747
STU_015788,79.84204826700402
STU_015789,54.74281151826171
STU_015790,64.77514315451451
STU_015791,73.57409610330828
STU_015792,79.60175385169255
STU_015793,89.20450497421933
STU_015794,89.92635762503225
STU_015795,67.65205150129692
STU_015796,90.22947098121914
STU_015797,83.81113835130321
STU_015798,88.69453015770372
STU_015799,87.56970273596312
STU_015800,66.10153142474971
STU_015801,75.39150652547845
STU_015802,56.63435677186915
STU_015803,71.38497683795772
STU_015804,74.96045415112046
STU_015805,52.86721169897276
STU_015806,94.51740925511554
STU_015807,75.60652426688745
STU_015808,69.62039132596071
STU_015809,51.66496991491456
STU_015810,86.83132409475985
STU_015811,98.60532255243584
STU_015812,88.76305282176608
STU_015813,93.78226333887648
STU_015814,71.07209713561589
STU_015815,61.34167620749132
STU_015816,93.48636067412323
STU_015817,71.35809353067808
STU_015818,70.77277580955649
STU_015819,58.448825764670154
STU_015820,72.54252217852793
STU_015821,73.62876117140716
STU_015822,62.987052932346145
STU_015823,74.31440738736775
STU_015824,83.65263317083902
STU_015825,53.47798941322847
STU_015826,53.37540748675165
STU_015827,67.3901069653151
STU_015828,73.58505939881904
STU_015829,89.36048264368307
STU_015830,92.18120438066885
STU_015831,73.00900922073421
STU_015832,87.38371498010676
STU_015833,91.80803510101279
STU_015834,44.65352037364256
STU_015835,83.73934284006793
STU_015836,78.90991908628934
STU_015837,72.3344921141495
STU_015838,70.6308002951769
STU_015839,90.32532645011987
STU_015840,63.960386113294625
STU_015841,58.5752072599923
STU_015842,85.21784035728191
STU_015843,86.6546472592679
STU_015844,89.50879803151629
STU_015845,66.52742754826721
STU_015846,61.81109613331323
STU_015847,74.28925661725367
STU_015848,83.00116564704521
STU_015849,94.66002468286185
STU_015850,58.09390325882399
STU_015851,71.6685087891938
STU_015852,63.51661765154675
STU_015853,74.57936288763419
STU_015854,92.68573439273214
STU_015855,91.52141249995238
STU_015856,71.4990543872357
STU_015857,86.55120595765237
STU_015858,64.230164824186
STU_015859,74.27678144140289
STU_015860,68.3834166194917
STU_015861,75.75043501207293
STU_015862,65.79957346850132
STU_015863,93.91142887000623
STU_015864,57.32571242932766
STU_015865,61.090494495794005
STU_015866,73.50479395414159
STU_015867,39.924578027772014
STU_015868,70.46676672966409
STU_015869,83.44445036304823
STU_015870,74.0479392219602
STU_015871,75.08786861470311
STU_015872,47.72850770500988
STU_015873,97.58281340237546
STU_015874,76.61803483105497
STU_015875,86.08202896971711
STU_015876,68.46186881601551
STU_015877,94.82887662348057
STU_015878,85.9668581198113
STU_015879,95.91112668071801
STU_015880,81.54724796551773
STU_015881,94.29257108762417
STU_015882,68.66186507199484
STU_015883,76.68011316295912
STU_015884,91.20286950466607
STU_015885,61.0517784097549
STU_015886,93.98825763937582
STU_015887,98.05196507485118
STU_015888,62.01534950680322
STU_015889,89.30007381618961
STU_015890,93.7812930573563
STU_015891,87.60009342201496
STU_015892,58.91478635165072
STU_015893,56.705465890612246
STU_015894,51.65130852003086
STU_015895,62.130993568843415
STU_015896,73.90087512002735
STU_015897,89.46425110802102
STU_015898,73.36153332270676
STU_015899,90.7143435426204
STU_015900,71.21948835470421
STU_015901,74.21750348330723
STU_015902,73.97892913187721
STU_015903,84.59032120555725
STU_015904,77.85102890362431
STU_015905,90.27259389321286
STU_015906,69.18506356473158
STU_015907,100.0
STU_015908,65.70283557880616
STU_015909,75.53891017889912
STU_015910,79.2059482070454
STU_015911,60.39732628453136
STU_015912,72.1329444303731
STU_015913,67.68721579057872
STU_015914,62.25253505333282
STU_015915,84.66371810215179
STU_015916,63.06305054763339
STU_015917,49.33975868989973
STU_015918,80.68390082188792
STU_015919,88.85041252090069
STU_015920,78.5578633833107
STU_015921,89.50188510096167
STU_015922,56.525591346764244
STU_015923,89.76869274725979
STU_015924,76.37317596734924
STU_015925,69.31884172224538
STU_015926,81.31677134397171
STU_015927,69.21454202203894
STU_015928,78.43856042808733
STU_015929,87.58219356037512
STU_015930,61.08708008208209
STU_015931,60.01172828665725
STU_015932,79.95976559171557
STU_015933,79.2100679995921
STU_015934,73.98382435440784
STU_015935,100.0
STU_015936,100.0
STU_015937,82.59620891393665
STU_015938,85.8274255140658
STU_015939,68.97821117499518
STU_015940,90.94908899385509
STU_015941,72.49598049887065
STU_015942,90.94259257983116
STU_015943,84.09171542710148
STU_015944,99.97343904675932
STU_015945,68.59685577259351
STU_015946,74.01863794686167
STU_015947,69.79921670717391
STU_015948,68.19804717322619
STU_015949,62.24670710538382
STU_015950,96.73638599031165
STU_015951,73.9847409832392
STU_015952,74.23396367438907
STU_015953,65.19215685763538
STU_015954,84.57534350700027
STU_015955,76.69017845364625
STU_015956,78.37515502477126
STU_015957,55.60265236618122
STU_015958,66.81544818660548
STU_015959,86.74834304329315
STU_015960,68.93277571407451
STU_015961,87.43952122755412
STU_015962,83.01383032295098
STU_015963,78.92752028860161
STU_015964,68.52684102013363
STU_015965,83.98112608318733
STU_015966,51.37092460052862
STU_015967,82.32296375203242
STU_015968,84.8255452715818
STU_015969,65.55567431649655
STU_015970,73.90030690925452
STU_015971,71.33181826542516
STU_015972,83.14345798851913
STU_015973,63.90368109116841
STU_015974,91.52743852539271
STU_015975,50.436373036089805
STU_015976,50.713590952443205
STU_015977,61.39409996872055
STU_015978,76.74349648950498
STU_015979,82.35290289892673
STU_015980,89.23085259775986
STU_015981,90.2671731502296
STU_015982,94.25216256120143
STU_015983,84.53117152863445
STU_015984,86.45856457065011
STU_015985,73.556218012168
STU_015986,46.09737896629422
STU_015987,69.59731317425266
STU_015988,57.44419542380166
STU_015989,72.07865545353707
STU_015990,59.47273805311076
STU_015991,81.45881235905318
STU_015992,46.04588129037016
STU_015993,75.17941168600883
STU_015994,71.63213752996472
STU_015995,97.74809694543673
STU_015996,80.08235681918086
STU_015997,64.31243936133914
STU_015998,82.08560767743532
STU_015999,86.86899992439962
STU_016000,84.43451787171983
STU_016001,85.29264763523008
STU_016002,89.53657873260298
STU_016003,96.48913280868817
STU_016004,88.33335152508951
STU_016005,47.02073973908426
STU_016006,68.20214591827357
STU_016007,78.72240601307445
STU_016008,90.70591468370213
STU_016009,52.13408904674227
STU_016010,73.30408804292979
STU_016011,87.05807155574794
STU_016012,73.1330949756106
STU_016013,67.77940557865156
STU_016014,93.96668118291602
STU_016015,48.56121666478182
STU_016016,96.32597404459997
STU_016017,76.37042134529597
STU_016018,81.08966006410398
STU_016019,76.06851772299396
STU_016020,91.59604454391004
STU_016021,100.0
STU_016022,66.98780661198853
STU_016023,100.0
STU_016024,76.82318273773703
STU_016025,91.97140626824432
STU_016026,59.32247540107777
STU_016027,63.40721538059162
STU_016028,71.93065683586556
STU_016029,77.44368489310236
STU_016030,95.95097272438072
STU_016031,92.32714170309238
STU_016032,90.19230474844036
STU_016033,88.38853073870408
STU_016034,84.74501178260476
STU_016035,68.33723778617808
STU_016036,100.0
STU_016037,80.72425066854693
STU_016038,71.22015935286014
STU_016039,72.55941451808714
STU_016040,89.99454170869214
STU_016041,90.18981430192358
STU_016042,80.11485828414355
STU_016043,85.99875389017184
STU_016044,87.28700996168159
STU_016045,84.544835265677
STU_016046,64.33954832572635
STU_016047,88.06034464043506
STU_016048,68.05347070087066
STU_016049,77.1101478552653
STU_016050,70.3115093755949
STU_016051,78.84705940862042
STU_016052,89.19891150409796
STU_016053,78.08920744622273
STU_016054,70.03568828620392
STU_016055,79.25148207831953
STU_016056,74.32258201712447
STU_016057,75.2154225139952
STU_016058,79.49496496928617
STU_016059,74.51147606386442
STU_016060,79.04833926028058
STU_016061,53.45049475078473
STU_016062,70.96502215070687
STU_016063,80.88494789739917
STU_016064,64.70069414800761
STU_016065,73.35885036912116
STU_016066,86.25958404637959
STU_016067,62.098997687881536
STU_016068,95.17729515263244
STU_016069,79.4921409187335
STU_016070,75.54646233028576
STU_016071,69.27183156792337
STU_016072,87.18735720343446
STU_016073,77.21142935936356
STU_016074,87.09916577692182
STU_016075,95.52287223783173
STU_016076,64.13945418226442
STU_016077,68.03170401437187
STU_016078,83.51226761720393
STU_016079,86.3096735175992
STU_016080,67.76617791893412
STU_016081,65.7110548064505
STU_016082,85.5722938192559
STU_016083,96.74069176061417
STU_016084,76.55281271533799
STU_016085,51.811872723920196
STU_016086,94.05634853621795
STU_016087,75.08576533360358
STU_016088,76.23767983468095
STU_016089,86.45494267474334
STU_016090,86.14169869480202
STU_016091,60.49079898538403
STU_016092,69.30407501554133
STU_016093,74.83354653620634
STU_016094,73.1006766675338
STU_016095,77.27966849695224
STU_016096,85.41567003684246
STU_016097,71.9380434447495
STU_016098,59.10089038461073
STU_016099,75.67867757358705
STU_016100,76.74400313686893
STU_016101,61.436192786380616
STU_016102,77.51292899579768
STU_016103,52.46314071764944
STU_016104,81.24366049054797
STU_016105,63.30464236358448
STU_016106,64.03630208593658
STU_016107,76.67709043586358
STU_016108,69.45404903441252
STU_016109,66.93279535485983
STU_016110,64.46639968108175
STU_016111,83.69854915917874
STU_016112,76.42678701203515
STU_016113,60.739632073166646
STU_016114,76.07744188758667
STU_016115,87.7328166709482
STU_016116,94.0558985437223
STU_016117,80.68771800477762
STU_016118,68.37107889984298
STU_016119,83.6840266334757
STU_016120,85.45116645168011
STU_016121,69.88831623793506
STU_016122,73.83177980945466
STU_016123,87.4505815375893
STU_016124,94.35483965611246
STU_016125,90.12662982431723
STU_016126,77.10311688993313
STU_016127,82.29865116900301
STU_016128,94.44915713251912
STU_016129,67.92698926559893
STU_016130,99.46687887860129
STU_016131,89.14847569923876
STU_016132,74.44134812515159
STU_016133,77.66746749434616
STU_016134,73.56587475360728
STU_016135,62.636979798742715
STU_016136,90.91011741170077
STU_016137,80.14047413423427
STU_016138,74.03902105966446
STU_016139,94.06743129965722
STU_016140,84.63462966204403
STU_016141,87.36166104465647
STU_016142,78.62041726379942
STU_016143,57.326038311642876
STU_016144,77.21744373895694
STU_016145,78.17570096846696
STU_016146,80.38541182981972
STU_016147,85.1078347810595
STU_016148,67.15242561086255
STU_016149,55.69437824498726
STU_016150,91.7238264350699
STU_016151,59.507160760729704
STU_016152,80.63106695124394
STU_016153,70.34481527408464
STU_016154,80.02827056149287
STU_016155,84.44289008658555
STU_016156,63.888670151532835
STU_016157,76.93701230300576
STU_016158,96.29801253227656
STU_016159,60.89537737247477
STU_016160,73.90165779261132
STU_016161,73.8682387116327
STU_016162,94.36340253762151
STU_016163,75.49579421971596
STU_016164,57.01744769759583
STU_016165,95.80811922453339
STU_016166,63.17005810801139
STU_016167,76.064881413043
STU_016168,85.2268697592256
STU_016169,90.03567888873292
STU_016170,85.70628363650671
STU_016171,76.55978899249004
STU_016172,61.604277971488514
STU_016173,68.14863010587979
STU_016174,62.362131252392984
STU_016175,86.84356285083763
STU_016176,77.575446614033
STU_016177,85.62231905420774
STU_016178,82.42485343160374
STU_016179,78.59445688321837
STU_016180,57.57778631254746
STU_016181,90.1149359800607
STU_016182,54.12075216830854
STU_016183,80.08435278547263
STU_016184,73.81843468736464
STU_016185,99.44353003057842
STU_016186,50.715037842044495
STU_016187,91.37430800425356
STU_016188,78.55331565526548
STU_016189,81.61038092198879
STU_016190,84.68197589882726
STU_016191,53.49197918736329
STU_016192,60.443003466211856
STU_016193,79.2201754580273
STU_016194,85.08380010652601
STU_016195,85.53271345101182
STU_016196,61.426582224264074
STU_016197,93.53957682033885
STU_016198,73.97645632066148
STU_016199,78.58618547254628
STU_016200,68.16092807667138
STU_016201,66.84204529111145
STU_016202,65.82255107556016
STU_016203,72.00913538900654
STU_016204,64.03826765043218
STU_016205,53.84604595154955
STU_016206,71.19477398068739
STU_016207,51.708363436938924
STU_016208,73.64245655992436
STU_016209,68.26336327610142
STU_016210,62.95234129862316
STU_016211,70.16430522300021
STU_016212,68.17462619564162
STU_016213,91.02025852160747
STU_016214,60.94193029023698
STU_016215,72.67772006382985
STU_016216,61.78917827911718
STU_016217,72.08774382536365
STU_016218,97.99466878584458
STU_016219,85.95009662326227
STU_016220,85.86184178851366
STU_016221,66.96959337329126
STU_016222,65.29104327322278
STU_016223,63.92190879081566
STU_016224,96.46387406353632
STU_016225,78.5322005766368
STU_016226,82.63661537925925
STU_016227,78.73585814938193
STU_016228,70.61174972818658
STU_016229,64.15909044941148
STU_016230,64.11479495475461
STU_016231,90.7327485122293
STU_016232,96.79412579277971
STU_016233,57.977834915970746
STU_016234,83.22351211826712
STU_016235,61.17352807177137
STU_016236,73.79249301050498
STU_016237,71.85359601303828
STU_016238,88.23108834988642
STU_016239,63.13568600496181
STU_016240,91.80956698589358
STU_016241,88.21881967802257
STU_016242,74.62412164834062
STU_016243,80.65258118115372
STU_016244,79.6824069193226
STU_016245,74.05670374300243
STU_016246,72.46905387891918
STU_016247,73.63134219858053
STU_016248,73.86606580030542
STU_016249,70.51028098009247
STU_016250,88.84734267653087
STU_016251,55.55506311956131
STU_016252,83.90085063923786
STU_016253,83.65369304565738
STU_016254,82.49857116742206
STU_016255,76.07521838750387
STU_016256,44.56832720421667
STU_016257,83.52901115438124
STU_016258,83.81963414640593
STU_016259,75.3298891312752
STU_016260,75.68456602096373
STU_016261,91.95930795731755
STU_016262,77.22395040706006
STU_016263,57.48319721250495
STU_016264,50.81043050571619
STU_016265,94.80759591644915
STU_016266,84.98891297706028
STU_016267,75.54300354979198
STU_016268,81.42477077098407
STU_016269,95.225439218417
STU_016270,72.11573175146742
STU_016271,72.16913946677343
STU_016272,84.58830509444256
STU_016273,74.47288380859774
STU_016274,57.301556112810005
STU_016275,75.85470856290041
STU_016276,57.29707912804813
STU_016277,87.34641345020809
STU_016278,82.7589178621353
STU_016279,80.5422937422184
STU_016280,79.87697458817195
STU_016281,79.98341601070213
STU_016282,74.28319000713873
STU_016283,64.98611258436057
STU_016284,86.89808468677731
STU_016285,64.4502776299885
STU_016286,57.65992254595739
STU_016287,79.85696143278739
STU_016288,86.85247673740331
STU_016289,80.82623496271147
STU_016290,64.45070830664457
STU_016291,76.15887736525917
STU_016292,74.87447785971281
STU_016293,80.1831708976346
STU_016294,68.19639115698628
STU_016295,85.87491359844667
STU_016296,72.93093465518973
STU_016297,84.36686048932346
STU_016298,52.480069113820804
STU_016299,67.776583056173
STU_016300,66.03170742535214
STU_016301,57.58387706896112
STU_016302,70.66659418722608
STU_016303,76.37913385147714
STU_016304,79.27736930319736
STU_016305,90.95769076670634
STU_016306,81.11940100078742
STU_016307,72.38438940715193
STU_016308,63.668478552638675
STU_016309,89.2417528753312
STU_016310,80.24838885626397
STU_016311,63.71572030261616
STU_016312,62.94542681756732
STU_016313,97.6268158954365
STU_016314,89.84680960754878
STU_016315,62.52646615593366
STU_016316,93.40280785985522
STU_016317,83.39532159641249
STU_016318,73.11246335436529
STU_016319,69.64104130725583
STU_016320,59.64611194379742
STU_016321,66.84757754604004
STU_016322,94.47098103288462
STU_016323,70.66107809547356
STU_016324,54.30353318200348
STU_016325,76.88137567852141
STU_016326,73.54201287496062
STU_016327,83.68008828880835
STU_016328,72.01518028476625
STU_016329,69.2532878791307
STU_016330,70.37546403907497
STU_016331,78.71635005094626
STU_016332,82.18625089900019
STU_016333,89.0336114084796
STU_016334,62.8833967472609
STU_016335,73.43079432873276
STU_016336,63.316133267876324
STU_016337,65.19005890355584
STU_016338,75.86705654906703
STU_016339,82.57347265359724
STU_016340,86.81984172932842
STU_016341,79.15939126609965
STU_016342,74.40784060400527
STU_016343,74.7697797570433
STU_016344,85.7138541252565
STU_016345,88.32140257307165
STU_016346,77.59324469945675
STU_016347,51.2239302899643
STU_016348,66.81773461636202
STU_016349,84.27757389829856
STU_016350,64.89271460806047
STU_016351,72.30052694771379
STU_016352,77.12140518706909
STU_016353,73.17646165128586
STU_016354,49.598446178054445
STU_016355,75.93638307052791
STU_016356,73.8018419127705
STU_016357,66.21532072812953
STU_016358,78.1777777758664
STU_016359,86.62071188443151
STU_016360,76.40646468095981
STU_016361,76.79901282167488
STU_016362,75.84495320261686
STU_016363,67.58057988582233
STU_016364,68.64662906859144
STU_016365,76.91753382014853
STU_016366,68.93064680805756
STU_016367,76.58907478041613
STU_016368,55.32058393558574
STU_016369,68.96550630425273
STU_016370,43.0100124686773
STU_016371,63.83473527946613
STU_016372,89.63019235449917
STU_016373,84.17066989775243
STU_016374,70.19523466077996
STU_016375,78.79121574580873
STU_016376,87.62839417638155
STU_016377,58.41533255419823
STU_016378,84.49993582397269
STU_016379,68.0189312061334
STU_016380,88.88808381062613
STU_016381,64.22877430685651
STU_016382,77.36729331425833
STU_016383,59.163492420575054
STU_016384,90.10892206809328
STU_016385,89.35650342476119
STU_016386,75.41339472807498
STU_016387,68.91030596803995
STU_016388,61.39908454329132
STU_016389,75.61196968153688
STU_016390,80.50459906910001
STU_016391,100.0
STU_016392,85.77450204665793
STU_016393,78.46849856173301
STU_016394,96.7939366623971
STU_016395,61.670809263315604
STU_016396,88.58069543752691
STU_016397,67.0075038106367
STU_016398,64.93592555301058
STU_016399,70.55380358889187
STU_016400,85.21116518925074
STU_016401,73.73528351399517
STU_016402,93.2742715163204
STU_016403,63.333522157543534
STU_016404,72.03957386585644
STU_016405,70.09073186719507
STU_016406,68.44088203462671
STU_016407,92.7062089050311
STU_016408,85.96686291224165
STU_016409,55.51387276014866
STU_016410,61.13390892449741
STU_016411,55.39143135579074
STU_016412,50.50576005592149
STU_016413,73.877628689894
STU_016414,85.44410104453796
STU_016415,84.98916092072307
STU_016416,80.30897514042225
STU_016417,77.76182461482651
STU_016418,100.0
STU_016419,73.78387719471034
STU_016420,66.56879099850228
STU_016421,62.71462810278797
STU_016422,63.6391716893656
STU_016423,97.98496942763501
STU_016424,70.24374601207772
STU_016425,81.26822347205325
STU_016426,74.6552061328912
STU_016427,78.56552427034516
STU_016428,97.50719795165503
STU_016429,77.66943957213716
STU_016430,86.05235370251887
STU_016431,92.51857147057049
STU_016432,54.593595349547904
STU_016433,62.704404754466424
STU_016434,59.6241451915693
STU_016435,77.36944884392828
STU_016436,95.12710724115503
STU_016437,75.86789922492315
STU_016438,78.61604939491295
STU_016439,75.36525691161329
STU_016440,66.81427375929157
STU_016441,91.39939546635006
STU_016442,90.5642534288061
STU_016443,73.67767885159653
STU_016444,79.69948779740078
STU_016445,79.32396101375907
STU_016446,67.79124572794048
STU_016447,63.627363687563886
STU_016448,73.52519631566246
STU_016449,76.94581317025374
STU_016450,70.62848522089257
STU_016451,85.51918219423831
STU_016452,86.5509846377465
STU_016453,66.43295304600827
STU_016454,69.34773424954234
STU_016455,49.026928889992135
STU_016456,71.73784611267702
STU_016457,90.15581340117814
STU_016458,78.08640343263039
STU_016459,75.01062628712994
STU_016460,80.03217669105861
STU_016461,58.270079086142246
STU_016462,84.95857363775619
STU_016463,76.98204622185258
STU_016464,76.75335901651592
STU_016465,80.81270619522525
STU_016466,72.13609984648747
STU_016467,80.25523279390455
STU_016468,63.76409722525159
STU_016469,56.68226035522551
STU_016470,74.52535658004446
STU_016471,57.65018465934262
STU_016472,73.73107547477936
STU_016473,76.52652095127311
STU_016474,69.26938430762496
STU_016475,98.71153791755668
STU_016476,91.62081584123379
STU_016477,92.71577461072613
STU_016478,86.05022845742945
STU_016479,63.06188766849503
STU_016480,72.45852572036972
STU_016481,73.85678927069488
STU_016482,64.77956092633997
STU_016483,86.00966293672138
STU_016484,66.80007062248261
STU_016485,75.37950636526246
STU_016486,87.86492721453442
STU_016487,71.25541051018499
STU_016488,82.24652003629362
STU_016489,91.81079016699596
STU_016490,68.31701532878813
STU_016491,88.63420810556102
STU_016492,91.4521374535812
STU_016493,89.94336176433117
STU_016494,78.23309277266415
STU_016495,51.12607196994806
STU_016496,85.26801355250137
STU_016497,46.7224111316272
STU_016498,66.44471653488925
STU_016499,74.47977859029335
STU_016500,72.1112490988688
STU_016501,71.16604520855182
STU_016502,77.90725732000664
STU_016503,63.12114626034828
STU_016504,77.72785632240083
STU_016505,95.64681045778104
STU_016506,74.75992463149245
STU_016507,65.85859871931206
STU_016508,88.72129126561535
STU_016509,39.008946666233626
STU_016510,74.12238430124913
STU_016511,67.3311155821371
STU_016512,70.8179413436313
STU_016513,55.75922195380393
STU_016514,89.00415771179333
STU_016515,64.30534896430683
STU_016516,60.53695528868791
STU_016517,78.5963232424995
STU_016518,82.14333506957007
STU_016519,81.90263353105586
STU_016520,59.3674192407935
STU_016521,99.17040871026914
STU_016522,53.48788184231054
STU_016523,70.65468585851997
STU_016524,74.91953297113322
STU_016525,48.821330134363876
STU_016526,100.0
STU_016527,59.19067124991402
STU_016528,71.08600354734955
STU_016529,70.17257733614652
STU_016530,81.33403627778189
STU_016531,92.48107600317385
STU_016532,100.0
STU_016533,77.41251959501714
STU_016534,88.8468504259134
STU_016535,65.59392635200892
STU_016536,82.59953825519696
STU_016537,81.90009458960725
STU_016538,58.174050569551
STU_016539,77.06878367058658
STU_016540,80.85467284071709
STU_016541,99.03622384876958
STU_016542,60.39559168869931
STU_016543,62.04254158240483
STU_016544,87.13478877863545
STU_016545,91.18612124435268
STU_016546,68.6685285494091
STU_016547,100.0
STU_016548,96.80382868400972
STU_016549,86.65838306097777
STU_016550,68.28380615811433
STU_016551,78.81961833188294
STU_016552,84.95492513060023
STU_016553,71.0070436395649
STU_016554,88.16409628983993
STU_016555,71.18399054796852
STU_016556,77.11271672681957
STU_016557,71.47303525549073
STU_016558,73.67114495721553
STU_016559,80.13777143054386
STU_016560,63.86469419691167
STU_016561,81.1777591007285
STU_016562,79.86930665762358
STU_016563,74.7664884052814
STU_016564,68.98408104987388
STU_016565,75.92535815510317
STU_016566,85.66104579318542
STU_016567,70.27126053500395
STU_016568,73.55740600584745
STU_016569,56.34101960967861
STU_016570,70.15241017835467
STU_016571,92.63874247719916
STU_016572,59.1672957571566
STU_016573,56.85674014855855
STU_016574,96.31098864784988
STU_016575,69.37430651105176
STU_016576,80.52306478470018
STU_016577,88.47550367144376
STU_016578,87.12058598176267
STU_016579,89.35509486440824
STU_016580,84.41752110829233
STU_016581,94.49105790592802
STU_016582,67.70082026012643
STU_016583,84.22247629866285
STU_016584,95.81044997638804
STU_016585,88.98076782188221
STU_016586,77.66925627303881
STU_016587,75.84802500583442
STU_016588,71.66445720758946
STU_016589,68.50037366176166
STU_016590,75.56769559844847
STU_016591,55.48101616500349
STU_016592,76.17085943489366
STU_016593,82.44165647380933
STU_016594,43.91848821379493
STU_016595,71.3248693599046
STU_016596,86.29425535780507
STU_016597,55.69677239119125
STU_016598,83.09642599586726
STU_016599,46.42503236404869
STU_016600,51.212164013566436
STU_016601,74.59467486248882
STU_016602,58.812788040805344
STU_016603,53.02674769048902
STU_016604,81.17232886028211
STU_016605,91.7408159094307
STU_016606,70.83730793915956
STU_016607,40.949565142872345
STU_016608,85.81043873191534
STU_016609,77.16203157887057
STU_016610,83.68065584196916
STU_016611,61.302508519687635
STU_016612,95.04905026072575
STU_016613,80.31464815699914
STU_016614,70.98470623970341
STU_016615,95.75677916879472
STU_016616,86.04608515716522
STU_016617,88.06321873078123
STU_016618,75.33299658405112
STU_016619,92.33740267545322
STU_016620,59.11195460086746
STU_016621,81.57739324282747
STU_016622,77.51842014828343
STU_016623,75.46555666633503
STU_016624,93.28489555769502
STU_016625,82.54161950093771
STU_016626,63.330207258638914
STU_016627,97.84667747751223
STU_016628,87.44666352685073
STU_016629,53.90809588126234
STU_016630,70.14186170317993
STU_016631,67.55401043792115
STU_016632,62.747217722098426
STU_016633,75.22391300858891
STU_016634,64.12427494081109
STU_016635,90.66777378016226
STU_016636,82.37761179115756
STU_016637,65.09941972875379
STU_016638,69.15848689122467
STU_016639,61.07368681528712
STU_016640,99.79526314144522
STU_016641,80.6059441424929
STU_016642,56.788688106246944
STU_016643,70.38872717988048
STU_016644,74.3684482371724
STU_016645,81.47117254783123
STU_016646,82.0834928007476
STU_016647,69.31097417613925
STU_016648,76.34958741294518
STU_016649,85.52008876535821
STU_016650,89.74017725794775
STU_016651,81.96786750345674
STU_016652,88.29314013672936
STU_016653,80.54069805352529
STU_016654,91.98499062253326
STU_016655,73.75491767180404
STU_016656,82.80072536321413
STU_016657,82.04329503725423
STU_016658,91.11411722738504
STU_016659,78.15375908460415
STU_016660,90.96447079759596
STU_016661,69.32647791427716
STU_016662,68.21930405098746
STU_016663,86.605338838688
STU_016664,70.26638770411547
STU_016665,79.1488706784751
STU_016666,71.2260088313577
STU_016667,69.77637026485984
STU_016668,93.9509112915072
STU_016669,69.73173890256749
STU_016670,83.47599389636429
STU_016671,95.93474246173335
STU_016672,84.62983590643022
STU_016673,65.03390176676179
STU_016674,79.67723035074962
STU_016675,69.57427408276806
STU_016676,100.0
STU_016677,92.96418757463127
STU_016678,91.49546519392896
STU_016679,94.14199215063991
STU_016680,61.770238643638486
STU_016681,95.08064592505738
STU_016682,85.23008731715143
STU_016683,71.42415509301614
STU_016684,66.99562995971158
STU_016685,77.86157976048548
STU_016686,73.71869040439498
STU_016687,95.09123716934846
STU_016688,60.953910592076596
STU_016689,73.08508635113442
STU_016690,56.901426823999614
STU_016691,80.02949180443254
STU_016692,77.55295018427404
STU_016693,68.53624205302768
STU_016694,85.6863312522089
STU_016695,79.60980006774847
STU_016696,77.03172222477822
STU_016697,71.15003890635667
STU_016698,83.140451348565
STU_016699,62.67684268254135
STU_016700,71.4793444066858
STU_016701,78.17161615688568
STU_016702,80.820234836257
STU_016703,89.52806719035313
STU_016704,81.61234743068954
STU_016705,83.65674413100558
STU_016706,74.60116982618598
STU_016707,80.3352919009048
STU_016708,88.7891809325032
STU_016709,49.463617219528146
STU_016710,76.84684967279038
STU_016711,62.82467719892349
STU_016712,49.48002868734952
STU_016713,90.71083722630254
STU_016714,93.53204260554989
STU_016715,65.55337691894152
STU_016716,66.51266229263037
STU_016717,87.46191025951634
STU_016718,54.994841401836986
STU_016719,88.62926218864924
STU_016720,93.5258226511938
STU_016721,78.12771978073502
STU_016722,76.6429028572386
STU_016723,74.50467036265
STU_016724,76.50355243894441
STU_016725,68.63539259656642
STU_016726,56.84427456512685
STU_016727,71.43449513957019
STU_016728,59.48679169026903
STU_016729,79.78471324395294
STU_016730,83.16877110296218
STU_016731,65.44787962521387
STU_016732,85.20444792083228
STU_016733,85.91570530221259
STU_016734,58.4994993847556
STU_016735,81.48462062586006
STU_016736,58.091195900348346
STU_016737,70.2481779901869
STU_016738,72.19122511876074
STU_016739,84.18029296125097
STU_016740,72.38291771875657
STU_016741,80.84401383816544
STU_016742,90.47538986201607
STU_016743,77.30969100058819
STU_016744,58.661644792005916
STU_016745,66.7174189630831
STU_016746,55.40566075994586
STU_016747,82.45106270263008
STU_016748,81.62073260324524
STU_016749,53.81607268536588
STU_016750,89.05269545658196
STU_016751,85.44694184744304
STU_016752,58.60102604810999
STU_016753,76.91709018348256
STU_016754,100.0
STU_016755,76.0679391363935
STU_016756,79.67342547068188
STU_016757,85.23209897706606
STU_016758,57.032596915200905
STU_016759,96.60460498934071
STU_016760,71.50458152689023
STU_016761,79.06018568406984
STU_016762,73.98738487118493
STU_016763,80.61870410218583
STU_016764,66.09038233557241
STU_016765,86.8044855391322
STU_016766,91.16072277488536
STU_016767,84.69930643588566
STU_016768,86.58523100147555
STU_016769,50.701534315640444
STU_016770,56.549818293931786
STU_016771,62.64132650961254
STU_016772,93.1578964511224
STU_016773,70.34175090339895
STU_016774,79.78086863144429
STU_016775,70.92320792211194
STU_016776,93.41766030347189
STU_016777,51.31730858139602
STU_016778,78.28913036571254
STU_016779,72.87435898928622
STU_016780,81.44088426614056
STU_016781,49.29405081398289
STU_016782,82.91524090824771
STU_016783,71.38753689956279
STU_016784,97.33203271951818
STU_016785,92.79688540523398
STU_016786,71.85056876369933
STU_016787,66.21623418268481
STU_016788,91.15335484988795
STU_016789,76.6167153711969
STU_016790,82.15984305256336
STU_016791,68.74378799589374
STU_016792,73.00548377924466
STU_016793,81.9193455332031
STU_016794,80.69506350510962
STU_016795,74.8323058121319
STU_016796,85.26912477707292
STU_016797,66.6627831267956
STU_016798,72.42019336177306
STU_016799,89.40990756243842
STU_016800,64.11385357781971
STU_016801,61.053480015158996
STU_016802,69.04198804526303
STU_016803,87.77133547870606
STU_016804,89.6413691433529
STU_016805,58.75911405205174
STU_016806,80.46528800197521
STU_016807,77.09828121786218
STU_016808,84.5605321917015
STU_016809,83.45061494540695
STU_016810,48.30661770229335
STU_016811,76.23053709658967
STU_016812,71.37949373455773
STU_016813,75.91727317591047
STU_016814,88.18659946379275
STU_016815,65.83109610908906
STU_016816,69.25372296828523
STU_016817,97.87282860667284
STU_016818,54.71542428645073
STU_016819,88.54827474285185
STU_016820,77.62424371487414
STU_016821,77.6653467385662
STU_016822,75.37653522378247
STU_016823,100.0
STU_016824,81.83283517442212
STU_016825,81.33094493366409
STU_016826,70.40885436260733
STU_016827,77.69858124237076
STU_016828,70.5391576002543
STU_016829,77.95819738633587
STU_016830,77.34449785715309
STU_016831,85.00363784397635
STU_016832,68.37783453556351
STU_016833,63.190786102189705
STU_016834,85.15570774381231
STU_016835,77.9348449844509
STU_016836,86.10123547104952
STU_016837,97.932117993395
STU_016838,91.37168658159297
STU_016839,69.91178571596272
STU_016840,80.07681483397346
STU_016841,91.91661732808221
STU_016842,74.07379772750141
STU_016843,69.29044841776792
STU_016844,82.98779255192083
STU_016845,71.01328157650829
STU_016846,70.86288961948048
STU_016847,78.41013470149534
STU_016848,62.50851275305999
STU_016849,71.24036845020373
STU_016850,75.26478136121148
STU_016851,71.2458201268895
STU_016852,87.98269289818734
STU_016853,84.49372238105666
STU_016854,86.06870191771796
STU_016855,79.80535318306977
STU_016856,94.11714504927812
STU_016857,70.71696973271895
STU_016858,55.116840873934336
STU_016859,100.0
STU_016860,97.6226938260612
STU_016861,78.94774704064874
STU_016862,93.00499867746557
STU_016863,96.96114488308001
STU_016864,52.189150154510266
STU_016865,86.09635637442909
STU_016866,69.06433367664468
STU_016867,90.29652048933701
STU_016868,73.93832289869493
STU_016869,90.21107153240511
STU_016870,68.55899554762016
STU_016871,60.738249285613634
STU_016872,79.4710825808543
STU_016873,94.04717164001832
STU_016874,72.13642081717069
STU_016875,82.72604925417782
STU_016876,58.161161217358384
STU_016877,100.0
STU_016878,64.37091179398716
STU_016879,91.91839295153964
STU_016880,88.54301533871524
STU_016881,66.86640987634885
STU_016882,74.2979236801251
STU_016883,90.71254978048637
STU_016884,70.37852167223761
STU_016885,92.67215239634996
STU_016886,83.62232085932143
STU_016887,66.59892247107248
STU_016888,86.08149768208278
STU_016889,73.30886993032138
STU_016890,71.89165072288557
STU_016891,68.88832613768547
STU_016892,83.48176929743903
STU_016893,65.08071441881974
STU_016894,82.15715195316224
STU_016895,70.19675297960337
STU_016896,65.2178136571852
STU_016897,54.85857019588859
STU_016898,97.64805015932582
STU_016899,81.59603502334426
STU_016900,93.95044360963234
STU_016901,77.10925421009453
STU_016902,92.54372329323513
STU_016903,78.9945076748918
STU_016904,87.22908203690298
STU_016905,82.687439205994
STU_016906,74.02354096045256
STU_016907,85.84991944810807
STU_016908,69.26389655075336
STU_016909,87.65001783407355
STU_016910,74.07333407376125
STU_016911,71.89090331714927
STU_016912,69.96580583492721
STU_016913,60.98716970531286
STU_016914,90.0719377155333
STU_016915,87.70247806429963
STU_016916,74.54701937766927
STU_016917,81.28025624379852
STU_016918,51.54792303284643
STU_016919,70.87912797015134
STU_016920,72.92688593011196
STU_016921,74.36387884883113
STU_016922,70.72850265608112
STU_016923,88.61592580242468
STU_016924,54.72559705574811
STU_016925,79.99876435620085
STU_016926,71.89198618991439
STU_016927,61.06583312665863
STU_016928,73.33711573493093
STU_016929,66.86938798592084
STU_016930,91.73428917813484
STU_016931,45.060349704577625
STU_016932,84.6322121879944
STU_016933,86.47335715839705
STU_016934,64.32393766198979
STU_016935,74.05335200883748
STU_016936,60.97347718105476
STU_016937,70.64192016407183
STU_016938,87.22454717755303
STU_016939,93.30685394191244
STU_016940,86.20301760046196
STU_016941,62.09569145321328
STU_016942,78.02512883142423
STU_016943,75.974788555158
STU_016944,79.60001634211585
STU_016945,91.48541893737138
STU_016946,81.52965022779863
STU_016947,72.74693260021166
STU_016948,74.59743904119846
STU_016949,59.94840275760818
STU_016950,68.07664641882323
STU_016951,96.09161478223744
STU_016952,59.54397855381606
STU_016953,66.46969850072756
STU_016954,68.337440158122
STU_016955,86.92671647273416
STU_016956,91.65425415736269
STU_016957,66.1734429465172
STU_016958,77.64079957079386
STU_016959,94.6105301620174
STU_016960,82.30884586476297
STU_016961,67.68389861477218
STU_016962,75.75881686187704
STU_016963,95.11183053254211
STU_016964,90.41153331217858
STU_016965,90.84220198254664
STU_016966,78.01676714830626
STU_016967,89.99498037455376
STU_016968,94.58072834997279
STU_016969,63.30211934035766
STU_016970,74.94909002044756
STU_016971,61.298504104110876
STU_016972,96.64779459785473
STU_016973,73.75414931771891
STU_016974,77.61758461463992
STU_016975,63.7491656824953
STU_016976,72.06259042200354
STU_016977,85.91535382526801
STU_016978,67.90424665835636
STU_016979,58.09473075768423
STU_016980,83.67181208714788
STU_016981,63.22210293077057
STU_016982,77.83919052810715
STU_016983,67.58243373181229
STU_016984,65.24853686399858
STU_016985,99.99616785611802
STU_016986,87.48083196668222
STU_016987,83.8644161576615
STU_016988,73.75608989472497
STU_016989,88.69106088194779
STU_016990,75.87403680352776
STU_016991,63.89297244418646
STU_016992,82.58221508225331
STU_016993,76.47982170773784
STU_016994,64.57849492839776
STU_016995,66.32961155896277
STU_016996,90.89515962476437
STU_016997,83.18463718821643
STU_016998,92.94758212990095
STU_016999,97.8792645145487
STU_017000,88.11574971039417
STU_017001,86.8211209940719
STU_017002,96.26544222490296
STU_017003,94.4895351458687
STU_017004,66.89741076524649
STU_017005,80.29808162526794
STU_017006,83.12779938083729
STU_017007,69.98259383662565
STU_017008,79.14318249249763
STU_017009,82.90476654718174
STU_017010,76.91735056324644
STU_017011,54.440554077803526
STU_017012,57.320166294275666
STU_017013,97.92467294326107
STU_017014,78.37729722038816
STU_017015,81.84627212529294
STU_017016,88.0732321545718
STU_017017,67.26315129987087
STU_017018,76.63158053598607
STU_017019,57.56834481468925
STU_017020,72.4053400196987
STU_017021,82.62544054030863
STU_017022,70.10922961746297
STU_017023,60.28244815231626
STU_017024,58.30576726695666
STU_017025,65.39496712155929
STU_017026,80.26330209477952
STU_017027,80.74814016977398
STU_017028,72.1552456564138
STU_017029,88.1114326394642
STU_017030,90.56948648812354
STU_017031,57.982405188412805
STU_017032,94.54281262467784
STU_017033,85.58507550599333
STU_017034,75.8681368656616
STU_017035,73.8984146119248
STU_017036,85.77565438603777
STU_017037,92.81904270018171
STU_017038,96.78733333995487
STU_017039,87.16937388585156
STU_017040,99.62587731811655
STU_017041,62.457535769651194
STU_017042,84.68626344501772
STU_017043,76.57015500921636
STU_017044,95.1452763214977
STU_017045,87.58120046136678
STU_017046,80.73123749616084
STU_017047,95.44516026865745
STU_017048,69.08456809608445
STU_017049,84.13765937302924
STU_017050,70.49561670413419
STU_017051,77.06058856295108
STU_017052,92.97773694534095
STU_017053,81.70235319532725
STU_017054,90.71710676325606
STU_017055,84.61355436053039
STU_017056,80.1488213150475
STU_017057,96.13030343681686
STU_017058,79.99620355330022
STU_017059,61.17221341585446
STU_017060,67.51541613181152
STU_017061,90.99973643320584
STU_017062,60.27072497633172
STU_017063,76.40840817983828
STU_017064,67.82623750689675
STU_017065,90.87019899739174
STU_017066,64.30710126288608
STU_017067,92.94214887435663
STU_017068,65.9926711113096
STU_017069,80.92814415915836
STU_017070,81.92639309424744
STU_017071,76.85870749868602
STU_017072,71.8003658212483
STU_017073,92.17950265392464
STU_017074,86.25887327919152
STU_017075,90.55785898255691
STU_017076,53.88407827885074
STU_017077,86.98117676676029
STU_017078,66.61567397655955
STU_017079,63.50965332394624
STU_017080,54.11504067207605
STU_017081,71.05390376745382
STU_017082,83.43534983289993
STU_017083,67.36809414105092
STU_017084,52.46882398343772
STU_017085,62.25906116481194
STU_017086,91.63821984709773
STU_017087,70.12287884665334
STU_017088,90.41889883147896
STU_017089,63.90750540102439
STU_017090,86.77289241695502
STU_017091,69.22922674215633
STU_017092,83.05854267691971
STU_017093,54.36542156729088
STU_017094,80.69879000396446
STU_017095,52.758866332515495
STU_017096,63.96866435673866
STU_017097,63.11475121674414
STU_017098,50.08314571368526
STU_017099,74.15727391392198
STU_017100,81.58626797518976
STU_017101,78.5874305535735
STU_017102,83.18490599930124
STU_017103,77.69943748251683
STU_017104,87.52926338254244
STU_017105,69.90878582547192
STU_017106,62.957514995541516
STU_017107,48.865398082594275
STU_017108,82.22987453719065
STU_017109,71.63457741649114
STU_017110,70.94096626064399
STU_017111,83.6850494339593
STU_017112,88.4101476671884
STU_017113,62.89948938672259
STU_017114,75.4568505727657
STU_017115,82.40754695941163
STU_017116,95.02355509362005
STU_017117,48.57640769278196
STU_017118,84.7364017773408
STU_017119,84.7343442381544
STU_017120,87.23467719660835
STU_017121,72.97624009120145
STU_017122,96.83937310704908
STU_017123,69.93688605464688
STU_017124,73.64933039720935
STU_017125,72.85280863263142
STU_017126,82.99088913936131
STU_017127,60.03573826806061
STU_017128,73.49242694975509
STU_017129,61.95058074282443
STU_017130,74.73052093406254
STU_017131,69.066655835806
STU_017132,74.50906302223295
STU_017133,78.00417691764957
STU_017134,93.22002910849538
STU_017135,60.14295384300303
STU_017136,84.24302662590182
STU_017137,65.14806171325304
STU_017138,78.57592032446809
STU_017139,91.41793880061121
STU_017140,78.85225455460349
STU_017141,86.95356481061799
STU_017142,93.77075191451212
STU_017143,51.35583028041186
STU_017144,93.69437414040928
STU_017145,88.8549278503534
STU_017146,94.74807332216803
STU_017147,100.0
STU_017148,74.87333463200511
STU_017149,75.05190889565147
STU_017150,60.58678896259801
STU_017151,74.41404131716887
STU_017152,74.69047873692858
STU_017153,76.83413935762205
STU_017154,78.18914510299551
STU_017155,56.60443525100173
STU_017156,57.60648140067381
STU_017157,74.8928778219173
STU_017158,84.45095189947651
STU_017159,64.03381546616443
STU_017160,58.65127482562433
STU_017161,76.87640833777702
STU_017162,76.06659716557522
STU_017163,78.24099505265009
STU_017164,91.3803560499356
STU_017165,68.16714722373635
STU_017166,72.41122324609016
STU_017167,66.34452826593552
STU_017168,79.71277499253105
STU_017169,83.38081556164389
STU_017170,86.95781163492202
STU_017171,91.87375708882803
STU_017172,75.88767569823422
STU_017173,55.67728681484381
STU_017174,61.44369092053987
STU_017175,99.56778240687291
STU_017176,82.65979747718173
STU_017177,74.54076496566955
STU_017178,84.23497639907376
STU_017179,82.11899853335471
STU_017180,73.19999042345857
STU_017181,86.02648817709104
STU_017182,67.45975228572071
STU_017183,96.6481958649529
STU_017184,84.97811894261082
STU_017185,94.6353942480338
STU_017186,66.07880851049819
STU_017187,88.022501070737
STU_017188,77.42805442749803
STU_017189,55.232843903208824
STU_017190,85.69535548799709
STU_017191,68.17645518215606
STU_017192,66.32951199229886
STU_017193,51.88663086039044
STU_017194,83.97369893965744
STU_017195,70.1623844596148
STU_017196,82.29998899996734
STU_017197,76.93551827813629
STU_017198,74.95168222491131
STU_017199,74.15865841651352
STU_017200,65.44109607808936
STU_017201,67.9924666642788
STU_017202,87.35564139497303
STU_017203,77.82088434175995
STU_017204,68.48129814372062
STU_017205,89.12945015965788
STU_017206,76.11563324608888
STU_017207,92.60822849532376
STU_017208,62.77145769500504
STU_017209,59.765797666330926
STU_017210,37.157028450371634
STU_017211,86.7925301409983
STU_017212,91.24796894310339
STU_017213,92.95685881635961
STU_017214,82.57394712150997
STU_017215,64.74066446905323
STU_017216,56.522831318268665
STU_017217,100.0
STU_017218,75.31666815389269
STU_017219,92.42675807188884
STU_017220,79.68337871370036
STU_017221,71.14666411386891
STU_017222,65.84645195462069
STU_017223,74.40567007218252
STU_017224,85.38922481042613
STU_017225,88.20587254987518
STU_017226,79.27243497527675
STU_017227,72.79113601380428
STU_017228,84.5184759678655
STU_017229,68.50596973665972
STU_017230,90.96032561057952
STU_017231,64.77650226152133
STU_017232,72.09274916815832
STU_017233,73.20710635743583
STU_017234,88.19096220538196
STU_017235,80.09227107894529
STU_017236,63.376768983718144
STU_017237,92.69251302233477
STU_017238,81.30520943852311
STU_017239,52.66917956152585
STU_017240,91.06977199662127
STU_017241,71.71944594790726
STU_017242,46.48869709709956
STU_017243,81.75664509532064
STU_017244,72.90288081665487
STU_017245,89.46076226409059
STU_017246,85.08932127487826
STU_017247,56.58635286752046
STU_017248,64.09757922781841
STU_017249,65.52104143408242
STU_017250,59.2716527263747
STU_017251,88.4723475845129
STU_017252,56.234595962390515
STU_017253,85.43947816380577
STU_017254,48.037168409658236
STU_017255,57.68822817563337
STU_017256,49.843060681379015
STU_017257,80.63236550969714
STU_017258,77.46161580725934
STU_017259,69.20857923548124
STU_017260,68.51773486824224
STU_017261,60.44283360600382
STU_017262,72.27440995894824
STU_017263,80.19911246602199
STU_017264,69.2349433756478
STU_017265,91.42544227169898
STU_017266,54.37946188783891
STU_017267,70.54070902170346
STU_017268,74.69227271418431
STU_017269,67.39846822316834
STU_017270,82.70058096349129
STU_017271,80.89825662678808
STU_017272,58.70744594685301
STU_017273,86.23814641415666
STU_017274,86.49635059964496
STU_017275,68.53924953064526
STU_017276,56.65027775440038
STU_017277,79.60003218104426
STU_017278,88.4330699510616
STU_017279,73.92606053510643
STU_017280,81.941460244893
STU_017281,69.35332691525558
STU_017282,77.698400970834
STU_017283,79.52895265982107
STU_017284,86.38977898848422
STU_017285,85.45996772390164
STU_017286,76.9598352882897
STU_017287,66.34401982198969
STU_017288,62.635657870549444
STU_017289,75.6192309392784
STU_017290,86.51113049527626
STU_017291,82.00648848166529
STU_017292,66.6361616043321
STU_017293,71.20101296565065
STU_017294,63.131264415564324
STU_017295,75.38599673071974
STU_017296,77.85259332852885
STU_017297,95.43282429977597
STU_017298,69.20887346497112
STU_017299,74.18736186198805
STU_017300,59.24289183201755
STU_017301,61.49181032603559
STU_017302,73.98613380520764
STU_017303,91.26473220960307
STU_017304,86.45877722978369
STU_017305,75.9546903367322
STU_017306,81.22896156157739
STU_017307,96.19225503534085
STU_017308,91.0353961872745
STU_017309,91.24034214330516
STU_017310,66.23611756875006
STU_017311,77.24913602727165
STU_017312,67.22561167444012
STU_017313,92.05519948476942
STU_017314,80.73773631686716
STU_017315,86.41321517945501
STU_017316,72.95885569975951
STU_017317,84.08195599320983
STU_017318,39.17626610279702
STU_017319,65.45162096695698
STU_017320,91.43245126769588
STU_017321,80.00069232906162
STU_017322,77.56061449716826
STU_017323,80.99211817282377
STU_017324,86.65069179977164
STU_017325,85.659823159827
STU_017326,70.52929513133707
STU_017327,85.77897999101408
STU_017328,77.94065799918867
STU_017329,43.337862818984945
STU_017330,88.46128745077905
STU_017331,74.63055280260899
STU_017332,71.07058759000886
STU_017333,70.64011908268141
STU_017334,82.75497769177692
STU_017335,84.5316772065013
STU_017336,65.87516208783117
STU_017337,81.23076426182521
STU_017338,83.45092733411249
STU_017339,98.08428165562397
STU_017340,81.67677797869754
STU_017341,86.97177453393601
STU_017342,64.50709750814096
STU_017343,85.62453067700855
STU_017344,63.776061168532124
STU_017345,71.0125276487074
STU_017346,61.84438757927707
STU_017347,91.01573323807182
STU_017348,76.33993699386343
STU_017349,84.40171199793754
STU_017350,58.637815656703836
STU_017351,61.990395825586944
STU_017352,60.18451382014162
STU_017353,58.12465474369356
STU_017354,84.48301319184668
STU_017355,58.64916260828545
STU_017356,69.66316715573726
STU_017357,64.32715692409387
STU_017358,64.4070745102995
STU_017359,88.41926818231039
STU_017360,96.91782118273073
STU_017361,95.14555909242824
STU_017362,65.73067586197106
STU_017363,88.10179164791676
STU_017364,91.92961515012817
STU_017365,85.75336729017687
STU_017366,82.83351893578018
STU_017367,100.0
STU_017368,60.44845976020767
STU_017369,50.49136653639954
STU_017370,86.78161666481353
STU_017371,79.84420543274216
STU_017372,85.40770690825055
STU_017373,63.0759429083285
STU_017374,48.3227300697982
STU_017375,87.40967427512086
STU_017376,72.82326578391444
STU_017377,66.55886201902763
STU_017378,77.3707285141124
STU_017379,62.90323853739117
STU_017380,65.70418285577782
STU_017381,62.30349776773757
STU_017382,87.99991763246564
STU_017383,75.92326702400095
STU_017384,70.68464515696942
STU_017385,66.4613069999507
STU_017386,73.59512180951482
STU_017387,85.20516664786365
STU_017388,66.56985059554903
STU_017389,79.86279490411073
STU_017390,72.69342947000004
STU_017391,73.8681017096047
STU_017392,67.43487627474327
STU_017393,64.02445523706821
STU_017394,70.36311432533417
STU_017395,61.00515616012118
STU_017396,82.36756057008913
STU_017397,76.15589857509651
STU_017398,80.52666325560523
STU_017399,84.9593648825209
STU_017400,47.50386619417651
STU_017401,41.741008849893255
STU_017402,93.4642574696839
STU_017403,61.14207373720893
STU_017404,69.93768792172762
STU_017405,67.17045331914011
STU_017406,65.01287575661256
STU_017407,66.60100356125008
STU_017408,80.04531454436676
STU_017409,82.1101585958948
STU_017410,75.25555998340016
STU_017411,60.004016984517676
STU_017412,80.2843957659178
STU_017413,84.00684103227765
STU_017414,78.57747648254463
STU_017415,56.60655209632593
STU_017416,65.63636137586445
STU_017417,77.42545774054122
STU_017418,87.53755844937898
STU_017419,68.39060448587388
STU_017420,77.22019454717211
STU_017421,77.04136713957465
STU_017422,80.92025863628345
STU_017423,72.33089822797048
STU_017424,54.52711497412565
STU_017425,77.22562218566175
STU_017426,61.18101450008716
STU_017427,80.96717302174686
STU_017428,73.57107466492985
STU_017429,64.10403034956273
STU_017430,98.88905587301102
STU_017431,71.0060152576996
STU_017432,94.00206470058833
STU_017433,89.04221731790534
STU_017434,77.29211393536737
STU_017435,82.19993428214804
STU_017436,74.80894835139848
STU_017437,74.0111607823923
STU_017438,97.9696112689301
STU_017439,61.95797482304317
STU_017440,88.95260419493425
STU_017441,49.809954062513704
STU_017442,77.37641279990234
STU_017443,85.44292344716756
STU_017444,79.86704392776733
STU_017445,94.32266907191423
STU_017446,88.05358042377719
STU_017447,68.06531128725062
STU_017448,77.07350389566132
STU_017449,86.97377121629029
STU_017450,86.14384423742433
STU_017451,69.25232003900678
STU_017452,80.64574501322411
STU_017453,90.26289846911911
STU_017454,57.89712766445236
STU_017455,89.66863069097663
STU_017456,81.9778641741577
STU_017457,68.43741079370692
STU_017458,62.5846348137505
STU_017459,81.135109037918
STU_017460,66.85905223201753
STU_017461,84.35240250891127
STU_017462,78.79472632399623
STU_017463,92.49445229847034
STU_017464,77.24304868249794
STU_017465,82.25518557382566
STU_017466,80.0915671930836
STU_017467,57.73774336116122
STU_017468,83.23219453066775
STU_017469,90.68202406254676
STU_017470,84.96760973476957
STU_017471,87.49224054988302
STU_017472,67.99799349468448
STU_017473,96.36940201290474
STU_017474,36.731621491206035
STU_017475,65.08947619519
STU_017476,69.94416248963671
STU_017477,66.82920648171122
STU_017478,51.62914321008542
STU_017479,75.37067400921316
STU_017480,95.59531960353691
STU_017481,90.47177420752286
STU_017482,80.45053587180841
STU_017483,92.98155250247513
STU_017484,86.45371086670781
STU_017485,90.1599966242577
STU_017486,72.02017227983258
STU_017487,89.32247472271979
STU_017488,59.76783730390618
STU_017489,64.94944855459075
STU_017490,93.77238442708436
STU_017491,75.25108765457469
STU_017492,62.75191783951544
STU_017493,79.17453391530844
STU_017494,75.60749793173545
STU_017495,52.90565302163019
STU_017496,77.41442784816412
STU_017497,85.8244974808827
STU_017498,60.60296681313555
STU_017499,87.58486451269172
STU_017500,86.85129022942925
STU_017501,74.23421371564984
STU_017502,86.75239808328928
STU_017503,67.7851155648595
STU_017504,85.61757992878523
STU_017505,77.07557692251517
STU_017506,76.79883249805056
STU_017507,54.66561069675011
STU_017508,66.78901873951006
STU_017509,84.79059278224807
STU_017510,95.4194346203179
STU_017511,72.9638947855568
STU_017512,75.12802883163266
STU_017513,79.98384223765204
STU_017514,74.28170165292647
STU_017515,80.83128380457553
STU_017516,96.01376244607039
STU_017517,81.61217043901334
STU_017518,82.34201032482972
STU_017519,88.95230110332493
STU_017520,96.63611730911097
STU_017521,62.53265650367497
STU_017522,74.33227751439927
STU_017523,79.218155536998
STU_017524,57.77131632839268
STU_017525,69.98084870512274
STU_017526,77.75251336823942
STU_017527,82.64378986711827
STU_017528,73.84246387307756
STU_017529,97.95336816538888
STU_017530,83.08507858543618
STU_017531,88.96781377647838
STU_017532,64.84900423810464
STU_017533,69.1497342227301
STU_017534,57.617538662007306
STU_017535,74.83494738297631
STU_017536,86.66689278026823
STU_017537,93.72045194834567
STU_017538,93.87840289841056
STU_017539,74.34966635384686
STU_017540,96.07876579205121
STU_017541,51.73075449401042
STU_017542,70.75730035868492
STU_017543,82.04843217897293
STU_017544,93.79840770142607
STU_017545,69.00774504115506
STU_017546,69.22441691099516
STU_017547,91.82228104441174
STU_017548,76.39577102045986
STU_017549,97.1984630171203
STU_017550,77.25961776171658
STU_017551,95.65708097786487
STU_017552,48.52635082389284
STU_017553,86.20843960524307
STU_017554,62.212317207187226
STU_017555,71.3630286784373
STU_017556,72.831829303323
STU_017557,55.0570537989198
STU_017558,47.73025445202083
STU_017559,81.38855190754114
STU_017560,71.01805594548966
STU_017561,93.44676618070493
STU_017562,60.86988547675692
STU_017563,66.94250620092608
STU_017564,66.2145673108658
STU_017565,66.91510268535833
STU_017566,81.28004775727112
STU_017567,67.81417144803744
STU_017568,70.98870015268727
STU_017569,79.81544991773106
STU_017570,99.17580576028574
STU_017571,87.96928819261927
STU_017572,81.2624769322719
STU_017573,73.95003964722869
STU_017574,85.53469187184662
STU_017575,88.33488141823928
STU_017576,87.38594309547051
STU_017577,66.9761857439623
STU_017578,75.59194290208265
STU_017579,73.0772884956181
STU_017580,75.95704165088482
STU_017581,74.39826232745712
STU_017582,77.16735351264603
STU_017583,95.69910488775103
STU_017584,60.087077425787385
STU_017585,54.4422752219931
STU_017586,78.83324551984246
STU_017587,67.5102996088894
STU_017588,68.24628792729756
STU_017589,89.13929029472108
STU_017590,73.93777745305202
STU_017591,90.67971416916342
STU_017592,66.75874243504602
STU_017593,61.744009547669535
STU_017594,55.82187709587762
STU_017595,97.38446677329871
STU_017596,75.63975068368826
STU_017597,88.51872930362654
STU_017598,48.42183798631289
STU_017599,66.64562355924137
STU_017600,77.33002948578252
STU_017601,68.70039537993256
STU_017602,62.77175133336776
STU_017603,87.43249016906495
STU_017604,84.40088386007164
STU_017605,68.33893382269899
STU_017606,89.62785607514908
STU_017607,78.96639694448282
STU_017608,94.68271026008014
STU_017609,76.57418571982161
STU_017610,76.29721180193238
STU_017611,75.15154550345846
STU_017612,94.79993249864634
STU_017613,83.16422854987294
STU_017614,90.66718006842655
STU_017615,69.05472819986639
STU_017616,86.16329685150298
STU_017617,88.28704590817956
STU_017618,40.61065554396209
STU_017619,65.51563466505195
STU_017620,73.54852424787956
STU_017621,84.70006537694806
STU_017622,95.30816073789407
STU_017623,55.13421161745719
STU_017624,71.48866146081829
STU_017625,68.1360317041131
STU_017626,58.07623174397297
STU_017627,54.889707996337286
STU_017628,75.10739488095204
STU_017629,66.93045249655903
STU_017630,60.04270968927523
STU_017631,51.60434836645752
STU_017632,75.46291872654982
STU_017633,73.44015597122718
STU_017634,83.2235845197986
STU_017635,76.40712663544365
STU_017636,69.57369811619581
STU_017637,92.089942074621
STU_017638,68.68514580795112
STU_017639,84.61339642593464
STU_017640,94.48108242743965
STU_017641,98.41017657211867
STU_017642,64.48518917983637
STU_017643,61.5509022765849
STU_017644,79.21983005472508
STU_017645,83.15199236229218
STU_017646,70.44343321677087
STU_017647,62.46820550025144
STU_017648,82.80717692958609
STU_017649,97.46175756847857
STU_017650,96.64838574559336
STU_017651,69.8771918555413
STU_017652,74.55123321242439
STU_017653,97.14989423812176
STU_017654,75.26608251383868
STU_017655,84.13955094186204
STU_017656,84.2948891567647
STU_017657,56.02163567547292
STU_017658,67.10814662928192
STU_017659,100.0
STU_017660,76.69266425299485
STU_017661,79.19088527691848
STU_017662,66.34460410058345
STU_017663,79.68065504215525
STU_017664,77.11018084005529
STU_017665,71.87961598771572
STU_017666,77.42988390794949
STU_017667,75.19661460468673
STU_017668,72.24655295016765
STU_017669,75.1439996889055
STU_017670,47.17406378222781
STU_017671,70.23842920952167
STU_017672,60.86592617239346
STU_017673,71.17075864860787
STU_017674,69.4581038054175
STU_017675,73.38760499080679
STU_017676,67.62824086024604
STU_017677,83.5047972089171
STU_017678,83.30642385121624
STU_017679,88.33797166073485
STU_017680,75.6051872651577
STU_017681,87.27725328804497
STU_017682,72.64631639763488
STU_017683,79.11242374082545
STU_017684,83.39705074123665
STU_017685,71.75959662474833
STU_017686,63.80523261623013
STU_017687,75.21453080412407
STU_017688,70.31680991748031
STU_017689,90.41005905364466
STU_017690,67.19648199947797
STU_017691,73.52396676505673
STU_017692,73.77605571517248
STU_017693,62.4680082431283
STU_017694,76.61756366214243
STU_017695,95.88540783201097
STU_017696,80.26154411439583
STU_017697,42.77880463863431
STU_017698,50.656360789862845
STU_017699,92.89083168997948
STU_017700,49.768404080790134
STU_017701,52.72790313074003
STU_017702,77.84485233087256
STU_017703,77.74069197725427
STU_017704,62.150598646792645
STU_017705,57.765902632080945
STU_017706,83.06231532694324
STU_017707,46.113808484066936
STU_017708,94.54423285933834
STU_017709,87.34956821475588
STU_017710,86.2108778566602
STU_017711,100.0
STU_017712,75.09213114744422
STU_017713,71.83342989772542
STU_017714,87.18526724868754
STU_017715,64.45250468129406
STU_017716,56.819325752545296
STU_017717,72.68146298159033
STU_017718,90.430055501867
STU_017719,70.14287417222867
STU_017720,72.40300188372923
STU_017721,84.61596676037388
STU_017722,100.0
STU_017723,71.31582491480876
STU_017724,73.6501620686812
STU_017725,91.8942168552351
STU_017726,89.76257498293184
STU_017727,84.4392144094659
STU_017728,86.74504870188605
STU_017729,69.32311271463169
STU_017730,59.69655022852666
STU_017731,55.65228728970888
STU_017732,80.96023253948634
STU_017733,64.16548205157866
STU_017734,69.45303543928317
STU_017735,65.12239395585146
STU_017736,70.76065690513666
STU_017737,61.89691741839505
STU_017738,94.38490903108617
STU_017739,86.19366832379316
STU_017740,78.07226596073559
STU_017741,88.89519195192348
STU_017742,85.5778721374065
STU_017743,86.90770607399415
STU_017744,84.26183245084627
STU_017745,87.73885127973006
STU_017746,83.51395532484722
STU_017747,68.6554592806432
STU_017748,59.90099395620177
STU_017749,66.24333915503118
STU_017750,87.07500626663821
STU_017751,79.97688743067836
STU_017752,75.46751336539194
STU_017753,95.47311352783954
STU_017754,88.4955901703429
STU_017755,89.18898316783762
STU_017756,86.32959895690358
STU_017757,53.432873464512824
STU_017758,68.68186344541976
STU_017759,82.58645540167356
STU_017760,94.45365287304907
STU_017761,65.82776901226978
STU_017762,100.0
STU_017763,90.80912122599344
STU_017764,58.392918151043304
STU_017765,92.43737425325874
STU_017766,78.27224941388113
STU_017767,60.05971304207995
STU_017768,63.33748825012693
STU_017769,89.33288173046137
STU_017770,75.45321419695324
STU_017771,55.85101648267998
STU_017772,71.18014730884086
STU_017773,58.613554433651295
STU_017774,100.0
STU_017775,80.32737488914252
STU_017776,82.49926945717664
STU_017777,80.49813901980761
STU_017778,81.19952909833198
STU_017779,51.94072153120448
STU_017780,71.22798519325721
STU_017781,80.03201863397493
STU_017782,73.44215082240727
STU_017783,68.06471516478886
STU_017784,79.96250241602982
STU_017785,86.41562757612056
STU_017786,73.95177874807577
STU_017787,82.2339657972814
STU_017788,75.76866787478231
STU_017789,85.74901222070741
STU_017790,56.61996632362293
STU_017791,90.05588479487014
STU_017792,68.18590753447236
STU_017793,66.79336268164678
STU_017794,66.01049501724803
STU_017795,71.38261355650546
STU_017796,80.33328829316514
STU_017797,90.29847293334413
STU_017798,95.43578989693606
STU_017799,100.0
STU_017800,90.39314796726615
STU_017801,76.00899999333635
STU_017802,94.06809313472384
STU_017803,61.96091525863573
STU_017804,80.00440840077162
STU_017805,73.05109877764266
STU_017806,70.66252996918938
STU_017807,94.7850191546308
STU_017808,69.23559752578223
STU_017809,82.35738395759799
STU_017810,100.0
STU_017811,72.88107608610055
STU_017812,85.79288857636175
STU_017813,85.24594682620804
STU_017814,73.10948567971553
STU_017815,67.26589326563315
STU_017816,58.259184118245
STU_017817,55.58467857424648
STU_017818,89.44524215133285
STU_017819,86.62623582523166
STU_017820,87.11968070451555
STU_017821,73.27668758356818
STU_017822,88.60429092471406
STU_017823,97.052900118706
STU_017824,51.48907389313711
STU_017825,76.53673724424097
STU_017826,82.43664078475572
STU_017827,86.95626123620625
STU_017828,59.225251892653496
STU_017829,64.6872390109363
STU_017830,68.63650038906458
STU_017831,83.78807947418326
STU_017832,83.29266593292209
STU_017833,59.45613815737436
STU_017834,80.44281912640562
STU_017835,70.0841324415731
STU_017836,80.63398760785289
STU_017837,71.78867280157344
STU_017838,68.35326331123208
STU_017839,95.9002062863485
STU_017840,72.07173537801701
STU_017841,89.5643947656381
STU_017842,78.71218592677559
STU_017843,82.51656614608031
STU_017844,68.16910434470799
STU_017845,98.50041011293311
STU_017846,90.15738329723709
STU_017847,50.93310390446827
STU_017848,65.72888965910403
STU_017849,55.201969816759245
STU_017850,70.97777788082148
STU_017851,58.29166483862698
STU_017852,85.59838379064945
STU_017853,69.62070846602602
STU_017854,94.79458099949787
STU_017855,52.06686363772602
STU_017856,83.15902597080164
STU_017857,85.01352066057395
STU_017858,77.52318559563305
STU_017859,62.62679253524648
STU_017860,82.30761608809155
STU_017861,84.87683341944233
STU_017862,71.21728321803344
STU_017863,90.53461975802588
STU_017864,78.14949919791198
STU_017865,73.60873760455655
STU_017866,80.66344429866274
STU_017867,62.836028389391
STU_017868,96.54954569240174
STU_017869,63.21837712845088
STU_017870,84.0158867492267
STU_017871,92.40938217848735
STU_017872,67.78766047156407
STU_017873,95.57568647389496
STU_017874,78.83924782976815
STU_017875,72.51113033667843
STU_017876,71.1292382689595
STU_017877,51.87663383918817
STU_017878,88.46994489337396
STU_017879,59.378958854880814
STU_017880,92.67061180177711
STU_017881,75.07461677220093
STU_017882,71.58578435899226
STU_017883,92.71432909694622
STU_017884,60.80236568307116
STU_017885,67.56840292853434
STU_017886,83.52799281298564
STU_017887,57.39562405586059
STU_017888,63.22005381382847
STU_017889,100.0
STU_017890,100.0
STU_017891,80.55755097796799
STU_017892,56.04117577997593
STU_017893,82.94803728331448
STU_017894,60.35452323843144
STU_017895,69.09505998525128
STU_017896,81.38409820245465
STU_017897,61.32927442322457
STU_017898,81.50155001040923
STU_017899,81.63682752477618
STU_017900,71.715055925675
STU_017901,88.06654612672693
STU_017902,67.25433685683834
STU_017903,73.44653710740084
STU_017904,80.74291600686274
STU_017905,77.56334714859096
STU_017906,67.54155119670877
STU_017907,75.52757325448302
STU_017908,71.8515221324612
STU_017909,68.54576870319373
STU_017910,70.11380626753565
STU_017911,62.05714907734202
STU_017912,89.47190625710672
STU_017913,85.82071756029244
STU_017914,70.76918562131357
STU_017915,75.06049367009597
STU_017916,78.28758073022772
STU_017917,82.22723140725617
STU_017918,75.49556569709306
STU_017919,92.32850008513704
STU_017920,73.97321940867762
STU_017921,84.17822924186945
STU_017922,74.09893147994512
STU_017923,65.54426029402329
STU_017924,74.55426518107754
STU_017925,69.16235494310179
STU_017926,75.4755926173945
STU_017927,97.18709441589033
STU_017928,85.40230362698426
STU_017929,89.40900612147593
STU_017930,76.125064992597
STU_017931,65.24880870788739
STU_017932,95.4335599942485
STU_017933,95.2971443655383
STU_017934,92.80642966360651
STU_017935,77.16175087806253
STU_017936,54.266723006525076
STU_017937,82.33095550890044
STU_017938,66.12050094903547
STU_017939,87.96067939473349
STU_017940,73.91366276762932
STU_017941,65.6513639538255
STU_017942,68.07970988876997
STU_017943,55.286941767055914
STU_017944,67.18366496442138
STU_017945,89.66672511921996
STU_017946,62.819600181995135
STU_017947,60.39912539443044
STU_017948,74.47761754693785
STU_017949,58.70688951972532
STU_017950,52.25095774992465
STU_017951,69.24388626775814
STU_017952,92.8713006806594
STU_017953,74.36465357157444
STU_017954,98.64289833531568
STU_017955,65.60468002498263
STU_017956,69.09936773311276
STU_017957,65.74359453875039
STU_017958,46.477378783083864
STU_017959,85.23849370793025
STU_017960,78.25207409505188
STU_017961,90.51932437416899
STU_017962,63.56594859424824
STU_017963,63.481207378947445
STU_017964,52.157199286653935
STU_017965,95.99354219635337
STU_017966,76.1552314093596
STU_017967,78.62053161087161
STU_017968,96.82675949081218
STU_017969,77.98836158716924
STU_017970,56.25832344321087
STU_017971,62.30250270466094
STU_017972,71.05793765225509
STU_017973,66.06896315181173
STU_017974,79.4687579828857
STU_017975,65.74035378697234
STU_017976,67.60463886952384
STU_017977,93.89856946373719
STU_017978,66.37650942515886
STU_017979,72.82028631936453
STU_017980,57.866290771384456
STU_017981,97.60718599742566
STU_017982,71.81198591806687
STU_017983,82.7493735923424
STU_017984,70.99288802108627
STU_017985,66.38228502051685
STU_017986,64.4854360767738
STU_017987,83.44933742884713
STU_017988,64.68004271293547
STU_017989,73.12997553811346
STU_017990,74.17024532519385
STU_017991,82.21767972266062
STU_017992,50.98035192346467
STU_017993,95.40817451748727
STU_017994,85.92725398510717
STU_017995,80.31669067809729
STU_017996,57.88440272560804
STU_017997,70.97816091530598
STU_017998,86.30555832644552
STU_017999,88.96663348557621
STU_018000,96.63586704283458
STU_018001,74.8178429165118
STU_018002,49.5406590954239
STU_018003,72.62269715687479
STU_018004,82.05502909904737
STU_018005,76.50243387874931
STU_018006,64.69786261951108
STU_018007,98.03720950916346
STU_018008,91.15980207681008
STU_018009,89.2606578138938
STU_018010,82.0463913453382
STU_018011,85.96858513110105
STU_018012,65.99974148870082
STU_018013,87.42133022483829
STU_018014,67.74346545498764
STU_018015,74.71499467218632
STU_018016,75.39145415115968
STU_018017,80.69483541516354
STU_018018,98.03165363611346
STU_018019,65.0078986152785
STU_018020,74.60007249084792
STU_018021,68.03491349973226
STU_018022,89.02857648319355
STU_018023,83.44960298377782
STU_018024,45.010405317537845
STU_018025,79.14263250520594
STU_018026,69.91942291703673
STU_018027,83.47855208794255
STU_018028,97.76162684402186
STU_018029,71.99934616658771
STU_018030,92.02507210109437
STU_018031,85.73403992691667
STU_018032,71.26928193864991
STU_018033,86.92229904679652
STU_018034,73.0644503774894
STU_018035,86.7790470894318
STU_018036,77.41220651196673
STU_018037,42.372395423676934
STU_018038,64.48171641715642
STU_018039,76.95389587041194
STU_018040,75.9220436960001
STU_018041,65.90055760426719
STU_018042,66.4386624636817
STU_018043,89.83636071193786
STU_018044,75.84455335635879
STU_018045,72.9325159547027
STU_018046,80.73892926551557
STU_018047,59.10651019317932
STU_018048,94.35909119511413
STU_018049,85.9006209279244
STU_018050,84.79393965006568
STU_018051,65.52165571228704
STU_018052,65.53146907604398
STU_018053,65.90009461183212
STU_018054,42.728675612676554
STU_018055,97.97554172743591
STU_018056,42.613200284108714
STU_018057,63.89199623375447
STU_018058,89.73512505066014
STU_018059,90.57025705916395
STU_018060,62.748146347603345
STU_018061,79.6325120830917
STU_018062,85.01270680767615
STU_018063,71.24826838570307
STU_018064,85.1716068596499
STU_018065,85.1405151084783
STU_018066,92.99012900273414
STU_018067,95.29329445863033
STU_018068,81.87987537355292
STU_018069,80.6715177146952
STU_018070,79.65103163166864
STU_018071,90.13169983251552
STU_018072,84.36422911800452
STU_018073,59.89902382161821
STU_018074,68.7183000282003
STU_018075,69.73969339455861
STU_018076,65.81690650156646
STU_018077,56.03911128450855
STU_018078,70.07391610658489
STU_018079,80.66765995179233
STU_018080,90.13834998405376
STU_018081,75.94746829306492
STU_018082,82.17568916895482
STU_018083,93.39112987488846
STU_018084,64.35099278508976
STU_018085,71.93723558271626
STU_018086,85.56992082271424
STU_018087,73.74046665000753
STU_018088,64.54296147620518
STU_018089,56.12935820822825
STU_018090,67.43460534269741
STU_018091,81.60255489537657
STU_018092,78.20463252464448
STU_018093,64.3788103889049
STU_018094,72.67367478023594
STU_018095,78.73242589443261
STU_018096,59.754252949010684
STU_018097,82.69141783874693
STU_018098,62.30488919111407
STU_018099,69.77022372290446
STU_018100,93.17057187830589
STU_018101,78.12478048931145
STU_018102,56.10398529262912
STU_018103,96.07420392298341
STU_018104,62.55655264779084
STU_018105,60.63997256532962
STU_018106,74.9929843286213
STU_018107,78.13329537612832
STU_018108,70.48260162738302
STU_018109,86.29989279225738
STU_018110,80.14559652697089
STU_018111,81.57266699869697
STU_018112,69.70386824886803
STU_018113,59.60718926141633
STU_018114,91.3537700360839
STU_018115,75.96696159355146
STU_018116,68.54648264192787
STU_018117,77.96221055738303
STU_018118,67.5140604172887
STU_018119,95.78582221553441
STU_018120,61.51596828871041
STU_018121,94.01998162144905
STU_018122,79.22420367107551
STU_018123,73.82343696283418
STU_018124,85.48483529322236
STU_018125,68.64665700420166
STU_018126,56.303300011670636
STU_018127,64.90704612588965
STU_018128,51.39454537959426
STU_018129,76.84952380990329
STU_018130,90.17093617640752
STU_018131,73.81179416779847
STU_018132,95.67755157887022
STU_018133,79.0891887486292
STU_018134,100.0
STU_018135,99.98231704508575
STU_018136,48.051903873095725
STU_018137,67.5552648156052
STU_018138,91.85928085111206
STU_018139,78.73576651333845
STU_018140,51.65629561774456
STU_018141,61.443426818894594
STU_018142,75.53572456058708
STU_018143,59.015040203100206
STU_018144,63.366798534085106
STU_018145,78.94037320557759
STU_018146,52.50345367560686
STU_018147,81.0992815131238
STU_018148,77.65534287698482
STU_018149,60.2042564989863
STU_018150,84.9038226825273
STU_018151,69.54997232502326
STU_018152,60.038485321373784
STU_018153,81.91185200462166
STU_018154,58.56335318456645
STU_018155,90.08805648171825
STU_018156,98.07006078163204
STU_018157,53.755932352540604
STU_018158,65.27546730648153
STU_018159,65.66769907765944
STU_018160,65.59648532588967
STU_018161,85.2366644129412
STU_018162,64.2403139696743
STU_018163,95.08367926184391
STU_018164,73.47035861061627
STU_018165,57.64619632470786
STU_018166,76.24205373920402
STU_018167,74.79779160421135
STU_018168,81.67493435381871
STU_018169,66.47148944657718
STU_018170,47.58151054065392
STU_018171,63.58429824032904
STU_018172,83.85492943814624
STU_018173,66.19755671399506
STU_018174,82.63852230852271
STU_018175,75.04204083603841
STU_018176,75.58282511939191
STU_018177,76.79546142582006
STU_018178,72.70076499220887
STU_018179,73.78837274114152
STU_018180,90.58446429275376
STU_018181,73.7361472378521
STU_018182,77.55829937660398
STU_018183,70.21226482570404
STU_018184,56.36134916547354
STU_018185,65.66655804991255
STU_018186,89.63112200392146
STU_018187,63.35964742127324
STU_018188,82.8590305215274
STU_018189,75.8400273965393
STU_018190,68.04436177220683
STU_018191,80.2809053755673
STU_018192,77.49895709210035
STU_018193,81.07550713609619
STU_018194,73.34882262812069
STU_018195,84.45398745424185
STU_018196,57.305556847027994
STU_018197,89.37412606813129
STU_018198,78.49845288436298
STU_018199,73.20758266285043
STU_018200,84.55005901926216
STU_018201,73.22346560030778
STU_018202,43.9891816914821
STU_018203,78.60317673686927
STU_018204,76.38958193706175
STU_018205,70.06376507187035
STU_018206,72.09694887070927
STU_018207,75.10374356382349
STU_018208,75.90431033631484
STU_018209,62.17293812004951
STU_018210,85.64037623570195
STU_018211,98.69879407426805
STU_018212,73.42864896993908
STU_018213,50.787874502832025
STU_018214,79.15956736731025
STU_018215,74.17544087103889
STU_018216,78.84986617626043
STU_018217,56.21656075955153
STU_018218,73.289733726696
STU_018219,88.20413404064261
STU_018220,79.93870176325203
STU_018221,93.9229117023087
STU_018222,87.34241015452149
STU_018223,85.41088575609152
STU_018224,82.4954722445155
STU_018225,73.75948865454154
STU_018226,80.3037984500407
STU_018227,76.2922854167322
STU_018228,78.5991562816454
STU_018229,74.1925479300899
STU_018230,87.63066191793826
STU_018231,74.23579915370405
STU_018232,60.32722746686643
STU_018233,58.95689878206268
STU_018234,93.80953701470993
STU_018235,82.0259615391839
STU_018236,98.76794085113633
STU_018237,57.102921421715955
STU_018238,73.54039454777329
STU_018239,89.93897416898301
STU_018240,57.52225020359053
STU_018241,86.09925013957348
STU_018242,73.4147675032262
STU_018243,79.952348443672
STU_018244,93.61742157954728
STU_018245,74.55741469731933
STU_018246,76.90564741259854
STU_018247,55.13429631929861
STU_018248,73.00631688911086
STU_018249,70.62938141740395
STU_018250,68.97861959876879
STU_018251,68.80270039393884
STU_018252,93.90281168510428
STU_018253,57.43280934396047
STU_018254,86.12302267053379
STU_018255,74.76820674654587
STU_018256,90.84270116386574
STU_018257,76.00311509594393
STU_018258,82.73895707044193
STU_018259,89.5242263543912
STU_018260,84.21824740147875
STU_018261,70.84831682905738
STU_018262,56.51224995102307
STU_018263,81.6848622875376
STU_018264,80.66212181322035
STU_018265,81.59772385650948
STU_018266,84.02893128019298
STU_018267,69.60338718142665
STU_018268,77.29290360918006
STU_018269,67.67477583908195
STU_018270,67.6398153258
STU_018271,72.78723633587877
STU_018272,50.553008804799966
STU_018273,95.50759248785295
STU_018274,66.88553611129589
STU_018275,88.31954956773147
STU_018276,84.9141561999935
STU_018277,84.11575303905384
STU_018278,78.44472039927084
STU_018279,57.187722812593194
STU_018280,87.50109438754038
STU_018281,96.18976814917036
STU_018282,70.67179045121632
STU_018283,62.48927267297633
STU_018284,68.80446825960996
STU_018285,88.22844315982135
STU_018286,62.55516495553561
STU_018287,93.20611543142313
STU_018288,68.6941092032126
STU_018289,89.2681673783102
STU_018290,65.94792535494038
STU_018291,75.44635696623727
STU_018292,79.61067060502728
STU_018293,66.50857688880778
STU_018294,82.55042435722615
STU_018295,53.9852196446751
STU_018296,87.14951940748912
STU_018297,83.32539263430246
STU_018298,96.8314311037046
STU_018299,64.4937502675843
STU_018300,82.11781728589892
STU_018301,68.06562443624897
STU_018302,68.92999510560998
STU_018303,97.71630209064656
STU_018304,66.03082706769575
STU_018305,56.07336850444266
STU_018306,62.449524156896814
STU_018307,77.0425311588432
STU_018308,84.40742011644204
STU_018309,68.27822573399499
STU_018310,89.71378216887192
STU_018311,67.6543183430272
STU_018312,74.36950253092796
STU_018313,84.3875909311744
STU_018314,66.42571540489705
STU_018315,94.3990037359955
STU_018316,72.90774086684212
STU_018317,85.69313032860522
STU_018318,60.04112899575169
STU_018319,57.941775137141946
STU_018320,86.97928851352786
STU_018321,92.19740688099631
STU_018322,77.40118315659777
STU_018323,100.0
STU_018324,59.557749745108865
STU_018325,73.59322836641758
STU_018326,68.91178572417907
STU_018327,86.37783902046378
STU_018328,73.96191760567616
STU_018329,75.3040875625658
STU_018330,50.214393576073505
STU_018331,81.22053167328168
STU_018332,89.8463875882623
STU_018333,64.56599207746396
STU_018334,87.37443481888312
STU_018335,62.41984620779938
STU_018336,73.67758105999458
STU_018337,71.2219898753764
STU_018338,72.68003724501772
STU_018339,85.92720644474693
STU_018340,87.20228725966102
STU_018341,67.98000896339263
STU_018342,62.327220084200476
STU_018343,57.82504199650515
STU_018344,79.07379197057685
STU_018345,72.47590604408184
STU_018346,71.65156302930039
STU_018347,71.70102309496136
STU_018348,95.72307350168077
STU_018349,79.71576286214527
STU_018350,87.23535960044458
STU_018351,81.23854210769696
STU_018352,88.34101738657688
STU_018353,82.28458448335434
STU_018354,98.73569937114681
STU_018355,71.56130432716324
STU_018356,75.55391743739922
STU_018357,66.76509355573066
STU_018358,78.10336007636289
STU_018359,98.09893845644663
STU_018360,93.76406764927489
STU_018361,51.05903119518937
STU_018362,65.75079575758677
STU_018363,46.948064992222754
STU_018364,88.24966255293165
STU_018365,86.56162646863802
STU_018366,55.89994132218268
STU_018367,75.28167660560285
STU_018368,69.22194917639422
STU_018369,79.60144329841955
STU_018370,62.51809082069437
STU_018371,82.0632871392701
STU_018372,89.49980632194021
STU_018373,64.41392403802048
STU_018374,78.42265942932615
STU_018375,64.69299603449977
STU_018376,80.92925871149974
STU_018377,85.15672425012471
STU_018378,90.03959634486014
STU_018379,52.55387183221309
STU_018380,83.37556365236988
STU_018381,71.27893846260346
STU_018382,86.24721600903119
STU_018383,90.01534675503385
STU_018384,67.89479320997425
STU_018385,94.64122323632034
STU_018386,75.99374666079461
STU_018387,84.51898408807716
STU_018388,97.34734910522751
STU_018389,63.45061741341678
STU_018390,55.48620145211092
STU_018391,81.56650260729387
STU_018392,100.0
STU_018393,77.75746484573285
STU_018394,83.22340655346811
STU_018395,76.86898348225785
STU_018396,58.52356868673412
STU_018397,67.88104530501994
STU_018398,76.82661804923626
STU_018399,99.37915688002431
STU_018400,73.36681099494614
STU_018401,77.44511331673588
STU_018402,77.55213828217273
STU_018403,89.98506985502937
STU_018404,85.48383967887906
STU_018405,84.42393936023848
STU_018406,69.89860037746685
STU_018407,97.40875662515909
STU_018408,80.071653729173
STU_018409,62.180045374464264
STU_018410,94.4413779680309
STU_018411,74.1004232391211
STU_018412,78.16667114248405
STU_018413,89.55357275240057
STU_018414,92.60328744402429
STU_018415,72.04069509412173
STU_018416,80.82829073439522
STU_018417,63.16123287708982
STU_018418,94.15167317778364
STU_018419,77.20576334399391
STU_018420,87.67259462672607
STU_018421,90.22340384742425
STU_018422,88.2573356228093
STU_018423,82.23834971987363
STU_018424,55.77672969331691
STU_018425,90.27455195770378
STU_018426,68.6650169797693
STU_018427,73.8026648562898
STU_018428,74.62403364893291
STU_018429,94.62258549499649
STU_018430,65.14277984833036
STU_018431,81.99414048073656
STU_018432,92.39467868510938
STU_018433,69.86561024330439
STU_018434,77.62751290475589
STU_018435,69.26753335730277
STU_018436,75.18841826993521
STU_018437,87.69053973750422
STU_018438,65.3384117308494
STU_018439,99.57850954333145
STU_018440,79.8049935884497
STU_018441,73.55335931753481
STU_018442,75.87444708871787
STU_018443,59.8345916076645
STU_018444,64.32842179538696
STU_018445,96.24022887995893
STU_018446,80.12102167621245
STU_018447,91.46763477037092
STU_018448,69.25047963162984
STU_018449,92.12569619120379
STU_018450,70.77168539717094
STU_018451,68.8450344692868
STU_018452,54.82295054289281
STU_018453,63.546138457674786
STU_018454,50.84667095007895
STU_018455,49.85557087043734
STU_018456,75.70294002554405
STU_018457,59.03827211315595
STU_018458,71.83539075763362
STU_018459,57.41083850151002
STU_018460,69.56422622383957
STU_018461,91.79099014244203
STU_018462,55.468495352634086
STU_018463,80.25367045524223
STU_018464,63.09021097747399
STU_018465,76.80170295158702
STU_018466,64.45984404514674
STU_018467,84.20064333298235
STU_018468,69.32641713294238
STU_018469,79.64902222309784
STU_018470,89.21821246022282
STU_018471,86.10196735817006
STU_018472,63.22569687500211
STU_018473,84.62497295845556
STU_018474,88.6408956868398
STU_018475,75.77602846382003
STU_018476,79.35915090844675
STU_018477,46.85673513167116
STU_018478,99.6505987055225
STU_018479,93.54346979172789
STU_018480,89.28356174910272
STU_018481,67.78318662022909
STU_018482,65.26480515444524
STU_018483,85.25472900142697
STU_018484,83.53275141188519
STU_018485,68.69537231011589
STU_018486,67.99613017167154
STU_018487,56.95848889720755
STU_018488,73.47559250518559
STU_018489,60.13165630750946
STU_018490,71.92529330786668
STU_018491,83.36960209291676
STU_018492,75.35838238015607
STU_018493,81.50487315662289
STU_018494,80.60899867267048
STU_018495,83.58380619468753
STU_018496,66.47748735954444
STU_018497,92.96957650648488
STU_018498,72.32527402196018
STU_018499,65.35200807535782
STU_018500,80.00517200508148
STU_018501,100.0
STU_018502,66.7149929791345
STU_018503,44.15799375106096
STU_018504,100.0
STU_018505,70.27899408110872
STU_018506,80.31004647209052
STU_018507,76.00333943881049
STU_018508,83.19471845021877
STU_018509,57.519425268282326
STU_018510,84.9784123459983
STU_018511,79.75222307598196
STU_018512,76.18260178279499
STU_018513,81.04893265172062
STU_018514,60.46307692317666
STU_018515,66.8458097908196
STU_018516,66.67786664394214
STU_018517,85.60447174231632
STU_018518,59.871429524720625
STU_018519,57.76433482336094
STU_018520,85.18482648319103
STU_018521,73.74905125427131
STU_018522,82.6879858789251
STU_018523,86.15013076998817
STU_018524,91.92481794194123
STU_018525,71.50696994894125
STU_018526,60.02312669473031
STU_018527,84.24559118187207
STU_018528,87.89309897851152
STU_018529,79.11026489446455
STU_018530,77.73401456287256
STU_018531,87.72086661058451
STU_018532,68.58214331576245
STU_018533,72.08739301185389
STU_018534,63.563470914152354
STU_018535,88.14986129840544
STU_018536,100.0
STU_018537,85.59692166249964
STU_018538,73.16389913846957
STU_018539,57.26921399863886
STU_018540,82.39925076397499
STU_018541,62.514404652544926
STU_018542,89.9060971417205
STU_018543,74.01020458579697
STU_018544,75.27855838736464
STU_018545,71.51183485606929
STU_018546,90.70275415414666
STU_018547,72.04037873267488
STU_018548,85.97441766631876
STU_018549,86.75450428866979
STU_018550,76.44252395515788
STU_018551,77.97955111236212
STU_018552,64.49399414176874
STU_018553,67.51344202257212
STU_018554,62.10468430879769
STU_018555,59.56202455628142
STU_018556,82.44481885871042
STU_018557,66.12644368239447
STU_018558,65.57689240874817
STU_018559,70.9110196825972
STU_018560,80.09176948151689
STU_018561,78.20939447005946
STU_018562,87.15313721056532
STU_018563,79.53262319535571
STU_018564,83.60457068674401
STU_018565,64.86681215914165
STU_018566,71.75695337270297
STU_018567,89.91050973146587
STU_018568,80.13503487694402
STU_018569,84.26458810653283
STU_018570,72.06394752298351
STU_018571,79.63908669836266
STU_018572,63.54267662467022
STU_018573,81.49036623970423
STU_018574,74.64949903673264
STU_018575,72.69050687433415
STU_018576,78.64669074468006
STU_018577,69.494180886601
STU_018578,84.15273857842277
STU_018579,52.13998188067576
STU_018580,96.52011040763234
STU_018581,71.82522040745397
STU_018582,80.59284343813965
STU_018583,91.91764578137675
STU_018584,84.58487406439542
STU_018585,74.00882399167202
STU_018586,89.99193456998813
STU_018587,95.00839099964122
STU_018588,56.645704375410176
STU_018589,86.54420562739105
STU_018590,73.6661120546521
STU_018591,89.0875472636812
STU_018592,45.07680732771568
STU_018593,84.68150199839275
STU_018594,67.65827307470958
STU_018595,73.37691838382774
STU_018596,61.28119096610981
STU_018597,72.3839305564802
STU_018598,62.56926463240343
STU_018599,58.618757473408266
STU_018600,85.47743675984583
STU_018601,67.18077126000561
STU_018602,68.20372825902234
STU_018603,68.08523873864875
STU_018604,77.62507225313155
STU_018605,48.10778115847685
STU_018606,73.4788983201093
STU_018607,90.47937791206058
STU_018608,93.33761135395311
STU_018609,88.70386307237206
STU_018610,100.0
STU_018611,70.52262674238185
STU_018612,73.76191357204414
STU_018613,85.01112658515649
STU_018614,78.21809084973188
STU_018615,55.217930531582326
STU_018616,82.92353268220455
STU_018617,71.92963049992841
STU_018618,66.24296926934619
STU_018619,71.5007056773722
STU_018620,87.48273932969171
STU_018621,59.139160333129155
STU_018622,78.62114838374168
STU_018623,64.77925661962998
STU_018624,77.51248313683932
STU_018625,82.7871699824104
STU_018626,69.67336088069001
STU_018627,70.3780786032873
STU_018628,62.23793747407728
STU_018629,74.17491629181482
STU_018630,63.045198448570794
STU_018631,91.33670093850314
STU_018632,81.16639959799326
STU_018633,67.87112139107397
STU_018634,67.56440248726014
STU_018635,69.04705276757949
STU_018636,71.18254162173811
STU_018637,71.1987198024829
STU_018638,99.24554494985253
STU_018639,89.22973424791218
STU_018640,68.43119260651872
STU_018641,58.15927602035033
STU_018642,82.61071077380699
STU_018643,65.18747631521228
STU_018644,57.74462873101815
STU_018645,94.91209965219134
STU_018646,64.55760133572846
STU_018647,95.82453141833861
STU_018648,60.78693812233239
STU_018649,58.28454986860011
STU_018650,76.6129164815274
STU_018651,67.37831747658038
STU_018652,85.9114391394683
STU_018653,78.37887342449295
STU_018654,76.40727759136271
STU_018655,65.55414830157224
STU_018656,73.65920625800695
STU_018657,88.38204039464365
STU_018658,86.92588418787838
STU_018659,83.46893565676848
STU_018660,73.32896907939518
STU_018661,60.615209087266
STU_018662,61.781393253863
STU_018663,74.76805681784371
STU_018664,50.32682289726813
STU_018665,67.32500312217832
STU_018666,63.09609036966913
STU_018667,58.95148613157568
STU_018668,46.96866380276348
STU_018669,73.85813740156185
STU_018670,71.35038348602194
STU_018671,61.421707079533725
STU_018672,75.6328090375164
STU_018673,61.942958723167564
STU_018674,67.207019807539
STU_018675,78.49378249726715
STU_018676,65.05622022866936
STU_018677,70.44782818428551
STU_018678,87.76663341263792
STU_018679,88.07132870475589
STU_018680,59.53351284989493
STU_018681,84.21940841428318
STU_018682,85.4552922515737
STU_018683,77.65055107424146
STU_018684,87.4131973085359
STU_018685,74.91246871911954
STU_018686,88.3473143345011
STU_018687,72.42312093155695
STU_018688,65.56538924176745
STU_018689,85.24173348769
STU_018690,69.40599060254665
STU_018691,68.32413085433635
STU_018692,74.66737895179641
STU_018693,69.46521259699287
STU_018694,86.37303884603034
STU_018695,75.6578707250409
STU_018696,68.59862015925253
STU_018697,80.30616983737775
STU_018698,89.44188781353952
STU_018699,65.40688468826875
STU_018700,100.0
STU_018701,72.33143182201201
STU_018702,82.76197825533694
STU_018703,66.28310926727677
STU_018704,89.97411161386549
STU_018705,72.75521596402037
STU_018706,89.46420444904214
STU_018707,64.55174395996866
STU_018708,72.80826347526636
STU_018709,92.97349331729562
STU_018710,82.0895353975765
STU_018711,64.37733387480333
STU_018712,89.31741673409547
STU_018713,71.47419961024164
STU_018714,77.79379541709494
STU_018715,99.9973237004589
STU_018716,63.907634878216804
STU_018717,73.7458356048015
STU_018718,57.02093236833053
STU_018719,81.15135940930483
STU_018720,68.88957369195752
STU_018721,90.2593541299958
STU_018722,60.20263526723983
STU_018723,56.006543634252
STU_018724,72.24853158668682
STU_018725,81.80940409729104
STU_018726,67.70986253935561
STU_018727,87.88874095201977
STU_018728,76.91114351593123
STU_018729,91.8305633568392
STU_018730,88.28173745865278
STU_018731,66.1807973691503
STU_018732,75.9006264911877
STU_018733,93.25165244000931
STU_018734,79.31284543021567
STU_018735,79.13975441951436
STU_018736,56.15022408255837
STU_018737,72.93031156216345
STU_018738,74.1309683046247
STU_018739,80.47984580965326
STU_018740,68.00041175994726
STU_018741,49.534780204945235
STU_018742,90.4684717920367
STU_018743,62.454801943800106
STU_018744,98.48551296374987
STU_018745,76.94110186544988
STU_018746,67.05162605899339
STU_018747,90.14661817290272
STU_018748,52.689407417537986
STU_018749,55.759633657819776
STU_018750,84.41890293810414
STU_018751,82.78084862719237
STU_018752,57.89597448147795
STU_018753,61.62831635361779
STU_018754,90.99630685677661
STU_018755,91.42963695963259
STU_018756,73.00390479867386
STU_018757,88.03062216822315
STU_018758,89.72551777426061
STU_018759,89.42380368337044
STU_018760,72.49311033901883
STU_018761,73.96959841295518
STU_018762,78.42579940911962
STU_018763,66.81034754100935
STU_018764,79.52993869939164
STU_018765,77.734492019819
STU_018766,66.53330914324324
STU_018767,81.01263432052266
STU_018768,78.79091844196736
STU_018769,54.39837353082032
STU_018770,82.75983953129804
STU_018771,65.70730404854308
STU_018772,90.27242825986225
STU_018773,80.58618581019422
STU_018774,66.33860683573226
STU_018775,82.94545875156808
STU_018776,88.58636366816091
STU_018777,58.36187917279548
STU_018778,96.73937464280823
STU_018779,89.99775290907186
STU_018780,63.70783659765601
STU_018781,89.87858312564043
STU_018782,95.52970994562449
STU_018783,81.56991980148472
STU_018784,81.82500454988575
STU_018785,86.36832361100608
STU_018786,73.1321269669997
STU_018787,59.61348248756648
STU_018788,68.88275076307596
STU_018789,73.40519080617676
STU_018790,91.11966209551116
STU_018791,70.97854685125905
STU_018792,60.05241148669079
STU_018793,61.52270976591239
STU_018794,65.32003967521605
STU_018795,91.76925253447138
STU_018796,60.46921228349938
STU_018797,61.742495196106375
STU_018798,63.40503291729175
STU_018799,85.81351018809907
STU_018800,85.0978289759378
STU_018801,79.65941755291806
STU_018802,72.55756079137058
STU_018803,66.62790653501821
STU_018804,57.179179357613386
STU_018805,66.99026920732426
STU_018806,87.02334772409816
STU_018807,78.46715946574074
STU_018808,65.91051775204413
STU_018809,88.79070453052873
STU_018810,77.874524425402
STU_018811,47.81212354190692
STU_018812,82.55834762602043
STU_018813,71.16180883231769
STU_018814,49.00959844683909
STU_018815,87.57637140898035
STU_018816,67.63430308764511
STU_018817,71.57676987507075
STU_018818,84.27052362283243
STU_018819,70.85263883491979
STU_018820,92.0682789665752
STU_018821,82.88726074700583
STU_018822,76.61562165693094
STU_018823,96.3203510496204
STU_018824,65.38574158389143
STU_018825,74.59968400741518
STU_018826,68.00271538197309
STU_018827,71.95753157362496
STU_018828,64.95423088337034
STU_018829,59.17674844989807
STU_018830,86.19454336661843
STU_018831,84.24741474652542
STU_018832,85.26715573926693
STU_018833,60.45670417315039
STU_018834,54.06259903536156
STU_018835,60.6246479753038
STU_018836,77.6004164764714
STU_018837,74.36924207560179
STU_018838,62.516354376510165
STU_018839,80.40158485208948
STU_018840,84.44695146502931
STU_018841,88.09322222072717
STU_018842,80.51288550670566
STU_018843,75.019276056328
STU_018844,66.47590838879844
STU_018845,81.20244923212546
STU_018846,97.5924779912911
STU_018847,99.58887234227157
STU_018848,81.2994650294668
STU_018849,74.14346752382524
STU_018850,77.30522822307003
STU_018851,65.08107699438506
STU_018852,53.21076672120289
STU_018853,61.60469108296566
STU_018854,63.25679268430499
STU_018855,74.59397889223104
STU_018856,65.79955578562648
STU_018857,85.58447566450104
STU_018858,82.51816357382097
STU_018859,93.90212721921573
STU_018860,72.54394306897574
STU_018861,74.11328018758212
STU_018862,90.1152465603647
STU_018863,66.99240668009068
STU_018864,64.97361079967186
STU_018865,77.92192613839048
STU_018866,73.77136228092382
STU_018867,66.2323040931994
STU_018868,79.40264416406043
STU_018869,75.07924483895601
STU_018870,87.90443362298028
STU_018871,93.92944959376243
STU_018872,81.94293789369992
STU_018873,71.92925833507297
STU_018874,76.92303170741211
STU_018875,98.07812555387707
STU_018876,64.3622834409693
STU_018877,61.269298359236096
STU_018878,95.69186658823085
STU_018879,86.14518059948666
STU_018880,81.15425935614331
STU_018881,65.3949311462792
STU_018882,70.16679654075358
STU_018883,70.74142683545597
STU_018884,88.69514929178698
STU_018885,58.09088787189683
STU_018886,86.75443471323175
STU_018887,70.9497808757503
STU_018888,91.69971123083897
STU_018889,62.61417299220887
STU_018890,47.444703681634465
STU_018891,77.36959020904189
STU_018892,79.60597865922
STU_018893,85.50306844161783
STU_018894,99.78626695864403
STU_018895,77.25661268260494
STU_018896,86.11755315097044
STU_018897,71.39405548994155
STU_018898,67.18633107145338
STU_018899,72.36665228958832
STU_018900,76.44095235740072
STU_018901,84.64273111961211
STU_018902,97.82604708912227
STU_018903,89.29152571383602
STU_018904,75.95991931228616
STU_018905,67.89824464416067
STU_018906,79.58272248256407
STU_018907,75.66251947618639
STU_018908,73.85425834502348
STU_018909,76.69721995693214
STU_018910,75.18156689760471
STU_018911,60.25480598650188
STU_018912,82.44933302860493
STU_018913,67.38244340071017
STU_018914,70.82083253877425
STU_018915,78.94849695017524
STU_018916,62.60487981767043
STU_018917,83.39467791137004
STU_018918,90.05733067087846
STU_018919,83.36612567075487
STU_018920,56.99799597427723
STU_018921,72.71560218011325
STU_018922,65.11320702167158
STU_018923,98.51399428933117
STU_018924,66.59066212964635
STU_018925,75.25365240341137
STU_018926,83.0239055955471
STU_018927,77.10150121889764
STU_018928,69.75358613945629
STU_018929,72.4688004977305
STU_018930,59.53502305966661
STU_018931,58.72177214029479
STU_018932,53.919694360525284
STU_018933,74.68297930892524
STU_018934,77.22516615003622
STU_018935,71.9957980356078
STU_018936,73.2092827958777
STU_018937,85.55112093844349
STU_018938,81.71493522043326
STU_018939,67.00145993297386
STU_018940,81.93382542001498
STU_018941,86.58405817411835
STU_018942,58.46491754959508
STU_018943,80.43958528262928
STU_018944,75.10321959159069
STU_018945,76.83656939726902
STU_018946,78.88239591761652
STU_018947,69.53424046680442
STU_018948,71.33709007368405
STU_018949,70.9665844802001
STU_018950,83.01635013448794
STU_018951,71.37147327037117
STU_018952,64.55708817628417
STU_018953,71.22789263135141
STU_018954,80.47635386957238
STU_018955,72.8293725807465
STU_018956,65.57569733386997
STU_018957,68.3310699903286
STU_018958,80.08648965204127
STU_018959,79.41841558607817
STU_018960,71.68815970607851
STU_018961,67.48315638730364
STU_018962,80.58042144515696
STU_018963,93.1153568661931
STU_018964,66.62860861230895
STU_018965,84.18711666103633
STU_018966,96.27849654938632
STU_018967,96.54107816701375
STU_018968,77.30287448802927
STU_018969,77.5519477876276
STU_018970,90.58452218240626
STU_018971,57.14553108723807
STU_018972,75.43511665736486
STU_018973,86.6016469693395
STU_018974,60.70051944079838
STU_018975,77.1212948532741
STU_018976,73.4000544335006
STU_018977,85.99581966247925
STU_018978,82.60202232131653
STU_018979,61.75110300327944
STU_018980,76.98987106380869
STU_018981,55.52771826820211
STU_018982,75.18866892016253
STU_018983,74.63215670139084
STU_018984,73.28381619929151
STU_018985,81.8391035199333
STU_018986,81.13373847578589
STU_018987,83.59653837185675
STU_018988,74.1162404505417
STU_018989,84.21470947378151
STU_018990,85.93847028112671
STU_018991,63.51651162082051
STU_018992,71.86259287903518
STU_018993,74.21335998589942
STU_018994,81.50000429549218
STU_018995,92.78215820081937
STU_018996,65.03982296710382
STU_018997,69.10095903185692
STU_018998,72.78015445120278
STU_018999,90.25958815961053
STU_019000,74.48268009190485
STU_019001,64.72756454506751
STU_019002,67.68572727005815
STU_019003,85.30934271838485
STU_019004,79.56417848574597
STU_019005,91.87747316752987
STU_019006,90.84054435516794
STU_019007,100.0
STU_019008,77.95328020331051
STU_019009,100.0
STU_019010,51.14595712615633
STU_019011,84.86156173723211
STU_019012,74.56002532716113
STU_019013,64.57610654945785
STU_019014,100.0
STU_019015,52.73120718687877
STU_019016,61.93729801928635
STU_019017,93.3583329573779
STU_019018,74.51999737900145
STU_019019,73.06811225875565
STU_019020,96.75904905603664
STU_019021,38.26327645310445
STU_019022,69.64766972751382
STU_019023,89.8536499514249
STU_019024,72.15770717611615
STU_019025,91.90749083867999
STU_019026,95.04789939462702
STU_019027,76.84034425062467
STU_019028,61.80042027783334
STU_019029,61.2705955717977
STU_019030,69.08481868228714
STU_019031,83.45832068840008
STU_019032,81.83898479986152
STU_019033,78.99753164603935
STU_019034,70.31529784087783
STU_019035,85.31329629245857
STU_019036,91.31730531515994
STU_019037,87.55155302760798
STU_019038,67.75544713252668
STU_019039,74.92720182330582
STU_019040,75.76184966859587
STU_019041,79.20463641857557
STU_019042,80.86810059190819
STU_019043,87.68062988119982
STU_019044,83.86637219990979
STU_019045,72.55508552806526
STU_019046,64.99797192739518
STU_019047,51.431401447818345
STU_019048,85.79957908045589
STU_019049,57.661953229126055
STU_019050,84.57944390614263
STU_019051,65.14884533649291
STU_019052,65.15965684653565
STU_019053,76.59212898554546
STU_019054,71.84455681884671
STU_019055,49.502727702347585
STU_019056,79.82478341707001
STU_019057,85.98010729907534
STU_019058,83.61643199150706
STU_019059,50.68967033316373
STU_019060,69.15392597520179
STU_019061,53.755255148416865
STU_019062,84.34046882110309
STU_019063,70.5322844434255
STU_019064,62.51979738188993
STU_019065,90.86612048381997
STU_019066,60.65155951905436
STU_019067,79.52553124947917
STU_019068,66.28647827479395
STU_019069,58.592602819522384
STU_019070,74.6322173172201
STU_019071,66.88138122144628
STU_019072,98.89539948491523
STU_019073,66.38938426706446
STU_019074,68.28179316483633
STU_019075,69.10089353298137
STU_019076,63.078050413916024
STU_019077,93.38403602129627
STU_019078,89.04616064864808
STU_019079,82.84938258198771
STU_019080,58.63497225771856
STU_019081,80.72616984591497
STU_019082,87.25167755862807
STU_019083,58.055223968550436
STU_019084,57.79368624820291
STU_019085,62.5385331094553
STU_019086,48.76326113269019
STU_019087,74.59199619975202
STU_019088,69.16283473789129
STU_019089,74.4429747425192
STU_019090,86.97808406540321
STU_019091,79.37950682513954
STU_019092,81.0824928917907
STU_019093,74.28486903069788
STU_019094,85.91762277121774
STU_019095,75.47472437126422
STU_019096,82.54277098441477
STU_019097,85.83814077499953
STU_019098,57.754788858870064
STU_019099,69.60338902634717
STU_019100,71.70386868526623
STU_019101,60.00489775198716
STU_019102,73.60122955149684
STU_019103,85.29125404903193
STU_019104,65.44475519110203
STU_019105,64.3682956318782
STU_019106,61.063046557295635
STU_019107,84.38738105051428
STU_019108,73.6296766538756
STU_019109,98.13633089261617
STU_019110,91.42475324724307
STU_019111,75.37263676889022
STU_019112,95.18890688634913
STU_019113,83.10596117217942
STU_019114,96.78821930430489
STU_019115,83.23641691603646
STU_019116,79.60450551977053
STU_019117,63.14558491042061
STU_019118,75.05900890034356
STU_019119,75.26591082933584
STU_019120,64.38940090654431
STU_019121,95.25547399802538
STU_019122,80.34407725779405
STU_019123,69.92799693182681
STU_019124,92.66562234262469
STU_019125,74.4601071021954
STU_019126,75.17212640647989
STU_019127,71.31441119816728
STU_019128,90.68701338449387
STU_019129,62.866731674825566
STU_019130,58.82631188825296
STU_019131,83.25230537699184
STU_019132,89.2775770752205
STU_019133,58.753397172021096
STU_019134,68.46726371085282
STU_019135,97.56653419938331
STU_019136,89.02152195629971
STU_019137,61.99307950612564
STU_019138,88.33335325521008
STU_019139,85.24719087820873
STU_019140,81.77235102350635
STU_019141,88.54951290105694
STU_019142,82.65865663328279
STU_019143,81.34707678999001
STU_019144,75.52923423647738
STU_019145,64.5468153525452
STU_019146,93.42761571269506
STU_019147,76.63965870129476
STU_019148,94.05070989090366
STU_019149,80.41262499041883
STU_019150,80.65784186097017
STU_019151,92.87725805374814
STU_019152,46.87560546135043
STU_019153,70.739108172815
STU_019154,87.95896209914345
STU_019155,100.0
STU_019156,78.2607488830023
STU_019157,84.9699777487845
STU_019158,54.0850176009672
STU_019159,71.14161034172494
STU_019160,63.02925175252905
STU_019161,61.203160459614935
STU_019162,60.39451183275335
STU_019163,74.19258532598151
STU_019164,72.13200078597359
STU_019165,81.60547317684316
STU_019166,91.53508322063236
STU_019167,85.98549745183276
STU_019168,88.30622582411209
STU_019169,69.78917011690045
STU_019170,89.29896832859626
STU_019171,76.95520617783636
STU_019172,85.46556890537909
STU_019173,77.17812527076838
STU_019174,59.70293956590605
STU_019175,74.66566956172659
STU_019176,76.83620080941289
STU_019177,92.35578169800354
STU_019178,37.401971946317964
STU_019179,74.87719437185055
STU_019180,64.32390756561492
STU_019181,93.4457321179381
STU_019182,61.50136777901876
STU_019183,91.48516036738083
STU_019184,90.37581262331784
STU_019185,95.00651674889386
STU_019186,95.61540212992358
STU_019187,73.09628341512398
STU_019188,96.0015539399547
STU_019189,87.1881589266103
STU_019190,73.3423785030969
STU_019191,63.879901499045864
STU_019192,93.90809977341374
STU_019193,70.05663697939501
STU_019194,70.21005477278942
STU_019195,80.2696840796158
STU_019196,80.30041825381409
STU_019197,92.76786975728332
STU_019198,72.78224629993342
STU_019199,100.0
STU_019200,69.61463064730135
STU_019201,83.65309546467982
STU_019202,76.27574556210936
STU_019203,57.31003794123714
STU_019204,58.13954178719873
STU_019205,82.18334581282284
STU_019206,50.95705173950773
STU_019207,67.35451978365303
STU_019208,69.25389257984449
STU_019209,71.64082070856998
STU_019210,60.327232667132
STU_019211,66.85953194698412
STU_019212,72.10850854005301
STU_019213,68.36412427471726
STU_019214,70.28894908654094
STU_019215,97.97907817129067
STU_019216,70.20673307438233
STU_019217,73.74567514926484
STU_019218,47.832545182305466
STU_019219,83.77589329776535
STU_019220,75.30419904385198
STU_019221,63.32904349471268
STU_019222,82.32036214251576
STU_019223,78.02420977865077
STU_019224,93.30946445640978
STU_019225,54.06453369718475
STU_019226,57.31451522067589
STU_019227,68.16823285847157
STU_019228,58.84072163462149
STU_019229,78.68479493888549
STU_019230,66.58716671223635
STU_019231,83.99303011999837
STU_019232,85.24862505005669
STU_019233,58.1845066014618
STU_019234,68.34092505001385
STU_019235,78.49572478023016
STU_019236,80.13041134436773
STU_019237,73.00192844306127
STU_019238,74.1383064575822
STU_019239,85.15923517632508
STU_019240,78.36207443062516
STU_019241,96.0329671700014
STU_019242,67.81714620048977
STU_019243,88.10629671364418
STU_019244,76.87810623858238
STU_019245,54.013101739065775
STU_019246,59.26734992460658
STU_019247,85.45780309220495
STU_019248,86.12596481968444
STU_019249,91.19079596014228
STU_019250,62.17922534639968
STU_019251,91.60639109409499
STU_019252,73.19387926492571
STU_019253,59.95855133989158
STU_019254,50.455823256849186
STU_019255,69.23307461501197
STU_019256,87.42826657234878
STU_019257,60.76902770794507
STU_019258,55.75490829097657
STU_019259,72.30985177837506
STU_019260,80.11447197572019
STU_019261,68.89187699623028
STU_019262,90.34601489656188
STU_019263,70.82492715097173
STU_019264,73.555947731867
STU_019265,89.69374824238457
STU_019266,85.7569138185686
STU_019267,58.02715457556594
STU_019268,71.0362896856236
STU_019269,80.40373130649763
STU_019270,86.71679513682365
STU_019271,53.074108281037525
STU_019272,67.89690055535321
STU_019273,90.00638162507926
STU_019274,99.62780252454984
STU_019275,100.0
STU_019276,57.65479637422108
STU_019277,96.07859340395325
STU_019278,83.21077397235038
STU_019279,77.10431156695978
STU_019280,59.848856198470145
STU_019281,85.89100035560217
STU_019282,65.67154594269358
STU_019283,95.89226493273591
STU_019284,83.07064514549559
STU_019285,70.9346958200523
STU_019286,90.44652507057904
STU_019287,78.00672266991953
STU_019288,65.9749672190054
STU_019289,88.805697924626
STU_019290,79.79637378882164
STU_019291,77.44335275328753
STU_019292,76.49368948255635
STU_019293,64.48366332822488
STU_019294,70.27057164746148
STU_019295,63.00628098381521
STU_019296,70.76767364470936
STU_019297,82.52615878627748
STU_019298,85.93518668662108
STU_019299,89.30998028931259
STU_019300,83.48577093935796
STU_019301,70.08242339018217
STU_019302,73.93505273098347
STU_019303,69.65822359736431
STU_019304,90.07102830644621
STU_019305,69.07652166060028
STU_019306,60.78012967506222
STU_019307,65.7036618798803
STU_019308,53.18354561801344
STU_019309,69.65421539102712
STU_019310,83.66652949328093
STU_019311,90.56364097667034
STU_019312,72.1866115058724
STU_019313,84.9828225474273
STU_019314,86.68029758725885
STU_019315,74.3111148190094
STU_019316,87.44168429206547
STU_019317,75.24613260160447
STU_019318,86.65381835593018
STU_019319,91.37461060011329
STU_019320,96.29693653665177
STU_019321,76.1793785225492
STU_019322,85.83834318245694
STU_019323,70.9790450962832
STU_019324,91.27959493996184
STU_019325,75.1805865625933
STU_019326,93.4525855513509
STU_019327,95.64971369714033
STU_019328,93.95885322208272
STU_019329,89.35308387851461
STU_019330,82.17394409098232
STU_019331,77.54964357019809
STU_019332,69.4294783860862
STU_019333,88.86548211917543
STU_019334,60.84270559041218
STU_019335,68.07725178398366
STU_019336,68.12145196461593
STU_019337,91.19928115008555
STU_019338,65.20662174605546
STU_019339,90.74832252480977
STU_019340,97.91151834228631
STU_019341,79.78397500293204
STU_019342,59.4823948672268
STU_019343,72.9077703296034
STU_019344,63.85788737023899
STU_019345,68.73444972929775
STU_019346,77.19540187784676
STU_019347,52.06851138958645
STU_019348,92.08121673727891
STU_019349,83.00934851825843
STU_019350,60.187308140270325
STU_019351,85.83435977251183
STU_019352,80.9285165073363
STU_019353,80.81757493482361
STU_019354,71.8753508531538
STU_019355,76.55508094133369
STU_019356,57.7540376557061
STU_019357,56.80193180148912
STU_019358,77.8793213546569
STU_019359,87.40311014446269
STU_019360,63.52147079982363
STU_019361,84.24207146703235
STU_019362,64.17006476792297
STU_019363,70.08119084861455
STU_019364,75.89910680881205
STU_019365,82.62590681497213
STU_019366,94.45422516826412
STU_019367,99.95213541879386
STU_019368,76.13140443925315
STU_019369,77.88031507329131
STU_019370,73.14829755958316
STU_019371,83.6081936317591
STU_019372,72.01310956014353
STU_019373,62.69808788742844
STU_019374,68.76188912874395
STU_019375,81.14238845667381
STU_019376,94.40587184633391
STU_019377,85.48185617225427
STU_019378,67.17241201837429
STU_019379,52.141188990570626
STU_019380,89.34200758594672
STU_019381,67.41823699261606
STU_019382,70.05762969375846
STU_019383,82.75210131130967
STU_019384,61.44733256717332
STU_019385,86.71577596600292
STU_019386,70.39401654372806
STU_019387,61.93887608977402
STU_019388,67.53878355186401
STU_019389,95.37500370185221
STU_019390,44.7618338332296
STU_019391,78.44608744966027
STU_019392,77.93630838003364
STU_019393,75.38093843868909
STU_019394,72.22191727670652
STU_019395,78.8363559546247
STU_019396,94.4988689165858
STU_019397,69.8504121405766
STU_019398,58.81976706221376
STU_019399,59.16061682808133
STU_019400,91.82400834685784
STU_019401,69.12162640574073
STU_019402,64.94317927427878
STU_019403,84.83176850454626
STU_019404,87.10278942172113
STU_019405,82.3150080904385
STU_019406,71.14037768322201
STU_019407,63.39848962360222
STU_019408,82.2713089682543
STU_019409,67.47526441566097
STU_019410,71.97018426801974
STU_019411,79.58341031780542
STU_019412,60.51439477764408
STU_019413,69.8735779992429
STU_019414,67.08759601629309
STU_019415,84.88234824746742
STU_019416,82.39126797619416
STU_019417,87.95188962895713
STU_019418,94.75485842564322
STU_019419,74.0420626229015
STU_019420,74.5644305785197
STU_019421,79.206839407641
STU_019422,77.25772251674806
STU_019423,71.78934262441763
STU_019424,89.03781784276468
STU_019425,59.97428544777885
STU_019426,79.97357120361113
STU_019427,88.43808978949512
STU_019428,94.47452761818852
STU_019429,72.82334088597278
STU_019430,84.07429994474184
STU_019431,54.69582162656593
STU_019432,78.15061671865386
STU_019433,64.2382522767774
STU_019434,56.681664460784006
STU_019435,99.85207895386756
STU_019436,58.517115493334316
STU_019437,90.40745752312809
STU_019438,80.17232116523886
STU_019439,55.31248983938715
STU_019440,67.49249094426087
STU_019441,80.327054852593
STU_019442,73.115541494133
STU_019443,60.159371426640305
STU_019444,93.62097780030085
STU_019445,90.3766107568252
STU_019446,52.12625147677771
STU_019447,75.1221107048563
STU_019448,71.55908074165559
STU_019449,58.921966285569965
STU_019450,69.94132345795408
STU_019451,65.09459960017273
STU_019452,84.54008303907266
STU_019453,81.01937111331407
STU_019454,77.53460475446805
STU_019455,70.34187399961002
STU_019456,68.8719884785659
STU_019457,64.21624212743342
STU_019458,69.53212469495283
STU_019459,62.67385438185194
STU_019460,89.81012677417621
STU_019461,94.73924425346746
STU_019462,98.13114971584852
STU_019463,65.4764140212762
STU_019464,75.3123816091245
STU_019465,69.757839765124
STU_019466,73.4186889396741
STU_019467,71.3389685005733
STU_019468,87.40339879219596
STU_019469,71.78520090872335
STU_019470,89.40636294678383
STU_019471,96.15855714579686
STU_019472,88.89068977450671
STU_019473,92.25309749364874
STU_019474,61.709757206395345
STU_019475,57.209042129227456
STU_019476,95.29878699342042
STU_019477,64.66330770153505
STU_019478,72.22730364305461
STU_019479,73.27181176782982
STU_019480,87.93893828705765
STU_019481,73.10815588485607
STU_019482,73.06491849527336
STU_019483,74.18261105835435
STU_019484,82.57017643441867
STU_019485,59.67719737764115
STU_019486,38.083574664480444
STU_019487,67.4457171453827
STU_019488,92.60411151522555
STU_019489,68.44834829336078
STU_019490,74.2260657930045
STU_019491,54.331028652058
STU_019492,69.94307125315245
STU_019493,63.292307472806925
STU_019494,59.49176805792108
STU_019495,90.27267668830076
STU_019496,90.2272060400282
STU_019497,58.55603873178258
STU_019498,89.85348462459122
STU_019499,94.21346728286781
STU_019500,87.1632074631711
STU_019501,87.73988720580914
STU_019502,66.23685663870657
STU_019503,68.5912639523012
STU_019504,91.71878842005091
STU_019505,60.029755338215956
STU_019506,79.35285944057364
STU_019507,92.02383774201296
STU_019508,95.90405352366787
STU_019509,98.13479433012418
STU_019510,91.8797387099118
STU_019511,52.58747484763048
STU_019512,80.29828965833805
STU_019513,63.149530146321716
STU_019514,54.100916344924045
STU_019515,61.58924517329927
STU_019516,88.34087852073081
STU_019517,67.26744280477635
STU_019518,66.90271183935107
STU_019519,65.72179040275124
STU_019520,82.61982412847371
STU_019521,65.82638629171986
STU_019522,71.06573611154117
STU_019523,92.86836714098429
STU_019524,80.57746666063775
STU_019525,84.16428185579011
STU_019526,70.35142652203909
STU_019527,75.76721928973484
STU_019528,69.55216180564163
STU_019529,94.54880662276261
STU_019530,87.86877770501664
STU_019531,89.97608966201973
STU_019532,45.21337873238977
STU_019533,77.83462149732392
STU_019534,75.9315346570779
STU_019535,75.10121137557697
STU_019536,64.82240235366763
STU_019537,54.80389601976469
STU_019538,77.73152588980604
STU_019539,69.66837568634142
STU_019540,63.22467823146555
STU_019541,78.14492547424264
STU_019542,100.0
STU_019543,100.0
STU_019544,77.16604782965892
STU_019545,89.50984933717552
STU_019546,57.56873372010473
STU_019547,67.62893153592866
STU_019548,88.70793986835315
STU_019549,85.67777068925905
STU_019550,96.65076568819364
STU_019551,75.8236555134334
STU_019552,69.55407415245989
STU_019553,72.88804960344314
STU_019554,59.30147891517682
STU_019555,96.8164463874478
STU_019556,70.94879499895303
STU_019557,96.44794386686351
STU_019558,61.71956692642375
STU_019559,85.36577353649757
STU_019560,81.43812068271097
STU_019561,44.06491534717702
STU_019562,91.84280359006107
STU_019563,76.83190319632344
STU_019564,66.56167293274386
STU_019565,62.87078970134108
STU_019566,84.66155914009511
STU_019567,81.25496800419158
STU_019568,67.68324387447882
STU_019569,63.679548666100445
STU_019570,74.20697382435218
STU_019571,46.35159842178587
STU_019572,65.001838567127
STU_019573,71.00451352895598
STU_019574,75.98628660157969
STU_019575,79.76393246382601
STU_019576,92.11399265851924
STU_019577,67.19556967182726
STU_019578,64.22184945795098
STU_019579,71.87898971834227
STU_019580,64.82624752203657
STU_019581,98.16927885471524
STU_019582,79.89186799468177
STU_019583,76.1190812828607
STU_019584,66.94165555286425
STU_019585,84.82621107752891
STU_019586,74.42194671186635
STU_019587,83.24481236628267
STU_019588,74.02189208672627
STU_019589,64.36047410354995
STU_019590,98.15232199749357
STU_019591,91.05853133031427
STU_019592,72.482546118674
STU_019593,67.08541314229907
STU_019594,89.65923175609569
STU_019595,71.65375376906822
STU_019596,92.98908036183582
STU_019597,70.8533970397028
STU_019598,74.11904127850863
STU_019599,65.62445688068122
STU_019600,96.23140241229997
STU_019601,75.76524813566132
STU_019602,80.16896618988922
STU_019603,94.53991043035936
STU_019604,92.70851152551502
STU_019605,75.32216030492863
STU_019606,83.10659431352923
STU_019607,60.59268924504722
STU_019608,69.29127527173435
STU_019609,88.46413759961155
STU_019610,62.711575082349945
STU_019611,70.26040817908786
STU_019612,56.961004580782785
STU_019613,57.2042565232133
STU_019614,63.48195176499478
STU_019615,88.64776455630913
STU_019616,70.06758227555463
STU_019617,77.77406628663194
STU_019618,64.78893116385238
STU_019619,91.14871787171703
STU_019620,78.95552559564065
STU_019621,74.60085247615218
STU_019622,80.71393433440304
STU_019623,72.50047918834096
STU_019624,98.01123369147024
STU_019625,39.50917208266134
STU_019626,85.2374889308962
STU_019627,90.21169727825949
STU_019628,72.77011593635913
STU_019629,79.62898113800522
STU_019630,95.58191383618116
STU_019631,62.08302865294101
STU_019632,93.29551842453068
STU_019633,93.76515883118583
STU_019634,86.35704851729649
STU_019635,71.41841091848305
STU_019636,64.7510096776938
STU_019637,80.0090691748792
STU_019638,69.98081644093156
STU_019639,64.50856327666722
STU_019640,84.78874859961329
STU_019641,90.82880387703592
STU_019642,81.8628388804453
STU_019643,89.9066232493629
STU_019644,72.7728653208605
STU_019645,73.50975295020822
STU_019646,77.1991672210175
STU_019647,77.55760194793237
STU_019648,57.592697738802784
STU_019649,60.97142122780879
STU_019650,68.52539237679574
STU_019651,75.61386030479395
STU_019652,72.99731106362418
STU_019653,71.0324702732287
STU_019654,56.62640634129593
STU_019655,61.13696883870928
STU_019656,48.81839917394447
STU_019657,68.53125841322543
STU_019658,69.73426667698884
STU_019659,77.04483165587394
STU_019660,70.92609438667328
STU_019661,76.05828035939459
STU_019662,69.56303066145635
STU_019663,76.97552942961019
STU_019664,68.83499232737142
STU_019665,87.2438409664878
STU_019666,90.26206689971707
STU_019667,76.5119255719509
STU_019668,52.30644746102288
STU_019669,61.02222617921639
STU_019670,83.42070470561
STU_019671,52.928955869413755
STU_019672,85.09319922258514
STU_019673,72.628630941209
STU_019674,80.98854108346225
STU_019675,72.03590060771083
STU_019676,80.75217638608706
STU_019677,84.5800915431843
STU_019678,99.86931104839255
STU_019679,90.61307940586985
STU_019680,84.59735399436971
STU_019681,90.46192827718329
STU_019682,87.0897165145733
STU_019683,70.59379483460867
STU_019684,65.00709407056142
STU_019685,91.85635889899578
STU_019686,84.18257424684548
STU_019687,64.11915259315498
STU_019688,83.1472550009482
STU_019689,69.73004974547355
STU_019690,80.23070961115324
STU_019691,61.04637492464819
STU_019692,51.62156652176361
STU_019693,96.37163274852752
STU_019694,79.75754424565588
STU_019695,54.797374965604014
STU_019696,64.82317343957142
STU_019697,94.29915701405844
STU_019698,93.11275219181272
STU_019699,73.78046706350064
STU_019700,79.5333353712785
STU_019701,64.04601704531274
STU_019702,72.75430694659897
STU_019703,85.65759372120237
STU_019704,77.8538393077904
STU_019705,65.27083240629867
STU_019706,85.807964649613
STU_019707,65.57577861266202
STU_019708,80.42271217295675
STU_019709,70.12374309499805
STU_019710,65.51453497973307
STU_019711,94.76893366372595
STU_019712,49.519306037471864
STU_019713,89.01350842401646
STU_019714,63.29295723085124
STU_019715,83.92769848099576
STU_019716,84.03391057011314
STU_019717,94.4721703597506
STU_019718,70.19084335647874
STU_019719,94.50464205217888
STU_019720,94.53396063210326
STU_019721,56.6095897164286
STU_019722,70.58307706924462
STU_019723,80.10730735739303
STU_019724,71.75685727593813
STU_019725,92.6925348481569
STU_019726,63.82902368134007
STU_019727,87.89152408360435
STU_019728,80.13187653709853
STU_019729,72.17718051509749
STU_019730,71.09277869391639
STU_019731,63.436230700750016
STU_019732,83.22638087019129
STU_019733,79.53913984860846
STU_019734,73.7173154425268
STU_019735,85.23275274041161
STU_019736,94.83103369604382
STU_019737,95.66373093408171
STU_019738,87.57356178191017
STU_019739,69.57924805257998
STU_019740,72.1439889307386
STU_019741,97.71810323473797
STU_019742,75.50571627734686
STU_019743,87.49883957141651
STU_019744,72.45843032013505
STU_019745,86.86425995407936
STU_019746,90.62903956387353
STU_019747,76.79039860165356
STU_019748,62.15220415448168
STU_019749,65.56783841382436
STU_019750,70.67132032587043
STU_019751,76.33673538036662
STU_019752,61.71666067447859
STU_019753,91.40411535169042
STU_019754,72.82623987614367
STU_019755,83.72731805968496
STU_019756,53.5018149300558
STU_019757,81.34310455636006
STU_019758,58.994847788646595
STU_019759,73.85076068304768
STU_019760,82.38193923077483
STU_019761,62.670998757204586
STU_019762,83.07241367746036
STU_019763,72.9149369665914
STU_019764,61.514012766343974
STU_019765,85.8030849673982
STU_019766,69.21549221542976
STU_019767,47.81080213819861
STU_019768,81.55933136411969
STU_019769,66.78114187992317
STU_019770,79.42714507318661
STU_019771,91.78350804325493
STU_019772,65.71230387129364
STU_019773,86.02501982411168
STU_019774,56.671820501911824
STU_019775,89.13469043570845
STU_019776,56.20958575362544
STU_019777,74.76775783633138
STU_019778,75.09598223272455
STU_019779,73.42151104405256
STU_019780,77.59501224637582
STU_019781,51.73445552393434
STU_019782,75.3369521987962
STU_019783,65.81276449605134
STU_019784,77.28444472762865
STU_019785,72.64956337752807
STU_019786,51.276881587472694
STU_019787,76.62457271678703
STU_019788,72.34753655939937
STU_019789,84.61742620194276
STU_019790,65.8236290117485
STU_019791,53.0851993294237
STU_019792,79.03969810181782
STU_019793,64.4736919948764
STU_019794,82.51999857654596
STU_019795,72.43006451975704
STU_019796,85.08088628444261
STU_019797,50.19425405825195
STU_019798,88.08954383428917
STU_019799,82.9623574993687
STU_019800,53.20945646778912
STU_019801,78.12948482927327
STU_019802,86.09570727299506
STU_019803,68.66959359067047
STU_019804,76.78223661577998
STU_019805,71.68184735093868
STU_019806,62.287943067367735
STU_019807,61.57306660157607
STU_019808,70.22117496648568
STU_019809,92.21277312502474
STU_019810,68.31369860612126
STU_019811,70.44185748083167
STU_019812,88.22262351448155
STU_019813,74.91163602178086
STU_019814,87.53537796261216
STU_019815,84.06392903474969
STU_019816,77.14669030000711
STU_019817,97.25709986433634
STU_019818,70.01222564335359
STU_019819,100.0
STU_019820,64.8354251564159
STU_019821,80.22619520385113
STU_019822,64.21004754264061
STU_019823,82.59920714818276
STU_019824,96.49482791316271
STU_019825,77.44056388126225
STU_019826,84.8243620850325
STU_019827,83.92270899909103
STU_019828,84.18662847726233
STU_019829,76.37446519496791
STU_019830,90.03262066134405
STU_019831,87.09914566344284
STU_019832,90.13243451743455
STU_019833,76.2665845603685
STU_019834,72.58082821165249
STU_019835,71.06510953919059
STU_019836,87.18626162349614
STU_019837,73.36123957045334
STU_019838,75.15020704726574
STU_019839,76.97653780491535
STU_019840,64.58809113858997
STU_019841,67.79189478846492
STU_019842,68.27348467118652
STU_019843,66.14116393756876
STU_019844,73.99296913967851
STU_019845,76.55403901232562
STU_019846,93.43176100674663
STU_019847,94.68246732472926
STU_019848,67.00395811080642
STU_019849,88.57483526539065
STU_019850,78.29675712216894
STU_019851,98.36790191312446
STU_019852,65.6681309074951
STU_019853,82.45704156759092
STU_019854,80.07360686016072
STU_019855,77.53593279456439
STU_019856,73.11927865978379
STU_019857,82.88986051456209
STU_019858,99.71765487435454
STU_019859,95.79572627972269
STU_019860,89.14362207625166
STU_019861,62.41761856077966
STU_019862,69.44411367763435
STU_019863,78.33819100559161
STU_019864,78.80154063450317
STU_019865,89.5712792521454
STU_019866,86.79590545708388
STU_019867,82.62299825965002
STU_019868,78.10605991936225
STU_019869,74.69389836389827
STU_019870,74.07945230288058
STU_019871,91.81846027232854
STU_019872,100.0
STU_019873,77.55479778199839
STU_019874,56.78188599130295
STU_019875,74.98442712092752
STU_019876,97.46175326179817
STU_019877,67.3046753741416
STU_019878,63.88218824147161
STU_019879,88.16134194874886
STU_019880,55.07994532456
STU_019881,73.32654649848926
STU_019882,88.01010919225092
STU_019883,61.36424439607276
STU_019884,68.48556765536878
STU_019885,78.44146280238192
STU_019886,73.01988323690144
STU_019887,99.75135489833242
STU_019888,61.049372895858376
STU_019889,88.00358631182169
STU_019890,82.24935133653942
STU_019891,78.44343434548055
STU_019892,70.1028852994165
STU_019893,93.12462386240726
STU_019894,62.18269974641494
STU_019895,76.69900014670901
STU_019896,81.8645498797515
STU_019897,81.88559639824993
STU_019898,72.04975314109596
STU_019899,84.44112690517444
STU_019900,84.07809209161945
STU_019901,69.3491641546029
STU_019902,77.22830931953771
STU_019903,89.13416918360127
STU_019904,71.32645150586862
STU_019905,80.33048369369237
STU_019906,66.58899753582162
STU_019907,56.84283735474565
STU_019908,55.186532799374945
STU_019909,64.00753334209189
STU_019910,94.65455823466937
STU_019911,100.0
STU_019912,68.84328828168199
STU_019913,81.53006489991944
STU_019914,62.38295352956396
STU_019915,80.9121547721961
STU_019916,65.18877749798962
STU_019917,64.78355173111659
STU_019918,90.37683841863142
STU_019919,74.33869774589257
STU_019920,94.19227891665497
STU_019921,70.48469322006507
STU_019922,93.92947749170479
STU_019923,61.612091317926414
STU_019924,99.30250902591648
STU_019925,87.54826430707666
STU_019926,71.79401977218029
STU_019927,82.55956767490795
STU_019928,82.29662234542664
STU_019929,82.17588124111259
STU_019930,68.06648925522482
STU_019931,95.13056801337542
STU_019932,83.48498159972407
STU_019933,60.77375109264815
STU_019934,91.59465931472477
STU_019935,55.33096339528035
STU_019936,87.85583053242209
STU_019937,84.83407724891589
STU_019938,69.98655399905032
STU_019939,85.5868799123773
STU_019940,83.37494131523289
STU_019941,69.44867094730267
STU_019942,68.12052856744491
STU_019943,82.72177287293064
STU_019944,94.12050249998164
STU_019945,79.10634701479835
STU_019946,81.945659823807
STU_019947,71.43869575563068
STU_019948,84.65075109488404
STU_019949,79.30050559377206
STU_019950,72.42679241564808
STU_019951,65.89913383699437
STU_019952,55.512162644665935
STU_019953,68.64828969220272
STU_019954,78.08626292682098
STU_019955,57.056913186062445
STU_019956,62.22514457247453
STU_019957,77.64218055306829
STU_019958,77.71105104826628
STU_019959,81.08301340128129
STU_019960,68.52930489398061
STU_019961,70.65061354016504
STU_019962,77.59361583677308
STU_019963,63.62440799516085
STU_019964,71.09697730409815
STU_019965,67.26472715449958
STU_019966,86.83042359117219
STU_019967,92.32424851623604
STU_019968,76.1721028911831
STU_019969,53.67551162605358
STU_019970,95.27956351955093
STU_019971,91.13892502050767
STU_019972,73.28049326069845
STU_019973,78.13180461695525
STU_019974,91.33855904398537
STU_019975,73.1936811411109
STU_019976,75.9863504653744
STU_019977,71.82323127863509
STU_019978,60.63053732634698
STU_019979,54.6267635984992
STU_019980,65.09507132346255
STU_019981,100.0
STU_019982,76.29323096829354
STU_019983,87.23650346002373
STU_019984,95.75423804516346
STU_019985,88.0122064186173
STU_019986,87.16105909212743
STU_019987,84.67031776569473
STU_019988,69.28822936937301
STU_019989,73.96762845109721
STU_019990,77.86167966126187
STU_019991,88.39047063661036
STU_019992,79.26827416609338
STU_019993,88.12036328071244
STU_019994,51.22119867112296
STU_019995,76.32291629256059
STU_019996,66.65502782634745
STU_019997,77.31114261318174
STU_019998,57.439889935603205
STU_019999,86.36136258521408
STU_020000,77.20245365902369
