student_id,career_success_score
STU_010001,60.69802612940879
STU_010002,68.78809572463453
STU_010003,79.0206377879582
STU_010004,96.27237192076034
STU_010005,77.69222282084877
STU_010006,74.3326050891083
STU_010007,76.80846935929694
STU_010008,80.11121512005624
STU_010009,74.54841073115354
STU_010010,64.16804296879971
STU_010011,91.49582760716359
STU_010012,79.9500419568067
STU_010013,83.26209240730657
STU_010014,88.25911283648837
STU_010015,51.12582022370845
STU_010016,71.39330271981527
STU_010017,63.481474929656386
STU_010018,59.001302857242095
STU_010019,85.9075179117306
STU_010020,73.18836743830079
STU_010021,84.63255675300087
STU_010022,92.04881696614176
STU_010023,95.8978572570933
STU_010024,71.02962764714724
STU_010025,85.193747683887
STU_010026,82.94527304138583
STU_010027,79.50715847610614
STU_010028,86.73880012049722
STU_010029,93.72397398944936
STU_010030,65.34682885562302
STU_010031,74.53177893225696
STU_010032,88.1912743116426
STU_010033,65.23679865401054
STU_010034,89.11136484788186
STU_010035,79.27491278848981
STU_010036,68.47408620494399
STU_010037,72.24274512492808
STU_010038,89.65027848064226
STU_010039,68.85780373429283
STU_010040,83.98744617244701
STU_010041,87.47976413910155
STU_010042,66.74723245402882
STU_010043,85.60287874307721
STU_010044,78.92686818281281
STU_010045,83.12605931659003
STU_010046,63.70992117009069
STU_010047,73.13765399791737
STU_010048,79.45222797638662
STU_010049,51.64117123529097
STU_010050,66.2301003592825
STU_010051,80.13998466223819
STU_010052,70.61183755855033
STU_010053,65.02875237864947
STU_010054,72.81960055909417
STU_010055,64.38300401763668
STU_010056,61.967600465457565
STU_010057,67.48793478422348
STU_010058,95.5933859287469
STU_010059,88.52003932882758
STU_010060,76.08892882282616
STU_010061,43.35114824456617
STU_010062,80.05937383964513
STU_010063,65.42122159810799
STU_010064,84.32668931942833
STU_010065,61.04130104580496
STU_010066,71.91827281206905
STU_010067,91.89421874861603
STU_010068,56.376218567449975
STU_010069,72.50619189415974
STU_010070,69.00776240827999
STU_010071,90.47996868216197
STU_010072,75.1469169295294
STU_010073,94.73962655396136
STU_010074,66.79830373301074
STU_010075,81.7661668164323
STU_010076,93.24665718809095
STU_010077,82.23263715101109
STU_010078,86.51564273590657
STU_010079,83.67437588938004
STU_010080,79.18008609905095
STU_010081,62.3233387731321
STU_010082,74.92509684932989
STU_010083,76.91942434788128
STU_010084,76.07136883854284
STU_010085,74.67452009109462
STU_010086,82.38782664965427
STU_010087,69.38308469066526
STU_010088,75.88291752032433
STU_010089,85.32562277492227
STU_010090,80.6201012340712
STU_010091,64.86861089466865
STU_010092,70.02349536703434
STU_010093,70.8233242677493
STU_010094,87.63388313333046
STU_010095,60.7363615484461
STU_010096,81.69403146533044
STU_010097,76.03851688558393
STU_010098,86.04387378476943
STU_010099,75.23713737233949
STU_010100,77.9220492694632
STU_010101,75.18436590022843
STU_010102,70.83070976662951
STU_010103,90.82056771371296
STU_010104,53.18453342532845
STU_010105,94.6383269909855
STU_010106,55.8444127129633
STU_010107,77.96056151225974
STU_010108,79.0333103851318
STU_010109,77.39649879117576
STU_010110,78.56998266068922
STU_010111,84.78782463794505
STU_010112,80.58697757230962
STU_010113,69.13565520014532
STU_010114,82.16480643156238
STU_010115,75.29636669741825
STU_010116,85.51138023859232
STU_010117,78.38093046533628
STU_010118,89.3153802104487
STU_010119,70.35256451581544
STU_010120,73.31213144890555
STU_010121,82.79597750055441
STU_010122,77.18560956486215
STU_010123,89.08962334468687
STU_010124,79.01217488894096
STU_010125,85.67120978161194
STU_010126,77.20152281485588
STU_010127,61.54187683697718
STU_010128,91.09395211154055
STU_010129,84.20406409573754
STU_010130,70.82725044069261
STU_010131,62.26129700790581
STU_010132,78.18090173891166
STU_010133,78.3332460107382
STU_010134,70.51489832380742
STU_010135,47.0957946528091
STU_010136,77.62557569957022
STU_010137,63.808672130443234
STU_010138,81.78575363846085
STU_010139,80.76588829730956
STU_010140,82.84857369304049
STU_010141,65.67599182255996
STU_010142,85.39423349138748
STU_010143,70.56144473958199
STU_010144,70.15429407142837
STU_010145,90.92519224688581
STU_010146,81.72126053151648
STU_010147,70.05665788810816
STU_010148,66.70240569526985
STU_010149,69.83369725005291
STU_010150,89.34492317387284
STU_010151,72.22579138196303
STU_010152,86.50638842159783
STU_010153,77.15167520099138
STU_010154,81.28604941022442
STU_010155,73.10377472557552
STU_010156,93.82112578031597
STU_010157,100.0
STU_010158,70.83363472353898
STU_010159,89.59668362002608
STU_010160,68.35811877416293
STU_010161,93.09574295455393
STU_010162,100.0
STU_010163,78.31876469532476
STU_010164,74.78822285021927
STU_010165,74.5326319792702
STU_010166,90.20451018927992
STU_010167,81.84411738309407
STU_010168,79.08209596817588
STU_010169,72.21394132950023
STU_010170,89.39496899023584
STU_010171,72.19535142165302
STU_010172,96.20969976507396
STU_010173,65.77346806179014
STU_010174,77.9506919684522
STU_010175,81.75236995498169
STU_010176,70.14814085005906
STU_010177,89.09616647837181
STU_010178,82.56585486296228
STU_010179,85.01299439023936
STU_010180,78.86686448550184
STU_010181,69.64237507067831
STU_010182,77.1979486583455
STU_010183,80.32011675550336
STU_010184,80.50856252646777
STU_010185,66.14660275388196
STU_010186,81.81615957655423
STU_010187,70.090833032164
STU_010188,90.0488818359669
STU_010189,75.54214443802677
STU_010190,66.49816227060896
STU_010191,53.46044832946903
STU_010192,78.49794293645415
STU_010193,60.758908119352185
STU_010194,79.29733963287899
STU_010195,81.47142211090714
STU_010196,67.29167251810705
STU_010197,74.22381005468739
STU_010198,81.3015961726855
STU_010199,92.15821968505304
STU_010200,76.39728484852665
STU_010201,97.20087919589679
STU_010202,82.74616444648986
STU_010203,71.69547099668375
STU_010204,90.28824675492916
STU_010205,82.06782778843989
STU_010206,86.02567573887215
STU_010207,60.352479304473874
STU_010208,71.7593369608627
STU_010209,66.06393308709877
STU_010210,84.811215459641
STU_010211,73.81896504812656
STU_010212,92.18927524826441
STU_010213,85.41522106031448
STU_010214,71.48076332413521
STU_010215,72.79934887862844
STU_010216,61.07316982569346
STU_010217,79.44500151352243
STU_010218,55.90406353022523
STU_010219,81.37277357949922
STU_010220,73.02685376737138
STU_010221,83.47201185366734
STU_010222,66.28585798346789
STU_010223,74.53280095660703
STU_010224,99.47967961162618
STU_010225,64.44096782396299
STU_010226,85.67362921308393
STU_010227,69.22591278294706
STU_010228,92.20631414648847
STU_010229,78.92456739256144
STU_010230,66.34282839035055
STU_010231,58.608012410748216
STU_010232,91.99692684043313
STU_010233,66.53216537369244
STU_010234,83.51797113478077
STU_010235,54.508170418287925
STU_010236,88.22938780715238
STU_010237,86.76379662671744
STU_010238,82.46488310328198
STU_010239,53.53325144913305
STU_010240,69.70696342108853
STU_010241,80.44950104170194
STU_010242,81.43700514454287
STU_010243,73.6090563363432
STU_010244,87.22690116290224
STU_010245,61.23823055971827
STU_010246,49.95516373578058
STU_010247,88.85447521117756
STU_010248,81.15285724343029
STU_010249,70.32464437655253
STU_010250,92.85927787456757
STU_010251,78.22508098749935
STU_010252,100.0
STU_010253,68.1424217648275
STU_010254,97.01212089947636
STU_010255,72.9778791483808
STU_010256,61.10427096384893
STU_010257,77.60676203034413
STU_010258,83.51675849627038
STU_010259,82.57156244805995
STU_010260,67.75123504939039
STU_010261,67.45438943933809
STU_010262,57.25174837828933
STU_010263,56.181039594479145
STU_010264,100.0
STU_010265,69.60526995739637
STU_010266,80.63957761907814
STU_010267,63.91199889111887
STU_010268,87.02911766224345
STU_010269,78.04219136711357
STU_010270,91.67957652195554
STU_010271,79.4957178746916
STU_010272,64.22027102087073
STU_010273,77.22685095851239
STU_010274,63.13565175759517
STU_010275,83.07865407591765
STU_010276,64.74082203325412
STU_010277,80.08123255833807
STU_010278,86.42600094276024
STU_010279,69.69015543204871
STU_010280,67.1381623357658
STU_010281,68.93394468935826
STU_010282,63.126998097142874
STU_010283,83.55464308690739
STU_010284,72.31664090003176
STU_010285,63.57680600223337
STU_010286,76.54424941212051
STU_010287,89.39617953004449
STU_010288,60.35735403729856
STU_010289,66.06226864063503
STU_010290,82.91506630069804
STU_010291,53.77550452401822
STU_010292,79.04762751885642
STU_010293,70.50030061835
STU_010294,68.63537978089781
STU_010295,74.27970005619252
STU_010296,87.65666769308478
STU_010297,86.98774347196866
STU_010298,90.98364210834686
STU_010299,90.320029261516
STU_010300,74.6351738154385
STU_010301,81.33464049773909
STU_010302,84.31708075395069
STU_010303,75.94059624390414
STU_010304,65.10193535269661
STU_010305,81.87564660753893
STU_010306,69.65349186512687
STU_010307,70.64168231780894
STU_010308,77.87693943900983
STU_010309,71.32550470103274
STU_010310,58.670571796920754
STU_010311,65.98291411178496
STU_010312,78.76238056800985
STU_010313,76.2956219526125
STU_010314,82.20018824133291
STU_010315,87.73896061839491
STU_010316,88.24894666583747
STU_010317,85.45603014320962
STU_010318,76.37198524606826
STU_010319,89.79686996077976
STU_010320,94.33305594399003
STU_010321,66.54179159155566
STU_010322,93.91137457372852
STU_010323,80.51541859603267
STU_010324,89.15598797221998
STU_010325,92.62960324573096
STU_010326,81.71269826700679
STU_010327,70.53698384128103
STU_010328,84.28181012142345
STU_010329,89.25813112905931
STU_010330,83.55934020855608
STU_010331,95.44313201918871
STU_010332,65.6944865587834
STU_010333,100.0
STU_010334,83.18314105064172
STU_010335,91.56921751243065
STU_010336,64.86986174493117
STU_010337,60.54860831893371
STU_010338,78.44596151283288
STU_010339,85.04407159681134
STU_010340,72.45430339782726
STU_010341,93.22192415267585
STU_010342,66.67603603262431
STU_010343,60.600864809323106
STU_010344,81.43428342402298
STU_010345,79.10125057923145
STU_010346,80.08965665363903
STU_010347,52.72904924968207
STU_010348,71.31521381988618
STU_010349,85.40702514564867
STU_010350,79.57418441605488
STU_010351,75.2359905957282
STU_010352,80.15435989137865
STU_010353,90.43454596674286
STU_010354,73.62068648383882
STU_010355,81.23721698698944
STU_010356,86.42405194586836
STU_010357,93.47520521637796
STU_010358,76.63318138617474
STU_010359,72.40268615080154
STU_010360,71.85143211932139
STU_010361,92.45016881822697
STU_010362,74.3495980551336
STU_010363,83.31691818176355
STU_010364,97.51445173876687
STU_010365,83.32462305623577
STU_010366,94.83982541493089
STU_010367,76.43555759730906
STU_010368,68.02050686627179
STU_010369,89.42760378473862
STU_010370,85.44560716469276
STU_010371,74.69827883819188
STU_010372,72.15882860986397
STU_010373,76.49912609689696
STU_010374,81.8184245504611
STU_010375,95.25158912191185
STU_010376,61.81359923969385
STU_010377,81.39259794630404
STU_010378,75.51955841418534
STU_010379,73.6326824779074
STU_010380,69.47613783860987
STU_010381,70.00669489745493
STU_010382,91.67404454733528
STU_010383,78.29734365186016
STU_010384,89.27378670095923
STU_010385,80.28657683401786
STU_010386,67.96023857405709
STU_010387,66.16320069739649
STU_010388,92.02142973667137
STU_010389,74.5824585094195
STU_010390,66.64580467612731
STU_010391,68.89690286555953
STU_010392,83.06312995682481
STU_010393,81.45127379185801
STU_010394,76.19160265378844
STU_010395,83.1668374711423
STU_010396,81.0039483727811
STU_010397,88.16854744096602
STU_010398,89.19663719258209
STU_010399,63.77125496443513
STU_010400,79.74214975558169
STU_010401,54.62641649890522
STU_010402,75.32159579595147
STU_010403,73.18425163586187
STU_010404,84.2896334395736
STU_010405,80.25675575967585
STU_010406,77.41647217651665
STU_010407,93.38118965784173
STU_010408,67.5933123357659
STU_010409,90.64514937498227
STU_010410,65.30650633064914
STU_010411,88.86101782068269
STU_010412,95.95404486297505
STU_010413,83.48890384434625
STU_010414,87.05163390734342
STU_010415,86.84391326691728
STU_010416,81.06926795817556
STU_010417,100.0
STU_010418,72.91393256790927
STU_010419,91.14801882365079
STU_010420,84.82466474390566
STU_010421,81.23012158548724
STU_010422,73.40521807543314
STU_010423,76.03798342203521
STU_010424,58.05225261626151
STU_010425,62.905903638023396
STU_010426,76.79041005122485
STU_010427,74.50242934462335
STU_010428,75.64894618500094
STU_010429,58.27222797581506
STU_010430,83.3417044382692
STU_010431,60.67487942745218
STU_010432,68.91794849807096
STU_010433,73.52840125384705
STU_010434,89.79640741684234
STU_010435,69.6345818206818
STU_010436,82.02902910541894
STU_010437,49.65817047056562
STU_010438,99.27161380319173
STU_010439,72.55501130870394
STU_010440,85.28829416148585
STU_010441,63.495571657834894
STU_010442,72.78449087559608
STU_010443,82.43351709431073
STU_010444,71.80505030803312
STU_010445,72.48596420646226
STU_010446,54.004041278734704
STU_010447,78.12312506144058
STU_010448,77.94966165838575
STU_010449,74.96835299147429
STU_010450,58.8915044670596
STU_010451,90.49652866584957
STU_010452,82.19139019679555
STU_010453,76.23930910580403
STU_010454,74.52422189517887
STU_010455,58.3473360921804
STU_010456,85.80309793551598
STU_010457,82.05746171822136
STU_010458,83.86896983598834
STU_010459,77.14910917077694
STU_010460,71.99845273778467
STU_010461,73.21836337598089
STU_010462,64.47324563847813
STU_010463,84.37489129261174
STU_010464,86.85392609138385
STU_010465,64.10094204763494
STU_010466,73.35138263930408
STU_010467,71.78793526119952
STU_010468,73.41055559148593
STU_010469,78.57485647952107
STU_010470,68.36195075885773
STU_010471,94.10692328558473
STU_010472,53.60891884612523
STU_010473,88.23258957574245
STU_010474,82.86246498979804
STU_010475,77.77274582009538
STU_010476,71.74117847050796
STU_010477,72.99958745754248
STU_010478,95.84669979069692
STU_010479,69.42564361047363
STU_010480,72.4959398317155
STU_010481,61.538843795943166
STU_010482,73.3169554160799
STU_010483,91.08402476470455
STU_010484,72.84279724299847
STU_010485,62.2515803920699
STU_010486,78.20633488270687
STU_010487,93.51771600666068
STU_010488,81.02678258566341
STU_010489,82.24732108291158
STU_010490,84.57713211815185
STU_010491,80.17363988844714
STU_010492,73.70791778094137
STU_010493,81.26599294840138
STU_010494,64.74409461165445
STU_010495,43.5720485270924
STU_010496,91.05645092553786
STU_010497,67.73927670963586
STU_010498,75.61224777058248
STU_010499,71.7543954709647
STU_010500,67.7183230445995
STU_010501,75.17947578238322
STU_010502,68.938536312811
STU_010503,83.36912778387207
STU_010504,73.28824110395354
STU_010505,63.46764159788904
STU_010506,83.40353296060684
STU_010507,71.27083151519497
STU_010508,64.81518466681922
STU_010509,79.88736530731795
STU_010510,55.34840249819912
STU_010511,62.488207840553706
STU_010512,76.4961226068488
STU_010513,92.27397147006766
STU_010514,79.88666517831527
STU_010515,88.25735137256594
STU_010516,80.73600741923235
STU_010517,95.76930952749457
STU_010518,59.54243015881339
STU_010519,91.98556414208103
STU_010520,87.77577758020493
STU_010521,93.45901333932338
STU_010522,79.21286357734705
STU_010523,84.09171700203656
STU_010524,87.20121494897063
STU_010525,75.10072961264962
STU_010526,60.65540454648739
STU_010527,83.39545918057115
STU_010528,86.7653402480142
STU_010529,56.026213475473284
STU_010530,82.31768135776574
STU_010531,69.64664461333749
STU_010532,64.65116866384687
STU_010533,83.59671494576811
STU_010534,81.55540345989115
STU_010535,84.83606608658975
STU_010536,74.41810405722623
STU_010537,77.86551523816378
STU_010538,76.77602466324956
STU_010539,68.62293074211347
STU_010540,57.47945405775176
STU_010541,88.51790516188315
STU_010542,98.99971435057437
STU_010543,83.11231986869554
STU_010544,73.98415085983147
STU_010545,81.95240243146279
STU_010546,70.24461250341255
STU_010547,82.12316257373234
STU_010548,98.3499619609898
STU_010549,68.69543497396464
STU_010550,83.1805445808063
STU_010551,69.67956097372948
STU_010552,92.37823863965951
STU_010553,99.42206814916054
STU_010554,90.14643025307181
STU_010555,78.97957202329319
STU_010556,63.55248190395909
STU_010557,81.27052469094411
STU_010558,78.9017859268578
STU_010559,75.47552308600189
STU_010560,81.15144426103153
STU_010561,94.53629819337024
STU_010562,61.91732167460364
STU_010563,65.28449819244913
STU_010564,68.46539641599944
STU_010565,84.35075022620148
STU_010566,70.34512152541478
STU_010567,70.28635005030961
STU_010568,78.8248577121175
STU_010569,91.05343105724785
STU_010570,65.27759146417094
STU_010571,90.19480957224889
STU_010572,74.55098332475886
STU_010573,89.96177766899834
STU_010574,76.31032181070655
STU_010575,69.50914534455474
STU_010576,63.73200791574401
STU_010577,69.49129968799627
STU_010578,69.12425223134936
STU_010579,78.44454309237706
STU_010580,62.48888927085322
STU_010581,57.57811290285932
STU_010582,80.34931601695051
STU_010583,78.08136987979128
STU_010584,90.78639398385542
STU_010585,73.5187961631621
STU_010586,95.75484044131636
STU_010587,75.95611234037162
STU_010588,78.3833242591146
STU_010589,95.36926797405415
STU_010590,88.77887063300645
STU_010591,73.5390360458282
STU_010592,94.46994588416223
STU_010593,84.62202386385142
STU_010594,56.59734118446758
STU_010595,85.32734268705276
STU_010596,74.45153166916703
STU_010597,63.88086481968433
STU_010598,89.15470473722928
STU_010599,64.03746132170592
STU_010600,67.46603126357329
STU_010601,85.2349174759469
STU_010602,72.21775424123454
STU_010603,83.98770985729055
STU_010604,74.1736340363916
STU_010605,61.797873793112714
STU_010606,88.91027805521912
STU_010607,86.85974670435789
STU_010608,73.7124435689498
STU_010609,78.20614977687987
STU_010610,76.75643287254807
STU_010611,84.15422884985797
STU_010612,59.88558771707614
STU_010613,95.74554255123275
STU_010614,100.0
STU_010615,90.26923825041726
STU_010616,88.07984487645615
STU_010617,68.76728540575127
STU_010618,82.19005323363253
STU_010619,97.12812008137074
STU_010620,76.78574136072413
STU_010621,75.7648245370672
STU_010622,67.49446182895062
STU_010623,83.78031592826605
STU_010624,70.46736329293319
STU_010625,70.66429085673316
STU_010626,91.78473979549193
STU_010627,88.11337587047454
STU_010628,63.014529309465665
STU_010629,85.19556131222123
STU_010630,79.30457482619589
STU_010631,93.11932693536554
STU_010632,69.79744607687559
STU_010633,75.17490323557423
STU_010634,81.07413897442362
STU_010635,64.76327042585183
STU_010636,86.15528577403339
STU_010637,72.49662244162968
STU_010638,76.7007727601574
STU_010639,73.81677753272014
STU_010640,69.54950688723244
STU_010641,72.14723399661199
STU_010642,92.58099112477173
STU_010643,89.20581928289707
STU_010644,79.85805105404012
STU_010645,82.2097074714291
STU_010646,96.04746588788275
STU_010647,77.7951130175062
STU_010648,75.21014916500862
STU_010649,81.08921783986438
STU_010650,85.71780149364957
STU_010651,80.47285465519515
STU_010652,70.64694853791914
STU_010653,90.14450914823294
STU_010654,88.08596035934055
STU_010655,88.0386961427031
STU_010656,83.15755203530148
STU_010657,77.82416508189087
STU_010658,74.13620821007211
STU_010659,93.21782532675141
STU_010660,90.11783762195131
STU_010661,78.14635662887265
STU_010662,94.61293905721024
STU_010663,76.6904321416401
STU_010664,78.46269510348472
STU_010665,68.19814023174231
STU_010666,93.60071232329628
STU_010667,85.5532597539283
STU_010668,67.11759586453017
STU_010669,79.20982738225126
STU_010670,89.62694454833105
STU_010671,66.28580451555526
STU_010672,68.24457897799587
STU_010673,86.22692513520181
STU_010674,95.08602249376959
STU_010675,89.47395622084946
STU_010676,79.86915656328227
STU_010677,80.19071124570723
STU_010678,75.38298340748392
STU_010679,75.9408256399069
STU_010680,85.22997634239043
STU_010681,85.63962720071311
STU_010682,60.72592206991821
STU_010683,75.01065558028706
STU_010684,76.65482589333402
STU_010685,86.5331800616544
STU_010686,82.43676806280892
STU_010687,65.86282103799122
STU_010688,94.25100324835552
STU_010689,88.75726232227198
STU_010690,97.2239311821889
STU_010691,78.75475121758947
STU_010692,85.90629982839346
STU_010693,72.358745667256
STU_010694,75.2882149104174
STU_010695,65.513098595749
STU_010696,60.199196585452896
STU_010697,77.9920844120836
STU_010698,89.1779953238468
STU_010699,82.54939855151505
STU_010700,86.82140693837242
STU_010701,90.07225619037014
STU_010702,76.96095517596672
STU_010703,91.39546138314918
STU_010704,97.14341529924249
STU_010705,81.70823113853292
STU_010706,89.14916053552645
STU_010707,80.628782595478
STU_010708,79.1599959238379
STU_010709,65.68117272241541
STU_010710,60.44560421065718
STU_010711,98.23829017929688
STU_010712,57.42781286485045
STU_010713,92.49085676561815
STU_010714,69.7788717546039
STU_010715,78.22693667793415
STU_010716,61.922912426654456
STU_010717,84.74964667441367
STU_010718,81.4278021921965
STU_010719,80.88347620183808
STU_010720,50.703721002984004
STU_010721,69.25579181991029
STU_010722,98.14491589019256
STU_010723,71.56145688958154
STU_010724,78.49241931382296
STU_010725,64.11892611395876
STU_010726,67.24955402274664
STU_010727,57.54792062496591
STU_010728,73.08484915656828
STU_010729,92.66416476985653
STU_010730,93.3217198353823
STU_010731,73.86608831776677
STU_010732,70.6122715700039
STU_010733,96.15216015366032
STU_010734,85.6591180306267
STU_010735,74.27377798594765
STU_010736,72.03558773322352
STU_010737,71.88977552871505
STU_010738,71.0664653671999
STU_010739,74.23596567216124
STU_010740,72.39650956514663
STU_010741,76.66535110437289
STU_010742,75.23499445641883
STU_010743,95.27116064868228
STU_010744,78.3467241513284
STU_010745,71.94434708228658
STU_010746,74.09276594981642
STU_010747,85.68628639696821
STU_010748,76.88421688280994
STU_010749,87.66068778071008
STU_010750,82.5372735567898
STU_010751,74.65936048632572
STU_010752,73.94791000104537
STU_010753,79.48071707367784
STU_010754,84.57007379564769
STU_010755,70.63203193821225
STU_010756,91.0013547121346
STU_010757,59.08838874095655
STU_010758,85.73127613981929
STU_010759,89.29803903863255
STU_010760,80.33986450024267
STU_010761,77.23781361312763
STU_010762,73.83112250005635
STU_010763,63.199201237528115
STU_010764,59.86511846001772
STU_010765,82.05396794940546
STU_010766,67.37835350384248
STU_010767,77.15864885174005
STU_010768,62.10846537752119
STU_010769,88.61207021744187
STU_010770,73.65568154130311
STU_010771,54.291095089807676
STU_010772,72.89445192176302
STU_010773,86.67146594256342
STU_010774,84.9167849238907
STU_010775,93.38117208823314
STU_010776,57.92655073155883
STU_010777,81.03705817045119
STU_010778,67.02569442656807
STU_010779,64.32054973398911
STU_010780,79.78927854602011
STU_010781,80.35924681450604
STU_010782,88.46053384053147
STU_010783,57.84858590777377
STU_010784,74.1466832742047
STU_010785,85.38042147178302
STU_010786,80.04933018856691
STU_010787,76.95105945379558
STU_010788,73.78863488810005
STU_010789,95.45390963458388
STU_010790,63.287233846505536
STU_010791,58.690745097557624
STU_010792,88.54331361090362
STU_010793,84.87162163224274
STU_010794,64.18864165686539
STU_010795,79.27074199226182
STU_010796,81.68654212823732
STU_010797,59.69361881283627
STU_010798,60.24695845382577
STU_010799,88.57630995230691
STU_010800,63.354815776049904
STU_010801,70.82141733419313
STU_010802,85.62769342717587
STU_010803,83.23367833618057
STU_010804,60.925355542831696
STU_010805,77.19679543971971
STU_010806,85.05471868463917
STU_010807,92.65303482721703
STU_010808,76.17877373527546
STU_010809,98.2753850155533
STU_010810,86.9695365699944
STU_010811,82.37274615443233
STU_010812,83.34026887982958
STU_010813,95.50488961896586
STU_010814,78.26071073718725
STU_010815,86.23989254719717
STU_010816,98.48847548329573
STU_010817,88.28104807992948
STU_010818,82.59649456683056
STU_010819,83.39869057689032
STU_010820,97.97715311193821
STU_010821,95.16727035469654
STU_010822,69.33300679704953
STU_010823,93.28212638550067
STU_010824,88.00185866389721
STU_010825,85.08246387715246
STU_010826,85.68652076912868
STU_010827,64.7735362315878
STU_010828,72.10788478088489
STU_010829,72.92805118136337
STU_010830,75.26858055377407
STU_010831,93.05846164651895
STU_010832,92.6700802905128
STU_010833,87.56139724183181
STU_010834,72.19817113012215
STU_010835,82.67239134044553
STU_010836,83.31874640027844
STU_010837,74.43584944713903
STU_010838,92.81098099362873
STU_010839,73.62276734582146
STU_010840,78.80411163471584
STU_010841,86.27322649720492
STU_010842,90.74486497331279
STU_010843,76.27883381261363
STU_010844,64.51231002025091
STU_010845,91.2842357543878
STU_010846,84.8170603200417
STU_010847,99.6659700878444
STU_010848,80.1504603036547
STU_010849,76.61525929729503
STU_010850,64.25236980056526
STU_010851,91.65753902770331
STU_010852,68.27719682695692
STU_010853,85.76587821212833
STU_010854,89.97789929367397
STU_010855,76.81891313081945
STU_010856,61.76120364345861
STU_010857,66.88697571862076
STU_010858,54.59965302024017
STU_010859,71.5024974217925
STU_010860,94.31801257478907
STU_010861,76.45274503003338
STU_010862,68.72769017556568
STU_010863,80.51121189124599
STU_010864,83.07906668442521
STU_010865,80.24014147567523
STU_010866,89.956612037517
STU_010867,63.952267573389406
STU_010868,69.15302135686274
STU_010869,83.18181792417118
STU_010870,74.1617670951527
STU_010871,84.49933920653285
STU_010872,87.47225403252578
STU_010873,56.954436231699425
STU_010874,68.96045511355075
STU_010875,88.47890282375593
STU_010876,72.48897682304461
STU_010877,76.11477394609811
STU_010878,76.58608747116085
STU_010879,63.07298482009408
STU_010880,85.82062526130032
STU_010881,94.31661159420044
STU_010882,79.42039157655006
STU_010883,86.09269310107865
STU_010884,69.0566191864795
STU_010885,66.70865995418207
STU_010886,96.3444122917557
STU_010887,71.00799803675505
STU_010888,89.41111601760447
STU_010889,93.08636230134545
STU_010890,78.03973081552678
STU_010891,95.2993362346133
STU_010892,80.91541110509414
STU_010893,74.49407626549572
STU_010894,85.91359199423474
STU_010895,75.34455184704004
STU_010896,81.96315485397315
STU_010897,72.42592798555921
STU_010898,84.90166649671276
STU_010899,59.37777347347716
STU_010900,71.12265634296946
STU_010901,67.27777671759019
STU_010902,88.5920626259051
STU_010903,64.39465043440492
STU_010904,73.62283061892322
STU_010905,69.82484525845484
STU_010906,54.99801702463136
STU_010907,93.73487618923119
STU_010908,87.30365279276546
STU_010909,87.38793663389967
STU_010910,82.24459627899734
STU_010911,79.15366559921489
STU_010912,90.13202692473878
STU_010913,80.10836731771482
STU_010914,90.18670965813452
STU_010915,79.4208164375646
STU_010916,70.64175667032238
STU_010917,77.1395265148715
STU_010918,82.1845967360708
STU_010919,88.39182820545966
STU_010920,73.56899710651308
STU_010921,78.84136088822237
STU_010922,83.6852164789875
STU_010923,88.11451617738649
STU_010924,90.54853530151821
STU_010925,73.94181070030919
STU_010926,91.5731454116695
STU_010927,64.2491379861355
STU_010928,79.90833660400625
STU_010929,70.12513997257287
STU_010930,93.98540662976866
STU_010931,78.10986098169563
STU_010932,84.4934676342796
STU_010933,81.97489090028901
STU_010934,91.14349612754495
STU_010935,75.19484953887269
STU_010936,63.60119512547979
STU_010937,73.42367622453712
STU_010938,60.81401072513546
STU_010939,78.42398240686623
STU_010940,56.46572114440524
STU_010941,93.53663054186777
STU_010942,82.21060059739462
STU_010943,63.90308327880081
STU_010944,65.88166542358307
STU_010945,74.29043781328679
STU_010946,81.40419365199303
STU_010947,74.01107068171395
STU_010948,83.49668938449794
STU_010949,91.370676857044
STU_010950,70.31807728467314
STU_010951,77.40491620568584
STU_010952,61.78672862891623
STU_010953,90.26927293549697
STU_010954,58.18623236982986
STU_010955,67.74588137771585
STU_010956,93.6502465621503
STU_010957,84.36840449555935
STU_010958,67.98621858643016
STU_010959,86.73920970320233
STU_010960,85.63681133183596
STU_010961,76.44911083392782
STU_010962,88.61227183108868
STU_010963,75.57790535986997
STU_010964,76.60868032200925
STU_010965,74.51909138552568
STU_010966,65.13528960348441
STU_010967,75.20362795318955
STU_010968,72.13385891094475
STU_010969,65.31355174267634
STU_010970,84.69392665451515
STU_010971,82.21337399029332
STU_010972,70.03708235656617
STU_010973,76.81074924845628
STU_010974,68.58371377230233
STU_010975,79.3411553120587
STU_010976,82.20929194610933
STU_010977,86.71769186174024
STU_010978,94.4980305933795
STU_010979,74.84282267478679
STU_010980,76.3206006265249
STU_010981,87.9262228581784
STU_010982,73.02582126031902
STU_010983,76.63239170800324
STU_010984,76.27780990536418
STU_010985,56.12792866660418
STU_010986,93.23941551256632
STU_010987,92.25252046568738
STU_010988,69.46341262084854
STU_010989,86.20528171238803
STU_010990,83.29017442729682
STU_010991,63.2530453694268
STU_010992,81.69378462829687
STU_010993,72.31246467058988
STU_010994,80.28667153398641
STU_010995,97.98094412478761
STU_010996,64.20700899610077
STU_010997,66.31933812250458
STU_010998,69.58300677042497
STU_010999,75.80899812957715
STU_011000,74.37946233235556
STU_011001,62.831760410125966
STU_011002,84.30833365290786
STU_011003,58.79830524775203
STU_011004,80.80163270283798
STU_011005,71.11358587162832
STU_011006,84.86545986116482
STU_011007,69.2352570610708
STU_011008,80.48023022654479
STU_011009,92.13928440129807
STU_011010,96.0892738616908
STU_011011,71.48331972113496
STU_011012,83.11955080846595
STU_011013,56.86563333260514
STU_011014,70.46469894413374
STU_011015,92.2564428426799
STU_011016,71.38401542321462
STU_011017,75.76047596000213
STU_011018,85.83908912942441
STU_011019,67.46368146289151
STU_011020,92.13767346316452
STU_011021,68.04551156398817
STU_011022,83.72660278734425
STU_011023,74.23444846442767
STU_011024,81.49373230693206
STU_011025,68.5807665875472
STU_011026,79.03196006202396
STU_011027,76.37275842359311
STU_011028,91.91322375809597
STU_011029,85.57830170445071
STU_011030,64.7845783223068
STU_011031,69.12060977022365
STU_011032,62.60168112546752
STU_011033,62.154241554305
STU_011034,73.90981475457136
STU_011035,84.45547018733708
STU_011036,94.60353607934124
STU_011037,92.34519971400269
STU_011038,85.83651899206248
STU_011039,66.02272958821713
STU_011040,79.93652508752768
STU_011041,55.23840707359596
STU_011042,69.03674085478514
STU_011043,65.83665144244118
STU_011044,58.0221259284608
STU_011045,95.38245475968432
STU_011046,84.28089619994981
STU_011047,83.57628242378306
STU_011048,72.73951415652144
STU_011049,81.97535084292599
STU_011050,81.7131753824902
STU_011051,86.21499812208279
STU_011052,94.89810263874091
STU_011053,63.267213608848905
STU_011054,73.78612843050819
STU_011055,69.29537625206004
STU_011056,71.5173280492303
STU_011057,88.07846902495584
STU_011058,100.0
STU_011059,100.0
STU_011060,72.7583253991757
STU_011061,72.82156633591302
STU_011062,63.10494570876804
STU_011063,83.74350513610499
STU_011064,71.76847803730645
STU_011065,73.8562934600833
STU_011066,70.12445130271563
STU_011067,87.78053026263001
STU_011068,95.65261302358573
STU_011069,92.88688299607412
STU_011070,70.96335109709449
STU_011071,88.84016704982592
STU_011072,91.56956764326557
STU_011073,78.37013445821165
STU_011074,89.30303035036806
STU_011075,73.59858097589978
STU_011076,94.41484016756432
STU_011077,76.10518313312808
STU_011078,72.07070803604186
STU_011079,70.95211464525161
STU_011080,62.033159149201445
STU_011081,87.8569172288532
STU_011082,65.621518592239
STU_011083,95.34716921821433
STU_011084,78.81942136909949
STU_011085,89.95610945508145
STU_011086,64.61986194554228
STU_011087,72.55661442559713
STU_011088,78.71621616710596
STU_011089,88.42583624627486
STU_011090,86.5764118285486
STU_011091,81.84078194136305
STU_011092,67.56690737601518
STU_011093,80.17022095745348
STU_011094,60.36710638415307
STU_011095,81.65467407281243
STU_011096,68.94418635472664
STU_011097,90.28697482157449
STU_011098,87.60627462842754
STU_011099,87.10458786361346
STU_011100,69.6644083537943
STU_011101,65.11115584032507
STU_011102,79.16346395110331
STU_011103,73.78542948771893
STU_011104,91.60245104809171
STU_011105,77.92202630388469
STU_011106,78.67598265167756
STU_011107,64.91479681719773
STU_011108,85.21206881172625
STU_011109,89.11643501813495
STU_011110,95.29003097316819
STU_011111,76.08653565023943
STU_011112,78.81314341370447
STU_011113,81.36467701592333
STU_011114,88.64413126174844
STU_011115,91.18362073466638
STU_011116,80.4077869740508
STU_011117,68.72912512018004
STU_011118,72.57899418713977
STU_011119,78.24119217183093
STU_011120,78.08887208128468
STU_011121,75.1704451556538
STU_011122,69.4431642593371
STU_011123,94.57921425761488
STU_011124,69.91008775131515
STU_011125,97.23777649579644
STU_011126,85.51340754891652
STU_011127,77.00922504897619
STU_011128,69.82208454211636
STU_011129,89.13156335635281
STU_011130,67.83420661877297
STU_011131,83.95032529824955
STU_011132,76.85514959305826
STU_011133,83.50663538468463
STU_011134,53.68765692955325
STU_011135,55.23457067161359
STU_011136,89.68089658955
STU_011137,75.70938736462153
STU_011138,100.0
STU_011139,76.00289140028882
STU_011140,87.07843424541215
STU_011141,63.81043972271272
STU_011142,87.13746264544861
STU_011143,80.83608582291133
STU_011144,69.00239392764843
STU_011145,63.06722830142262
STU_011146,69.440378658886
STU_011147,93.11476995029028
STU_011148,88.0474458185963
STU_011149,84.43577564716858
STU_011150,85.8341609921299
STU_011151,95.92621194062387
STU_011152,66.16806229976041
STU_011153,75.9477411715802
STU_011154,77.35475614587847
STU_011155,76.22148284669616
STU_011156,79.37755945557237
STU_011157,70.3995163311843
STU_011158,79.06243137356566
STU_011159,70.2349504522254
STU_011160,64.51166780646152
STU_011161,88.65747586642253
STU_011162,74.35088730411434
STU_011163,75.7039669148158
STU_011164,85.64331143334093
STU_011165,75.26256641084446
STU_011166,81.26996370270696
STU_011167,67.25790032130185
STU_011168,82.14668319650869
STU_011169,87.14732530523452
STU_011170,69.44693165924441
STU_011171,74.41756920025928
STU_011172,93.83575694928598
STU_011173,95.5388946579009
STU_011174,72.2527695955555
STU_011175,66.06673591144991
STU_011176,82.34965532229499
STU_011177,72.27003624375112
STU_011178,86.21126393137975
STU_011179,83.95181519427416
STU_011180,72.01272431373123
STU_011181,77.44110635106026
STU_011182,92.57839650904722
STU_011183,62.54846872639783
STU_011184,79.75292093689096
STU_011185,78.53237769591478
STU_011186,48.486453578920354
STU_011187,84.62327164621446
STU_011188,75.68657616288552
STU_011189,48.18125436745693
STU_011190,82.30813074818558
STU_011191,94.7146645187028
STU_011192,79.93180825260532
STU_011193,75.99261690760869
STU_011194,91.53691699640406
STU_011195,83.68239939037643
STU_011196,82.74068561979185
STU_011197,95.92855650604749
STU_011198,83.41956435965598
STU_011199,90.3436361156729
STU_011200,75.79410503969446
STU_011201,56.37328681236766
STU_011202,66.14054443926393
STU_011203,79.52802494655278
STU_011204,85.67828686613353
STU_011205,88.7043384694604
STU_011206,81.35068001487417
STU_011207,66.3497853133662
STU_011208,79.80648031184252
STU_011209,78.74899646399157
STU_011210,76.64751265890536
STU_011211,78.80816231568176
STU_011212,77.87205649939357
STU_011213,83.0969889999392
STU_011214,63.012654584633914
STU_011215,91.26141000761211
STU_011216,65.31017348681257
STU_011217,98.63021181903417
STU_011218,68.96322831090181
STU_011219,85.7638907702521
STU_011220,69.29260507507095
STU_011221,82.52672786524353
STU_011222,87.01053851192964
STU_011223,75.52205791435176
STU_011224,98.35524263291083
STU_011225,52.42365834045386
STU_011226,82.36463790815709
STU_011227,67.97244847710738
STU_011228,92.64377100950271
STU_011229,82.21740793152729
STU_011230,80.67417985054462
STU_011231,90.43373309076756
STU_011232,87.3320648143775
STU_011233,78.84790807097542
STU_011234,84.28361675502235
STU_011235,91.8607520391747
STU_011236,72.25731318759748
STU_011237,66.98861019405686
STU_011238,75.08202851035712
STU_011239,83.68148131844085
STU_011240,89.34838708243566
STU_011241,96.06585227076354
STU_011242,64.61603446214897
STU_011243,67.0137156832851
STU_011244,58.63376681578417
STU_011245,78.20524083462114
STU_011246,81.18256865581881
STU_011247,88.0873659448937
STU_011248,72.41036011317576
STU_011249,76.76192519233165
STU_011250,76.04106323536271
STU_011251,82.46753148777825
STU_011252,83.07938409116022
STU_011253,79.52674930630634
STU_011254,94.95248147106969
STU_011255,82.29406738307762
STU_011256,73.30168533928465
STU_011257,54.55450354215854
STU_011258,80.67378348420303
STU_011259,75.10884448455673
STU_011260,99.76934502173599
STU_011261,63.97026780298994
STU_011262,86.67564078547329
STU_011263,61.882113280572455
STU_011264,57.954600397680544
STU_011265,79.47260191785135
STU_011266,81.82739241282653
STU_011267,89.82272137553709
STU_011268,71.71478370989122
STU_011269,85.02787815263558
STU_011270,77.19037367368888
STU_011271,82.57821206946456
STU_011272,87.5555164451192
STU_011273,75.4196245013657
STU_011274,86.09738599427666
STU_011275,77.03279471627465
STU_011276,80.31466440787453
STU_011277,74.58519789200484
STU_011278,72.10572645769554
STU_011279,94.71759911959882
STU_011280,77.70673212240962
STU_011281,68.31372574263087
STU_011282,88.9876234326819
STU_011283,77.93610047485032
STU_011284,67.14455931750342
STU_011285,90.38797693482253
STU_011286,82.39625698055225
STU_011287,73.63304849601894
STU_011288,75.39220331521044
STU_011289,71.55450369354692
STU_011290,73.58365192594533
STU_011291,81.28139004959057
STU_011292,49.43471023767927
STU_011293,91.16786423838674
STU_011294,73.95846357942804
STU_011295,85.25652493491947
STU_011296,94.38391534814019
STU_011297,73.7948880594483
STU_011298,65.86204615374615
STU_011299,84.86726030484783
STU_011300,88.02410946243788
STU_011301,99.40959451011585
STU_011302,70.7624595311061
STU_011303,80.19663904644311
STU_011304,82.78831681593442
STU_011305,74.69591813203405
STU_011306,77.56670903020058
STU_011307,69.44268100848959
STU_011308,58.290726321766115
STU_011309,82.13323179817382
STU_011310,58.67469408077007
STU_011311,85.04893583109902
STU_011312,74.30661908603872
STU_011313,86.55076730828794
STU_011314,65.05572335488611
STU_011315,81.02427639740195
STU_011316,70.14348727428714
STU_011317,77.47509424840563
STU_011318,72.34334821118557
STU_011319,86.78807091040012
STU_011320,66.91814551317613
STU_011321,84.51454895215042
STU_011322,69.69666856365832
STU_011323,55.79628694072401
STU_011324,65.07273580321473
STU_011325,65.1547538268332
STU_011326,77.6585817301127
STU_011327,81.94963783298408
STU_011328,88.20359234648677
STU_011329,62.79003750905673
STU_011330,55.471964121009684
STU_011331,66.58801095647657
STU_011332,85.40207217708188
STU_011333,74.18337101951983
STU_011334,88.03243462701958
STU_011335,68.13143991845743
STU_011336,66.10048628788697
STU_011337,81.03603457537292
STU_011338,89.79779689522856
STU_011339,69.85670967775158
STU_011340,76.41665387679585
STU_011341,94.85436609611975
STU_011342,84.08707381955398
STU_011343,85.87720905365956
STU_011344,49.98692401154112
STU_011345,73.76229561064072
STU_011346,81.0367970933627
STU_011347,97.90618873187293
STU_011348,79.18478847534921
STU_011349,100.0
STU_011350,67.24669459707283
STU_011351,73.59768196734316
STU_011352,86.00709194661064
STU_011353,70.28415935631506
STU_011354,93.13422124040784
STU_011355,73.34131753297366
STU_011356,81.94809934240645
STU_011357,71.24785138648699
STU_011358,93.25126653024019
STU_011359,100.0
STU_011360,100.0
STU_011361,73.86080309109106
STU_011362,83.89314220884437
STU_011363,99.1255397741249
STU_011364,86.03791102827546
STU_011365,65.5022310764972
STU_011366,86.60197399721886
STU_011367,74.27637292900735
STU_011368,86.16887756445475
STU_011369,72.99565330749775
STU_011370,80.47692766802386
STU_011371,76.53228402192839
STU_011372,89.81358870699893
STU_011373,71.27848970723635
STU_011374,79.3362150429387
STU_011375,85.32337084905751
STU_011376,62.79557569389046
STU_011377,99.215501672399
STU_011378,89.76775503862791
STU_011379,83.88338552923862
STU_011380,75.24934384667924
STU_011381,59.87495563268497
STU_011382,80.99953033372589
STU_011383,93.21790679096735
STU_011384,84.33277771271355
STU_011385,84.01303846780989
STU_011386,77.96412525844326
STU_011387,63.78931086250545
STU_011388,68.37430946598924
STU_011389,64.44403178834462
STU_011390,86.42440571424416
STU_011391,60.107557172573905
STU_011392,72.13822059492684
STU_011393,70.72984137109566
STU_011394,87.04036159200544
STU_011395,85.7921145495946
STU_011396,88.97665746946157
STU_011397,67.41796659683592
STU_011398,100.0
STU_011399,73.73531776973245
STU_011400,77.01163700830446
STU_011401,78.73499819226507
STU_011402,76.80904179811223
STU_011403,82.22789974733959
STU_011404,100.0
STU_011405,84.54963165240771
STU_011406,86.85624206887007
STU_011407,89.28585728020087
STU_011408,82.99437306072343
STU_011409,82.79186730490989
STU_011410,77.99283373143204
STU_011411,93.84585704694561
STU_011412,76.94177822644208
STU_011413,71.56122604703064
STU_011414,90.68307794766126
STU_011415,77.47594779403165
STU_011416,92.84074112253317
STU_011417,79.11400920426038
STU_011418,61.93193974390903
STU_011419,74.46580685885084
STU_011420,88.18621724736482
STU_011421,85.66024844144297
STU_011422,78.34879598306273
STU_011423,68.74917324113368
STU_011424,71.00696959347405
STU_011425,73.85907733275081
STU_011426,99.16742514848752
STU_011427,67.76855297792426
STU_011428,92.07759812484073
STU_011429,76.47403708655327
STU_011430,77.72082729514871
STU_011431,83.67241574079434
STU_011432,73.27956935176081
STU_011433,88.68781893403721
STU_011434,93.33343287786519
STU_011435,78.00297173497819
STU_011436,89.3092563928244
STU_011437,63.1567116234187
STU_011438,68.7255907853507
STU_011439,78.9119923400023
STU_011440,78.83977198658457
STU_011441,80.09491011247106
STU_011442,77.47851218919283
STU_011443,72.07756403536298
STU_011444,78.32800626977318
STU_011445,71.54442614429065
STU_011446,67.23750340588509
STU_011447,91.7363541386311
STU_011448,65.4135689273759
STU_011449,73.42663423962722
STU_011450,80.39763932191418
STU_011451,81.20875493053853
STU_011452,72.9360851611533
STU_011453,74.374272906106
STU_011454,66.55891657984887
STU_011455,53.62064560029657
STU_011456,90.22644904743731
STU_011457,67.91737520123284
STU_011458,96.64824248988334
STU_011459,73.99693935697765
STU_011460,83.12734612597188
STU_011461,79.87483299647769
STU_011462,81.78285085800246
STU_011463,80.91435767914238
STU_011464,76.13868118111677
STU_011465,75.53096163332333
STU_011466,82.8757643649753
STU_011467,81.88566355795338
STU_011468,69.94532415041492
STU_011469,71.0095332253854
STU_011470,90.94100176913742
STU_011471,70.44162857229821
STU_011472,74.2061216453336
STU_011473,77.77730296984541
STU_011474,90.5691999407082
STU_011475,87.88674584952271
STU_011476,92.64725014141743
STU_011477,98.08603208206576
STU_011478,52.44673369965995
STU_011479,65.99348576566786
STU_011480,98.53694692400092
STU_011481,73.08785343989689
STU_011482,69.74870672925128
STU_011483,92.92007310285427
STU_011484,76.6701256416184
STU_011485,82.52134151285158
STU_011486,64.72136891511961
STU_011487,83.02744167086237
STU_011488,78.19854407098312
STU_011489,75.03707843689459
STU_011490,81.29276641597508
STU_011491,66.80951443730783
STU_011492,82.90892952644836
STU_011493,94.63650478065247
STU_011494,82.49728225624342
STU_011495,81.47689694652323
STU_011496,92.03094736148594
STU_011497,78.08127399135452
STU_011498,78.7162089710677
STU_011499,83.05331735093586
STU_011500,76.66689880358015
STU_011501,71.47919853552533
STU_011502,49.31482664062357
STU_011503,84.22365074663287
STU_011504,68.43961730147025
STU_011505,69.82485276237188
STU_011506,66.42389036524153
STU_011507,69.10581741136775
STU_011508,79.0407895597574
STU_011509,71.91816883929745
STU_011510,82.22193986342072
STU_011511,93.62645353565344
STU_011512,53.76035133653869
STU_011513,81.1044583018266
STU_011514,78.41162617913369
STU_011515,68.1813810423601
STU_011516,82.20247087783126
STU_011517,83.24265489019822
STU_011518,97.20832532818548
STU_011519,66.31771898212362
STU_011520,54.94816387179843
STU_011521,60.25857473339863
STU_011522,100.0
STU_011523,82.18746139135907
STU_011524,89.03698055800658
STU_011525,99.21106738247441
STU_011526,80.37960102545522
STU_011527,88.05947794516423
STU_011528,86.26056734963433
STU_011529,85.1978771733741
STU_011530,69.08830093361112
STU_011531,82.06596491825674
STU_011532,81.29677067955662
STU_011533,87.01369225723595
STU_011534,77.93994849943728
STU_011535,66.33379775876966
STU_011536,59.96358093045521
STU_011537,60.46051976183787
STU_011538,81.52924971242916
STU_011539,73.90745699604587
STU_011540,79.68983853646465
STU_011541,80.67083990476814
STU_011542,65.76513628839164
STU_011543,78.77690841116926
STU_011544,82.70873595194107
STU_011545,90.98544894144953
STU_011546,64.44759707319625
STU_011547,89.33773216945576
STU_011548,79.89854985311342
STU_011549,62.58797789686673
STU_011550,81.46891735190479
STU_011551,70.44215834013868
STU_011552,58.763892776716666
STU_011553,75.0819074516458
STU_011554,80.15875406564334
STU_011555,84.83065734406087
STU_011556,96.32286830568808
STU_011557,68.15373272041104
STU_011558,99.74573318924709
STU_011559,93.82362587096361
STU_011560,99.75075096391859
STU_011561,71.19644885231942
STU_011562,97.6466454611407
STU_011563,94.7428748074937
STU_011564,65.68896757165781
STU_011565,75.62088652866903
STU_011566,72.57784274605791
STU_011567,66.77733857368675
STU_011568,64.84057176936882
STU_011569,81.71000789363487
STU_011570,96.52671768456725
STU_011571,78.78216953436218
STU_011572,90.14185007154573
STU_011573,75.4226033371192
STU_011574,77.74689669508005
STU_011575,78.54473395650005
STU_011576,78.65919760746615
STU_011577,72.31034696387373
STU_011578,67.95133579400306
STU_011579,70.86844784987358
STU_011580,89.95973461414104
STU_011581,69.84925471782172
STU_011582,81.88046067914308
STU_011583,69.08929314045328
STU_011584,87.62651164231289
STU_011585,83.34510661231519
STU_011586,84.16263247995829
STU_011587,89.88200454340475
STU_011588,90.06687457617673
STU_011589,86.38365676559341
STU_011590,69.84524030273538
STU_011591,59.39984039719556
STU_011592,90.97910221499103
STU_011593,78.28390054943593
STU_011594,94.74421856614596
STU_011595,86.83800370881391
STU_011596,83.55010797568174
STU_011597,76.19255175327123
STU_011598,81.04915783725986
STU_011599,64.07633754621335
STU_011600,64.1408441390247
STU_011601,76.45605473632509
STU_011602,88.68804647649169
STU_011603,70.61658117349467
STU_011604,83.97843729061137
STU_011605,85.11653479355267
STU_011606,65.73760985288837
STU_011607,93.8162995074492
STU_011608,89.37438460551438
STU_011609,71.03625126634799
STU_011610,80.5112435450621
STU_011611,62.87114739483725
STU_011612,83.39391800256607
STU_011613,67.62958960099303
STU_011614,68.88798886873901
STU_011615,87.42163792885967
STU_011616,88.11589953942864
STU_011617,70.85099437276259
STU_011618,82.90389552695682
STU_011619,79.02387368852335
STU_011620,65.48735551570837
STU_011621,71.2674915319669
STU_011622,70.73905891323723
STU_011623,59.44859358618429
STU_011624,87.50391570919237
STU_011625,95.0414225143104
STU_011626,78.540615714208
STU_011627,69.56289260109307
STU_011628,68.87950789022457
STU_011629,78.44079296304054
STU_011630,95.80979211293015
STU_011631,63.49897898216774
STU_011632,68.4341191250841
STU_011633,100.0
STU_011634,61.70751396436186
STU_011635,94.2080834333351
STU_011636,64.70649211493877
STU_011637,71.88464089563139
STU_011638,80.19506317263648
STU_011639,89.873092078675
STU_011640,90.09402008662687
STU_011641,76.70510113456216
STU_011642,79.2328382202102
STU_011643,64.18539725230826
STU_011644,93.41651205405148
STU_011645,96.46975882091694
STU_011646,76.42746856390477
STU_011647,78.99382807676044
STU_011648,77.30911439867077
STU_011649,82.70908937838398
STU_011650,86.83667824261167
STU_011651,71.31420848654017
STU_011652,65.09839592945448
STU_011653,100.0
STU_011654,67.22841487302938
STU_011655,76.29174374334059
STU_011656,70.33171137646448
STU_011657,44.15502804796168
STU_011658,97.73633335650376
STU_011659,64.78794089282971
STU_011660,83.29231124437673
STU_011661,99.60130104351003
STU_011662,87.14825179147459
STU_011663,89.83132447773696
STU_011664,91.92494965532246
STU_011665,67.61022873404306
STU_011666,79.97909463169344
STU_011667,61.70199464376372
STU_011668,76.37607959000053
STU_011669,67.76023689025963
STU_011670,85.79631890976833
STU_011671,78.14948096955604
STU_011672,90.82524372185743
STU_011673,75.23575368760567
STU_011674,68.39822457215494
STU_011675,84.73593108198159
STU_011676,74.73786888745623
STU_011677,80.38353003165179
STU_011678,61.012723834684714
STU_011679,93.33789509575489
STU_011680,89.85647190177049
STU_011681,95.97040888153796
STU_011682,52.04344786241889
STU_011683,74.8954498100978
STU_011684,68.75899306110819
STU_011685,64.02005236506832
STU_011686,76.00666722971908
STU_011687,86.84809503708841
STU_011688,86.07523691164761
STU_011689,68.03894015591197
STU_011690,77.11696783054485
STU_011691,95.02948368880932
STU_011692,81.32071512283261
STU_011693,87.61888913314267
STU_011694,92.62447956837231
STU_011695,92.3812028733266
STU_011696,89.30161931264676
STU_011697,74.01616838481445
STU_011698,74.38141015508826
STU_011699,82.15300770375899
STU_011700,70.91179535176398
STU_011701,80.0370878242386
STU_011702,84.75045325015196
STU_011703,86.44750725491119
STU_011704,77.71053589340148
STU_011705,77.38366130272075
STU_011706,89.69129218008686
STU_011707,77.03433487973001
STU_011708,82.74454817666448
STU_011709,86.70456706551903
STU_011710,83.16947311824288
STU_011711,77.5842670847581
STU_011712,57.4309581353554
STU_011713,93.86381201298255
STU_011714,77.10137763593542
STU_011715,85.72107090897555
STU_011716,80.86015142563362
STU_011717,75.46651102204848
STU_011718,84.28013012819707
STU_011719,80.45022346723573
STU_011720,94.42513835443839
STU_011721,68.90211982350004
STU_011722,70.77274840390544
STU_011723,72.04662349795393
STU_011724,92.3470014249652
STU_011725,79.90955871418352
STU_011726,61.73387441700699
STU_011727,70.97535027648263
STU_011728,59.511859418233854
STU_011729,76.09955303905113
STU_011730,76.46059564533154
STU_011731,94.92028548065072
STU_011732,90.43621268833793
STU_011733,80.32470577260543
STU_011734,90.27980585530764
STU_011735,81.70517339872356
STU_011736,73.280563009583
STU_011737,69.23114798881667
STU_011738,87.98521366626437
STU_011739,87.5109116496536
STU_011740,86.46932791738996
STU_011741,78.24795833224992
STU_011742,71.76927395468219
STU_011743,66.3299422849607
STU_011744,76.07486485461664
STU_011745,71.35383141393186
STU_011746,71.4405247049705
STU_011747,86.52206178263901
STU_011748,69.96365274022291
STU_011749,78.21607392746614
STU_011750,94.3763320033153
STU_011751,71.51872342957596
STU_011752,69.32720318046495
STU_011753,56.53901084757993
STU_011754,79.21102897311306
STU_011755,83.9518476674984
STU_011756,82.94933008479644
STU_011757,79.79060850713174
STU_011758,98.59902065223514
STU_011759,70.90027660116272
STU_011760,84.59310759938634
STU_011761,89.08527484873352
STU_011762,75.29087982292927
STU_011763,82.5398165450662
STU_011764,67.36658804608075
STU_011765,78.71112486664906
STU_011766,45.33661038169886
STU_011767,61.23844502831746
STU_011768,85.83540089132524
STU_011769,63.48697096935485
STU_011770,92.36880843090123
STU_011771,72.76494648369611
STU_011772,68.1589119607172
STU_011773,64.03474104894099
STU_011774,62.13830274975563
STU_011775,78.07071179267399
STU_011776,66.93622924063423
STU_011777,76.10894606737176
STU_011778,90.15104994030193
STU_011779,83.91664473029267
STU_011780,82.19716314375124
STU_011781,60.019892982806965
STU_011782,88.47440353943051
STU_011783,77.42909011349326
STU_011784,73.80155520927153
STU_011785,67.29011092504436
STU_011786,80.87411862988199
STU_011787,72.20906410288814
STU_011788,79.88534377069779
STU_011789,68.4575499436193
STU_011790,85.86219218285049
STU_011791,90.55300267101697
STU_011792,81.16303881217885
STU_011793,62.49845265955733
STU_011794,60.038686523990165
STU_011795,67.83519997115744
STU_011796,95.33542811056489
STU_011797,66.65179234974386
STU_011798,77.47637367849795
STU_011799,96.64422565490838
STU_011800,71.74718228308586
STU_011801,86.80569991964234
STU_011802,91.28927163130248
STU_011803,79.4648775515054
STU_011804,73.14680514489913
STU_011805,70.9321964522471
STU_011806,70.91654667832984
STU_011807,86.78172639438607
STU_011808,88.63792548414438
STU_011809,91.31054714244917
STU_011810,91.62868110010893
STU_011811,90.6181395643296
STU_011812,73.14906863277994
STU_011813,74.22513859939076
STU_011814,91.54207911299937
STU_011815,75.23150153939338
STU_011816,81.99882284772961
STU_011817,91.55328344197999
STU_011818,80.53012325495791
STU_011819,76.3811632634879
STU_011820,74.43073131886379
STU_011821,77.38715459817247
STU_011822,98.64863546994101
STU_011823,71.99564486973372
STU_011824,75.99475536445291
STU_011825,81.93972055254332
STU_011826,70.07871858686396
STU_011827,75.10879399894452
STU_011828,74.3578279865749
STU_011829,79.1035012501912
STU_011830,67.79087385276515
STU_011831,67.64230696621195
STU_011832,65.86975435933385
STU_011833,73.99185431722603
STU_011834,68.52481567819663
STU_011835,82.05938339860573
STU_011836,78.6924558191106
STU_011837,74.13973210609309
STU_011838,70.93009251364889
STU_011839,87.5277536426392
STU_011840,86.15115709898689
STU_011841,82.55593781447986
STU_011842,63.351378071906154
STU_011843,60.35052127309647
STU_011844,80.99738875037824
STU_011845,73.23910212378428
STU_011846,85.46894075015197
STU_011847,72.76727576491436
STU_011848,95.97130625108063
STU_011849,78.12181967706398
STU_011850,72.73055874600972
STU_011851,87.98448121582729
STU_011852,87.76464498790003
STU_011853,83.11786314266519
STU_011854,75.5755472142823
STU_011855,88.04795734328994
STU_011856,82.30644419278312
STU_011857,79.82786658280794
STU_011858,88.17058761709788
STU_011859,75.96231146999833
STU_011860,76.76172365283884
STU_011861,65.86149854626525
STU_011862,72.46149287026043
STU_011863,96.34231441147239
STU_011864,51.54852564904086
STU_011865,81.6985152670427
STU_011866,69.49936456936653
STU_011867,84.82447912000329
STU_011868,81.42232066870508
STU_011869,73.8693577772201
STU_011870,89.82460161050531
STU_011871,70.92262945941998
STU_011872,67.20231932297074
STU_011873,81.21141491188327
STU_011874,69.677623371285
STU_011875,61.879605775607786
STU_011876,74.45151776329908
STU_011877,89.89900158448616
STU_011878,60.135041373866216
STU_011879,77.69343412043284
STU_011880,57.60595854392706
STU_011881,67.41255748812893
STU_011882,82.90038180625267
STU_011883,60.983021385352025
STU_011884,71.69851619846386
STU_011885,72.71483486350662
STU_011886,76.63883601568459
STU_011887,80.17830457915102
STU_011888,78.4432279408813
STU_011889,52.165454267984515
STU_011890,63.37350760728151
STU_011891,83.29213626568603
STU_011892,97.29241358739301
STU_011893,89.93449958308102
STU_011894,75.55383862015162
STU_011895,91.43514419307134
STU_011896,66.9345526925309
STU_011897,67.1254095179733
STU_011898,100.0
STU_011899,54.726730003120196
STU_011900,82.42989385397183
STU_011901,81.72357100918009
STU_011902,62.84198994850584
STU_011903,71.5490602250969
STU_011904,81.4701466983668
STU_011905,70.43895113835822
STU_011906,84.70001974473044
STU_011907,88.13639729032948
STU_011908,92.78868474392512
STU_011909,59.61744905183524
STU_011910,84.92881932530055
STU_011911,76.03481126744485
STU_011912,86.79182614054992
STU_011913,76.60972007146974
STU_011914,87.28156466868907
STU_011915,86.70946257376903
STU_011916,69.95222199167915
STU_011917,90.09418382401671
STU_011918,80.24925399744981
STU_011919,96.68029504720889
STU_011920,77.61923790090137
STU_011921,72.93427177938875
STU_011922,75.95958923755738
STU_011923,62.19236113340034
STU_011924,69.87471834131055
STU_011925,48.857013426161394
STU_011926,76.8132646279665
STU_011927,71.51144925403058
STU_011928,71.21534775784181
STU_011929,84.08433889969147
STU_011930,85.79689519248956
STU_011931,85.50404713055457
STU_011932,67.63216217820191
STU_011933,58.18656974403782
STU_011934,80.91482949732166
STU_011935,60.992840735140994
STU_011936,87.29296454732024
STU_011937,72.3239311593491
STU_011938,65.90895053760008
STU_011939,91.26663396728051
STU_011940,83.59967496282363
STU_011941,80.53001749756677
STU_011942,89.93854009296604
STU_011943,77.59195528502298
STU_011944,68.57942552579348
STU_011945,75.54257048537978
STU_011946,97.42841077813013
STU_011947,89.75249185810753
STU_011948,70.94424359465602
STU_011949,79.19488105233286
STU_011950,77.28993841161858
STU_011951,91.70551085822626
STU_011952,70.82832056139227
STU_011953,58.58784025674779
STU_011954,91.24339108752302
STU_011955,65.39423551016469
STU_011956,88.19617298373171
STU_011957,67.91220228912
STU_011958,96.22798965412211
STU_011959,78.43715935300827
STU_011960,91.82736398675262
STU_011961,90.57179845759065
STU_011962,82.3391752352241
STU_011963,94.1393193947376
STU_011964,80.81826276999206
STU_011965,82.70049792587051
STU_011966,91.50919249518263
STU_011967,59.638337034656374
STU_011968,87.81177742459388
STU_011969,60.75531807025037
STU_011970,84.20335808954943
STU_011971,64.78266123403611
STU_011972,86.60735362435258
STU_011973,72.74976202868734
STU_011974,93.43717026561347
STU_011975,78.31072745169062
STU_011976,65.42589271268022
STU_011977,85.28521084229855
STU_011978,67.67174877928193
STU_011979,82.34663549143454
STU_011980,83.20836366708448
STU_011981,80.76657456693201
STU_011982,91.65675724347909
STU_011983,70.69852850852382
STU_011984,79.2669743924856
STU_011985,85.1615170280989
STU_011986,74.31151883715953
STU_011987,57.626129282919436
STU_011988,77.22325614011854
STU_011989,76.17602613945392
STU_011990,91.46306266467171
STU_011991,70.71494391443021
STU_011992,54.46508742052474
STU_011993,70.55236364204768
STU_011994,64.35926088966035
STU_011995,70.27838227992487
STU_011996,72.50740834012362
STU_011997,87.81879040815728
STU_011998,93.93588562797694
STU_011999,100.0
STU_012000,88.37453540877128
STU_012001,86.90601927046936
STU_012002,73.8146338718752
STU_012003,76.54759383338936
STU_012004,70.18892946898889
STU_012005,81.58581693699229
STU_012006,89.43798556977941
STU_012007,66.3350724507597
STU_012008,80.01711477546317
STU_012009,69.47297756462947
STU_012010,51.67012200732951
STU_012011,61.26539054781015
STU_012012,75.15134811189914
STU_012013,73.25611879544091
STU_012014,62.40510768314843
STU_012015,71.70526067949899
STU_012016,55.357347101258
STU_012017,75.01870919063094
STU_012018,84.8637351896615
STU_012019,91.19724063019439
STU_012020,63.93343261878836
STU_012021,62.20651930038371
STU_012022,66.73082945342921
STU_012023,72.88844595930115
STU_012024,92.28417461739079
STU_012025,89.39658405753637
STU_012026,68.71617375369402
STU_012027,89.16326518763422
STU_012028,92.81244244804985
STU_012029,65.75290343205137
STU_012030,88.05728632759929
STU_012031,92.88909873048138
STU_012032,74.12422949768258
STU_012033,70.39242008382487
STU_012034,95.06255516330145
STU_012035,75.27899005667837
STU_012036,70.19276501085608
STU_012037,79.73841869651736
STU_012038,68.2595736753148
STU_012039,75.98126039839569
STU_012040,92.96113055481084
STU_012041,74.98218057055547
STU_012042,87.35442356071616
STU_012043,76.30204463247695
STU_012044,73.93413766887346
STU_012045,55.48973974200341
STU_012046,79.90145349947534
STU_012047,95.26905327120477
STU_012048,59.11153891583259
STU_012049,76.21793476560786
STU_012050,76.66508975520591
STU_012051,44.62684637287599
STU_012052,82.72757111308874
STU_012053,84.3941944736426
STU_012054,74.34662635366284
STU_012055,77.6307217299566
STU_012056,92.18464818040543
STU_012057,86.16603820723003
STU_012058,74.01403472671429
STU_012059,59.046519168084146
STU_012060,76.0970438449338
STU_012061,65.31120055292595
STU_012062,87.6758567408534
STU_012063,59.97712598200035
STU_012064,66.60028718828084
STU_012065,83.40583415103072
STU_012066,72.8463886456592
STU_012067,82.18906234786874
STU_012068,64.63101679969579
STU_012069,68.6545296950312
STU_012070,80.65818153159941
STU_012071,79.55652284275551
STU_012072,73.00593519058972
STU_012073,87.30026186154865
STU_012074,88.43935433148782
STU_012075,59.512643732741346
STU_012076,70.51788680484509
STU_012077,72.14620040908319
STU_012078,70.11234965010462
STU_012079,73.13395052095258
STU_012080,78.77046938757596
STU_012081,62.61892805278359
STU_012082,91.94290780213457
STU_012083,74.3368783956496
STU_012084,79.26053901264893
STU_012085,94.91735560602056
STU_012086,84.10979986630963
STU_012087,78.56365631177917
STU_012088,76.43204888558645
STU_012089,76.02903278576436
STU_012090,90.55358364820222
STU_012091,88.80844991896664
STU_012092,81.10380408476678
STU_012093,79.7124272671567
STU_012094,79.85863456037393
STU_012095,75.66816477121716
STU_012096,79.92539897054681
STU_012097,81.51673870890863
STU_012098,65.49051724418209
STU_012099,78.70893167700619
STU_012100,89.90101985671673
STU_012101,90.45343960579159
STU_012102,77.8521171933877
STU_012103,77.66383653402188
STU_012104,68.10249333250431
STU_012105,82.88282471324536
STU_012106,88.40200707291518
STU_012107,80.49777633176039
STU_012108,89.57984894393515
STU_012109,75.15020034494152
STU_012110,75.72283137888145
STU_012111,49.80743371159052
STU_012112,81.56850064431072
STU_012113,88.26506882387166
STU_012114,74.97954388821876
STU_012115,75.47048190820797
STU_012116,70.3761155960994
STU_012117,92.77876759952925
STU_012118,68.87296575128725
STU_012119,88.460634838503
STU_012120,67.2283891360273
STU_012121,75.65438392233257
STU_012122,64.85756727555258
STU_012123,82.47835549324425
STU_012124,80.72111111949945
STU_012125,81.12942063304662
STU_012126,79.7637705419275
STU_012127,76.1079639344167
STU_012128,76.58884751188498
STU_012129,77.19873269608824
STU_012130,72.52619719124095
STU_012131,58.093364334089685
STU_012132,81.50932736671501
STU_012133,84.74777149492837
STU_012134,65.08877335781929
STU_012135,67.23623117006528
STU_012136,59.820447419342116
STU_012137,70.63149735088281
STU_012138,65.2079457535374
STU_012139,70.6812732773075
STU_012140,76.76604579754964
STU_012141,72.39658735428542
STU_012142,80.5871569372243
STU_012143,100.0
STU_012144,82.37647947933007
STU_012145,79.32214707765043
STU_012146,79.34247504452111
STU_012147,69.16754856109095
STU_012148,80.28187291937309
STU_012149,82.3736607513661
STU_012150,83.07374345573189
STU_012151,81.51618576216553
STU_012152,65.16659416203701
STU_012153,77.75271127740086
STU_012154,78.42642666923429
STU_012155,67.07344468974111
STU_012156,72.29843509687754
STU_012157,81.8990246519939
STU_012158,89.29641290866641
STU_012159,85.46173212271952
STU_012160,95.38155255564106
STU_012161,94.85298916554848
STU_012162,85.18058604377555
STU_012163,97.63592116832193
STU_012164,49.52790244198714
STU_012165,72.04763147736459
STU_012166,68.13854371870357
STU_012167,94.7628260233683
STU_012168,63.92264279867371
STU_012169,66.62384551862581
STU_012170,72.43029069667747
STU_012171,79.22288544388645
STU_012172,87.01352684293653
STU_012173,86.59256478810396
STU_012174,83.74642978677105
STU_012175,82.65489747185619
STU_012176,71.18007617947286
STU_012177,73.5397359946474
STU_012178,86.88377188907504
STU_012179,69.75236703048208
STU_012180,83.68265585992012
STU_012181,92.58593073830357
STU_012182,75.30913424641557
STU_012183,90.13335640433509
STU_012184,73.61506137303867
STU_012185,76.12263715964485
STU_012186,90.80577772377227
STU_012187,61.01592313437662
STU_012188,62.428651980018444
STU_012189,63.460141061721075
STU_012190,84.40923891729753
STU_012191,74.25992421055214
STU_012192,72.3292414618967
STU_012193,64.28569222659256
STU_012194,80.15518435531297
STU_012195,73.49579521889373
STU_012196,54.863521671538216
STU_012197,87.56788908189182
STU_012198,69.2857598547374
STU_012199,81.15755986326947
STU_012200,57.95382728209154
STU_012201,80.91596026861012
STU_012202,85.99593619538622
STU_012203,87.9996268124863
STU_012204,73.48182553887086
STU_012205,75.44156017527881
STU_012206,85.39874823901185
STU_012207,88.63881869554243
STU_012208,77.9765902389156
STU_012209,67.62190910062694
STU_012210,78.61384227518984
STU_012211,79.45127271746631
STU_012212,78.27933252959076
STU_012213,81.8200964512374
STU_012214,69.20271315145291
STU_012215,62.14927077836978
STU_012216,84.71016762213029
STU_012217,93.35062207502986
STU_012218,98.39151648482978
STU_012219,71.97678554579488
STU_012220,68.92690692364023
STU_012221,76.48488026137701
STU_012222,78.56924649999813
STU_012223,71.03038324505602
STU_012224,71.11371069793947
STU_012225,86.30632766521185
STU_012226,82.17808260026781
STU_012227,77.13563529751536
STU_012228,60.14392779705912
STU_012229,86.34305468369439
STU_012230,81.82249368694833
STU_012231,70.27889251264696
STU_012232,85.19607374203885
STU_012233,83.1096919733272
STU_012234,69.365380034756
STU_012235,73.14299643489323
STU_012236,94.9726068238687
STU_012237,78.0224108236377
STU_012238,71.83497676743926
STU_012239,75.92807764653361
STU_012240,82.41292428221274
STU_012241,81.58255299111472
STU_012242,77.04451251278864
STU_012243,61.49047428549684
STU_012244,63.58564784984506
STU_012245,69.47307841209431
STU_012246,65.13341141076921
STU_012247,60.414649376543466
STU_012248,86.88639182801484
STU_012249,85.14424249241637
STU_012250,85.93615625158931
STU_012251,70.7918691037919
STU_012252,62.611960818909104
STU_012253,67.83349859910729
STU_012254,59.63670556648346
STU_012255,80.86449622744352
STU_012256,67.46777144954771
STU_012257,80.27686001015593
STU_012258,78.08593915309407
STU_012259,78.49254605691506
STU_012260,88.01482168487732
STU_012261,80.77863462085578
STU_012262,82.14350896182992
STU_012263,70.47815972599622
STU_012264,67.6005358086405
STU_012265,72.4094597979676
STU_012266,94.89054694995764
STU_012267,92.98214677907043
STU_012268,55.75750965146427
STU_012269,80.39295418272279
STU_012270,75.6703177827374
STU_012271,77.69627323425951
STU_012272,73.72383383076638
STU_012273,72.19503197718512
STU_012274,69.02871478729168
STU_012275,88.06312234365654
STU_012276,78.12037158542196
STU_012277,78.31113939177638
STU_012278,69.56785468520415
STU_012279,78.81838495009066
STU_012280,76.10576177519299
STU_012281,56.05466685263585
STU_012282,87.74886910776159
STU_012283,92.39201054583437
STU_012284,72.36939345865395
STU_012285,77.25875404748905
STU_012286,77.33281548019207
STU_012287,93.55615966997463
STU_012288,84.74797939036999
STU_012289,87.41250256789186
STU_012290,83.97099880176916
STU_012291,70.01998684558603
STU_012292,79.7152112172553
STU_012293,78.4303836890362
STU_012294,86.05151604287849
STU_012295,80.401650665064
STU_012296,77.5297787534837
STU_012297,82.68375057650283
STU_012298,71.1121708666709
STU_012299,86.31282107465319
STU_012300,57.54587876030028
STU_012301,84.5639687027341
STU_012302,79.96495908314938
STU_012303,60.06818333550141
STU_012304,57.30024532352176
STU_012305,94.19278852718918
STU_012306,79.30958198990113
STU_012307,72.3566282565903
STU_012308,86.24789481873873
STU_012309,73.00301543207877
STU_012310,76.41731247186983
STU_012311,83.22619983279587
STU_012312,60.02715308238268
STU_012313,73.79625213758641
STU_012314,97.66053416654236
STU_012315,89.39200919768678
STU_012316,73.53610104690185
STU_012317,95.11408411100695
STU_012318,86.97215426372478
STU_012319,81.3178471601173
STU_012320,69.9475397612481
STU_012321,64.5862323385863
STU_012322,92.06569155299616
STU_012323,65.08181640127358
STU_012324,82.51960052360361
STU_012325,69.60899658052492
STU_012326,78.79280587800304
STU_012327,64.11272153132599
STU_012328,67.94919545586228
STU_012329,91.43148832694757
STU_012330,87.41934164914036
STU_012331,79.8302568449057
STU_012332,70.28489099961094
STU_012333,86.1768119068873
STU_012334,72.64595826868901
STU_012335,70.04334823877612
STU_012336,86.22296277470483
STU_012337,92.12678963224599
STU_012338,65.39238849096769
STU_012339,88.09376840928402
STU_012340,63.30786591204322
STU_012341,59.95439249062416
STU_012342,84.76241013340808
STU_012343,92.05543755753186
STU_012344,63.18717503360759
STU_012345,68.65686378477002
STU_012346,79.77664984226786
STU_012347,94.07855310162915
STU_012348,80.43919615874862
STU_012349,78.86002253559097
STU_012350,84.97921717673925
STU_012351,90.04415352797203
STU_012352,80.60348130140844
STU_012353,93.79991638623073
STU_012354,67.76201766188247
STU_012355,85.0105216956859
STU_012356,79.29488952751831
STU_012357,68.46781332171648
STU_012358,90.80378335408597
STU_012359,85.29181973709984
STU_012360,74.64498743453746
STU_012361,67.17725120812898
STU_012362,79.63290278130572
STU_012363,77.60576748647424
STU_012364,80.83563636401624
STU_012365,71.2811040657009
STU_012366,82.31761732159931
STU_012367,72.83196460902158
STU_012368,62.723260627606265
STU_012369,78.71661293067578
STU_012370,99.50717669881985
STU_012371,75.71639994169422
STU_012372,87.73420418274102
STU_012373,78.36577607659007
STU_012374,76.30616403013411
STU_012375,68.19331986646074
STU_012376,83.08913692857465
STU_012377,84.2086553286002
STU_012378,81.1310033601612
STU_012379,74.15076752647326
STU_012380,91.00415833303535
STU_012381,97.91215937704689
STU_012382,73.2174412826312
STU_012383,86.39338617077956
STU_012384,98.08120920659255
STU_012385,90.55960743175535
STU_012386,82.03658020335378
STU_012387,82.76564923304352
STU_012388,81.38647797982033
STU_012389,99.37944380216007
STU_012390,75.05201597704392
STU_012391,49.94072248010816
STU_012392,75.34341610743719
STU_012393,68.25070526951329
STU_012394,74.19280503816104
STU_012395,84.84594712849277
STU_012396,83.5411948744941
STU_012397,74.82889771928036
STU_012398,85.27020361627169
STU_012399,85.08016762723953
STU_012400,75.75287191031356
STU_012401,89.65319866677845
STU_012402,97.20968652915924
STU_012403,57.65116765322606
STU_012404,80.06590307298511
STU_012405,66.4857558763403
STU_012406,67.45858311800997
STU_012407,91.10468940609557
STU_012408,83.88940429939012
STU_012409,72.74656825592699
STU_012410,53.53767382435074
STU_012411,88.47185527450834
STU_012412,73.27749314661621
STU_012413,62.99421275465203
STU_012414,95.30886342973696
STU_012415,89.71453824391797
STU_012416,87.98927799351296
STU_012417,70.08478629459833
STU_012418,86.35152794937058
STU_012419,73.091129137736
STU_012420,62.969555188284374
STU_012421,70.8072601497668
STU_012422,86.37747046745224
STU_012423,79.36582667818381
STU_012424,85.05948277801154
STU_012425,55.50555127063729
STU_012426,84.59704235952582
STU_012427,70.93695261079142
STU_012428,89.5224051850776
STU_012429,64.56300668163996
STU_012430,78.47818663976429
STU_012431,69.52640605909065
STU_012432,69.41125314570093
STU_012433,64.74159502128332
STU_012434,90.48898368407019
STU_012435,72.34646434529735
STU_012436,75.50601385095067
STU_012437,90.92353072818919
STU_012438,68.22032210203834
STU_012439,78.42734818122733
STU_012440,74.74893968566731
STU_012441,90.36469274202469
STU_012442,96.85989999791988
STU_012443,63.01667633238098
STU_012444,86.20750875788269
STU_012445,77.82410835693594
STU_012446,85.50353183815861
STU_012447,93.69741751620242
STU_012448,75.00501211630589
STU_012449,81.2733440614307
STU_012450,69.64458552460852
STU_012451,85.84585246662007
STU_012452,80.5107338716272
STU_012453,93.11855306981255
STU_012454,82.6683902141753
STU_012455,75.12027917557985
STU_012456,85.19708291617692
STU_012457,68.49819327807408
STU_012458,82.66405522689803
STU_012459,64.63018252548633
STU_012460,86.64957987118885
STU_012461,78.73674842230577
STU_012462,71.49058363641497
STU_012463,81.59587228967297
STU_012464,74.23520215512134
STU_012465,74.70051468280474
STU_012466,69.79413500431463
STU_012467,77.6639594536997
STU_012468,85.06853193312308
STU_012469,89.07199375320832
STU_012470,52.04930084415716
STU_012471,55.98922164901115
STU_012472,92.5107698406803
STU_012473,73.77832107860391
STU_012474,71.14849649982465
STU_012475,76.35489692544634
STU_012476,56.884242060480354
STU_012477,96.00288244251368
STU_012478,75.17753090258987
STU_012479,66.67627845821328
STU_012480,81.51290596044667
STU_012481,91.1348535261995
STU_012482,78.77029289096065
STU_012483,67.7453590368871
STU_012484,72.16687225242474
STU_012485,80.5282739710088
STU_012486,75.4562761915484
STU_012487,67.85914700046266
STU_012488,69.8081305386099
STU_012489,83.19885886872078
STU_012490,88.26745192982075
STU_012491,59.32115477622037
STU_012492,65.35598000246453
STU_012493,60.414349614571776
STU_012494,72.64240843083445
STU_012495,70.56028155370069
STU_012496,83.90836555020061
STU_012497,88.32623049111513
STU_012498,71.15112735867491
STU_012499,73.91785189254047
STU_012500,86.55515394548968
STU_012501,92.28681768970574
STU_012502,83.50949992799976
STU_012503,85.70387535090742
STU_012504,77.99596790639343
STU_012505,81.52561771728861
STU_012506,67.85378348378507
STU_012507,84.83251455441416
STU_012508,73.69624002581023
STU_012509,85.00518875077283
STU_012510,73.16232846953869
STU_012511,80.31965976109464
STU_012512,77.39253326229297
STU_012513,68.57536101679594
STU_012514,100.0
STU_012515,88.64865491146139
STU_012516,81.43315875854685
STU_012517,96.26734872706284
STU_012518,67.22329080229959
STU_012519,80.28237708193397
STU_012520,69.91617125237426
STU_012521,95.1530898811998
STU_012522,97.45578885881973
STU_012523,82.27587175695302
STU_012524,96.76151642871862
STU_012525,90.36331698411709
STU_012526,95.16209169073863
STU_012527,92.60728527630505
STU_012528,69.9587626638951
STU_012529,96.83749237758126
STU_012530,85.97437430818078
STU_012531,78.11530855417845
STU_012532,70.98209218875535
STU_012533,85.95497326309192
STU_012534,66.18529021675928
STU_012535,83.49132948971965
STU_012536,71.84661790133474
STU_012537,59.545228210846986
STU_012538,72.41270768788756
STU_012539,82.76197058012593
STU_012540,71.60913312194698
STU_012541,97.50624426779639
STU_012542,98.4383399999065
STU_012543,80.92001713878071
STU_012544,81.63526438261201
STU_012545,69.18874457421327
STU_012546,78.21865069344966
STU_012547,100.0
STU_012548,58.10915661346898
STU_012549,72.93592423288943
STU_012550,93.04784640621943
STU_012551,89.5323216308758
STU_012552,71.07001567021568
STU_012553,80.53464787081012
STU_012554,69.8595076080908
STU_012555,57.44139551795733
STU_012556,71.73970093432385
STU_012557,83.92892181611235
STU_012558,73.17683004774486
STU_012559,90.92093349416669
STU_012560,74.78434187684063
STU_012561,69.74174819305924
STU_012562,66.27130519157708
STU_012563,85.43407786466096
STU_012564,94.1441966166627
STU_012565,100.0
STU_012566,79.35028138848661
STU_012567,69.92816275049597
STU_012568,92.7337370063946
STU_012569,72.42825226820446
STU_012570,55.8551265927853
STU_012571,56.234254468256054
STU_012572,60.52605408184624
STU_012573,77.03066954912214
STU_012574,63.569305181502884
STU_012575,66.17408794071899
STU_012576,79.14422530618391
STU_012577,97.00884084813015
STU_012578,49.14832286019306
STU_012579,81.31294099063288
STU_012580,70.04477913796367
STU_012581,68.4861085790824
STU_012582,74.956408456003
STU_012583,66.24883837840162
STU_012584,63.70202334829741
STU_012585,69.87784430906581
STU_012586,72.9743810018025
STU_012587,71.66926953649966
STU_012588,72.10062556782437
STU_012589,56.897261987557506
STU_012590,76.72143809554954
STU_012591,75.46452037678546
STU_012592,95.3701177593957
STU_012593,95.24372867974917
STU_012594,51.96290511034644
STU_012595,66.22307643837118
STU_012596,79.51942595144361
STU_012597,69.49684340261791
STU_012598,76.2173083942729
STU_012599,68.76024712304121
STU_012600,71.97643396840878
STU_012601,79.89158513899255
STU_012602,70.15868497927619
STU_012603,86.92894377559134
STU_012604,85.8505464200629
STU_012605,85.83081160093387
STU_012606,75.49624964404985
STU_012607,56.92989194448025
STU_012608,83.54131162436445
STU_012609,64.70334021136193
STU_012610,72.79273966418707
STU_012611,74.32882348935269
STU_012612,67.5380665126032
STU_012613,91.93047019160053
STU_012614,82.29547426481221
STU_012615,75.24746727181477
STU_012616,82.0550386229148
STU_012617,67.23833982859037
STU_012618,89.5257336711773
STU_012619,85.28499497653434
STU_012620,83.5400068576021
STU_012621,90.67321556565989
STU_012622,90.4897292969776
STU_012623,92.41417621771076
STU_012624,87.53579699502335
STU_012625,84.87066985667224
STU_012626,87.52775502561005
STU_012627,87.60045621916612
STU_012628,75.3255371074597
STU_012629,78.78881474454883
STU_012630,69.77756233678642
STU_012631,72.7868654465927
STU_012632,70.0040172464884
STU_012633,71.93284622557266
STU_012634,89.59922805809926
STU_012635,78.22491923516043
STU_012636,70.6159583772323
STU_012637,77.8580897356336
STU_012638,83.42939387478802
STU_012639,92.63465305070429
STU_012640,81.11021002084308
STU_012641,72.23374228744814
STU_012642,64.7393361014052
STU_012643,82.83442759656762
STU_012644,82.34047514243619
STU_012645,63.860159433242075
STU_012646,85.6160781818154
STU_012647,76.70915103072174
STU_012648,70.72094623749553
STU_012649,78.4061336685873
STU_012650,80.19569645108905
STU_012651,74.39272947830798
STU_012652,96.89575399379451
STU_012653,87.8270630889472
STU_012654,82.54467370412934
STU_012655,78.05818828875617
STU_012656,85.95317780782014
STU_012657,94.81902169262791
STU_012658,84.55515689732117
STU_012659,80.52487500742079
STU_012660,83.66453279838385
STU_012661,87.9126143723875
STU_012662,89.01545710950616
STU_012663,75.99251531298161
STU_012664,54.34356432497776
STU_012665,92.1251172782617
STU_012666,66.3737475597609
STU_012667,78.80613840840934
STU_012668,71.44260824429564
STU_012669,66.62200419279438
STU_012670,61.53554512502616
STU_012671,67.85660953035948
STU_012672,59.145502774166665
STU_012673,66.55010344589316
STU_012674,63.40642967855092
STU_012675,71.45553460046015
STU_012676,94.02760264947214
STU_012677,67.18899064768368
STU_012678,74.2352099425543
STU_012679,80.642703122986
STU_012680,76.78026260775897
STU_012681,75.78335685432894
STU_012682,89.39201072242254
STU_012683,83.5261428821387
STU_012684,83.13890199717946
STU_012685,94.77659578938696
STU_012686,73.53127678068995
STU_012687,79.45167804415425
STU_012688,85.13006873108131
STU_012689,70.4423175760963
STU_012690,71.53432613427255
STU_012691,76.55186324769555
STU_012692,76.35187917927078
STU_012693,80.14238630362476
STU_012694,63.193062060934736
STU_012695,78.60471025192773
STU_012696,71.79736833241918
STU_012697,84.33506821857023
STU_012698,69.71580581917429
STU_012699,77.89791552815089
STU_012700,65.99881360527128
STU_012701,98.8799734033804
STU_012702,77.20505621199177
STU_012703,71.0953614598265
STU_012704,68.7638217037173
STU_012705,65.01010689222917
STU_012706,70.34996089244699
STU_012707,97.30631424565176
STU_012708,54.7486611840506
STU_012709,69.6033388336458
STU_012710,91.31128963983943
STU_012711,71.87863489650765
STU_012712,68.57301592706341
STU_012713,57.877037706452796
STU_012714,90.38809274522964
STU_012715,75.11840081475815
STU_012716,79.54462666742504
STU_012717,76.99599591585637
STU_012718,82.06016680275812
STU_012719,68.5280088471936
STU_012720,79.79088535122986
STU_012721,77.59030719473691
STU_012722,59.166636025665824
STU_012723,81.85922162667566
STU_012724,88.28061538937601
STU_012725,61.83403981747343
STU_012726,59.62149544983066
STU_012727,66.77903110663902
STU_012728,84.34463784975172
STU_012729,65.39505147101053
STU_012730,84.83921123762262
STU_012731,96.71638344208047
STU_012732,80.833995573683
STU_012733,55.71004702568186
STU_012734,86.9461400641218
STU_012735,65.45207500744145
STU_012736,100.0
STU_012737,72.23482418707862
STU_012738,76.84406555383981
STU_012739,83.74777491804782
STU_012740,90.33715162217919
STU_012741,58.60909651222515
STU_012742,77.09150788710532
STU_012743,81.5660546411131
STU_012744,84.39462181750314
STU_012745,66.94425787267943
STU_012746,83.4172039199016
STU_012747,68.73850902594052
STU_012748,87.00448851987233
STU_012749,84.64182525706548
STU_012750,69.54321974824228
STU_012751,52.57013371861724
STU_012752,75.21140836257067
STU_012753,76.98630884021983
STU_012754,60.18745469798832
STU_012755,88.85360796034374
STU_012756,61.350763826997046
STU_012757,57.78521878599121
STU_012758,86.98995551054409
STU_012759,64.40373999919854
STU_012760,76.61994845985959
STU_012761,69.55486393593382
STU_012762,83.98767340658534
STU_012763,95.53984757464497
STU_012764,96.2166439585123
STU_012765,86.87565072081219
STU_012766,65.31485776918278
STU_012767,90.11251572253519
STU_012768,85.54103116622301
STU_012769,79.4378362933801
STU_012770,64.23690451967397
STU_012771,60.05057165866474
STU_012772,97.07773398988655
STU_012773,71.21016838053586
STU_012774,72.78949689594175
STU_012775,69.88801134928401
STU_012776,76.49266922095049
STU_012777,52.220055843833364
STU_012778,74.55845971245519
STU_012779,71.89783726103994
STU_012780,77.71010491863466
STU_012781,87.65370652997089
STU_012782,55.16624958266934
STU_012783,95.36732715005664
STU_012784,53.22483857980927
STU_012785,73.19264780812834
STU_012786,61.63863229975684
STU_012787,73.4679721368136
STU_012788,92.35950315346136
STU_012789,79.26727571662836
STU_012790,94.59890987070044
STU_012791,81.38701623873618
STU_012792,73.64902011163741
STU_012793,90.78582777878785
STU_012794,81.41222182718921
STU_012795,95.40641135265273
STU_012796,71.18938351917349
STU_012797,69.22925183170653
STU_012798,97.71530313723702
STU_012799,89.11286589244867
STU_012800,58.80856163709274
STU_012801,70.26671000622395
STU_012802,78.05504454998372
STU_012803,91.30453819603636
STU_012804,64.62477755310353
STU_012805,70.90999320638943
STU_012806,78.32712334863953
STU_012807,74.50214595815777
STU_012808,83.76761542154458
STU_012809,83.50899531057676
STU_012810,82.32257931913296
STU_012811,74.17636919843693
STU_012812,69.98469767248973
STU_012813,80.50708386176314
STU_012814,72.8766814855056
STU_012815,72.90483834484598
STU_012816,81.99009166301705
STU_012817,73.35749089064241
STU_012818,89.68302592242587
STU_012819,62.65758418580712
STU_012820,81.93068790823143
STU_012821,79.10900060239138
STU_012822,86.23798224596167
STU_012823,85.45053538559455
STU_012824,82.32170789737403
STU_012825,62.05400317871067
STU_012826,84.6230717465686
STU_012827,64.3585903126978
STU_012828,94.6111523631081
STU_012829,75.0323834351943
STU_012830,75.72327833395369
STU_012831,73.01487497824276
STU_012832,92.44513973968577
STU_012833,83.14648446624926
STU_012834,75.77832566498932
STU_012835,74.42112842996924
STU_012836,83.93496462975509
STU_012837,72.95656603092779
STU_012838,62.19533760215195
STU_012839,67.88488691060603
STU_012840,89.39781813374472
STU_012841,77.5390197350966
STU_012842,78.20975482556595
STU_012843,81.68268119397285
STU_012844,75.11848286263633
STU_012845,64.59166866852829
STU_012846,75.64627511569495
STU_012847,74.92449761538407
STU_012848,73.67178210262188
STU_012849,84.38430061242082
STU_012850,81.29554154509971
STU_012851,86.23628006187161
STU_012852,93.56972121903475
STU_012853,65.01216485063507
STU_012854,80.50753571184934
STU_012855,83.26641693006965
STU_012856,70.60048842763499
STU_012857,94.72617641058744
STU_012858,83.90851595779021
STU_012859,64.9311902401494
STU_012860,84.19562188059793
STU_012861,68.34991326379642
STU_012862,71.96335584690627
STU_012863,92.41603616633141
STU_012864,79.69475394735132
STU_012865,73.46804226591492
STU_012866,77.90915062991925
STU_012867,88.88986793119072
STU_012868,85.38118625969273
STU_012869,70.03084255290149
STU_012870,82.54760263346927
STU_012871,83.81546505539862
STU_012872,88.69639739619082
STU_012873,60.3917758295629
STU_012874,77.35478825826958
STU_012875,74.27220482262152
STU_012876,59.209815535757315
STU_012877,83.75273355485879
STU_012878,98.16186982570571
STU_012879,81.95670226451465
STU_012880,82.58419599356662
STU_012881,94.87233899638211
STU_012882,91.69120065487029
STU_012883,65.90299470161179
STU_012884,81.63288311102724
STU_012885,81.34200093903695
STU_012886,57.79176256616617
STU_012887,80.60590894935004
STU_012888,78.06677949214404
STU_012889,71.19588659521993
STU_012890,71.68021514249908
STU_012891,73.06071757023847
STU_012892,76.01182217238278
STU_012893,87.02440157927008
STU_012894,71.7865605105601
STU_012895,88.48898332975351
STU_012896,81.88429409112096
STU_012897,80.63924142612908
STU_012898,92.88522230730815
STU_012899,82.83588759249497
STU_012900,84.30707502429975
STU_012901,75.8335938003942
STU_012902,87.29196220330788
STU_012903,68.25956760444338
STU_012904,83.6110521424587
STU_012905,66.83425791707222
STU_012906,97.90381788286884
STU_012907,56.291897377368166
STU_012908,85.72608098052824
STU_012909,75.89248120859232
STU_012910,39.52893195179573
STU_012911,81.37662539075845
STU_012912,54.60587783943888
STU_012913,76.39347077957848
STU_012914,77.01653256923277
STU_012915,66.21399458274583
STU_012916,69.33955577551498
STU_012917,87.33410488653166
STU_012918,64.88323079822342
STU_012919,95.95715851960406
STU_012920,77.09955579219597
STU_012921,61.53857744185274
STU_012922,77.64356905067766
STU_012923,65.06976952163481
STU_012924,78.48078173206757
STU_012925,77.17364275537612
STU_012926,68.54128252487993
STU_012927,84.71799175591039
STU_012928,63.028254362258494
STU_012929,63.60321946646651
STU_012930,72.84010080916521
STU_012931,89.87077812845041
STU_012932,67.53249588629058
STU_012933,72.04227841812862
STU_012934,67.59303479902883
STU_012935,69.13826195815865
STU_012936,73.9060771452919
STU_012937,71.05253013059749
STU_012938,95.72697844862665
STU_012939,47.558541876413905
STU_012940,74.0963227399578
STU_012941,63.15311854026393
STU_012942,76.50596285048672
STU_012943,72.61072074859021
STU_012944,82.35074430272714
STU_012945,89.5085165951745
STU_012946,64.61334337462642
STU_012947,74.14007741459224
STU_012948,88.26719140413493
STU_012949,93.20887626640943
STU_012950,83.51402127133416
STU_012951,80.2665080716601
STU_012952,73.44295791499357
STU_012953,81.61844349062291
STU_012954,81.4746636097738
STU_012955,90.56487701988628
STU_012956,68.9837806161951
STU_012957,66.36123667645538
STU_012958,83.39840638755457
STU_012959,78.8646964413034
STU_012960,76.94969674532105
STU_012961,79.91214481969004
STU_012962,58.49996289646653
STU_012963,75.97668183212605
STU_012964,90.87249718686114
STU_012965,82.270964753619
STU_012966,77.07528334360484
STU_012967,69.80489104123933
STU_012968,77.36526843196678
STU_012969,77.45068162505069
STU_012970,59.101186438100584
STU_012971,79.77379387997914
STU_012972,79.08414613434962
STU_012973,60.29788413665408
STU_012974,66.02035898215135
STU_012975,61.69693418176516
STU_012976,81.75672338517309
STU_012977,75.89291485444899
STU_012978,91.33643203860144
STU_012979,72.82474444595009
STU_012980,74.27193666518075
STU_012981,88.01388198853284
STU_012982,76.0608877588106
STU_012983,95.78174532908548
STU_012984,57.40791995244765
STU_012985,74.35805312161213
STU_012986,65.01639968474922
STU_012987,57.084958836447
STU_012988,85.65943482034689
STU_012989,90.9838994426279
STU_012990,67.48608491603167
STU_012991,74.70406657397426
STU_012992,59.76866222447195
STU_012993,100.0
STU_012994,81.35861910959488
STU_012995,70.67486887552712
STU_012996,68.85682218802404
STU_012997,83.87126416948436
STU_012998,81.58451365242979
STU_012999,92.28826046903086
STU_013000,91.61923073921724
STU_013001,96.6226210155115
STU_013002,86.5355125772233
STU_013003,78.76245329829226
STU_013004,84.16728810429777
STU_013005,75.50228406606966
STU_013006,82.1706604209015
STU_013007,81.58565664266158
STU_013008,86.45127797412889
STU_013009,84.59810204876305
STU_013010,77.57469719591356
STU_013011,64.09655381868293
STU_013012,57.11751809661057
STU_013013,91.59821544614226
STU_013014,89.05195783623134
STU_013015,84.76228886482559
STU_013016,69.30990052123025
STU_013017,87.84636095234464
STU_013018,78.40189019322581
STU_013019,82.18870927514129
STU_013020,62.250726303755215
STU_013021,72.23338977851681
STU_013022,97.93670322875444
STU_013023,82.56229340521973
STU_013024,86.6448656941777
STU_013025,73.69511498545049
STU_013026,72.51457465744805
STU_013027,73.07525480154216
STU_013028,81.42767709673052
STU_013029,76.16354537365595
STU_013030,77.32450432737723
STU_013031,68.05249971499131
STU_013032,98.71574026720474
STU_013033,69.37693549422909
STU_013034,98.30940386999936
STU_013035,89.37909473401011
STU_013036,60.177420621441335
STU_013037,87.97453435088411
STU_013038,77.89986939343586
STU_013039,87.44646155824483
STU_013040,95.85661098535024
STU_013041,76.61976781250453
STU_013042,67.48008135318908
STU_013043,90.20892630577134
STU_013044,70.81449839534852
STU_013045,88.75909478014638
STU_013046,65.21558536458025
STU_013047,72.83605819462296
STU_013048,92.42863053403394
STU_013049,82.02488341991858
STU_013050,84.40655419475036
STU_013051,93.84934104203808
STU_013052,71.50509409615339
STU_013053,74.55217688083059
STU_013054,73.721973652276
STU_013055,86.34268706237853
STU_013056,76.54315859960705
STU_013057,61.2349676196129
STU_013058,68.32144383937175
STU_013059,83.57089863866238
STU_013060,66.27352249102603
STU_013061,63.7522809954495
STU_013062,99.13435914840818
STU_013063,83.41568408276282
STU_013064,66.67650244990708
STU_013065,61.05908471255339
STU_013066,95.8317593914917
STU_013067,83.22559479749114
STU_013068,91.20583157193875
STU_013069,98.72827250047504
STU_013070,73.88805505638348
STU_013071,82.97144043081727
STU_013072,86.89720255599299
STU_013073,80.10845927325144
STU_013074,81.38933356773421
STU_013075,55.91477462940891
STU_013076,86.51809022387943
STU_013077,93.0064183685367
STU_013078,82.77879657672027
STU_013079,89.7816869991483
STU_013080,78.71249026153359
STU_013081,78.16948768965706
STU_013082,65.39081150532637
STU_013083,69.7883665916026
STU_013084,73.06416684383771
STU_013085,78.63543303893435
STU_013086,78.18701455209069
STU_013087,62.82973127578799
STU_013088,78.88308238582914
STU_013089,66.29402283420492
STU_013090,93.79415827098973
STU_013091,70.71623850845835
STU_013092,70.80063623271627
STU_013093,87.99562700285206
STU_013094,85.26553871263599
STU_013095,71.40253922054563
STU_013096,76.46006499934302
STU_013097,83.06157368058106
STU_013098,81.53490588221099
STU_013099,70.33659865799498
STU_013100,72.54838585714785
STU_013101,84.1256514414752
STU_013102,92.0380758949957
STU_013103,72.33776831119317
STU_013104,80.47447648736761
STU_013105,73.53308323025823
STU_013106,89.58199904714492
STU_013107,62.654664386173884
STU_013108,92.82087958188744
STU_013109,87.09840459756819
STU_013110,57.04314489005748
STU_013111,100.0
STU_013112,100.0
STU_013113,75.85240621261161
STU_013114,69.48249138176148
STU_013115,82.20765917001324
STU_013116,64.3369013453685
STU_013117,67.76960519711129
STU_013118,67.90980884491591
STU_013119,81.47536894795792
STU_013120,70.04707345979782
STU_013121,87.98283860876951
STU_013122,75.12815854399376
STU_013123,92.95572593150979
STU_013124,95.29582661181354
STU_013125,90.22057512966963
STU_013126,69.76581044254449
STU_013127,70.99686949000527
STU_013128,85.1278348872242
STU_013129,78.08498847870511
STU_013130,96.77614900588357
STU_013131,58.68726962848188
STU_013132,80.4191966126267
STU_013133,94.71738867261433
STU_013134,74.21525873838395
STU_013135,60.69271511274061
STU_013136,65.63748917423621
STU_013137,80.44575705928872
STU_013138,71.85271793003757
STU_013139,78.01972370623274
STU_013140,99.1605865106661
STU_013141,77.14048536522287
STU_013142,67.95197812769268
STU_013143,72.82938986206179
STU_013144,70.3187979785977
STU_013145,67.20824789246285
STU_013146,59.984932699918375
STU_013147,79.98368218752229
STU_013148,74.91601627166692
STU_013149,84.50907458375056
STU_013150,79.69407721180426
STU_013151,83.32643080416736
STU_013152,87.59666056261793
STU_013153,77.04399174495124
STU_013154,78.33552287345837
STU_013155,96.37662234874574
STU_013156,82.51755811893746
STU_013157,78.2905883447097
STU_013158,84.33516277783968
STU_013159,90.84478170507353
STU_013160,68.12271903449273
STU_013161,64.47577098165365
STU_013162,63.35935691814874
STU_013163,86.53512166583431
STU_013164,69.98992183244339
STU_013165,72.12578483875765
STU_013166,58.13589631040104
STU_013167,88.20754750169887
STU_013168,77.45313416742712
STU_013169,80.5666632668834
STU_013170,75.20452711440272
STU_013171,84.99463743450643
STU_013172,68.64794270349108
STU_013173,86.46970073639474
STU_013174,74.21185751094646
STU_013175,59.28369985257464
STU_013176,94.41183886200544
STU_013177,64.39521009689024
STU_013178,85.62771925548314
STU_013179,77.3000020213761
STU_013180,87.1884867626258
STU_013181,85.48260653724225
STU_013182,72.26073873629609
STU_013183,78.93432038147049
STU_013184,76.70184696074566
STU_013185,74.89075606017191
STU_013186,68.16724718723776
STU_013187,68.06263365681681
STU_013188,91.90519316378493
STU_013189,98.92771310322297
STU_013190,84.38659361087457
STU_013191,95.77837594333616
STU_013192,85.9132829906299
STU_013193,84.74848429456479
STU_013194,96.71462829006839
STU_013195,88.32652198038157
STU_013196,79.44146350200535
STU_013197,55.68596468624614
STU_013198,73.56750708835725
STU_013199,83.44607486579287
STU_013200,63.161963781065126
STU_013201,86.37606809193953
STU_013202,70.10732770249754
STU_013203,72.32658619539131
STU_013204,65.9892691636702
STU_013205,78.69906405351733
STU_013206,74.58251818762415
STU_013207,71.2981038406458
STU_013208,71.14334014116419
STU_013209,79.713292682289
STU_013210,57.69301828458678
STU_013211,79.87446744901887
STU_013212,67.43916280104062
STU_013213,76.31271914039873
STU_013214,89.33623539142502
STU_013215,55.45535845480271
STU_013216,97.98514545075992
STU_013217,92.5747379852682
STU_013218,70.72140015130049
STU_013219,82.84583734568407
STU_013220,94.83302227865798
STU_013221,67.11583838273872
STU_013222,64.14250822678179
STU_013223,82.60743989866855
STU_013224,76.25050155267422
STU_013225,51.568708420556696
STU_013226,75.68813117426633
STU_013227,84.00282351375941
STU_013228,75.4595720095289
STU_013229,66.68920917690247
STU_013230,74.24790656841374
STU_013231,70.66245316805171
STU_013232,73.75140496409564
STU_013233,92.4020543280572
STU_013234,68.19340387082751
STU_013235,71.09747039106527
STU_013236,90.38091530047463
STU_013237,71.01793771373465
STU_013238,77.89141385306087
STU_013239,79.7897400902918
STU_013240,67.63696123968225
STU_013241,77.49984249542038
STU_013242,72.3605079143912
STU_013243,66.30422457010084
STU_013244,77.6206293645264
STU_013245,71.15622960685675
STU_013246,64.41032616625117
STU_013247,98.12768716939908
STU_013248,93.59123671980302
STU_013249,55.62587866631124
STU_013250,71.10157362481483
STU_013251,83.89310030758348
STU_013252,90.00321314538368
STU_013253,77.48621216225783
STU_013254,94.21503293856418
STU_013255,80.32498237219397
STU_013256,80.16300608785879
STU_013257,82.02271565697387
STU_013258,67.20757031788375
STU_013259,59.31076083647279
STU_013260,72.05330708613617
STU_013261,73.71548257485684
STU_013262,61.782302423223726
STU_013263,70.8106950470034
STU_013264,90.5429216783728
STU_013265,80.37885039236718
STU_013266,72.3987781763015
STU_013267,67.44488054145461
STU_013268,62.75128232025727
STU_013269,82.08353885826041
STU_013270,89.4957944903874
STU_013271,66.54427568648195
STU_013272,86.74193309739445
STU_013273,71.10883198410025
STU_013274,78.64229515214056
STU_013275,62.07145525609971
STU_013276,66.5193905828133
STU_013277,67.14502889722924
STU_013278,66.7397398670312
STU_013279,60.65782039539554
STU_013280,89.33529360401597
STU_013281,92.32650838112096
STU_013282,88.95519062162933
STU_013283,78.01851375571044
STU_013284,77.9679503199994
STU_013285,76.81252396168352
STU_013286,68.76199538726817
STU_013287,89.43537272565459
STU_013288,84.54213034612991
STU_013289,92.09751985545982
STU_013290,86.24938789124002
STU_013291,90.83865387798637
STU_013292,78.72149201522048
STU_013293,76.46968759056463
STU_013294,89.5410153360226
STU_013295,73.7001469643417
STU_013296,74.56620715235992
STU_013297,79.22486991728476
STU_013298,63.87355721761875
STU_013299,87.67891443704238
STU_013300,74.52408304813041
STU_013301,87.79222971372296
STU_013302,85.22070974787121
STU_013303,89.85318294039527
STU_013304,84.49282094097586
STU_013305,74.55682497104392
STU_013306,68.13759150490485
STU_013307,77.29913268752574
STU_013308,95.16358718435
STU_013309,70.1626520827792
STU_013310,64.15273451676599
STU_013311,88.63708813445734
STU_013312,52.221103797625425
STU_013313,68.1561548750264
STU_013314,64.09293067314525
STU_013315,70.97461153302386
STU_013316,77.57465067066397
STU_013317,77.40081801446658
STU_013318,59.02021211569569
STU_013319,73.96510744985133
STU_013320,82.38947251464842
STU_013321,80.33050031469122
STU_013322,95.87486981048617
STU_013323,97.55484614582679
STU_013324,84.48328173693278
STU_013325,81.02264033600362
STU_013326,73.51043563172391
STU_013327,78.69464550640163
STU_013328,65.22440607097087
STU_013329,83.57680080644488
STU_013330,75.88659413426281
STU_013331,70.5656894652931
STU_013332,76.21780325305366
STU_013333,69.16875566708309
STU_013334,74.49689667405826
STU_013335,67.33035655469811
STU_013336,81.70828053205271
STU_013337,63.35406597197863
STU_013338,66.65904168010677
STU_013339,78.46479839551016
STU_013340,89.80242134556062
STU_013341,67.44296778473196
STU_013342,79.52513449708842
STU_013343,72.41322115304789
STU_013344,80.79909815635517
STU_013345,70.9695087165538
STU_013346,91.005706194006
STU_013347,84.66918790927757
STU_013348,84.0975686515853
STU_013349,97.63590358529218
STU_013350,70.19350618921813
STU_013351,83.67710301308863
STU_013352,77.69783248516056
STU_013353,66.41795533518724
STU_013354,65.1029484316698
STU_013355,89.2340497430987
STU_013356,65.92308818093892
STU_013357,72.39266459727295
STU_013358,76.60590181809471
STU_013359,77.92068713061175
STU_013360,79.70147733170377
STU_013361,70.07946213877358
STU_013362,83.91043064443241
STU_013363,76.62742881863119
STU_013364,73.15976380205913
STU_013365,83.65824522028261
STU_013366,92.38168332623248
STU_013367,86.7772023187469
STU_013368,94.02253246575061
STU_013369,63.567310405996466
STU_013370,82.01807720368451
STU_013371,75.67473366569463
STU_013372,77.13101370674065
STU_013373,75.75387422965633
STU_013374,88.21424809344977
STU_013375,91.76980718776221
STU_013376,45.11793035461032
STU_013377,82.0074881421175
STU_013378,64.67271233825223
STU_013379,79.79344021646594
STU_013380,85.24570905456027
STU_013381,94.26476164870353
STU_013382,99.858747678657
STU_013383,66.78859094235814
STU_013384,71.14610586676352
STU_013385,73.72567705194105
STU_013386,94.2217157411487
STU_013387,59.64021502660822
STU_013388,84.53657327557701
STU_013389,69.93131704107289
STU_013390,72.64323101783538
STU_013391,85.46277869353706
STU_013392,94.87518173303984
STU_013393,69.01828388462559
STU_013394,100.0
STU_013395,64.50615191530393
STU_013396,68.43172790947547
STU_013397,98.76672308555843
STU_013398,90.77620132187872
STU_013399,57.480398414237705
STU_013400,67.1600414652102
STU_013401,100.0
STU_013402,78.57886873188002
STU_013403,92.16175739290045
STU_013404,66.7097729494143
STU_013405,75.45754572054807
STU_013406,99.68175333571446
STU_013407,72.87086394830828
STU_013408,68.42363060555981
STU_013409,64.24025195173166
STU_013410,76.55822923995537
STU_013411,73.1069827120943
STU_013412,68.72939654610673
STU_013413,73.64952225520904
STU_013414,90.90274733859025
STU_013415,75.18245019606293
STU_013416,58.503408551430084
STU_013417,80.21787466085777
STU_013418,51.02825911966598
STU_013419,63.91783646433947
STU_013420,94.40028991506992
STU_013421,96.19580431006823
STU_013422,92.31941576878253
STU_013423,65.35452311583103
STU_013424,96.94970313038012
STU_013425,81.05510620996344
STU_013426,60.50158234979159
STU_013427,79.82574325121497
STU_013428,72.99903248290096
STU_013429,91.55051263979435
STU_013430,70.3071330243353
STU_013431,68.92502777010839
STU_013432,80.37820554483037
STU_013433,94.9096070924403
STU_013434,87.2795393525032
STU_013435,92.21252062008529
STU_013436,67.35504664225188
STU_013437,72.56338827493754
STU_013438,83.69642089783413
STU_013439,87.96729717852116
STU_013440,76.74339447748767
STU_013441,97.18359271384028
STU_013442,94.14465839202526
STU_013443,68.89478065827075
STU_013444,82.81841095511446
STU_013445,81.73941881264263
STU_013446,89.2120986430742
STU_013447,84.56464215435992
STU_013448,81.39255389785633
STU_013449,85.19429153153942
STU_013450,90.64737520484258
STU_013451,71.27383288040951
STU_013452,80.21333032239859
STU_013453,80.98184888819118
STU_013454,74.76494025363006
STU_013455,96.58487757011117
STU_013456,71.0470029449403
STU_013457,69.26464543629542
STU_013458,76.10234961558193
STU_013459,60.136160631131595
STU_013460,59.0078930874071
STU_013461,72.03148022020717
STU_013462,67.24683607893711
STU_013463,84.02232592286788
STU_013464,57.96938338157166
STU_013465,62.13997657818258
STU_013466,84.97238678028357
STU_013467,70.41544990213522
STU_013468,92.98587914771251
STU_013469,82.41227399977096
STU_013470,90.59781767624281
STU_013471,81.13845875945871
STU_013472,79.94107929953337
STU_013473,68.94222872963792
STU_013474,76.44519370166
STU_013475,85.43885708582353
STU_013476,78.81941135090412
STU_013477,71.73798916201474
STU_013478,79.95501843514188
STU_013479,69.55670731802367
STU_013480,84.66079481766236
STU_013481,83.3730224313206
STU_013482,81.39430168563939
STU_013483,79.79465821407025
STU_013484,86.58502482380447
STU_013485,91.70670523237803
STU_013486,59.08107698844262
STU_013487,79.14653552453814
STU_013488,77.32527700984406
STU_013489,77.35868505035167
STU_013490,75.3473855080065
STU_013491,85.55649686269388
STU_013492,78.79093129724785
STU_013493,68.61789628138197
STU_013494,77.63251202972835
STU_013495,85.61240882106785
STU_013496,84.22176141575413
STU_013497,57.127444462050406
STU_013498,74.68161363853669
STU_013499,83.54106081383041
STU_013500,64.53781534517766
STU_013501,85.22575219481202
STU_013502,81.73634741750784
STU_013503,73.46801956847757
STU_013504,86.28856783694908
STU_013505,75.29836854753232
STU_013506,90.03589547601923
STU_013507,67.65137879059264
STU_013508,80.53352519432923
STU_013509,85.19761640646527
STU_013510,67.31148742861039
STU_013511,86.32968428231064
STU_013512,70.14628278135689
STU_013513,59.16032912216626
STU_013514,85.52355939213413
STU_013515,75.82747452445406
STU_013516,100.0
STU_013517,84.78654243686013
STU_013518,74.36493796756746
STU_013519,99.5142049364398
STU_013520,76.20891311336605
STU_013521,67.79572917021409
STU_013522,64.87667724420456
STU_013523,95.79848299675594
STU_013524,79.36144725545606
STU_013525,78.02512258546217
STU_013526,79.93110353415759
STU_013527,78.87490527913258
STU_013528,55.68097453236343
STU_013529,94.59913408236471
STU_013530,69.87918795094295
STU_013531,91.07753004073683
STU_013532,62.14786288775338
STU_013533,74.0374725733536
STU_013534,84.79714578882516
STU_013535,96.3714664705893
STU_013536,84.27172537924736
STU_013537,79.35299268588649
STU_013538,91.29888494017376
STU_013539,66.99695812959314
STU_013540,99.25685596224201
STU_013541,70.52121385613188
STU_013542,87.4311679851059
STU_013543,70.81411404269244
STU_013544,74.12889921517142
STU_013545,89.82355986138981
STU_013546,93.14868018813434
STU_013547,100.0
STU_013548,83.49062019374054
STU_013549,60.91183426689605
STU_013550,81.9900372404889
STU_013551,72.05345278549763
STU_013552,82.9686498116576
STU_013553,72.00722215808182
STU_013554,78.10997117314051
STU_013555,69.03394307304549
STU_013556,86.73819683068518
STU_013557,75.3095190776599
STU_013558,73.40096789203044
STU_013559,88.14649960406875
STU_013560,53.18828205180856
STU_013561,69.35504745499921
STU_013562,89.5541573421182
STU_013563,86.3841042463395
STU_013564,62.305046877291495
STU_013565,80.99612038895452
STU_013566,71.1543490547362
STU_013567,90.5832554759323
STU_013568,77.74284945796417
STU_013569,77.12864856569588
STU_013570,74.35915537708391
STU_013571,83.21275102749622
STU_013572,66.94346041336148
STU_013573,72.03666535610095
STU_013574,74.36025641915931
STU_013575,67.51088937731461
STU_013576,75.98604367827471
STU_013577,68.52682695765621
STU_013578,70.6756189840105
STU_013579,73.64808810690955
STU_013580,83.74634450718693
STU_013581,66.32284283344089
STU_013582,79.48799481909982
STU_013583,76.13572724093265
STU_013584,78.28991655386665
STU_013585,72.69404491391636
STU_013586,65.04724902379702
STU_013587,94.7182953365643
STU_013588,77.10910100393878
STU_013589,77.34964562135569
STU_013590,83.94975919025241
STU_013591,83.41813188372781
STU_013592,96.51794255470578
STU_013593,93.2491461433007
STU_013594,71.120533609401
STU_013595,71.08246148329468
STU_013596,84.23184194579403
STU_013597,68.28700027733215
STU_013598,80.80234135007106
STU_013599,77.81424353660982
STU_013600,95.28625886669565
STU_013601,72.47272386145458
STU_013602,70.4501281665965
STU_013603,93.19742897914162
STU_013604,72.82165764196156
STU_013605,92.49068316638868
STU_013606,70.97747058356963
STU_013607,48.64765903407712
STU_013608,77.83887673886213
STU_013609,79.29818805609557
STU_013610,94.66336237686811
STU_013611,89.3884122703303
STU_013612,70.41121867227392
STU_013613,79.76742528369314
STU_013614,57.56163315715498
STU_013615,80.105297590577
STU_013616,81.611571073093
STU_013617,69.37619835681383
STU_013618,61.43664907010315
STU_013619,73.59128378556326
STU_013620,72.60691348761104
STU_013621,72.70106896506087
STU_013622,63.60664819922046
STU_013623,59.385771108856204
STU_013624,56.37389256980049
STU_013625,81.7293173499915
STU_013626,76.4817422540798
STU_013627,80.42965744908265
STU_013628,95.5631219195479
STU_013629,84.53308329777403
STU_013630,67.7209660006253
STU_013631,71.54489246939337
STU_013632,66.08802917651016
STU_013633,93.42433755374242
STU_013634,63.26288888619597
STU_013635,94.8832750673178
STU_013636,75.0884888499599
STU_013637,80.4587465680745
STU_013638,76.75834521172212
STU_013639,67.36108121201573
STU_013640,78.96935383822566
STU_013641,86.33951424153587
STU_013642,72.29048734580616
STU_013643,84.15748902681122
STU_013644,57.279208214202946
STU_013645,74.39769232338016
STU_013646,85.2863591028768
STU_013647,82.32088725551453
STU_013648,94.7898255427239
STU_013649,75.5077667769469
STU_013650,90.3359233053725
STU_013651,73.75779613329168
STU_013652,68.4305512478216
STU_013653,85.03239451085216
STU_013654,79.15129825286353
STU_013655,74.35936189582988
STU_013656,95.46411444850398
STU_013657,70.13617673953269
STU_013658,88.2949719897793
STU_013659,73.87091372107608
STU_013660,75.01660767272416
STU_013661,82.54625969041354
STU_013662,82.52561733294478
STU_013663,77.61595971373816
STU_013664,90.4763231347562
STU_013665,76.53223407628242
STU_013666,89.1658347702093
STU_013667,65.96902260511943
STU_013668,91.352345253158
STU_013669,67.23395434749382
STU_013670,84.05726846517487
STU_013671,98.07379790341183
STU_013672,75.50571935299219
STU_013673,95.01795991938388
STU_013674,83.17830364223958
STU_013675,59.3435574125876
STU_013676,78.49795467743637
STU_013677,80.48396918766224
STU_013678,79.1299266510948
STU_013679,70.14294273300973
STU_013680,57.03259075051555
STU_013681,97.36934349160614
STU_013682,45.359508650017546
STU_013683,60.262887784336016
STU_013684,73.8077251799563
STU_013685,81.04032633426246
STU_013686,90.55744859165777
STU_013687,73.97613532980726
STU_013688,69.83612910043104
STU_013689,98.32733110099876
STU_013690,87.54963269194677
STU_013691,70.70287552916123
STU_013692,69.66961069598148
STU_013693,83.84526848035229
STU_013694,74.7230564617637
STU_013695,71.78759595453879
STU_013696,98.09196009864773
STU_013697,71.41791427229495
STU_013698,66.52974300856273
STU_013699,72.20614177227377
STU_013700,82.4574373665233
STU_013701,79.59246910972504
STU_013702,89.19994931571749
STU_013703,75.51699414406696
STU_013704,85.09817778807955
STU_013705,85.8460663978905
STU_013706,68.53769934644606
STU_013707,70.3580583530277
STU_013708,61.401886650734355
STU_013709,86.30686454298888
STU_013710,78.42600910541051
STU_013711,96.03424873762464
STU_013712,78.76390064430296
STU_013713,71.68671304619973
STU_013714,74.39351610755088
STU_013715,96.82485938522443
STU_013716,66.47839137081367
STU_013717,57.24259244853289
STU_013718,85.34248560458701
STU_013719,71.74542451304956
STU_013720,59.83972609169911
STU_013721,56.83662930176795
STU_013722,83.80011548426374
STU_013723,81.85336276467791
STU_013724,89.41907492667467
STU_013725,66.01194917199342
STU_013726,68.04930137966629
STU_013727,64.08402271786692
STU_013728,89.5822880343513
STU_013729,85.29239726924897
STU_013730,77.17742273781587
STU_013731,91.86805146936665
STU_013732,79.26768149635532
STU_013733,83.52702884773669
STU_013734,60.74161939064917
STU_013735,82.85189512640605
STU_013736,94.7818154882642
STU_013737,89.08427067225219
STU_013738,72.64750734834357
STU_013739,77.70354969848866
STU_013740,81.38125458276353
STU_013741,78.06912610372875
STU_013742,92.75866127878648
STU_013743,92.73082212747607
STU_013744,59.160323392691396
STU_013745,89.99122286237784
STU_013746,87.15706100677414
STU_013747,93.6628468331073
STU_013748,69.71208418727446
STU_013749,95.11058889282349
STU_013750,78.93351577395762
STU_013751,74.41604684399348
STU_013752,80.282900445122
STU_013753,81.31101490495644
STU_013754,72.71519142628901
STU_013755,74.43719603805518
STU_013756,73.40531704831763
STU_013757,96.5506766632306
STU_013758,95.88024475141881
STU_013759,66.91020400016646
STU_013760,63.48197836336294
STU_013761,91.02901349428174
STU_013762,71.03386058181431
STU_013763,77.84216658613585
STU_013764,68.83358879486364
STU_013765,64.80271272732338
STU_013766,84.31911034906732
STU_013767,86.3693242958885
STU_013768,76.52987846325966
STU_013769,64.89353091616185
STU_013770,86.73182599133709
STU_013771,93.5172015166514
STU_013772,71.73819311938892
STU_013773,75.07583486540724
STU_013774,76.04806022844559
STU_013775,76.40297684174409
STU_013776,60.084969538632734
STU_013777,74.74916691137028
STU_013778,89.35245221276142
STU_013779,98.14749217493723
STU_013780,72.33142416128744
STU_013781,59.23809698159927
STU_013782,75.3097251395688
STU_013783,81.60058492547384
STU_013784,79.14127507091912
STU_013785,72.5433672640333
STU_013786,73.53995587223787
STU_013787,92.26508186019711
STU_013788,67.94397539895127
STU_013789,88.70053381250813
STU_013790,70.45092390323104
STU_013791,85.60378654018189
STU_013792,99.86862678382406
STU_013793,75.86194781822931
STU_013794,80.91844504664547
STU_013795,81.29840504201918
STU_013796,74.6942064404612
STU_013797,86.21843976132166
STU_013798,67.47217753848176
STU_013799,82.69297232781142
STU_013800,83.45922069162958
STU_013801,98.5803367373599
STU_013802,82.68448297853527
STU_013803,77.98126227866602
STU_013804,70.86911242390968
STU_013805,94.42094245660515
STU_013806,75.34907472784812
STU_013807,76.18716297616933
STU_013808,79.1474538712192
STU_013809,76.3113402362342
STU_013810,83.04322242866324
STU_013811,73.22781088252798
STU_013812,75.89400695040003
STU_013813,75.54278485401838
STU_013814,66.67744275974835
STU_013815,81.11264143599286
STU_013816,71.72795571012404
STU_013817,80.53896677760503
STU_013818,55.18486214373976
STU_013819,78.7333160306927
STU_013820,75.91010024388052
STU_013821,79.6951643686266
STU_013822,95.1277733065784
STU_013823,90.53928286579406
STU_013824,75.59446587438643
STU_013825,63.502214408894645
STU_013826,84.95341005420762
STU_013827,84.3553467665975
STU_013828,87.23638664796839
STU_013829,79.47397915747946
STU_013830,82.42564698745836
STU_013831,81.5638789773977
STU_013832,90.70173412633017
STU_013833,83.16694508989889
STU_013834,70.20056251834261
STU_013835,84.54215467414666
STU_013836,67.86861127147972
STU_013837,92.2264220818264
STU_013838,53.836545970923844
STU_013839,65.9038017519728
STU_013840,63.64074168827993
STU_013841,100.0
STU_013842,83.38076250342834
STU_013843,75.60603903367266
STU_013844,70.52164028361493
STU_013845,88.57577636897176
STU_013846,88.40038696313442
STU_013847,50.78555037013619
STU_013848,100.0
STU_013849,62.737990715708165
STU_013850,79.27034939873113
STU_013851,67.20116011288717
STU_013852,81.08918454670118
STU_013853,67.69916350960678
STU_013854,85.88156712180766
STU_013855,76.29770718247308
STU_013856,69.55724505323944
STU_013857,80.83289210895622
STU_013858,86.95101802482756
STU_013859,80.04238955989901
STU_013860,75.09981864956245
STU_013861,75.31842731100858
STU_013862,79.78351289194529
STU_013863,81.0543651433416
STU_013864,70.89944015459807
STU_013865,90.93791150313845
STU_013866,55.03808117875608
STU_013867,73.27961896230231
STU_013868,92.98811684734676
STU_013869,72.70346715613498
STU_013870,53.02895632767178
STU_013871,77.7144423532794
STU_013872,98.0133465311481
STU_013873,69.85726757456291
STU_013874,71.58560271019525
STU_013875,66.15996856021764
STU_013876,77.30810925066656
STU_013877,68.89024032744192
STU_013878,65.19494648965916
STU_013879,61.38461287133302
STU_013880,94.89556105657597
STU_013881,76.53510515053598
STU_013882,81.97518728796274
STU_013883,78.31469643281736
STU_013884,82.18357855026512
STU_013885,92.73743092468123
STU_013886,84.75838775950406
STU_013887,76.26496533998235
STU_013888,80.9846140120339
STU_013889,80.14018269202836
STU_013890,94.12498964745765
STU_013891,91.55655120739534
STU_013892,75.2763043768268
STU_013893,64.23824669391325
STU_013894,93.64134225113378
STU_013895,58.00503937271593
STU_013896,91.18289470333723
STU_013897,79.38816165785059
STU_013898,84.85489889306294
STU_013899,84.84110490837844
STU_013900,66.99796714365004
STU_013901,89.48687239491089
STU_013902,73.84930919088815
STU_013903,73.08429288625251
STU_013904,69.87343859201867
STU_013905,87.75841182500068
STU_013906,76.03590779869569
STU_013907,63.7439841184117
STU_013908,69.92462744634375
STU_013909,88.76132177350543
STU_013910,61.17454866815223
STU_013911,84.04918358216213
STU_013912,80.84384615362376
STU_013913,78.35701367142877
STU_013914,64.07448877233645
STU_013915,76.19608552009703
STU_013916,94.82347434182842
STU_013917,59.29635639256921
STU_013918,60.1111321774438
STU_013919,77.13161926979551
STU_013920,79.32849061363937
STU_013921,66.09357840183446
STU_013922,94.38009924066881
STU_013923,89.62020865884185
STU_013924,85.15068949602758
STU_013925,75.95670128341519
STU_013926,85.21736037938862
STU_013927,94.87495016507144
STU_013928,43.83818107573087
STU_013929,70.38971860223528
STU_013930,73.25968655742977
STU_013931,62.03428147184393
STU_013932,71.07535090435526
STU_013933,58.36588835442516
STU_013934,72.95333049089132
STU_013935,78.08197582207333
STU_013936,86.80626866979725
STU_013937,81.44721071398135
STU_013938,75.6828011292978
STU_013939,72.44094874430283
STU_013940,67.95806203613981
STU_013941,70.10729552031273
STU_013942,100.0
STU_013943,69.27074748881434
STU_013944,88.59507786365577
STU_013945,81.09030248978002
STU_013946,98.2512222449633
STU_013947,78.95785432367128
STU_013948,79.00587848257302
STU_013949,51.78416954529335
STU_013950,80.77639958184496
STU_013951,63.09595458393797
STU_013952,93.97415344806787
STU_013953,79.35026671439394
STU_013954,51.549030606937976
STU_013955,67.9853036441868
STU_013956,78.98590676406079
STU_013957,79.01939315555626
STU_013958,70.21367445149471
STU_013959,72.12710990392925
STU_013960,80.56254557998759
STU_013961,68.53720908145345
STU_013962,70.31792308187362
STU_013963,74.16313768389884
STU_013964,75.1314746270965
STU_013965,63.11667589831475
STU_013966,76.42046101015683
STU_013967,71.08893689729598
STU_013968,92.734916159085
STU_013969,58.75819455882496
STU_013970,88.35962008150625
STU_013971,68.32243106533072
STU_013972,71.63691650052803
STU_013973,75.67246227257087
STU_013974,92.57625550712285
STU_013975,83.20720079750288
STU_013976,71.70020312234163
STU_013977,83.0779448547727
STU_013978,96.57256114792156
STU_013979,84.76684415986361
STU_013980,76.28403766293279
STU_013981,79.60451639497279
STU_013982,75.95893579200923
STU_013983,80.92369613820956
STU_013984,73.09457103610345
STU_013985,84.11091010803851
STU_013986,66.29053897614759
STU_013987,90.80052904816034
STU_013988,77.13530846357116
STU_013989,67.94687875078623
STU_013990,71.77391133013899
STU_013991,79.02939912946806
STU_013992,79.95251485693998
STU_013993,78.75742914478145
STU_013994,81.52675566328082
STU_013995,59.42998342122439
STU_013996,79.37052471205942
STU_013997,90.94224482051172
STU_013998,69.38904750331781
STU_013999,73.38546325039823
STU_014000,78.26262858029611
STU_014001,72.49873154473286
STU_014002,67.22305317497542
STU_014003,70.53696859959314
STU_014004,66.69069851926315
STU_014005,72.36055221335334
STU_014006,73.51380822592988
STU_014007,84.85879237172685
STU_014008,66.30296839420794
STU_014009,97.96412200244687
STU_014010,77.14767565324439
STU_014011,79.89346848547575
STU_014012,93.2524798868036
STU_014013,48.3096262305488
STU_014014,83.98475659647121
STU_014015,86.28956743325058
STU_014016,72.61367996160794
STU_014017,78.0460499005538
STU_014018,75.65025728119053
STU_014019,87.22564241274645
STU_014020,83.453107838639
STU_014021,89.48982398733958
STU_014022,79.39013155172293
STU_014023,72.23381412305856
STU_014024,79.98188106750965
STU_014025,81.80102575093208
STU_014026,72.14873795873814
STU_014027,100.0
STU_014028,82.90627170513704
STU_014029,75.13009536675332
STU_014030,83.83434147317088
STU_014031,78.95533132703612
STU_014032,79.58440607779575
STU_014033,78.68553663647393
STU_014034,90.97744738855086
STU_014035,90.95510744278019
STU_014036,53.48162871575512
STU_014037,63.57250400295895
STU_014038,81.722922842118
STU_014039,85.00220995943847
STU_014040,75.7536668387034
STU_014041,74.61079023203627
STU_014042,67.13520472899602
STU_014043,71.65012932955767
STU_014044,99.46756889565668
STU_014045,79.47535473765745
STU_014046,71.78749489853577
STU_014047,88.26194235088033
STU_014048,65.65524561789546
STU_014049,84.06902414006343
STU_014050,76.83493658324787
STU_014051,73.93843636776396
STU_014052,82.24433344539187
STU_014053,91.35228830351888
STU_014054,87.74285117816481
STU_014055,100.0
STU_014056,76.30605272819096
STU_014057,66.78769453187522
STU_014058,75.10220251945897
STU_014059,57.04822097898034
STU_014060,76.15658106198451
STU_014061,74.25050522849622
STU_014062,88.98029387228237
STU_014063,69.65821654512594
STU_014064,70.10886170003329
STU_014065,64.77938153295625
STU_014066,55.59765290415151
STU_014067,92.88412465251994
STU_014068,73.98739251563549
STU_014069,78.28832287710027
STU_014070,82.5774577324679
STU_014071,51.240930667469996
STU_014072,75.14439288635275
STU_014073,81.6139367579556
STU_014074,72.17427124681208
STU_014075,72.040118306767
STU_014076,74.26409500296351
STU_014077,63.97440162751414
STU_014078,65.11667575884287
STU_014079,86.24093984747171
STU_014080,87.75989419280454
STU_014081,98.44384819649497
STU_014082,81.93426045410585
STU_014083,68.08814129268374
STU_014084,75.66034131490525
STU_014085,96.82583540480277
STU_014086,56.74611499679634
STU_014087,74.70885301076753
STU_014088,74.49035124911035
STU_014089,71.77441652079668
STU_014090,66.15523471402159
STU_014091,86.90924985151494
STU_014092,69.44253660333621
STU_014093,75.53880290467814
STU_014094,63.04488765031503
STU_014095,81.09604358779116
STU_014096,82.5666312734775
STU_014097,89.28850381216975
STU_014098,77.88226430375707
STU_014099,81.12415329875677
STU_014100,72.31053770604603
STU_014101,78.57670851232773
STU_014102,81.37311227485327
STU_014103,71.9238176732471
STU_014104,92.87235546948638
STU_014105,56.096021155739514
STU_014106,65.97283329415875
STU_014107,86.76498613267074
STU_014108,83.39638325936515
STU_014109,80.56188928975233
STU_014110,83.85700183074196
STU_014111,86.73096656879031
STU_014112,63.92802634873652
STU_014113,60.6554226227159
STU_014114,68.45005729201873
STU_014115,77.02297792281125
STU_014116,98.21187526198477
STU_014117,70.41129678374007
STU_014118,93.04866428833296
STU_014119,73.41149236870756
STU_014120,68.19219869582528
STU_014121,69.21530933786897
STU_014122,61.802522619645885
STU_014123,60.02605553227464
STU_014124,66.49230586595807
STU_014125,86.36563947411317
STU_014126,64.50050696588436
STU_014127,72.60811359526309
STU_014128,65.56335051516642
STU_014129,87.60558479001506
STU_014130,83.69280061770331
STU_014131,88.4679100029313
STU_014132,78.63996178195195
STU_014133,74.22928066806618
STU_014134,48.919371989405306
STU_014135,75.60245669902136
STU_014136,72.78816293850385
STU_014137,96.19775808725551
STU_014138,60.299719063265435
STU_014139,78.31007235981964
STU_014140,76.38843056760241
STU_014141,88.25344934452961
STU_014142,78.61958142934432
STU_014143,78.73569634874681
STU_014144,98.77119505923469
STU_014145,68.31098666072658
STU_014146,94.88076765097172
STU_014147,82.40233606937608
STU_014148,86.80017108566513
STU_014149,82.22098080512964
STU_014150,64.64096773407532
STU_014151,96.67671592109637
STU_014152,86.9506566634527
STU_014153,58.45334381453848
STU_014154,77.6152891977726
STU_014155,75.17684305730495
STU_014156,93.53587950098525
STU_014157,81.9550838845114
STU_014158,78.47755185799028
STU_014159,78.93833529220863
STU_014160,90.51564433427382
STU_014161,82.3671903244025
STU_014162,92.15671095632959
STU_014163,76.56554015349559
STU_014164,59.305704822592624
STU_014165,96.84671949974651
STU_014166,72.17931080182737
STU_014167,79.56803745147637
STU_014168,74.28721555693399
STU_014169,68.83257622007758
STU_014170,80.87903599629666
STU_014171,88.5181304315089
STU_014172,81.61324737111201
STU_014173,69.6294645864321
STU_014174,82.61538364409421
STU_014175,82.91800604011301
STU_014176,72.1628319359636
STU_014177,75.02665013406377
STU_014178,76.35355437599752
STU_014179,85.98127544709548
STU_014180,79.89661920232828
STU_014181,78.97390880376912
STU_014182,89.85105909481908
STU_014183,66.9843451237923
STU_014184,87.52276031789276
STU_014185,78.41734700856938
STU_014186,93.80447738730221
STU_014187,91.8527233732217
STU_014188,71.73582681300763
STU_014189,70.38344844066903
STU_014190,68.94043655069217
STU_014191,67.48818665233603
STU_014192,63.25900732359788
STU_014193,81.19312059146725
STU_014194,70.59577963209561
STU_014195,71.69952168092934
STU_014196,84.49523388465597
STU_014197,67.43281135842733
STU_014198,70.90250044075523
STU_014199,65.82044237102677
STU_014200,76.00244646832668
STU_014201,76.26023287585429
STU_014202,83.9909689767695
STU_014203,71.8629641536223
STU_014204,89.99899643146497
STU_014205,70.96362468188556
STU_014206,72.1448412957353
STU_014207,75.99232270082642
STU_014208,74.64377020502798
STU_014209,70.52809204504042
STU_014210,91.18561371851268
STU_014211,76.33803850180313
STU_014212,99.0129726047584
STU_014213,77.02788348123599
STU_014214,72.32664557690883
STU_014215,71.88362076250291
STU_014216,74.61884172046965
STU_014217,83.99485949278034
STU_014218,100.0
STU_014219,69.57160397500152
STU_014220,73.1878343872215
STU_014221,79.7006246010695
STU_014222,79.5202409882919
STU_014223,86.05296810442694
STU_014224,95.37256857572447
STU_014225,77.33026314221486
STU_014226,62.91527290630778
STU_014227,75.00786971810732
STU_014228,65.71876071672524
STU_014229,89.47465725684197
STU_014230,91.54486181348285
STU_014231,80.62296706830885
STU_014232,74.89482142752752
STU_014233,61.596595772972336
STU_014234,100.0
STU_014235,76.77366054018933
STU_014236,74.78369311365891
STU_014237,88.25873005432912
STU_014238,57.215989368177134
STU_014239,92.18385904437122
STU_014240,79.55368080074376
STU_014241,84.52026671349776
STU_014242,89.69989086021324
STU_014243,62.348666033395254
STU_014244,74.83147688453445
STU_014245,80.88653114208924
STU_014246,77.97288496848441
STU_014247,66.02008820042803
STU_014248,91.0403271746313
STU_014249,77.33233266378488
STU_014250,80.20144267318383
STU_014251,84.41983956146836
STU_014252,73.56596273540382
STU_014253,91.06200981138964
STU_014254,73.55915034228194
STU_014255,95.54775716185586
STU_014256,68.08919711411056
STU_014257,73.67947969838065
STU_014258,85.34153084413781
STU_014259,71.50472781860692
STU_014260,83.26051830389164
STU_014261,85.16487803637749
STU_014262,79.06029551658577
STU_014263,63.952615068645144
STU_014264,88.25594719184696
STU_014265,69.31414853488218
STU_014266,79.67686281564126
STU_014267,95.5881487377984
STU_014268,91.2520925105471
STU_014269,71.56753236901952
STU_014270,80.07117641845876
STU_014271,64.0381615950797
STU_014272,71.6682630632569
STU_014273,69.88602538839002
STU_014274,70.67533931190472
STU_014275,81.38240367407005
STU_014276,66.55825941816319
STU_014277,93.07058611548842
STU_014278,61.83366222250119
STU_014279,94.4942889210904
STU_014280,62.37995193978368
STU_014281,88.30831214693394
STU_014282,66.71399627203552
STU_014283,59.605770591687005
STU_014284,81.83244075515955
STU_014285,92.17490176328137
STU_014286,68.63011274008123
STU_014287,81.6713802227231
STU_014288,51.97488227338695
STU_014289,75.89995069173571
STU_014290,75.64014691146654
STU_014291,72.44797041431994
STU_014292,79.31508926752926
STU_014293,75.85586872237675
STU_014294,72.64289599052972
STU_014295,71.98096409299004
STU_014296,63.544485144014196
STU_014297,60.510995536347934
STU_014298,73.88685184115919
STU_014299,76.92420760561453
STU_014300,87.76009712679574
STU_014301,58.94795667634139
STU_014302,100.0
STU_014303,93.38203735141559
STU_014304,62.54446883650581
STU_014305,79.23441225218392
STU_014306,73.2963284247321
STU_014307,100.0
STU_014308,73.01187032280086
STU_014309,93.27298715360529
STU_014310,72.97504737191758
STU_014311,98.42529767298602
STU_014312,79.75214022364955
STU_014313,77.7571591953087
STU_014314,71.4696462076396
STU_014315,79.7395116653458
STU_014316,75.62709954269249
STU_014317,71.0324173719807
STU_014318,78.846976314176
STU_014319,67.88630360643123
STU_014320,75.86541795469755
STU_014321,67.37432834257433
STU_014322,91.79521505403918
STU_014323,84.41519507417352
STU_014324,83.96590191056313
STU_014325,81.35034777361102
STU_014326,85.16241985283916
STU_014327,73.26488239718397
STU_014328,62.00019343358772
STU_014329,93.1321202048851
STU_014330,58.0986340587791
STU_014331,62.65550051792843
STU_014332,57.99488827515145
STU_014333,65.25682680506256
STU_014334,90.04834277584247
STU_014335,78.79076756719058
STU_014336,89.78872601920322
STU_014337,80.74138855180777
STU_014338,66.83708361453463
STU_014339,67.7534759160643
STU_014340,67.37853901584513
STU_014341,90.27104240562565
STU_014342,65.31398740971915
STU_014343,75.03208506484943
STU_014344,55.28781444864581
STU_014345,78.87193158635822
STU_014346,88.7253847875163
STU_014347,67.39377101379672
STU_014348,76.8041505803157
STU_014349,67.45118658483088
STU_014350,72.79176185878548
STU_014351,79.86687622566205
STU_014352,85.68328769604045
STU_014353,92.75306954227185
STU_014354,87.09977476730015
STU_014355,67.67295711761555
STU_014356,55.7165130441258
STU_014357,82.55696094731718
STU_014358,56.29970906778168
STU_014359,77.84040692813468
STU_014360,66.81915241657558
STU_014361,72.50883699470455
STU_014362,99.29031324396196
STU_014363,49.03625861475988
STU_014364,84.23863610395921
STU_014365,65.56708470500932
STU_014366,75.62881079829569
STU_014367,72.26520391016848
STU_014368,87.79424935155463
STU_014369,88.3736204706456
STU_014370,95.09046246809228
STU_014371,75.92142331812894
STU_014372,87.48802651316744
STU_014373,68.24996748356466
STU_014374,80.00791370722773
STU_014375,81.32379676810078
STU_014376,92.65023469507788
STU_014377,80.29663965518893
STU_014378,94.71596930313228
STU_014379,78.22235202051355
STU_014380,83.97772567985729
STU_014381,51.79375781053216
STU_014382,76.92198079934614
STU_014383,75.23034037742838
STU_014384,86.7628985567845
STU_014385,91.45332334347862
STU_014386,66.44857777378449
STU_014387,78.18444021665954
STU_014388,71.4887323154345
STU_014389,77.24945993775292
STU_014390,73.27403816393424
STU_014391,56.99136039869925
STU_014392,84.3567947181657
STU_014393,88.02536273445807
STU_014394,82.1419683281282
STU_014395,93.90225036228765
STU_014396,92.32540231493086
STU_014397,84.20882874319294
STU_014398,99.01541527311625
STU_014399,78.82105644591117
STU_014400,95.23781778314823
STU_014401,84.21316278184365
STU_014402,78.70375802365496
STU_014403,77.63514668218855
STU_014404,79.10876245508645
STU_014405,68.69850352976906
STU_014406,81.70095794965336
STU_014407,99.30393539561689
STU_014408,61.523360665696686
STU_014409,65.90459313644509
STU_014410,72.51595771030833
STU_014411,69.30468462099373
STU_014412,77.36931808624436
STU_014413,84.61928977343138
STU_014414,65.88247121968354
STU_014415,75.99151427101572
STU_014416,78.76873202180579
STU_014417,93.05015821291056
STU_014418,90.86547634983313
STU_014419,59.383928200839215
STU_014420,89.24462351063977
STU_014421,93.31351604182646
STU_014422,69.56714043970248
STU_014423,91.3529816477289
STU_014424,81.93353700826205
STU_014425,98.06811268649962
STU_014426,71.79201478516612
STU_014427,83.21988041322524
STU_014428,94.5452502261904
STU_014429,93.6588333892248
STU_014430,64.1321266293925
STU_014431,62.17531384010092
STU_014432,70.77803979479171
STU_014433,66.0026787842519
STU_014434,76.71326664720105
STU_014435,95.58554510724096
STU_014436,61.69407931765542
STU_014437,71.64576442506117
STU_014438,74.34328562813079
STU_014439,86.4646691682131
STU_014440,52.04625738231994
STU_014441,61.86672526312917
STU_014442,78.11035304361019
STU_014443,67.08400275755778
STU_014444,56.95141004624361
STU_014445,68.8860961506114
STU_014446,75.35500157879507
STU_014447,92.27644390477569
STU_014448,63.13032649662458
STU_014449,50.07615113731695
STU_014450,77.78440306108727
STU_014451,89.10634498679052
STU_014452,90.76262730704845
STU_014453,100.0
STU_014454,88.39639088111471
STU_014455,87.85206628840962
STU_014456,80.54019408077444
STU_014457,65.34635461928393
STU_014458,68.4385150545704
STU_014459,76.28619328268843
STU_014460,99.72535988608199
STU_014461,88.97668042021718
STU_014462,84.40802386196464
STU_014463,83.73450664658584
STU_014464,80.57543376545296
STU_014465,89.9942827770921
STU_014466,70.14400678431551
STU_014467,79.27438267501498
STU_014468,71.83048579259533
STU_014469,87.31426282723434
STU_014470,74.42439123838089
STU_014471,78.4375299518457
STU_014472,68.39639660682465
STU_014473,74.91837215974736
STU_014474,89.25604365206681
STU_014475,71.28904550314189
STU_014476,70.84507828298028
STU_014477,89.30380744155168
STU_014478,83.82289405542109
STU_014479,96.74929677672142
STU_014480,75.92878307000362
STU_014481,85.99655545085352
STU_014482,59.729015035180765
STU_014483,91.25458786339402
STU_014484,51.77178328970687
STU_014485,82.93187073675709
STU_014486,91.56340915430557
STU_014487,82.05288752828038
STU_014488,75.92098731601125
STU_014489,59.21132913579854
STU_014490,88.53661469045569
STU_014491,83.84830390607866
STU_014492,80.04892616195238
STU_014493,61.02815052227257
STU_014494,85.03819244520838
STU_014495,75.52411520975988
STU_014496,78.03336709186105
STU_014497,72.8138673288668
STU_014498,85.40875010121715
STU_014499,80.54022151092681
STU_014500,70.96729200812695
STU_014501,72.34938038543679
STU_014502,74.59488394817686
STU_014503,75.13204118038418
STU_014504,98.30807963142114
STU_014505,75.70184261470956
STU_014506,74.0436318795742
STU_014507,79.26396073286207
STU_014508,67.51109612925413
STU_014509,76.1036655782126
STU_014510,65.04213626583811
STU_014511,82.27041291500201
STU_014512,74.52386035855068
STU_014513,80.26909209514409
STU_014514,85.99557829406874
STU_014515,76.88916192936443
STU_014516,77.60934576823887
STU_014517,81.59864009259431
STU_014518,75.36386368724555
STU_014519,61.50491480070787
STU_014520,77.90191396601926
STU_014521,89.73495840957615
STU_014522,65.90493746964228
STU_014523,91.4786111987192
STU_014524,90.62342518835487
STU_014525,68.729342997459
STU_014526,83.10852870981529
STU_014527,56.38485098420148
STU_014528,72.37825579693444
STU_014529,87.84010120566903
STU_014530,72.1015186085586
STU_014531,79.88408212394448
STU_014532,91.50906926639418
STU_014533,98.31619290613831
STU_014534,94.74127261197997
STU_014535,92.84343508012398
STU_014536,86.25222797921373
STU_014537,76.21735842983097
STU_014538,70.70335409666566
STU_014539,77.2688707007062
STU_014540,59.22666502905397
STU_014541,85.38467009094725
STU_014542,64.10547002976719
STU_014543,81.98151716383893
STU_014544,70.9886158012566
STU_014545,62.30544023194403
STU_014546,67.14170357602423
STU_014547,65.07795016304546
STU_014548,94.22052932757856
STU_014549,93.5952841484086
STU_014550,82.83192049273316
STU_014551,72.96174626130487
STU_014552,70.04355358076754
STU_014553,85.96495343583858
STU_014554,75.3427259300924
STU_014555,71.56734407508492
STU_014556,93.10485380892086
STU_014557,79.45804979716841
STU_014558,65.31368110171647
STU_014559,88.39418381466396
STU_014560,92.68087593616289
STU_014561,74.52130376516496
STU_014562,69.01708846384969
STU_014563,76.22053479249654
STU_014564,95.30373841337283
STU_014565,69.80238816112029
STU_014566,87.33197502168348
STU_014567,73.55939464813291
STU_014568,68.63738133436445
STU_014569,75.49984288699403
STU_014570,65.17202382012907
STU_014571,72.68869127902576
STU_014572,71.34063012814687
STU_014573,81.7738743501189
STU_014574,66.34448982746545
STU_014575,61.982286759320594
STU_014576,70.03750044168574
STU_014577,67.51316249280484
STU_014578,60.57076293628221
STU_014579,75.99974761041277
STU_014580,86.63523210583077
STU_014581,88.58518056401293
STU_014582,80.56977403237838
STU_014583,69.93770676049363
STU_014584,85.60801980082861
STU_014585,76.30709695871029
STU_014586,83.4446649231776
STU_014587,62.4829703926638
STU_014588,84.00096371825154
STU_014589,61.42726115276817
STU_014590,70.75813166984997
STU_014591,87.8391303062818
STU_014592,74.03207900205462
STU_014593,92.38603049833745
STU_014594,93.98492133279117
STU_014595,62.62202796135127
STU_014596,99.43692900857307
STU_014597,75.85437545847716
STU_014598,63.220040795629245
STU_014599,77.35685098959299
STU_014600,68.33007384915379
STU_014601,80.76946922742762
STU_014602,91.15729761635372
STU_014603,62.61446867195714
STU_014604,88.69116155462956
STU_014605,95.63605134359744
STU_014606,59.717142218545355
STU_014607,79.8328335923384
STU_014608,66.28866114221344
STU_014609,79.98562604142893
STU_014610,81.09155472947197
STU_014611,78.77718188336007
STU_014612,62.536468018235325
STU_014613,75.2246374490034
STU_014614,88.53673502276536
STU_014615,78.58131226929014
STU_014616,94.20450999085205
STU_014617,67.06315996881875
STU_014618,88.77465732672303
STU_014619,79.12158053711401
STU_014620,85.36632832671438
STU_014621,67.72068915945279
STU_014622,92.66776210926132
STU_014623,76.3854000717783
STU_014624,85.7145005416144
STU_014625,74.31818973340887
STU_014626,89.75249706955861
STU_014627,67.74270462519593
STU_014628,71.9791075626687
STU_014629,82.57877501093888
STU_014630,76.98014763840892
STU_014631,61.98323461405787
STU_014632,77.86614442275037
STU_014633,70.10087891880335
STU_014634,91.60867517277434
STU_014635,69.2079844000056
STU_014636,50.024103770676525
STU_014637,86.29768482501923
STU_014638,71.79572322861141
STU_014639,78.22342865844134
STU_014640,72.37972134880894
STU_014641,62.504217338446054
STU_014642,92.43266382704418
STU_014643,63.20482851954602
STU_014644,90.88699549815973
STU_014645,80.40484129878035
STU_014646,90.42240203178127
STU_014647,89.01534305424059
STU_014648,75.98233923268428
STU_014649,93.76814798655127
STU_014650,68.05012303321269
STU_014651,68.33246641829243
STU_014652,87.27347995334624
STU_014653,79.61971370311778
STU_014654,88.9732361165733
STU_014655,56.47876989028734
STU_014656,69.95155438244976
STU_014657,62.8321529939724
STU_014658,80.18025222674153
STU_014659,72.29124285255904
STU_014660,70.60382185014824
STU_014661,61.31430045454998
STU_014662,75.39875109779531
STU_014663,75.48759345790123
STU_014664,59.43215576550118
STU_014665,75.12704038739132
STU_014666,86.81856561600841
STU_014667,82.33395859590694
STU_014668,67.20048951804885
STU_014669,82.74308521590811
STU_014670,97.22103237570408
STU_014671,76.69084899752582
STU_014672,90.11989160915965
STU_014673,93.25791942868065
STU_014674,93.63348090768338
STU_014675,85.1653164204652
STU_014676,74.3620589589586
STU_014677,74.63378281199255
STU_014678,68.94790096725154
STU_014679,67.48473013364891
STU_014680,57.08822743542355
STU_014681,88.40036858306885
STU_014682,56.49521670232986
STU_014683,70.70934934683824
STU_014684,62.780132696747444
STU_014685,72.84503325997348
STU_014686,80.42902836386114
STU_014687,84.4953622828514
STU_014688,92.53080727545463
STU_014689,68.1093673611418
STU_014690,64.19155166870439
STU_014691,87.08525325466984
STU_014692,90.2942409944389
STU_014693,75.98370993226547
STU_014694,76.83139156616392
STU_014695,100.0
STU_014696,50.25086194352804
STU_014697,69.27803085179495
STU_014698,90.40874644298803
STU_014699,71.52952567365162
STU_014700,86.98246830292604
STU_014701,69.26089622921117
STU_014702,88.20887859596654
STU_014703,84.09765580661899
STU_014704,89.99123171764805
STU_014705,80.87782130881666
STU_014706,85.76838186608055
STU_014707,92.75659250391554
STU_014708,95.21943325926743
STU_014709,80.37117050600764
STU_014710,58.6463406129771
STU_014711,72.36695767171445
STU_014712,80.46589090899383
STU_014713,44.70673067795837
STU_014714,81.39704006537033
STU_014715,73.3178278236117
STU_014716,71.02722666322606
STU_014717,64.54698853061826
STU_014718,61.55397928203848
STU_014719,90.79965894390796
STU_014720,83.68527823508296
STU_014721,60.141138452050164
STU_014722,71.11951247000995
STU_014723,92.93205658015472
STU_014724,90.5662681044742
STU_014725,70.23541375011068
STU_014726,73.31455282849524
STU_014727,65.8874286895793
STU_014728,92.05480896015355
STU_014729,81.48742356450485
STU_014730,60.616188164156426
STU_014731,69.25228507669114
STU_014732,73.89756002727066
STU_014733,76.67918462999357
STU_014734,60.53833532557252
STU_014735,98.37974823521893
STU_014736,78.86104451251457
STU_014737,76.7710652147701
STU_014738,73.08745732813472
STU_014739,85.42401649288098
STU_014740,80.56561841453939
STU_014741,80.40495343628687
STU_014742,94.22973342498742
STU_014743,94.90162918847409
STU_014744,71.18163722599542
STU_014745,84.90781356654347
STU_014746,45.276368348296536
STU_014747,75.45880229578111
STU_014748,97.5527116293216
STU_014749,93.15767432173497
STU_014750,81.95122757025105
STU_014751,89.94465446509763
STU_014752,79.59091362560827
STU_014753,60.79474615706122
STU_014754,99.60349361898285
STU_014755,66.78337118186805
STU_014756,74.44804826448484
STU_014757,75.41161784505294
STU_014758,97.00595630030472
STU_014759,71.99301966064691
STU_014760,80.03521261018794
STU_014761,75.44293372655224
STU_014762,100.0
STU_014763,83.89438226377557
STU_014764,100.0
STU_014765,83.4395289726679
STU_014766,78.03268944153837
STU_014767,65.31594563312576
STU_014768,66.56424988302555
STU_014769,92.63901650839428
STU_014770,77.50571062077879
STU_014771,72.8393772211285
STU_014772,77.0177972615831
STU_014773,86.97957966512448
STU_014774,89.92345270924918
STU_014775,80.63226131509774
STU_014776,77.3153484822558
STU_014777,80.6920697227124
STU_014778,81.80545007124681
STU_014779,83.12820615604802
STU_014780,61.90122400359941
STU_014781,91.30821811812959
STU_014782,86.3065102303245
STU_014783,92.94255193859638
STU_014784,94.91367983757124
STU_014785,85.98371433093715
STU_014786,79.40982453477018
STU_014787,76.69132815134702
STU_014788,91.57086036143443
STU_014789,76.12487634386514
STU_014790,80.08542464484225
STU_014791,70.60124688648575
STU_014792,64.3572271665642
STU_014793,69.99917044624908
STU_014794,64.32774615445281
STU_014795,78.72615156790889
STU_014796,77.95323291164985
STU_014797,74.07842083951047
STU_014798,88.41354718129453
STU_014799,87.63770504151265
STU_014800,85.28107924496487
STU_014801,88.11592145163227
STU_014802,68.00258039615089
STU_014803,85.6378731743866
STU_014804,79.94723520521113
STU_014805,71.50176650253633
STU_014806,77.13350502579036
STU_014807,75.08537380121659
STU_014808,76.02983806485328
STU_014809,54.81361762906146
STU_014810,89.06878999410141
STU_014811,96.25354343361627
STU_014812,73.42771871300192
STU_014813,68.86239391027601
STU_014814,66.6828879381605
STU_014815,64.80033342564245
STU_014816,83.59888896376151
STU_014817,88.9401813050055
STU_014818,61.282021504208494
STU_014819,83.40439507724685
STU_014820,74.72217651948648
STU_014821,65.88240713197584
STU_014822,92.59048386360067
STU_014823,69.80764585884341
STU_014824,90.4127798336103
STU_014825,80.10763668423627
STU_014826,92.57154758143639
STU_014827,61.68264916197522
STU_014828,75.13462793816097
STU_014829,78.45271742368223
STU_014830,87.96823527351877
STU_014831,88.21481473977809
STU_014832,65.15751098006577
STU_014833,60.82341104897346
STU_014834,80.53968854966024
STU_014835,77.7053617449835
STU_014836,87.60984895984866
STU_014837,75.78736517101393
STU_014838,72.83721580478478
STU_014839,83.79546585885298
STU_014840,85.3004459700744
STU_014841,96.92121380894051
STU_014842,61.78532956391133
STU_014843,77.3718597528873
STU_014844,95.26655357870864
STU_014845,69.81731250858934
STU_014846,87.39536244399214
STU_014847,80.64450084574285
STU_014848,57.31614951891565
STU_014849,65.18549052764126
STU_014850,77.86903352041615
STU_014851,81.91978781651181
STU_014852,85.48114401594151
STU_014853,74.63703685606055
STU_014854,68.86131178083866
STU_014855,76.42357782654331
STU_014856,72.79296045053567
STU_014857,79.69175063102277
STU_014858,67.49121574962271
STU_014859,86.35558787946246
STU_014860,45.47353879684323
STU_014861,86.64637759513964
STU_014862,95.37790060003644
STU_014863,72.02250465057833
STU_014864,83.72334178431917
STU_014865,76.353386620394
STU_014866,76.4347969655391
STU_014867,71.70589559365786
STU_014868,98.06419580943734
STU_014869,98.24255170040189
STU_014870,73.98155568452776
STU_014871,79.44741666502125
STU_014872,86.1537435413306
STU_014873,68.96180347894251
STU_014874,76.88743590968824
STU_014875,83.47482764649683
STU_014876,58.86684623472958
STU_014877,67.42507806034
STU_014878,63.5613096113196
STU_014879,82.00390737528811
STU_014880,84.05979590100497
STU_014881,81.31174772889224
STU_014882,70.86799995272455
STU_014883,79.92953113241231
STU_014884,71.18676560535246
STU_014885,81.32250511073761
STU_014886,65.93639626231018
STU_014887,78.30826557834644
STU_014888,86.9330931971513
STU_014889,78.24204521817067
STU_014890,93.44706615140069
STU_014891,73.69306899249497
STU_014892,86.71910768535818
STU_014893,65.52103701944651
STU_014894,73.82778234048888
STU_014895,61.234451950020926
STU_014896,79.04198609562152
STU_014897,76.88061641356873
STU_014898,84.18221422822512
STU_014899,63.63435943182419
STU_014900,96.94880803028911
STU_014901,80.52802676287928
STU_014902,81.93034895683307
STU_014903,89.8723957700825
STU_014904,81.56024334979904
STU_014905,92.08918680076614
STU_014906,82.07341762445752
STU_014907,66.88316266014041
STU_014908,75.82780894324414
STU_014909,82.75273041602976
STU_014910,74.65227667077721
STU_014911,92.29742452692278
STU_014912,80.93946578832626
STU_014913,75.59107338592649
STU_014914,66.60504583247697
STU_014915,60.05358279477405
STU_014916,68.09082760908217
STU_014917,94.32193582836263
STU_014918,85.33932155661921
STU_014919,61.21647344735265
STU_014920,90.26398028480394
STU_014921,67.50373367167545
STU_014922,63.41838865983907
STU_014923,75.09941568649752
STU_014924,81.4822349321829
STU_014925,95.58627340306094
STU_014926,82.04502046519579
STU_014927,74.70024287135067
STU_014928,68.14498906347477
STU_014929,81.6749056047437
STU_014930,84.84035081849024
STU_014931,86.07688917848103
STU_014932,63.96705893591998
STU_014933,82.94453574942862
STU_014934,69.71604362551095
STU_014935,77.95215960015996
STU_014936,81.18066262309583
STU_014937,81.45764439655989
STU_014938,97.37585174834629
STU_014939,72.45167608401317
STU_014940,91.08180390058084
STU_014941,67.55090349525969
STU_014942,90.73477942145512
STU_014943,68.01246850924349
STU_014944,79.72572626094576
STU_014945,64.75308543030283
STU_014946,72.25425370791979
STU_014947,66.24246201369877
STU_014948,87.37077799890868
STU_014949,67.81200019522309
STU_014950,86.9592517174579
STU_014951,75.32338772443958
STU_014952,75.55519957199887
STU_014953,90.5079246503286
STU_014954,89.86109985831831
STU_014955,94.27251205442465
STU_014956,77.5951499477166
STU_014957,81.24064137201736
STU_014958,73.13280303730227
STU_014959,58.05439114538337
STU_014960,93.75789325636566
STU_014961,87.59236724794202
STU_014962,62.017483305239736
STU_014963,77.99850001768685
STU_014964,90.1241155457583
STU_014965,82.96217812980474
STU_014966,68.86191185943981
STU_014967,57.235633977862484
STU_014968,93.62258688515708
STU_014969,76.98172586779555
STU_014970,73.01101553077712
STU_014971,74.3035283993986
STU_014972,89.07965494040761
STU_014973,77.54101188985305
STU_014974,71.60714354566207
STU_014975,68.35439957835459
STU_014976,86.2179671265966
STU_014977,82.73060648632163
STU_014978,86.92987909358645
STU_014979,91.42352654877472
STU_014980,66.90572960473986
STU_014981,94.2153377935386
STU_014982,75.41136430241754
STU_014983,87.36196544765252
STU_014984,68.65691287186155
STU_014985,70.83340921755871
STU_014986,51.414984899137394
STU_014987,90.18003498989935
STU_014988,70.5998993660202
STU_014989,98.98429907595792
STU_014990,85.55309163141422
STU_014991,94.6013868143929
STU_014992,76.99163074357993
STU_014993,68.68978048451426
STU_014994,89.9118207039391
STU_014995,86.76057971628326
STU_014996,75.9203359211631
STU_014997,81.32103764626768
STU_014998,80.56906318024744
STU_014999,92.46773904770123
STU_015000,72.19645115288525
STU_015001,57.442405122260425
STU_015002,67.29218248080646
STU_015003,61.8639102768847
STU_015004,59.350289736062884
STU_015005,68.99206143172714
STU_015006,69.94340383232654
STU_015007,86.98634267102119
STU_015008,76.48571406237555
STU_015009,81.47176145243498
STU_015010,74.04608417509851
STU_015011,57.74781350663117
STU_015012,97.25178226331738
STU_015013,66.47421206795298
STU_015014,69.6787412031307
STU_015015,85.76763365271445
STU_015016,85.00087909914117
STU_015017,91.90037808670125
STU_015018,76.13774763079404
STU_015019,85.75579621925854
STU_015020,62.85401986954787
STU_015021,75.05722490310727
STU_015022,67.40688590235332
STU_015023,74.16200716762685
STU_015024,68.90072859995962
STU_015025,79.50012338977345
STU_015026,74.74552867741545
STU_015027,84.11589345370113
STU_015028,75.40705778381194
STU_015029,80.13849207200761
STU_015030,92.4200558180249
STU_015031,73.60143301213675
STU_015032,71.52379712422069
STU_015033,76.04030070766137
STU_015034,66.41879525059441
STU_015035,79.08735618713791
STU_015036,71.76045463623225
STU_015037,79.9777273912029
STU_015038,88.0537242109107
STU_015039,65.07953385197003
STU_015040,81.61151397072236
STU_015041,83.30363182334818
STU_015042,53.60062854334011
STU_015043,80.78219134721456
STU_015044,89.46837346297238
STU_015045,88.25495660987765
STU_015046,70.67643141399166
STU_015047,84.16985793480191
STU_015048,65.67509876411144
STU_015049,72.0809569598206
STU_015050,66.71780640394621
STU_015051,67.91420412475603
STU_015052,65.83244954064378
STU_015053,67.743669599677
STU_015054,92.0650842356911
STU_015055,79.37221953094944
STU_015056,69.94644716949519
STU_015057,94.66534450632419
STU_015058,69.87134406215986
STU_015059,95.683205619597
STU_015060,77.63554216654406
STU_015061,80.42566137256121
STU_015062,79.16992126103341
STU_015063,69.49213753614302
STU_015064,71.8058727962059
STU_015065,91.80189427260432
STU_015066,83.65034665238453
STU_015067,73.21053677110486
STU_015068,71.24906483322144
STU_015069,75.25848152383529
STU_015070,77.47787210854233
STU_015071,75.36775270824583
STU_015072,100.0
STU_015073,72.77274170363788
STU_015074,69.47462789998613
STU_015075,92.75545558641781
STU_015076,75.8617130713313
STU_015077,74.02677393414875
STU_015078,70.7558081000986
STU_015079,98.93083555075307
STU_015080,66.53247944915839
STU_015081,96.0105099289448
STU_015082,62.49847987328232
STU_015083,82.93940064265847
STU_015084,69.82846077776301
STU_015085,78.98910123893275
STU_015086,74.58293457892685
STU_015087,63.006136927843876
STU_015088,92.01737582136036
STU_015089,80.79996517634697
STU_015090,87.11804644234579
STU_015091,75.71605136537147
STU_015092,75.27377770343362
STU_015093,93.41107362924824
STU_015094,74.98890263438675
STU_015095,78.67378963245612
STU_015096,89.49276405740076
STU_015097,79.45376720376672
STU_015098,75.67202473505023
STU_015099,60.05483641022256
STU_015100,84.2314586373932
STU_015101,79.6107555862772
STU_015102,81.2998289418135
STU_015103,98.44552229488116
STU_015104,77.0762628259377
STU_015105,90.31746381942412
STU_015106,72.4978429483696
STU_015107,71.79395849263612
STU_015108,78.59816238858326
STU_015109,78.07050687644521
STU_015110,84.30533339479557
STU_015111,58.6544396524783
STU_015112,77.45707477842016
STU_015113,69.81126042900797
STU_015114,83.96705670827932
STU_015115,64.83586342375527
STU_015116,88.27915924801712
STU_015117,71.369959859941
STU_015118,60.66566578943298
STU_015119,83.17935136416247
STU_015120,86.40037515479155
STU_015121,74.45268249843625
STU_015122,100.0
STU_015123,70.8826209567418
STU_015124,86.67768682588152
STU_015125,75.9504409061845
STU_015126,70.79999616122255
STU_015127,89.70180103202017
STU_015128,82.46386389497543
STU_015129,69.09347635764863
STU_015130,72.17517377150922
STU_015131,83.29954423357417
STU_015132,89.20514277362795
STU_015133,91.15439525200023
STU_015134,84.99551999391149
STU_015135,88.27253173229371
STU_015136,75.73169342843482
STU_015137,79.1640492426599
STU_015138,70.04632295012303
STU_015139,87.72105957849104
STU_015140,92.16711643689304
STU_015141,64.79019783167678
STU_015142,81.31477723590984
STU_015143,94.4451424182881
STU_015144,83.7618575875776
STU_015145,67.80368018644019
STU_015146,90.26617184531088
STU_015147,80.22547413325783
STU_015148,72.6877791798912
STU_015149,74.00404773277735
STU_015150,44.76621317663487
STU_015151,58.711783451254
STU_015152,73.84504071059474
STU_015153,66.8125710125852
STU_015154,80.2384360465718
STU_015155,88.45386069211517
STU_015156,76.99987330723478
STU_015157,62.72408894572884
STU_015158,90.42563371577668
STU_015159,53.975708265712285
STU_015160,87.80449076974502
STU_015161,65.66287134196688
STU_015162,74.61240049588979
STU_015163,80.63141416880936
STU_015164,49.94042729326635
STU_015165,83.570285415271
STU_015166,97.23994246317876
STU_015167,81.93784161159982
STU_015168,65.11404807035753
STU_015169,88.66010320301066
STU_015170,74.99595809902075
STU_015171,92.46685119163479
STU_015172,73.08845015860337
STU_015173,77.92616079297869
STU_015174,92.94968855854994
STU_015175,75.62652934814913
STU_015176,97.65049395415501
STU_015177,81.50786397594749
STU_015178,67.45664309371372
STU_015179,78.12527793644063
STU_015180,62.16950412750812
STU_015181,79.85700877355137
STU_015182,84.05405618040353
STU_015183,87.18048248056512
STU_015184,72.43008836007414
STU_015185,83.56706671363162
STU_015186,74.9734493412683
STU_015187,63.80556321319615
STU_015188,72.51362798903094
STU_015189,91.13212179596187
STU_015190,92.10272877455108
STU_015191,76.17425381684009
STU_015192,98.81367968063427
STU_015193,81.03798864369921
STU_015194,91.49477962439899
STU_015195,84.8443358888257
STU_015196,73.30012730753552
STU_015197,75.33131130665532
STU_015198,83.4556829063853
STU_015199,77.93786170679485
STU_015200,71.24983370279352
STU_015201,86.58758734077163
STU_015202,68.97067655633305
STU_015203,73.85202123164956
STU_015204,81.5476958497947
STU_015205,81.8272629842138
STU_015206,79.19283925536169
STU_015207,85.15145002609458
STU_015208,75.20346806665117
STU_015209,82.42518147669324
STU_015210,90.44621149295818
STU_015211,58.403622935403426
STU_015212,92.90579709147133
STU_015213,74.08053000664998
STU_015214,91.74649812299367
STU_015215,78.2367859179476
STU_015216,92.27793781125123
STU_015217,63.03147048292555
STU_015218,77.49220656400527
STU_015219,83.2572399616302
STU_015220,58.126435957533076
STU_015221,82.45764797033566
STU_015222,68.75493040049528
STU_015223,88.47587374807377
STU_015224,77.26514030317674
STU_015225,75.95527809729285
STU_015226,65.26875947478676
STU_015227,67.55875148526829
STU_015228,85.3090439201736
STU_015229,71.94434668911757
STU_015230,74.40459570874062
STU_015231,96.73971331667063
STU_015232,86.54524725455616
STU_015233,89.88360966067224
STU_015234,71.52795224453085
STU_015235,72.74879059637148
STU_015236,93.80442827062583
STU_015237,86.57355416591909
STU_015238,82.15854247027197
STU_015239,94.02482676171125
STU_015240,70.12064093246661
STU_015241,53.280986498022266
STU_015242,51.980084302757774
STU_015243,81.1320814002183
STU_015244,83.47325548032535
STU_015245,70.65331286100778
STU_015246,98.06919808538946
STU_015247,82.77302198105643
STU_015248,85.17801816687775
STU_015249,74.7798988579438
STU_015250,90.44528552557028
STU_015251,74.48227672604993
STU_015252,91.44998724012724
STU_015253,89.22482130114861
STU_015254,96.81540092552473
STU_015255,69.33573577782337
STU_015256,61.773208495195455
STU_015257,77.23644237072651
STU_015258,91.493408197298
STU_015259,84.66038179658048
STU_015260,92.28491230400512
STU_015261,80.17393284755889
STU_015262,88.2740593892171
STU_015263,88.87166446230695
STU_015264,85.91795472750651
STU_015265,93.58963071301494
STU_015266,73.81126079847914
STU_015267,79.6059338225957
STU_015268,64.66086010422165
STU_015269,68.58654818862831
STU_015270,76.33143502368537
STU_015271,81.45704513285521
STU_015272,67.23822823364283
STU_015273,85.5614393967169
STU_015274,78.05107189877079
STU_015275,55.62179224138771
STU_015276,62.1069458522453
STU_015277,73.76005969645324
STU_015278,98.63363395520437
STU_015279,51.32265729777605
STU_015280,85.30663754132263
STU_015281,96.65917302952191
STU_015282,89.85673005587415
STU_015283,81.29022826767371
STU_015284,82.03900468546716
STU_015285,47.679426233894546
STU_015286,88.38475586394085
STU_015287,76.30110594775292
STU_015288,80.70410483311221
STU_015289,68.68587318990694
STU_015290,80.26969375063229
STU_015291,79.34837381979528
STU_015292,78.1949472134771
STU_015293,60.4774186430002
STU_015294,80.65574272528312
STU_015295,76.62448091551042
STU_015296,72.6308085711394
STU_015297,86.9953761907744
STU_015298,93.77715042470058
STU_015299,74.00455906964362
STU_015300,88.05082968363202
STU_015301,79.58609278052361
STU_015302,80.47908421370576
STU_015303,71.18887491117
STU_015304,57.99547835203
STU_015305,77.61271910301087
STU_015306,82.69310390675413
STU_015307,98.56217098777238
STU_015308,61.29793385179331
STU_015309,78.548025737742
STU_015310,83.32643399369313
STU_015311,70.85070039635634
STU_015312,77.9732434999005
STU_015313,67.65819573863538
STU_015314,87.22123140798251
STU_015315,80.31709635061411
STU_015316,90.67306182348426
STU_015317,75.50385184974958
STU_015318,83.78164446528942
STU_015319,74.7219775960063
STU_015320,77.46591459506529
STU_015321,63.14418390291329
STU_015322,92.26583239216096
STU_015323,81.66603012835421
STU_015324,76.53785226741445
STU_015325,81.39867282757449
STU_015326,63.18796211397238
STU_015327,84.95170484916108
STU_015328,71.40433773342038
STU_015329,66.78063415973475
STU_015330,76.77693629882906
STU_015331,71.21326304004153
STU_015332,96.37829380777823
STU_015333,72.6171866025153
STU_015334,84.72197062841431
STU_015335,91.10254355113241
STU_015336,87.02487244848948
STU_015337,73.18051267987917
STU_015338,66.16392643089418
STU_015339,65.94036974198643
STU_015340,90.8482051301774
STU_015341,78.69958391466743
STU_015342,99.75081003905967
STU_015343,89.69885954082888
STU_015344,97.51900989728925
STU_015345,99.3048260033867
STU_015346,85.18337530847847
STU_015347,93.00815637711207
STU_015348,78.47003897131012
STU_015349,81.88006401504535
STU_015350,86.05208767813146
STU_015351,100.0
STU_015352,84.72235512678402
STU_015353,76.35385561388593
STU_015354,64.45479049825538
STU_015355,57.25660010911389
STU_015356,68.43804088716306
STU_015357,71.57570314027643
STU_015358,79.49159386970067
STU_015359,88.10346204038186
STU_015360,90.87159929386739
STU_015361,83.50981457242887
STU_015362,75.96658250433848
STU_015363,80.32890639894845
STU_015364,85.00713127993734
STU_015365,79.43723392987127
STU_015366,93.55308672763721
STU_015367,84.33837962075832
STU_015368,77.97731510841271
STU_015369,95.3467502900473
STU_015370,92.78224276774405
STU_015371,59.333778642363825
STU_015372,67.44973290371215
STU_015373,85.5272797379843
STU_015374,86.01605407659062
STU_015375,73.5599223559739
STU_015376,78.96281486885538
STU_015377,88.1884966760773
STU_015378,71.12279755846427
STU_015379,95.86003038597619
STU_015380,90.89149631246369
STU_015381,91.26103461743855
STU_015382,84.69812165081478
STU_015383,60.6077774049668
STU_015384,81.76245294858461
STU_015385,64.51544981430915
STU_015386,80.93687920468811
STU_015387,71.73721805407519
STU_015388,80.16808411954554
STU_015389,97.43446283462029
STU_015390,55.9092402153803
STU_015391,83.58460125613223
STU_015392,88.38682013456608
STU_015393,90.16635011565303
STU_015394,76.16943939961556
STU_015395,83.1811490946063
STU_015396,73.44497285976162
STU_015397,94.53990162084915
STU_015398,70.46597043078876
STU_015399,92.32153586476554
STU_015400,90.37124155807517
STU_015401,89.83400015244857
STU_015402,78.93064986629001
STU_015403,59.35618879665594
STU_015404,84.2537914553065
STU_015405,82.70246549313669
STU_015406,81.92329515260639
STU_015407,83.63344313138451
STU_015408,42.639082264481274
STU_015409,78.14846761716076
STU_015410,67.0089230576805
STU_015411,74.25794146995909
STU_015412,77.25953785904758
STU_015413,80.60626648668665
STU_015414,71.25610964864137
STU_015415,67.86538849670019
STU_015416,85.24555743581071
STU_015417,63.28841057386725
STU_015418,85.20981869017334
STU_015419,58.04477944773827
STU_015420,70.02913392461659
STU_015421,88.7469856519811
STU_015422,80.80590322184194
STU_015423,85.01308169294306
STU_015424,97.22602504956356
STU_015425,89.77313861891346
STU_015426,72.00694609827016
STU_015427,63.145038144987836
STU_015428,75.21534277796466
STU_015429,78.73359683812029
STU_015430,49.84485108906022
STU_015431,69.81588695995505
STU_015432,81.96270661006861
STU_015433,71.43237141571282
STU_015434,67.98439971084213
STU_015435,69.58462141149283
STU_015436,80.66969083103598
STU_015437,79.59618965610701
STU_015438,89.74590520827275
STU_015439,77.85568275595759
STU_015440,80.73136198292008
STU_015441,69.36140702755968
STU_015442,89.50298028473351
STU_015443,65.67506119802553
STU_015444,76.15081080572533
STU_015445,69.71165937578715
STU_015446,72.44088870356677
STU_015447,59.84072464314785
STU_015448,51.214190927353286
STU_015449,79.37767620135658
STU_015450,88.49773995332113
STU_015451,78.19525263542651
STU_015452,85.46084493152185
STU_015453,92.5888135995217
STU_015454,81.09433615038003
STU_015455,60.6602801727945
STU_015456,81.57630863470226
STU_015457,72.02439971543629
STU_015458,75.77553778617036
STU_015459,51.69331144391488
STU_015460,100.0
STU_015461,95.17488678356919
STU_015462,72.23297952809342
STU_015463,83.40028891778314
STU_015464,64.49831685414505
STU_015465,51.60075474482077
STU_015466,92.81122946974222
STU_015467,86.50340034842097
STU_015468,68.14944996307332
STU_015469,72.04631138848106
STU_015470,92.12189949890669
STU_015471,73.13079921529759
STU_015472,89.96940554298689
STU_015473,89.02932765949659
STU_015474,94.84074190200879
STU_015475,79.91700949072887
STU_015476,80.34813205413626
STU_015477,63.15205048911619
STU_015478,64.89504587580446
STU_015479,91.59521476872374
STU_015480,68.45889735167077
STU_015481,84.61127848413898
STU_015482,67.04714872110064
STU_015483,89.68486992116637
STU_015484,70.64883471029503
STU_015485,70.6872023918892
STU_015486,77.94016218119734
STU_015487,69.93673644715908
STU_015488,77.63036034322784
STU_015489,84.99469236390148
STU_015490,86.86683708867776
STU_015491,76.21228766012513
STU_015492,59.46517104096622
STU_015493,71.56905710269916
STU_015494,70.0778554121805
STU_015495,82.97620891842759
STU_015496,66.96636929424662
STU_015497,61.807318197591975
STU_015498,72.74699407491482
STU_015499,47.867542285878
STU_015500,78.12898978431807
STU_015501,89.8722239026106
STU_015502,60.47318654824781
STU_015503,87.2231420209756
STU_015504,81.04515361715656
STU_015505,70.53685311827519
STU_015506,78.04137973188877
STU_015507,100.0
STU_015508,100.0
STU_015509,83.32477438857785
STU_015510,85.84653772021825
STU_015511,92.08311334955054
STU_015512,81.83397872912107
STU_015513,82.94301027316268
STU_015514,83.98430065468844
STU_015515,75.61651971111314
STU_015516,72.88396607748936
STU_015517,94.69588023376974
STU_015518,71.60792091974413
STU_015519,61.09285751553417
STU_015520,81.73773095684379
STU_015521,86.37869746924014
STU_015522,67.72099701317148
STU_015523,70.41831711855052
STU_015524,44.30789859448851
STU_015525,79.43607554652668
STU_015526,82.1335433602317
STU_015527,68.78572213783724
STU_015528,69.39891169703522
STU_015529,86.2339030243609
STU_015530,89.67561425937505
STU_015531,86.46667216108534
STU_015532,77.84912271381114
STU_015533,64.56532342980117
STU_015534,89.06720889188782
STU_015535,77.83233663216322
STU_015536,85.5205167152757
STU_015537,72.63373059270454
STU_015538,90.16884040299733
STU_015539,72.34418776741671
STU_015540,70.83947854216527
STU_015541,72.27308126049331
STU_015542,88.95957549129436
STU_015543,83.14859899592184
STU_015544,93.4111742396424
STU_015545,74.80651577297249
STU_015546,75.79108633824018
STU_015547,62.557829806023264
STU_015548,63.513641104701925
STU_015549,94.66687222679003
STU_015550,90.6740364690906
STU_015551,79.40283023059516
STU_015552,71.694792804416
STU_015553,51.99593589618098
STU_015554,84.01947408414846
STU_015555,75.5803977909764
STU_015556,89.15966068299605
STU_015557,82.89550691553859
STU_015558,89.69811547236095
STU_015559,82.43097774575467
STU_015560,80.61525469213197
STU_015561,88.20833537501444
STU_015562,83.46516537431849
STU_015563,70.51018207217516
STU_015564,76.64738775402313
STU_015565,64.4498086334201
STU_015566,69.26772122181349
STU_015567,78.40159720262655
STU_015568,77.66906833951028
STU_015569,72.79584236641935
STU_015570,96.61135169388209
STU_015571,71.64787492422815
STU_015572,75.51817583087436
STU_015573,84.47522788881687
STU_015574,61.62875467192862
STU_015575,76.98633035079439
STU_015576,74.18756393024958
STU_015577,73.01119273752475
STU_015578,82.49370482702834
STU_015579,74.49072066236651
STU_015580,73.9122103568281
STU_015581,80.73334310119913
STU_015582,83.59550994612782
STU_015583,94.04045384933409
STU_015584,80.43798928060836
STU_015585,89.28801182993108
STU_015586,88.06263556453065
STU_015587,65.16455294397147
STU_015588,80.52468014380207
STU_015589,79.60205456674029
STU_015590,65.37724638007013
STU_015591,73.7986899618561
STU_015592,88.49725019353619
STU_015593,68.90409122412645
STU_015594,93.8789598135568
STU_015595,90.90950014759966
STU_015596,78.88327542939861
STU_015597,92.15309861102409
STU_015598,83.88247802959833
STU_015599,53.991710007930344
STU_015600,68.62756084053888
STU_015601,53.38140937300328
STU_015602,68.06802785290874
STU_015603,78.59756127511926
STU_015604,81.39504115879286
STU_015605,70.49745997424546
STU_015606,77.81055183888294
STU_015607,69.43700538198333
STU_015608,69.4673560808807
STU_015609,74.15384758534387
STU_015610,72.52191342147478
STU_015611,81.691177991704
STU_015612,83.24975463149204
STU_015613,95.45895874184122
STU_015614,71.5277489721622
STU_015615,69.24119600484593
STU_015616,80.71092406090332
STU_015617,70.35728155719836
STU_015618,88.53818149945874
STU_015619,65.17775678251085
STU_015620,77.02065001341552
STU_015621,73.7038363113136
STU_015622,75.7764669390852
STU_015623,90.97412912262729
STU_015624,82.40175649487814
STU_015625,82.12273524393652
STU_015626,62.00238211836915
STU_015627,98.55807819976592
STU_015628,79.17428584457772
STU_015629,83.16445736407104
STU_015630,66.52074409120038
STU_015631,69.17719628777738
STU_015632,88.76565700562145
STU_015633,84.212241290408
STU_015634,75.95347651392188
STU_015635,94.78196704438547
STU_015636,72.76799163412792
STU_015637,54.199245711201534
STU_015638,74.344537238939
STU_015639,93.59000127467276
STU_015640,73.63521183695885
STU_015641,63.8643783048069
STU_015642,97.77877984804368
STU_015643,85.23923917480826
STU_015644,93.59058623658085
STU_015645,63.798914093027776
STU_015646,96.05408644433025
STU_015647,72.15551236571389
STU_015648,68.23020371541776
STU_015649,80.13187329227664
STU_015650,72.32720120319483
STU_015651,66.56870083528096
STU_015652,92.12604003138004
STU_015653,74.498735041722
STU_015654,71.2909925411247
STU_015655,100.0
STU_015656,69.11895272983736
STU_015657,72.79939045955038
STU_015658,69.53729900222382
STU_015659,69.07898102340728
STU_015660,84.80400275095798
STU_015661,50.17843925611272
STU_015662,66.8051938681193
STU_015663,88.71693238702399
STU_015664,58.742866382149785
STU_015665,80.71996748848154
STU_015666,82.60694127437846
STU_015667,94.4320235322447
STU_015668,84.40633674573667
STU_015669,78.9227714008453
STU_015670,63.55607070284573
STU_015671,88.92781397526376
STU_015672,88.47090598284902
STU_015673,82.43315068250908
STU_015674,81.76859961894353
STU_015675,86.7462900336452
STU_015676,60.47853788069511
STU_015677,81.57273297204267
STU_015678,95.88608097442484
STU_015679,75.35963809671021
STU_015680,78.54098522095039
STU_015681,78.8352755344954
STU_015682,83.78998745568111
STU_015683,70.0888218575814
STU_015684,63.07781613055709
STU_015685,84.46441255115816
STU_015686,74.09465342890121
STU_015687,82.19050759176154
STU_015688,82.10089520904647
STU_015689,58.22891209911758
STU_015690,70.64934100612392
STU_015691,94.39802873615083
STU_015692,90.79109796570812
STU_015693,78.1347482796064
STU_015694,98.22626237515388
STU_015695,94.60510085397098
STU_015696,59.01972786680807
STU_015697,69.59821379853216
STU_015698,80.38568790546125
STU_015699,92.50054782605191
STU_015700,87.21845147904651
STU_015701,69.56224411757537
STU_015702,87.33084573121961
STU_015703,85.78428148668576
STU_015704,79.07307047562017
STU_015705,77.6649270266283
STU_015706,67.04579980471672
STU_015707,80.93423062542875
STU_015708,61.4670510412528
STU_015709,62.16108031670463
STU_015710,65.66904117747023
STU_015711,81.31694300070146
STU_015712,89.50655396104293
STU_015713,85.96919711455045
STU_015714,74.13671775865053
STU_015715,88.51312050734285
STU_015716,63.57405933909806
STU_015717,60.001341582810014
STU_015718,72.7703667611959
STU_015719,62.34352629245262
STU_015720,63.68375804206764
STU_015721,66.7671944306328
STU_015722,67.88059535983918
STU_015723,78.54292541027768
STU_015724,96.61698895827465
STU_015725,92.16116677304753
STU_015726,77.8131433978793
STU_015727,71.4538116266045
STU_015728,79.14443047755336
STU_015729,92.77964228722797
STU_015730,75.73564673084707
STU_015731,78.55503342178424
STU_015732,65.40933758105157
STU_015733,64.73755353614683
STU_015734,74.64538205736534
STU_015735,56.024071630960236
STU_015736,91.0013589488006
STU_015737,79.50032880350214
STU_015738,65.96935849041387
STU_015739,76.55116318923152
STU_015740,90.30523733032513
STU_015741,63.93064082836315
STU_015742,70.8060640280889
STU_015743,89.64063809295293
STU_015744,72.54484901731635
STU_015745,78.2373746232943
STU_015746,68.23642116490011
STU_015747,92.99312535123164
STU_015748,58.9651252164177
STU_015749,88.02029038060962
STU_015750,64.5749768541238
STU_015751,84.77585599406919
STU_015752,75.01561677225615
STU_015753,76.98285209098799
STU_015754,81.29345713536846
STU_015755,91.02821845700484
STU_015756,79.44997718031179
STU_015757,83.48200543933686
STU_015758,100.0
STU_015759,80.59708645638808
STU_015760,68.69075725209353
STU_015761,87.29793200681496
STU_015762,71.54072950455856
STU_015763,69.12739176822762
STU_015764,78.58234451643582
STU_015765,81.57684960119555
STU_015766,79.11784963305922
STU_015767,82.48828364497665
STU_015768,80.65308718197451
STU_015769,84.5608554316435
STU_015770,68.50210198307869
STU_015771,88.3030282999662
STU_015772,70.84155821249031
STU_015773,61.54755688866715
STU_015774,97.39020769184788
STU_015775,77.13959449165446
STU_015776,65.35069169298754
STU_015777,71.48451005221317
STU_015778,75.98428236507257
STU_015779,62.11288926330343
STU_015780,84.61268889642992
STU_015781,76.80585439915245
STU_015782,86.49856240741225
STU_015783,70.04958031451051
STU_015784,77.66025806573631
STU_015785,76.33396931668543
STU_015786,76.88109142922745
STU_015787,78.26388593808447
STU_015788,80.71774467824228
STU_015789,56.63652461166839
STU_015790,65.51403572218831
STU_015791,74.9011245866719
STU_015792,80.78031176068656
STU_015793,88.47816399583442
STU_015794,89.839934208995
STU_015795,71.23036878195435
STU_015796,91.82999985908762
STU_015797,84.83305233732713
STU_015798,87.01998851785712
STU_015799,89.00184112038426
STU_015800,67.97482235098366
STU_015801,78.07777675266105
STU_015802,64.19400537971639
STU_015803,69.25868221304061
STU_015804,74.52888822547214
STU_015805,59.11567585876077
STU_015806,91.26517117915257
STU_015807,77.72847360882909
STU_015808,76.6181373142274
STU_015809,61.72454815756974
STU_015810,90.2064548150804
STU_015811,96.33622889608226
STU_015812,87.07727099256954
STU_015813,91.23567955471655
STU_015814,71.81846311270039
STU_015815,64.29668868009823
STU_015816,90.75497158330175
STU_015817,73.20409746182912
STU_015818,73.90490505947335
STU_015819,61.83538784639268
STU_015820,70.40083833775019
STU_015821,73.7627950122046
STU_015822,60.5284804160322
STU_015823,77.7285189259094
STU_015824,86.21311167639985
STU_015825,57.48420945068954
STU_015826,61.729494025683266
STU_015827,69.84339576390299
STU_015828,72.80855642027092
STU_015829,87.18864784649385
STU_015830,89.53915966478147
STU_015831,76.32219152492596
STU_015832,88.65367901397767
STU_015833,91.68067530927844
STU_015834,45.55578651467478
STU_015835,83.06027295643345
STU_015836,85.41013496878722
STU_015837,79.61635467950946
STU_015838,71.87470269493427
STU_015839,88.8446916483719
STU_015840,67.39578766318516
STU_015841,66.24830157967119
STU_015842,87.46703293147633
STU_015843,88.12019058580461
STU_015844,91.311464386012
STU_015845,67.98561693936186
STU_015846,68.77688800854244
STU_015847,73.82858615454286
STU_015848,84.86292453644097
STU_015849,91.65175805361571
STU_015850,66.58960638864411
STU_015851,73.74184333075462
STU_015852,62.45868407530414
STU_015853,77.48743966341682
STU_015854,92.63233765593334
STU_015855,89.04034865038325
STU_015856,74.84760161185756
STU_015857,85.28104471913775
STU_015858,68.50746040204353
STU_015859,80.31937993793142
STU_015860,66.2071868932859
STU_015861,82.47711659540995
STU_015862,66.96608737341624
STU_015863,92.65937526018311
STU_015864,61.18104816121228
STU_015865,59.586202691094876
STU_015866,75.55455779444969
STU_015867,42.24085070915031
STU_015868,71.03996305871941
STU_015869,84.66920612839702
STU_015870,77.37797095204009
STU_015871,80.79218451874563
STU_015872,53.286233110288435
STU_015873,97.2531120637876
STU_015874,79.42703405952635
STU_015875,84.79874967556404
STU_015876,71.87157896873256
STU_015877,92.86746262809208
STU_015878,86.15971592020375
STU_015879,94.52019766882393
STU_015880,79.28088539370307
STU_015881,93.02282698701964
STU_015882,68.10828606492981
STU_015883,79.57976192841458
STU_015884,90.16610596642462
STU_015885,64.56099440428342
STU_015886,95.1348704964864
STU_015887,97.25930187851812
STU_015888,62.65749529200522
STU_015889,91.14394792310108
STU_015890,93.36269631838417
STU_015891,90.26064176996134
STU_015892,68.27231341008151
STU_015893,67.64683594287341
STU_015894,62.15896994234758
STU_015895,60.642320702959154
STU_015896,73.20208728583509
STU_015897,90.12001863328231
STU_015898,79.38712970411139
STU_015899,93.10329811867572
STU_015900,70.59020547978338
STU_015901,72.68898278047054
STU_015902,76.18698107893361
STU_015903,84.70470933721158
STU_015904,77.02112695252123
STU_015905,89.87657665107764
STU_015906,71.20259270760344
STU_015907,100.0
STU_015908,60.95182632681473
STU_015909,80.05450444802464
STU_015910,78.67147838794665
STU_015911,60.164800438748514
STU_015912,74.83345887352382
STU_015913,71.757625681866
STU_015914,64.67661570566048
STU_015915,84.74509654739487
STU_015916,66.86958687250578
STU_015917,54.67717154673331
STU_015918,79.95775283505343
STU_015919,86.84506334889157
STU_015920,80.246234894259
STU_015921,90.62481283681585
STU_015922,62.277754863874414
STU_015923,89.27961514496845
STU_015924,79.96253002442802
STU_015925,72.96822525915347
STU_015926,81.4764282420718
STU_015927,75.81005892976997
STU_015928,76.55399394053222
STU_015929,84.99322176094637
STU_015930,59.67476677545989
STU_015931,66.89225861274315
STU_015932,80.70383354038313
STU_015933,78.14188886684101
STU_015934,77.85424435895328
STU_015935,98.77793413870486
STU_015936,99.72436203409433
STU_015937,83.69150228783191
STU_015938,84.08609516740466
STU_015939,71.85270703854258
STU_015940,89.56126764982355
STU_015941,73.86068615372449
STU_015942,89.8824662854761
STU_015943,86.0485628485545
STU_015944,98.96763226568252
STU_015945,72.16538755652634
STU_015946,73.78629664482594
STU_015947,70.08254464828046
STU_015948,75.13220210646159
STU_015949,62.039396863630465
STU_015950,94.78479105348666
STU_015951,71.4638792766247
STU_015952,74.3650215570149
STU_015953,70.04065083345813
STU_015954,87.59592536029822
STU_015955,83.8050380800766
STU_015956,76.93017439187162
STU_015957,53.06987380528195
STU_015958,63.83919616250306
STU_015959,86.19731714427634
STU_015960,71.65856904920109
STU_015961,86.94028417807469
STU_015962,83.4147094813012
STU_015963,80.2353433099718
STU_015964,70.60743725996055
STU_015965,87.2457485227963
STU_015966,67.0370408672627
STU_015967,79.16220714098273
STU_015968,82.20055466932229
STU_015969,72.48165639828855
STU_015970,79.1128092971966
STU_015971,75.60866125773569
STU_015972,84.05749593223095
STU_015973,61.53969762021409
STU_015974,89.61155597130727
STU_015975,61.59006253072739
STU_015976,49.046010213807406
STU_015977,62.346251006797466
STU_015978,75.15525472365253
STU_015979,84.99233246204989
STU_015980,87.53253475377026
STU_015981,93.16346989983424
STU_015982,93.79274181250545
STU_015983,85.45603202283672
STU_015984,84.9760839367933
STU_015985,74.80506585759738
STU_015986,45.73988562675863
STU_015987,73.68690502981029
STU_015988,61.063201515961104
STU_015989,73.72381052313426
STU_015990,60.621128432563125
STU_015991,81.91244012478789
STU_015992,57.91296982735978
STU_015993,73.98656539263224
STU_015994,72.9335503977688
STU_015995,96.13156930861658
STU_015996,80.77300511936684
STU_015997,65.66668057881199
STU_015998,83.32106390055404
STU_015999,85.63917518488618
STU_016000,80.87898613181653
STU_016001,88.391995068812
STU_016002,90.76608349330587
STU_016003,95.74420201747009
STU_016004,87.64070379599794
STU_016005,54.41813985296581
STU_016006,69.06376329724527
STU_016007,77.71229791769754
STU_016008,92.9762285937718
STU_016009,60.70796964849515
STU_016010,75.10816281515307
STU_016011,87.12776661328365
STU_016012,75.18185180737706
STU_016013,67.29483537710689
STU_016014,94.29575918041999
STU_016015,50.66126488849993
STU_016016,93.24630702196006
STU_016017,77.72335999299654
STU_016018,81.93756431577333
STU_016019,76.0582703781644
STU_016020,90.80657214603853
STU_016021,100.0
STU_016022,75.28686726979538
STU_016023,100.0
STU_016024,77.20986046043639
STU_016025,91.45661442687548
STU_016026,67.97976687629766
STU_016027,62.892819772352524
STU_016028,70.7557375097689
STU_016029,77.51438660425103
STU_016030,91.68326715005266
STU_016031,92.7375207157665
STU_016032,90.15153754709277
STU_016033,87.64773543291896
STU_016034,81.04138628203452
STU_016035,70.54620130893915
STU_016036,100.0
STU_016037,79.5296055887891
STU_016038,73.80790068430132
STU_016039,76.24429665247102
STU_016040,91.6960546866503
STU_016041,90.47933912296064
STU_016042,81.81534260054741
STU_016043,84.76557724173779
STU_016044,86.97149536899906
STU_016045,85.24279295183868
STU_016046,65.57983708296513
STU_016047,87.82217907904187
STU_016048,68.0306695448185
STU_016049,77.06387115252937
STU_016050,70.63068335613332
STU_016051,78.27232870876202
STU_016052,90.16136548967836
STU_016053,83.57870098762214
STU_016054,73.41284733768558
STU_016055,79.29608123936869
STU_016056,76.31093458555893
STU_016057,75.5195016104006
STU_016058,79.06322154472016
STU_016059,76.84806929956494
STU_016060,81.69353064995096
STU_016061,60.56491070887752
STU_016062,71.98080038090177
STU_016063,80.68430117994006
STU_016064,63.79615645103235
STU_016065,77.07404864160488
STU_016066,84.2892358015485
STU_016067,66.30529000514099
STU_016068,95.25072157440812
STU_016069,80.90154879399817
STU_016070,80.90817525956263
STU_016071,73.03698485194529
STU_016072,86.88234733195979
STU_016073,78.44370118421543
STU_016074,87.32040573313908
STU_016075,96.39174479448242
STU_016076,63.96488841806837
STU_016077,65.29746197735183
STU_016078,80.81214762608693
STU_016079,85.37729940778556
STU_016080,71.35240947017445
STU_016081,64.8222062217157
STU_016082,87.02375577372158
STU_016083,97.29162616435676
STU_016084,75.23180877819581
STU_016085,59.94514352141593
STU_016086,93.88028665331015
STU_016087,76.90384153955236
STU_016088,79.47745465859605
STU_016089,85.47503062531985
STU_016090,86.75262053199789
STU_016091,64.77655758971548
STU_016092,65.92209760744849
STU_016093,73.24411502789961
STU_016094,72.743833477566
STU_016095,79.50433484028846
STU_016096,84.58954487109466
STU_016097,73.45722510228687
STU_016098,62.48833317146895
STU_016099,77.04923324973339
STU_016100,77.10089561838618
STU_016101,67.63150353553458
STU_016102,80.66955377649609
STU_016103,59.436434314840824
STU_016104,80.53331386724453
STU_016105,68.50120600643403
STU_016106,70.95481599414497
STU_016107,74.34590815840863
STU_016108,74.71868836072447
STU_016109,67.94105258802394
STU_016110,66.04104554396561
STU_016111,85.04819937905523
STU_016112,80.13313386482062
STU_016113,66.73966556078108
STU_016114,76.04403912028744
STU_016115,85.35391555040177
STU_016116,92.85395768425371
STU_016117,78.46458674987781
STU_016118,71.78979046094169
STU_016119,82.19113603435186
STU_016120,82.69470962870027
STU_016121,65.79582818726303
STU_016122,72.58641770514394
STU_016123,87.41247038485098
STU_016124,93.9627717053452
STU_016125,91.33849842982427
STU_016126,79.39644717388789
STU_016127,82.95925226252164
STU_016128,95.17185481435729
STU_016129,73.31303521743529
STU_016130,99.76706630335754
STU_016131,88.00741318079575
STU_016132,75.85023299771598
STU_016133,83.29916536915275
STU_016134,77.85877113268666
STU_016135,60.28500060057029
STU_016136,89.45446827493627
STU_016137,81.57535814468595
STU_016138,76.34748097944849
STU_016139,95.02300103311562
STU_016140,85.24327952053262
STU_016141,89.646550690652
STU_016142,79.7741589216185
STU_016143,60.98322589401297
STU_016144,78.41172274950677
STU_016145,75.15318174082243
STU_016146,79.37815121640644
STU_016147,83.27483994759892
STU_016148,68.49325683275529
STU_016149,55.18286566925385
STU_016150,88.82837711717707
STU_016151,72.61828630044283
STU_016152,84.7497494265209
STU_016153,71.20624865909735
STU_016154,79.79018647292297
STU_016155,86.66770642567859
STU_016156,66.88093682770503
STU_016157,78.4895523125963
STU_016158,94.70614656101208
STU_016159,69.84890513874893
STU_016160,74.98043405431258
STU_016161,73.97351112340806
STU_016162,91.1181746735204
STU_016163,78.11710572190646
STU_016164,61.400060487124904
STU_016165,96.17450963676369
STU_016166,63.21821717815424
STU_016167,75.393140482669
STU_016168,84.0894033281742
STU_016169,89.36069004487545
STU_016170,79.36561183016491
STU_016171,77.15576370320395
STU_016172,60.7406564050219
STU_016173,74.54815968289753
STU_016174,63.30285715123924
STU_016175,86.5042990931159
STU_016176,76.71290141107275
STU_016177,84.56075374488528
STU_016178,82.34498334516658
STU_016179,81.9812609657271
STU_016180,62.22872109923971
STU_016181,90.6879640066469
STU_016182,56.237794693022714
STU_016183,78.10162153521091
STU_016184,78.46262629226288
STU_016185,98.39352589204945
STU_016186,53.83024055392001
STU_016187,92.88326943147273
STU_016188,79.05127054391069
STU_016189,80.89269209709904
STU_016190,84.57389051816196
STU_016191,51.17259385237692
STU_016192,64.46637588739011
STU_016193,80.64017435673186
STU_016194,88.10319211247817
STU_016195,83.43011945770411
STU_016196,65.82549054714417
STU_016197,91.0539374785588
STU_016198,78.17319033091457
STU_016199,77.4305846814648
STU_016200,68.27521527149896
STU_016201,65.03198102967208
STU_016202,61.20814458881436
STU_016203,70.31779758675486
STU_016204,66.22297010178889
STU_016205,59.636208092562924
STU_016206,67.37691954407978
STU_016207,49.90867898074584
STU_016208,76.83132341339333
STU_016209,72.29606197241189
STU_016210,64.11717638959288
STU_016211,72.54637188915703
STU_016212,75.93569532810116
STU_016213,91.22716327382822
STU_016214,65.02286058308015
STU_016215,72.7070115922532
STU_016216,59.96591797586882
STU_016217,74.01790152899912
STU_016218,97.45696070282497
STU_016219,85.44835676237969
STU_016220,87.7599843107923
STU_016221,66.96920278634151
STU_016222,72.42382734040243
STU_016223,68.07150667570377
STU_016224,96.56517139563684
STU_016225,87.42439554857262
STU_016226,81.70459867060643
STU_016227,79.57743125335452
STU_016228,75.89807299777901
STU_016229,68.38560600264178
STU_016230,63.62933414795546
STU_016231,89.70107985865538
STU_016232,93.32905045072002
STU_016233,65.17046868455773
STU_016234,82.88592828369215
STU_016235,68.51871573633174
STU_016236,75.32201304611043
STU_016237,72.7186885739391
STU_016238,87.30596744387532
STU_016239,61.41335490460453
STU_016240,91.22049221803641
STU_016241,90.64401712891848
STU_016242,77.69406995629971
STU_016243,84.79650368867225
STU_016244,80.26429949405795
STU_016245,79.31495573754705
STU_016246,77.45425160106471
STU_016247,76.24492089153497
STU_016248,73.44976179257944
STU_016249,69.90402930999977
STU_016250,89.88618231645455
STU_016251,57.96553943746437
STU_016252,86.9362536756281
STU_016253,85.60199667812198
STU_016254,84.80150536550664
STU_016255,73.19480323435707
STU_016256,47.67286339433814
STU_016257,82.11479972219769
STU_016258,82.88933588519039
STU_016259,76.93267514168177
STU_016260,75.03748515975334
STU_016261,92.0028619298801
STU_016262,80.17705274978651
STU_016263,53.96066998611936
STU_016264,53.19088477264225
STU_016265,93.41689847381386
STU_016266,84.40518290334117
STU_016267,76.23717661001714
STU_016268,83.79204677251494
STU_016269,94.4138732294558
STU_016270,69.84747401653456
STU_016271,73.25321624988041
STU_016272,83.22842426815342
STU_016273,82.4324755814286
STU_016274,56.809947247863924
STU_016275,78.969124280983
STU_016276,63.08961951341918
STU_016277,84.97009942618605
STU_016278,80.18067482290078
STU_016279,78.30791744164823
STU_016280,81.5291639949468
STU_016281,81.39799855190901
STU_016282,71.28506721245758
STU_016283,74.04016873572067
STU_016284,88.50973021637493
STU_016285,67.00742401510273
STU_016286,63.10089423041751
STU_016287,82.1504610051491
STU_016288,89.53006834819018
STU_016289,79.52262137630494
STU_016290,65.00559564585882
STU_016291,77.73161779384242
STU_016292,74.99915012294541
STU_016293,80.26063209105479
STU_016294,67.1032847982118
STU_016295,90.29360447332047
STU_016296,77.81966639519908
STU_016297,83.15709181932942
STU_016298,54.76919810341509
STU_016299,67.93983667108638
STU_016300,63.85164306746337
STU_016301,67.397568671859
STU_016302,69.65988473216677
STU_016303,78.45139152201826
STU_016304,80.23115289376547
STU_016305,88.99414701699004
STU_016306,81.23871117341872
STU_016307,72.32417772764975
STU_016308,75.57111166317013
STU_016309,90.69915813657502
STU_016310,80.48329880601688
STU_016311,66.84216171147062
STU_016312,65.45413008705667
STU_016313,97.16531601885033
STU_016314,86.3219787481257
STU_016315,69.72333155805669
STU_016316,90.04609903799717
STU_016317,84.91765650191924
STU_016318,74.00922672796256
STU_016319,69.09716587153544
STU_016320,69.91772423733397
STU_016321,67.53306958244545
STU_016322,90.26837334237008
STU_016323,69.9118759016868
STU_016324,58.79579434246189
STU_016325,79.03115096910561
STU_016326,76.39425091031515
STU_016327,83.48034615087975
STU_016328,76.00930522381027
STU_016329,70.82709479758093
STU_016330,75.50092973200645
STU_016331,83.21054751855438
STU_016332,84.66963586933981
STU_016333,89.34081936587835
STU_016334,63.78417524647672
STU_016335,81.67841227921569
STU_016336,71.80596128825172
STU_016337,68.01803082898559
STU_016338,80.29706075492972
STU_016339,80.69767096103521
STU_016340,84.24938995493139
STU_016341,80.93782113539402
STU_016342,75.10922372854175
STU_016343,74.43850050639006
STU_016344,87.33579483453849
STU_016345,85.81176304385187
STU_016346,77.62693829480055
STU_016347,66.38640156486309
STU_016348,70.16921550902562
STU_016349,90.52135479933472
STU_016350,63.26118871835824
STU_016351,75.40721715643626
STU_016352,84.28408064967051
STU_016353,73.21340705977912
STU_016354,54.7314237379569
STU_016355,76.5562443945629
STU_016356,75.15868294106596
STU_016357,69.10975562669026
STU_016358,80.76650247468824
STU_016359,86.92392629170841
STU_016360,78.19239976341075
STU_016361,77.19945792184875
STU_016362,77.36420932224203
STU_016363,71.72364326210922
STU_016364,67.80368507279378
STU_016365,78.59237876329428
STU_016366,70.90645015992868
STU_016367,77.90503891872973
STU_016368,60.03421661635358
STU_016369,69.47990869799975
STU_016370,55.632235386157134
STU_016371,62.59648822492098
STU_016372,88.48164867842179
STU_016373,82.73065473676053
STU_016374,70.12645377789178
STU_016375,78.50837360545201
STU_016376,88.1517360183744
STU_016377,59.3953309161235
STU_016378,84.83036303311349
STU_016379,68.06657770417124
STU_016380,88.38788850986815
STU_016381,70.83581005955794
STU_016382,78.14978719885835
STU_016383,64.2712644562671
STU_016384,90.51507181827667
STU_016385,90.6881486721981
STU_016386,78.69593894196144
STU_016387,77.43494741462817
STU_016388,68.79448052117735
STU_016389,79.92643889889884
STU_016390,79.73351063262348
STU_016391,100.0
STU_016392,83.7982361715915
STU_016393,81.07634745164049
STU_016394,93.87308003821772
STU_016395,62.77076907738337
STU_016396,88.66938145489058
STU_016397,67.59109501881912
STU_016398,65.52145067874355
STU_016399,70.61331574359075
STU_016400,85.3804667731306
STU_016401,76.04768439154265
STU_016402,95.1595255990157
STU_016403,62.06349509117574
STU_016404,72.04956895285551
STU_016405,67.58300496770178
STU_016406,67.4281202301383
STU_016407,93.9036115568883
STU_016408,87.42662375269278
STU_016409,57.09877774557503
STU_016410,60.69888849496084
STU_016411,58.008767466776035
STU_016412,50.60630508174259
STU_016413,71.67678546880502
STU_016414,83.34831794251815
STU_016415,87.16771400414069
STU_016416,82.25489310241976
STU_016417,78.70009178871902
STU_016418,98.53905799955476
STU_016419,81.2930189992494
STU_016420,67.4344718597339
STU_016421,62.470762884069465
STU_016422,66.09199769133298
STU_016423,97.27829140802952
STU_016424,74.68239209567471
STU_016425,80.94173991013155
STU_016426,75.94800580195927
STU_016427,77.08761756400303
STU_016428,93.8348977056528
STU_016429,76.63508473775322
STU_016430,86.83583105495309
STU_016431,92.24176666537237
STU_016432,59.75674036506821
STU_016433,60.24945797404957
STU_016434,68.58043788833419
STU_016435,80.5983162390182
STU_016436,94.07687929585893
STU_016437,80.55529536941802
STU_016438,77.6159257916205
STU_016439,78.61493289646913
STU_016440,72.06211231821844
STU_016441,90.9812102827888
STU_016442,90.69724640765934
STU_016443,78.72415598162644
STU_016444,77.09869707115374
STU_016445,78.69906856273805
STU_016446,71.39422380046528
STU_016447,62.74879948882209
STU_016448,71.7018077659041
STU_016449,78.87840311154105
STU_016450,71.8121365233936
STU_016451,86.79026328933872
STU_016452,84.95903343367314
STU_016453,65.8249014998585
STU_016454,68.27912082786007
STU_016455,55.93413095980215
STU_016456,68.75132172417365
STU_016457,89.36815308676253
STU_016458,79.32050111899137
STU_016459,84.7413056489074
STU_016460,80.03160068861457
STU_016461,62.0678800894938
STU_016462,86.15585698822233
STU_016463,81.38817382624771
STU_016464,83.0911611051562
STU_016465,86.56869064517241
STU_016466,75.29030908091192
STU_016467,79.48121704817922
STU_016468,67.99177317172882
STU_016469,57.902108300551866
STU_016470,75.8881135448495
STU_016471,60.04028232194814
STU_016472,80.32694188226266
STU_016473,77.23709275649566
STU_016474,68.91118774644266
STU_016475,95.44234346842478
STU_016476,90.39569964962254
STU_016477,88.95196989700747
STU_016478,88.75628523418031
STU_016479,63.902474611108275
STU_016480,73.62105011958045
STU_016481,78.03679239980549
STU_016482,65.68478852577522
STU_016483,89.05680066102289
STU_016484,71.11349776564026
STU_016485,74.83063193706786
STU_016486,88.17544619392653
STU_016487,72.85884661863685
STU_016488,79.01423862448823
STU_016489,91.49950812970789
STU_016490,72.45284474072324
STU_016491,84.71791438315456
STU_016492,89.22593587099485
STU_016493,88.18932111796857
STU_016494,80.85325951048634
STU_016495,57.850311198162814
STU_016496,85.53904526469233
STU_016497,53.64991299503841
STU_016498,72.33909134738096
STU_016499,76.03193788763868
STU_016500,73.91800877266017
STU_016501,74.07917479673445
STU_016502,78.18507112897859
STU_016503,62.694155395392805
STU_016504,82.1900160629843
STU_016505,95.8757797368614
STU_016506,78.31964934130995
STU_016507,74.76602833936984
STU_016508,87.69239052278716
STU_016509,51.51577983839572
STU_016510,76.65353347826786
STU_016511,66.55177703602844
STU_016512,70.4229871883324
STU_016513,56.93501136599335
STU_016514,87.85362750340227
STU_016515,60.33171882565767
STU_016516,66.3628914963152
STU_016517,77.92350289448694
STU_016518,81.45358224637053
STU_016519,84.50171944903211
STU_016520,64.74206380862088
STU_016521,97.75457289586033
STU_016522,55.386250057181535
STU_016523,72.10919049259401
STU_016524,75.04272250325596
STU_016525,56.789205255684244
STU_016526,98.59899450186799
STU_016527,61.681866097214325
STU_016528,75.43120130863572
STU_016529,72.23719349432767
STU_016530,83.15449440441837
STU_016531,95.33393442483171
STU_016532,99.67211749743612
STU_016533,80.81902921929232
STU_016534,85.07189677816251
STU_016535,68.08661897550914
STU_016536,81.14147314019496
STU_016537,80.27050257374732
STU_016538,60.760583555305644
STU_016539,78.9857094381272
STU_016540,78.16160979703521
STU_016541,96.64685450936831
STU_016542,64.51420488697396
STU_016543,64.57399035649371
STU_016544,84.40862291416438
STU_016545,90.64953571337045
STU_016546,76.37571214177285
STU_016547,100.0
STU_016548,94.72775749399122
STU_016549,88.33274964582851
STU_016550,75.64231812656023
STU_016551,80.19447814000202
STU_016552,87.07729129485018
STU_016553,72.36281178240237
STU_016554,86.64691726260014
STU_016555,72.92227422491604
STU_016556,77.99877826774674
STU_016557,69.85702803214136
STU_016558,74.60977356376395
STU_016559,84.42719148250693
STU_016560,66.23292740695263
STU_016561,84.88313863578577
STU_016562,80.05253973711024
STU_016563,78.7429514814143
STU_016564,71.40932314995403
STU_016565,78.38622962855547
STU_016566,86.05335916361722
STU_016567,74.2286360829685
STU_016568,77.2587036337845
STU_016569,59.71832040116962
STU_016570,70.99425127598403
STU_016571,91.56451293792034
STU_016572,62.87062490504147
STU_016573,61.424981561338456
STU_016574,95.20989580192082
STU_016575,69.58969910328194
STU_016576,81.14730051862216
STU_016577,87.11933583317182
STU_016578,86.0485454582405
STU_016579,86.34123617171092
STU_016580,85.92026219530054
STU_016581,93.47143426368528
STU_016582,68.79532255454944
STU_016583,84.1633627434853
STU_016584,95.6937594570226
STU_016585,89.26340329222148
STU_016586,85.62389042320994
STU_016587,74.97147557584995
STU_016588,80.28155027920711
STU_016589,67.62771651881286
STU_016590,77.56980977293684
STU_016591,55.61162458331646
STU_016592,77.63955060331895
STU_016593,81.43671297796118
STU_016594,48.08503225200368
STU_016595,72.62902591468031
STU_016596,89.69062943478775
STU_016597,61.98497520770378
STU_016598,84.6729543796614
STU_016599,51.89066735551273
STU_016600,56.128489464238626
STU_016601,73.15075487105804
STU_016602,60.56852838170678
STU_016603,63.2501171718813
STU_016604,81.67457252530534
STU_016605,92.96604964104608
STU_016606,75.37929279178171
STU_016607,50.243093422156605
STU_016608,86.34342751553832
STU_016609,78.75488551014132
STU_016610,81.57764045563275
STU_016611,68.41572459742414
STU_016612,94.50222998093952
STU_016613,83.22103664308958
STU_016614,73.23907674928651
STU_016615,91.70180076644763
STU_016616,84.3891220856128
STU_016617,88.81009215305197
STU_016618,78.339956956706
STU_016619,91.81015542666137
STU_016620,63.4951070808264
STU_016621,82.49599470327945
STU_016622,77.45070040031229
STU_016623,74.28570458840107
STU_016624,92.68590209486874
STU_016625,82.79639204430076
STU_016626,66.8048093354117
STU_016627,98.13948248758217
STU_016628,90.1376271030405
STU_016629,59.15872908750845
STU_016630,76.35130728099384
STU_016631,70.73514145614065
STU_016632,63.370642239012156
STU_016633,75.3609133268459
STU_016634,66.51998526298908
STU_016635,87.18067183225685
STU_016636,82.11909929185288
STU_016637,70.76970026744178
STU_016638,76.04404509931875
STU_016639,62.62149048468962
STU_016640,98.68642056225971
STU_016641,79.0535806398247
STU_016642,57.80899469125506
STU_016643,69.54947907481434
STU_016644,78.28807666844065
STU_016645,84.39347406012732
STU_016646,83.96850372679867
STU_016647,67.57441195835563
STU_016648,82.98435081358123
STU_016649,86.48222039114725
STU_016650,89.0256005825964
STU_016651,84.01373558908746
STU_016652,87.366711717021
STU_016653,83.68232901304631
STU_016654,91.29202655519123
STU_016655,75.4745601844584
STU_016656,81.91213063842874
STU_016657,82.99010972235025
STU_016658,91.06072907515147
STU_016659,77.24760175372346
STU_016660,90.21329632230463
STU_016661,66.47478565121621
STU_016662,73.41867329454419
STU_016663,85.47670797431184
STU_016664,70.66463508582888
STU_016665,76.41467509002288
STU_016666,77.25120029716194
STU_016667,70.30883281214201
STU_016668,92.1995887171557
STU_016669,70.42326573020574
STU_016670,83.87851316504715
STU_016671,96.41722424077369
STU_016672,83.55678228584631
STU_016673,67.61035212804279
STU_016674,83.37483861446968
STU_016675,72.7165571635763
STU_016676,100.0
STU_016677,91.75904602283563
STU_016678,89.062333413503
STU_016679,91.6000104454933
STU_016680,62.55807797516413
STU_016681,92.36771811895623
STU_016682,81.46161868218515
STU_016683,82.28270963817428
STU_016684,66.76475025569768
STU_016685,78.93039832731326
STU_016686,73.93948997004114
STU_016687,94.340710154867
STU_016688,62.567488550313826
STU_016689,72.73960430356482
STU_016690,60.05389134423502
STU_016691,78.08552068693311
STU_016692,76.73206386103956
STU_016693,75.27329326649277
STU_016694,85.98690806514861
STU_016695,78.62943708106633
STU_016696,78.2844555824046
STU_016697,73.63827171557273
STU_016698,87.26107382786536
STU_016699,70.52638288332061
STU_016700,77.8075931214832
STU_016701,79.12697699655189
STU_016702,82.18309968427221
STU_016703,86.3476879570415
STU_016704,83.18484487892368
STU_016705,85.26268432772063
STU_016706,76.58079553334595
STU_016707,81.2065914505197
STU_016708,86.02292033248227
STU_016709,52.772925762548354
STU_016710,77.36930805879003
STU_016711,64.10166187329916
STU_016712,55.946628475278075
STU_016713,90.83469833460092
STU_016714,93.09414868784992
STU_016715,66.7594623994076
STU_016716,66.95584676460933
STU_016717,85.95066714102659
STU_016718,57.94949550628005
STU_016719,88.87326950506771
STU_016720,91.87186749678257
STU_016721,78.34004914612255
STU_016722,76.93409810107833
STU_016723,72.1330902234463
STU_016724,78.87246380420741
STU_016725,69.28215064417746
STU_016726,64.11875128824883
STU_016727,77.26968315802961
STU_016728,63.27807826391929
STU_016729,81.48220721072978
STU_016730,84.90870772473268
STU_016731,69.58090718684497
STU_016732,83.58705530244002
STU_016733,86.0246435006118
STU_016734,65.96275354839295
STU_016735,82.25244666138022
STU_016736,62.28406051403046
STU_016737,73.55535261744856
STU_016738,75.1833717525761
STU_016739,85.40241026062493
STU_016740,73.25528636815332
STU_016741,78.49961570072144
STU_016742,89.72840280260702
STU_016743,81.79438046090829
STU_016744,67.53571948532768
STU_016745,68.45008789033139
STU_016746,59.90020795246439
STU_016747,83.0600585914327
STU_016748,81.49389626658217
STU_016749,55.72653722307967
STU_016750,88.08799469491191
STU_016751,86.17746308874241
STU_016752,60.48937565622693
STU_016753,76.3595795839446
STU_016754,100.0
STU_016755,74.18661595113969
STU_016756,81.31571345967689
STU_016757,86.31811094411958
STU_016758,64.69095684199948
STU_016759,93.90490539056776
STU_016760,73.5108193802958
STU_016761,76.4569642536172
STU_016762,75.96990963210465
STU_016763,81.0293889787059
STU_016764,69.26410767457553
STU_016765,83.90780657389844
STU_016766,91.71312317741177
STU_016767,83.38570120229636
STU_016768,86.77177915802814
STU_016769,56.37030112616767
STU_016770,54.80873255793503
STU_016771,65.90811160380076
STU_016772,91.12858621998022
STU_016773,73.2819227889167
STU_016774,80.40025384800019
STU_016775,78.09747565903307
STU_016776,91.10686051567238
STU_016777,55.30789143988275
STU_016778,77.72168737602215
STU_016779,73.02150111113126
STU_016780,82.31355317994507
STU_016781,49.55668604298285
STU_016782,82.86135090669998
STU_016783,73.65008117170255
STU_016784,94.59050199571985
STU_016785,91.43361119158249
STU_016786,75.95553323097295
STU_016787,72.46336575836663
STU_016788,92.00018242049563
STU_016789,74.64353549555528
STU_016790,80.81465251137988
STU_016791,72.61183786715392
STU_016792,71.48137841814814
STU_016793,82.0885996144643
STU_016794,78.82662107082912
STU_016795,81.87379867144831
STU_016796,85.87471418960229
STU_016797,66.64785670055913
STU_016798,79.40394117352281
STU_016799,91.13157677555324
STU_016800,62.50714902817031
STU_016801,60.640552479778975
STU_016802,67.34303017133539
STU_016803,86.336594557397
STU_016804,89.59294631263855
STU_016805,58.60163394304085
STU_016806,76.31530181940967
STU_016807,76.43222182979059
STU_016808,85.69473609953434
STU_016809,85.89429415790437
STU_016810,55.22345696077312
STU_016811,77.52526665956891
STU_016812,75.37955486104116
STU_016813,78.02356806887208
STU_016814,89.61119781717923
STU_016815,75.9380901866629
STU_016816,71.06149948928504
STU_016817,97.82948565453539
STU_016818,57.11182281929715
STU_016819,83.77765632388486
STU_016820,82.40076830309602
STU_016821,83.38055956793598
STU_016822,79.4223168736774
STU_016823,100.0
STU_016824,81.13510710216055
STU_016825,80.56940331746348
STU_016826,72.78181672940684
STU_016827,78.9602995962829
STU_016828,80.90954951448909
STU_016829,78.34949057060923
STU_016830,76.57656234896893
STU_016831,83.09823551084247
STU_016832,77.73581045802055
STU_016833,67.21818790515982
STU_016834,83.90850488290778
STU_016835,80.05656592284717
STU_016836,86.87019718710002
STU_016837,95.3286144319648
STU_016838,90.24423160529525
STU_016839,72.76257980895242
STU_016840,81.55826784417272
STU_016841,94.42924846660532
STU_016842,72.92751894903415
STU_016843,69.80075569536821
STU_016844,85.60781413627168
STU_016845,68.21645161881969
STU_016846,72.11312547744053
STU_016847,80.01882259374256
STU_016848,62.017521397475946
STU_016849,70.11507796915953
STU_016850,73.90740245957159
STU_016851,66.52490918178975
STU_016852,86.79430772308268
STU_016853,87.8809750562635
STU_016854,88.73271198766398
STU_016855,77.09193709038786
STU_016856,92.21519531922571
STU_016857,69.83944136681919
STU_016858,60.87750379918202
STU_016859,100.0
STU_016860,95.81573978763146
STU_016861,79.62815309482573
STU_016862,91.78349094322272
STU_016863,97.46696527232972
STU_016864,52.21994042401615
STU_016865,86.64802020442173
STU_016866,68.19798682666122
STU_016867,90.46368549922552
STU_016868,76.8046430104791
STU_016869,88.87719086099072
STU_016870,66.12506273820603
STU_016871,68.6902249996333
STU_016872,79.8594312930666
STU_016873,92.20336322091558
STU_016874,72.49108987841176
STU_016875,85.06497151790258
STU_016876,70.63997784195189
STU_016877,99.75307089778299
STU_016878,63.419262751249136
STU_016879,91.35120129889563
STU_016880,89.2994695433714
STU_016881,69.5189886303713
STU_016882,73.3191048874843
STU_016883,87.03931508067242
STU_016884,73.15897098097959
STU_016885,89.5659144504832
STU_016886,85.2595044686159
STU_016887,69.0807279331096
STU_016888,86.71790922198434
STU_016889,74.62484585421342
STU_016890,72.711206782219
STU_016891,75.35636528887203
STU_016892,83.06529783566207
STU_016893,69.21190653137431
STU_016894,82.40525754323299
STU_016895,70.06974231966001
STU_016896,66.11783833500904
STU_016897,62.802983200915484
STU_016898,97.03258150065318
STU_016899,78.6495435536003
STU_016900,95.24082046820129
STU_016901,74.16622876106798
STU_016902,90.53032980939744
STU_016903,78.43489972686812
STU_016904,86.74406059978884
STU_016905,84.46421184211398
STU_016906,72.08786848721834
STU_016907,85.83987278939011
STU_016908,64.88854791095756
STU_016909,85.74687890890384
STU_016910,75.02561156335392
STU_016911,72.57965145602664
STU_016912,71.21534866348453
STU_016913,65.78576417316305
STU_016914,89.89947525095297
STU_016915,86.98393182104459
STU_016916,78.94659652286619
STU_016917,82.11756436199909
STU_016918,53.83459283509186
STU_016919,69.41025685988241
STU_016920,74.48874582473428
STU_016921,75.70160456814763
STU_016922,73.7069057606544
STU_016923,87.81989967241607
STU_016924,52.83086198628425
STU_016925,79.79856139005386
STU_016926,74.5601357087543
STU_016927,68.04783096914653
STU_016928,73.79431059179134
STU_016929,66.24902845304666
STU_016930,91.33369167405576
STU_016931,54.16155537574235
STU_016932,81.50589052104796
STU_016933,82.95045736739169
STU_016934,70.2774160609654
STU_016935,73.84204573975835
STU_016936,66.72847594302318
STU_016937,69.46981291318853
STU_016938,88.78172408239912
STU_016939,91.30936716027068
STU_016940,87.53861158810703
STU_016941,73.96767294137234
STU_016942,76.57576922830484
STU_016943,80.42040253445022
STU_016944,77.69525298345921
STU_016945,89.431321701298
STU_016946,84.57209118064405
STU_016947,74.49982351212876
STU_016948,73.7993227163299
STU_016949,68.66288979794652
STU_016950,71.14911068054431
STU_016951,95.61171371302915
STU_016952,64.59759871779919
STU_016953,73.78735539567964
STU_016954,71.75726985194677
STU_016955,86.92987322559708
STU_016956,89.62802276982111
STU_016957,70.79310133338473
STU_016958,73.68614089150854
STU_016959,95.53989200809141
STU_016960,86.13646935188682
STU_016961,69.37909783892815
STU_016962,80.7792578854405
STU_016963,94.84178088979132
STU_016964,90.10761415694571
STU_016965,89.73211334520053
STU_016966,80.36258093764354
STU_016967,89.31266049813183
STU_016968,94.5681326384752
STU_016969,68.44753008244874
STU_016970,79.13240645715219
STU_016971,68.82935770290705
STU_016972,93.86408646615365
STU_016973,77.49357991181151
STU_016974,79.5425325691541
STU_016975,67.84232156630668
STU_016976,73.57335543587128
STU_016977,84.7236630727341
STU_016978,73.06586490831431
STU_016979,66.00127317953506
STU_016980,84.91941411373233
STU_016981,69.86477049967917
STU_016982,79.7608819521768
STU_016983,72.44023562007885
STU_016984,70.88237399143367
STU_016985,96.83299589758744
STU_016986,85.53578683403376
STU_016987,80.41458411077318
STU_016988,73.6558165859652
STU_016989,87.54993391964518
STU_016990,80.8194826367323
STU_016991,63.88250554394802
STU_016992,80.19042420518895
STU_016993,75.57438791051462
STU_016994,65.8376562982554
STU_016995,66.72141449180582
STU_016996,92.21928168364126
STU_016997,82.32674429507053
STU_016998,89.24916621476936
STU_016999,97.45919790694458
STU_017000,87.15592206172334
STU_017001,84.40925498737272
STU_017002,95.98649143994739
STU_017003,94.27649890354517
STU_017004,69.66610301090552
STU_017005,81.01724791687103
STU_017006,83.20352729804726
STU_017007,77.51570834472528
STU_017008,78.04790965364191
STU_017009,82.81804583347969
STU_017010,74.49491485438668
STU_017011,60.84890227940153
STU_017012,54.71372616764294
STU_017013,96.13185281806435
STU_017014,81.80174910736825
STU_017015,79.10621751321393
STU_017016,87.97866190319378
STU_017017,67.93304120951484
STU_017018,74.42889062213813
STU_017019,59.82795849498025
STU_017020,70.01479804067023
STU_017021,83.74130058420707
STU_017022,76.0946220363515
STU_017023,60.6462459838048
STU_017024,63.86788907237566
STU_017025,63.33791388944006
STU_017026,84.45408565228384
STU_017027,83.55942760826376
STU_017028,75.0151340507492
STU_017029,86.20790561285418
STU_017030,89.1897485719056
STU_017031,57.16356542630744
STU_017032,91.56172768936608
STU_017033,87.02274636925739
STU_017034,75.50397801743543
STU_017035,73.50990857762031
STU_017036,88.3102866929251
STU_017037,92.01229473598104
STU_017038,95.38329810407605
STU_017039,88.22080444593877
STU_017040,98.51591631553413
STU_017041,62.426273652600116
STU_017042,83.48787280752852
STU_017043,75.85497142852654
STU_017044,94.53946288766875
STU_017045,85.32726316819716
STU_017046,81.86387599484834
STU_017047,96.79714503066279
STU_017048,67.82299693654741
STU_017049,87.23646237751633
STU_017050,71.07812181588264
STU_017051,79.0489065207165
STU_017052,90.48902472704926
STU_017053,80.66827329671396
STU_017054,88.70953003371204
STU_017055,84.52254837320066
STU_017056,80.64680053939628
STU_017057,94.81032289355517
STU_017058,82.08435174266234
STU_017059,66.7843575365891
STU_017060,65.81610330377194
STU_017061,88.61262197851082
STU_017062,66.36247015163342
STU_017063,79.36628474430209
STU_017064,73.29723539008225
STU_017065,93.77206633714484
STU_017066,71.19486757242466
STU_017067,91.71587075429238
STU_017068,75.20781583774891
STU_017069,86.70903463605609
STU_017070,81.50846705014195
STU_017071,81.35173403610852
STU_017072,76.0679819668064
STU_017073,92.7017154051248
STU_017074,83.84906189172075
STU_017075,90.56787391510804
STU_017076,55.19682680569196
STU_017077,87.29976684294272
STU_017078,69.46853623071968
STU_017079,63.76657601841329
STU_017080,62.129862521404505
STU_017081,74.65016354333474
STU_017082,85.69354539026818
STU_017083,67.7896631810346
STU_017084,60.38224131827177
STU_017085,68.62550960701125
STU_017086,89.54641328459255
STU_017087,70.7827644470707
STU_017088,90.59914252783885
STU_017089,70.93760746878078
STU_017090,88.96289325995872
STU_017091,72.75766834001715
STU_017092,87.18730543042894
STU_017093,58.18069538939497
STU_017094,82.46606668413199
STU_017095,55.63248502871849
STU_017096,62.45509144394056
STU_017097,62.056252880833874
STU_017098,51.781990177683994
STU_017099,76.25689706547976
STU_017100,84.69723998220186
STU_017101,80.11106396903396
STU_017102,80.9266335843729
STU_017103,76.033380568926
STU_017104,83.75681600014698
STU_017105,77.27041264534266
STU_017106,72.0870154808178
STU_017107,51.14200754665773
STU_017108,81.37042709332607
STU_017109,75.31742709495795
STU_017110,74.85034968861139
STU_017111,84.15411019220896
STU_017112,88.70422375723831
STU_017113,62.14217743335699
STU_017114,75.25444159005585
STU_017115,80.85310590842167
STU_017116,95.25251981173041
STU_017117,51.415908942965075
STU_017118,84.42417247044632
STU_017119,86.75681769650795
STU_017120,87.47603395542414
STU_017121,72.62820592911731
STU_017122,97.1529072819601
STU_017123,71.88576320227084
STU_017124,73.69140840120839
STU_017125,76.5033597331205
STU_017126,85.22242209198751
STU_017127,63.75315258892872
STU_017128,73.94784053855824
STU_017129,68.57396219914557
STU_017130,74.57095919862331
STU_017131,76.25944177504876
STU_017132,75.95190223783692
STU_017133,77.52953237798916
STU_017134,90.61738917467486
STU_017135,63.224283325132
STU_017136,83.39105600508765
STU_017137,66.99500132331399
STU_017138,77.40195701260615
STU_017139,90.56623355931858
STU_017140,82.15954549079459
STU_017141,87.73772221016505
STU_017142,91.27001289027666
STU_017143,54.509830101018
STU_017144,91.72141058027401
STU_017145,88.5648549601855
STU_017146,95.66326438592718
STU_017147,98.64255637364211
STU_017148,74.27953557577182
STU_017149,79.04686796683143
STU_017150,63.04885724266205
STU_017151,78.24285078129051
STU_017152,75.0107774470257
STU_017153,81.09590574567889
STU_017154,77.79125845856792
STU_017155,57.079112766604055
STU_017156,62.03537450538248
STU_017157,77.95791576779189
STU_017158,86.88232320321832
STU_017159,65.89878985544799
STU_017160,67.59061951485032
STU_017161,81.3399340222093
STU_017162,81.61769335989948
STU_017163,78.42663790742482
STU_017164,93.23019825581338
STU_017165,70.19824300672758
STU_017166,74.86635293889204
STU_017167,63.9495335144307
STU_017168,83.49940678890803
STU_017169,86.0557359390792
STU_017170,87.18522901725962
STU_017171,89.35434449645203
STU_017172,74.26580453919323
STU_017173,64.85109173785258
STU_017174,64.69402866594639
STU_017175,97.4568771523461
STU_017176,83.21377117909763
STU_017177,70.74009094599387
STU_017178,85.58332340031198
STU_017179,83.41670730955386
STU_017180,72.57077722867506
STU_017181,84.32264812296741
STU_017182,70.11965971138919
STU_017183,97.11419143075476
STU_017184,85.49191326598017
STU_017185,94.9569064418865
STU_017186,72.59415394614011
STU_017187,85.9245765544515
STU_017188,78.22089774898579
STU_017189,54.06950988724249
STU_017190,83.83325646103117
STU_017191,72.15704827802126
STU_017192,66.8194040842753
STU_017193,63.60316941820115
STU_017194,80.15334310402051
STU_017195,75.11198423119703
STU_017196,79.11883741244854
STU_017197,78.41260069436714
STU_017198,75.90094352179378
STU_017199,77.21392661695327
STU_017200,74.19772603631799
STU_017201,68.82489240933869
STU_017202,86.81143006619118
STU_017203,79.11370672301229
STU_017204,68.06305710511363
STU_017205,85.97955034646566
STU_017206,78.30774209989943
STU_017207,90.21235584692346
STU_017208,67.48563881860045
STU_017209,62.22537003143696
STU_017210,45.46778755087527
STU_017211,86.76337949121384
STU_017212,91.02322433182192
STU_017213,93.10735129368996
STU_017214,83.97473614635466
STU_017215,63.751076946045394
STU_017216,67.05431358880878
STU_017217,100.0
STU_017218,74.14588845558171
STU_017219,87.97918843511212
STU_017220,77.50137343626307
STU_017221,71.1176812647524
STU_017222,69.65060796325545
STU_017223,80.18743275312677
STU_017224,84.14556691206906
STU_017225,91.1814696055599
STU_017226,80.75223304251163
STU_017227,72.9012226519404
STU_017228,84.3779187920765
STU_017229,67.83901091955009
STU_017230,92.18300642668507
STU_017231,76.27597874529471
STU_017232,76.1807607678886
STU_017233,75.0226147793497
STU_017234,89.74859996252621
STU_017235,80.76020827296897
STU_017236,65.69882079496409
STU_017237,91.50230386064264
STU_017238,82.76161649708284
STU_017239,53.54285607078483
STU_017240,90.75984000729643
STU_017241,74.74635694227435
STU_017242,44.883430246913186
STU_017243,83.25852890587855
STU_017244,73.2415481960857
STU_017245,87.79360404472376
STU_017246,86.849504526111
STU_017247,60.84025651450098
STU_017248,65.77253998796382
STU_017249,64.64066708863115
STU_017250,57.318678181626666
STU_017251,87.56891942818898
STU_017252,65.40096641631293
STU_017253,87.93907398394296
STU_017254,49.08768465253049
STU_017255,62.52196235658366
STU_017256,55.928062622149476
STU_017257,82.7798272435189
STU_017258,76.88284731705585
STU_017259,72.02349452226622
STU_017260,71.18940100438212
STU_017261,67.8175044460068
STU_017262,72.62701583319759
STU_017263,79.23751533018869
STU_017264,73.24317835845876
STU_017265,89.16987494242225
STU_017266,59.16658351779031
STU_017267,77.47172324798308
STU_017268,76.80715258410903
STU_017269,71.07096780267534
STU_017270,83.7553949408221
STU_017271,78.28806696047629
STU_017272,61.491991491428934
STU_017273,84.60181676607596
STU_017274,83.07588628545966
STU_017275,74.29841256095554
STU_017276,60.71106536343592
STU_017277,77.80984557319495
STU_017278,91.94684906563128
STU_017279,75.17761884545673
STU_017280,78.80236847795834
STU_017281,69.56528144294957
STU_017282,76.33780225226049
STU_017283,81.76402106413326
STU_017284,85.85668562025151
STU_017285,86.40700262529332
STU_017286,77.96232046339821
STU_017287,68.04897926321279
STU_017288,65.50335254058997
STU_017289,76.53085894269297
STU_017290,88.80081038272283
STU_017291,83.89956117877524
STU_017292,69.27949049764189
STU_017293,73.43831589786399
STU_017294,66.59013401055739
STU_017295,80.58692320375901
STU_017296,74.50040872064537
STU_017297,94.73208365614732
STU_017298,73.00814117808022
STU_017299,73.64733574734817
STU_017300,67.30690730747622
STU_017301,68.26167329880246
STU_017302,71.4423249776502
STU_017303,90.616417815972
STU_017304,85.71415428795424
STU_017305,79.07440986240522
STU_017306,82.45997615887052
STU_017307,92.96985497101984
STU_017308,91.51526540443382
STU_017309,90.47159699478135
STU_017310,69.7017408995068
STU_017311,82.1930564758755
STU_017312,72.23362947498434
STU_017313,91.20337883198592
STU_017314,84.0414519808983
STU_017315,88.29324964114687
STU_017316,73.06110731183355
STU_017317,89.66018204923643
STU_017318,43.96775741977496
STU_017319,65.26482682496857
STU_017320,88.6058600852464
STU_017321,78.8783286175732
STU_017322,77.80216345438726
STU_017323,80.24802681515666
STU_017324,88.04034087796842
STU_017325,85.28455302158991
STU_017326,71.19508393930239
STU_017327,82.7434102064061
STU_017328,79.92806832659926
STU_017329,44.31601429522449
STU_017330,84.30017989336991
STU_017331,78.38322807266731
STU_017332,73.74542629598105
STU_017333,72.8535838495632
STU_017334,82.58941151691917
STU_017335,84.02965945125504
STU_017336,65.58692669453862
STU_017337,79.9473045326172
STU_017338,83.12973271353471
STU_017339,96.84869110670937
STU_017340,84.44939186380884
STU_017341,91.019922590291
STU_017342,65.85675003233271
STU_017343,87.1352945224931
STU_017344,67.63616827479514
STU_017345,76.99283501818502
STU_017346,67.11104859542165
STU_017347,92.03324926339947
STU_017348,74.66591359174417
STU_017349,83.35887761478597
STU_017350,57.544592116403166
STU_017351,72.81884530179292
STU_017352,67.62878538743138
STU_017353,56.55561374478741
STU_017354,85.77123403267056
STU_017355,58.047085333091694
STU_017356,68.81999758037337
STU_017357,62.763956298208676
STU_017358,64.86830756443419
STU_017359,87.98968325601543
STU_017360,96.89045140442798
STU_017361,92.8662590247225
STU_017362,68.7796850354489
STU_017363,82.80445551056836
STU_017364,90.197205807116
STU_017365,84.07774515630494
STU_017366,82.00133997520622
STU_017367,100.0
STU_017368,58.34224457473603
STU_017369,56.3446403976406
STU_017370,84.97219955885454
STU_017371,82.67434351853765
STU_017372,86.88737817163737
STU_017373,63.63260451504649
STU_017374,54.81801998858051
STU_017375,87.43355324741441
STU_017376,76.89761634845144
STU_017377,64.42598181009248
STU_017378,79.10761449147512
STU_017379,65.14414510874668
STU_017380,69.8252664071133
STU_017381,65.13165085114606
STU_017382,86.05253754961606
STU_017383,76.43481071199815
STU_017384,73.24411760100658
STU_017385,75.35644098412644
STU_017386,75.40642088040374
STU_017387,85.65601742237111
STU_017388,65.83414110326417
STU_017389,81.26890357191066
STU_017390,72.92396628273576
STU_017391,74.54525838642938
STU_017392,75.44578811882269
STU_017393,70.87977795083303
STU_017394,69.94685450885576
STU_017395,60.202790625269834
STU_017396,82.01345304042209
STU_017397,79.90004616341032
STU_017398,80.65301193094864
STU_017399,89.25325828247622
STU_017400,55.03209276213512
STU_017401,51.37474245012616
STU_017402,90.9508043992792
STU_017403,69.71944403423646
STU_017404,68.12411244408233
STU_017405,67.53311232638991
STU_017406,71.28199486870905
STU_017407,71.55044744760234
STU_017408,82.85180338822488
STU_017409,79.87193082396797
STU_017410,76.43249309527154
STU_017411,60.5681882862777
STU_017412,79.19532313632003
STU_017413,86.07352007335966
STU_017414,76.29749484006759
STU_017415,59.735024404339036
STU_017416,67.62181120186492
STU_017417,80.539840259243
STU_017418,87.94660845124399
STU_017419,69.04793286270548
STU_017420,81.31524011369498
STU_017421,74.01407161251966
STU_017422,79.20904158820987
STU_017423,70.92078445898376
STU_017424,64.92195882304463
STU_017425,79.21863470145281
STU_017426,72.25123505488752
STU_017427,80.61164842752794
STU_017428,70.98302205363551
STU_017429,66.81610059251312
STU_017430,95.58186270243343
STU_017431,77.01603199084285
STU_017432,95.13120532101983
STU_017433,87.56917037680773
STU_017434,77.40564136665516
STU_017435,81.87380804656854
STU_017436,76.93239797488982
STU_017437,80.72985195917978
STU_017438,96.84253943978098
STU_017439,60.866394672470584
STU_017440,88.57863040487678
STU_017441,55.0376359088079
STU_017442,79.515417659288
STU_017443,86.22384578594661
STU_017444,78.83698780171883
STU_017445,90.3988867793054
STU_017446,85.4609212422165
STU_017447,72.67891133306557
STU_017448,79.44285140964703
STU_017449,86.07634919166588
STU_017450,83.09048112808516
STU_017451,75.13927898594015
STU_017452,81.91580469696382
STU_017453,90.81686231694451
STU_017454,62.0222037198591
STU_017455,90.28139681975296
STU_017456,78.36547556297543
STU_017457,70.49512573749982
STU_017458,61.67654895859326
STU_017459,80.36440811130686
STU_017460,67.39397115235212
STU_017461,81.33887509117996
STU_017462,79.17626817576199
STU_017463,92.0851359867884
STU_017464,81.6435085155226
STU_017465,79.65316978309102
STU_017466,79.3910880918732
STU_017467,55.99343664307921
STU_017468,84.98198077103171
STU_017469,92.37198931475722
STU_017470,82.72633442269374
STU_017471,86.17687767380653
STU_017472,72.61664050325207
STU_017473,94.0658445305931
STU_017474,41.28496631057049
STU_017475,67.24462543592323
STU_017476,70.64111662990358
STU_017477,70.46656689485852
STU_017478,56.620816504415835
STU_017479,79.6717231616764
STU_017480,95.05784911723751
STU_017481,90.2867700777021
STU_017482,81.307825634565
STU_017483,90.1621333644424
STU_017484,86.42652612080165
STU_017485,87.9005526570025
STU_017486,76.77429117235741
STU_017487,90.30057337343112
STU_017488,62.647249764686784
STU_017489,63.22488983426453
STU_017490,93.01695283684793
STU_017491,80.49626599849813
STU_017492,61.23351836958324
STU_017493,82.13715046319457
STU_017494,77.5373730842473
STU_017495,52.85188854167223
STU_017496,77.45675213439078
STU_017497,82.03178281003545
STU_017498,63.809871092676524
STU_017499,83.32245182161336
STU_017500,83.16690447160698
STU_017501,76.01684098630912
STU_017502,85.36062235119766
STU_017503,74.7410457471357
STU_017504,87.19373952546741
STU_017505,79.11342392996158
STU_017506,82.87422556154172
STU_017507,57.82467074335303
STU_017508,72.47191919693519
STU_017509,82.83450464922296
STU_017510,95.49823100725771
STU_017511,72.14973140394859
STU_017512,75.69448476895026
STU_017513,79.89977030710327
STU_017514,73.05083961928868
STU_017515,76.11204599971477
STU_017516,95.73531833482129
STU_017517,83.44273596246346
STU_017518,82.61108087638152
STU_017519,91.01809450149383
STU_017520,97.4038714223025
STU_017521,63.78537462674342
STU_017522,73.94733212809308
STU_017523,78.74780574774826
STU_017524,67.35399272326444
STU_017525,70.30173530721574
STU_017526,80.1283626380989
STU_017527,81.56936934409384
STU_017528,72.27033344879491
STU_017529,95.9028138879843
STU_017530,84.14437569225336
STU_017531,87.45444979282095
STU_017532,67.54228391397373
STU_017533,69.35482359416861
STU_017534,59.76759731043011
STU_017535,75.44016766573031
STU_017536,85.22527080929461
STU_017537,93.19921440945703
STU_017538,94.58500999089159
STU_017539,77.80372810774041
STU_017540,96.6803814581748
STU_017541,52.291576057775686
STU_017542,70.19094347747429
STU_017543,81.48269014158753
STU_017544,96.55257295855107
STU_017545,75.54811441280683
STU_017546,71.72222072114985
STU_017547,92.97132803634875
STU_017548,76.83376840364738
STU_017549,97.25217181408087
STU_017550,74.9424997582235
STU_017551,94.26290721320967
STU_017552,59.501287227222264
STU_017553,86.39630298307364
STU_017554,67.10941333493788
STU_017555,72.23377797014889
STU_017556,78.62538078519958
STU_017557,62.26391513337768
STU_017558,51.121123121125784
STU_017559,78.008400199012
STU_017560,77.49970249074168
STU_017561,92.9656780400494
STU_017562,68.06296055005578
STU_017563,72.56195497034277
STU_017564,66.98200602185149
STU_017565,72.93033039415221
STU_017566,82.19576831899697
STU_017567,72.57435713958829
STU_017568,73.82466726254563
STU_017569,83.30669825794266
STU_017570,96.44549684674374
STU_017571,88.93540523947999
STU_017572,81.30580217080433
STU_017573,77.73150669091994
STU_017574,83.91199726197247
STU_017575,88.57571111338811
STU_017576,82.57797221127637
STU_017577,66.23157555723475
STU_017578,77.55415088022792
STU_017579,73.50545580371305
STU_017580,81.98056693382352
STU_017581,74.27086254340483
STU_017582,74.08664508697193
STU_017583,95.05447208921498
STU_017584,59.40192616915275
STU_017585,60.68047896235636
STU_017586,81.73432391604518
STU_017587,65.1653700525648
STU_017588,69.71730355788954
STU_017589,88.81930167917253
STU_017590,70.43163443732524
STU_017591,92.0328611368539
STU_017592,73.16733086260913
STU_017593,58.95398198020402
STU_017594,68.2691304152927
STU_017595,96.53614014073213
STU_017596,75.97592636927648
STU_017597,88.57746003878052
STU_017598,58.83757288019913
STU_017599,67.36311044084808
STU_017600,80.79096602563067
STU_017601,73.34131212558933
STU_017602,64.45370689309641
STU_017603,88.8801027183766
STU_017604,81.43847703035416
STU_017605,72.24251678784736
STU_017606,86.75021300447025
STU_017607,81.22093970124767
STU_017608,92.21834028969643
STU_017609,72.90732616844748
STU_017610,78.18177153731334
STU_017611,74.9082578524293
STU_017612,95.325573741846
STU_017613,87.12090020079306
STU_017614,90.78881270879356
STU_017615,71.40706046376428
STU_017616,87.8909082886357
STU_017617,87.25473822506135
STU_017618,48.33198251760787
STU_017619,66.43071557817989
STU_017620,76.6172985726329
STU_017621,85.97281818573198
STU_017622,93.50740260588998
STU_017623,59.488264169971806
STU_017624,69.97005756885544
STU_017625,72.87061247658113
STU_017626,59.590547078285404
STU_017627,62.30676913645434
STU_017628,74.73949371780574
STU_017629,75.24716336806658
STU_017630,59.42328502451688
STU_017631,55.05693473574101
STU_017632,77.09868336151483
STU_017633,78.73397776141086
STU_017634,82.72270474257232
STU_017635,75.31365494006984
STU_017636,71.12177313162367
STU_017637,90.38849841503887
STU_017638,69.21810175920467
STU_017639,86.02854866719656
STU_017640,91.71491390937985
STU_017641,98.33925470992004
STU_017642,70.45375155909119
STU_017643,76.24533300301641
STU_017644,82.01318180050521
STU_017645,84.29077730124217
STU_017646,80.30019879904887
STU_017647,66.31923513099758
STU_017648,87.9859100986802
STU_017649,95.24995138550806
STU_017650,95.19848119671371
STU_017651,76.67470165540878
STU_017652,75.3552719700069
STU_017653,97.44325659735848
STU_017654,75.27885555499783
STU_017655,84.49932534175045
STU_017656,86.96775387960429
STU_017657,57.83698177272761
STU_017658,70.43654880495005
STU_017659,100.0
STU_017660,77.3394395563107
STU_017661,81.69431711093759
STU_017662,70.2694624061414
STU_017663,80.37495661864591
STU_017664,77.11970880294079
STU_017665,68.13837151863176
STU_017666,77.90651826068108
STU_017667,73.91269066694007
STU_017668,72.77632474416637
STU_017669,73.66482848286422
STU_017670,57.311019766731604
STU_017671,73.72007297587494
STU_017672,70.08354812392642
STU_017673,79.46857676338152
STU_017674,75.00074455784889
STU_017675,76.07105230154167
STU_017676,74.24815674001576
STU_017677,81.06332884098519
STU_017678,83.93173843402637
STU_017679,86.46617689628061
STU_017680,76.5331390818696
STU_017681,86.51821881546294
STU_017682,77.56105702914446
STU_017683,77.61873720925482
STU_017684,85.13235765984766
STU_017685,74.15831289339397
STU_017686,66.1888529825313
STU_017687,76.11607246473756
STU_017688,75.33257362375707
STU_017689,89.4693064873686
STU_017690,70.62282694720541
STU_017691,80.87213167115412
STU_017692,74.4135240518489
STU_017693,66.42658610568326
STU_017694,78.42034855300317
STU_017695,92.82818801515677
STU_017696,80.6854252407888
STU_017697,45.68172068559391
STU_017698,53.50270555995899
STU_017699,92.04334970175572
STU_017700,60.221543142314246
STU_017701,53.18879466050338
STU_017702,79.92944905076334
STU_017703,77.9851033577142
STU_017704,63.07868674687184
STU_017705,64.24888903520566
STU_017706,79.41820731573905
STU_017707,51.90358232714461
STU_017708,92.34155973039353
STU_017709,86.690296061605
STU_017710,86.94219514578786
STU_017711,100.0
STU_017712,73.89327236418544
STU_017713,78.04989845675789
STU_017714,81.97327868897793
STU_017715,72.60940047919638
STU_017716,61.14787539828731
STU_017717,73.29965251836107
STU_017718,89.28785144265514
STU_017719,77.68438607389223
STU_017720,74.43093880857862
STU_017721,84.8738264486582
STU_017722,100.0
STU_017723,72.63049236476948
STU_017724,76.26831556257122
STU_017725,91.39087438882733
STU_017726,89.57487999469998
STU_017727,86.41096802650347
STU_017728,84.08405534629402
STU_017729,74.87238858965098
STU_017730,66.4427498611662
STU_017731,63.527655566209674
STU_017732,77.15554003730995
STU_017733,65.35784974947535
STU_017734,70.72061081756979
STU_017735,68.23370825740443
STU_017736,70.2343864442073
STU_017737,62.26431282889521
STU_017738,94.76204822770049
STU_017739,82.17103202669601
STU_017740,80.76645105142015
STU_017741,87.45533766678595
STU_017742,87.58670677833287
STU_017743,87.66375597751883
STU_017744,86.83867313133292
STU_017745,85.89038646979003
STU_017746,85.60748744038133
STU_017747,72.80333360361877
STU_017748,73.61988573322512
STU_017749,68.56775039032559
STU_017750,88.39730489724816
STU_017751,80.12755344407718
STU_017752,77.39953693123785
STU_017753,93.37639477443072
STU_017754,87.32872073447012
STU_017755,90.19033750267536
STU_017756,84.58206290524822
STU_017757,61.83013627778202
STU_017758,72.34383840094343
STU_017759,82.35604191828631
STU_017760,92.83068473348781
STU_017761,67.37223152767649
STU_017762,98.67187534027006
STU_017763,90.15234847623944
STU_017764,64.12859160029673
STU_017765,89.8000958217675
STU_017766,78.78040563336393
STU_017767,58.94387165903016
STU_017768,69.53206120674102
STU_017769,86.15403856292143
STU_017770,74.79968751607862
STU_017771,65.16089395067536
STU_017772,76.84618267427643
STU_017773,55.99160111388808
STU_017774,98.5266246840587
STU_017775,85.17986083474068
STU_017776,82.40826028602251
STU_017777,78.9258721309539
STU_017778,85.15219172994091
STU_017779,57.73006051272446
STU_017780,75.59803853994826
STU_017781,80.06706400480847
STU_017782,72.42538593904885
STU_017783,68.90173352641771
STU_017784,81.5814427708421
STU_017785,83.93051242704519
STU_017786,77.19924337968288
STU_017787,83.32168307862699
STU_017788,75.21887788178304
STU_017789,83.85308091884168
STU_017790,59.16695479798279
STU_017791,88.50075239945578
STU_017792,70.25742791812134
STU_017793,73.50211479735628
STU_017794,70.92273623902528
STU_017795,73.68855400007291
STU_017796,81.23510966479387
STU_017797,86.9555991577264
STU_017798,94.839483481205
STU_017799,100.0
STU_017800,88.82945381849301
STU_017801,75.10628787907439
STU_017802,93.06986833170544
STU_017803,65.73374149599012
STU_017804,78.22678783061806
STU_017805,75.51885543277417
STU_017806,69.69930711096721
STU_017807,94.12636209533626
STU_017808,76.19647211279484
STU_017809,83.22091917751135
STU_017810,98.2044097652769
STU_017811,78.77769084489401
STU_017812,91.51358529406716
STU_017813,83.71804634740289
STU_017814,74.55851598523941
STU_017815,70.44259377879126
STU_017816,56.72050896879896
STU_017817,56.85081022703801
STU_017818,91.00207924733144
STU_017819,86.89886585874233
STU_017820,86.39018919924652
STU_017821,73.51492019061553
STU_017822,87.95685737577081
STU_017823,94.11810828630354
STU_017824,59.28976522474795
STU_017825,76.13758992383707
STU_017826,83.67008457761239
STU_017827,87.41433667658319
STU_017828,64.59053771235689
STU_017829,69.81464757655826
STU_017830,71.01607601349744
STU_017831,84.69589362805596
STU_017832,85.786086026892
STU_017833,54.66777928705765
STU_017834,80.8176107606237
STU_017835,73.50725514928163
STU_017836,81.21721382857746
STU_017837,76.33517012002312
STU_017838,73.13906450488312
STU_017839,94.47326961566414
STU_017840,71.70424086855645
STU_017841,88.51928106279482
STU_017842,78.7878713288973
STU_017843,80.3521454435346
STU_017844,71.88489937652696
STU_017845,96.64870125831648
STU_017846,92.92782931325328
STU_017847,58.80176660424205
STU_017848,67.05654069936963
STU_017849,54.821781630877034
STU_017850,72.0789664559205
STU_017851,63.34933872652937
STU_017852,81.16107352888415
STU_017853,73.32106689874124
STU_017854,93.93149626812381
STU_017855,60.47334120105286
STU_017856,82.82873479574826
STU_017857,83.0642006398773
STU_017858,77.81536637461406
STU_017859,62.98204111777018
STU_017860,82.44625307027944
STU_017861,86.94393954058741
STU_017862,76.39636657951698
STU_017863,86.84884528839966
STU_017864,81.41014456393592
STU_017865,72.82800579285518
STU_017866,78.74592445296393
STU_017867,65.15800736221053
STU_017868,94.91357234557302
STU_017869,66.55529136435057
STU_017870,81.70856268551637
STU_017871,92.78533130232951
STU_017872,75.23216115431788
STU_017873,94.07489165234918
STU_017874,82.12325589421532
STU_017875,73.74990682293159
STU_017876,72.59052420422482
STU_017877,53.414930815071074
STU_017878,89.1998023827985
STU_017879,64.01991886258672
STU_017880,92.04686937552114
STU_017881,76.5429521783893
STU_017882,72.09036116128212
STU_017883,91.76684174165068
STU_017884,69.72133042729322
STU_017885,69.51247915501052
STU_017886,81.84950409233329
STU_017887,59.21556612321524
STU_017888,62.63964463846986
STU_017889,98.77876867200185
STU_017890,99.60650066661762
STU_017891,85.77824959373174
STU_017892,63.04765551992906
STU_017893,81.8389516108901
STU_017894,60.957248616481756
STU_017895,72.50274727109517
STU_017896,83.38113202325076
STU_017897,66.0988394754678
STU_017898,83.17617262734284
STU_017899,81.54043452999937
STU_017900,72.2316210804477
STU_017901,89.86594042819078
STU_017902,72.39154904555588
STU_017903,75.37886150062008
STU_017904,83.22723777037753
STU_017905,77.86543071962156
STU_017906,72.97275924664609
STU_017907,75.53693830325305
STU_017908,73.68363807037132
STU_017909,78.35852455476872
STU_017910,76.59853012436386
STU_017911,63.568667116216716
STU_017912,89.684436290294
STU_017913,89.05533897759472
STU_017914,74.71735406284452
STU_017915,73.20229234863527
STU_017916,77.0932742418437
STU_017917,82.3592019829932
STU_017918,81.01732752491384
STU_017919,91.4919698832268
STU_017920,76.3631294195942
STU_017921,86.59204157883815
STU_017922,76.85273648528086
STU_017923,73.27777096110377
STU_017924,78.74670304679692
STU_017925,69.0970296230801
STU_017926,75.4003539783995
STU_017927,95.06766164465711
STU_017928,85.85617812728488
STU_017929,90.8238452733471
STU_017930,76.08916041458399
STU_017931,67.67855143578117
STU_017932,94.41986158240198
STU_017933,95.67753214893254
STU_017934,92.3204698551885
STU_017935,78.84773726463034
STU_017936,63.38481019113904
STU_017937,83.96622818260624
STU_017938,65.35183862045312
STU_017939,86.59648787539025
STU_017940,79.05478076517845
STU_017941,73.20032355170326
STU_017942,72.4017146336629
STU_017943,56.05781844653237
STU_017944,71.99901141087787
STU_017945,88.31977963081216
STU_017946,69.2136191868411
STU_017947,58.59503926286612
STU_017948,74.42302362231689
STU_017949,64.11582367928423
STU_017950,59.58974574702201
STU_017951,72.68678504377307
STU_017952,92.95001169246049
STU_017953,76.43648787420088
STU_017954,98.16565585547613
STU_017955,70.62869704489997
STU_017956,70.4065801102432
STU_017957,70.46088642036405
STU_017958,57.00750073285603
STU_017959,85.38601135058246
STU_017960,77.12867289838654
STU_017961,88.77628865374166
STU_017962,62.83700849185799
STU_017963,68.74014906693225
STU_017964,60.22937787897448
STU_017965,92.96346046747605
STU_017966,79.00612328592953
STU_017967,77.83740556841417
STU_017968,93.52292547106553
STU_017969,79.10673637614786
STU_017970,57.27896788393504
STU_017971,68.94975241556966
STU_017972,73.79079923893948
STU_017973,71.92590002210976
STU_017974,77.55302703331445
STU_017975,70.86124205684987
STU_017976,67.14125814635473
STU_017977,94.02531428687523
STU_017978,73.81148742679575
STU_017979,77.8332963489517
STU_017980,60.29240631262063
STU_017981,96.1569183595594
STU_017982,73.85598457808767
STU_017983,83.29119523102321
STU_017984,73.65811189572831
STU_017985,69.28260453960402
STU_017986,67.9656067688889
STU_017987,82.4319910688141
STU_017988,71.90411364684041
STU_017989,75.44572986692626
STU_017990,73.28119714739654
STU_017991,81.22935583427898
STU_017992,54.470960405836664
STU_017993,94.33633566845036
STU_017994,89.06620612163823
STU_017995,80.6105118512183
STU_017996,57.82238603365056
STU_017997,78.53447132189402
STU_017998,88.19503517291017
STU_017999,87.23193082925542
STU_018000,95.23498565135391
STU_018001,81.27121833068439
STU_018002,58.0606462235655
STU_018003,73.46121540344636
STU_018004,85.7492236567113
STU_018005,83.32976622034545
STU_018006,67.96999980451257
STU_018007,97.76820238706459
STU_018008,90.88876499730925
STU_018009,86.80053802708306
STU_018010,83.05959565460176
STU_018011,87.30031521147583
STU_018012,74.12993594519392
STU_018013,88.73184604133317
STU_018014,70.75553808304988
STU_018015,84.85314567020598
STU_018016,74.68851962796786
STU_018017,78.44296671366027
STU_018018,99.18594571457677
STU_018019,69.96269044120928
STU_018020,79.33470706195598
STU_018021,66.12234135243317
STU_018022,87.59421546935543
STU_018023,82.64946514081963
STU_018024,51.68944381070594
STU_018025,74.2142575347737
STU_018026,72.22026480057649
STU_018027,83.26576213186739
STU_018028,97.54370127414207
STU_018029,79.46918694396251
STU_018030,89.80336293459227
STU_018031,85.10204084505602
STU_018032,72.76309663694796
STU_018033,86.74465853772716
STU_018034,74.69289804432194
STU_018035,88.34947665638535
STU_018036,76.66189792768468
STU_018037,46.839212765451144
STU_018038,69.0035087059869
STU_018039,79.41996425540869
STU_018040,78.2912074896914
STU_018041,62.73845820466194
STU_018042,69.16713625768523
STU_018043,88.01143369493927
STU_018044,78.81016903773428
STU_018045,81.80390730991836
STU_018046,83.9217607934101
STU_018047,65.9564305358383
STU_018048,93.54633000652208
STU_018049,96.1110362136848
STU_018050,85.70566839155636
STU_018051,65.32523079412613
STU_018052,66.15506851874163
STU_018053,67.46767569792551
STU_018054,51.27710511312448
STU_018055,100.0
STU_018056,48.58463845007555
STU_018057,66.97282420888882
STU_018058,89.80201749992469
STU_018059,87.47699660503906
STU_018060,69.29704029401533
STU_018061,79.5098877450759
STU_018062,84.63469441578175
STU_018063,76.85209602511375
STU_018064,88.0287174748152
STU_018065,84.89523047007161
STU_018066,92.88238030885118
STU_018067,93.93042332566478
STU_018068,80.56909344079247
STU_018069,80.38470978311169
STU_018070,83.78622241823139
STU_018071,91.47177472180152
STU_018072,85.0573279336381
STU_018073,64.51709812171246
STU_018074,68.60866807583656
STU_018075,69.53164443913013
STU_018076,67.53038484268508
STU_018077,62.98235607751474
STU_018078,72.55718054761006
STU_018079,84.40172148061369
STU_018080,89.37176227972492
STU_018081,79.15680963239451
STU_018082,86.80041189253835
STU_018083,91.08415367674392
STU_018084,63.90137484996026
STU_018085,74.44357165842206
STU_018086,81.98180648703362
STU_018087,71.33072971514925
STU_018088,64.17492331344397
STU_018089,59.29394752318953
STU_018090,66.45525272413737
STU_018091,80.77212840352121
STU_018092,76.81736624616396
STU_018093,66.78191813727815
STU_018094,71.0296949365784
STU_018095,77.63999686373177
STU_018096,67.05376578885691
STU_018097,82.70963256891739
STU_018098,62.830465889823614
STU_018099,74.37289284546229
STU_018100,94.7720995690691
STU_018101,80.80806317947834
STU_018102,65.51771626813412
STU_018103,93.66589222643701
STU_018104,72.78336976758251
STU_018105,62.95932885669023
STU_018106,76.56691808349186
STU_018107,82.25674088919928
STU_018108,71.45618154990977
STU_018109,86.99928063076987
STU_018110,82.65934153804876
STU_018111,82.31098309760284
STU_018112,75.93009354415014
STU_018113,66.07324248883661
STU_018114,91.81787812379096
STU_018115,78.99306022693936
STU_018116,65.43539243098489
STU_018117,75.81171595317352
STU_018118,75.7513259426104
STU_018119,96.19332354577534
STU_018120,70.95057618739907
STU_018121,96.46753888220591
STU_018122,79.82149070295951
STU_018123,74.07743327562896
STU_018124,86.43368787006094
STU_018125,70.42926458678438
STU_018126,56.719812669646394
STU_018127,68.48089923882864
STU_018128,55.001391119323316
STU_018129,78.07995059478057
STU_018130,91.04257208697899
STU_018131,74.96323186174897
STU_018132,95.93522142433824
STU_018133,78.27258539318703
STU_018134,99.56270333380117
STU_018135,97.50021938628385
STU_018136,51.64705384970426
STU_018137,73.55823612110854
STU_018138,88.97105855744314
STU_018139,78.14889583612599
STU_018140,59.74607359654532
STU_018141,62.75127757499897
STU_018142,77.53731497027233
STU_018143,66.13377900570535
STU_018144,62.120502416357844
STU_018145,79.25849581415318
STU_018146,56.16095122327477
STU_018147,84.17277894820435
STU_018148,76.85424809251998
STU_018149,66.85190738761268
STU_018150,84.84337160931521
STU_018151,73.24665009232228
STU_018152,65.46877085413189
STU_018153,80.14688908820398
STU_018154,70.27630019589083
STU_018155,89.80101623571193
STU_018156,95.78276570893223
STU_018157,61.31900911921703
STU_018158,67.4140692850157
STU_018159,67.19763295525281
STU_018160,69.03541450098224
STU_018161,83.86908811111618
STU_018162,68.16783540147229
STU_018163,93.70442695030083
STU_018164,73.3085925131484
STU_018165,62.70281762070044
STU_018166,79.66990461366336
STU_018167,85.98883967966205
STU_018168,82.21359419175366
STU_018169,70.65078616206767
STU_018170,55.68659003866937
STU_018171,67.7607472438473
STU_018172,84.12317169260693
STU_018173,78.40240250049496
STU_018174,84.0236535570259
STU_018175,77.36901312711129
STU_018176,79.37048274973958
STU_018177,76.75562553159908
STU_018178,70.96218639552116
STU_018179,74.06381917138219
STU_018180,91.7093594201313
STU_018181,74.04799228378772
STU_018182,78.70427417857448
STU_018183,70.93178604632621
STU_018184,62.740473548819686
STU_018185,72.00169632422664
STU_018186,89.51127672013
STU_018187,66.02552012941649
STU_018188,84.86542440839162
STU_018189,76.25089946813883
STU_018190,75.63405723108734
STU_018191,78.34322271605174
STU_018192,75.64056498832443
STU_018193,78.69380261833696
STU_018194,76.54807332867705
STU_018195,88.70417971131718
STU_018196,58.14274444988831
STU_018197,90.70420469284053
STU_018198,82.7631457456128
STU_018199,77.41018550096034
STU_018200,85.26581570077867
STU_018201,76.68397239671293
STU_018202,52.44273940931113
STU_018203,81.46686026119515
STU_018204,78.41371672356146
STU_018205,70.24389631507309
STU_018206,76.63180033811861
STU_018207,73.6175794745575
STU_018208,76.42727606627037
STU_018209,62.386755197351924
STU_018210,84.02110084344727
STU_018211,97.33236630815915
STU_018212,79.66457572991712
STU_018213,58.2025148019237
STU_018214,79.36184404843212
STU_018215,77.98747577657272
STU_018216,79.25356899032238
STU_018217,60.61019347621564
STU_018218,71.79941328848784
STU_018219,85.84484177056015
STU_018220,82.82482214678863
STU_018221,94.35162322691492
STU_018222,84.5895392754786
STU_018223,84.85347834481325
STU_018224,85.075536969796
STU_018225,78.71743295855642
STU_018226,81.8623386941556
STU_018227,77.16434384079477
STU_018228,80.15504584906272
STU_018229,77.99256406067659
STU_018230,87.7875452439988
STU_018231,74.90537669392631
STU_018232,67.12952055720294
STU_018233,58.68124686745133
STU_018234,94.00767411163316
STU_018235,82.18494929086266
STU_018236,99.10915101825371
STU_018237,65.40319650836044
STU_018238,77.29642288235183
STU_018239,90.18871058625689
STU_018240,58.538434299426115
STU_018241,86.23078570354397
STU_018242,75.06218530697937
STU_018243,83.20988590373648
STU_018244,91.25532290052445
STU_018245,78.49807091741278
STU_018246,81.15309138422495
STU_018247,57.873089817300745
STU_018248,78.28707483056046
STU_018249,76.56676580309984
STU_018250,66.6470619472945
STU_018251,73.66707799401705
STU_018252,95.03866972788192
STU_018253,65.04239469864234
STU_018254,88.0085671616203
STU_018255,77.70591763289931
STU_018256,89.47345480070747
STU_018257,76.71339016827672
STU_018258,86.67132588854828
STU_018259,88.23194908823305
STU_018260,85.63596335968538
STU_018261,73.87750929135899
STU_018262,65.54757097540579
STU_018263,82.74667976060911
STU_018264,81.7692559430501
STU_018265,82.29883769764045
STU_018266,86.44812309450363
STU_018267,69.91708788969889
STU_018268,82.06541890458283
STU_018269,69.68291625572247
STU_018270,67.25993730751067
STU_018271,73.73095684452994
STU_018272,54.00598869024468
STU_018273,93.98511173219842
STU_018274,69.53888279475328
STU_018275,87.0154761039745
STU_018276,86.47439870665549
STU_018277,85.98500064031049
STU_018278,78.74502937590134
STU_018279,62.26768230780482
STU_018280,87.15323614175186
STU_018281,95.25224351328524
STU_018282,76.14988603810335
STU_018283,72.3297766682999
STU_018284,67.14961685011386
STU_018285,87.58257077006311
STU_018286,66.92214839984719
STU_018287,90.65831425997362
STU_018288,67.50124167319048
STU_018289,83.79328790700612
STU_018290,64.30753609523103
STU_018291,72.8661903463956
STU_018292,83.76602034634979
STU_018293,72.40718389014256
STU_018294,82.42453641704893
STU_018295,53.0671998014148
STU_018296,86.14817928082509
STU_018297,82.05069563292977
STU_018298,97.21148671401696
STU_018299,67.5850376709409
STU_018300,83.16920473626861
STU_018301,73.55589248610485
STU_018302,72.95879904132988
STU_018303,95.85869077893491
STU_018304,68.28468165575333
STU_018305,66.90191596274215
STU_018306,69.57360524040892
STU_018307,75.10663034221754
STU_018308,84.81286286397817
STU_018309,74.38795877174186
STU_018310,90.29821650715579
STU_018311,75.45900057002135
STU_018312,76.56970394180905
STU_018313,84.84346127088772
STU_018314,69.3470195886477
STU_018315,91.52168279726662
STU_018316,72.51278637231806
STU_018317,86.20150835761888
STU_018318,67.31527601771371
STU_018319,57.236408855472405
STU_018320,86.54891305629914
STU_018321,90.73327591749214
STU_018322,75.84084949390731
STU_018323,100.0
STU_018324,57.51546550298725
STU_018325,74.61252084224768
STU_018326,74.23649564458562
STU_018327,87.26637932822393
STU_018328,71.61534288978999
STU_018329,76.48743952066104
STU_018330,55.33835202047024
STU_018331,80.43213754389416
STU_018332,92.92514811102772
STU_018333,62.44404213638083
STU_018334,87.84339913054845
STU_018335,69.5100298696583
STU_018336,72.95733254786677
STU_018337,73.1721776575423
STU_018338,68.99477516238632
STU_018339,86.5430043667387
STU_018340,87.78372578046118
STU_018341,68.67272031464981
STU_018342,61.48858990120433
STU_018343,57.90209806168491
STU_018344,82.06018159814568
STU_018345,76.44710892955605
STU_018346,76.66744960301865
STU_018347,75.38883478974435
STU_018348,95.1776298474933
STU_018349,78.54525527491451
STU_018350,85.95696971051314
STU_018351,78.97245448236208
STU_018352,87.63698827165518
STU_018353,84.11783975532538
STU_018354,98.4410691086875
STU_018355,74.31444271287849
STU_018356,78.42078138613819
STU_018357,67.78702793516348
STU_018358,79.5404484294881
STU_018359,96.36233058306017
STU_018360,92.52335645136245
STU_018361,58.8523665850862
STU_018362,70.12483287652097
STU_018363,49.48637215980018
STU_018364,87.39019149630266
STU_018365,87.95747842769246
STU_018366,64.1364989232071
STU_018367,79.9960888767761
STU_018368,69.90519453457964
STU_018369,80.45008254519908
STU_018370,62.600222590337026
STU_018371,83.75823317598024
STU_018372,92.39209275674638
STU_018373,68.80586617812327
STU_018374,78.32324603134221
STU_018375,70.15588594039295
STU_018376,79.38616029705798
STU_018377,86.69872164761559
STU_018378,89.94126032147467
STU_018379,58.20043200904086
STU_018380,81.20295576290118
STU_018381,75.66978401463709
STU_018382,83.39365183695051
STU_018383,90.59244587003931
STU_018384,68.27332835799778
STU_018385,94.63999785624365
STU_018386,72.6233920425927
STU_018387,82.90150525493317
STU_018388,97.29070228937744
STU_018389,66.78804175992282
STU_018390,63.98631149756825
STU_018391,82.15122586719365
STU_018392,98.28560095772991
STU_018393,78.00768990296287
STU_018394,83.72975612965597
STU_018395,76.83913355628115
STU_018396,66.6093222575808
STU_018397,68.48026660142128
STU_018398,80.661311884323
STU_018399,99.81948535777192
STU_018400,71.27740299419395
STU_018401,80.60682123897273
STU_018402,76.97381113138728
STU_018403,88.19510611746104
STU_018404,84.7392121767669
STU_018405,84.08113904679746
STU_018406,71.07569429814693
STU_018407,94.28410509467145
STU_018408,89.33329586828394
STU_018409,68.33452832575696
STU_018410,95.21595841481823
STU_018411,71.6564354120882
STU_018412,74.8983197043524
STU_018413,85.85894973082405
STU_018414,96.77619939593671
STU_018415,72.40854517076143
STU_018416,86.46898888479575
STU_018417,68.6954070474055
STU_018418,96.09567041480373
STU_018419,78.38951446668493
STU_018420,90.08923039869401
STU_018421,87.7511458953962
STU_018422,90.21129051745243
STU_018423,82.11530408181363
STU_018424,61.60613607835728
STU_018425,91.35810650240225
STU_018426,71.02666029241583
STU_018427,73.9037763890456
STU_018428,78.01400441378192
STU_018429,95.7665122690971
STU_018430,66.42760349299428
STU_018431,81.23201045667804
STU_018432,91.54567062476467
STU_018433,73.26555843447943
STU_018434,78.33916066896619
STU_018435,68.59291986431634
STU_018436,81.04237855758461
STU_018437,88.72700337167312
STU_018438,64.23933233918162
STU_018439,96.26040103201856
STU_018440,79.28479105289128
STU_018441,74.56775081932635
STU_018442,79.42209630040261
STU_018443,64.16116515449013
STU_018444,66.03159026308924
STU_018445,93.13871065246306
STU_018446,80.23745508290892
STU_018447,92.15386377472939
STU_018448,74.70285500322773
STU_018449,91.04123885763767
STU_018450,74.46756528536761
STU_018451,69.43572985489234
STU_018452,59.505056363245025
STU_018453,70.70537733001422
STU_018454,58.83346904151611
STU_018455,61.50790624931065
STU_018456,78.71350593445483
STU_018457,56.398758813518995
STU_018458,73.63148189837416
STU_018459,60.53020254941032
STU_018460,72.57188884221648
STU_018461,90.1663999094074
STU_018462,62.09188244777252
STU_018463,80.85585855863971
STU_018464,68.37531523336884
STU_018465,78.2447459704513
STU_018466,70.26657037624562
STU_018467,82.82220185299079
STU_018468,70.52345538214314
STU_018469,80.48505325892775
STU_018470,90.00332973751557
STU_018471,86.06570874767166
STU_018472,69.0623094701225
STU_018473,85.36394648176379
STU_018474,88.36548397031024
STU_018475,75.83297756694822
STU_018476,80.32872548119121
STU_018477,58.062704557886256
STU_018478,97.81500319208713
STU_018479,94.05611232448427
STU_018480,88.90644470167739
STU_018481,68.27800905589444
STU_018482,64.33636373954201
STU_018483,88.2280889600329
STU_018484,82.88718978457125
STU_018485,72.60812533054644
STU_018486,71.07069158082564
STU_018487,69.77716448017816
STU_018488,73.79235755085708
STU_018489,61.17936153085753
STU_018490,79.13086499639401
STU_018491,80.34959123637563
STU_018492,75.44371259671732
STU_018493,85.26936285498508
STU_018494,79.72087182613079
STU_018495,80.90528157223957
STU_018496,69.00077162837206
STU_018497,92.82588306716218
STU_018498,72.76983673689602
STU_018499,72.05955082293359
STU_018500,81.10820785157641
STU_018501,98.32343537820519
STU_018502,71.3879661034152
STU_018503,51.82112538539726
STU_018504,99.72756384526237
STU_018505,71.17629882627222
STU_018506,78.55801335621531
STU_018507,75.47980358000562
STU_018508,80.85787609157853
STU_018509,65.70537937957423
STU_018510,82.90321493364398
STU_018511,79.45479795898474
STU_018512,75.5889152904047
STU_018513,82.6692447591218
STU_018514,61.27281885292716
STU_018515,68.86516778050134
STU_018516,66.38373713901942
STU_018517,87.61258088231526
STU_018518,64.69858356679137
STU_018519,60.81654137870331
STU_018520,85.30894488428318
STU_018521,73.8386422961754
STU_018522,80.97148798412135
STU_018523,84.50503269845646
STU_018524,92.06051965517797
STU_018525,74.70825969616101
STU_018526,58.19836418973159
STU_018527,80.30928514457693
STU_018528,86.52919275646205
STU_018529,80.28781917397296
STU_018530,75.87308425263572
STU_018531,88.78394916605686
STU_018532,65.82578261092185
STU_018533,72.31991745349184
STU_018534,71.77493964494994
STU_018535,84.82924306074311
STU_018536,99.12041577122191
STU_018537,84.12505869196657
STU_018538,73.94623579510214
STU_018539,64.57058082658897
STU_018540,82.16187179791453
STU_018541,67.696983366789
STU_018542,89.22286917845294
STU_018543,79.84820095606432
STU_018544,73.00400186140018
STU_018545,72.44179230365509
STU_018546,92.25440926708005
STU_018547,73.39345075637041
STU_018548,84.51704574593367
STU_018549,81.57451037620369
STU_018550,74.19351881090677
STU_018551,78.56079163020618
STU_018552,63.09794252756649
STU_018553,75.88180152260144
STU_018554,66.0548616884138
STU_018555,59.2540691010112
STU_018556,82.13593970651884
STU_018557,69.89649826045007
STU_018558,65.97751503188445
STU_018559,73.551348021017
STU_018560,78.99975427975575
STU_018561,79.99140635605985
STU_018562,87.65792714675645
STU_018563,79.729167814714
STU_018564,81.71474587457661
STU_018565,62.36544598781523
STU_018566,67.80907572326734
STU_018567,89.25746128212617
STU_018568,83.96734232150355
STU_018569,82.8591889013629
STU_018570,73.60282512694252
STU_018571,78.50205187995519
STU_018572,67.02602110724872
STU_018573,81.85354759366876
STU_018574,75.91843419835331
STU_018575,74.78373872421004
STU_018576,81.76851180229846
STU_018577,72.06995237944776
STU_018578,81.66268551606262
STU_018579,55.78864538302445
STU_018580,94.36685763245777
STU_018581,74.68889272214635
STU_018582,81.12411872761096
STU_018583,92.0325259868467
STU_018584,84.35379070877553
STU_018585,74.35623742436096
STU_018586,90.93102788355624
STU_018587,90.9977324812485
STU_018588,53.93875997271098
STU_018589,87.20034202009758
STU_018590,75.037827177238
STU_018591,88.63260741751478
STU_018592,56.136831702333154
STU_018593,85.32994628968716
STU_018594,71.72835092571837
STU_018595,76.38024071135743
STU_018596,60.84026287124278
STU_018597,75.36127959291163
STU_018598,71.06911805871538
STU_018599,64.48464828571088
STU_018600,85.28519944180397
STU_018601,67.99052231388305
STU_018602,72.13685117157883
STU_018603,71.87347455764493
STU_018604,75.58426523778462
STU_018605,49.70286131556363
STU_018606,71.30993579611953
STU_018607,89.53071139443452
STU_018608,93.19424897134513
STU_018609,89.43865444731227
STU_018610,100.0
STU_018611,69.94669828988077
STU_018612,78.4542056426963
STU_018613,84.18548512462009
STU_018614,77.25220933976229
STU_018615,52.631312182509916
STU_018616,83.93652794477197
STU_018617,73.33351480769834
STU_018618,71.1518378617431
STU_018619,72.91192686451306
STU_018620,89.48757657465845
STU_018621,67.98022023570076
STU_018622,79.15551541349645
STU_018623,67.65571232962421
STU_018624,80.11975451965043
STU_018625,84.52347365111443
STU_018626,68.71348080812697
STU_018627,72.85565352897146
STU_018628,64.18158454625669
STU_018629,76.66507041735385
STU_018630,64.43441178692942
STU_018631,93.5971627136985
STU_018632,89.10343055635899
STU_018633,76.38612492993528
STU_018634,73.67035345262478
STU_018635,77.75982904442742
STU_018636,78.1051124953658
STU_018637,72.08138456688869
STU_018638,100.0
STU_018639,88.86646212300245
STU_018640,74.87757363294389
STU_018641,68.29840863680528
STU_018642,78.85058902939639
STU_018643,72.7337722678955
STU_018644,59.872182081036314
STU_018645,94.80787034861804
STU_018646,67.69959760243447
STU_018647,94.77014672752343
STU_018648,66.17785029409512
STU_018649,61.48020562685219
STU_018650,76.65336597404668
STU_018651,70.36907717285364
STU_018652,81.5342797565994
STU_018653,80.65300065340602
STU_018654,79.1388776959039
STU_018655,71.97299315279604
STU_018656,73.04361364681634
STU_018657,87.0467864020763
STU_018658,85.51428735080592
STU_018659,81.52184242592534
STU_018660,80.54392216395316
STU_018661,63.38453705469294
STU_018662,71.22933419880309
STU_018663,80.78699411496748
STU_018664,56.09373391886358
STU_018665,70.56738863812288
STU_018666,65.49694160047622
STU_018667,63.90376512793895
STU_018668,50.91862680108211
STU_018669,76.89417596537014
STU_018670,70.29220896664039
STU_018671,60.19969382153957
STU_018672,76.11996565195093
STU_018673,68.43148900294928
STU_018674,67.24871131819948
STU_018675,78.6469355236457
STU_018676,67.48021777020938
STU_018677,70.67902740604102
STU_018678,89.24274716668594
STU_018679,88.81049695560766
STU_018680,61.29824571855706
STU_018681,84.08565793294353
STU_018682,85.69085228807245
STU_018683,76.7279251556046
STU_018684,88.0206937620849
STU_018685,76.3004518633366
STU_018686,87.0314289446216
STU_018687,72.8086206283343
STU_018688,68.79412995090837
STU_018689,82.49194651105313
STU_018690,66.0159914873391
STU_018691,74.45459344913925
STU_018692,73.92584765702782
STU_018693,69.87082613877546
STU_018694,86.75473436274427
STU_018695,81.18133823233075
STU_018696,69.49902331079565
STU_018697,82.7323695858465
STU_018698,86.06887985527855
STU_018699,71.8545895724267
STU_018700,100.0
STU_018701,73.79713800694013
STU_018702,83.50497247353438
STU_018703,63.84033231062956
STU_018704,87.13231881755134
STU_018705,72.49182602216874
STU_018706,90.00397662891628
STU_018707,64.34424748172951
STU_018708,73.8717692677135
STU_018709,93.85322591386671
STU_018710,84.13532630195729
STU_018711,63.82113958199686
STU_018712,90.02673525547034
STU_018713,75.92119278269324
STU_018714,82.82523089299994
STU_018715,98.35861810072419
STU_018716,68.44226460452508
STU_018717,75.05899187620425
STU_018718,62.54306120236519
STU_018719,79.49327911032053
STU_018720,68.07696278134596
STU_018721,89.17075725165145
STU_018722,62.51290090083889
STU_018723,61.39090172997421
STU_018724,74.72438576141323
STU_018725,78.32599258805669
STU_018726,71.87550011591757
STU_018727,88.33380353583792
STU_018728,77.37072959220639
STU_018729,90.58825077617854
STU_018730,87.36633837553839
STU_018731,73.91574922795317
STU_018732,76.6166178693362
STU_018733,92.7324550194798
STU_018734,84.49590657210808
STU_018735,78.77784289075174
STU_018736,63.371857149310515
STU_018737,76.94815565744767
STU_018738,73.65580074339786
STU_018739,82.83679559356425
STU_018740,71.74234002309281
STU_018741,52.65569239540372
STU_018742,89.00164515937277
STU_018743,63.102089030096046
STU_018744,96.37379524104892
STU_018745,81.71019622739402
STU_018746,71.2952475058345
STU_018747,88.85576079813495
STU_018748,60.363320403221664
STU_018749,59.19326161495746
STU_018750,85.01420281397162
STU_018751,82.4460160304699
STU_018752,65.62343093371368
STU_018753,61.322226948270895
STU_018754,90.28223666659656
STU_018755,91.17180725243225
STU_018756,69.30866936205632
STU_018757,90.73002119876449
STU_018758,90.178116274403
STU_018759,90.91428072030163
STU_018760,79.6534028599911
STU_018761,74.96420334221085
STU_018762,78.78947016504584
STU_018763,67.97693176982145
STU_018764,88.15344080730272
STU_018765,79.52980421549427
STU_018766,67.73973143978083
STU_018767,80.02554514759319
STU_018768,82.70551791390898
STU_018769,54.665129377616076
STU_018770,80.53615269631223
STU_018771,71.05676152441558
STU_018772,92.03237236181545
STU_018773,81.3791347974595
STU_018774,68.69955254331705
STU_018775,89.35006319342043
STU_018776,90.14626130661415
STU_018777,61.61932295544116
STU_018778,96.32359247937852
STU_018779,92.13841063786998
STU_018780,63.79852307658547
STU_018781,89.98808471186874
STU_018782,94.5970624170946
STU_018783,83.59321709136384
STU_018784,83.15874647209259
STU_018785,86.38810877055137
STU_018786,71.62616554563968
STU_018787,64.66002396771984
STU_018788,78.51967532712374
STU_018789,72.40153622785553
STU_018790,90.78938391700197
STU_018791,69.94545988366927
STU_018792,62.883414065415224
STU_018793,63.74804764174282
STU_018794,64.72714519849842
STU_018795,87.0753445757433
STU_018796,62.903091539886304
STU_018797,64.13541815030392
STU_018798,63.92664301035759
STU_018799,84.50303614752555
STU_018800,83.93670327428738
STU_018801,80.81666633989872
STU_018802,77.30032192283255
STU_018803,72.55086059227784
STU_018804,68.76948597759375
STU_018805,66.57086588175167
STU_018806,85.51222953838463
STU_018807,77.63889755590645
STU_018808,68.58879913981295
STU_018809,87.10140855473139
STU_018810,78.28267354574571
STU_018811,62.332185044997466
STU_018812,81.03115569401395
STU_018813,70.20680482689163
STU_018814,53.87941376062425
STU_018815,86.58006237248476
STU_018816,67.36986367783685
STU_018817,74.44348979990544
STU_018818,82.40855951440844
STU_018819,72.78890566048975
STU_018820,90.56779148808826
STU_018821,82.21921293252396
STU_018822,75.90066455855622
STU_018823,94.33639888513949
STU_018824,70.57260193993147
STU_018825,72.3506025482481
STU_018826,69.07131575851389
STU_018827,71.33042615237451
STU_018828,68.5276582617767
STU_018829,67.9105448348315
STU_018830,85.51971774140996
STU_018831,87.51919400900148
STU_018832,85.91081164398919
STU_018833,63.60304785769452
STU_018834,53.30881096537494
STU_018835,63.39288759610292
STU_018836,75.66284371051103
STU_018837,76.52506077463826
STU_018838,64.64529429305387
STU_018839,80.89980508756452
STU_018840,83.9072156163888
STU_018841,86.01038956451404
STU_018842,83.60679603442524
STU_018843,78.69053910420072
STU_018844,73.94915464428558
STU_018845,82.90793811711518
STU_018846,97.2487598368209
STU_018847,96.92379287116468
STU_018848,82.1668018739023
STU_018849,72.24124334184113
STU_018850,77.31739068707402
STU_018851,68.62933721227714
STU_018852,53.9903108383059
STU_018853,66.49624012526158
STU_018854,64.42739412114645
STU_018855,75.46238539507243
STU_018856,64.0790213727007
STU_018857,83.75263543311584
STU_018858,81.77161891130521
STU_018859,92.51567923693291
STU_018860,72.7714824290159
STU_018861,79.11005724787387
STU_018862,85.25338709454334
STU_018863,74.35789270273632
STU_018864,67.8861323368425
STU_018865,75.68503265751767
STU_018866,71.9641720251464
STU_018867,63.19699254714098
STU_018868,82.72804582665145
STU_018869,71.43275891235814
STU_018870,87.04350746714131
STU_018871,96.32751816942836
STU_018872,82.69020290745912
STU_018873,72.60349575156651
STU_018874,82.9495340249069
STU_018875,99.62423545803
STU_018876,66.8431505283366
STU_018877,60.72940174985352
STU_018878,93.63815512282409
STU_018879,87.77960094791007
STU_018880,81.50648236653333
STU_018881,66.54540553781885
STU_018882,74.07172948836035
STU_018883,75.03044617575146
STU_018884,87.8889645134878
STU_018885,60.964169305193295
STU_018886,85.2894340930139
STU_018887,71.8283257962761
STU_018888,91.8768200311508
STU_018889,69.36692671212519
STU_018890,49.43493070796042
STU_018891,79.54278454001894
STU_018892,80.85040680391279
STU_018893,84.41941620184511
STU_018894,96.73398352079747
STU_018895,78.66918710617672
STU_018896,84.39466817421024
STU_018897,71.83313419296405
STU_018898,68.10022483724137
STU_018899,71.63651422928262
STU_018900,77.87785543931037
STU_018901,83.30564060071865
STU_018902,97.34921844844438
STU_018903,87.47286375917595
STU_018904,80.42415282068103
STU_018905,68.44378143382728
STU_018906,80.72881593404044
STU_018907,75.54692803975604
STU_018908,70.61381028795674
STU_018909,79.41624622476698
STU_018910,78.30987780150588
STU_018911,53.8117882721843
STU_018912,85.30948498176062
STU_018913,68.2659070879555
STU_018914,71.55813017472299
STU_018915,77.77354916492062
STU_018916,65.24276443671454
STU_018917,84.6884014261676
STU_018918,91.17993066766996
STU_018919,84.07792660767197
STU_018920,65.6283891824521
STU_018921,74.29263106359863
STU_018922,62.20176494285115
STU_018923,97.31685900041427
STU_018924,69.72029906602395
STU_018925,76.12675952684673
STU_018926,83.17224837401662
STU_018927,77.10561166655388
STU_018928,72.030213815523
STU_018929,79.29284448775947
STU_018930,60.55590269932668
STU_018931,58.356819712317446
STU_018932,63.264404162028185
STU_018933,74.55690781027707
STU_018934,74.81278637597738
STU_018935,72.99086434414411
STU_018936,71.27121832443365
STU_018937,83.31698202963057
STU_018938,86.90097568163657
STU_018939,68.73538918731336
STU_018940,80.54186439157529
STU_018941,88.51522239400396
STU_018942,62.96360366749448
STU_018943,81.48156236884788
STU_018944,75.81341312443149
STU_018945,75.84564824712473
STU_018946,81.40374258052842
STU_018947,69.17384611524636
STU_018948,72.35261401760688
STU_018949,77.82177497792571
STU_018950,88.74255245983987
STU_018951,68.17823234507354
STU_018952,68.83316814451567
STU_018953,74.5431814761353
STU_018954,82.10138318202598
STU_018955,71.54440798713081
STU_018956,67.16804806442894
STU_018957,71.16116864274622
STU_018958,85.5761801555074
STU_018959,80.01616464354728
STU_018960,73.45759702087412
STU_018961,70.0993758194108
STU_018962,83.82660454011081
STU_018963,89.86828707671147
STU_018964,68.04151911148593
STU_018965,82.62491974494698
STU_018966,96.54367584336558
STU_018967,96.4225239010774
STU_018968,77.77743044036355
STU_018969,78.47675769670441
STU_018970,90.05469326329866
STU_018971,58.527659131244185
STU_018972,76.88299385613017
STU_018973,82.09202169029172
STU_018974,67.37384185592158
STU_018975,82.22119803367977
STU_018976,75.12868043537588
STU_018977,86.16312877997436
STU_018978,83.67577392037953
STU_018979,65.90881707288375
STU_018980,79.35486640898898
STU_018981,61.382851696783405
STU_018982,75.37502083088609
STU_018983,72.81315049846273
STU_018984,76.81864487317418
STU_018985,84.75960525837925
STU_018986,83.21908516077016
STU_018987,82.71498796173847
STU_018988,75.40467117965312
STU_018989,84.03734612280324
STU_018990,88.54427446153012
STU_018991,62.858741558320794
STU_018992,76.75176737378158
STU_018993,76.34901495058062
STU_018994,84.12368075323998
STU_018995,92.53802932937
STU_018996,69.36431919635842
STU_018997,72.38616848552198
STU_018998,71.80066628559885
STU_018999,88.80675548047758
STU_019000,75.05743545223311
STU_019001,65.10415126325952
STU_019002,70.08371075707376
STU_019003,84.12580580553563
STU_019004,80.10885539353
STU_019005,92.46544253391944
STU_019006,86.60301156213993
STU_019007,100.0
STU_019008,82.38094655213152
STU_019009,100.0
STU_019010,60.47926481286578
STU_019011,86.3011455468089
STU_019012,77.44557528911196
STU_019013,66.97065729753459
STU_019014,99.98187971029077
STU_019015,59.20024903657347
STU_019016,66.04767413246259
STU_019017,92.8554105290713
STU_019018,74.19617604196503
STU_019019,72.35977351376468
STU_019020,92.64895146454799
STU_019021,51.251349099028126
STU_019022,76.15314124971036
STU_019023,89.35073195884749
STU_019024,71.73376879013354
STU_019025,93.40224455722452
STU_019026,93.17295492471443
STU_019027,81.57896416956294
STU_019028,67.58440844653774
STU_019029,61.34528452071069
STU_019030,72.60295838912796
STU_019031,83.39970150313636
STU_019032,83.26690204213806
STU_019033,79.20172747168202
STU_019034,76.89444137366887
STU_019035,83.59997592121374
STU_019036,90.6416498125839
STU_019037,86.04886805354018
STU_019038,70.07051929812161
STU_019039,80.21871685108408
STU_019040,70.47462877999831
STU_019041,78.2297390052249
STU_019042,81.97383427321996
STU_019043,88.52054252839908
STU_019044,85.65672544388907
STU_019045,77.77877040325538
STU_019046,68.94199640199682
STU_019047,54.68846574700944
STU_019048,85.4653952309062
STU_019049,57.30550615173842
STU_019050,84.78844990732745
STU_019051,70.23197717098283
STU_019052,65.72557227225178
STU_019053,79.30348067624945
STU_019054,72.02881874084919
STU_019055,60.80627381797073
STU_019056,80.22955356999346
STU_019057,82.22822472251096
STU_019058,80.61322460652453
STU_019059,56.927279831534335
STU_019060,72.59640165911266
STU_019061,59.17267801114839
STU_019062,83.53862685788118
STU_019063,71.42101233134031
STU_019064,67.23575400108099
STU_019065,87.85115764601437
STU_019066,59.89000700673476
STU_019067,78.50909029919933
STU_019068,67.73407864168217
STU_019069,59.734409145823825
STU_019070,78.52497673374965
STU_019071,70.1611625990907
STU_019072,97.81177001334389
STU_019073,71.05611546822585
STU_019074,71.24448445926505
STU_019075,73.80088367302477
STU_019076,60.64916865260254
STU_019077,93.44637550981984
STU_019078,90.1191034276684
STU_019079,85.00257679119284
STU_019080,64.5153091854011
STU_019081,80.21083207366581
STU_019082,87.73961050549839
STU_019083,60.23225702637162
STU_019084,55.43229085076923
STU_019085,66.26692567981885
STU_019086,50.30046741777551
STU_019087,72.36321676899888
STU_019088,73.63811681932816
STU_019089,78.0012415414233
STU_019090,84.51091404977326
STU_019091,80.33060783570008
STU_019092,82.95736812476508
STU_019093,74.66433140331617
STU_019094,87.35388073358749
STU_019095,75.5317231472927
STU_019096,82.97457963181296
STU_019097,85.05956380077514
STU_019098,66.62287598784937
STU_019099,73.83057933050871
STU_019100,76.20476756574587
STU_019101,66.49300594994389
STU_019102,74.7720803187452
STU_019103,85.91230459073464
STU_019104,69.50823266901881
STU_019105,67.71817548556335
STU_019106,64.13596408648917
STU_019107,86.91038693670185
STU_019108,75.90278441549995
STU_019109,96.92132901027
STU_019110,92.65435477549968
STU_019111,77.38101117186308
STU_019112,92.97540935766283
STU_019113,82.9253621624753
STU_019114,95.38477385959749
STU_019115,81.72468782040974
STU_019116,80.10322220452642
STU_019117,63.12739942548634
STU_019118,76.98638355252606
STU_019119,75.48500225598363
STU_019120,73.37033125798727
STU_019121,95.83074831478446
STU_019122,79.9752533419873
STU_019123,68.7299983200237
STU_019124,89.27689957599257
STU_019125,77.4318944162512
STU_019126,75.51167552329393
STU_019127,74.46874261783614
STU_019128,87.28815069089606
STU_019129,64.27392783737498
STU_019130,57.340755560015985
STU_019131,82.16730932921374
STU_019132,88.62204263402356
STU_019133,61.44037600965078
STU_019134,69.15350007983113
STU_019135,97.95135379768945
STU_019136,87.95247363401899
STU_019137,67.55223177988597
STU_019138,82.19589972368193
STU_019139,84.8772192394552
STU_019140,78.72458911859275
STU_019141,92.74935293334566
STU_019142,84.38942715199082
STU_019143,82.30446503518498
STU_019144,73.19037112348413
STU_019145,72.94927497000717
STU_019146,92.43134072984626
STU_019147,78.24985864187838
STU_019148,92.38640018936634
STU_019149,78.87834608686936
STU_019150,79.11688081161336
STU_019151,90.20964752020232
STU_019152,53.66449984382797
STU_019153,68.7485139550497
STU_019154,92.36525276653471
STU_019155,100.0
STU_019156,81.96608654020368
STU_019157,86.70241779193479
STU_019158,60.49549189709139
STU_019159,71.5741044888379
STU_019160,68.54245529311503
STU_019161,67.99988016943205
STU_019162,58.55396621416304
STU_019163,75.2799805097888
STU_019164,77.50963174266238
STU_019165,80.63517883142683
STU_019166,93.18083344625269
STU_019167,81.81900052011743
STU_019168,85.86154962811739
STU_019169,70.62097582906001
STU_019170,89.1061354972971
STU_019171,79.345879574451
STU_019172,88.40450827732198
STU_019173,85.01956993576806
STU_019174,60.81709856143287
STU_019175,76.18560753334066
STU_019176,77.68755443947407
STU_019177,89.92674183264504
STU_019178,47.384856609512156
STU_019179,76.9020138983108
STU_019180,70.46111340216173
STU_019181,90.49318831697197
STU_019182,62.65725438759295
STU_019183,90.47229315247941
STU_019184,87.97030195781849
STU_019185,94.17046091505884
STU_019186,94.42818524583384
STU_019187,74.87510936455747
STU_019188,94.55684522805554
STU_019189,86.9869355898256
STU_019190,76.48317819862044
STU_019191,65.74415965294594
STU_019192,93.9670883867909
STU_019193,70.95610494383176
STU_019194,70.27371079686776
STU_019195,81.19961617443536
STU_019196,80.43002939908388
STU_019197,91.37794922044145
STU_019198,77.67995964445332
STU_019199,100.0
STU_019200,71.38944560889254
STU_019201,86.49396561844236
STU_019202,75.83195394563141
STU_019203,56.50609477875494
STU_019204,62.758521547890965
STU_019205,82.12755085608529
STU_019206,54.276840049621136
STU_019207,72.3395358004463
STU_019208,76.2310523152014
STU_019209,70.4299073816463
STU_019210,69.44189635470718
STU_019211,68.63054876449497
STU_019212,73.06276058653492
STU_019213,72.73603651279677
STU_019214,74.54536020467256
STU_019215,95.83925736166272
STU_019216,76.19980133869139
STU_019217,76.57485840240446
STU_019218,51.97723800577556
STU_019219,81.54989960138386
STU_019220,77.89823104807374
STU_019221,63.47711435167271
STU_019222,82.00961646693628
STU_019223,79.53556623392379
STU_019224,93.62896708713842
STU_019225,59.0924204563418
STU_019226,65.64042761976133
STU_019227,65.54390025687607
STU_019228,64.02540235167601
STU_019229,80.15454047765111
STU_019230,67.78072119067087
STU_019231,84.15495410149708
STU_019232,86.96719042739836
STU_019233,59.47898862773101
STU_019234,69.64365133477519
STU_019235,76.46485482722721
STU_019236,78.09111005224098
STU_019237,75.79264324775602
STU_019238,76.7020791132216
STU_019239,85.1215689618186
STU_019240,80.39640475999215
STU_019241,92.4989592739642
STU_019242,68.08059852976386
STU_019243,86.79594301183184
STU_019244,78.03400938146409
STU_019245,51.94405175299734
STU_019246,60.93790575600549
STU_019247,88.24748576283079
STU_019248,84.75965221772266
STU_019249,89.82905578437263
STU_019250,59.99649150436289
STU_019251,86.45805288172615
STU_019252,75.12156217306455
STU_019253,64.9603369391771
STU_019254,54.23594067289121
STU_019255,67.77404429793879
STU_019256,86.85689011174281
STU_019257,62.90223191825868
STU_019258,57.4526544772352
STU_019259,71.82703661854495
STU_019260,81.12475729813019
STU_019261,77.62098156871318
STU_019262,89.43364374771598
STU_019263,74.72003474126642
STU_019264,74.76444513184637
STU_019265,88.54687570865603
STU_019266,81.39038985281951
STU_019267,68.7824554190884
STU_019268,73.59150741404689
STU_019269,80.06967478387135
STU_019270,85.28153954494397
STU_019271,55.12138580761753
STU_019272,67.25312843348152
STU_019273,90.43860065151199
STU_019274,96.05422129928824
STU_019275,99.58079896449532
STU_019276,63.093577814391644
STU_019277,93.51877782187869
STU_019278,84.32052637534125
STU_019279,75.91043880496618
STU_019280,70.3028863444703
STU_019281,83.19800669901123
STU_019282,64.71173925259987
STU_019283,98.064826177932
STU_019284,83.664425013238
STU_019285,70.6115315446652
STU_019286,88.27880649830794
STU_019287,81.6527022000318
STU_019288,66.51426749382844
STU_019289,85.02219145638298
STU_019290,78.98100061587888
STU_019291,78.90784771034663
STU_019292,76.96749743168974
STU_019293,67.87433014278838
STU_019294,77.05280693695951
STU_019295,67.639099755448
STU_019296,70.9244987899297
STU_019297,83.50752413945074
STU_019298,86.99886807019072
STU_019299,89.36662956277303
STU_019300,80.36839614931345
STU_019301,75.7989111004531
STU_019302,79.57027349306271
STU_019303,68.3525640215187
STU_019304,90.77956743051885
STU_019305,68.57417653380473
STU_019306,71.31520465502382
STU_019307,68.48745883017513
STU_019308,62.18559816583344
STU_019309,70.79826280615325
STU_019310,87.04871669784792
STU_019311,89.99674790831895
STU_019312,75.93426564170176
STU_019313,84.55908426365234
STU_019314,89.06456095168252
STU_019315,78.95439812047479
STU_019316,88.14306296526078
STU_019317,76.91185208743454
STU_019318,85.3108014295063
STU_019319,89.78704458104171
STU_019320,96.10527192362619
STU_019321,75.5269622135662
STU_019322,85.33833111953724
STU_019323,77.0147372137909
STU_019324,91.54666849492794
STU_019325,75.93604023767958
STU_019326,92.48291099039349
STU_019327,94.19734671812871
STU_019328,95.34579572657532
STU_019329,89.01861390114276
STU_019330,81.28575015549666
STU_019331,79.6133863746726
STU_019332,70.7503696358084
STU_019333,86.4737570616222
STU_019334,60.418772370496015
STU_019335,68.89447292021822
STU_019336,70.36199776588073
STU_019337,90.21338983121257
STU_019338,70.70764411860813
STU_019339,89.82417238953724
STU_019340,99.5793692907042
STU_019341,79.38002037023932
STU_019342,60.88494660579825
STU_019343,70.03070675070171
STU_019344,67.82804797714631
STU_019345,71.25878593399676
STU_019346,78.79310895651393
STU_019347,61.24570370018599
STU_019348,91.7735440966744
STU_019349,82.40792376923514
STU_019350,66.55867299795305
STU_019351,85.66349754041863
STU_019352,78.3954122310096
STU_019353,82.65787258994182
STU_019354,74.94692910239573
STU_019355,77.48563059408525
STU_019356,58.80537952013199
STU_019357,65.18285401484178
STU_019358,80.38667553045019
STU_019359,86.03958042929811
STU_019360,71.41300303106905
STU_019361,82.79087428919908
STU_019362,63.31377619839833
STU_019363,77.8347695611544
STU_019364,78.63423613833915
STU_019365,86.35548447791857
STU_019366,95.24156121364693
STU_019367,97.12794222045206
STU_019368,75.38102321230906
STU_019369,77.7762709333839
STU_019370,72.48712770550591
STU_019371,86.40932716035555
STU_019372,73.85999494332935
STU_019373,67.23147444989125
STU_019374,70.90706232398242
STU_019375,81.52924859257406
STU_019376,92.22643006853075
STU_019377,86.20514769685421
STU_019378,71.64915532805418
STU_019379,53.064815481816396
STU_019380,89.8391557238582
STU_019381,68.71883583587258
STU_019382,71.31015552094632
STU_019383,80.47669065662595
STU_019384,67.25834912772858
STU_019385,86.58085258826186
STU_019386,71.14609268580888
STU_019387,61.39825055170486
STU_019388,71.84824049035113
STU_019389,94.8260739395605
STU_019390,52.17426898300301
STU_019391,79.03153953327859
STU_019392,81.79078480207663
STU_019393,77.75201054625585
STU_019394,76.77487213522643
STU_019395,81.4459290694569
STU_019396,91.27764012383653
STU_019397,74.49850861559818
STU_019398,58.48256389244962
STU_019399,62.476855756475146
STU_019400,93.0465245694049
STU_019401,75.91122598168644
STU_019402,70.87268024097597
STU_019403,85.30551805102355
STU_019404,89.09367704086674
STU_019405,82.02081008303466
STU_019406,75.69942388343763
STU_019407,70.76582759148934
STU_019408,80.56065782941374
STU_019409,76.84491098080115
STU_019410,77.21913439609024
STU_019411,79.7075718122648
STU_019412,62.56667993549824
STU_019413,73.39611599181114
STU_019414,64.26987737055639
STU_019415,82.09626356344377
STU_019416,81.77380238447506
STU_019417,88.28261880384842
STU_019418,92.95827415779078
STU_019419,73.33332629228238
STU_019420,75.67056984799943
STU_019421,80.24222876787171
STU_019422,80.45836831396943
STU_019423,75.43481320887092
STU_019424,89.36925889845705
STU_019425,67.17521315488685
STU_019426,81.78826329148743
STU_019427,88.76391650510956
STU_019428,93.61530252380715
STU_019429,72.81487993466183
STU_019430,84.02795987652259
STU_019431,63.65785965286956
STU_019432,77.6524701580268
STU_019433,68.18289169145204
STU_019434,59.320883636782554
STU_019435,98.1799083988632
STU_019436,67.09171222693433
STU_019437,90.70005098159282
STU_019438,82.07089468734257
STU_019439,57.4729381309365
STU_019440,66.6281877007809
STU_019441,81.59876991005065
STU_019442,70.6039892379626
STU_019443,61.082904348801875
STU_019444,93.95942925279162
STU_019445,90.01978129866833
STU_019446,51.73918926138965
STU_019447,79.03495039632293
STU_019448,72.53610470555581
STU_019449,63.32229422453525
STU_019450,73.78666393150836
STU_019451,73.95684093270566
STU_019452,85.69931190084328
STU_019453,80.31257807325291
STU_019454,77.59776312843996
STU_019455,68.47548192083714
STU_019456,71.4254914619303
STU_019457,68.66367084062063
STU_019458,70.5304207169247
STU_019459,70.17392330403773
STU_019460,93.09552877515856
STU_019461,92.90476079267894
STU_019462,96.31387970895592
STU_019463,71.86706810596303
STU_019464,76.40317940275737
STU_019465,72.18442062212277
STU_019466,71.23647636611425
STU_019467,76.55040462490734
STU_019468,89.8598090689213
STU_019469,74.53007733550542
STU_019470,86.21554646226832
STU_019471,95.29817400748503
STU_019472,84.8505639617602
STU_019473,92.15641688245175
STU_019474,69.33204144295792
STU_019475,59.74475133285165
STU_019476,94.34239896825828
STU_019477,71.57952079108813
STU_019478,73.85613005542058
STU_019479,76.77018730237904
STU_019480,91.15321261744485
STU_019481,78.27639325380545
STU_019482,77.14759791230064
STU_019483,75.50682513708442
STU_019484,83.64860884853455
STU_019485,56.841375184932865
STU_019486,46.99492685156249
STU_019487,66.52156748899566
STU_019488,93.45625715245451
STU_019489,70.96621076892968
STU_019490,75.0603305826313
STU_019491,60.16079007928943
STU_019492,71.28237678734197
STU_019493,64.64191275609055
STU_019494,63.447270053134545
STU_019495,90.89617076428831
STU_019496,87.59097081415652
STU_019497,63.323125024071786
STU_019498,88.4713029751186
STU_019499,94.39268607465442
STU_019500,89.77952798790568
STU_019501,86.62998197206785
STU_019502,71.947876075019
STU_019503,76.04151582161403
STU_019504,91.9509467222168
STU_019505,66.92387611972347
STU_019506,77.73536747511483
STU_019507,93.44732227178606
STU_019508,95.47950824940399
STU_019509,99.25807286453431
STU_019510,86.08191151026764
STU_019511,56.90516275508163
STU_019512,76.76237335236574
STU_019513,64.40456112610917
STU_019514,55.90547799997334
STU_019515,65.3715342978333
STU_019516,89.71121299889182
STU_019517,70.15484140718475
STU_019518,69.95949109815044
STU_019519,70.29492097886573
STU_019520,85.51159425364996
STU_019521,65.8972804963748
STU_019522,72.31926419912998
STU_019523,91.86425863864048
STU_019524,80.14349305786463
STU_019525,84.63530212000647
STU_019526,77.32303514955007
STU_019527,74.75365617078141
STU_019528,68.77064144823603
STU_019529,94.69211388695383
STU_019530,89.0999311633828
STU_019531,89.5727990871027
STU_019532,55.17490309329996
STU_019533,78.65535704228546
STU_019534,78.39884159798743
STU_019535,71.66530691313004
STU_019536,68.06510814426095
STU_019537,59.25492554260511
STU_019538,78.10695710378263
STU_019539,71.62755653671356
STU_019540,71.15617396523504
STU_019541,78.14861216947799
STU_019542,100.0
STU_019543,100.0
STU_019544,78.66645635405233
STU_019545,88.91536245645226
STU_019546,62.05428887625712
STU_019547,68.38345662819285
STU_019548,86.21285316286546
STU_019549,83.24098020975309
STU_019550,97.12139444877772
STU_019551,76.55451433734352
STU_019552,66.54120195008187
STU_019553,71.67779059282496
STU_019554,68.58563216119808
STU_019555,94.65870962253115
STU_019556,71.55534680478944
STU_019557,96.1285724782781
STU_019558,59.73146933582557
STU_019559,85.05015266432007
STU_019560,83.28680657356068
STU_019561,49.441650829956004
STU_019562,91.01389333844489
STU_019563,75.79053062114015
STU_019564,78.8499736030135
STU_019565,62.21540405909697
STU_019566,87.19233005464793
STU_019567,84.84007321489332
STU_019568,69.35554944267042
STU_019569,63.24473229597345
STU_019570,75.29892364967957
STU_019571,58.12579109895994
STU_019572,66.32703683259227
STU_019573,72.47055199996448
STU_019574,76.67741114809891
STU_019575,80.46229072316991
STU_019576,91.94973011894635
STU_019577,71.7165786556641
STU_019578,65.71878442496543
STU_019579,68.65402547055594
STU_019580,66.79431040406787
STU_019581,94.25239657562753
STU_019582,81.43361445945224
STU_019583,78.42476329489874
STU_019584,68.6483099626009
STU_019585,87.0106148257681
STU_019586,74.847723533221
STU_019587,83.71611058194928
STU_019588,78.02960503370706
STU_019589,66.80710371962999
STU_019590,98.50439841002219
STU_019591,88.5993095525908
STU_019592,71.41540358948191
STU_019593,67.71886258539843
STU_019594,90.59442655436929
STU_019595,76.7284697024686
STU_019596,91.51708468401904
STU_019597,80.16830324709572
STU_019598,76.66451160114559
STU_019599,73.956858104654
STU_019600,94.74403820441685
STU_019601,77.48210645791671
STU_019602,79.73289244823006
STU_019603,92.70472338663241
STU_019604,91.34525383965442
STU_019605,75.92039375820794
STU_019606,81.82609332189217
STU_019607,61.51803164186237
STU_019608,68.22031053729052
STU_019609,87.59646853772266
STU_019610,63.43185505462681
STU_019611,74.14369109610006
STU_019612,58.24707495657035
STU_019613,62.00899870730308
STU_019614,72.53542972013727
STU_019615,90.10049132874032
STU_019616,77.93103253172535
STU_019617,78.07857026039716
STU_019618,68.59128482292576
STU_019619,89.56330899996883
STU_019620,79.6471861458141
STU_019621,73.61051186380716
STU_019622,80.38513296856998
STU_019623,73.5259597347097
STU_019624,94.51544489493956
STU_019625,41.044757993919816
STU_019626,83.8114219234324
STU_019627,87.928905772393
STU_019628,72.69765189672825
STU_019629,78.90165881070618
STU_019630,93.62404845857068
STU_019631,63.60974422267052
STU_019632,91.22589257661332
STU_019633,94.6633293375709
STU_019634,87.5619262824748
STU_019635,76.15622925979353
STU_019636,68.59073992086711
STU_019637,78.90088953090009
STU_019638,71.56711374152486
STU_019639,61.67864632769654
STU_019640,84.46686777119123
STU_019641,88.3252285320877
STU_019642,81.52654150166111
STU_019643,87.80694133113522
STU_019644,73.52106614331451
STU_019645,70.12387629987103
STU_019646,77.65528510210837
STU_019647,76.12060097086058
STU_019648,64.0373228367494
STU_019649,61.18036614016552
STU_019650,74.80987126267779
STU_019651,73.25223086784358
STU_019652,78.20235266496803
STU_019653,71.65799188376789
STU_019654,65.85488295962642
STU_019655,59.409317582060794
STU_019656,49.01614083546244
STU_019657,68.23125843487445
STU_019658,69.74270077162998
STU_019659,79.99273709517308
STU_019660,74.09919708720207
STU_019661,81.91809055258184
STU_019662,69.67298171816896
STU_019663,77.57726082237302
STU_019664,72.14822755701557
STU_019665,86.99287260420263
STU_019666,89.69951521275864
STU_019667,80.00373736178625
STU_019668,55.185153546194165
STU_019669,71.93629241792993
STU_019670,86.1405931675135
STU_019671,58.84665374807415
STU_019672,89.31998084674638
STU_019673,74.41687857543909
STU_019674,85.24328833241641
STU_019675,75.85583287369441
STU_019676,79.29270069771209
STU_019677,85.01834325806962
STU_019678,99.75300773469057
STU_019679,87.09430014130423
STU_019680,83.65866004991582
STU_019681,91.60660816135979
STU_019682,89.03658210366004
STU_019683,69.13337268075102
STU_019684,71.8219957819823
STU_019685,88.61777544631505
STU_019686,84.40484169793731
STU_019687,66.58483759885429
STU_019688,84.78021460388587
STU_019689,73.1260428763204
STU_019690,80.95451390949836
STU_019691,71.46013770862987
STU_019692,64.17403575210517
STU_019693,95.67482332306913
STU_019694,79.18018271897196
STU_019695,61.17912666900115
STU_019696,64.64835304807477
STU_019697,94.2724858370267
STU_019698,90.23107692786317
STU_019699,77.06586438560205
STU_019700,80.12275612829896
STU_019701,68.53199760624113
STU_019702,73.44911862121631
STU_019703,85.58630089313812
STU_019704,79.2885247916355
STU_019705,70.17783744331888
STU_019706,87.6261641132889
STU_019707,65.25661152947687
STU_019708,80.47458921393103
STU_019709,71.38457602696414
STU_019710,66.93907279569952
STU_019711,94.88184480197953
STU_019712,57.1891337711763
STU_019713,86.05340260191262
STU_019714,68.47476054153208
STU_019715,84.08336367714831
STU_019716,86.02901278963358
STU_019717,92.13813358322362
STU_019718,70.13399841014983
STU_019719,96.3872463548186
STU_019720,94.80898032784839
STU_019721,64.3505661694206
STU_019722,72.28209245771882
STU_019723,84.86210977112373
STU_019724,77.64096833637598
STU_019725,93.37454708043381
STU_019726,68.51351970167475
STU_019727,89.78793536138971
STU_019728,80.69004299205604
STU_019729,78.37177259424672
STU_019730,74.79421837761603
STU_019731,62.47667017081092
STU_019732,85.73909880350796
STU_019733,81.61781690779598
STU_019734,74.6277545766082
STU_019735,88.40040836016374
STU_019736,94.737378856806
STU_019737,94.13448151545606
STU_019738,89.38730093312215
STU_019739,71.77984991469951
STU_019740,77.94153053651725
STU_019741,97.7385201897844
STU_019742,81.09453058054564
STU_019743,87.68727409041962
STU_019744,73.98053619249572
STU_019745,85.57729299196717
STU_019746,88.81873818017993
STU_019747,78.61588810145372
STU_019748,68.81717617616607
STU_019749,68.30894984341077
STU_019750,72.26765844187219
STU_019751,74.65756792846548
STU_019752,57.5418637415841
STU_019753,89.02287543426723
STU_019754,72.58017611943781
STU_019755,86.41930007667969
STU_019756,51.45237352518057
STU_019757,77.10844615852184
STU_019758,62.03190191755133
STU_019759,76.65759052701733
STU_019760,82.63503719148966
STU_019761,63.196691173731125
STU_019762,84.91064763950044
STU_019763,71.4338489306898
STU_019764,65.04786726156915
STU_019765,84.47396197008055
STU_019766,72.56079395689666
STU_019767,62.604050982276526
STU_019768,82.8962806312266
STU_019769,66.28427954786474
STU_019770,79.42873075789042
STU_019771,91.08059355773338
STU_019772,72.85227623360464
STU_019773,87.62152440141875
STU_019774,55.60468415863977
STU_019775,90.17445078870985
STU_019776,65.60819944420896
STU_019777,75.75486241024117
STU_019778,77.51543538600359
STU_019779,76.86316661232792
STU_019780,77.69108360295968
STU_019781,56.629819097832055
STU_019782,75.5213947879812
STU_019783,73.45768799868674
STU_019784,83.61237194387057
STU_019785,75.35227315082426
STU_019786,55.141957002834026
STU_019787,78.24551101978344
STU_019788,76.94482446486879
STU_019789,81.84359094908385
STU_019790,73.7956981620726
STU_019791,54.10472044927911
STU_019792,78.16509903914951
STU_019793,70.15995393875454
STU_019794,82.77974575255263
STU_019795,73.61679010283818
STU_019796,84.3523778100568
STU_019797,51.83728567199624
STU_019798,86.15081837530833
STU_019799,83.14819088122799
STU_019800,55.94512100328329
STU_019801,81.7657094661211
STU_019802,89.33389771195917
STU_019803,69.73301425981938
STU_019804,83.41681155864215
STU_019805,79.15515705545221
STU_019806,66.87366999890848
STU_019807,65.94374739876484
STU_019808,73.31940481027773
STU_019809,95.81976438955247
STU_019810,75.85449478631256
STU_019811,75.83639638988734
STU_019812,86.55460658134338
STU_019813,76.42298771713999
STU_019814,85.4846278488135
STU_019815,83.96994400920995
STU_019816,82.08135526541295
STU_019817,96.01105310142506
STU_019818,68.65735181592416
STU_019819,96.93170986944058
STU_019820,69.21602122059991
STU_019821,79.03163860379229
STU_019822,68.0883385762402
STU_019823,79.40784353385737
STU_019824,95.4988100665617
STU_019825,80.98312495951097
STU_019826,81.62759897544626
STU_019827,85.26755477688924
STU_019828,84.9277159777622
STU_019829,78.93351642134796
STU_019830,90.63812022786354
STU_019831,88.06672941650379
STU_019832,90.21000453798025
STU_019833,74.42716350336674
STU_019834,72.74170212553669
STU_019835,73.45161365738218
STU_019836,87.7078592944439
STU_019837,73.7584076212155
STU_019838,76.50533469672519
STU_019839,80.7193717167053
STU_019840,70.14458815305258
STU_019841,62.59609827873286
STU_019842,67.22541137829316
STU_019843,68.28436786577647
STU_019844,75.69646294056437
STU_019845,76.42006179934856
STU_019846,96.64794307126768
STU_019847,97.98233753343584
STU_019848,69.46543602474328
STU_019849,89.47617833422105
STU_019850,77.62797804499247
STU_019851,97.98326913902056
STU_019852,65.22894249082684
STU_019853,85.19077936427328
STU_019854,80.99005338786239
STU_019855,76.8623966527741
STU_019856,75.46355017627576
STU_019857,83.75368549663182
STU_019858,99.32453425759977
STU_019859,96.65923001939912
STU_019860,86.75633038424002
STU_019861,66.45176022427847
STU_019862,73.64204387381946
STU_019863,79.10539276464588
STU_019864,77.0855549885018
STU_019865,88.29772819738764
STU_019866,87.16079091334856
STU_019867,84.43811764218705
STU_019868,79.97162776262797
STU_019869,75.42270131537168
STU_019870,75.10905183440396
STU_019871,93.62516559484537
STU_019872,99.80247179428679
STU_019873,76.69672389452293
STU_019874,66.44471681028233
STU_019875,72.97599165049172
STU_019876,96.98649006196455
STU_019877,71.31896363329203
STU_019878,65.11321800579609
STU_019879,88.95091605495435
STU_019880,63.53782654392001
STU_019881,71.00189674833761
STU_019882,85.54665096818094
STU_019883,59.164482733882735
STU_019884,70.78780184229353
STU_019885,80.49555303600293
STU_019886,71.99154333018215
STU_019887,100.0
STU_019888,61.55369271898866
STU_019889,86.70635397176461
STU_019890,79.67583486827279
STU_019891,75.69113326643892
STU_019892,71.2412300826181
STU_019893,93.60741754988912
STU_019894,65.56445765710261
STU_019895,75.26893209283693
STU_019896,82.48605718106603
STU_019897,83.57737127891714
STU_019898,77.6170521827099
STU_019899,84.54877717930214
STU_019900,82.83187888796891
STU_019901,74.5976206964922
STU_019902,76.09873859740048
STU_019903,88.34671634466795
STU_019904,73.02601073474636
STU_019905,80.41658767518076
STU_019906,66.95831525742013
STU_019907,58.45590340332289
STU_019908,53.65376488391098
STU_019909,66.71617965634682
STU_019910,94.22108024844798
STU_019911,98.79239606324934
STU_019912,70.34635485971116
STU_019913,82.20335685843324
STU_019914,68.63996930271045
STU_019915,81.56843559209783
STU_019916,64.01734164742473
STU_019917,60.76033594610777
STU_019918,90.39039991752544
STU_019919,72.07671570766396
STU_019920,92.15434768953443
STU_019921,74.36777236574206
STU_019922,90.78907252374466
STU_019923,68.34144436608872
STU_019924,96.96973776566844
STU_019925,89.27221262080192
STU_019926,71.37206831946621
STU_019927,83.39107559926939
STU_019928,82.07145591444313
STU_019929,81.06956283263713
STU_019930,65.08633332399823
STU_019931,93.13655331838604
STU_019932,83.126098778385
STU_019933,63.83949330106215
STU_019934,91.58219587863509
STU_019935,60.48568856130588
STU_019936,89.16741194020004
STU_019937,87.59437417183504
STU_019938,68.71435162933167
STU_019939,86.31086739270046
STU_019940,84.88326633185832
STU_019941,68.7511335286485
STU_019942,75.48083525928092
STU_019943,81.77164832332002
STU_019944,95.12081071850491
STU_019945,80.00440081648222
STU_019946,83.28651895738568
STU_019947,80.20935599088358
STU_019948,87.33652122303589
STU_019949,81.2005927782032
STU_019950,69.8782851137927
STU_019951,67.09090988749433
STU_019952,64.47074396136345
STU_019953,69.92733713218021
STU_019954,78.57840145096876
STU_019955,67.57466083679847
STU_019956,67.94632005718847
STU_019957,83.54596922348912
STU_019958,78.86511822205078
STU_019959,80.33959863356088
STU_019960,66.36523918290726
STU_019961,71.46028956951643
STU_019962,79.29951947251378
STU_019963,67.7867840413367
STU_019964,70.25922281601916
STU_019965,68.13085757607342
STU_019966,84.400608454778
STU_019967,92.91701944115118
STU_019968,71.58406173218012
STU_019969,61.6230887687004
STU_019970,92.79139526948991
STU_019971,91.36560057814586
STU_019972,75.80530150141978
STU_019973,76.94639436687125
STU_019974,89.79223233911671
STU_019975,78.44168563549985
STU_019976,79.47822925889389
STU_019977,74.29017525310053
STU_019978,66.81201767838466
STU_019979,62.23163291066347
STU_019980,74.8861944980247
STU_019981,100.0
STU_019982,80.08480263749412
STU_019983,89.27378982624796
STU_019984,94.01415943050357
STU_019985,85.243699808629
STU_019986,89.44665890287641
STU_019987,86.19018084559367
STU_019988,72.86858349803875
STU_019989,74.81605736711987
STU_019990,80.19500701989438
STU_019991,91.61061063654651
STU_019992,81.41842827289115
STU_019993,88.56093477983953
STU_019994,57.85631943659649
STU_019995,79.93657142653207
STU_019996,65.5803965502839
STU_019997,78.06102530291847
STU_019998,58.61550851389116
STU_019999,86.95512644853761
STU_020000,76.26109193500189
