student_id,career_success_score
STU_010001,56.04540832119384
STU_010002,67.82349609705521
STU_010003,74.01232051056348
STU_010004,97.40141994562701
STU_010005,77.9207735749435
STU_010006,73.81339328777092
STU_010007,77.78773943796936
STU_010008,80.6398910607362
STU_010009,71.71602422952932
STU_010010,62.48692393576181
STU_010011,92.18830762763896
STU_010012,80.22501243319036
STU_010013,83.21864527085717
STU_010014,89.4978943558516
STU_010015,50.12529435552142
STU_010016,71.9560986057524
STU_010017,63.23829371576328
STU_010018,58.07079254125148
STU_010019,86.25540678727421
STU_010020,71.1242802948492
STU_010021,82.53009300935027
STU_010022,94.64543246594546
STU_010023,94.47226022450312
STU_010024,68.1219113760852
STU_010025,84.60021099793258
STU_010026,82.12192051826774
STU_010027,76.15497228905593
STU_010028,85.17971951716332
STU_010029,92.79958332761026
STU_010030,66.45695332856054
STU_010031,64.91986701716502
STU_010032,91.20864248863111
STU_010033,61.347914149022664
STU_010034,88.14421633000023
STU_010035,80.7126163833605
STU_010036,68.45601919845092
STU_010037,63.83849335370493
STU_010038,89.87071327420747
STU_010039,70.23300468987554
STU_010040,83.04960520074869
STU_010041,89.42313068031557
STU_010042,62.143362163008526
STU_010043,83.9542618937316
STU_010044,76.16573308308227
STU_010045,81.81392201869367
STU_010046,59.493780518074054
STU_010047,66.0753168349493
STU_010048,80.11184378847291
STU_010049,51.45173706043585
STU_010050,62.180053093359156
STU_010051,73.08882886369314
STU_010052,69.63076338895996
STU_010053,64.37538443557287
STU_010054,69.64182717351159
STU_010055,67.63041516666028
STU_010056,64.5094736701038
STU_010057,63.46476857101928
STU_010058,95.0315259214375
STU_010059,89.3733978919454
STU_010060,75.16628116461604
STU_010061,42.89098861630591
STU_010062,78.19295892703491
STU_010063,58.462861899301345
STU_010064,83.82273906610672
STU_010065,56.391651397922885
STU_010066,65.20345673949531
STU_010067,92.08444289901342
STU_010068,59.461359394380636
STU_010069,66.35383115170895
STU_010070,55.59447732244135
STU_010071,92.69046555743583
STU_010072,71.4250468928921
STU_010073,94.89871672811506
STU_010074,58.12575156536337
STU_010075,72.93815943391444
STU_010076,95.03164607182234
STU_010077,84.83942795691033
STU_010078,86.61636159836999
STU_010079,84.73622805599972
STU_010080,77.75014788722943
STU_010081,61.6944339061979
STU_010082,74.79860503240799
STU_010083,78.39122427800386
STU_010084,70.28234359060544
STU_010085,73.51065271926377
STU_010086,80.34774126124381
STU_010087,69.76519987438174
STU_010088,64.21606312076271
STU_010089,86.89351713579526
STU_010090,78.80424507472172
STU_010091,58.68278604889022
STU_010092,70.52580641797603
STU_010093,65.38352941273982
STU_010094,86.92969629034147
STU_010095,58.38639716629471
STU_010096,79.25785414875854
STU_010097,70.05906945955105
STU_010098,85.6778134092138
STU_010099,74.51306531882209
STU_010100,72.75676456913921
STU_010101,72.84110432689114
STU_010102,69.22666738358934
STU_010103,91.16305747249487
STU_010104,53.9874467883149
STU_010105,97.15263597028354
STU_010106,51.429303131887465
STU_010107,75.97958695345609
STU_010108,78.57253122342942
STU_010109,67.51222307497706
STU_010110,79.28636105810924
STU_010111,81.41857362922266
STU_010112,81.23677580331324
STU_010113,69.04005446914695
STU_010114,79.3534249285569
STU_010115,77.64345280957585
STU_010116,87.43378924102839
STU_010117,77.29586377951453
STU_010118,90.9739168301318
STU_010119,71.94213575305449
STU_010120,69.3106141940944
STU_010121,79.96694581184569
STU_010122,73.97162412536242
STU_010123,89.70329722025389
STU_010124,72.64768160357886
STU_010125,84.26301060083566
STU_010126,67.36715271390392
STU_010127,62.2011708456052
STU_010128,89.34501782148467
STU_010129,84.80126754325576
STU_010130,65.41942343514316
STU_010131,62.70069898388719
STU_010132,74.3854961205646
STU_010133,74.0540036668697
STU_010134,68.33495616567122
STU_010135,44.78941907707716
STU_010136,70.8986452636235
STU_010137,56.98393407691389
STU_010138,81.69044584553758
STU_010139,81.08324966770755
STU_010140,77.31614612182936
STU_010141,63.41140812062349
STU_010142,83.1900808883099
STU_010143,71.74388935176009
STU_010144,71.73374927738901
STU_010145,91.30733470504126
STU_010146,79.02594449783649
STU_010147,58.9543540427065
STU_010148,59.32148542888969
STU_010149,63.37846558169165
STU_010150,92.81936868863588
STU_010151,69.44027911623056
STU_010152,86.53581818705334
STU_010153,76.15179182043319
STU_010154,82.39171493457984
STU_010155,67.14814486732345
STU_010156,93.69531728487797
STU_010157,100.0
STU_010158,69.90835599165977
STU_010159,91.22773005802142
STU_010160,67.2913885878945
STU_010161,94.05560718572103
STU_010162,100.0
STU_010163,80.91728409277991
STU_010164,73.17011810800629
STU_010165,75.4619079975579
STU_010166,90.5971520282207
STU_010167,81.2255086801658
STU_010168,76.27741351802113
STU_010169,69.63655641880781
STU_010170,88.94381319895832
STU_010171,73.03549165411931
STU_010172,95.33114944791475
STU_010173,67.60153626137158
STU_010174,77.22692132185378
STU_010175,83.54848138670927
STU_010176,68.40644332999622
STU_010177,89.90001673163567
STU_010178,83.02674450864471
STU_010179,83.62853653545673
STU_010180,80.25268365554398
STU_010181,69.79884574802654
STU_010182,72.78666808055148
STU_010183,73.09093446580593
STU_010184,78.67573419923932
STU_010185,66.66312936109207
STU_010186,80.63658889049296
STU_010187,63.8913551160888
STU_010188,91.87145631279495
STU_010189,73.65695279956448
STU_010190,59.414396598190216
STU_010191,44.16849639382379
STU_010192,79.15803940710838
STU_010193,56.960848458371586
STU_010194,82.78161749919232
STU_010195,81.49094388060948
STU_010196,67.5858801599639
STU_010197,72.37972762665551
STU_010198,76.92913656015068
STU_010199,93.8641169318959
STU_010200,79.4884793355391
STU_010201,98.60443967741372
STU_010202,81.4861544581729
STU_010203,71.04883027612568
STU_010204,90.0930553252922
STU_010205,82.7748272320037
STU_010206,88.29326238041156
STU_010207,50.3330560779887
STU_010208,73.14142464147929
STU_010209,61.70265969977185
STU_010210,83.61095562167816
STU_010211,74.77417188964608
STU_010212,91.87450866658548
STU_010213,86.88710321158354
STU_010214,66.7719227137129
STU_010215,70.47243143066403
STU_010216,57.05242046175263
STU_010217,76.84386778754806
STU_010218,58.31643856381233
STU_010219,77.90399578680388
STU_010220,72.73605439901324
STU_010221,84.73403603756567
STU_010222,61.008541031966885
STU_010223,71.53865737365494
STU_010224,99.40022438462839
STU_010225,63.39744100429891
STU_010226,88.24174559841302
STU_010227,61.231099723602355
STU_010228,93.06500509582952
STU_010229,78.57464982940063
STU_010230,64.78192821023885
STU_010231,53.27505990833987
STU_010232,95.51650427876427
STU_010233,63.62929943377945
STU_010234,80.64761532885751
STU_010235,46.35917758900965
STU_010236,88.93886139488282
STU_010237,84.90244544243214
STU_010238,74.20648256961302
STU_010239,52.79388481011257
STU_010240,70.39039291167398
STU_010241,83.91693922043105
STU_010242,81.0845335692143
STU_010243,60.62088700908333
STU_010244,87.71654579436635
STU_010245,61.5504925795843
STU_010246,47.1731680541933
STU_010247,89.65130652309061
STU_010248,78.24330926749573
STU_010249,68.52153066122168
STU_010250,94.01319181324097
STU_010251,77.09333291672365
STU_010252,100.0
STU_010253,59.34597092027572
STU_010254,96.35664538541153
STU_010255,68.73723759232689
STU_010256,60.9446181049973
STU_010257,75.52804246542027
STU_010258,79.79189496228359
STU_010259,82.49582153223224
STU_010260,60.95811744048335
STU_010261,64.74298044918855
STU_010262,56.951488607341325
STU_010263,55.926438254396004
STU_010264,100.0
STU_010265,67.65022999233787
STU_010266,77.75300984398199
STU_010267,62.93657935518812
STU_010268,82.62255638838812
STU_010269,79.47695851601954
STU_010270,88.8272135207111
STU_010271,79.39619794073842
STU_010272,63.87339993190125
STU_010273,74.68767744025732
STU_010274,58.465158666576734
STU_010275,86.07408893237138
STU_010276,65.96855702592231
STU_010277,80.35651439467865
STU_010278,88.52901751238608
STU_010279,68.02863275257863
STU_010280,69.05211498790544
STU_010281,62.50552959410949
STU_010282,64.30631923318359
STU_010283,83.33754735319958
STU_010284,67.69919474952935
STU_010285,58.18582766452265
STU_010286,73.81475300212819
STU_010287,88.39620308140988
STU_010288,60.52890406222365
STU_010289,53.61868914947607
STU_010290,83.2779955292741
STU_010291,50.64547626045457
STU_010292,81.42526707803091
STU_010293,70.35632332874383
STU_010294,63.676163864894775
STU_010295,70.14548310834122
STU_010296,83.70349678846941
STU_010297,88.06498329872093
STU_010298,90.96847134893929
STU_010299,90.40430429799275
STU_010300,62.7553823628031
STU_010301,82.94146109772798
STU_010302,85.41596967376105
STU_010303,75.44178891255116
STU_010304,63.1618618398893
STU_010305,77.44090245391457
STU_010306,68.11937881902455
STU_010307,66.20645118971946
STU_010308,79.33702109877923
STU_010309,69.15264088804311
STU_010310,59.35010140212046
STU_010311,67.09748071113977
STU_010312,75.89808442349776
STU_010313,76.22989757833415
STU_010314,84.7080501855398
STU_010315,88.18555366028392
STU_010316,89.61570497086358
STU_010317,87.50761577237904
STU_010318,72.96588244095501
STU_010319,90.66080420512509
STU_010320,94.3138604846557
STU_010321,66.94518571745078
STU_010322,94.19886022824143
STU_010323,73.60686548239946
STU_010324,88.05944612595394
STU_010325,91.8785336081547
STU_010326,81.0496927196016
STU_010327,73.4196038709663
STU_010328,84.56443052567283
STU_010329,90.15727535894565
STU_010330,85.13801967188165
STU_010331,95.61212025655344
STU_010332,65.11955431919476
STU_010333,100.0
STU_010334,78.53949150935746
STU_010335,91.57958346397841
STU_010336,58.34109333453459
STU_010337,61.95525454777802
STU_010338,75.40863818077112
STU_010339,77.20838216440126
STU_010340,69.10066314332084
STU_010341,94.34984083385075
STU_010342,62.62792431198652
STU_010343,60.6218308105262
STU_010344,78.22462221150346
STU_010345,80.2771272169928
STU_010346,84.32920769299257
STU_010347,51.90986843453656
STU_010348,64.86252461140124
STU_010349,86.11261838992894
STU_010350,80.88690481363724
STU_010351,72.02279450927286
STU_010352,75.12451380906037
STU_010353,91.61707717870571
STU_010354,74.00366022015409
STU_010355,75.85335076930346
STU_010356,84.0807865030483
STU_010357,94.25478797702843
STU_010358,79.69799618815429
STU_010359,64.12587781395942
STU_010360,68.05868952524823
STU_010361,95.0612183494695
STU_010362,77.79307682183804
STU_010363,78.0506748998303
STU_010364,97.43875364296012
STU_010365,86.27308603695971
STU_010366,94.18667734837277
STU_010367,73.52378903750741
STU_010368,66.18073194954556
STU_010369,91.32231660156671
STU_010370,82.05221161302869
STU_010371,73.48352381466557
STU_010372,73.53023385073722
STU_010373,70.31663393988872
STU_010374,76.57693427911913
STU_010375,96.16860110036153
STU_010376,52.737460214806326
STU_010377,77.95198560074908
STU_010378,76.39218278129441
STU_010379,68.7972025644355
STU_010380,62.425852672240836
STU_010381,60.36857618396448
STU_010382,90.03848246789087
STU_010383,79.24338926291755
STU_010384,93.37923253473747
STU_010385,78.34055261437706
STU_010386,60.55160853750796
STU_010387,62.09713295493451
STU_010388,93.0931713181098
STU_010389,69.65484862884429
STU_010390,55.25490624078397
STU_010391,60.62416492365793
STU_010392,78.42102011435547
STU_010393,82.51243505219766
STU_010394,78.12978567524004
STU_010395,81.63210220147847
STU_010396,81.21530190135626
STU_010397,88.21647828070081
STU_010398,91.01023433890737
STU_010399,61.492088432846444
STU_010400,69.47383078589218
STU_010401,53.30916932021235
STU_010402,75.66526049547446
STU_010403,77.08434706286891
STU_010404,84.55918516990226
STU_010405,82.66890364058597
STU_010406,75.59060796036472
STU_010407,92.26595313868668
STU_010408,67.58581446067606
STU_010409,93.64770360743837
STU_010410,65.35624356872037
STU_010411,86.69323552325227
STU_010412,95.56884556934968
STU_010413,83.59424902237092
STU_010414,86.66767621198362
STU_010415,87.45347232884664
STU_010416,81.91380171774708
STU_010417,99.49098376342724
STU_010418,73.1890944036091
STU_010419,90.33755016146335
STU_010420,84.73344664664793
STU_010421,81.69124781867484
STU_010422,69.90012381600077
STU_010423,75.5671897991036
STU_010424,55.17806863165745
STU_010425,62.05597703271982
STU_010426,75.78688882229957
STU_010427,67.72395790694591
STU_010428,73.3217649542839
STU_010429,54.44285458331149
STU_010430,81.75285549734664
STU_010431,57.51303391424575
STU_010432,66.09980574084405
STU_010433,73.98377250890594
STU_010434,87.88006423523463
STU_010435,63.38480305486864
STU_010436,81.83222123946604
STU_010437,50.37044981147075
STU_010438,98.51400606287167
STU_010439,70.90961471171791
STU_010440,86.72451368283323
STU_010441,55.316842538296044
STU_010442,72.55875398342776
STU_010443,79.41357321738548
STU_010444,65.25035527616078
STU_010445,70.04814976219494
STU_010446,44.98364467879571
STU_010447,78.64654489830072
STU_010448,74.3235834843047
STU_010449,71.68628210007184
STU_010450,64.4767268174418
STU_010451,88.66616312026949
STU_010452,80.48338112729706
STU_010453,72.79730336772096
STU_010454,72.84700320018958
STU_010455,49.532118780059584
STU_010456,87.5510390287541
STU_010457,77.22309521355028
STU_010458,88.40074944918061
STU_010459,77.0876060519105
STU_010460,68.00709676092859
STU_010461,69.13980349494612
STU_010462,57.45889248319473
STU_010463,83.07867115787482
STU_010464,87.04290320162491
STU_010465,55.0721860327148
STU_010466,67.58564344246837
STU_010467,73.61343952191433
STU_010468,75.02583127440367
STU_010469,73.33814430834421
STU_010470,71.51570834625356
STU_010471,93.74026372359248
STU_010472,55.969702097273405
STU_010473,87.07238654594903
STU_010474,81.91566501755759
STU_010475,76.37569412989846
STU_010476,68.12645232118412
STU_010477,71.59499233202102
STU_010478,97.63520895989517
STU_010479,64.17706560152214
STU_010480,68.40655969150323
STU_010481,61.307718602255235
STU_010482,71.91979512664344
STU_010483,90.12824292211675
STU_010484,75.68049829024633
STU_010485,49.530921464864875
STU_010486,74.93833979869027
STU_010487,94.34851022129857
STU_010488,81.68785446428049
STU_010489,83.48018915979937
STU_010490,86.2306728099984
STU_010491,78.31926219261399
STU_010492,73.29490317340682
STU_010493,77.13353340251639
STU_010494,60.16262922945098
STU_010495,43.310091843665965
STU_010496,93.27676986080601
STU_010497,63.97847254952347
STU_010498,73.35131286671601
STU_010499,65.25569328920703
STU_010500,67.33420520392605
STU_010501,75.19565701933186
STU_010502,66.19067462119656
STU_010503,80.89777210579716
STU_010504,67.56137874107276
STU_010505,63.69487631874849
STU_010506,82.19428001149464
STU_010507,68.72785083007736
STU_010508,62.87654637704603
STU_010509,79.9445691004037
STU_010510,46.12721587922262
STU_010511,60.40955228822193
STU_010512,69.9853319247878
STU_010513,90.98628103753913
STU_010514,75.3764369800937
STU_010515,82.01061916846561
STU_010516,79.61920365478095
STU_010517,95.63176557210494
STU_010518,53.289244368309724
STU_010519,90.43448522883882
STU_010520,89.09910702559054
STU_010521,96.53140767220589
STU_010522,75.52779163672548
STU_010523,82.84278112058509
STU_010524,87.51902972618598
STU_010525,73.82358337821529
STU_010526,58.25936413642022
STU_010527,82.62361976801071
STU_010528,85.10512744237974
STU_010529,51.46701346069679
STU_010530,78.13801518029697
STU_010531,67.46775589404038
STU_010532,60.33225259988818
STU_010533,79.99532346651007
STU_010534,82.624593347964
STU_010535,83.15636110915432
STU_010536,75.619924739829
STU_010537,77.45645049863033
STU_010538,74.83893487060361
STU_010539,67.77222068986835
STU_010540,53.35249285936196
STU_010541,88.62613134038747
STU_010542,100.0
STU_010543,82.37890933276574
STU_010544,72.8777765780814
STU_010545,85.72888050847043
STU_010546,70.7122682931612
STU_010547,80.9371630239994
STU_010548,99.39429036669894
STU_010549,67.65243977818206
STU_010550,81.27966794468757
STU_010551,65.4527405451701
STU_010552,95.19169878984599
STU_010553,99.29262290882008
STU_010554,88.74697084236303
STU_010555,79.89206951040323
STU_010556,63.29510003380544
STU_010557,78.88992552377061
STU_010558,77.94154761903548
STU_010559,73.40605597686013
STU_010560,78.43888554441567
STU_010561,96.80443785727685
STU_010562,61.58944719350148
STU_010563,63.57512786129263
STU_010564,62.26097001658832
STU_010565,85.26572049386556
STU_010566,66.61996306972638
STU_010567,72.24702494282532
STU_010568,79.55823022008812
STU_010569,92.86448676360628
STU_010570,59.61889355351014
STU_010571,93.29008583519297
STU_010572,74.53135043260629
STU_010573,94.76686267861778
STU_010574,77.99067891068975
STU_010575,70.19539882583555
STU_010576,55.07064704108521
STU_010577,68.0274583662878
STU_010578,69.10500736998915
STU_010579,78.6480067256861
STU_010580,60.118336403161635
STU_010581,50.70296406008647
STU_010582,74.16186270959906
STU_010583,75.90413138712698
STU_010584,92.92473270502734
STU_010585,74.14977908580308
STU_010586,97.79379530324425
STU_010587,73.6819953694589
STU_010588,75.86716983306314
STU_010589,95.2639062670366
STU_010590,90.73063302756566
STU_010591,72.98674963818932
STU_010592,94.77787602169171
STU_010593,84.87304498175232
STU_010594,54.71061748082523
STU_010595,78.73131740210566
STU_010596,74.50725772115146
STU_010597,57.194781442566
STU_010598,90.29733413732583
STU_010599,66.05638945843862
STU_010600,70.57700314185755
STU_010601,83.17304574563238
STU_010602,72.35959530818512
STU_010603,84.85983417795259
STU_010604,72.109066444227
STU_010605,63.529361786038
STU_010606,90.09547195038698
STU_010607,87.00477361041263
STU_010608,71.44112579176831
STU_010609,72.22967809783196
STU_010610,74.95453228206868
STU_010611,88.6446072743108
STU_010612,57.08145483528819
STU_010613,95.13233742909597
STU_010614,100.0
STU_010615,89.46482621923994
STU_010616,90.24477970432912
STU_010617,60.44442980335165
STU_010618,80.0740271312933
STU_010619,98.00364254304458
STU_010620,66.58914773945837
STU_010621,69.42091011500352
STU_010622,59.82483618984425
STU_010623,82.84388875927168
STU_010624,64.57160353917688
STU_010625,70.52800220367345
STU_010626,90.20689830582876
STU_010627,86.4659991353926
STU_010628,63.643698060855975
STU_010629,83.82805000457319
STU_010630,79.56113580261726
STU_010631,91.64633755352469
STU_010632,66.22552049767064
STU_010633,75.34558800819617
STU_010634,75.59917161249099
STU_010635,63.88420462280678
STU_010636,85.8352434928741
STU_010637,68.72362757978999
STU_010638,70.58377847522618
STU_010639,76.33919533309766
STU_010640,59.3431912588397
STU_010641,68.58695218588483
STU_010642,94.89547190089381
STU_010643,90.15222414099208
STU_010644,79.53070527015815
STU_010645,79.94235613183082
STU_010646,95.21359106663517
STU_010647,71.4989309671447
STU_010648,73.74721365747952
STU_010649,77.71712875972472
STU_010650,85.55484038754591
STU_010651,81.47657608729916
STU_010652,67.24826881636291
STU_010653,88.09675861663521
STU_010654,88.51701118828834
STU_010655,88.36533533942111
STU_010656,77.12463605135704
STU_010657,76.67518748170727
STU_010658,73.79105799073747
STU_010659,93.21160825547958
STU_010660,89.64174353583752
STU_010661,74.82824595445904
STU_010662,97.62902945951524
STU_010663,72.75414822428195
STU_010664,75.90973076003529
STU_010665,65.97453785779415
STU_010666,93.23543376990159
STU_010667,83.74220383002582
STU_010668,68.44143038336173
STU_010669,76.58385557738457
STU_010670,88.721423520309
STU_010671,64.5950282111765
STU_010672,57.30224674827603
STU_010673,85.4260705106206
STU_010674,95.16873582092332
STU_010675,90.85827124346996
STU_010676,72.28664644654101
STU_010677,79.02107469338173
STU_010678,71.33134214473215
STU_010679,74.50255936571008
STU_010680,88.391699441635
STU_010681,82.73398313506718
STU_010682,52.066519132215355
STU_010683,74.51297336987076
STU_010684,79.34758932821946
STU_010685,86.25931244585671
STU_010686,81.08326932830545
STU_010687,64.3845390746804
STU_010688,94.74179272879674
STU_010689,88.400638315766
STU_010690,97.45903311580236
STU_010691,76.33159123677602
STU_010692,89.01795597299568
STU_010693,70.46400197948353
STU_010694,69.14092176379906
STU_010695,63.1064613123021
STU_010696,54.42173899890592
STU_010697,77.20957705003181
STU_010698,90.87711228108631
STU_010699,80.72037582756573
STU_010700,88.50956863630087
STU_010701,81.65704965202562
STU_010702,70.25306369539865
STU_010703,92.3874501514995
STU_010704,97.99966678058327
STU_010705,79.45808517645284
STU_010706,91.38959862193563
STU_010707,78.15574921034573
STU_010708,79.64676514981007
STU_010709,66.71912095153675
STU_010710,57.65799358393408
STU_010711,97.54793604869727
STU_010712,53.62250879137542
STU_010713,92.49587237167486
STU_010714,63.63217398318669
STU_010715,80.88944436465773
STU_010716,55.931489689925264
STU_010717,84.74335687608948
STU_010718,80.22071314009148
STU_010719,81.87284618995014
STU_010720,51.08625319276807
STU_010721,70.96596631210889
STU_010722,97.64078487741898
STU_010723,73.91206399477156
STU_010724,79.74450309145482
STU_010725,65.93987906668359
STU_010726,68.22293964712783
STU_010727,47.035883802613384
STU_010728,73.77885180652495
STU_010729,93.19984779831717
STU_010730,94.62350972348918
STU_010731,67.96595076089775
STU_010732,70.91459744257565
STU_010733,95.01875149666911
STU_010734,85.77418924692466
STU_010735,69.69490682099983
STU_010736,66.22144051055258
STU_010737,64.923384513179
STU_010738,69.4474859219606
STU_010739,72.53266054545799
STU_010740,69.41965497775831
STU_010741,76.65084847026813
STU_010742,67.95477729513937
STU_010743,95.36192945230756
STU_010744,75.00275897383233
STU_010745,64.5318714249294
STU_010746,71.48178030946629
STU_010747,87.6444802780886
STU_010748,76.86273660335712
STU_010749,84.64556740271534
STU_010750,79.95278291440167
STU_010751,73.08081339429057
STU_010752,72.54999809533928
STU_010753,79.64138222957737
STU_010754,84.43613967695741
STU_010755,64.10084389629318
STU_010756,90.2963560097257
STU_010757,58.467151457442874
STU_010758,85.45903598592363
STU_010759,91.88227093042357
STU_010760,81.64450440962138
STU_010761,74.78230142842317
STU_010762,74.18280352683774
STU_010763,63.09200491977226
STU_010764,53.26782052286337
STU_010765,81.91058782053196
STU_010766,64.02692670611911
STU_010767,72.0713075845815
STU_010768,52.56159253788352
STU_010769,86.23510773371262
STU_010770,70.04990131787406
STU_010771,47.151316468445316
STU_010772,70.06012467255759
STU_010773,86.13816650454342
STU_010774,86.36225504366291
STU_010775,92.78496509845749
STU_010776,47.549820003714764
STU_010777,79.98335540953859
STU_010778,56.584941381054314
STU_010779,62.47436964025371
STU_010780,76.50789264975548
STU_010781,80.75764708991795
STU_010782,83.05074643994435
STU_010783,51.240996700070966
STU_010784,72.18527796741328
STU_010785,83.16432231576783
STU_010786,79.38706953130908
STU_010787,72.84081379470888
STU_010788,67.52134047877855
STU_010789,97.9299819300316
STU_010790,62.86589938037134
STU_010791,59.78247071295633
STU_010792,91.85550488398701
STU_010793,87.58626835303825
STU_010794,60.75285317946741
STU_010795,77.37365473131212
STU_010796,80.67386755790176
STU_010797,57.43826859920941
STU_010798,62.24799136483324
STU_010799,86.75485188402868
STU_010800,62.96964958008117
STU_010801,68.06476658150703
STU_010802,84.88626788405928
STU_010803,77.29394794263241
STU_010804,60.043803275318794
STU_010805,73.67645763087124
STU_010806,85.30478921174794
STU_010807,95.98020231025367
STU_010808,68.31946416430216
STU_010809,97.87733457304171
STU_010810,85.45085674504728
STU_010811,75.2799889624385
STU_010812,82.89912163379466
STU_010813,97.43340888671031
STU_010814,71.31918489024358
STU_010815,86.14288292887393
STU_010816,99.15250723767281
STU_010817,86.92869894094423
STU_010818,82.22951080093004
STU_010819,84.50572757494274
STU_010820,96.62488443094605
STU_010821,96.67065977104845
STU_010822,65.6294485489779
STU_010823,94.59382960436088
STU_010824,86.83567142948223
STU_010825,89.41155879937968
STU_010826,83.37450230059451
STU_010827,57.25965706909565
STU_010828,69.77180356398648
STU_010829,68.62134832649818
STU_010830,76.60013780960695
STU_010831,93.21402152350728
STU_010832,94.48427436677756
STU_010833,84.4814651769058
STU_010834,71.14033443522057
STU_010835,80.81339809022384
STU_010836,85.62007859141383
STU_010837,73.62919735115166
STU_010838,91.46427606913396
STU_010839,68.74450579698691
STU_010840,81.44937868871737
STU_010841,87.71958155616942
STU_010842,90.93044380782038
STU_010843,73.50130624994885
STU_010844,57.7704062282644
STU_010845,90.25417406760907
STU_010846,80.84875606069494
STU_010847,100.0
STU_010848,78.81186665643698
STU_010849,77.23795256918262
STU_010850,63.3112420333496
STU_010851,92.67014564336371
STU_010852,68.18992170889928
STU_010853,89.17231436778971
STU_010854,86.76775998597958
STU_010855,71.76575721869868
STU_010856,57.5108704066106
STU_010857,67.25859222216782
STU_010858,54.43752005993369
STU_010859,65.48392221837115
STU_010860,95.79255728597809
STU_010861,78.35798957037271
STU_010862,67.50915182209592
STU_010863,76.38357964014483
STU_010864,87.54338588693847
STU_010865,76.22140371031064
STU_010866,89.90378264810505
STU_010867,56.31441141979609
STU_010868,66.32031038336436
STU_010869,79.49712260111181
STU_010870,66.13105412293861
STU_010871,88.95798361194593
STU_010872,87.26449852373565
STU_010873,49.43222732770715
STU_010874,66.50747599654787
STU_010875,86.61808651333719
STU_010876,72.42381770686951
STU_010877,74.36097713533097
STU_010878,75.69767909438173
STU_010879,65.74441323810923
STU_010880,84.41284863201378
STU_010881,95.89018687308553
STU_010882,80.63902413011202
STU_010883,82.69856705813805
STU_010884,60.34109550394713
STU_010885,67.64845333143018
STU_010886,97.2116150727798
STU_010887,58.321688124456045
STU_010888,89.50520777878432
STU_010889,93.26643133575963
STU_010890,77.90782292266417
STU_010891,94.71863593706163
STU_010892,83.34306627697232
STU_010893,73.08429611295924
STU_010894,85.26640351049187
STU_010895,69.468791840992
STU_010896,74.9397102713667
STU_010897,68.829767116606
STU_010898,86.67804483968288
STU_010899,63.40623849906787
STU_010900,68.01629781955455
STU_010901,64.7788720047185
STU_010902,90.40398508852141
STU_010903,57.01882007234561
STU_010904,72.15848983637464
STU_010905,66.72864429171175
STU_010906,56.03455158540132
STU_010907,95.65338698885267
STU_010908,89.06643936423183
STU_010909,86.08966982447367
STU_010910,84.3279294928963
STU_010911,78.5685607821337
STU_010912,91.12031304521838
STU_010913,78.62814678061515
STU_010914,89.14993434521296
STU_010915,76.94403005318746
STU_010916,66.73604044678073
STU_010917,78.7119074521477
STU_010918,79.86681648418849
STU_010919,88.81487798455584
STU_010920,73.2789526668682
STU_010921,80.93615897931038
STU_010922,78.60189029038874
STU_010923,90.43514305589206
STU_010924,91.26881219527428
STU_010925,69.0704880416678
STU_010926,91.13356100801951
STU_010927,63.354770685129786
STU_010928,77.8007216111844
STU_010929,71.35771284589839
STU_010930,91.43410562036411
STU_010931,74.04081499307091
STU_010932,84.09054328071286
STU_010933,78.26549278974555
STU_010934,90.0023652127986
STU_010935,71.65288341861611
STU_010936,68.79216145717747
STU_010937,73.52173750970123
STU_010938,60.78021476129112
STU_010939,81.75056702833356
STU_010940,53.621095735323095
STU_010941,92.7914598807017
STU_010942,82.42699433640973
STU_010943,57.379015370289665
STU_010944,62.102362480759616
STU_010945,74.06195080122859
STU_010946,78.89279229563648
STU_010947,75.1351577204741
STU_010948,85.1844107858858
STU_010949,93.40579947021246
STU_010950,66.69909684503791
STU_010951,76.02138763881672
STU_010952,63.467904166612115
STU_010953,88.99358837487891
STU_010954,54.586042896977474
STU_010955,62.87927993940418
STU_010956,95.16854133141706
STU_010957,86.46612819559516
STU_010958,69.58437492365817
STU_010959,88.70762042738798
STU_010960,84.88080544848435
STU_010961,75.19958878055377
STU_010962,89.84197298891462
STU_010963,69.79413959371564
STU_010964,79.14574243300848
STU_010965,64.78312629316187
STU_010966,58.958764721014134
STU_010967,70.41699857096174
STU_010968,69.36142788264549
STU_010969,61.056408592862
STU_010970,81.25600922415491
STU_010971,74.39155177616833
STU_010972,72.48116800535857
STU_010973,74.8521503152026
STU_010974,63.20235024511023
STU_010975,81.15572199954231
STU_010976,82.05105014528888
STU_010977,87.40083885252528
STU_010978,94.44066439981022
STU_010979,75.4797888589099
STU_010980,80.19815392021941
STU_010981,88.43551425393971
STU_010982,69.74580049968333
STU_010983,72.51215978613692
STU_010984,75.16523957146057
STU_010985,55.12275394637794
STU_010986,93.85772609905109
STU_010987,91.61991730473524
STU_010988,69.22472132632328
STU_010989,86.0558531926829
STU_010990,82.7581611706571
STU_010991,62.42983234739819
STU_010992,77.34513824936589
STU_010993,72.78677249010025
STU_010994,78.16280517012503
STU_010995,99.52679245370835
STU_010996,57.93434404867135
STU_010997,68.46712359674434
STU_010998,68.61096353923179
STU_010999,69.00113985254032
STU_011000,78.20138586704965
STU_011001,60.33587620653148
STU_011002,80.87184176297447
STU_011003,60.37486134328853
STU_011004,81.33201790523358
STU_011005,71.57304633379209
STU_011006,83.73876502946169
STU_011007,66.34330862856378
STU_011008,79.12388118966304
STU_011009,94.01264269052899
STU_011010,97.74323407272267
STU_011011,68.81503237870966
STU_011012,81.40135741005665
STU_011013,55.16827513062874
STU_011014,61.41485071172204
STU_011015,93.00671742708599
STU_011016,65.86339124829098
STU_011017,75.02290848055432
STU_011018,88.486721889808
STU_011019,63.98202035226992
STU_011020,90.39245889344085
STU_011021,67.9181564815768
STU_011022,85.00997160392137
STU_011023,70.25485372467628
STU_011024,80.9051841526535
STU_011025,68.09940815593635
STU_011026,77.74565055934151
STU_011027,77.28047181234548
STU_011028,91.02052092850587
STU_011029,83.74093549532202
STU_011030,62.983347172875014
STU_011031,63.16615462583084
STU_011032,63.47989560970551
STU_011033,59.09882326880381
STU_011034,74.32594928205424
STU_011035,84.09173253078447
STU_011036,95.96992874343512
STU_011037,95.26917006843506
STU_011038,82.16794233603147
STU_011039,57.830158755955296
STU_011040,78.93179963921995
STU_011041,57.481181967472104
STU_011042,64.63872607465551
STU_011043,66.47608667570253
STU_011044,61.30939943149403
STU_011045,94.98893808002259
STU_011046,80.68868387182545
STU_011047,83.30789897540501
STU_011048,63.4116326366384
STU_011049,84.92407223747577
STU_011050,78.08985837180036
STU_011051,86.96347767766164
STU_011052,97.69646490861442
STU_011053,55.091480203960444
STU_011054,70.90351393461152
STU_011055,65.15644702746796
STU_011056,59.78088229893648
STU_011057,87.2575482064455
STU_011058,100.0
STU_011059,100.0
STU_011060,71.02690984394849
STU_011061,65.98595475351974
STU_011062,62.07068355021891
STU_011063,81.95984814342475
STU_011064,71.55646342963387
STU_011065,73.32149476499514
STU_011066,72.38939373306174
STU_011067,86.27930939778716
STU_011068,96.87602723246317
STU_011069,94.08026042599923
STU_011070,69.66594703512875
STU_011071,90.66654912926563
STU_011072,93.13296252096893
STU_011073,77.4290030977932
STU_011074,88.74590018968141
STU_011075,75.03319426720448
STU_011076,95.52206245441295
STU_011077,74.72392776453049
STU_011078,72.5590817752789
STU_011079,67.06417098603899
STU_011080,61.20996774533917
STU_011081,88.69143785432016
STU_011082,54.03224158030593
STU_011083,93.63056391726694
STU_011084,77.67847507474038
STU_011085,92.08495884181713
STU_011086,64.47167086455501
STU_011087,71.30326891186445
STU_011088,76.39208557868604
STU_011089,87.01402284417499
STU_011090,86.34392730472045
STU_011091,80.45576087543762
STU_011092,64.07464658884831
STU_011093,79.88494512657645
STU_011094,59.056356429298305
STU_011095,82.41304903739982
STU_011096,65.01418691101735
STU_011097,89.60007282118367
STU_011098,89.63498623013503
STU_011099,86.3992780291005
STU_011100,63.1619703549558
STU_011101,64.52549074556276
STU_011102,78.4864819399185
STU_011103,68.38150292390243
STU_011104,93.19793630356371
STU_011105,74.3681251667579
STU_011106,82.44745716064958
STU_011107,58.26258729367938
STU_011108,80.65787833887532
STU_011109,90.5234775792674
STU_011110,97.00903510022741
STU_011111,74.39072757539606
STU_011112,80.09938245932351
STU_011113,85.6040109331193
STU_011114,85.73634431448453
STU_011115,88.38612100628134
STU_011116,80.75929704853935
STU_011117,71.72945659486919
STU_011118,72.65115505025949
STU_011119,79.1727197684551
STU_011120,78.17357052452876
STU_011121,72.08113842536682
STU_011122,64.01363691118128
STU_011123,95.01088388189487
STU_011124,65.04563618283923
STU_011125,98.22922884195641
STU_011126,82.61682182639098
STU_011127,76.34034865693488
STU_011128,69.7439101190022
STU_011129,88.17515411854927
STU_011130,64.48408424376848
STU_011131,83.25812411567298
STU_011132,72.07172993013418
STU_011133,82.36378832558545
STU_011134,53.06094859552381
STU_011135,53.2177840433728
STU_011136,88.5497162705674
STU_011137,77.18390477405873
STU_011138,100.0
STU_011139,72.44813920232652
STU_011140,84.94564606579512
STU_011141,51.78977798921388
STU_011142,89.10837357625812
STU_011143,80.98962470226424
STU_011144,67.49143746245724
STU_011145,62.31636190508059
STU_011146,66.93248586910128
STU_011147,93.48688585417784
STU_011148,88.3525979725186
STU_011149,84.48533495038002
STU_011150,85.58606984618933
STU_011151,94.32018068509672
STU_011152,60.740965524724686
STU_011153,73.06923056374866
STU_011154,75.94437050130696
STU_011155,71.53913372159181
STU_011156,76.4272200618098
STU_011157,57.71754092229189
STU_011158,70.62452871822
STU_011159,68.95387876240993
STU_011160,57.64940755085678
STU_011161,86.7097336675617
STU_011162,70.14209779850269
STU_011163,72.3186609126198
STU_011164,87.43204579414376
STU_011165,77.12432224247718
STU_011166,76.53811379700741
STU_011167,65.11056624662218
STU_011168,81.81245327684081
STU_011169,89.13246791852237
STU_011170,64.2731252859272
STU_011171,75.6015682534437
STU_011172,95.79544608618107
STU_011173,93.75792303021983
STU_011174,73.44486561915316
STU_011175,65.4186203329927
STU_011176,78.92765941145467
STU_011177,72.5135164187791
STU_011178,87.71021222250282
STU_011179,85.88256769573528
STU_011180,72.35175551198806
STU_011181,78.66931436397414
STU_011182,94.09411013618107
STU_011183,55.268386935534416
STU_011184,76.70257184407666
STU_011185,79.92404846203195
STU_011186,50.21016466859607
STU_011187,85.4677914425823
STU_011188,74.89832108891024
STU_011189,48.149006207525034
STU_011190,84.17747718468019
STU_011191,94.92946034642944
STU_011192,80.40331098542981
STU_011193,74.93023592179397
STU_011194,90.49046595997443
STU_011195,81.17636259103926
STU_011196,84.73967311195217
STU_011197,98.57654590310975
STU_011198,82.0043017781241
STU_011199,91.3382224785571
STU_011200,76.96241791089562
STU_011201,49.06673669722689
STU_011202,62.23769380921924
STU_011203,78.3764843518446
STU_011204,84.59831897596229
STU_011205,89.76936229939672
STU_011206,83.66807134353085
STU_011207,57.88715636986699
STU_011208,74.5115872876963
STU_011209,79.19639867494405
STU_011210,71.55272542460588
STU_011211,80.66425781118795
STU_011212,72.37127253615407
STU_011213,84.68426268503086
STU_011214,59.50910925789759
STU_011215,92.28152821275941
STU_011216,62.50820776435629
STU_011217,98.4450547974961
STU_011218,68.0878420540798
STU_011219,87.1141499916483
STU_011220,67.56639399463481
STU_011221,83.32567275481045
STU_011222,86.78343703032849
STU_011223,68.78814172850564
STU_011224,98.95350772255952
STU_011225,51.98900582523797
STU_011226,81.76519690926631
STU_011227,58.67922281813128
STU_011228,92.75736836365562
STU_011229,79.46103860250051
STU_011230,80.05602795023003
STU_011231,93.75721581542015
STU_011232,87.11277399632061
STU_011233,77.48863843707097
STU_011234,80.37124509927003
STU_011235,91.19705358696743
STU_011236,67.48570733106067
STU_011237,63.05966679565671
STU_011238,65.09747190928768
STU_011239,82.83081763620794
STU_011240,84.03886382804562
STU_011241,95.7008636136461
STU_011242,64.43378844044868
STU_011243,67.79082051685091
STU_011244,52.78196923326412
STU_011245,74.16644109241626
STU_011246,80.00744172673564
STU_011247,85.47943493178576
STU_011248,74.85715613945291
STU_011249,75.27435768984505
STU_011250,72.06428818541319
STU_011251,73.93214135116831
STU_011252,74.58686903877158
STU_011253,77.9167375582932
STU_011254,97.5979016694944
STU_011255,84.14761223478334
STU_011256,76.64499113728981
STU_011257,51.168195256199105
STU_011258,78.55429208268293
STU_011259,75.8924786442186
STU_011260,100.0
STU_011261,66.50473320213979
STU_011262,84.93495762742029
STU_011263,58.96865295802476
STU_011264,51.420946346326204
STU_011265,79.3687071186833
STU_011266,80.96462980973665
STU_011267,90.46241282082224
STU_011268,63.589247478707385
STU_011269,87.5778970183889
STU_011270,75.55751630450789
STU_011271,81.09790833563949
STU_011272,88.85424556639364
STU_011273,75.17766206494478
STU_011274,83.78901284462356
STU_011275,71.97561017138541
STU_011276,83.97500269939326
STU_011277,76.42552413588949
STU_011278,70.78074986234644
STU_011279,97.4298818962288
STU_011280,74.9056314109184
STU_011281,70.16520281397443
STU_011282,91.04904672643946
STU_011283,77.54030266348033
STU_011284,59.63004053359778
STU_011285,89.95120170928499
STU_011286,80.51343915872754
STU_011287,74.45130862096867
STU_011288,71.5303130570017
STU_011289,65.6732784553671
STU_011290,70.37042386419971
STU_011291,79.85801735584225
STU_011292,45.88758732812803
STU_011293,89.98152091615549
STU_011294,71.97344894726834
STU_011295,78.23591814834214
STU_011296,96.54633453255164
STU_011297,75.60243815738383
STU_011298,57.42962443851435
STU_011299,84.14060023887717
STU_011300,88.27458564378736
STU_011301,100.0
STU_011302,71.0605586038786
STU_011303,83.89084124623062
STU_011304,83.75472958917103
STU_011305,69.31277983391871
STU_011306,78.0512691637467
STU_011307,62.13590298713799
STU_011308,55.31673885414137
STU_011309,82.06439382132115
STU_011310,53.001004726827034
STU_011311,82.85878051740093
STU_011312,68.80359116673871
STU_011313,89.03903333659488
STU_011314,62.374006488970835
STU_011315,81.01802524091212
STU_011316,62.135594000046154
STU_011317,77.92869914533173
STU_011318,62.44890198014688
STU_011319,88.19318470103131
STU_011320,58.71670541980579
STU_011321,84.11723657449895
STU_011322,60.31918031707046
STU_011323,51.28756355427702
STU_011324,62.7943671094655
STU_011325,60.66713639865352
STU_011326,79.34468921951786
STU_011327,81.6730152766474
STU_011328,89.38343813470021
STU_011329,60.45664974121881
STU_011330,51.85669383044732
STU_011331,61.169160578140065
STU_011332,86.448961277065
STU_011333,69.14379721196708
STU_011334,89.10502453776212
STU_011335,68.15306990846847
STU_011336,63.82274150720037
STU_011337,81.19513374760975
STU_011338,90.74897538998388
STU_011339,69.85148481485709
STU_011340,73.71094146513269
STU_011341,96.44793945852797
STU_011342,82.88742631550878
STU_011343,85.83115415847566
STU_011344,46.2878563505909
STU_011345,69.63449708499967
STU_011346,73.52666307401225
STU_011347,98.49045523591025
STU_011348,80.41770920963006
STU_011349,100.0
STU_011350,65.70066528865624
STU_011351,74.39031897149066
STU_011352,83.19618864190906
STU_011353,69.96610585852493
STU_011354,92.5307184846942
STU_011355,69.68335521700392
STU_011356,81.39315724200016
STU_011357,69.92748561920543
STU_011358,92.5398780610177
STU_011359,100.0
STU_011360,100.0
STU_011361,66.47531213916342
STU_011362,79.05527155209228
STU_011363,99.75057192693681
STU_011364,87.75916049369526
STU_011365,65.64114428122721
STU_011366,87.60511065587478
STU_011367,74.18593392502659
STU_011368,86.92317553464486
STU_011369,70.67280187884009
STU_011370,82.47281824973933
STU_011371,71.6160871090461
STU_011372,91.35722792863017
STU_011373,65.76320227957264
STU_011374,75.22050647153296
STU_011375,87.5259147815808
STU_011376,51.7876322047745
STU_011377,100.0
STU_011378,87.51395156330548
STU_011379,81.27347329421178
STU_011380,75.6613254763177
STU_011381,60.926888678714256
STU_011382,81.33096938008441
STU_011383,93.66465563309126
STU_011384,70.52170337360316
STU_011385,82.26289073596286
STU_011386,74.52545231064259
STU_011387,56.52211840060876
STU_011388,65.36931261519288
STU_011389,58.9770310217227
STU_011390,85.4793964178839
STU_011391,54.72257971325283
STU_011392,72.23085659866543
STU_011393,71.2774479764794
STU_011394,82.51423892073595
STU_011395,84.83772838201354
STU_011396,88.67129463949573
STU_011397,68.34916893248067
STU_011398,100.0
STU_011399,71.26024716014575
STU_011400,75.0427627621446
STU_011401,70.91873609155718
STU_011402,76.56475794233377
STU_011403,78.93122456344638
STU_011404,100.0
STU_011405,80.69384063458887
STU_011406,85.9584097163001
STU_011407,92.26705484252578
STU_011408,79.56405039235622
STU_011409,84.85181956068345
STU_011410,74.19536824835565
STU_011411,92.4859544885672
STU_011412,76.1887466975998
STU_011413,65.48115703925781
STU_011414,91.03347073151978
STU_011415,79.83181416795244
STU_011416,93.37111583587479
STU_011417,80.32078919042883
STU_011418,63.48728294940743
STU_011419,74.21619684244149
STU_011420,90.18278469279399
STU_011421,86.9733905565154
STU_011422,74.18805924495076
STU_011423,67.26372393358332
STU_011424,73.88925315014454
STU_011425,70.00280191855282
STU_011426,97.72335618600455
STU_011427,67.26546530039263
STU_011428,90.75488954071295
STU_011429,76.99395873511052
STU_011430,76.94734434334914
STU_011431,79.6150898055941
STU_011432,66.43484959917802
STU_011433,91.64462098953888
STU_011434,92.89497034653596
STU_011435,73.1275399826146
STU_011436,89.68270520099429
STU_011437,64.39381511673717
STU_011438,64.57343413541341
STU_011439,74.88896189791159
STU_011440,67.04482271328709
STU_011441,78.86906623760711
STU_011442,78.27017399117624
STU_011443,69.837902532937
STU_011444,77.45655268435463
STU_011445,71.35076112596475
STU_011446,56.421078412803084
STU_011447,93.33255116367087
STU_011448,63.119120949874116
STU_011449,74.00723803844863
STU_011450,81.59890745496469
STU_011451,78.53748360634518
STU_011452,69.18969631546216
STU_011453,68.90532371836287
STU_011454,67.39448478264887
STU_011455,53.55880605287737
STU_011456,91.86501601753677
STU_011457,69.59434580591578
STU_011458,96.91908363916623
STU_011459,74.01292063892159
STU_011460,86.42645273868834
STU_011461,80.39596207299236
STU_011462,81.19256915874638
STU_011463,81.88873424711224
STU_011464,73.15244192056218
STU_011465,71.12749812224469
STU_011466,80.58532167503834
STU_011467,79.67952110932889
STU_011468,64.85234965417237
STU_011469,71.41972734490037
STU_011470,93.66584980697873
STU_011471,64.1312164846173
STU_011472,72.71924318764815
STU_011473,77.11374920974326
STU_011474,90.8893364282184
STU_011475,89.06209510431135
STU_011476,92.67611222306826
STU_011477,98.98873030329722
STU_011478,52.549321963322996
STU_011479,64.89544711624997
STU_011480,96.61188700014068
STU_011481,70.35753224824224
STU_011482,58.71451591639534
STU_011483,94.05516139818283
STU_011484,77.02203407617938
STU_011485,78.87396619909057
STU_011486,58.917580273715664
STU_011487,83.21709404245728
STU_011488,79.25775412913264
STU_011489,67.31233106494521
STU_011490,78.80365607653053
STU_011491,59.235285659013556
STU_011492,79.38627691013906
STU_011493,94.8931109116215
STU_011494,83.1217038348312
STU_011495,81.78064731569604
STU_011496,89.57541647372403
STU_011497,77.87237442427715
STU_011498,79.42473930526207
STU_011499,82.80193184729953
STU_011500,75.55154107904782
STU_011501,61.028065949884656
STU_011502,50.10803293027114
STU_011503,89.4668820680869
STU_011504,60.23602601154618
STU_011505,70.1999154875069
STU_011506,57.809447594800105
STU_011507,70.28979979222947
STU_011508,80.46522697505875
STU_011509,67.70579928742058
STU_011510,80.62132368264918
STU_011511,94.53306870275867
STU_011512,53.97839443737408
STU_011513,78.79424765540297
STU_011514,78.53691135532009
STU_011515,68.78914100919377
STU_011516,83.7251771088393
STU_011517,84.7440779340657
STU_011518,94.47312204260763
STU_011519,63.46800051617349
STU_011520,48.1543464283166
STU_011521,51.72742051100727
STU_011522,100.0
STU_011523,76.67913455737735
STU_011524,87.1594844462357
STU_011525,100.0
STU_011526,84.60029399473166
STU_011527,91.46920143854757
STU_011528,87.56753520009843
STU_011529,81.81418476036686
STU_011530,66.41240909204352
STU_011531,79.65215864960436
STU_011532,77.70087070006446
STU_011533,81.32426667560166
STU_011534,76.19853041022895
STU_011535,68.94878766466789
STU_011536,59.18829372117505
STU_011537,53.06753554286967
STU_011538,73.66543854195415
STU_011539,72.48757617429611
STU_011540,81.28766386559609
STU_011541,80.83777594094013
STU_011542,65.78695982790985
STU_011543,78.18691827112153
STU_011544,84.06952044434563
STU_011545,90.91495913475268
STU_011546,60.69725959200639
STU_011547,92.32795254343242
STU_011548,80.48244623406481
STU_011549,63.08787545922951
STU_011550,83.65290455203731
STU_011551,71.50854241469438
STU_011552,55.82891159482675
STU_011553,74.54525662160991
STU_011554,81.56714710819423
STU_011555,85.74513543389395
STU_011556,98.38518475008789
STU_011557,62.01222987070143
STU_011558,98.3747969192606
STU_011559,93.33090886425823
STU_011560,100.0
STU_011561,71.63122991515466
STU_011562,97.84074695701332
STU_011563,94.28905405375312
STU_011564,61.40356937973784
STU_011565,75.3643716327574
STU_011566,70.26781745609708
STU_011567,59.75182621588736
STU_011568,57.41620709211644
STU_011569,81.99418227996897
STU_011570,97.24975517569032
STU_011571,78.15943160447313
STU_011572,88.91251881761372
STU_011573,72.4212418433185
STU_011574,69.74001871920312
STU_011575,68.5991728298531
STU_011576,78.32566664157483
STU_011577,63.1598875561831
STU_011578,68.11705971113189
STU_011579,71.34135109231667
STU_011580,89.79049178477493
STU_011581,64.07589454456374
STU_011582,82.24041334147043
STU_011583,68.73007341823931
STU_011584,89.74911588040374
STU_011585,81.93184069826373
STU_011586,83.6830550378551
STU_011587,92.86628123945974
STU_011588,92.465705241583
STU_011589,86.78124747519011
STU_011590,70.880356453488
STU_011591,61.81243054387707
STU_011592,91.82275349769657
STU_011593,76.97354937441774
STU_011594,96.04375388332512
STU_011595,88.02878006992331
STU_011596,77.68524830798324
STU_011597,69.20517161226671
STU_011598,80.08303612523007
STU_011599,62.98104239864401
STU_011600,60.812436126564904
STU_011601,71.11527381176084
STU_011602,88.16107225271432
STU_011603,62.19850385215939
STU_011604,85.97823558392987
STU_011605,82.8186774174691
STU_011606,66.68251770516622
STU_011607,94.68279447645843
STU_011608,88.83821670778197
STU_011609,66.07487982083319
STU_011610,82.69025077019737
STU_011611,55.64262785522993
STU_011612,82.95904851452964
STU_011613,67.96134215554937
STU_011614,60.95237208171919
STU_011615,90.28599955672225
STU_011616,86.41142199401062
STU_011617,69.92530948087678
STU_011618,71.47405061372051
STU_011619,80.29532423996201
STU_011620,57.58508920890331
STU_011621,71.85371776499433
STU_011622,74.4703780882616
STU_011623,56.68831737997819
STU_011624,89.93742620058936
STU_011625,97.24251075918013
STU_011626,82.87893048281504
STU_011627,68.87232447173189
STU_011628,71.77680932901464
STU_011629,71.49740948736309
STU_011630,95.57545878975182
STU_011631,55.96772366925917
STU_011632,62.93579846101055
STU_011633,100.0
STU_011634,48.17429733918164
STU_011635,95.82111784081332
STU_011636,62.87346295220008
STU_011637,72.73729423515442
STU_011638,83.37949598823661
STU_011639,90.42453943336999
STU_011640,89.00388180074414
STU_011641,76.29310040945569
STU_011642,79.03162473628139
STU_011643,64.33672560637778
STU_011644,92.965242354757
STU_011645,97.18184207030916
STU_011646,76.30866801351019
STU_011647,76.29038654486477
STU_011648,76.71844223289061
STU_011649,81.84767912374696
STU_011650,82.63275188482024
STU_011651,67.74189585414183
STU_011652,57.6429865321174
STU_011653,100.0
STU_011654,66.0589534957409
STU_011655,73.2994749205063
STU_011656,61.764097014358256
STU_011657,42.48963829111598
STU_011658,98.22726828316384
STU_011659,63.67255791281437
STU_011660,81.65071318743011
STU_011661,98.33611477968302
STU_011662,86.46066507970488
STU_011663,90.88137197985569
STU_011664,92.58842549116892
STU_011665,65.63063082534185
STU_011666,72.0777348367951
STU_011667,62.08524752837759
STU_011668,79.82966659203721
STU_011669,68.30852212122397
STU_011670,87.09067847469296
STU_011671,78.7455468533172
STU_011672,89.90742712802843
STU_011673,75.16067949055929
STU_011674,65.67518343869772
STU_011675,88.00961669478167
STU_011676,71.4839547811684
STU_011677,78.92352700551966
STU_011678,55.58639840492475
STU_011679,93.4942071164958
STU_011680,89.68455559410086
STU_011681,98.27660556490363
STU_011682,45.008607300495704
STU_011683,74.29851012736171
STU_011684,62.81731524969735
STU_011685,63.102255442822624
STU_011686,73.31682915067363
STU_011687,88.39868464270091
STU_011688,88.7133183900876
STU_011689,73.53536391069821
STU_011690,71.85972449702349
STU_011691,95.3812447566774
STU_011692,81.71741046730767
STU_011693,90.2949407853859
STU_011694,94.3049112329968
STU_011695,92.23960112724455
STU_011696,89.4587538172392
STU_011697,70.9378615131424
STU_011698,68.99607495024537
STU_011699,82.98141370557875
STU_011700,62.34991291879844
STU_011701,70.63252310516596
STU_011702,83.08324269528288
STU_011703,85.22078833427193
STU_011704,81.60585441056988
STU_011705,74.94423381412803
STU_011706,87.45664417156445
STU_011707,69.93699480018962
STU_011708,77.02957021582024
STU_011709,85.13556448399869
STU_011710,83.21539613104659
STU_011711,77.95250793088624
STU_011712,56.951581381751566
STU_011713,94.9939924194789
STU_011714,75.73566403733439
STU_011715,84.26926214767332
STU_011716,82.25046707946453
STU_011717,73.1124088403364
STU_011718,84.32981142882201
STU_011719,77.10242958165367
STU_011720,94.54372146135744
STU_011721,65.97447549601215
STU_011722,67.09013600417883
STU_011723,73.82942515156321
STU_011724,89.9582844475922
STU_011725,79.70988381926463
STU_011726,56.00000281187954
STU_011727,62.70147829624956
STU_011728,57.16294007747672
STU_011729,77.62461648478221
STU_011730,73.71875999780642
STU_011731,94.195976827147
STU_011732,91.458098390247
STU_011733,79.09441867825437
STU_011734,91.64395369092256
STU_011735,79.13271712904975
STU_011736,70.02922049751407
STU_011737,68.89838583842297
STU_011738,86.73854538486822
STU_011739,89.04348378723044
STU_011740,86.28397682400468
STU_011741,78.85761109528788
STU_011742,67.26297187982154
STU_011743,61.09306662336351
STU_011744,72.88678564873022
STU_011745,64.3003813962763
STU_011746,69.26812463076446
STU_011747,86.16448358299688
STU_011748,68.14533653722596
STU_011749,74.61097827793412
STU_011750,96.5359441339052
STU_011751,71.61576796804397
STU_011752,61.248159137283764
STU_011753,49.967932556808506
STU_011754,77.12676190884369
STU_011755,74.1042346117377
STU_011756,83.43188352132535
STU_011757,74.67303515514294
STU_011758,98.09451737483678
STU_011759,71.00768878784768
STU_011760,85.1346142284653
STU_011761,89.60491268428983
STU_011762,74.58833277823867
STU_011763,81.58375841867522
STU_011764,66.53090186451223
STU_011765,78.48299705819153
STU_011766,44.88867395627859
STU_011767,60.90288238193429
STU_011768,87.52003108516394
STU_011769,61.18220277568782
STU_011770,93.49616096201535
STU_011771,69.60495911452026
STU_011772,65.39514699818709
STU_011773,63.532948261098014
STU_011774,64.73148810261964
STU_011775,77.30063216983527
STU_011776,67.08919777549892
STU_011777,73.07787475146965
STU_011778,89.48162636813063
STU_011779,82.29122221989036
STU_011780,71.21029910784316
STU_011781,58.623802584410384
STU_011782,88.82167322799727
STU_011783,71.72351547269571
STU_011784,73.42108646894707
STU_011785,67.43174047532712
STU_011786,82.78990895321124
STU_011787,66.93184394696577
STU_011788,70.89249555270756
STU_011789,61.21070412244768
STU_011790,82.91634181919802
STU_011791,90.97783595785067
STU_011792,78.5572267236366
STU_011793,62.87654021941491
STU_011794,59.849580108670935
STU_011795,63.53706872125683
STU_011796,96.26675548559155
STU_011797,72.8188687186041
STU_011798,66.1182373136912
STU_011799,98.15497935533455
STU_011800,69.91866282208517
STU_011801,85.11388485982283
STU_011802,91.03393395347217
STU_011803,74.18230792843225
STU_011804,74.76395973464687
STU_011805,70.79955355287302
STU_011806,69.41783482023953
STU_011807,84.00128686438937
STU_011808,87.83413756329958
STU_011809,89.45697646459033
STU_011810,91.57715359147348
STU_011811,91.09870627120094
STU_011812,70.8757709597587
STU_011813,70.18733370160892
STU_011814,94.1311098524954
STU_011815,71.71358583455682
STU_011816,79.15194190476996
STU_011817,93.67451265694278
STU_011818,78.44429594946433
STU_011819,77.45725049275643
STU_011820,73.96081932497036
STU_011821,77.04602176880708
STU_011822,98.28765997886828
STU_011823,73.7974639795613
STU_011824,74.00206437758848
STU_011825,81.63773512211802
STU_011826,70.83212321721295
STU_011827,76.59731712767416
STU_011828,74.24154574591317
STU_011829,74.72766493781239
STU_011830,66.50969788408104
STU_011831,67.5582495290383
STU_011832,69.4163505939695
STU_011833,65.12384734537704
STU_011834,63.800759038726966
STU_011835,81.33203822984494
STU_011836,76.00947458680385
STU_011837,72.55096232536566
STU_011838,68.61002308605846
STU_011839,87.49337572790138
STU_011840,85.04083489683225
STU_011841,82.09521915196632
STU_011842,60.81616058852447
STU_011843,56.94492590862384
STU_011844,84.21363527555481
STU_011845,69.71193280781623
STU_011846,87.65827229135782
STU_011847,74.24991239940682
STU_011848,94.79024911373898
STU_011849,79.76812041311653
STU_011850,69.48216659093005
STU_011851,92.05798597919802
STU_011852,90.30159439235825
STU_011853,86.03881519408942
STU_011854,76.336626358067
STU_011855,90.39051415534271
STU_011856,85.04442973866998
STU_011857,80.84989434857363
STU_011858,87.69840068734565
STU_011859,72.7439833560751
STU_011860,73.18043605893655
STU_011861,65.16028965805049
STU_011862,69.9032463386421
STU_011863,95.65854873243926
STU_011864,50.8245957502479
STU_011865,82.1921378986022
STU_011866,64.27405166189767
STU_011867,84.67481799495121
STU_011868,81.79198928877236
STU_011869,73.87984129359546
STU_011870,89.46716239389212
STU_011871,63.99758248945963
STU_011872,67.29657521365206
STU_011873,81.24885072760415
STU_011874,69.05485226397805
STU_011875,61.54808927159108
STU_011876,68.68040562957394
STU_011877,89.58664246540417
STU_011878,58.16167739580945
STU_011879,79.94144021401188
STU_011880,59.12987964189559
STU_011881,53.49188237559149
STU_011882,85.72050580745632
STU_011883,54.12061633482085
STU_011884,65.40010775014908
STU_011885,58.572906109997106
STU_011886,71.27189365387616
STU_011887,79.92330656742607
STU_011888,76.88299737785799
STU_011889,45.55069606871919
STU_011890,58.5470484511344
STU_011891,82.49069056312814
STU_011892,98.79796107393389
STU_011893,90.09752355396675
STU_011894,74.24508144283406
STU_011895,93.95633741989369
STU_011896,60.28970401539336
STU_011897,65.95948747657093
STU_011898,100.0
STU_011899,57.1944228805983
STU_011900,80.59683514040543
STU_011901,78.68469271115039
STU_011902,54.8770155504081
STU_011903,74.10229771373889
STU_011904,79.19969852483624
STU_011905,73.37025676385493
STU_011906,83.56357857113008
STU_011907,85.59590208249111
STU_011908,90.39866433097694
STU_011909,50.233063588139146
STU_011910,85.12097918600588
STU_011911,73.80111958582582
STU_011912,89.39403405146977
STU_011913,75.6810250352377
STU_011914,88.28216065100074
STU_011915,90.7786012776971
STU_011916,70.88525279863083
STU_011917,88.89787545412847
STU_011918,78.98727652830847
STU_011919,99.85963946813771
STU_011920,75.8336039963792
STU_011921,68.28788242202324
STU_011922,76.84514296531583
STU_011923,61.31231089654665
STU_011924,70.26112000644449
STU_011925,41.77922117917371
STU_011926,72.44052903313067
STU_011927,72.63360160159822
STU_011928,71.26178378232561
STU_011929,81.9674859703585
STU_011930,86.76083886201016
STU_011931,86.31691152069382
STU_011932,67.08630678119795
STU_011933,55.8084232525397
STU_011934,81.90287962850846
STU_011935,49.27799250710607
STU_011936,87.05899938885985
STU_011937,72.04201675485383
STU_011938,57.93361133536963
STU_011939,92.26310436107386
STU_011940,79.14275699585117
STU_011941,78.32384671940571
STU_011942,91.63664601914931
STU_011943,77.06592647344294
STU_011944,68.9805872340541
STU_011945,74.47249977493554
STU_011946,98.15079965521774
STU_011947,85.29077721129573
STU_011948,67.52900179998228
STU_011949,81.46155077531131
STU_011950,76.00737314487938
STU_011951,89.77735269271713
STU_011952,69.6604794187851
STU_011953,49.11556680474435
STU_011954,91.57567706116089
STU_011955,59.12716346807197
STU_011956,91.00891505706952
STU_011957,59.09936045246969
STU_011958,94.82180576117997
STU_011959,77.39927172719999
STU_011960,91.70496860895258
STU_011961,91.81934914338711
STU_011962,78.46664560737484
STU_011963,92.93661859478512
STU_011964,73.86581424723798
STU_011965,76.43269967262376
STU_011966,91.83658000384284
STU_011967,55.20480714649892
STU_011968,88.1090102344186
STU_011969,54.41521606467404
STU_011970,82.55900163541074
STU_011971,55.647531430146444
STU_011972,85.60426416879206
STU_011973,69.54948743266407
STU_011974,92.64948598931306
STU_011975,76.54399951050853
STU_011976,66.20417467165932
STU_011977,87.0724593954034
STU_011978,61.20761008248412
STU_011979,76.48249157261482
STU_011980,78.68237074430981
STU_011981,79.09711520000096
STU_011982,93.28279121014118
STU_011983,68.89776573490306
STU_011984,82.0579421056681
STU_011985,81.8918983665042
STU_011986,69.17726647872504
STU_011987,59.239797460066335
STU_011988,76.63231010470064
STU_011989,68.72861529098864
STU_011990,92.02370453796125
STU_011991,66.02438088348707
STU_011992,45.156529316123134
STU_011993,70.23873915627291
STU_011994,62.511372200611724
STU_011995,71.04535942564802
STU_011996,74.38042368543506
STU_011997,85.60631988125343
STU_011998,94.82147486501711
STU_011999,100.0
STU_012000,90.2449038362093
STU_012001,87.556435429365
STU_012002,73.62818880445734
STU_012003,75.92013943755877
STU_012004,69.94507562787581
STU_012005,79.94673209597369
STU_012006,90.70574027301592
STU_012007,61.410152223419146
STU_012008,80.55334412273494
STU_012009,69.00913825985498
STU_012010,45.106069814517525
STU_012011,61.09014139284254
STU_012012,69.52430587052214
STU_012013,70.61743677129493
STU_012014,56.31853013523329
STU_012015,69.47953982665886
STU_012016,53.868677230288164
STU_012017,78.15109144800132
STU_012018,85.66635652012505
STU_012019,94.59881788635505
STU_012020,61.84497742758428
STU_012021,62.453065033799284
STU_012022,67.51366709862914
STU_012023,74.15792238969392
STU_012024,91.94866749727427
STU_012025,89.6745517821436
STU_012026,67.97976041212824
STU_012027,91.2305329128062
STU_012028,94.07229166523118
STU_012029,63.80839027542235
STU_012030,85.36273823169155
STU_012031,94.0562307913018
STU_012032,68.63083991723683
STU_012033,68.98939922941476
STU_012034,95.20842357717245
STU_012035,69.26596299367864
STU_012036,66.56619042320843
STU_012037,76.8944289832975
STU_012038,61.34938093229485
STU_012039,71.27759674677499
STU_012040,95.53476401339417
STU_012041,73.15415967798458
STU_012042,88.66788464713184
STU_012043,71.88658057426314
STU_012044,72.54789489965422
STU_012045,53.71854702676889
STU_012046,79.50817334067176
STU_012047,96.0620572974802
STU_012048,56.47996910879837
STU_012049,74.65754739288442
STU_012050,74.31890914071171
STU_012051,37.316450758573424
STU_012052,85.68643815357272
STU_012053,81.9940429843082
STU_012054,68.98940388765298
STU_012055,78.81318831135798
STU_012056,96.42724011135275
STU_012057,88.21895670026076
STU_012058,64.12962520046227
STU_012059,58.57649716707702
STU_012060,74.47283448979368
STU_012061,62.88332542112654
STU_012062,89.92795053398407
STU_012063,57.90208554828817
STU_012064,63.94671112111271
STU_012065,83.75199360406572
STU_012066,72.41416577963797
STU_012067,74.17136748388234
STU_012068,64.54727192919975
STU_012069,68.20657436777965
STU_012070,78.60999437337088
STU_012071,80.07657103297304
STU_012072,70.38726053713629
STU_012073,89.11636758312781
STU_012074,87.72664109796742
STU_012075,54.35732409376523
STU_012076,66.2022905688535
STU_012077,66.59176160456927
STU_012078,68.07457677290778
STU_012079,74.73182855113201
STU_012080,77.80357762869374
STU_012081,50.15456323349414
STU_012082,91.28682550277625
STU_012083,66.72302343896501
STU_012084,76.78617084358706
STU_012085,93.42646688439734
STU_012086,82.27562351294476
STU_012087,77.83695715498288
STU_012088,76.4045704624255
STU_012089,74.77025852984276
STU_012090,93.54946557157962
STU_012091,88.40043360504154
STU_012092,79.64111325464299
STU_012093,80.87495354013475
STU_012094,80.40479284666371
STU_012095,68.31961249626096
STU_012096,77.520174707324
STU_012097,81.27055128128363
STU_012098,64.92006472881164
STU_012099,75.93300335822543
STU_012100,90.70717795729043
STU_012101,92.25083813401591
STU_012102,71.05236541902491
STU_012103,77.00860007982288
STU_012104,63.72302262671952
STU_012105,83.34313222508426
STU_012106,90.97966592524496
STU_012107,81.816392389458
STU_012108,90.37658587155912
STU_012109,75.84827911384438
STU_012110,74.8614187142294
STU_012111,47.417031577904226
STU_012112,86.21128504479302
STU_012113,84.09879566011257
STU_012114,69.31525161374465
STU_012115,76.91361855647186
STU_012116,70.7602395385791
STU_012117,92.89634413688408
STU_012118,67.77510729793865
STU_012119,89.7103220356482
STU_012120,65.16271393963552
STU_012121,72.96755696108937
STU_012122,64.87324215784395
STU_012123,80.82060407452906
STU_012124,71.3817461151258
STU_012125,81.83635389278838
STU_012126,73.46320363194909
STU_012127,78.92251988281649
STU_012128,74.7919478386635
STU_012129,76.61144497051626
STU_012130,61.80133581784019
STU_012131,51.065105289219446
STU_012132,79.94530989564365
STU_012133,82.25177724859304
STU_012134,61.022343274211494
STU_012135,66.27421217980506
STU_012136,53.43276042350596
STU_012137,66.96883636204586
STU_012138,56.41137301086182
STU_012139,69.22440261151705
STU_012140,76.64036234372247
STU_012141,64.69040544119437
STU_012142,79.30119779905289
STU_012143,100.0
STU_012144,80.38161193270805
STU_012145,78.14700470541581
STU_012146,78.74231713146655
STU_012147,69.24519564898522
STU_012148,77.29700717669
STU_012149,79.3948255961112
STU_012150,78.46090792788154
STU_012151,82.10239624786172
STU_012152,53.700734639293046
STU_012153,73.27774474115084
STU_012154,76.88321989046617
STU_012155,63.34050628361293
STU_012156,72.08478738835123
STU_012157,82.12434696625289
STU_012158,87.97963039658836
STU_012159,84.71803862137526
STU_012160,95.79619385980081
STU_012161,95.847137265488
STU_012162,84.30954834060043
STU_012163,99.3635048849509
STU_012164,41.160758759204775
STU_012165,69.65821234595978
STU_012166,68.05695509206662
STU_012167,93.16770413930864
STU_012168,63.53489006993235
STU_012169,57.94437437214905
STU_012170,70.7642961805577
STU_012171,79.90525835781831
STU_012172,88.09542784558465
STU_012173,88.99025205781214
STU_012174,84.58832278363069
STU_012175,80.03892915218223
STU_012176,70.12244088511916
STU_012177,70.1010887682518
STU_012178,89.39452593194255
STU_012179,67.9477186419721
STU_012180,82.92241534036953
STU_012181,95.01511757503992
STU_012182,76.89097724038018
STU_012183,89.90058845402754
STU_012184,75.37218424681109
STU_012185,76.369503044971
STU_012186,92.56371731620975
STU_012187,50.30367673275805
STU_012188,61.17613155021428
STU_012189,59.367113310551616
STU_012190,86.91588824986992
STU_012191,72.33230727003904
STU_012192,71.62178128968728
STU_012193,63.894948964175875
STU_012194,78.9793409823602
STU_012195,66.7897588474723
STU_012196,49.522052409986195
STU_012197,85.92645966270915
STU_012198,70.68613152884228
STU_012199,80.47670165816258
STU_012200,57.74391187530583
STU_012201,72.76863518174697
STU_012202,82.61455471207313
STU_012203,88.07561635660005
STU_012204,72.67039366652858
STU_012205,75.75751904693259
STU_012206,84.89519046144576
STU_012207,90.11324672813087
STU_012208,76.50612082466071
STU_012209,61.96800783934107
STU_012210,76.31103871645836
STU_012211,78.87918092888262
STU_012212,69.88155332409265
STU_012213,81.91209164268015
STU_012214,64.43664773915381
STU_012215,63.153876773968356
STU_012216,82.07284933007266
STU_012217,92.91613331606884
STU_012218,99.00092047113773
STU_012219,70.31670010741173
STU_012220,59.24306925833916
STU_012221,75.47488919877448
STU_012222,64.56476295589238
STU_012223,65.30823813942172
STU_012224,71.06787116506493
STU_012225,85.31692855329862
STU_012226,77.03321458268266
STU_012227,74.94497729646427
STU_012228,62.13249076519723
STU_012229,83.90247014136392
STU_012230,81.75402683270372
STU_012231,63.69947737239781
STU_012232,81.44911493200749
STU_012233,80.81745474815607
STU_012234,65.43539820073222
STU_012235,68.80243962973165
STU_012236,96.82711362872394
STU_012237,74.34692139699695
STU_012238,68.24378163648001
STU_012239,74.15505888859464
STU_012240,75.59213899021408
STU_012241,85.7961287264223
STU_012242,75.55005885412503
STU_012243,48.01118939632035
STU_012244,59.55605830677139
STU_012245,67.97636853946786
STU_012246,65.59528768477585
STU_012247,59.49581731624677
STU_012248,89.01279500200758
STU_012249,86.53314176456979
STU_012250,85.74620614088084
STU_012251,71.70299655432706
STU_012252,63.26511546005087
STU_012253,61.27092658754492
STU_012254,54.581582634553584
STU_012255,79.87459044729647
STU_012256,68.52676914252586
STU_012257,81.24359612049749
STU_012258,76.97570405524549
STU_012259,77.76831203175738
STU_012260,88.26299984784731
STU_012261,82.43616830542842
STU_012262,82.64106663762922
STU_012263,67.01536173835656
STU_012264,64.20029475723499
STU_012265,69.28654956813725
STU_012266,95.64141127184983
STU_012267,91.18725015379202
STU_012268,57.18786979919111
STU_012269,79.16104032000024
STU_012270,72.46495178564271
STU_012271,76.96595124416093
STU_012272,74.3676832604354
STU_012273,70.16781935391508
STU_012274,64.94887782149547
STU_012275,90.00059205579768
STU_012276,72.64919478576914
STU_012277,79.11776676841714
STU_012278,69.1684451314665
STU_012279,80.33966724655855
STU_012280,75.59179216657584
STU_012281,55.93450807390843
STU_012282,89.03623739108619
STU_012283,91.60058687135087
STU_012284,69.17406015806469
STU_012285,77.59707223313048
STU_012286,76.47897277081618
STU_012287,92.15619820307249
STU_012288,81.20983813484182
STU_012289,89.49054359758111
STU_012290,86.5669616707169
STU_012291,73.00282468406665
STU_012292,77.23367831885507
STU_012293,72.76647864507994
STU_012294,85.29531853524479
STU_012295,78.17322444546853
STU_012296,78.77216064670667
STU_012297,74.13645020455053
STU_012298,70.72167408627999
STU_012299,83.39692286846531
STU_012300,56.53036828419019
STU_012301,84.99160642667746
STU_012302,82.30557879568991
STU_012303,61.26868869300014
STU_012304,49.24581750276646
STU_012305,95.84364884094418
STU_012306,75.60462576450495
STU_012307,69.9654713845014
STU_012308,88.33392171505483
STU_012309,65.87538201576047
STU_012310,75.79908200102524
STU_012311,81.04220267610427
STU_012312,56.31437018249654
STU_012313,73.67156700327317
STU_012314,96.38182787672568
STU_012315,89.81576455787388
STU_012316,71.41925126544322
STU_012317,97.616112422806
STU_012318,84.04913199667617
STU_012319,81.43115358521754
STU_012320,63.75765014138908
STU_012321,62.7969954541612
STU_012322,92.34977153948765
STU_012323,61.71628942903063
STU_012324,81.5936163792044
STU_012325,65.93311043349641
STU_012326,70.90204363333781
STU_012327,60.62051858040351
STU_012328,66.29525025767295
STU_012329,92.34154976106997
STU_012330,85.37437134420509
STU_012331,80.49015328617307
STU_012332,71.30769782043836
STU_012333,86.64075037080624
STU_012334,74.18798329179148
STU_012335,65.70404889762716
STU_012336,85.28797637562214
STU_012337,93.70910805449199
STU_012338,71.20895391734489
STU_012339,88.2905131062623
STU_012340,64.63293961185678
STU_012341,56.524628552962525
STU_012342,86.57576345389496
STU_012343,89.62538405317582
STU_012344,62.04333971841838
STU_012345,64.67552518191293
STU_012346,72.36080011932594
STU_012347,94.67158364768531
STU_012348,81.58413536050529
STU_012349,69.07673591845506
STU_012350,84.48303595448951
STU_012351,88.28834844368666
STU_012352,81.61268154590576
STU_012353,93.54884463664375
STU_012354,63.67797873279967
STU_012355,89.21574652240801
STU_012356,81.36445643632412
STU_012357,65.74495874260322
STU_012358,93.30896478394304
STU_012359,85.3432416982464
STU_012360,75.03899482317625
STU_012361,59.968717595366854
STU_012362,79.36671927311373
STU_012363,76.49067950795535
STU_012364,81.73575370902715
STU_012365,68.27720275206332
STU_012366,85.86245628190105
STU_012367,74.54355228725368
STU_012368,60.98139751290961
STU_012369,68.44873157420133
STU_012370,99.19414079179764
STU_012371,71.25270969700375
STU_012372,85.84347872149198
STU_012373,74.78481287985356
STU_012374,77.61516812091595
STU_012375,66.15002241311927
STU_012376,84.14818158497135
STU_012377,84.23748022296458
STU_012378,74.7549406426207
STU_012379,73.99140134304353
STU_012380,91.7494991480929
STU_012381,100.0
STU_012382,67.87199687883495
STU_012383,86.20377687975925
STU_012384,100.0
STU_012385,88.69993046453854
STU_012386,82.78583686952703
STU_012387,83.8636214083998
STU_012388,83.7465377910205
STU_012389,99.5003857447872
STU_012390,76.20744825002659
STU_012391,46.52849977477403
STU_012392,72.78918937535539
STU_012393,69.70526391249689
STU_012394,72.00613518076801
STU_012395,86.39247547974243
STU_012396,81.27732791457885
STU_012397,73.28862908373483
STU_012398,82.66483098663147
STU_012399,82.74143414107671
STU_012400,74.58688249182948
STU_012401,89.25721134285233
STU_012402,98.45147977741863
STU_012403,51.82312781902172
STU_012404,76.32811045749764
STU_012405,64.54093023410663
STU_012406,65.55095510969633
STU_012407,90.51057904299772
STU_012408,85.61997155579925
STU_012409,72.5958501559428
STU_012410,50.03213142461374
STU_012411,89.7812564599426
STU_012412,72.26318586321007
STU_012413,61.24625941405048
STU_012414,94.115367454842
STU_012415,89.5800764132295
STU_012416,89.40856166397148
STU_012417,60.74003795045925
STU_012418,86.81676763454487
STU_012419,73.07356255856286
STU_012420,56.047181629330325
STU_012421,71.15319876648158
STU_012422,82.73213756476093
STU_012423,70.62750369575257
STU_012424,88.0364526563391
STU_012425,53.939437113706944
STU_012426,85.79072193012205
STU_012427,71.07833082028674
STU_012428,86.33036062434121
STU_012429,59.460457921915335
STU_012430,71.92300045745162
STU_012431,67.79340494099566
STU_012432,60.82273823468496
STU_012433,58.584226476381204
STU_012434,90.17916473268744
STU_012435,71.34962412047716
STU_012436,74.6036253243036
STU_012437,90.97722675660046
STU_012438,63.492136162615864
STU_012439,79.01313164463231
STU_012440,66.37455345814358
STU_012441,89.56749604696631
STU_012442,98.4936546638542
STU_012443,63.7157150405697
STU_012444,85.34851620189208
STU_012445,73.1050679298838
STU_012446,85.33417438057415
STU_012447,91.96041945130722
STU_012448,78.12124220748828
STU_012449,80.15724545296976
STU_012450,71.21678371050125
STU_012451,88.41211870074866
STU_012452,79.32354443952076
STU_012453,95.00725359755907
STU_012454,85.79632591760634
STU_012455,73.44728979044416
STU_012456,85.1001398787026
STU_012457,69.53533764117462
STU_012458,77.1196131693628
STU_012459,56.750059378384144
STU_012460,85.80474516890276
STU_012461,79.36496428110587
STU_012462,73.10856053797306
STU_012463,80.78653293019656
STU_012464,76.33152379277514
STU_012465,76.05614159537298
STU_012466,70.40843875309133
STU_012467,79.02623388718919
STU_012468,86.70778854570945
STU_012469,86.07441912633602
STU_012470,51.796878902835516
STU_012471,54.86498395918028
STU_012472,92.84033157081112
STU_012473,73.22744758991892
STU_012474,65.96943354788517
STU_012475,71.55576682869278
STU_012476,53.557165289529806
STU_012477,96.29209887071156
STU_012478,76.56409885069014
STU_012479,67.78440359375503
STU_012480,79.75504651458199
STU_012481,90.09640745908015
STU_012482,69.94670869165745
STU_012483,64.35125926772717
STU_012484,73.89334741752826
STU_012485,79.62881891424077
STU_012486,73.13230476831822
STU_012487,67.2673536881594
STU_012488,69.41599944171806
STU_012489,84.05234525699653
STU_012490,91.2066619758413
STU_012491,59.514669468899484
STU_012492,64.55218748069046
STU_012493,60.50567142590178
STU_012494,72.09047386939602
STU_012495,72.2242049717671
STU_012496,81.72433121369464
STU_012497,89.08969521140968
STU_012498,73.29947920246406
STU_012499,75.38232259527386
STU_012500,85.95845761211135
STU_012501,95.31283866880452
STU_012502,83.38055451558678
STU_012503,84.83757868753051
STU_012504,78.36716510601732
STU_012505,82.28494176285082
STU_012506,68.39828940012019
STU_012507,83.26605006879359
STU_012508,68.89852076527167
STU_012509,86.77079473699877
STU_012510,73.76368370606664
STU_012511,75.97492739025265
STU_012512,79.8515283199621
STU_012513,67.21518226101257
STU_012514,100.0
STU_012515,90.56764915853421
STU_012516,84.47930357787547
STU_012517,98.39346860017292
STU_012518,57.28174722813783
STU_012519,82.13769757690862
STU_012520,72.72523330097532
STU_012521,93.4081346664353
STU_012522,98.69152854372622
STU_012523,79.56117336074968
STU_012524,96.03586314405482
STU_012525,93.26626887752397
STU_012526,95.80104497958459
STU_012527,91.2150360727247
STU_012528,63.60754858294894
STU_012529,97.16572490316479
STU_012530,83.41708808302744
STU_012531,75.80714635649053
STU_012532,71.45875132007194
STU_012533,83.81489765008729
STU_012534,59.70381170479047
STU_012535,84.67965132453574
STU_012536,74.90863504543366
STU_012537,53.480964005052215
STU_012538,63.82362984125923
STU_012539,84.91681434590095
STU_012540,71.59775332813446
STU_012541,100.0
STU_012542,99.62547185939464
STU_012543,78.46088183814109
STU_012544,83.95967474523164
STU_012545,67.89614119027203
STU_012546,78.39732589136881
STU_012547,100.0
STU_012548,46.15505204790563
STU_012549,70.26691781036585
STU_012550,96.12092668836195
STU_012551,88.86890450356715
STU_012552,72.43748475103536
STU_012553,77.61763587016438
STU_012554,67.56377513638718
STU_012555,52.79160425021898
STU_012556,65.32563543275661
STU_012557,81.67668500996794
STU_012558,69.81716493358147
STU_012559,91.35898851049261
STU_012560,68.69184935388847
STU_012561,65.27702648630077
STU_012562,65.20176126753853
STU_012563,83.1259991840655
STU_012564,94.91686498858786
STU_012565,100.0
STU_012566,78.34310166624962
STU_012567,65.73431767034508
STU_012568,93.29177411895805
STU_012569,69.7500865165032
STU_012570,54.48271749473052
STU_012571,53.584116434409566
STU_012572,51.927006706936254
STU_012573,76.33865026823287
STU_012574,64.37287115882903
STU_012575,65.51915055315195
STU_012576,78.88443450404289
STU_012577,95.37835166413224
STU_012578,52.51881150875506
STU_012579,75.27321088648831
STU_012580,65.97299687549229
STU_012581,67.1420529423133
STU_012582,70.95554890718714
STU_012583,66.2199173868285
STU_012584,58.36197318995018
STU_012585,71.68818993535531
STU_012586,71.62415815251443
STU_012587,71.26539644441125
STU_012588,70.96457287980348
STU_012589,48.97506115377862
STU_012590,69.34910860802009
STU_012591,74.12377284985668
STU_012592,94.9628542238856
STU_012593,96.09132366569052
STU_012594,50.70908613897158
STU_012595,68.40675892403789
STU_012596,79.77107597226579
STU_012597,69.90395210646912
STU_012598,72.49947454125251
STU_012599,68.44136188577528
STU_012600,71.85671850286576
STU_012601,76.14026257509933
STU_012602,67.66450456498342
STU_012603,86.45578643574345
STU_012604,81.61461628977305
STU_012605,82.18727421365134
STU_012606,69.73969872066489
STU_012607,60.60298540378661
STU_012608,79.15136702750284
STU_012609,57.360687173216355
STU_012610,73.24103831806744
STU_012611,68.35126792859093
STU_012612,63.797237384232716
STU_012613,92.34706349721635
STU_012614,78.0196913350511
STU_012615,76.80704064418528
STU_012616,83.10369754800632
STU_012617,63.49903792555767
STU_012618,86.08247469910945
STU_012619,83.94020528680721
STU_012620,79.6411087908186
STU_012621,90.73137253581308
STU_012622,90.85291605484619
STU_012623,93.91986431925658
STU_012624,85.76701626808307
STU_012625,88.23954677856311
STU_012626,88.52246887429865
STU_012627,86.8917324198311
STU_012628,69.618011262076
STU_012629,79.53281787250006
STU_012630,73.27514965135853
STU_012631,71.96713350345905
STU_012632,63.80022425974636
STU_012633,71.81061597523536
STU_012634,90.32933920738216
STU_012635,76.64527915389333
STU_012636,71.2831146726211
STU_012637,79.73891378089742
STU_012638,83.7182202852386
STU_012639,93.38719650490964
STU_012640,83.2648349500348
STU_012641,71.9824923120482
STU_012642,67.61583575652561
STU_012643,81.4820878219039
STU_012644,83.31994310411497
STU_012645,54.17906280435662
STU_012646,86.49672451675139
STU_012647,78.01239262170799
STU_012648,67.593258250268
STU_012649,77.33669778699992
STU_012650,76.44113228421284
STU_012651,74.0276518464254
STU_012652,97.51714724157824
STU_012653,91.85479028393736
STU_012654,81.58293266309032
STU_012655,74.27719981600595
STU_012656,83.81953024211177
STU_012657,92.48716440576949
STU_012658,83.10504912340019
STU_012659,81.74258428593924
STU_012660,76.80676956377825
STU_012661,90.00194614966512
STU_012662,88.52210024474692
STU_012663,69.3782058747242
STU_012664,54.74644799422451
STU_012665,92.18987080295499
STU_012666,61.055278391516126
STU_012667,77.15438647428896
STU_012668,73.17658982499297
STU_012669,64.01353541147193
STU_012670,61.647104809008425
STU_012671,68.45900917308151
STU_012672,56.827401393831586
STU_012673,58.75760313605166
STU_012674,59.93838856952162
STU_012675,70.95980082802728
STU_012676,92.20330354262568
STU_012677,59.78680476761363
STU_012678,71.81703375060175
STU_012679,77.01798872307016
STU_012680,70.60279521238584
STU_012681,76.06267254867012
STU_012682,88.3242157805962
STU_012683,82.21521428500954
STU_012684,84.21461138983747
STU_012685,94.65058460361884
STU_012686,73.09584007194462
STU_012687,80.12587471066507
STU_012688,84.0140191303885
STU_012689,69.65430218475908
STU_012690,66.92963648076591
STU_012691,74.62869974898123
STU_012692,78.0509087183919
STU_012693,78.4130594397057
STU_012694,58.71613597834001
STU_012695,71.05109493716932
STU_012696,65.91797780246193
STU_012697,79.88022610757432
STU_012698,66.26079153705456
STU_012699,79.28331210192678
STU_012700,69.51674686675146
STU_012701,100.0
STU_012702,77.79709977191436
STU_012703,70.23887974168227
STU_012704,73.38264524867424
STU_012705,65.0280551874948
STU_012706,71.49779110427656
STU_012707,97.02493282376074
STU_012708,52.95000663204897
STU_012709,69.92557108521629
STU_012710,95.1605387168448
STU_012711,67.91323235460064
STU_012712,69.67936523348152
STU_012713,59.97766774719566
STU_012714,88.90024335699815
STU_012715,74.62963275074486
STU_012716,78.16976423201369
STU_012717,70.26921845660485
STU_012718,81.92115869319495
STU_012719,60.252132531603976
STU_012720,78.69879752599907
STU_012721,79.31830901582413
STU_012722,52.343789226321924
STU_012723,79.97701907187324
STU_012724,90.89477820182385
STU_012725,59.58901898281354
STU_012726,53.562890684265795
STU_012727,64.78135291778122
STU_012728,84.86008348306586
STU_012729,66.00826500311547
STU_012730,86.03433985830304
STU_012731,96.04510617751468
STU_012732,82.8908317404196
STU_012733,56.233467036525624
STU_012734,84.14549775318272
STU_012735,61.53668800258174
STU_012736,100.0
STU_012737,70.82016923245193
STU_012738,76.63382598596516
STU_012739,83.68258256887403
STU_012740,90.32303170721744
STU_012741,50.762773542153255
STU_012742,67.62010121222478
STU_012743,78.861953662837
STU_012744,82.70776174545833
STU_012745,59.05612659829259
STU_012746,83.30814247791874
STU_012747,63.24031252405847
STU_012748,88.6390892896847
STU_012749,85.55428806543762
STU_012750,69.29125944675364
STU_012751,53.11770670149154
STU_012752,74.53012728840044
STU_012753,62.67491612385679
STU_012754,60.261654758642386
STU_012755,89.64812559822991
STU_012756,58.78876453695456
STU_012757,48.62947685045045
STU_012758,87.25454065474607
STU_012759,60.679955120271174
STU_012760,73.97005795673904
STU_012761,61.861512788062555
STU_012762,86.63919261274302
STU_012763,96.96345422437622
STU_012764,94.97363199352041
STU_012765,89.34041110377707
STU_012766,62.606842037153854
STU_012767,94.57467875154381
STU_012768,87.27892764044282
STU_012769,73.58801374157298
STU_012770,54.19701408075508
STU_012771,57.09709770311733
STU_012772,97.71220901621408
STU_012773,65.92313177418065
STU_012774,71.10504607933443
STU_012775,67.03724025638637
STU_012776,75.09454248426871
STU_012777,49.447655331753694
STU_012778,68.58255601035316
STU_012779,70.76278952924353
STU_012780,73.73459333166099
STU_012781,89.81975624168594
STU_012782,55.3518095660295
STU_012783,96.94777899796142
STU_012784,50.5365560457566
STU_012785,72.85596836284627
STU_012786,54.071382695156046
STU_012787,67.66933685340138
STU_012788,93.33579841472698
STU_012789,77.73577849354623
STU_012790,95.87685017298597
STU_012791,76.16227970081202
STU_012792,71.32356733704835
STU_012793,91.21269313392469
STU_012794,77.35225418556409
STU_012795,93.91965646739348
STU_012796,74.40574239066845
STU_012797,65.55437480363634
STU_012798,97.28234001362486
STU_012799,86.82289679586071
STU_012800,54.30834698540141
STU_012801,69.97515359187761
STU_012802,74.10257771826143
STU_012803,91.1786746376402
STU_012804,59.602359731810175
STU_012805,70.41720807352362
STU_012806,80.13692218763694
STU_012807,66.69989100602437
STU_012808,85.45445879706809
STU_012809,82.43376317476324
STU_012810,85.46116767792553
STU_012811,76.44089405763859
STU_012812,71.86502648523017
STU_012813,78.87824131335002
STU_012814,67.48011955240867
STU_012815,65.85290336103047
STU_012816,83.68518518110967
STU_012817,69.65336177282953
STU_012818,86.16805824418755
STU_012819,58.13960198779337
STU_012820,83.43734500078172
STU_012821,73.63736395397726
STU_012822,85.0714284894355
STU_012823,79.80935280836455
STU_012824,81.69742484889991
STU_012825,57.43833455748366
STU_012826,82.96103793066865
STU_012827,61.21934321201828
STU_012828,91.8802608358128
STU_012829,72.17787613445387
STU_012830,70.99457076116482
STU_012831,69.84718072430749
STU_012832,94.63068658973364
STU_012833,83.77173297788389
STU_012834,75.82770285341245
STU_012835,75.64522737596822
STU_012836,84.21521178544188
STU_012837,65.33193880948657
STU_012838,64.65254589979935
STU_012839,65.56086176096913
STU_012840,90.66989434227793
STU_012841,70.45674145686316
STU_012842,72.60806683547784
STU_012843,83.13693271482104
STU_012844,77.2766854908667
STU_012845,65.38591528411503
STU_012846,73.3325617236658
STU_012847,75.05766618728012
STU_012848,74.67350116572884
STU_012849,86.3540722174539
STU_012850,80.51391167941988
STU_012851,83.69334134440749
STU_012852,89.57636887045877
STU_012853,63.22179312148174
STU_012854,80.60735296568542
STU_012855,83.67250739915984
STU_012856,71.37153797737443
STU_012857,96.20348991187382
STU_012858,86.07565729688412
STU_012859,61.04460823326411
STU_012860,85.67450738662973
STU_012861,69.91335992701006
STU_012862,73.49534341254741
STU_012863,93.25005165832772
STU_012864,77.49772851281404
STU_012865,67.44971060635517
STU_012866,76.25073913557921
STU_012867,87.7633197457361
STU_012868,86.45256869903398
STU_012869,65.7850308417754
STU_012870,80.14808527795765
STU_012871,82.37344769042127
STU_012872,87.45738729166514
STU_012873,63.1792674465684
STU_012874,75.20050053672084
STU_012875,73.85048641156779
STU_012876,46.65767921121463
STU_012877,82.35554298223633
STU_012878,98.46726038555148
STU_012879,82.70212201438628
STU_012880,86.27530920302516
STU_012881,94.34159910128093
STU_012882,90.45049897892639
STU_012883,66.77275558571864
STU_012884,85.06848924759223
STU_012885,76.37658768186473
STU_012886,55.98529141616685
STU_012887,78.55404660392249
STU_012888,70.52964297940535
STU_012889,72.99474318433985
STU_012890,70.4229565155213
STU_012891,71.9601731121949
STU_012892,71.96231603159451
STU_012893,87.00430322302438
STU_012894,72.13195992430458
STU_012895,87.8860874258244
STU_012896,75.26873985769882
STU_012897,76.81651586287161
STU_012898,93.48952460037086
STU_012899,86.22723221139421
STU_012900,84.87962552432842
STU_012901,73.94144068667187
STU_012902,87.76877992692883
STU_012903,65.45984312966817
STU_012904,83.09178504825653
STU_012905,64.91593751867002
STU_012906,97.58312977192202
STU_012907,53.98737363399441
STU_012908,85.05235356442662
STU_012909,72.01718667553462
STU_012910,35.04893609295824
STU_012911,82.02701481914877
STU_012912,52.28359190479942
STU_012913,68.47992703294472
STU_012914,75.0538652040027
STU_012915,58.46864613762735
STU_012916,63.72009934015241
STU_012917,86.60400070711744
STU_012918,58.735250820273436
STU_012919,97.61795203188001
STU_012920,76.90721934754846
STU_012921,63.19905131810699
STU_012922,75.33358503235523
STU_012923,63.33607709572266
STU_012924,77.39542184410796
STU_012925,77.05614940072367
STU_012926,64.65332469527296
STU_012927,85.87401273371867
STU_012928,64.96447480920725
STU_012929,63.75808744961789
STU_012930,66.51386210310179
STU_012931,89.68966052986849
STU_012932,67.69101124084683
STU_012933,70.04693363966554
STU_012934,66.81426388422231
STU_012935,67.82782252906517
STU_012936,69.87914952482753
STU_012937,72.20966993223618
STU_012938,96.8327991807983
STU_012939,46.03871065859505
STU_012940,73.15419374898114
STU_012941,61.958646407522146
STU_012942,78.32884769771088
STU_012943,71.87699069634238
STU_012944,78.75790888947073
STU_012945,92.29857833392693
STU_012946,57.785443265235585
STU_012947,73.93392874288773
STU_012948,88.78756209647644
STU_012949,95.77771132960258
STU_012950,80.82965115998667
STU_012951,84.20755725178546
STU_012952,72.29738071093303
STU_012953,82.12492572480554
STU_012954,79.96264997184494
STU_012955,86.92173424524017
STU_012956,71.12220301011975
STU_012957,69.71360471665875
STU_012958,75.42241254257505
STU_012959,79.08888125714131
STU_012960,76.3705946196559
STU_012961,79.93754426063008
STU_012962,60.59775379931331
STU_012963,65.24964862914868
STU_012964,90.51181664698707
STU_012965,77.08580333170802
STU_012966,74.19137841547852
STU_012967,65.15557312427208
STU_012968,76.25813698470358
STU_012969,79.20979161265583
STU_012970,57.14228474746352
STU_012971,78.32942422078172
STU_012972,78.62573942597099
STU_012973,53.84932967393679
STU_012974,61.408028140716866
STU_012975,57.98980451938613
STU_012976,83.04582410570055
STU_012977,77.16992281371758
STU_012978,91.36656317881386
STU_012979,70.59534584429014
STU_012980,69.81915932543181
STU_012981,87.76506037458716
STU_012982,69.84380687536677
STU_012983,98.25351614573188
STU_012984,55.50373107498498
STU_012985,64.66731609531851
STU_012986,64.02122087296927
STU_012987,51.02286133705461
STU_012988,82.73329748329249
STU_012989,95.09523615804667
STU_012990,63.69617649536187
STU_012991,70.96046307835881
STU_012992,57.61900829415042
STU_012993,100.0
STU_012994,79.7447835660598
STU_012995,64.80021579677768
STU_012996,59.53946699230806
STU_012997,87.12614453521246
STU_012998,81.35590836726308
STU_012999,91.55285675073695
STU_013000,92.66384980462638
STU_013001,98.0585271340423
STU_013002,90.92283172960087
STU_013003,80.17761390091216
STU_013004,83.80733609987524
STU_013005,78.88766171494736
STU_013006,79.56792851498244
STU_013007,78.54520812496251
STU_013008,88.55880579431593
STU_013009,82.50123752403411
STU_013010,76.82649351182833
STU_013011,56.100881554628174
STU_013012,55.015488622706876
STU_013013,94.08705440739905
STU_013014,88.0448716447509
STU_013015,81.42400406778613
STU_013016,61.83772778812894
STU_013017,85.25599768550512
STU_013018,77.6357502250552
STU_013019,85.22623611589978
STU_013020,57.21425373856414
STU_013021,71.76843521029278
STU_013022,99.35858782065466
STU_013023,77.05114478051408
STU_013024,88.41188780636888
STU_013025,73.2211785674016
STU_013026,70.08190311627291
STU_013027,73.86566606859198
STU_013028,80.06485336350248
STU_013029,73.5175663073047
STU_013030,75.17994704045033
STU_013031,66.94565260313924
STU_013032,100.0
STU_013033,72.3781323508274
STU_013034,98.44995717821487
STU_013035,87.44254060140878
STU_013036,58.7480555181599
STU_013037,85.25680283047029
STU_013038,77.64051184254708
STU_013039,87.44754430480799
STU_013040,95.65923353080944
STU_013041,76.5823341037535
STU_013042,60.70254784458024
STU_013043,91.44139165729395
STU_013044,63.79053820132424
STU_013045,88.50970188600773
STU_013046,63.388068671090124
STU_013047,69.80278069829585
STU_013048,93.68717611994151
STU_013049,79.90853409401878
STU_013050,81.39308306028265
STU_013051,92.47269885220052
STU_013052,70.02424272609288
STU_013053,73.72931972175382
STU_013054,69.68019217131854
STU_013055,85.90190492693573
STU_013056,75.89251537528263
STU_013057,52.883300704971596
STU_013058,56.25307892469419
STU_013059,82.66764205369492
STU_013060,66.04513254567854
STU_013061,59.69922108998086
STU_013062,98.49063827274463
STU_013063,85.9217749869412
STU_013064,65.31967555103188
STU_013065,55.75091144223035
STU_013066,98.74644691456447
STU_013067,80.87167053273922
STU_013068,92.74142583946355
STU_013069,98.76675087938249
STU_013070,65.67564531796397
STU_013071,81.64496281503415
STU_013072,88.06694492321405
STU_013073,71.60892841220868
STU_013074,76.09320383844442
STU_013075,51.28093672667068
STU_013076,80.45333740878446
STU_013077,93.70716249092399
STU_013078,79.04806850297817
STU_013079,86.52535425153386
STU_013080,74.46726872904009
STU_013081,75.66330951408692
STU_013082,59.86523227677725
STU_013083,59.392290651431715
STU_013084,72.52001429015142
STU_013085,77.61022958584955
STU_013086,75.67861033131977
STU_013087,62.833671265263604
STU_013088,78.95646513882643
STU_013089,65.86895655666639
STU_013090,95.7129139961119
STU_013091,66.27360654481646
STU_013092,68.5437774463842
STU_013093,85.98967876190355
STU_013094,91.5846034931915
STU_013095,70.53009718904488
STU_013096,76.96828243020127
STU_013097,82.09216158521838
STU_013098,85.01476324491526
STU_013099,64.20088573614434
STU_013100,74.80022922628429
STU_013101,82.64154100890877
STU_013102,92.30014077531736
STU_013103,72.34354940848293
STU_013104,83.34299628514819
STU_013105,64.55742638636667
STU_013106,86.03121002584305
STU_013107,57.50060887423021
STU_013108,91.52246067298509
STU_013109,91.07433302826405
STU_013110,60.512229363873466
STU_013111,100.0
STU_013112,100.0
STU_013113,75.05012004119612
STU_013114,68.96410120887492
STU_013115,79.69498181057173
STU_013116,61.3013258833304
STU_013117,63.98396492795929
STU_013118,71.81172056750273
STU_013119,85.58906086807747
STU_013120,69.5507624105068
STU_013121,88.70040959259882
STU_013122,77.4311734550688
STU_013123,91.22293226322454
STU_013124,95.8024455682824
STU_013125,88.39908333902937
STU_013126,69.294397370386
STU_013127,71.64442178524016
STU_013128,86.80821905159667
STU_013129,78.10599018279929
STU_013130,97.53955272369907
STU_013131,51.0674798241827
STU_013132,78.53751734130246
STU_013133,93.48808157655398
STU_013134,68.63357091574316
STU_013135,63.5713392885357
STU_013136,64.13283998065151
STU_013137,77.4572977993813
STU_013138,67.56578685703724
STU_013139,77.21044730945007
STU_013140,99.88680488284662
STU_013141,77.30978546126207
STU_013142,57.09571833808445
STU_013143,72.72309460618945
STU_013144,64.85157430543116
STU_013145,58.99180059479312
STU_013146,53.63923303441938
STU_013147,81.05455335988725
STU_013148,71.34863149416516
STU_013149,85.72405073197106
STU_013150,81.54913183260953
STU_013151,80.86622859487147
STU_013152,89.70847281734046
STU_013153,76.21136566085401
STU_013154,74.70922942722515
STU_013155,95.91076041747658
STU_013156,79.63646862251008
STU_013157,77.0443161611977
STU_013158,81.92780026130876
STU_013159,82.44912277065708
STU_013160,68.19760491385026
STU_013161,64.35416035686517
STU_013162,63.49388428204182
STU_013163,87.08465964654289
STU_013164,70.36993012447967
STU_013165,70.55706663934095
STU_013166,49.60335217035017
STU_013167,88.87663498917796
STU_013168,74.80460707762438
STU_013169,76.69840256646687
STU_013170,77.76026129318777
STU_013171,81.77653764015272
STU_013172,68.07186574779448
STU_013173,88.97848722258952
STU_013174,68.48362575051152
STU_013175,56.72705069104779
STU_013176,92.86987123151445
STU_013177,64.75679729017327
STU_013178,83.11328326573786
STU_013179,72.91863931362472
STU_013180,88.62002725536199
STU_013181,85.44479475847606
STU_013182,70.413123911549
STU_013183,81.24955838665076
STU_013184,73.58464659708913
STU_013185,71.94213467946555
STU_013186,58.8875021358818
STU_013187,65.40319057256572
STU_013188,92.04197294864589
STU_013189,99.03129152808646
STU_013190,84.51663467793523
STU_013191,97.72253087526227
STU_013192,85.83490617793413
STU_013193,87.47184927991356
STU_013194,95.31285396841997
STU_013195,89.6572992874728
STU_013196,79.34486089221873
STU_013197,53.997092161941964
STU_013198,69.72054621378159
STU_013199,80.51836971029267
STU_013200,55.6685055059815
STU_013201,84.85828146549898
STU_013202,62.44211382597804
STU_013203,70.95500007463863
STU_013204,62.91248055039449
STU_013205,78.7613727056814
STU_013206,68.76303425305889
STU_013207,69.60167482005765
STU_013208,71.96299424641802
STU_013209,78.10971912773249
STU_013210,59.4948084977668
STU_013211,75.34865595413125
STU_013212,60.39432514050033
STU_013213,69.43326059524223
STU_013214,87.7929441035192
STU_013215,51.32380284015217
STU_013216,99.4792863338983
STU_013217,92.49161039668476
STU_013218,69.49860063784196
STU_013219,83.15265358953262
STU_013220,96.09186294666944
STU_013221,58.80276400817152
STU_013222,61.79446119815525
STU_013223,83.39127777173238
STU_013224,71.21750643462651
STU_013225,50.472728562031556
STU_013226,78.31874086354463
STU_013227,84.01708792271495
STU_013228,69.89394529176751
STU_013229,62.7644457669018
STU_013230,72.64491445665877
STU_013231,70.5120554367928
STU_013232,69.16160125927802
STU_013233,93.82017863005969
STU_013234,68.35126250099546
STU_013235,69.22414002025664
STU_013236,91.34039099671205
STU_013237,64.92232696415736
STU_013238,77.73194862875674
STU_013239,75.54261507499314
STU_013240,60.97380177730208
STU_013241,70.14335579067196
STU_013242,71.9274721195479
STU_013243,60.34435754729585
STU_013244,72.98320634604708
STU_013245,68.14575359504616
STU_013246,64.77348279883117
STU_013247,98.25420213980593
STU_013248,93.3261911550609
STU_013249,47.70012060689617
STU_013250,72.33324494396967
STU_013251,82.05031816584672
STU_013252,87.81031527091102
STU_013253,68.51143046278055
STU_013254,93.02804845432496
STU_013255,78.61352744214386
STU_013256,73.22313991913202
STU_013257,82.67102979216334
STU_013258,66.10426672087053
STU_013259,58.6520062045433
STU_013260,69.5194088758034
STU_013261,70.70840362671343
STU_013262,61.81371688273114
STU_013263,63.10765548836849
STU_013264,89.72506961607245
STU_013265,76.50846187540195
STU_013266,70.99321524035756
STU_013267,69.95787018999759
STU_013268,62.26166772294024
STU_013269,80.1963712396519
STU_013270,93.32961413488566
STU_013271,66.5767415846044
STU_013272,82.92349337136261
STU_013273,65.80493526068132
STU_013274,77.56713157173961
STU_013275,62.39223075152361
STU_013276,60.28194232711753
STU_013277,65.06480534857137
STU_013278,64.55906535702303
STU_013279,56.92531350787161
STU_013280,88.20176196400688
STU_013281,92.89100362358525
STU_013282,89.34968513832506
STU_013283,76.9957960678264
STU_013284,77.13624601692511
STU_013285,73.9356555563598
STU_013286,67.69754963695286
STU_013287,92.96163430833123
STU_013288,83.54033640663678
STU_013289,93.42085134258562
STU_013290,82.55600228048198
STU_013291,89.3416002044261
STU_013292,76.09589846475728
STU_013293,77.46287669516408
STU_013294,87.7063875571153
STU_013295,74.45990775194613
STU_013296,78.48178401345406
STU_013297,79.2451997306608
STU_013298,55.51463080560977
STU_013299,87.80046038162034
STU_013300,76.66268120526544
STU_013301,87.82537544798848
STU_013302,84.19090226000775
STU_013303,88.20052729223161
STU_013304,84.82784564903734
STU_013305,71.01141722494077
STU_013306,64.10104432755351
STU_013307,79.47855058882192
STU_013308,96.46457954696915
STU_013309,71.69676483908636
STU_013310,54.44732133497679
STU_013311,88.5677926619708
STU_013312,53.41945480107181
STU_013313,66.4473148465818
STU_013314,60.135431970676926
STU_013315,66.6389072418718
STU_013316,78.75928375320407
STU_013317,75.54002068843845
STU_013318,56.80108082771493
STU_013319,71.86090137984024
STU_013320,82.77669039390196
STU_013321,80.23364170876606
STU_013322,97.2367810646893
STU_013323,97.23993200415381
STU_013324,76.74523893770413
STU_013325,80.08044490405833
STU_013326,70.83118361868995
STU_013327,74.35538235363651
STU_013328,67.08251992883227
STU_013329,80.78767888826101
STU_013330,65.76438225272511
STU_013331,67.70592648934026
STU_013332,69.72166371364929
STU_013333,59.10506881992325
STU_013334,71.57110082892696
STU_013335,65.78744750962238
STU_013336,81.59426272710648
STU_013337,59.527296137256165
STU_013338,64.44109923419174
STU_013339,71.54558142430423
STU_013340,92.38477984293971
STU_013341,72.0200834027292
STU_013342,81.45379118775767
STU_013343,69.50222991001549
STU_013344,74.22398444990745
STU_013345,72.09376422143593
STU_013346,92.04327010196809
STU_013347,80.77417078176495
STU_013348,86.27118752666341
STU_013349,98.0899584402036
STU_013350,61.2407723626261
STU_013351,83.38254115915123
STU_013352,70.31543958733388
STU_013353,64.70897124357263
STU_013354,63.66355126735145
STU_013355,90.12156276904767
STU_013356,64.11600025588363
STU_013357,66.30768212491408
STU_013358,74.0007858345842
STU_013359,78.32889836352601
STU_013360,73.27617182263177
STU_013361,71.16776845167583
STU_013362,82.22163298323665
STU_013363,76.23552689518002
STU_013364,68.50158958028643
STU_013365,85.10164880913825
STU_013366,96.14815942633736
STU_013367,84.21784952630183
STU_013368,84.93034598454396
STU_013369,55.91164143749526
STU_013370,82.7643367023319
STU_013371,76.08525193942268
STU_013372,74.54883897306982
STU_013373,75.98823094713512
STU_013374,89.12347530443326
STU_013375,92.68229954053044
STU_013376,45.52452245013305
STU_013377,83.83936149806654
STU_013378,62.61383574607319
STU_013379,77.42824214349561
STU_013380,85.03934957465628
STU_013381,95.11043846076294
STU_013382,99.09093893483015
STU_013383,63.348843273611244
STU_013384,60.09376195726392
STU_013385,66.76841657253
STU_013386,94.00337030278205
STU_013387,60.478432605966354
STU_013388,83.87548649577543
STU_013389,64.7591706491894
STU_013390,69.27518557386362
STU_013391,87.77839489684214
STU_013392,96.19069858454127
STU_013393,68.41008770707006
STU_013394,100.0
STU_013395,64.24253979684508
STU_013396,68.6107102084431
STU_013397,99.11394390455598
STU_013398,90.8692800533853
STU_013399,60.99776341728622
STU_013400,66.89254573598137
STU_013401,100.0
STU_013402,80.75009541397004
STU_013403,95.84682147097755
STU_013404,66.37211085439482
STU_013405,78.46510129287833
STU_013406,99.35918490224975
STU_013407,70.38822790785193
STU_013408,69.77289923359216
STU_013409,59.416312471089064
STU_013410,75.0891148287555
STU_013411,63.324546708919144
STU_013412,64.15344653606546
STU_013413,73.90377219978474
STU_013414,88.953734512197
STU_013415,75.57065032802073
STU_013416,56.897004216598155
STU_013417,72.20735416048439
STU_013418,51.514276467701
STU_013419,63.986868606745425
STU_013420,95.7095048867714
STU_013421,99.6234792633355
STU_013422,91.04696611024869
STU_013423,57.23056195650237
STU_013424,98.191120395263
STU_013425,81.49649329574598
STU_013426,55.73872562645752
STU_013427,68.00400031588569
STU_013428,76.23614524493338
STU_013429,92.40637013906579
STU_013430,66.51617071446321
STU_013431,62.36752357700821
STU_013432,78.18044663316631
STU_013433,94.403778383699
STU_013434,88.83608949001581
STU_013435,93.86857711555157
STU_013436,69.32402952720051
STU_013437,70.58328159360647
STU_013438,81.44351407241122
STU_013439,88.42145564405747
STU_013440,75.674278964871
STU_013441,97.09189694114298
STU_013442,95.59378214517511
STU_013443,68.16192483039455
STU_013444,79.19279259600803
STU_013445,78.76075591495773
STU_013446,87.79563237447098
STU_013447,85.40866788798907
STU_013448,80.01389713208934
STU_013449,81.02130566385577
STU_013450,91.36188838102613
STU_013451,68.20463985328354
STU_013452,75.29771388098663
STU_013453,82.54022308008109
STU_013454,73.10056782708719
STU_013455,94.83319739240221
STU_013456,68.31676659384004
STU_013457,67.253065052675
STU_013458,71.18012543027596
STU_013459,58.14647219135223
STU_013460,60.87143233337774
STU_013461,71.16117206857636
STU_013462,59.970302460774064
STU_013463,84.27039357885593
STU_013464,56.84778186954767
STU_013465,62.52643558018615
STU_013466,86.41760074736656
STU_013467,62.08691350836052
STU_013468,93.59260346833315
STU_013469,80.66310046882383
STU_013470,89.99598388901589
STU_013471,81.25002972675651
STU_013472,82.11869995297779
STU_013473,66.32868895382222
STU_013474,76.3648509749332
STU_013475,86.84966517439462
STU_013476,79.11271196605655
STU_013477,67.29152619325959
STU_013478,78.11688513646843
STU_013479,71.35814349324059
STU_013480,84.90144801324197
STU_013481,79.03325740644604
STU_013482,80.79726837762561
STU_013483,78.99525076583701
STU_013484,89.00315553026164
STU_013485,95.15556186947768
STU_013486,51.838419075429584
STU_013487,77.17581856688486
STU_013488,79.43636243917045
STU_013489,78.23882394225396
STU_013490,73.8798222919104
STU_013491,86.20198293648072
STU_013492,80.23353420936118
STU_013493,65.224242524422
STU_013494,77.2874380466179
STU_013495,83.20885013694374
STU_013496,86.57888625009898
STU_013497,53.922745284034136
STU_013498,72.23418129295385
STU_013499,84.11590779246568
STU_013500,65.79223661766181
STU_013501,84.03672901860372
STU_013502,81.93933798263402
STU_013503,71.57102803148557
STU_013504,88.29137627414269
STU_013505,74.57119163477427
STU_013506,90.98649377754545
STU_013507,65.84581489146657
STU_013508,72.23600162220971
STU_013509,81.78632163827777
STU_013510,69.74647917480256
STU_013511,79.7315375872544
STU_013512,60.88026791684564
STU_013513,50.90824146789594
STU_013514,84.74669333893611
STU_013515,72.48253442393813
STU_013516,100.0
STU_013517,82.28835200554064
STU_013518,76.19956892939852
STU_013519,98.80227240904527
STU_013520,71.7885947123717
STU_013521,65.55429404478015
STU_013522,66.77143872229178
STU_013523,96.56553408558943
STU_013524,80.31305373348735
STU_013525,72.39825659291625
STU_013526,76.92428831058749
STU_013527,68.56460404509525
STU_013528,54.63770909847243
STU_013529,95.33970597626993
STU_013530,69.52394209706121
STU_013531,93.2288568021901
STU_013532,59.17620070042729
STU_013533,75.98678472892325
STU_013534,88.36279984545314
STU_013535,95.38293562888533
STU_013536,84.88123040706212
STU_013537,78.21027612963611
STU_013538,92.29758461396895
STU_013539,68.36061721137402
STU_013540,100.0
STU_013541,63.26507231712064
STU_013542,86.7137559641241
STU_013543,73.04972188830283
STU_013544,73.742616435261
STU_013545,87.78869086499375
STU_013546,94.41530859060084
STU_013547,98.62976304906027
STU_013548,83.19048965050007
STU_013549,60.55459571286278
STU_013550,79.05493234761106
STU_013551,70.61466853966255
STU_013552,85.6726376046083
STU_013553,72.43085092180101
STU_013554,75.32276766132829
STU_013555,63.762504868415654
STU_013556,86.6839189586624
STU_013557,71.12553253565893
STU_013558,67.21279122158843
STU_013559,87.57496590750516
STU_013560,54.964954671142664
STU_013561,70.76016188134773
STU_013562,91.25355203296694
STU_013563,87.18566684653274
STU_013564,57.18970604655517
STU_013565,80.75018414367479
STU_013566,71.49097718891868
STU_013567,91.41334016050791
STU_013568,75.58959100634472
STU_013569,73.86424563117625
STU_013570,73.54152942645264
STU_013571,74.27575537377966
STU_013572,61.386970938682374
STU_013573,65.36281072191296
STU_013574,76.89929215177379
STU_013575,57.49250983454728
STU_013576,72.92724623674326
STU_013577,64.03998628208134
STU_013578,69.7944281663782
STU_013579,74.25534971071166
STU_013580,85.59196334982475
STU_013581,57.954041440115994
STU_013582,73.31380565884791
STU_013583,70.14765268863054
STU_013584,74.95381331628518
STU_013585,65.41835946179188
STU_013586,64.5074823387618
STU_013587,96.21333268489121
STU_013588,70.82274184834664
STU_013589,77.05095772171946
STU_013590,82.75969721611882
STU_013591,86.79495385634287
STU_013592,97.61306515498286
STU_013593,95.17788895491034
STU_013594,68.35833355180017
STU_013595,65.28789909516607
STU_013596,85.68877278671208
STU_013597,67.0659531841771
STU_013598,79.8059051421545
STU_013599,72.44885759917223
STU_013600,95.46969871246533
STU_013601,68.62641089586879
STU_013602,67.1775254999413
STU_013603,90.11813414970787
STU_013604,65.4364258627995
STU_013605,90.95367507299548
STU_013606,68.80002115097074
STU_013607,44.39064357932783
STU_013608,76.51005173175275
STU_013609,79.07034021231833
STU_013610,92.23161699906673
STU_013611,92.79854771535099
STU_013612,64.44910590836388
STU_013613,77.3467103207125
STU_013614,56.73967569845082
STU_013615,77.89491959516181
STU_013616,82.34416293066818
STU_013617,66.1358036031837
STU_013618,61.42555438315955
STU_013619,67.44863609834725
STU_013620,71.72829409937576
STU_013621,73.33042886460633
STU_013622,63.46623290403186
STU_013623,51.9275612531481
STU_013624,53.60830793534036
STU_013625,81.02961907109882
STU_013626,74.60763625377247
STU_013627,80.83640473696714
STU_013628,96.28786541463292
STU_013629,79.38393476695362
STU_013630,64.85743324341199
STU_013631,66.0937772297699
STU_013632,56.71346217230061
STU_013633,89.98893375519621
STU_013634,67.25972855084869
STU_013635,93.77571895734783
STU_013636,72.78285470173535
STU_013637,81.08516960837736
STU_013638,77.3980187340087
STU_013639,68.1239041254726
STU_013640,81.30309823416079
STU_013641,87.31343395916815
STU_013642,73.36064418113646
STU_013643,82.42984530375377
STU_013644,61.98826276698511
STU_013645,73.02200464725334
STU_013646,86.20394922730145
STU_013647,79.34604248256238
STU_013648,92.77175455725876
STU_013649,73.30354950261895
STU_013650,92.90373674229485
STU_013651,72.37258182189328
STU_013652,67.10212834154504
STU_013653,81.93244746264259
STU_013654,78.06157558296204
STU_013655,78.28604719850199
STU_013656,95.07296348537585
STU_013657,66.28593048046201
STU_013658,86.58851366288567
STU_013659,69.5096125495735
STU_013660,68.94523743733971
STU_013661,79.41177780792917
STU_013662,82.63463285612059
STU_013663,77.07969250766054
STU_013664,92.43607426422955
STU_013665,77.9289645939307
STU_013666,82.07055479764902
STU_013667,59.2534958997104
STU_013668,92.11456647436849
STU_013669,61.74108931261339
STU_013670,84.05542893105448
STU_013671,99.76857176625141
STU_013672,69.63467864925737
STU_013673,93.21934067799857
STU_013674,77.55218214582305
STU_013675,60.202209060731406
STU_013676,73.9977578964831
STU_013677,81.35069514964947
STU_013678,75.08731396776173
STU_013679,69.63213308029754
STU_013680,58.14007165278495
STU_013681,96.36965389092637
STU_013682,44.52039120322424
STU_013683,59.53958179657269
STU_013684,72.21404340953065
STU_013685,83.34122297473183
STU_013686,86.79961840509675
STU_013687,73.11270298425147
STU_013688,67.20783817767759
STU_013689,98.60824773706145
STU_013690,89.18252567191189
STU_013691,68.11115037424172
STU_013692,61.10570041586888
STU_013693,84.31626009650458
STU_013694,75.57544105208768
STU_013695,71.61983270445285
STU_013696,98.68692227620664
STU_013697,69.81830188164602
STU_013698,64.95694636084033
STU_013699,72.00052771271588
STU_013700,81.30579454090139
STU_013701,83.0335692955475
STU_013702,90.89886413516686
STU_013703,69.54454418586535
STU_013704,78.85694039825133
STU_013705,83.52109112907954
STU_013706,63.67740120687402
STU_013707,63.74863830022332
STU_013708,54.596184985250005
STU_013709,89.47417610425612
STU_013710,78.40836597337346
STU_013711,97.57974050249334
STU_013712,77.39579881861823
STU_013713,66.21184857944846
STU_013714,70.83551477542284
STU_013715,96.93213561954676
STU_013716,70.89629649474196
STU_013717,56.74595758493109
STU_013718,86.13278406197298
STU_013719,71.99455690420045
STU_013720,49.23075560869157
STU_013721,57.51780397255896
STU_013722,78.41598439466289
STU_013723,81.50787819318154
STU_013724,91.92799791578204
STU_013725,64.63081542551544
STU_013726,64.1190504710733
STU_013727,60.929459185708176
STU_013728,91.77653589103691
STU_013729,86.60595084831553
STU_013730,79.19251582028659
STU_013731,84.52682392266755
STU_013732,78.80044525787858
STU_013733,85.14392694697733
STU_013734,61.555440239305454
STU_013735,79.33712441270005
STU_013736,96.45702092220716
STU_013737,86.845445429044
STU_013738,72.25497500418993
STU_013739,72.43919949655678
STU_013740,79.3942859742013
STU_013741,78.52409101654509
STU_013742,91.74627110059059
STU_013743,93.89309688424567
STU_013744,61.91646721014308
STU_013745,90.07493059810248
STU_013746,87.92075855475966
STU_013747,92.71211373228721
STU_013748,75.35181638518043
STU_013749,95.65895800139
STU_013750,73.24681597232386
STU_013751,74.03675194979736
STU_013752,79.86140652819138
STU_013753,84.49192638225563
STU_013754,72.72351934528639
STU_013755,70.84977825275041
STU_013756,66.68757451994485
STU_013757,99.18071005417994
STU_013758,96.54588918298305
STU_013759,59.91070604419279
STU_013760,61.36460651891075
STU_013761,88.7662867689522
STU_013762,70.20204053585323
STU_013763,76.99386490811374
STU_013764,65.67557441481019
STU_013765,60.901929805774046
STU_013766,83.87938560656119
STU_013767,85.1694755642143
STU_013768,71.45860600006449
STU_013769,57.662361699441924
STU_013770,87.4484862043023
STU_013771,95.01765237782043
STU_013772,69.32487484290604
STU_013773,69.53544307603997
STU_013774,75.24843641733979
STU_013775,76.45376142432943
STU_013776,59.71539524381103
STU_013777,73.93938006597762
STU_013778,88.43004460593713
STU_013779,98.22450973648544
STU_013780,70.50890693469654
STU_013781,59.59411108266771
STU_013782,75.72633078673313
STU_013783,88.46213087004028
STU_013784,77.66229992013609
STU_013785,68.31496594939594
STU_013786,76.07983032431993
STU_013787,94.26934543279911
STU_013788,58.22776636289173
STU_013789,88.48903202861419
STU_013790,66.58770972788857
STU_013791,82.18456606749405
STU_013792,100.0
STU_013793,71.59231365524987
STU_013794,81.74663139937942
STU_013795,78.23948027318774
STU_013796,70.4201032615266
STU_013797,88.91391164285332
STU_013798,58.54295199058518
STU_013799,81.17113656401739
STU_013800,81.82452388744665
STU_013801,98.57442539213076
STU_013802,83.8105606270093
STU_013803,75.17654259397654
STU_013804,72.64855435743458
STU_013805,95.34344652933
STU_013806,73.42576668590988
STU_013807,71.05657121801886
STU_013808,75.27018640573033
STU_013809,78.7452881042955
STU_013810,81.92747250855199
STU_013811,70.14910657845104
STU_013812,78.28526440495736
STU_013813,72.65436357039316
STU_013814,65.1916017922863
STU_013815,80.68549210330153
STU_013816,70.50200452700417
STU_013817,80.3831666871261
STU_013818,53.981488127527996
STU_013819,78.48901978387299
STU_013820,75.07685151242191
STU_013821,70.47353842110678
STU_013822,96.66943172011516
STU_013823,93.46522614809703
STU_013824,71.22078424083853
STU_013825,61.59304032722782
STU_013826,82.94757461584624
STU_013827,80.57178396285242
STU_013828,86.17604027044652
STU_013829,79.62214783231701
STU_013830,85.27103181821334
STU_013831,81.68920995752694
STU_013832,90.11936768438454
STU_013833,82.76052113335317
STU_013834,69.13518300817499
STU_013835,83.64510298541255
STU_013836,64.10977925101835
STU_013837,91.2307306071854
STU_013838,55.41683988212296
STU_013839,59.739694567368
STU_013840,65.47548254681152
STU_013841,98.8588630666094
STU_013842,83.8129769333811
STU_013843,76.9985902296135
STU_013844,71.65939531946212
STU_013845,91.67299268491857
STU_013846,88.2067255690149
STU_013847,42.112945118473775
STU_013848,100.0
STU_013849,60.479256483583036
STU_013850,73.15818915218739
STU_013851,65.14204644914153
STU_013852,83.24125078697357
STU_013853,65.29182870032241
STU_013854,84.57151433060048
STU_013855,74.53785848137004
STU_013856,57.10204833907692
STU_013857,78.80309909283545
STU_013858,86.0835764879414
STU_013859,82.01397048363728
STU_013860,74.09412830686925
STU_013861,69.99053839897613
STU_013862,82.21704135333093
STU_013863,81.31217808924956
STU_013864,70.01610813013035
STU_013865,91.39129664391989
STU_013866,53.86233008095151
STU_013867,74.09604128824527
STU_013868,95.0582183031245
STU_013869,70.56273779610264
STU_013870,48.479936422133605
STU_013871,73.72260229052476
STU_013872,98.33883034206735
STU_013873,71.61153757983234
STU_013874,62.23994068885384
STU_013875,65.85562657172862
STU_013876,73.86183388970485
STU_013877,58.47329092361143
STU_013878,65.0549191428193
STU_013879,62.52684531849953
STU_013880,94.53397738069819
STU_013881,69.82887502465181
STU_013882,80.94476347401954
STU_013883,71.16046739176278
STU_013884,80.05372840019572
STU_013885,91.28140182063441
STU_013886,85.93164179191908
STU_013887,76.05613532839382
STU_013888,81.13619802418445
STU_013889,78.96774786035951
STU_013890,95.06504661859358
STU_013891,89.28944012731098
STU_013892,75.57922715529018
STU_013893,61.15344626508089
STU_013894,97.26458704677991
STU_013895,54.76770117387727
STU_013896,92.03361269741282
STU_013897,79.44212751596447
STU_013898,83.12248342263004
STU_013899,85.7022236355011
STU_013900,67.53696725215735
STU_013901,75.99204103644351
STU_013902,73.41086619056219
STU_013903,69.3422624161345
STU_013904,68.89076715188644
STU_013905,87.14286977850556
STU_013906,78.38875283362994
STU_013907,62.5751364690652
STU_013908,67.73219227416652
STU_013909,86.58834578021482
STU_013910,57.93318289329403
STU_013911,82.14631710781427
STU_013912,81.30174741086766
STU_013913,68.96516072904008
STU_013914,62.74070062463609
STU_013915,68.52934281445481
STU_013916,95.63173790894342
STU_013917,54.52875215575561
STU_013918,51.2108353466395
STU_013919,75.91281216899601
STU_013920,80.04754855704866
STU_013921,59.59436444943658
STU_013922,94.114925886028
STU_013923,90.64584146908416
STU_013924,85.42417878273312
STU_013925,68.52181363448786
STU_013926,82.45945543273318
STU_013927,96.56677960293567
STU_013928,43.27156101433516
STU_013929,62.12691555182065
STU_013930,70.39679871765135
STU_013931,63.14556749424596
STU_013932,66.52000571646099
STU_013933,53.927881840521685
STU_013934,67.01150163570206
STU_013935,76.92994212258644
STU_013936,89.36016824222271
STU_013937,84.07020749068384
STU_013938,76.39169380034599
STU_013939,65.9397552247161
STU_013940,67.1212311308374
STU_013941,68.13928287521118
STU_013942,100.0
STU_013943,66.58058730990716
STU_013944,88.68935702317279
STU_013945,80.53828321471352
STU_013946,96.56898895052508
STU_013947,80.77148552894874
STU_013948,79.81576501949861
STU_013949,48.83757213656496
STU_013950,85.68949354923402
STU_013951,57.14144536154062
STU_013952,95.98844735854692
STU_013953,64.54070626121725
STU_013954,50.062119263136836
STU_013955,66.37298656755337
STU_013956,79.38037335224342
STU_013957,78.51002498520806
STU_013958,71.4027396966143
STU_013959,70.013689851341
STU_013960,80.19960389345067
STU_013961,68.8444982430147
STU_013962,64.72354058634517
STU_013963,66.30517989038785
STU_013964,73.71905104300531
STU_013965,62.81297815047507
STU_013966,69.53738898951966
STU_013967,72.48745850731694
STU_013968,92.90206884800513
STU_013969,53.231666865470594
STU_013970,89.6799701440288
STU_013971,64.63455855385652
STU_013972,73.56291874148344
STU_013973,74.59500935490767
STU_013974,93.75802291223314
STU_013975,84.69291896852673
STU_013976,69.89633308240835
STU_013977,84.47678100533686
STU_013978,93.94159861439555
STU_013979,88.84212867736896
STU_013980,78.30977950562173
STU_013981,75.60236823741438
STU_013982,69.27904776255679
STU_013983,79.01670274712089
STU_013984,69.02558403522006
STU_013985,85.5958171772853
STU_013986,66.8353958288901
STU_013987,91.01581441298458
STU_013988,73.19387430172802
STU_013989,65.18727817616012
STU_013990,68.68019208669863
STU_013991,78.86502193470739
STU_013992,80.12481724777064
STU_013993,77.93622808657851
STU_013994,74.3569338231851
STU_013995,59.27092953658716
STU_013996,74.84214725656831
STU_013997,92.1824567306221
STU_013998,63.94049475298603
STU_013999,75.00636201009003
STU_014000,75.73945292668849
STU_014001,65.45497066788847
STU_014002,62.809273476101026
STU_014003,71.40689613959935
STU_014004,58.918318191444165
STU_014005,67.15252867396515
STU_014006,66.25210134717102
STU_014007,83.42830398773732
STU_014008,60.06161931206331
STU_014009,98.11142288739256
STU_014010,74.18984948487386
STU_014011,77.80432590194395
STU_014012,94.52631650789802
STU_014013,51.13586334543925
STU_014014,86.24494144804696
STU_014015,84.71714455961353
STU_014016,67.42775237651068
STU_014017,78.20415129356377
STU_014018,76.35727930062326
STU_014019,87.96360335215897
STU_014020,83.4432357842665
STU_014021,91.1841574094195
STU_014022,73.06742672629319
STU_014023,67.20092540589991
STU_014024,74.56072197550462
STU_014025,80.32052619764018
STU_014026,71.80180874138037
STU_014027,100.0
STU_014028,81.89397665768657
STU_014029,77.44934045525977
STU_014030,80.71136842847274
STU_014031,72.92157788523537
STU_014032,71.99377985689902
STU_014033,74.92569606961005
STU_014034,89.54159329889511
STU_014035,92.79954898678139
STU_014036,56.47036110998704
STU_014037,52.669952720847974
STU_014038,83.94866486057359
STU_014039,86.88440136673397
STU_014040,70.55759437299973
STU_014041,76.06467664314643
STU_014042,69.65523006900092
STU_014043,69.07525750069355
STU_014044,100.0
STU_014045,78.9326319501285
STU_014046,67.2929163739384
STU_014047,88.95242058514285
STU_014048,63.54136112202118
STU_014049,85.86784226425391
STU_014050,76.0464254830058
STU_014051,75.05869929378386
STU_014052,81.13248903542517
STU_014053,90.07001352591202
STU_014054,88.16346362338811
STU_014055,100.0
STU_014056,77.78567917285083
STU_014057,65.59209959472236
STU_014058,75.51543159073202
STU_014059,59.01743032379162
STU_014060,75.74860186749324
STU_014061,70.34263500623919
STU_014062,88.30090104851635
STU_014063,70.89830448898327
STU_014064,64.90624237957616
STU_014065,61.420043135869705
STU_014066,45.552627159624905
STU_014067,94.51318824440347
STU_014068,71.11659820220808
STU_014069,76.43401250427156
STU_014070,76.1580269973655
STU_014071,41.03828324651741
STU_014072,73.91124319857481
STU_014073,78.96363855150118
STU_014074,73.28039668895434
STU_014075,72.47240367803215
STU_014076,63.966089716263674
STU_014077,56.26343970377028
STU_014078,57.3069246051857
STU_014079,80.54202136340656
STU_014080,88.00944991726547
STU_014081,99.95461556427705
STU_014082,84.64105451051786
STU_014083,61.668436130018925
STU_014084,76.57795546182766
STU_014085,97.77002293743806
STU_014086,57.45042355868132
STU_014087,69.38614458033264
STU_014088,72.03179778859175
STU_014089,70.31710166750894
STU_014090,67.73382408578831
STU_014091,90.6095705571286
STU_014092,71.04196075001929
STU_014093,72.335946809669
STU_014094,62.797612766883475
STU_014095,82.41596857436076
STU_014096,84.57858377475816
STU_014097,91.13657769844733
STU_014098,70.04762375419794
STU_014099,72.22359087856515
STU_014100,64.22943609998447
STU_014101,75.60848712307231
STU_014102,81.25335298254954
STU_014103,72.92196871115154
STU_014104,95.95830651337158
STU_014105,44.319170094322175
STU_014106,68.18787662105348
STU_014107,88.29476020507036
STU_014108,82.10084035437546
STU_014109,78.74636385416443
STU_014110,87.49884612467515
STU_014111,90.31855105360613
STU_014112,62.927568422000405
STU_014113,59.069480760388856
STU_014114,65.34389891815951
STU_014115,76.53071310964906
STU_014116,98.43215927281662
STU_014117,67.54971026459684
STU_014118,94.90036460256258
STU_014119,68.22724964858264
STU_014120,67.49924566539919
STU_014121,62.68695578602267
STU_014122,59.48025838145371
STU_014123,59.936054694993096
STU_014124,59.68994784313704
STU_014125,85.45268821170563
STU_014126,63.85936590648825
STU_014127,70.06360729292867
STU_014128,58.65249516050176
STU_014129,87.25863711100085
STU_014130,80.49173757200415
STU_014131,87.02263955917415
STU_014132,79.44738252930368
STU_014133,71.88597709827701
STU_014134,45.57755154363331
STU_014135,75.94189765638856
STU_014136,72.01187229192266
STU_014137,96.52201764071066
STU_014138,56.64248805889151
STU_014139,73.29689193038662
STU_014140,76.1896161526917
STU_014141,88.80004523062338
STU_014142,77.19883855183302
STU_014143,76.95750709034968
STU_014144,97.41439578548461
STU_014145,70.92539517349576
STU_014146,95.03077686426656
STU_014147,79.5702089604165
STU_014148,90.58690282360514
STU_014149,80.6301460687375
STU_014150,64.15355150091018
STU_014151,96.29334367350705
STU_014152,90.3721359930793
STU_014153,59.1954627849033
STU_014154,76.65905137302069
STU_014155,71.44293612308094
STU_014156,93.15098168907971
STU_014157,81.23784505448575
STU_014158,79.9589820720826
STU_014159,80.99615654761695
STU_014160,92.73009072178394
STU_014161,81.68532235594131
STU_014162,93.6265103242865
STU_014163,76.56491291175656
STU_014164,57.93254800158979
STU_014165,95.95871466127836
STU_014166,69.91191978149955
STU_014167,80.24855899145274
STU_014168,61.86006905683271
STU_014169,56.1344407368227
STU_014170,83.00988511285672
STU_014171,85.99580821776709
STU_014172,83.95006680998
STU_014173,67.36900981451302
STU_014174,81.524525137522
STU_014175,81.81602016742357
STU_014176,68.19419617248099
STU_014177,70.39042211438631
STU_014178,76.30715272046093
STU_014179,88.57346610095895
STU_014180,81.30700822744367
STU_014181,79.19049272524839
STU_014182,92.55080056759847
STU_014183,67.55989018227392
STU_014184,85.1784733772113
STU_014185,79.71994781059159
STU_014186,92.48198314486851
STU_014187,94.41328636088497
STU_014188,72.55767981802839
STU_014189,64.07871886702813
STU_014190,70.42443794624674
STU_014191,68.81596175681481
STU_014192,62.856932991310465
STU_014193,85.85744482672965
STU_014194,71.35193180669532
STU_014195,63.58690999312848
STU_014196,83.07774750571292
STU_014197,64.6238080658052
STU_014198,71.23576916351324
STU_014199,61.03799792041386
STU_014200,75.13159347918327
STU_014201,80.67876516705775
STU_014202,82.44141129256026
STU_014203,64.12070692881784
STU_014204,88.1564447361106
STU_014205,68.37347211738866
STU_014206,73.89339933736615
STU_014207,72.98392564461037
STU_014208,70.00664115278965
STU_014209,68.51220671297338
STU_014210,92.39459658281982
STU_014211,78.97696236524132
STU_014212,99.99158145030499
STU_014213,76.20845667752499
STU_014214,64.28073507646334
STU_014215,69.3296707254354
STU_014216,72.16740398491584
STU_014217,83.39283564217395
STU_014218,100.0
STU_014219,67.82478986451783
STU_014220,72.79093567888883
STU_014221,80.85052261316997
STU_014222,81.14886858436532
STU_014223,88.17331457303244
STU_014224,95.75059933104077
STU_014225,76.63795728320531
STU_014226,57.85303634569729
STU_014227,72.79254690548508
STU_014228,60.564107318114075
STU_014229,90.7323308551062
STU_014230,89.88577718905245
STU_014231,79.58108820212342
STU_014232,77.16345118255386
STU_014233,56.89166931004621
STU_014234,100.0
STU_014235,77.99197230624367
STU_014236,71.65670818128535
STU_014237,84.44596111258109
STU_014238,48.36953851415821
STU_014239,90.10595226960056
STU_014240,70.97266444051193
STU_014241,82.01460049938805
STU_014242,90.36425461121783
STU_014243,61.96163628824145
STU_014244,79.15847712693231
STU_014245,80.63240243623164
STU_014246,76.34583974126505
STU_014247,65.52782743663698
STU_014248,90.48061695774439
STU_014249,78.02138682790255
STU_014250,82.39183670141239
STU_014251,77.08825389207567
STU_014252,67.48407910134867
STU_014253,89.71487742847954
STU_014254,72.75481705072154
STU_014255,97.33545229240156
STU_014256,69.65247987432889
STU_014257,74.20282590556533
STU_014258,86.87724090104246
STU_014259,65.26415244685296
STU_014260,83.82436292943652
STU_014261,85.23667226494851
STU_014262,79.05617506281664
STU_014263,62.12486406430604
STU_014264,89.09249238917548
STU_014265,67.28228189408671
STU_014266,80.71572833637437
STU_014267,94.00621836104693
STU_014268,90.402056514628
STU_014269,71.93738175302406
STU_014270,74.80824003369924
STU_014271,66.39166685352262
STU_014272,70.1570884136911
STU_014273,67.8985777653974
STU_014274,63.92924324397865
STU_014275,82.94689778377834
STU_014276,66.1222637968402
STU_014277,89.07121355838267
STU_014278,60.718470983616314
STU_014279,94.6340997240644
STU_014280,55.90080851653702
STU_014281,89.32672962518899
STU_014282,68.07797260941943
STU_014283,58.899530385537275
STU_014284,82.9176385922002
STU_014285,93.07374048209286
STU_014286,66.35365779465117
STU_014287,79.1345557907596
STU_014288,50.58329432121985
STU_014289,75.69411016831347
STU_014290,75.03488040568993
STU_014291,70.23614186982961
STU_014292,76.99128134403982
STU_014293,72.55500914121808
STU_014294,62.788114884192254
STU_014295,71.35160282085957
STU_014296,63.42197461538668
STU_014297,58.960953767735205
STU_014298,74.9645809860158
STU_014299,78.04097824374813
STU_014300,90.42367207744084
STU_014301,58.03526133875449
STU_014302,100.0
STU_014303,93.71321315722963
STU_014304,60.91568747779496
STU_014305,80.35374006266645
STU_014306,74.34348381444943
STU_014307,98.8685358934782
STU_014308,70.52290318824565
STU_014309,92.25184927857546
STU_014310,71.90843037681562
STU_014311,99.89157244550188
STU_014312,79.19397484247081
STU_014313,72.50929435381016
STU_014314,65.46880997755208
STU_014315,78.4133322480321
STU_014316,74.565268662754
STU_014317,69.23832891655923
STU_014318,76.49644462627471
STU_014319,62.68196155720862
STU_014320,75.81248404351456
STU_014321,64.22879298413739
STU_014322,91.48306003326215
STU_014323,85.75785956524234
STU_014324,85.28996565142822
STU_014325,80.44098650725553
STU_014326,84.41498284324463
STU_014327,70.17447218407139
STU_014328,52.7749150825774
STU_014329,91.99342360150044
STU_014330,55.53504466818788
STU_014331,64.7882887109983
STU_014332,57.742727572120835
STU_014333,62.45590804992375
STU_014334,91.04481643842807
STU_014335,80.97183717998081
STU_014336,91.03672451803648
STU_014337,83.63225134184768
STU_014338,66.13966392437953
STU_014339,68.41974881844834
STU_014340,58.00726226235801
STU_014341,91.5664892449687
STU_014342,59.01810445065555
STU_014343,67.04080742476418
STU_014344,48.71754683077341
STU_014345,77.48635193361584
STU_014346,87.48498496431517
STU_014347,67.722689683838
STU_014348,73.44898939300285
STU_014349,67.27668524923045
STU_014350,70.73750685026022
STU_014351,73.45840598804836
STU_014352,89.2594339644975
STU_014353,93.01170096081265
STU_014354,89.24998480072944
STU_014355,63.16306010356256
STU_014356,47.5497503625046
STU_014357,84.10588075529238
STU_014358,59.346738966205436
STU_014359,76.81916598417185
STU_014360,58.31618066258876
STU_014361,71.60199989848634
STU_014362,99.03087835061037
STU_014363,51.0654117231561
STU_014364,85.1201412928254
STU_014365,64.05705200756913
STU_014366,77.10741982233851
STU_014367,72.23713693457034
STU_014368,88.1801084296264
STU_014369,87.3202995854033
STU_014370,93.17066273527368
STU_014371,75.73456329483786
STU_014372,88.49386690659945
STU_014373,67.04905940261116
STU_014374,77.19936606689477
STU_014375,79.71762636328026
STU_014376,91.16082238294206
STU_014377,81.92786288952895
STU_014378,97.21121853283702
STU_014379,76.54155157711236
STU_014380,84.12884745228928
STU_014381,42.18823073287454
STU_014382,77.69977185482796
STU_014383,71.67516571465393
STU_014384,88.01490708997922
STU_014385,90.4802489341065
STU_014386,61.801271756184775
STU_014387,78.07611584720496
STU_014388,69.55918161100925
STU_014389,76.8695870110203
STU_014390,71.80698225649515
STU_014391,47.23483989570125
STU_014392,85.16990182248146
STU_014393,86.75387358501251
STU_014394,76.4732388194596
STU_014395,94.10372904621549
STU_014396,93.53635660659553
STU_014397,82.97902055502796
STU_014398,99.58319542304434
STU_014399,71.77897468235433
STU_014400,93.81194009851367
STU_014401,80.82058279723583
STU_014402,77.37851013630389
STU_014403,78.24469169665711
STU_014404,80.07331829977846
STU_014405,68.86852733138353
STU_014406,80.23481038426483
STU_014407,100.0
STU_014408,61.090729542414365
STU_014409,53.45968551769825
STU_014410,71.59684474596682
STU_014411,65.85774525098027
STU_014412,73.49327943440797
STU_014413,84.48659814371567
STU_014414,65.2042607568321
STU_014415,74.55629260796292
STU_014416,79.19987651011265
STU_014417,93.90375356451624
STU_014418,89.20967753603352
STU_014419,55.96591964585395
STU_014420,90.98462379336678
STU_014421,93.39864703419163
STU_014422,72.9179788077597
STU_014423,93.41523391816278
STU_014424,80.88198195475948
STU_014425,98.68514953792385
STU_014426,69.23035992530845
STU_014427,84.92374082736559
STU_014428,95.46907037502376
STU_014429,92.55190811244498
STU_014430,56.13144985657834
STU_014431,57.99007070624262
STU_014432,66.7278427705875
STU_014433,59.06680041928085
STU_014434,76.9507042154536
STU_014435,94.23950267243177
STU_014436,59.61555776037519
STU_014437,69.90211136060216
STU_014438,74.23748752842864
STU_014439,84.69250509257591
STU_014440,50.265851798864006
STU_014441,64.84329355549266
STU_014442,75.17338973072896
STU_014443,54.46405298750709
STU_014444,54.81637816556194
STU_014445,69.36095885106289
STU_014446,66.91626946827165
STU_014447,93.33518720451312
STU_014448,64.27067660011811
STU_014449,52.30443554523282
STU_014450,70.22968345419652
STU_014451,87.9216448012575
STU_014452,91.24424004873025
STU_014453,100.0
STU_014454,90.24797789159612
STU_014455,85.44475726348549
STU_014456,83.43450762398219
STU_014457,63.76610577795013
STU_014458,66.30985279756615
STU_014459,77.1115022479133
STU_014460,100.0
STU_014461,89.059990618505
STU_014462,85.94446963927658
STU_014463,80.62248574942134
STU_014464,72.78732794860296
STU_014465,87.75229234990641
STU_014466,72.03676836308776
STU_014467,74.28374730888726
STU_014468,71.49433601693882
STU_014469,87.46538256590983
STU_014470,75.17107402703833
STU_014471,80.81242072133266
STU_014472,66.64309783867587
STU_014473,71.31225535626507
STU_014474,88.0206990192433
STU_014475,62.16528238042799
STU_014476,67.6015700136975
STU_014477,89.86877296017784
STU_014478,85.72545205109614
STU_014479,96.99881464727753
STU_014480,76.38858286968747
STU_014481,88.99985816914045
STU_014482,51.735915755881514
STU_014483,94.05827705032044
STU_014484,51.31173902221865
STU_014485,73.31042811597871
STU_014486,90.06995654303236
STU_014487,83.96964307454284
STU_014488,73.48587482453387
STU_014489,50.21968761505546
STU_014490,85.99267400738736
STU_014491,81.92325981585144
STU_014492,81.81028240741006
STU_014493,62.92434918008663
STU_014494,85.24113130704549
STU_014495,72.94752023782688
STU_014496,73.58813393556957
STU_014497,67.27928349096037
STU_014498,87.08934098372508
STU_014499,79.73257109230812
STU_014500,66.7680829468213
STU_014501,67.21195419779039
STU_014502,72.51455964046089
STU_014503,74.38057513213492
STU_014504,99.44734728272027
STU_014505,73.21391790925009
STU_014506,74.56519543004441
STU_014507,73.69996933036974
STU_014508,64.93067707786008
STU_014509,79.23655075075912
STU_014510,61.624064014089434
STU_014511,85.55443111588443
STU_014512,73.03812773308064
STU_014513,80.21272225530271
STU_014514,81.82326987766156
STU_014515,73.0284072782779
STU_014516,81.03219020896518
STU_014517,80.65800742106539
STU_014518,74.24806626648059
STU_014519,59.79689882994464
STU_014520,75.28329246259199
STU_014521,93.49014295833958
STU_014522,67.49937148976203
STU_014523,92.28927072784691
STU_014524,92.20550633344367
STU_014525,70.90729413024039
STU_014526,80.28561590269037
STU_014527,47.06732435243483
STU_014528,66.82391406521795
STU_014529,88.19401793368226
STU_014530,67.35665584251076
STU_014531,73.16618226087829
STU_014532,93.08664961148722
STU_014533,100.0
STU_014534,95.73575604537649
STU_014535,92.66472890728895
STU_014536,82.87934666383609
STU_014537,79.26413509509042
STU_014538,63.5140347620528
STU_014539,63.24346382705248
STU_014540,55.156909903532096
STU_014541,84.52848293711435
STU_014542,58.10606996660056
STU_014543,86.1433203026137
STU_014544,68.85932070927223
STU_014545,59.89937036538863
STU_014546,57.7583041501841
STU_014547,63.097000926116834
STU_014548,92.31157128448106
STU_014549,95.69232040226002
STU_014550,82.19851059105468
STU_014551,71.97434046974796
STU_014552,70.7191248469954
STU_014553,82.40934619654476
STU_014554,75.75850325664395
STU_014555,69.68423723047033
STU_014556,94.44845285788486
STU_014557,76.68798812107903
STU_014558,64.33981973926525
STU_014559,83.99739997884305
STU_014560,95.39961464857737
STU_014561,74.47752018340131
STU_014562,70.57070209852859
STU_014563,77.33456266728764
STU_014564,94.32957253274131
STU_014565,65.08515873024545
STU_014566,87.33137578488716
STU_014567,67.54674693687377
STU_014568,65.61692696708842
STU_014569,77.36368173868641
STU_014570,57.42066529337061
STU_014571,68.77257996214054
STU_014572,70.38380606864274
STU_014573,77.74131443586265
STU_014574,64.66139603718459
STU_014575,59.87496382061987
STU_014576,70.14494501026577
STU_014577,59.827451999861125
STU_014578,61.0077025642514
STU_014579,80.75958658008187
STU_014580,87.29248151499365
STU_014581,89.13508098723695
STU_014582,81.27658012442355
STU_014583,71.08423534123679
STU_014584,84.6792731683548
STU_014585,76.40198979081751
STU_014586,89.95324273397986
STU_014587,57.914073007645555
STU_014588,80.18438272061252
STU_014589,61.79191805274695
STU_014590,68.47385423641121
STU_014591,86.40496560241886
STU_014592,74.82632083230568
STU_014593,93.1573512319634
STU_014594,94.99737608638958
STU_014595,54.428197381198395
STU_014596,100.0
STU_014597,69.34595244062946
STU_014598,63.46078430020021
STU_014599,79.06315434563793
STU_014600,60.6575271074565
STU_014601,79.66293716586435
STU_014602,90.98342983681727
STU_014603,50.86314497403717
STU_014604,87.26071674049473
STU_014605,97.02492940685758
STU_014606,60.937924844716605
STU_014607,76.15452312300678
STU_014608,61.462541534821774
STU_014609,82.87522029663354
STU_014610,78.48864316982647
STU_014611,76.76745738459672
STU_014612,58.69770748084022
STU_014613,68.70513504608493
STU_014614,89.1912121200279
STU_014615,76.18930961742805
STU_014616,95.23445175988961
STU_014617,64.33400926745026
STU_014618,87.79107368256575
STU_014619,80.25063523333003
STU_014620,85.43640679521963
STU_014621,60.56005973432522
STU_014622,94.26372159691125
STU_014623,71.92084775498857
STU_014624,84.42847638501232
STU_014625,72.95185325296173
STU_014626,91.61275762986864
STU_014627,66.86319624282555
STU_014628,56.14366903618988
STU_014629,80.66299143382585
STU_014630,72.34857288896484
STU_014631,61.340243610993944
STU_014632,71.91652475532526
STU_014633,72.34145960042044
STU_014634,92.68664924033477
STU_014635,60.93831315254889
STU_014636,46.59909271985978
STU_014637,87.01588540656493
STU_014638,68.51576540477824
STU_014639,78.06399820361041
STU_014640,71.39536990176656
STU_014641,61.86047393395168
STU_014642,94.79088553760971
STU_014643,56.93447702332444
STU_014644,92.61805769669235
STU_014645,75.37945284892388
STU_014646,89.70641304122938
STU_014647,87.83209058623714
STU_014648,69.63898927122369
STU_014649,93.4396712942775
STU_014650,68.97942062070175
STU_014651,66.37867817445736
STU_014652,89.47390465745943
STU_014653,79.45348526986368
STU_014654,87.09244002139486
STU_014655,52.28509842145023
STU_014656,72.39401173990444
STU_014657,56.37338850916413
STU_014658,77.60866199932116
STU_014659,75.06415880262679
STU_014660,67.94717289243484
STU_014661,55.52394087624583
STU_014662,71.01425003695479
STU_014663,75.45626937315976
STU_014664,56.35432553158533
STU_014665,75.95205913959744
STU_014666,89.9012192820253
STU_014667,81.07554940140436
STU_014668,59.711324372305086
STU_014669,79.02011547030952
STU_014670,98.70182441568446
STU_014671,77.8175557523207
STU_014672,86.95900429601818
STU_014673,94.24718476711419
STU_014674,94.05277247120263
STU_014675,86.00680038445958
STU_014676,77.47589572045307
STU_014677,64.85343313131239
STU_014678,69.64279955561915
STU_014679,62.07693988581616
STU_014680,49.595374285310605
STU_014681,89.96924209973065
STU_014682,49.12255772678314
STU_014683,67.07401411999417
STU_014684,61.60034768687709
STU_014685,68.70535905278192
STU_014686,79.29107624284404
STU_014687,85.94897243823652
STU_014688,95.70049121887862
STU_014689,67.37740400194836
STU_014690,63.23425482493794
STU_014691,87.34562233792542
STU_014692,92.09060750314532
STU_014693,71.25750317289872
STU_014694,77.46897746480411
STU_014695,100.0
STU_014696,49.55342900154196
STU_014697,72.510062474363
STU_014698,91.61996479868527
STU_014699,67.80009209992232
STU_014700,87.6649519510043
STU_014701,67.97950362590603
STU_014702,87.8275469652589
STU_014703,80.24163321382244
STU_014704,94.17399899464323
STU_014705,80.77065026858519
STU_014706,85.8515260710225
STU_014707,91.98736190300421
STU_014708,95.68035456048213
STU_014709,76.58330774173876
STU_014710,53.16702138642138
STU_014711,72.09652720921305
STU_014712,77.01596187029364
STU_014713,47.57847009512054
STU_014714,80.39857739001104
STU_014715,71.97664633416483
STU_014716,65.30377617913048
STU_014717,60.17888370586144
STU_014718,62.88714870152782
STU_014719,91.95366118770946
STU_014720,83.38203546313018
STU_014721,55.99987060718068
STU_014722,69.8262748379559
STU_014723,92.43235714354608
STU_014724,91.90627352199877
STU_014725,70.42787556964616
STU_014726,66.00904559743033
STU_014727,61.331454972121605
STU_014728,88.59274474921011
STU_014729,83.5132701329809
STU_014730,59.37439629272704
STU_014731,66.99519811664481
STU_014732,74.11689256643726
STU_014733,77.11538051105134
STU_014734,60.86043582196278
STU_014735,99.01524846571839
STU_014736,77.19129041565424
STU_014737,78.6573945821463
STU_014738,69.39906895992648
STU_014739,86.14898844097246
STU_014740,79.91366759555982
STU_014741,82.4227640520885
STU_014742,94.4896863597903
STU_014743,95.66132574283098
STU_014744,69.79286760581121
STU_014745,83.94423172589512
STU_014746,49.080506074116826
STU_014747,68.98266076444713
STU_014748,97.76053117411908
STU_014749,96.08029858208867
STU_014750,83.79805173023249
STU_014751,90.38123239610938
STU_014752,78.6951471222796
STU_014753,62.59474006039957
STU_014754,95.7887829729859
STU_014755,67.28984163722473
STU_014756,71.32583328593411
STU_014757,71.91253349320613
STU_014758,98.3031874676617
STU_014759,67.659481446639
STU_014760,77.63955274469907
STU_014761,76.50221852381921
STU_014762,100.0
STU_014763,83.59183942172099
STU_014764,100.0
STU_014765,77.83533237811272
STU_014766,78.87520226304034
STU_014767,69.63813292150303
STU_014768,64.70332440865006
STU_014769,93.62527810320438
STU_014770,77.34617669559333
STU_014771,72.0531007411518
STU_014772,73.18740952263065
STU_014773,85.41979236591274
STU_014774,91.78614247049371
STU_014775,79.47482962461467
STU_014776,78.54394842376611
STU_014777,79.40367513811834
STU_014778,82.13363528946417
STU_014779,80.7078166248419
STU_014780,61.456529053643834
STU_014781,87.67773364801826
STU_014782,87.79039096551486
STU_014783,94.39334666943145
STU_014784,94.46073601347976
STU_014785,82.96054382743051
STU_014786,82.33911247240866
STU_014787,76.10578912212402
STU_014788,93.09490243440219
STU_014789,76.23706309076104
STU_014790,80.37881293496591
STU_014791,70.82017947569608
STU_014792,58.64551758091032
STU_014793,64.99362806221902
STU_014794,62.806391592061225
STU_014795,77.04348663532869
STU_014796,75.72810998785079
STU_014797,75.71262778513733
STU_014798,87.84406729216484
STU_014799,89.41010455306245
STU_014800,83.76844159493109
STU_014801,89.4114717045438
STU_014802,58.91469336824392
STU_014803,86.67579272781015
STU_014804,79.68567707755038
STU_014805,71.24824694423313
STU_014806,74.67292654550393
STU_014807,67.64977739546752
STU_014808,73.70147859140684
STU_014809,52.97925479519082
STU_014810,92.758596684676
STU_014811,96.44655217512798
STU_014812,72.84270904529818
STU_014813,63.3412736042222
STU_014814,67.357653412948
STU_014815,59.77644535126973
STU_014816,82.75855633154487
STU_014817,87.53166946720431
STU_014818,53.35748511506012
STU_014819,83.21031850153075
STU_014820,72.97329607786048
STU_014821,62.56284165704879
STU_014822,93.89436779241385
STU_014823,68.2247245579246
STU_014824,92.10372270240975
STU_014825,80.37431180607962
STU_014826,93.45193496979525
STU_014827,62.75904427653575
STU_014828,75.08207189475645
STU_014829,75.18712562238872
STU_014830,84.55290467169542
STU_014831,86.28894371957078
STU_014832,64.37400823389477
STU_014833,64.7454564600756
STU_014834,82.7160418041418
STU_014835,77.59471458723016
STU_014836,85.7698424284271
STU_014837,68.38569254165758
STU_014838,72.64822274138658
STU_014839,80.71409762524772
STU_014840,77.70066505166007
STU_014841,95.30981142508507
STU_014842,54.114245663809314
STU_014843,73.92431583497631
STU_014844,94.36237475507981
STU_014845,70.0725340203484
STU_014846,83.57652145216082
STU_014847,80.28586439612019
STU_014848,57.96298313861297
STU_014849,58.88321646643237
STU_014850,73.3239476919417
STU_014851,82.82990491145853
STU_014852,84.98056334921421
STU_014853,64.10771809965124
STU_014854,62.38691812581138
STU_014855,76.80531367022775
STU_014856,71.05170972741503
STU_014857,77.13938418393826
STU_014858,65.8384185093823
STU_014859,86.44665322694658
STU_014860,48.851491156711276
STU_014861,88.19649439224303
STU_014862,94.81321473445675
STU_014863,69.5226221659063
STU_014864,80.30672784564105
STU_014865,72.97000582882225
STU_014866,72.50507409924717
STU_014867,73.25263143426037
STU_014868,100.0
STU_014869,99.03009157096771
STU_014870,73.57215190482636
STU_014871,77.68518212254389
STU_014872,82.09280479845472
STU_014873,67.5480436414139
STU_014874,72.59965243414565
STU_014875,83.45484640277951
STU_014876,54.87485474914784
STU_014877,68.57572997161792
STU_014878,64.2774802815278
STU_014879,80.92776985081524
STU_014880,82.43056510308973
STU_014881,80.84896104668569
STU_014882,66.55594119426272
STU_014883,80.44234013169364
STU_014884,68.8188654393676
STU_014885,83.63680699173719
STU_014886,66.48903521434907
STU_014887,78.34777730866442
STU_014888,87.12558394689702
STU_014889,72.86842219245193
STU_014890,93.76907553775474
STU_014891,74.82788963618286
STU_014892,86.03061869005388
STU_014893,66.65615542148501
STU_014894,77.40038861038178
STU_014895,60.70017380554357
STU_014896,75.142022620827
STU_014897,78.00113687688405
STU_014898,82.84556131939615
STU_014899,58.011488141025566
STU_014900,98.51968664191459
STU_014901,82.42642000580545
STU_014902,82.3221896511395
STU_014903,90.4124269614626
STU_014904,82.48512842876316
STU_014905,92.69260709223968
STU_014906,79.38260075122184
STU_014907,56.498733447563964
STU_014908,77.22701788281748
STU_014909,81.3511636833158
STU_014910,72.11222742639151
STU_014911,92.49703083417448
STU_014912,79.82215360781969
STU_014913,73.01325657334581
STU_014914,50.83126394196992
STU_014915,57.655224526431724
STU_014916,71.58445902560373
STU_014917,94.70028831932589
STU_014918,85.7581126372533
STU_014919,53.87953222947073
STU_014920,91.73768810163602
STU_014921,64.68150680907912
STU_014922,57.29275273105941
STU_014923,70.17862414454241
STU_014924,84.03128035862375
STU_014925,97.93013272876708
STU_014926,83.72989663374864
STU_014927,75.07695254665072
STU_014928,61.70840788591117
STU_014929,82.37438947204113
STU_014930,82.6697214548075
STU_014931,90.00556896711603
STU_014932,58.61596427486421
STU_014933,80.34393590478189
STU_014934,68.53402623744859
STU_014935,77.14885613587647
STU_014936,81.23126452526084
STU_014937,79.03377882623914
STU_014938,98.39864783679849
STU_014939,72.40848140513111
STU_014940,90.7387346436067
STU_014941,67.80352530754571
STU_014942,90.75543926076449
STU_014943,64.58755399359212
STU_014944,73.79134581595991
STU_014945,63.41108307208414
STU_014946,69.514349536744
STU_014947,65.50145448709429
STU_014948,86.57561254977858
STU_014949,61.40878065391872
STU_014950,89.7036683928155
STU_014951,71.95273745394124
STU_014952,76.45485821662378
STU_014953,92.52368653384664
STU_014954,90.18429432275217
STU_014955,96.53095493273038
STU_014956,80.83234068393949
STU_014957,79.40756974769317
STU_014958,70.13355518440979
STU_014959,55.2285294568249
STU_014960,93.99998675578823
STU_014961,86.71195243755695
STU_014962,52.97565740242312
STU_014963,78.06350946748536
STU_014964,89.5061364414712
STU_014965,79.25721169116699
STU_014966,69.14268121301563
STU_014967,51.1505753138138
STU_014968,92.19265083654366
STU_014969,74.35233041836705
STU_014970,71.33539257879364
STU_014971,70.42441036946781
STU_014972,89.99105137601009
STU_014973,76.1074107086279
STU_014974,68.48168803962609
STU_014975,64.41506508714684
STU_014976,86.10932499143969
STU_014977,84.06185447308997
STU_014978,87.1749685764848
STU_014979,92.59393428930834
STU_014980,63.09278664273286
STU_014981,95.9086208072164
STU_014982,66.12824588593196
STU_014983,86.36218035476416
STU_014984,62.14605041791799
STU_014985,66.83313469117121
STU_014986,49.0651271265706
STU_014987,91.04148244812728
STU_014988,64.7021828257821
STU_014989,100.0
STU_014990,82.65623284418209
STU_014991,97.28811701230352
STU_014992,75.14024417938897
STU_014993,62.820547665225384
STU_014994,89.52999325035543
STU_014995,87.96977604958573
STU_014996,70.59949501498937
STU_014997,79.8069712357793
STU_014998,80.93518435526937
STU_014999,94.36956935324307
STU_015000,71.84962962610334
STU_015001,56.01598188304503
STU_015002,65.66009658322169
STU_015003,61.43944148103512
STU_015004,64.30114264621133
STU_015005,59.28369805473925
STU_015006,64.74221712626743
STU_015007,84.27887971510407
STU_015008,73.86926946832044
STU_015009,82.92668081805785
STU_015010,75.11455582892629
STU_015011,53.284688693343114
STU_015012,96.13154413577675
STU_015013,64.60989268247876
STU_015014,59.590126636830504
STU_015015,87.05263437865067
STU_015016,83.6323605914924
STU_015017,87.99317928871086
STU_015018,76.06766761032276
STU_015019,87.89248705924987
STU_015020,63.04281604649384
STU_015021,76.16657989836757
STU_015022,65.41196357388051
STU_015023,76.15665835082888
STU_015024,69.65395982003673
STU_015025,79.08728042816054
STU_015026,71.8160975742929
STU_015027,86.14758319180751
STU_015028,74.11574029332965
STU_015029,76.90908117845468
STU_015030,93.40829022621386
STU_015031,74.73119423477148
STU_015032,69.82701430921232
STU_015033,77.77248672041101
STU_015034,68.57177458786276
STU_015035,75.62279631188065
STU_015036,69.33154667905399
STU_015037,80.80360482005791
STU_015038,91.47670267368679
STU_015039,65.00057201925344
STU_015040,81.42649838968725
STU_015041,81.18461305169195
STU_015042,47.09557705169346
STU_015043,81.28232298678458
STU_015044,88.38770541689914
STU_015045,89.51948200615945
STU_015046,66.5186221874255
STU_015047,84.49198629047316
STU_015048,66.82572239508903
STU_015049,70.80596676637568
STU_015050,60.86673097589849
STU_015051,66.29077378286813
STU_015052,62.29035074928957
STU_015053,66.20848433053465
STU_015054,91.84877815092202
STU_015055,77.22573581348615
STU_015056,59.42766900379617
STU_015057,94.90076549862292
STU_015058,59.634632907350756
STU_015059,98.2681202534758
STU_015060,76.86847096173943
STU_015061,77.93279124378316
STU_015062,74.14397633041065
STU_015063,66.79164779341338
STU_015064,65.75902292606935
STU_015065,92.80237298300497
STU_015066,84.24503072796085
STU_015067,75.26310369291744
STU_015068,65.02233323458617
STU_015069,75.84085632418747
STU_015070,74.47269570760291
STU_015071,78.25817325140709
STU_015072,100.0
STU_015073,71.1896531961761
STU_015074,68.80655503739304
STU_015075,94.0017039864166
STU_015076,72.08638661618934
STU_015077,65.28385702559802
STU_015078,67.88494008431793
STU_015079,100.0
STU_015080,64.44519258888424
STU_015081,97.4987307006653
STU_015082,63.150216637827725
STU_015083,82.27002527465149
STU_015084,65.77201442287203
STU_015085,78.11312047830371
STU_015086,70.09056434794547
STU_015087,59.28963444769936
STU_015088,91.27984253413943
STU_015089,69.19073362526666
STU_015090,84.56154181996465
STU_015091,75.61034620407878
STU_015092,75.65116661601394
STU_015093,92.80109708490792
STU_015094,72.61172489112852
STU_015095,73.38928920482891
STU_015096,89.61890618009099
STU_015097,78.37596160036682
STU_015098,72.81630579627468
STU_015099,57.23731285755209
STU_015100,84.09256592923882
STU_015101,77.89575353801523
STU_015102,79.47246354772157
STU_015103,97.593885431764
STU_015104,75.68486388886554
STU_015105,93.64889970453223
STU_015106,73.3553862841127
STU_015107,71.4229893204009
STU_015108,77.06891197005115
STU_015109,75.89207872326361
STU_015110,82.61667913328102
STU_015111,59.71289719295351
STU_015112,76.77096003377389
STU_015113,71.41399313526705
STU_015114,88.58602894544357
STU_015115,62.833914089521436
STU_015116,87.91117724256739
STU_015117,67.05363597149552
STU_015118,57.499954550849544
STU_015119,83.02519391234148
STU_015120,88.09157534685781
STU_015121,61.234537290677885
STU_015122,100.0
STU_015123,66.35255229751593
STU_015124,88.791473418854
STU_015125,76.55704715872388
STU_015126,66.05781417409129
STU_015127,91.81685585828775
STU_015128,81.19265849930356
STU_015129,65.72564041653948
STU_015130,72.78537188261778
STU_015131,84.23471318364173
STU_015132,90.68100386834405
STU_015133,93.0644909839572
STU_015134,85.8418238987488
STU_015135,88.47339794523461
STU_015136,75.89971407461442
STU_015137,76.29388680522977
STU_015138,71.25646529337803
STU_015139,85.89620583067119
STU_015140,93.98380047154583
STU_015141,66.0139784047775
STU_015142,77.35084208593274
STU_015143,94.26492585341273
STU_015144,84.43982346685377
STU_015145,67.55755130995618
STU_015146,93.10733920321822
STU_015147,79.53160339848792
STU_015148,70.19456476388085
STU_015149,65.51726725494918
STU_015150,46.36113655265041
STU_015151,59.07681095049871
STU_015152,75.82659603473388
STU_015153,58.81973496421641
STU_015154,81.37968838376219
STU_015155,86.15124532043606
STU_015156,74.10307956258778
STU_015157,56.505941427139334
STU_015158,92.68804589064484
STU_015159,54.82016846097001
STU_015160,89.60237381185848
STU_015161,63.08575893009877
STU_015162,72.2187736897598
STU_015163,81.65215087644711
STU_015164,41.022795292089754
STU_015165,85.71772239041073
STU_015166,97.77325958472962
STU_015167,80.4912346143348
STU_015168,64.98097825635443
STU_015169,90.37128737366388
STU_015170,75.67778296128503
STU_015171,93.74645619659124
STU_015172,62.57645546743578
STU_015173,77.48913051281743
STU_015174,94.16740445453341
STU_015175,73.75850141852467
STU_015176,98.06228617560915
STU_015177,79.6490136591235
STU_015178,67.70723815103764
STU_015179,74.64805991560104
STU_015180,63.62552129016378
STU_015181,81.94174995466047
STU_015182,81.87493439546878
STU_015183,84.63734199909621
STU_015184,69.26842944046635
STU_015185,82.8235563651852
STU_015186,71.96356779026762
STU_015187,60.54154220139576
STU_015188,70.44228013579668
STU_015189,92.35680329466126
STU_015190,93.34917495767658
STU_015191,76.86942290163022
STU_015192,99.72242114328851
STU_015193,76.1877393865347
STU_015194,91.39790891976236
STU_015195,86.19069137423287
STU_015196,73.07359613141774
STU_015197,73.78518446802624
STU_015198,82.53612209038252
STU_015199,70.91825936801816
STU_015200,69.10830421199299
STU_015201,84.9812874548051
STU_015202,69.24716419869426
STU_015203,64.79381254090326
STU_015204,79.09709159397332
STU_015205,80.38212353594628
STU_015206,71.07010457764417
STU_015207,85.65063740793244
STU_015208,75.56569100284092
STU_015209,81.49493953952964
STU_015210,90.14906530766768
STU_015211,44.56749434234568
STU_015212,94.204262639386
STU_015213,69.05377152261211
STU_015214,94.13155334970816
STU_015215,73.21639257298122
STU_015216,92.65530988167646
STU_015217,59.401419419988926
STU_015218,74.77451396456905
STU_015219,76.78393385659987
STU_015220,45.10416270004637
STU_015221,86.20966458868057
STU_015222,65.56850950668718
STU_015223,86.17069181562556
STU_015224,74.07538278921145
STU_015225,74.88342843741277
STU_015226,65.24058779821384
STU_015227,68.05604009739811
STU_015228,84.023704146243
STU_015229,70.37373021484707
STU_015230,76.18096983652742
STU_015231,96.37573985491474
STU_015232,84.0856768717355
STU_015233,90.52184172142105
STU_015234,73.05346612088555
STU_015235,65.8133859726077
STU_015236,93.38734968587791
STU_015237,83.10008105929714
STU_015238,82.67054382463763
STU_015239,94.16586930258961
STU_015240,67.16101386859566
STU_015241,46.005163000962696
STU_015242,54.63817230943688
STU_015243,80.55540843489798
STU_015244,77.69326595517751
STU_015245,67.3612015049057
STU_015246,99.73667290616052
STU_015247,81.40128927078783
STU_015248,85.75389872763309
STU_015249,70.51528267767071
STU_015250,91.31834997977822
STU_015251,69.2611351679205
STU_015252,90.09418747859405
STU_015253,86.81115135178192
STU_015254,97.14934657485873
STU_015255,66.39082259569254
STU_015256,64.79081924722965
STU_015257,75.34294492721592
STU_015258,93.26651875603984
STU_015259,87.63435389317357
STU_015260,92.54121421134269
STU_015261,80.49593371768552
STU_015262,85.60066449142461
STU_015263,88.83228592436576
STU_015264,86.05101246641243
STU_015265,94.98719149501056
STU_015266,68.41174009233276
STU_015267,75.99847410805705
STU_015268,58.45954153420497
STU_015269,63.39204040849205
STU_015270,74.78015614550132
STU_015271,81.0733554856873
STU_015272,67.39276181394462
STU_015273,86.05121563846382
STU_015274,77.42015071574683
STU_015275,44.838796035603444
STU_015276,55.156855231249544
STU_015277,75.16580541275775
STU_015278,99.1339478228569
STU_015279,49.310713469782456
STU_015280,86.90708450732515
STU_015281,99.20976082922132
STU_015282,86.32744173187803
STU_015283,81.1646819113123
STU_015284,79.61283065009167
STU_015285,43.43163032715973
STU_015286,87.08787470196259
STU_015287,77.20820293222408
STU_015288,81.30767614520654
STU_015289,55.67899755690793
STU_015290,80.26895541003465
STU_015291,78.14252155895569
STU_015292,69.99079500124748
STU_015293,61.60843836925065
STU_015294,81.38189618560975
STU_015295,75.73287685211798
STU_015296,70.47872623434301
STU_015297,85.55838207357411
STU_015298,93.19176602709938
STU_015299,69.38311364464462
STU_015300,87.77300515910255
STU_015301,78.57590976846795
STU_015302,83.41628200923041
STU_015303,67.24845543763337
STU_015304,57.60466612499032
STU_015305,66.3083644281106
STU_015306,82.48080263678351
STU_015307,97.50616431084829
STU_015308,62.07333457859035
STU_015309,73.22366234998971
STU_015310,80.31385991283355
STU_015311,67.63331543297423
STU_015312,80.04463452946196
STU_015313,61.855056717809234
STU_015314,87.53076607049914
STU_015315,75.61481900533111
STU_015316,92.05725133142272
STU_015317,74.57574243254926
STU_015318,84.38668827721483
STU_015319,73.4447194675582
STU_015320,76.13158126535306
STU_015321,60.306850015449854
STU_015322,94.36114936951697
STU_015323,79.92005584359964
STU_015324,76.37096664649434
STU_015325,81.80417760829295
STU_015326,55.085900823099
STU_015327,75.62247403829248
STU_015328,72.10650404449923
STU_015329,68.72372842627337
STU_015330,75.51953297502473
STU_015331,62.779525588635465
STU_015332,98.19526455376001
STU_015333,70.2807307973035
STU_015334,79.122168558873
STU_015335,94.20905740283627
STU_015336,89.53585471475034
STU_015337,69.71799918939769
STU_015338,68.61740185604357
STU_015339,62.313894115018485
STU_015340,92.61151168076697
STU_015341,80.22965557754058
STU_015342,99.04712377760464
STU_015343,84.95536223674557
STU_015344,99.23817461507282
STU_015345,98.2754026082584
STU_015346,81.05018217216401
STU_015347,90.35546821780778
STU_015348,76.47375232310353
STU_015349,81.33362490177744
STU_015350,88.69822859189281
STU_015351,100.0
STU_015352,85.2027116539807
STU_015353,79.01247086570262
STU_015354,62.382924791488875
STU_015355,59.7412413263968
STU_015356,70.75705766270792
STU_015357,73.59957783135779
STU_015358,79.7136581379923
STU_015359,85.80158389196117
STU_015360,86.04840489462762
STU_015361,83.86694954752232
STU_015362,75.81493063848856
STU_015363,81.63515761999228
STU_015364,87.29913806564407
STU_015365,78.81026505277111
STU_015366,94.90236128409201
STU_015367,85.4728220055857
STU_015368,77.125961134452
STU_015369,96.12899843441207
STU_015370,92.33311440334631
STU_015371,58.04965500129514
STU_015372,63.32095403921761
STU_015373,83.61497904540853
STU_015374,87.78638517471622
STU_015375,71.4757514364308
STU_015376,74.54964832333823
STU_015377,89.2436769384338
STU_015378,73.02888339557116
STU_015379,94.34998891259333
STU_015380,91.85242340852032
STU_015381,90.45078971838767
STU_015382,85.20638771515769
STU_015383,61.81562349048535
STU_015384,78.02215984780108
STU_015385,63.71895245882568
STU_015386,77.0548885254061
STU_015387,64.31510624358354
STU_015388,77.03573720154083
STU_015389,97.61123115138733
STU_015390,48.889113310162244
STU_015391,83.18204825546734
STU_015392,89.99545523873881
STU_015393,91.45890818068122
STU_015394,75.86007142357283
STU_015395,84.41513017347265
STU_015396,74.4170559397605
STU_015397,97.31028906807347
STU_015398,70.75028856376852
STU_015399,95.02470508651973
STU_015400,91.44460288730528
STU_015401,89.01809717769618
STU_015402,76.05459398973056
STU_015403,58.60358221799749
STU_015404,82.22124305514441
STU_015405,83.75452207290502
STU_015406,83.1047978361039
STU_015407,81.85869208234564
STU_015408,35.02543696777354
STU_015409,74.13953194830565
STU_015410,66.41268556334227
STU_015411,75.39770670208404
STU_015412,68.47355165782368
STU_015413,77.89759883959945
STU_015414,73.04096840061283
STU_015415,69.45847765036989
STU_015416,86.86853662832632
STU_015417,59.17344055946412
STU_015418,83.46987196761343
STU_015419,59.61186934672266
STU_015420,69.48970528038402
STU_015421,90.87659629300116
STU_015422,79.5055727343275
STU_015423,85.97021291783025
STU_015424,99.5370649689342
STU_015425,90.61251967413041
STU_015426,64.36402187913785
STU_015427,58.252193684932166
STU_015428,77.21003688522698
STU_015429,77.26815585570495
STU_015430,42.38264758670335
STU_015431,64.36751004793868
STU_015432,81.57480511324198
STU_015433,71.0928057305796
STU_015434,66.7159680876969
STU_015435,65.67533958245527
STU_015436,79.41904254860823
STU_015437,75.15726029384025
STU_015438,88.81087790373124
STU_015439,75.25031548867305
STU_015440,80.48649101747505
STU_015441,68.68400500649842
STU_015442,86.45510448850932
STU_015443,63.453384348706265
STU_015444,73.64722433295452
STU_015445,67.55342014572352
STU_015446,69.73768674659041
STU_015447,51.81828151651476
STU_015448,48.702440590083256
STU_015449,73.21396070942201
STU_015450,84.5845461260781
STU_015451,77.1088442467413
STU_015452,83.9984241424446
STU_015453,93.69566067154219
STU_015454,83.15620486950058
STU_015455,56.39493606618506
STU_015456,77.72207534525697
STU_015457,69.24009740958932
STU_015458,67.96234777668407
STU_015459,50.9478536593919
STU_015460,100.0
STU_015461,96.94201810254006
STU_015462,74.60022958770192
STU_015463,82.78423255072225
STU_015464,60.09429872246771
STU_015465,51.6661724626389
STU_015466,90.99177966309622
STU_015467,90.28355861612485
STU_015468,57.818381132810316
STU_015469,63.977291405277995
STU_015470,90.93683426477475
STU_015471,73.50986707506088
STU_015472,90.00685813904275
STU_015473,91.22955446648673
STU_015474,97.94999061263914
STU_015475,78.02432453948934
STU_015476,78.43057465376597
STU_015477,58.85578672788678
STU_015478,52.56111390783962
STU_015479,93.33827625038346
STU_015480,64.91818133435775
STU_015481,84.0941552924796
STU_015482,57.32628955626055
STU_015483,91.3616551030668
STU_015484,71.22515717425391
STU_015485,73.52996724805718
STU_015486,78.33648858286513
STU_015487,67.44679820552314
STU_015488,78.03792941192145
STU_015489,83.92742072268312
STU_015490,90.03454173228377
STU_015491,77.81654877568076
STU_015492,59.828598315744024
STU_015493,64.05100589152038
STU_015494,65.36119257171558
STU_015495,87.19825921345569
STU_015496,66.72132072610472
STU_015497,55.13873410969168
STU_015498,68.36801556049771
STU_015499,41.35722649354665
STU_015500,70.01713165349076
STU_015501,88.54858631512388
STU_015502,55.14146138777062
STU_015503,84.84473604294645
STU_015504,82.9700938227442
STU_015505,74.00034020022069
STU_015506,77.35346651569171
STU_015507,100.0
STU_015508,99.1791004429691
STU_015509,86.91370893356668
STU_015510,85.3792700131522
STU_015511,91.30928450031146
STU_015512,78.32330279861267
STU_015513,80.37773337585769
STU_015514,82.97868098094116
STU_015515,78.42918300354697
STU_015516,74.88809803078969
STU_015517,95.93692642879014
STU_015518,75.26873852120615
STU_015519,52.51766633209853
STU_015520,78.85459507691812
STU_015521,85.0419353893608
STU_015522,68.91564445537757
STU_015523,66.3369988210672
STU_015524,37.34781808092189
STU_015525,76.9852092000782
STU_015526,76.18660994653285
STU_015527,71.6470451174514
STU_015528,71.73464904648304
STU_015529,84.90815029456562
STU_015530,90.08376486852339
STU_015531,87.95087086744579
STU_015532,77.80877190005165
STU_015533,58.584268654447335
STU_015534,89.64870248793628
STU_015535,80.31239530470253
STU_015536,82.65701190067351
STU_015537,72.63685240066245
STU_015538,91.64343924248826
STU_015539,65.51205477652195
STU_015540,68.85481325325291
STU_015541,72.04573848315424
STU_015542,91.7817828046109
STU_015543,79.55586922668834
STU_015544,95.6298268719668
STU_015545,75.70010962589004
STU_015546,75.74133018525586
STU_015547,58.30374464645881
STU_015548,62.78493748138109
STU_015549,92.58636504500274
STU_015550,91.77289117392537
STU_015551,79.19629863833788
STU_015552,70.45870455981469
STU_015553,40.92328887422642
STU_015554,78.83110433556638
STU_015555,73.32650029787908
STU_015556,89.65534815605437
STU_015557,78.51796997601463
STU_015558,88.53787380304217
STU_015559,86.6995897160665
STU_015560,79.57380864878088
STU_015561,88.13654660363336
STU_015562,83.15529919443624
STU_015563,67.42288834529943
STU_015564,74.31658554400616
STU_015565,67.68859981164418
STU_015566,70.95292475674898
STU_015567,77.34329086049709
STU_015568,69.59449229123184
STU_015569,71.51481237018798
STU_015570,94.52641253830578
STU_015571,65.82322053351164
STU_015572,76.57292074095778
STU_015573,80.86614554804952
STU_015574,60.62726798453686
STU_015575,59.53043768884095
STU_015576,73.23478431290903
STU_015577,70.21124339930962
STU_015578,78.42497881227628
STU_015579,75.23921869849681
STU_015580,72.55438627146941
STU_015581,78.53249609899672
STU_015582,80.66232808924285
STU_015583,92.4678060953157
STU_015584,81.46920455482052
STU_015585,88.94781589964279
STU_015586,89.74518442878454
STU_015587,55.6767857095321
STU_015588,74.66509960630324
STU_015589,81.5203563445707
STU_015590,63.37649465639954
STU_015591,62.761653370185755
STU_015592,87.5725298231407
STU_015593,65.9169326311577
STU_015594,94.27759737582576
STU_015595,93.44682339732628
STU_015596,80.02006510561161
STU_015597,90.27040440053008
STU_015598,77.05234355628495
STU_015599,52.43677274266802
STU_015600,65.1569044447563
STU_015601,53.87928083066453
STU_015602,63.57581862764711
STU_015603,78.85072888790866
STU_015604,81.99270418170317
STU_015605,62.44715559930616
STU_015606,78.13315315566632
STU_015607,67.21602303181777
STU_015608,68.03884551191547
STU_015609,72.96409238128955
STU_015610,70.61328006250895
STU_015611,85.15303890624553
STU_015612,86.24519669134943
STU_015613,94.40603837690391
STU_015614,63.628405395971065
STU_015615,69.33793007434929
STU_015616,80.81865195004897
STU_015617,66.56318627406523
STU_015618,86.2465334245255
STU_015619,62.38814956096763
STU_015620,75.01861108909553
STU_015621,69.53426834236089
STU_015622,74.56879625920594
STU_015623,88.48524200698719
STU_015624,78.40831429233299
STU_015625,82.97868610893832
STU_015626,60.92919653453498
STU_015627,100.0
STU_015628,78.02688173483362
STU_015629,74.01030714841293
STU_015630,69.69734667457875
STU_015631,68.0029647192473
STU_015632,88.18569230376923
STU_015633,84.52366992231187
STU_015634,70.19638304090756
STU_015635,96.03355726359526
STU_015636,71.29194195303306
STU_015637,52.9389623156344
STU_015638,71.90520718307924
STU_015639,94.74919985073103
STU_015640,68.25657657563391
STU_015641,61.228944997607655
STU_015642,98.21016900611008
STU_015643,82.5251355743096
STU_015644,93.33727733266919
STU_015645,59.84161140872753
STU_015646,97.71509268727524
STU_015647,71.44191902109593
STU_015648,64.71598522317466
STU_015649,80.43569116995744
STU_015650,70.98902450109854
STU_015651,53.6458001706978
STU_015652,91.30601073440755
STU_015653,74.21185775658944
STU_015654,69.66065746455551
STU_015655,99.89474561789129
STU_015656,68.55461303015846
STU_015657,75.57155593810155
STU_015658,69.98293752161743
STU_015659,71.80426162438214
STU_015660,85.97252157904973
STU_015661,34.74887944235507
STU_015662,66.95728800428331
STU_015663,86.32506940992693
STU_015664,58.58365983489965
STU_015665,81.54053649099335
STU_015666,79.73083038304883
STU_015667,95.10775770997326
STU_015668,83.46330964671479
STU_015669,78.92387253218384
STU_015670,63.050377428305296
STU_015671,88.05167748463356
STU_015672,89.78081189571847
STU_015673,82.68147670825145
STU_015674,80.67280998544172
STU_015675,85.68676977728998
STU_015676,50.825007091093084
STU_015677,81.56434286130312
STU_015678,97.96419164110961
STU_015679,74.37498329925842
STU_015680,75.93695457682657
STU_015681,79.57465073196222
STU_015682,84.34643132945075
STU_015683,68.28615590189361
STU_015684,60.49682986237177
STU_015685,82.3806229059635
STU_015686,69.40989279128358
STU_015687,80.68131938969016
STU_015688,79.99490957706715
STU_015689,61.10653442734227
STU_015690,57.531756959961925
STU_015691,95.55626998399612
STU_015692,88.65415815743305
STU_015693,77.18422767506132
STU_015694,95.95335157100426
STU_015695,94.40683469877348
STU_015696,50.4725073395434
STU_015697,63.822298807830336
STU_015698,81.46387388767303
STU_015699,94.19728894175321
STU_015700,85.01816458657777
STU_015701,68.96204793285551
STU_015702,85.23981675155919
STU_015703,87.44076070460139
STU_015704,75.74683006052689
STU_015705,79.42089528457278
STU_015706,65.98380276343536
STU_015707,74.08053403494431
STU_015708,51.926722776115945
STU_015709,63.88705269583322
STU_015710,68.44931127397211
STU_015711,75.72808380180832
STU_015712,92.13627861431169
STU_015713,83.09031967604543
STU_015714,71.4346212760947
STU_015715,88.45625032601063
STU_015716,61.63796770164496
STU_015717,61.96316292998303
STU_015718,70.52815858311901
STU_015719,58.87284759261332
STU_015720,59.27869063740948
STU_015721,65.28427050111527
STU_015722,68.1473923212953
STU_015723,74.12951655723316
STU_015724,96.93801731152047
STU_015725,91.02720968861618
STU_015726,78.5094432101867
STU_015727,67.46921292672637
STU_015728,81.3762230511124
STU_015729,93.35083405936425
STU_015730,69.85459468783368
STU_015731,77.59230223830087
STU_015732,60.3887478068494
STU_015733,63.94209401676508
STU_015734,67.70958569335046
STU_015735,55.598394853881985
STU_015736,91.95325016788318
STU_015737,76.80833593608264
STU_015738,64.07073359462213
STU_015739,76.54270484985608
STU_015740,94.0792762979535
STU_015741,64.39164359643839
STU_015742,71.64068290805122
STU_015743,89.4885397631723
STU_015744,65.33808147676889
STU_015745,79.70699541209572
STU_015746,71.30003586038706
STU_015747,93.37720169332454
STU_015748,53.20450566788943
STU_015749,87.86892293917833
STU_015750,60.17284785602108
STU_015751,83.30667269440976
STU_015752,73.31077453576874
STU_015753,78.49078906795222
STU_015754,79.69622244008514
STU_015755,91.18524098081699
STU_015756,81.11247840743538
STU_015757,85.80516265674694
STU_015758,99.66550339576216
STU_015759,82.18167079607531
STU_015760,64.1771038357049
STU_015761,86.98978253665983
STU_015762,66.48765953212495
STU_015763,67.83920686020862
STU_015764,77.08594357747694
STU_015765,80.31884634666224
STU_015766,78.22966799801102
STU_015767,82.76821186163605
STU_015768,73.16588081717656
STU_015769,78.49500524309065
STU_015770,66.85522911516146
STU_015771,92.11365111617134
STU_015772,61.222870654263545
STU_015773,56.55460002730614
STU_015774,96.37117220960488
STU_015775,73.76342182113528
STU_015776,63.63143195666338
STU_015777,70.03987046629103
STU_015778,64.39124853434953
STU_015779,54.665189176485526
STU_015780,83.3297091870775
STU_015781,75.6521513103919
STU_015782,85.90778473328926
STU_015783,69.16777461098619
STU_015784,76.79860742666754
STU_015785,71.64207660410499
STU_015786,76.20008311413831
STU_015787,77.50301997650581
STU_015788,79.85112448618055
STU_015789,55.68008377193824
STU_015790,66.91315687033469
STU_015791,73.50272353142792
STU_015792,80.02481868488161
STU_015793,87.4173615033219
STU_015794,90.6917728606003
STU_015795,66.29415175810755
STU_015796,89.0454499671934
STU_015797,85.51503174341573
STU_015798,89.13672761318861
STU_015799,88.8836142864653
STU_015800,66.34441849507036
STU_015801,73.46621457909737
STU_015802,56.61239808705865
STU_015803,72.31899938283037
STU_015804,77.2081693319826
STU_015805,51.285746660309826
STU_015806,93.2566015322248
STU_015807,75.57429751153643
STU_015808,69.06779671205818
STU_015809,50.19099249344862
STU_015810,87.45985235380712
STU_015811,97.65754827380212
STU_015812,88.66768098852027
STU_015813,94.54541967607777
STU_015814,70.38563610360741
STU_015815,62.7611179099158
STU_015816,89.98674001321639
STU_015817,71.8140538350363
STU_015818,73.48079722332284
STU_015819,59.79340842476369
STU_015820,70.6360030418187
STU_015821,76.29280131422539
STU_015822,62.9007371256152
STU_015823,74.97212539239177
STU_015824,85.2041336097335
STU_015825,53.92045257441194
STU_015826,55.703174790513565
STU_015827,67.52159552015185
STU_015828,74.33551769501251
STU_015829,88.21971943849712
STU_015830,90.10468229468933
STU_015831,74.25740223690897
STU_015832,88.96222967566258
STU_015833,93.25649214694221
STU_015834,45.78596927367144
STU_015835,82.40546816105567
STU_015836,79.01061579015303
STU_015837,71.58831497205438
STU_015838,71.27560832066278
STU_015839,89.27756356655487
STU_015840,64.37426381250528
STU_015841,60.2029306484374
STU_015842,84.68825727145227
STU_015843,85.45662344142526
STU_015844,90.42212875342273
STU_015845,67.5763099499843
STU_015846,61.25944536075703
STU_015847,73.97692674726552
STU_015848,86.33392301098938
STU_015849,94.67046413066413
STU_015850,59.56070176366294
STU_015851,73.39877002354022
STU_015852,61.80932596100581
STU_015853,76.20821627981417
STU_015854,92.40970342479103
STU_015855,89.9210802881599
STU_015856,74.16054099653863
STU_015857,86.04074891410576
STU_015858,63.16542646211815
STU_015859,72.60116898081537
STU_015860,66.48058854072096
STU_015861,74.86705888470459
STU_015862,67.67190065698948
STU_015863,93.92856625085412
STU_015864,56.24590938770007
STU_015865,61.7747114917168
STU_015866,73.99938389206687
STU_015867,40.14921988176417
STU_015868,71.81988615252925
STU_015869,83.27641677756151
STU_015870,73.86794210142388
STU_015871,73.96391214592386
STU_015872,47.373564999218125
STU_015873,96.94587025792737
STU_015874,77.8866026725449
STU_015875,85.56547780558662
STU_015876,68.41062659033751
STU_015877,94.72325140029038
STU_015878,84.30290634070668
STU_015879,94.92537696965857
STU_015880,80.50323961963672
STU_015881,94.29956511960506
STU_015882,65.59832846386703
STU_015883,80.1821625564434
STU_015884,90.82833311134401
STU_015885,61.38836058233038
STU_015886,94.26822841857387
STU_015887,97.41020087911123
STU_015888,62.38328078060226
STU_015889,89.0235609492251
STU_015890,94.45300676445204
STU_015891,85.17844956810468
STU_015892,58.356438973633836
STU_015893,55.92850742488967
STU_015894,52.27080496462706
STU_015895,60.12749425151047
STU_015896,74.50843297070936
STU_015897,90.45293489410635
STU_015898,73.99571715621362
STU_015899,90.50874623653955
STU_015900,72.93710884467056
STU_015901,72.50103607471905
STU_015902,72.79537160835912
STU_015903,84.61875930111927
STU_015904,76.49357821008242
STU_015905,91.33370051395428
STU_015906,69.56311597441466
STU_015907,100.0
STU_015908,63.08033336912548
STU_015909,74.84294888152195
STU_015910,80.94929663055987
STU_015911,59.80805967255282
STU_015912,72.02695144342174
STU_015913,68.28334077613277
STU_015914,64.34209033978621
STU_015915,86.25144893743122
STU_015916,62.870225086147315
STU_015917,50.846909562795275
STU_015918,79.42813817219239
STU_015919,87.7698061142166
STU_015920,79.0945680998223
STU_015921,90.43037482691079
STU_015922,59.49930434988619
STU_015923,89.86503295616035
STU_015924,78.20578949963246
STU_015925,69.68369844930096
STU_015926,80.10766130040119
STU_015927,69.44213091974733
STU_015928,78.43990072696673
STU_015929,87.54919838176059
STU_015930,61.12431115919128
STU_015931,57.55155087370156
STU_015932,78.84060091007747
STU_015933,76.98113945091067
STU_015934,74.25878252246392
STU_015935,99.22551303382457
STU_015936,100.0
STU_015937,80.96155704854579
STU_015938,86.87877945638363
STU_015939,68.31254044624501
STU_015940,91.88567930629785
STU_015941,69.77468816617787
STU_015942,90.65155677369101
STU_015943,84.01445350189911
STU_015944,99.06912462146377
STU_015945,69.26516105767125
STU_015946,73.33785214375817
STU_015947,69.02501311721531
STU_015948,66.67617725238051
STU_015949,63.68296299095057
STU_015950,96.39145786392297
STU_015951,74.08147297236512
STU_015952,74.03127418707905
STU_015953,62.86472622128079
STU_015954,83.4357172275678
STU_015955,77.15074741790507
STU_015956,77.8974914628391
STU_015957,54.56024673792087
STU_015958,65.50932074293017
STU_015959,86.98638621525697
STU_015960,69.47140685091895
STU_015961,86.80586814581963
STU_015962,83.97602100953429
STU_015963,79.96163862821793
STU_015964,67.60115735969961
STU_015965,83.93566394753536
STU_015966,51.36112990911258
STU_015967,81.87949871848681
STU_015968,83.39618750119521
STU_015969,65.09664685701856
STU_015970,73.35301386297004
STU_015971,69.23180973384048
STU_015972,83.92654287927095
STU_015973,66.96529365996189
STU_015974,91.2337577345651
STU_015975,49.886641168878924
STU_015976,49.68476619470647
STU_015977,63.02168620541403
STU_015978,74.12471129478034
STU_015979,82.77722841011278
STU_015980,90.22672319146109
STU_015981,90.55578766531396
STU_015982,93.7281357986275
STU_015983,83.78290360956342
STU_015984,86.84969462720346
STU_015985,74.48339642351095
STU_015986,44.4132250445814
STU_015987,70.08275977217163
STU_015988,57.45009648481473
STU_015989,72.96841269629509
STU_015990,58.50431664588399
STU_015991,79.60199458911582
STU_015992,44.876271706204506
STU_015993,74.8368946297922
STU_015994,71.89220227536143
STU_015995,97.59487504327731
STU_015996,79.72728210781911
STU_015997,64.21217265076474
STU_015998,80.62129470501273
STU_015999,87.5800213350581
STU_016000,83.5455853431351
STU_016001,87.49819280947291
STU_016002,89.66734213207889
STU_016003,95.44938776742393
STU_016004,87.14792511876884
STU_016005,49.82268110875412
STU_016006,69.34992020992392
STU_016007,78.22515417890371
STU_016008,91.0828104978099
STU_016009,54.18423454266886
STU_016010,71.06115221820262
STU_016011,88.38771937244351
STU_016012,71.50389760391589
STU_016013,66.12507429025668
STU_016014,94.34172947307474
STU_016015,48.04044097715334
STU_016016,97.12113652652958
STU_016017,78.55851248796905
STU_016018,80.99225776379966
STU_016019,73.76059864989408
STU_016020,90.48721413218482
STU_016021,100.0
STU_016022,67.97711391460413
STU_016023,100.0
STU_016024,75.92999381151647
STU_016025,92.17195185591007
STU_016026,58.84676110919868
STU_016027,62.638289277558926
STU_016028,73.78188632345176
STU_016029,76.26157711478508
STU_016030,94.50470566823404
STU_016031,91.10198562084493
STU_016032,91.4053654886781
STU_016033,88.39711700517014
STU_016034,83.40947229812352
STU_016035,68.83230483444561
STU_016036,100.0
STU_016037,78.77011698700768
STU_016038,72.54330397141433
STU_016039,73.44872064906569
STU_016040,90.31483384494764
STU_016041,91.01351956691688
STU_016042,79.61288121016969
STU_016043,85.0355167009368
STU_016044,86.18246201304204
STU_016045,85.56314875542056
STU_016046,64.61768942399051
STU_016047,87.66295718962145
STU_016048,66.80466745975895
STU_016049,75.32470430544238
STU_016050,72.87135197672123
STU_016051,79.33661711040072
STU_016052,89.94308110976118
STU_016053,80.30724041476967
STU_016054,66.82747360511708
STU_016055,80.74093984967044
STU_016056,73.76868224233844
STU_016057,74.22070954305353
STU_016058,78.79795338226687
STU_016059,75.632348665747
STU_016060,80.14837320588221
STU_016061,53.48216756302433
STU_016062,69.45655278480882
STU_016063,80.53534198730446
STU_016064,65.60054831245907
STU_016065,75.43816813477885
STU_016066,85.3442800191078
STU_016067,63.17457656697489
STU_016068,95.4785270263022
STU_016069,79.29952140488716
STU_016070,78.15653550956084
STU_016071,70.29957772642032
STU_016072,86.38066701905558
STU_016073,76.62786316286473
STU_016074,86.96563990677342
STU_016075,95.65455124165342
STU_016076,64.07838110663145
STU_016077,66.84132621441871
STU_016078,81.83340501281846
STU_016079,85.70251273093388
STU_016080,67.46350957115567
STU_016081,65.25932897331695
STU_016082,84.93638231894522
STU_016083,96.64338336654973
STU_016084,76.34200332820835
STU_016085,50.404806214238505
STU_016086,94.5844692864274
STU_016087,75.06855704697226
STU_016088,74.82551638527482
STU_016089,85.24602245753704
STU_016090,86.28754424180775
STU_016091,61.11683327094909
STU_016092,68.85309937693772
STU_016093,75.32396175863845
STU_016094,73.92710422208144
STU_016095,77.26321174750622
STU_016096,85.95768664255496
STU_016097,71.99064196380783
STU_016098,63.651642602838706
STU_016099,76.58058828185052
STU_016100,77.06564936205129
STU_016101,61.19716973844744
STU_016102,78.30967439902395
STU_016103,53.18781277099475
STU_016104,80.2578107351873
STU_016105,64.83589180581674
STU_016106,66.1270742402218
STU_016107,76.03164407143383
STU_016108,69.45639923446942
STU_016109,66.62303821909383
STU_016110,65.30567281040496
STU_016111,83.60914902227127
STU_016112,78.40362021488062
STU_016113,60.26114434163638
STU_016114,74.7964019240819
STU_016115,89.23390823489557
STU_016116,94.34123442410262
STU_016117,81.4057081297568
STU_016118,71.55248253858956
STU_016119,85.83531796573736
STU_016120,82.0785536517455
STU_016121,69.36967499944336
STU_016122,72.87500292302869
STU_016123,87.05778660441736
STU_016124,93.50049246366571
STU_016125,90.90002824735558
STU_016126,78.43204053227664
STU_016127,80.7547218918561
STU_016128,93.56624394842264
STU_016129,68.27441642360834
STU_016130,98.96036420899324
STU_016131,88.6548325643142
STU_016132,72.30156465942379
STU_016133,79.05885214978909
STU_016134,73.97259274220238
STU_016135,62.20387343301013
STU_016136,90.4677898198095
STU_016137,81.98808275096133
STU_016138,75.58065766926346
STU_016139,96.30039130497917
STU_016140,84.73303282436166
STU_016141,87.20594048625524
STU_016142,79.70665767991085
STU_016143,59.07014718707565
STU_016144,77.03055035953466
STU_016145,78.45725681652786
STU_016146,81.69616890793688
STU_016147,84.25135408652102
STU_016148,64.30748879422457
STU_016149,56.037734051445405
STU_016150,91.10186470567916
STU_016151,60.51531821084303
STU_016152,82.28404653213579
STU_016153,69.2145306741142
STU_016154,79.85495508482062
STU_016155,84.89999614118676
STU_016156,63.397994737897065
STU_016157,77.7888402346031
STU_016158,95.38306985946802
STU_016159,61.2348337146452
STU_016160,75.17924175440137
STU_016161,74.20836836660332
STU_016162,94.18304453256535
STU_016163,75.30847173694684
STU_016164,58.957797216596354
STU_016165,96.96468873865109
STU_016166,63.07780471378302
STU_016167,73.04466231295471
STU_016168,84.79610403976409
STU_016169,91.00482272262013
STU_016170,86.72424555046997
STU_016171,77.04989527577204
STU_016172,59.330805203075656
STU_016173,69.53136054432713
STU_016174,62.80518779012104
STU_016175,88.01571736747276
STU_016176,76.49318776100087
STU_016177,85.02320968666618
STU_016178,82.5491657812308
STU_016179,79.68583032488928
STU_016180,60.51000232047788
STU_016181,89.46006981987475
STU_016182,54.771207975991075
STU_016183,80.55922227753027
STU_016184,73.40757863502519
STU_016185,100.0
STU_016186,52.252416655858504
STU_016187,92.14435083904331
STU_016188,77.03677034658155
STU_016189,81.12109074665969
STU_016190,83.07673258026034
STU_016191,51.892852059020996
STU_016192,60.980373745246794
STU_016193,78.5062611958609
STU_016194,87.1329652316571
STU_016195,85.17368135362992
STU_016196,60.73822943615994
STU_016197,93.22517265085918
STU_016198,74.8590451290912
STU_016199,77.47506016829382
STU_016200,67.57283449764071
STU_016201,65.05194767923727
STU_016202,64.06687836656775
STU_016203,70.96615924753232
STU_016204,63.657295358713334
STU_016205,55.727454160649685
STU_016206,69.55112139539331
STU_016207,50.7468159345423
STU_016208,73.83253934918679
STU_016209,69.39184504077885
STU_016210,63.99094524891416
STU_016211,70.02788729913219
STU_016212,69.40862815732943
STU_016213,90.53613102867331
STU_016214,59.93653937834084
STU_016215,74.67394511468096
STU_016216,60.042757134971694
STU_016217,73.04743936725818
STU_016218,97.89363186718963
STU_016219,86.28915829912478
STU_016220,87.78417142096859
STU_016221,67.06780528516093
STU_016222,66.66955090186364
STU_016223,65.29914231337344
STU_016224,96.41626663668464
STU_016225,81.91601843690198
STU_016226,80.66260842960364
STU_016227,78.52087408715981
STU_016228,71.48654303955178
STU_016229,65.79017289681632
STU_016230,65.58097483435883
STU_016231,90.24529892039016
STU_016232,96.56959139937271
STU_016233,55.24582102230183
STU_016234,83.61141858871449
STU_016235,60.707126443918966
STU_016236,74.10858740033619
STU_016237,70.62523724655104
STU_016238,87.14522788874069
STU_016239,63.4546999918025
STU_016240,91.73155590493059
STU_016241,88.74787652264394
STU_016242,74.29744261435707
STU_016243,78.96305258637267
STU_016244,79.026831953082
STU_016245,74.87789461963887
STU_016246,71.45255506838753
STU_016247,72.6810624915859
STU_016248,74.22513910994053
STU_016249,69.33489651072044
STU_016250,91.54555561083998
STU_016251,53.16260519677729
STU_016252,84.78357161771126
STU_016253,84.48087841499064
STU_016254,83.70986656108977
STU_016255,75.2558320715789
STU_016256,46.44838274995745
STU_016257,82.97536114355702
STU_016258,85.13205072365727
STU_016259,77.12457923194738
STU_016260,74.57248828396806
STU_016261,91.89741646904261
STU_016262,78.05839499366017
STU_016263,56.37542693709295
STU_016264,52.82102633378824
STU_016265,93.77535285044667
STU_016266,84.70963209702556
STU_016267,75.22852501154063
STU_016268,82.20746507581528
STU_016269,95.12111807567416
STU_016270,71.94498011992059
STU_016271,72.38334993137549
STU_016272,84.20727294070399
STU_016273,75.06778858555344
STU_016274,57.4438127284664
STU_016275,76.88588509534252
STU_016276,59.22623737410803
STU_016277,87.10504905463769
STU_016278,80.75836511974701
STU_016279,80.78795390328386
STU_016280,80.7430763769332
STU_016281,80.32095854645262
STU_016282,72.58284788173529
STU_016283,66.60918615613039
STU_016284,87.34665498455131
STU_016285,63.11835267529676
STU_016286,57.77910715562754
STU_016287,79.61263187552545
STU_016288,89.68220420251451
STU_016289,80.60200127282059
STU_016290,63.00435993521886
STU_016291,77.59214464003448
STU_016292,75.27766266192629
STU_016293,80.4285080811744
STU_016294,70.92682650309231
STU_016295,86.92399837967295
STU_016296,73.5528987828277
STU_016297,82.98158644161857
STU_016298,51.707284539078834
STU_016299,66.82513997299424
STU_016300,66.84658728190895
STU_016301,57.79417217241294
STU_016302,70.13847229206452
STU_016303,75.195123433392
STU_016304,79.88983480728896
STU_016305,89.42513718229964
STU_016306,81.81255131318153
STU_016307,70.80616538796879
STU_016308,65.31679940974374
STU_016309,89.9418988566689
STU_016310,79.690794887109
STU_016311,61.49684804925731
STU_016312,62.711415034519675
STU_016313,97.84399439904536
STU_016314,87.06801528465013
STU_016315,62.90887619886365
STU_016316,92.95768506469977
STU_016317,83.36052257934163
STU_016318,72.24882248712294
STU_016319,68.42861657523207
STU_016320,57.42728988760071
STU_016321,65.50708783072122
STU_016322,93.13760037751086
STU_016323,70.95725736044054
STU_016324,52.87360069280602
STU_016325,76.91915972645813
STU_016326,73.48774740115046
STU_016327,84.8153606563691
STU_016328,73.22308975974838
STU_016329,69.25471187241439
STU_016330,69.83481508643328
STU_016331,78.9874802503007
STU_016332,84.29282336893675
STU_016333,88.37975349498952
STU_016334,61.53813366051191
STU_016335,75.79991774292326
STU_016336,62.64824108589144
STU_016337,64.84887351670109
STU_016338,74.75107884797934
STU_016339,81.39083944944849
STU_016340,87.59012885738251
STU_016341,78.2023189521533
STU_016342,75.24652211160863
STU_016343,74.05731793524136
STU_016344,86.86165630287432
STU_016345,86.34715913100842
STU_016346,76.89277640889662
STU_016347,52.357373930686265
STU_016348,69.50372556090825
STU_016349,85.49765198826765
STU_016350,63.73972380580456
STU_016351,72.84139976721545
STU_016352,75.6683410514837
STU_016353,73.85004470906586
STU_016354,48.967340026809126
STU_016355,75.58629137270542
STU_016356,73.35161373667756
STU_016357,66.73104621989853
STU_016358,77.9397369475447
STU_016359,86.72313125985224
STU_016360,77.97252461745042
STU_016361,75.83527047738272
STU_016362,76.14906398225045
STU_016363,69.08467766315536
STU_016364,69.88257883610598
STU_016365,79.3845677437388
STU_016366,70.4165906186862
STU_016367,77.25300850991746
STU_016368,56.24577288287014
STU_016369,67.5235185061746
STU_016370,42.04740478404774
STU_016371,63.18821878318557
STU_016372,88.91556515855538
STU_016373,84.08475970665043
STU_016374,70.8090675185748
STU_016375,77.69305648907552
STU_016376,86.11849616367968
STU_016377,58.812773436475766
STU_016378,84.64183395232553
STU_016379,65.9592807625039
STU_016380,88.78925991296143
STU_016381,64.46986231260641
STU_016382,76.85580748535546
STU_016383,58.31137658047203
STU_016384,89.96990475385674
STU_016385,91.18472521679962
STU_016386,73.80968260123807
STU_016387,69.46826899661248
STU_016388,62.446327638288054
STU_016389,76.1785078272604
STU_016390,79.50342184558497
STU_016391,99.91745043737961
STU_016392,85.26730606532578
STU_016393,76.21982861794137
STU_016394,96.47331072532035
STU_016395,60.94347288366785
STU_016396,88.35792874497221
STU_016397,68.1767951729415
STU_016398,64.73985474132704
STU_016399,68.74409968777866
STU_016400,86.44006183180342
STU_016401,74.70824975663645
STU_016402,94.21572502137458
STU_016403,64.27034362116358
STU_016404,70.09349718218215
STU_016405,68.78916914013999
STU_016406,68.25685784823257
STU_016407,91.76183341668226
STU_016408,87.33492003760554
STU_016409,54.3669452743785
STU_016410,61.01024358519978
STU_016411,56.36667426138743
STU_016412,51.24181030091293
STU_016413,74.24902992204134
STU_016414,86.00357720961777
STU_016415,85.02042945145604
STU_016416,79.90861693708096
STU_016417,77.3897542800118
STU_016418,100.0
STU_016419,76.14497213961418
STU_016420,65.58344107596356
STU_016421,62.284689946970445
STU_016422,60.12526407152245
STU_016423,96.7314575761451
STU_016424,70.93447459827505
STU_016425,78.98137082838248
STU_016426,75.14607212493031
STU_016427,79.08801009512132
STU_016428,96.41016523887238
STU_016429,76.32426564929604
STU_016430,86.13731734893989
STU_016431,93.28874790723314
STU_016432,52.21586618888279
STU_016433,63.68458946126958
STU_016434,60.14471699984769
STU_016435,80.57213922690642
STU_016436,95.25918254401687
STU_016437,77.73301127054177
STU_016438,79.64791483344118
STU_016439,74.87137103593331
STU_016440,65.18974557849118
STU_016441,90.86165562967875
STU_016442,92.04068612693462
STU_016443,74.1002986626
STU_016444,78.35038516335143
STU_016445,79.97254276951932
STU_016446,68.92889801263425
STU_016447,62.659339830415874
STU_016448,72.55648394622625
STU_016449,79.01330385706943
STU_016450,68.31658837960815
STU_016451,86.42013284625679
STU_016452,85.29425441704241
STU_016453,68.8037693107396
STU_016454,66.73969993978186
STU_016455,49.21968971341556
STU_016456,70.88193764319155
STU_016457,90.77670412558632
STU_016458,78.53529025954491
STU_016459,78.57812715333355
STU_016460,78.31446316364647
STU_016461,56.42172767173972
STU_016462,85.86495557259332
STU_016463,76.60912701948565
STU_016464,78.9956904939458
STU_016465,81.11748964623804
STU_016466,71.98513180691853
STU_016467,77.76430822730615
STU_016468,65.85306396261879
STU_016469,54.17876644732256
STU_016470,74.52063605154171
STU_016471,58.02017133420692
STU_016472,73.69375640358639
STU_016473,73.41721259420875
STU_016474,69.26649217985339
STU_016475,98.31982775527496
STU_016476,90.92258939998254
STU_016477,91.59469859888446
STU_016478,87.05759971340348
STU_016479,63.31265846523035
STU_016480,72.69796907114488
STU_016481,76.51343727192776
STU_016482,66.06926646001762
STU_016483,85.27250364384076
STU_016484,67.23570370779281
STU_016485,76.73567400210344
STU_016486,87.0342552996703
STU_016487,70.69365538501397
STU_016488,81.49479613646213
STU_016489,89.63630526076798
STU_016490,67.60611696399509
STU_016491,87.53997448729935
STU_016492,90.74230012034359
STU_016493,87.50468945121233
STU_016494,75.27200181216507
STU_016495,50.40164087342942
STU_016496,84.75942188015296
STU_016497,46.177663262838976
STU_016498,64.21428252052733
STU_016499,75.43285072980173
STU_016500,71.18607667329928
STU_016501,73.11798526848818
STU_016502,77.88596019879671
STU_016503,60.55844861743086
STU_016504,77.19545620357566
STU_016505,93.88360427223753
STU_016506,74.81109871685027
STU_016507,67.47110430044961
STU_016508,89.93325776144918
STU_016509,39.14723917137462
STU_016510,72.8312064186497
STU_016511,67.22456303915878
STU_016512,69.35052969199045
STU_016513,55.99491210113518
STU_016514,89.39062442443246
STU_016515,61.77741705830006
STU_016516,61.4966380888726
STU_016517,76.64962616568124
STU_016518,82.25381985116519
STU_016519,83.58959358256395
STU_016520,61.303116701252485
STU_016521,97.75746038244677
STU_016522,56.16034180889796
STU_016523,71.18476295539217
STU_016524,71.69692836262027
STU_016525,46.241963300295524
STU_016526,100.0
STU_016527,59.47435026703228
STU_016528,72.01229328810535
STU_016529,72.02222226058689
STU_016530,81.76115156709845
STU_016531,93.94097212710946
STU_016532,99.63694961119997
STU_016533,79.49784298451776
STU_016534,89.17972539511494
STU_016535,67.9682271894927
STU_016536,83.17306451916565
STU_016537,81.99756166833562
STU_016538,58.386143322601654
STU_016539,77.73868196683613
STU_016540,79.44567315072317
STU_016541,99.8290230010987
STU_016542,61.633924367255446
STU_016543,62.75525675635612
STU_016544,85.35962919394154
STU_016545,90.28098182210528
STU_016546,70.74762996002568
STU_016547,100.0
STU_016548,96.37842670669104
STU_016549,86.37367265942478
STU_016550,68.69265152901511
STU_016551,82.06368849557498
STU_016552,84.79880447265278
STU_016553,69.12766178014559
STU_016554,87.73133030067235
STU_016555,70.02100430211132
STU_016556,77.30068841643885
STU_016557,70.48424555803683
STU_016558,72.76092753123973
STU_016559,79.67173110840427
STU_016560,65.1664278906508
STU_016561,82.71103796416682
STU_016562,78.95808505569508
STU_016563,76.0978102109973
STU_016564,69.15745709523566
STU_016565,76.49206031497214
STU_016566,86.65887094879164
STU_016567,70.05612432168728
STU_016568,74.5750746338581
STU_016569,55.83196443883567
STU_016570,69.0131186951243
STU_016571,91.90579258938186
STU_016572,60.33905691677276
STU_016573,56.14945250462523
STU_016574,97.11305747491087
STU_016575,67.71302408342086
STU_016576,80.97766338141884
STU_016577,88.471771919069
STU_016578,86.35050015803
STU_016579,87.87334339781684
STU_016580,84.25270564456171
STU_016581,95.36933883041107
STU_016582,66.1117819814003
STU_016583,85.22485919152032
STU_016584,95.34794390068028
STU_016585,89.34085393424631
STU_016586,77.3347591307981
STU_016587,75.8858319626148
STU_016588,72.98552803194029
STU_016589,69.26357975017297
STU_016590,75.98595774493562
STU_016591,54.890975093113774
STU_016592,78.20104553007995
STU_016593,81.28006428649368
STU_016594,44.3016786839686
STU_016595,71.425576929323
STU_016596,86.87378279785312
STU_016597,56.84214461933228
STU_016598,82.94536205981387
STU_016599,47.66721992353299
STU_016600,51.17254801933147
STU_016601,75.6760867331838
STU_016602,58.766499482472376
STU_016603,52.19028916512883
STU_016604,80.49255688777819
STU_016605,93.16288390696005
STU_016606,70.81033085498989
STU_016607,41.842607476401724
STU_016608,85.14763938738358
STU_016609,76.29220260777994
STU_016610,82.45004480351452
STU_016611,61.66722638900599
STU_016612,94.9021059410839
STU_016613,79.50113944430326
STU_016614,71.27232239140469
STU_016615,95.89889338034425
STU_016616,83.15263904406302
STU_016617,88.00430725386438
STU_016618,75.85599032842163
STU_016619,92.37635654232241
STU_016620,58.50677358127829
STU_016621,81.27438421813017
STU_016622,76.04756550296523
STU_016623,76.07577470495053
STU_016624,94.21639887812097
STU_016625,82.26106241181768
STU_016626,59.63191463626778
STU_016627,97.23622903957397
STU_016628,88.67440737378894
STU_016629,55.36859644161345
STU_016630,69.6629310436236
STU_016631,68.66769291457234
STU_016632,62.7871036372716
STU_016633,73.8045668793749
STU_016634,65.53062856006183
STU_016635,89.82392654176965
STU_016636,83.52155661005189
STU_016637,66.63436092368921
STU_016638,68.7761001616407
STU_016639,61.22727349379018
STU_016640,99.15541045275026
STU_016641,80.42680041315657
STU_016642,58.482300466386526
STU_016643,70.07322676208645
STU_016644,75.71716317329668
STU_016645,81.14045030134182
STU_016646,82.33078866854
STU_016647,69.88118068564503
STU_016648,79.97481389194611
STU_016649,83.5629813302694
STU_016650,89.31372509194581
STU_016651,82.12964954536994
STU_016652,87.8032295847475
STU_016653,78.81125470039277
STU_016654,91.96745465181945
STU_016655,72.50882376258119
STU_016656,81.92456584689333
STU_016657,81.55220724010385
STU_016658,91.42282032678098
STU_016659,79.38580178788564
STU_016660,90.98360355687863
STU_016661,68.2655321956646
STU_016662,68.51226520038185
STU_016663,84.7341415945002
STU_016664,69.19468190709368
STU_016665,79.36218602901391
STU_016666,71.55966051465074
STU_016667,69.44769309429908
STU_016668,93.91330382214525
STU_016669,70.51733993814007
STU_016670,82.69340275400484
STU_016671,95.73250479370004
STU_016672,84.8864795569302
STU_016673,66.87884216068157
STU_016674,79.40127341287999
STU_016675,68.5168302427848
STU_016676,100.0
STU_016677,91.89899833690012
STU_016678,89.07756687829658
STU_016679,91.91822541118168
STU_016680,61.44105755703367
STU_016681,94.66037446106674
STU_016682,85.91181984107423
STU_016683,72.95526051385445
STU_016684,67.56924493130828
STU_016685,75.91840028508031
STU_016686,73.44839046188437
STU_016687,95.35219131991593
STU_016688,60.71003108777291
STU_016689,73.40553431732388
STU_016690,59.27181975699017
STU_016691,80.57314894407148
STU_016692,78.17663667346046
STU_016693,66.85823551789312
STU_016694,84.86814126006442
STU_016695,78.51889347328036
STU_016696,78.91161078941194
STU_016697,71.98642731922175
STU_016698,82.18802111972117
STU_016699,63.18004462410084
STU_016700,76.3027968477633
STU_016701,77.16203748910753
STU_016702,81.36377110989717
STU_016703,89.0328524371977
STU_016704,83.70309404279395
STU_016705,85.69551104294516
STU_016706,74.44054487677714
STU_016707,79.8053270243979
STU_016708,88.49282738785968
STU_016709,45.90418966432145
STU_016710,76.73943487259463
STU_016711,63.33857167349313
STU_016712,49.11179162827276
STU_016713,91.07129330274527
STU_016714,93.3008353046124
STU_016715,67.42960619721029
STU_016716,68.23731218456993
STU_016717,87.6900435429474
STU_016718,54.216912855655565
STU_016719,90.15103077029246
STU_016720,93.97947520257537
STU_016721,79.12924981996763
STU_016722,78.1368201634543
STU_016723,74.28751323863133
STU_016724,76.76139375035646
STU_016725,70.67421113035269
STU_016726,59.187767405235604
STU_016727,71.93144232979867
STU_016728,56.64547698131593
STU_016729,81.14412941799584
STU_016730,83.56786362808936
STU_016731,65.9824175325136
STU_016732,84.932712844377
STU_016733,86.36615947045681
STU_016734,60.605828400369
STU_016735,80.28271104382341
STU_016736,59.047193549327645
STU_016737,70.5761194657135
STU_016738,73.2810564873294
STU_016739,83.2862982237843
STU_016740,72.56278966046794
STU_016741,79.9299125436338
STU_016742,92.72329821664812
STU_016743,77.54713970230968
STU_016744,57.89493291359169
STU_016745,67.26539678924136
STU_016746,55.77467970117727
STU_016747,83.01474455558926
STU_016748,78.72480924139224
STU_016749,56.44224680786352
STU_016750,88.60771759184125
STU_016751,86.8061444777504
STU_016752,58.540638653253055
STU_016753,77.0283530904606
STU_016754,100.0
STU_016755,74.69867787432528
STU_016756,78.5905121775177
STU_016757,85.57340101357681
STU_016758,58.5122413577982
STU_016759,98.39340988763318
STU_016760,72.13002281677434
STU_016761,80.11073272864503
STU_016762,75.66100784796144
STU_016763,81.47346628883392
STU_016764,68.93396982816877
STU_016765,86.2102780865384
STU_016766,90.81714454330064
STU_016767,84.28286981366432
STU_016768,86.97712926052259
STU_016769,50.005951754550736
STU_016770,57.57766062534155
STU_016771,62.3504461693843
STU_016772,92.86251149116718
STU_016773,71.13244240702443
STU_016774,78.02336632579774
STU_016775,71.22725267000284
STU_016776,93.84858553894728
STU_016777,52.86200901263544
STU_016778,77.91283774170887
STU_016779,72.49654957508226
STU_016780,81.20757678336862
STU_016781,49.30769758917168
STU_016782,82.64384990711409
STU_016783,71.63577718270191
STU_016784,97.70387413948023
STU_016785,92.54677778912915
STU_016786,71.90642785645281
STU_016787,67.12547615589924
STU_016788,92.393287613513
STU_016789,75.7912402991975
STU_016790,82.06825842126062
STU_016791,66.96653956268976
STU_016792,71.05477731122996
STU_016793,80.87019022272224
STU_016794,80.42132189311037
STU_016795,76.33118707785545
STU_016796,86.2011862167252
STU_016797,67.06668001271235
STU_016798,72.63595846493251
STU_016799,89.16545112615353
STU_016800,64.2159055837046
STU_016801,60.645322288225316
STU_016802,66.97558070287192
STU_016803,88.57692112676116
STU_016804,89.47197160706014
STU_016805,55.98726411278015
STU_016806,78.6331926066062
STU_016807,77.73590171177561
STU_016808,87.48062245358282
STU_016809,81.60600749448533
STU_016810,48.959143295097604
STU_016811,74.37127901847356
STU_016812,70.27779272382537
STU_016813,74.3607072890084
STU_016814,90.68932262253486
STU_016815,67.92081058370619
STU_016816,68.10026926545258
STU_016817,97.43483499556922
STU_016818,54.916192628186096
STU_016819,88.99042506559607
STU_016820,77.67977501390412
STU_016821,80.56014425209736
STU_016822,74.69793763272993
STU_016823,100.0
STU_016824,81.19814453337546
STU_016825,81.09718156102932
STU_016826,72.61555895865311
STU_016827,78.92704364738165
STU_016828,72.00904814383003
STU_016829,77.46698024403321
STU_016830,77.15030889893464
STU_016831,85.109151320571
STU_016832,68.731689395267
STU_016833,61.519387851423126
STU_016834,82.23689886749862
STU_016835,78.47616746333242
STU_016836,84.02308648334045
STU_016837,98.18134854039997
STU_016838,91.47741192938389
STU_016839,67.75840537803755
STU_016840,81.28184233340984
STU_016841,92.85269121034246
STU_016842,73.44925125113409
STU_016843,70.20536757245867
STU_016844,84.94375742985473
STU_016845,71.48872100391263
STU_016846,69.01059879960968
STU_016847,77.44740159620314
STU_016848,60.55763917758634
STU_016849,71.08016206821537
STU_016850,76.54566483961331
STU_016851,69.40421753718712
STU_016852,87.71027472764027
STU_016853,84.98712034353558
STU_016854,85.15876519209807
STU_016855,77.42519404091914
STU_016856,93.82016701855446
STU_016857,69.28692250174181
STU_016858,56.607583683846705
STU_016859,100.0
STU_016860,98.70022074404658
STU_016861,80.70491462843327
STU_016862,93.097688569803
STU_016863,97.42849221734902
STU_016864,54.395520081717116
STU_016865,85.91655867584448
STU_016866,69.84207786160174
STU_016867,90.14438257888557
STU_016868,74.63929004051006
STU_016869,90.06046609527262
STU_016870,65.80734122729694
STU_016871,61.62603445764599
STU_016872,78.7838738509486
STU_016873,94.10399814872555
STU_016874,73.16498847373788
STU_016875,85.07213682627038
STU_016876,59.49676511803861
STU_016877,100.0
STU_016878,64.11546299037025
STU_016879,92.6793345983483
STU_016880,88.48117114318045
STU_016881,67.68652888504641
STU_016882,75.94638990544183
STU_016883,89.0272464646502
STU_016884,71.82424380752256
STU_016885,92.04266795676341
STU_016886,83.57354210027947
STU_016887,68.7658737298399
STU_016888,86.24238175295179
STU_016889,73.69467573009358
STU_016890,71.18236438514006
STU_016891,66.99197400739268
STU_016892,82.29036662643625
STU_016893,62.94449312703198
STU_016894,83.00584033183682
STU_016895,69.13708443656147
STU_016896,64.2344789976212
STU_016897,55.42089984383801
STU_016898,98.00830213880198
STU_016899,82.69594245739246
STU_016900,93.42334310521072
STU_016901,74.91397116929215
STU_016902,92.97167554039416
STU_016903,77.53844223445161
STU_016904,89.6117691984638
STU_016905,82.77674428095801
STU_016906,73.21620615191317
STU_016907,86.77211319838187
STU_016908,67.48493868754653
STU_016909,88.7896098035458
STU_016910,75.55062513995301
STU_016911,71.66196463589054
STU_016912,70.98355064725047
STU_016913,57.00712259700724
STU_016914,88.88439734793923
STU_016915,88.4816925011215
STU_016916,77.39119650157795
STU_016917,80.63206123264898
STU_016918,50.91130477766902
STU_016919,70.76926781695782
STU_016920,72.99239714794632
STU_016921,74.22684663622877
STU_016922,71.39767145056328
STU_016923,88.40022608905869
STU_016924,54.18919828958086
STU_016925,81.78273849395599
STU_016926,71.92397446527356
STU_016927,60.213021848976204
STU_016928,72.71995830352363
STU_016929,65.87655805676538
STU_016930,90.71123562920201
STU_016931,47.83108688836713
STU_016932,84.07349459426185
STU_016933,88.42904356095164
STU_016934,62.86936092507741
STU_016935,74.30411258833313
STU_016936,59.59732419618503
STU_016937,69.78455250182394
STU_016938,90.7498315070412
STU_016939,92.6613035070416
STU_016940,87.46160805891815
STU_016941,64.37646529429733
STU_016942,77.67389665318788
STU_016943,76.16597845449161
STU_016944,79.23788960495375
STU_016945,90.26121078759674
STU_016946,81.19271934283573
STU_016947,74.0844989702296
STU_016948,73.33115607041748
STU_016949,61.2433001298223
STU_016950,69.69090240260546
STU_016951,96.38082683554386
STU_016952,61.01173429563956
STU_016953,65.64092558994972
STU_016954,71.56524114799038
STU_016955,85.53631128236852
STU_016956,89.80009881564953
STU_016957,66.3941938464931
STU_016958,76.00679381402142
STU_016959,97.21352424289404
STU_016960,82.66940114917836
STU_016961,66.22367298532508
STU_016962,75.10468300849394
STU_016963,94.61494830210732
STU_016964,90.97337618189903
STU_016965,89.2905590351678
STU_016966,77.76834466755993
STU_016967,89.64129270443281
STU_016968,95.14160447519393
STU_016969,63.4199346696153
STU_016970,75.54708565970434
STU_016971,62.345877581420524
STU_016972,95.2746664055087
STU_016973,71.06907690621131
STU_016974,77.03823378188757
STU_016975,63.65057752289155
STU_016976,71.55141549962337
STU_016977,86.693908204139
STU_016978,66.37516177966003
STU_016979,55.53736321382088
STU_016980,83.76565754273919
STU_016981,62.51749950957898
STU_016982,77.15138242595458
STU_016983,69.15504431936145
STU_016984,65.59042802827918
STU_016985,99.7389014697133
STU_016986,88.04089013529565
STU_016987,82.45088334851235
STU_016988,73.05064089080655
STU_016989,88.20519900211
STU_016990,77.3650784051366
STU_016991,63.08053938842131
STU_016992,81.81855305309445
STU_016993,79.36456163851777
STU_016994,66.15423342814478
STU_016995,65.00680865396181
STU_016996,92.52690299521795
STU_016997,83.88866802624393
STU_016998,91.40136205619754
STU_016999,97.56879530220922
STU_017000,87.16743438043025
STU_017001,85.78160990210222
STU_017002,97.12031309400689
STU_017003,94.91237543680654
STU_017004,68.70714813845878
STU_017005,80.42018777516766
STU_017006,81.55638880756152
STU_017007,68.68318356363608
STU_017008,76.96412531610102
STU_017009,82.49064029837638
STU_017010,76.3755022141826
STU_017011,57.60211430967261
STU_017012,56.11550491832841
STU_017013,96.58700577120236
STU_017014,76.90000602599912
STU_017015,81.34998593011852
STU_017016,88.23753357441352
STU_017017,66.54933571710642
STU_017018,75.73991552914612
STU_017019,57.06056648272124
STU_017020,71.04836998712268
STU_017021,82.5424384621205
STU_017022,72.86100409841455
STU_017023,59.08623441230838
STU_017024,56.35470375026497
STU_017025,63.49361226581581
STU_017026,80.14451219274952
STU_017027,81.848368534558
STU_017028,71.96731220964175
STU_017029,88.36050994706713
STU_017030,90.98813052015197
STU_017031,57.28297601254191
STU_017032,93.15763400036974
STU_017033,85.79692335356127
STU_017034,75.7045140177173
STU_017035,73.00545813079617
STU_017036,86.64297136438032
STU_017037,93.27502699818521
STU_017038,96.03096448471823
STU_017039,88.31088720245393
STU_017040,99.26443931256301
STU_017041,60.120641095019955
STU_017042,84.49278330479072
STU_017043,74.13326300563467
STU_017044,95.27378790261008
STU_017045,85.04624756189465
STU_017046,81.96787462987281
STU_017047,93.83318332213594
STU_017048,69.18126110104517
STU_017049,85.2887005581438
STU_017050,67.9770841534305
STU_017051,78.10640292963032
STU_017052,93.2144529583758
STU_017053,80.23359851314974
STU_017054,89.87790841638137
STU_017055,83.72768284031449
STU_017056,79.76878651553115
STU_017057,95.62715382322145
STU_017058,79.5462470404711
STU_017059,63.754259197974385
STU_017060,68.1647477358946
STU_017061,91.33768832829303
STU_017062,61.18358276404813
STU_017063,76.87102579339366
STU_017064,67.12735218568598
STU_017065,92.05041131550499
STU_017066,65.05108457525051
STU_017067,92.17037264980485
STU_017068,66.74649279493399
STU_017069,81.15266002439817
STU_017070,80.9027183122562
STU_017071,76.0431638786846
STU_017072,71.65305233502363
STU_017073,92.0167986479104
STU_017074,84.57910735264265
STU_017075,90.6790309566135
STU_017076,53.87652073447765
STU_017077,88.0385854659039
STU_017078,65.75505241597074
STU_017079,63.533417666858
STU_017080,54.77101458485206
STU_017081,70.98387266176466
STU_017082,85.26795880529238
STU_017083,66.66467010592692
STU_017084,51.095825794359214
STU_017085,61.48481332737521
STU_017086,91.22831622522266
STU_017087,71.841618855089
STU_017088,88.80227175144601
STU_017089,64.71229819131952
STU_017090,89.16481796601992
STU_017091,68.36839637859032
STU_017092,81.38711684042896
STU_017093,51.90354324203967
STU_017094,82.19633669901455
STU_017095,52.40364088351118
STU_017096,62.5198633217949
STU_017097,62.58515122381387
STU_017098,47.71914476864288
STU_017099,76.52728652787206
STU_017100,81.32161344776003
STU_017101,78.48788385405433
STU_017102,82.45811269697106
STU_017103,79.19074965997589
STU_017104,87.67337368333288
STU_017105,69.52076957413439
STU_017106,65.09787925944305
STU_017107,51.26795471102018
STU_017108,81.90212447229626
STU_017109,71.26522675193351
STU_017110,70.05878738959295
STU_017111,83.37239655022785
STU_017112,87.26438030828837
STU_017113,64.00758485370741
STU_017114,76.20173462501745
STU_017115,80.37244819110805
STU_017116,95.66414742328527
STU_017117,51.12872019557132
STU_017118,84.40499928055621
STU_017119,85.4281853245428
STU_017120,89.39339677005539
STU_017121,73.55351743008572
STU_017122,97.28119125647166
STU_017123,71.67564389160576
STU_017124,75.53575907593856
STU_017125,71.77106477063988
STU_017126,83.05188469467502
STU_017127,61.784303028435176
STU_017128,74.41602101210502
STU_017129,62.00466419603052
STU_017130,74.6490052893382
STU_017131,70.4787815834815
STU_017132,74.52630598824184
STU_017133,76.74856801375769
STU_017134,93.38707251928614
STU_017135,60.363180931290714
STU_017136,85.23545640308578
STU_017137,63.526557863856006
STU_017138,78.48249026902835
STU_017139,91.16070403455535
STU_017140,77.88211198862957
STU_017141,86.18796270724906
STU_017142,93.37397776291574
STU_017143,54.8975379435202
STU_017144,93.5637618893736
STU_017145,88.46850914467453
STU_017146,94.71684768100104
STU_017147,99.79280989441754
STU_017148,73.79531026727594
STU_017149,74.11857035985786
STU_017150,59.73707588215352
STU_017151,75.04307909663095
STU_017152,74.5143110199487
STU_017153,76.267092116365
STU_017154,78.17129992924694
STU_017155,56.984507458870304
STU_017156,56.67523392005266
STU_017157,77.1041328257862
STU_017158,84.9435983788658
STU_017159,61.24111704984726
STU_017160,59.42205265637569
STU_017161,77.3911041424769
STU_017162,77.71438061099273
STU_017163,77.09383639912306
STU_017164,91.16462991512134
STU_017165,66.11077783779317
STU_017166,73.84199152550104
STU_017167,65.2647262869574
STU_017168,77.96715939964717
STU_017169,86.78698346422831
STU_017170,86.16617001825466
STU_017171,92.57412641210584
STU_017172,73.98050548495806
STU_017173,55.484656390106124
STU_017174,63.19638167777693
STU_017175,99.0966683497279
STU_017176,80.98661573713814
STU_017177,73.29559311345437
STU_017178,85.63850625664344
STU_017179,83.20594934341233
STU_017180,73.71647426946026
STU_017181,84.6326096116479
STU_017182,68.09640587583631
STU_017183,95.8044815600565
STU_017184,86.99379623174275
STU_017185,93.87765376622283
STU_017186,65.9921578410557
STU_017187,85.11477662983386
STU_017188,77.07974280868586
STU_017189,54.34470319829392
STU_017190,85.70641142513276
STU_017191,69.27261763427636
STU_017192,65.12223334294357
STU_017193,54.7664312235881
STU_017194,85.71891235614372
STU_017195,68.50485563970248
STU_017196,82.45741651891231
STU_017197,77.72691256592555
STU_017198,75.20076055574948
STU_017199,73.71167477108334
STU_017200,67.15669804091782
STU_017201,69.65613637777511
STU_017202,89.0388529261385
STU_017203,77.09531420690077
STU_017204,66.85726592572085
STU_017205,87.90256860180716
STU_017206,76.41326557407106
STU_017207,91.74524153473669
STU_017208,61.63997508503214
STU_017209,61.211164499859024
STU_017210,36.53564318575969
STU_017211,89.03213304368454
STU_017212,91.48166346146323
STU_017213,92.44376971683127
STU_017214,83.77881321783042
STU_017215,64.39716809313127
STU_017216,54.89462622857212
STU_017217,100.0
STU_017218,74.10540462431325
STU_017219,93.99114192434857
STU_017220,75.97220857503632
STU_017221,71.97020764935658
STU_017222,66.43668557430635
STU_017223,73.75428523621305
STU_017224,85.29834510764857
STU_017225,90.2276633308093
STU_017226,80.36588786783544
STU_017227,70.78919635230558
STU_017228,86.2936083031359
STU_017229,70.35779736711169
STU_017230,91.9492503891275
STU_017231,66.0300048965461
STU_017232,71.72355281854738
STU_017233,74.55895745871665
STU_017234,88.38583391444254
STU_017235,78.76768742961076
STU_017236,63.21669873325278
STU_017237,92.54279292591461
STU_017238,81.86606847784728
STU_017239,52.59235775173682
STU_017240,92.31518812281965
STU_017241,72.37708458637273
STU_017242,47.43876873364232
STU_017243,82.63631438699886
STU_017244,73.2833787734457
STU_017245,90.1860365499168
STU_017246,85.13625013339714
STU_017247,57.65186574500753
STU_017248,66.69413132043198
STU_017249,65.7908265664569
STU_017250,60.32990951209
STU_017251,87.74423007550257
STU_017252,58.318956919397756
STU_017253,87.37306163127933
STU_017254,48.977836742154736
STU_017255,57.146381581508095
STU_017256,48.88592095468276
STU_017257,80.48931392253729
STU_017258,77.70541177869742
STU_017259,69.25447295902758
STU_017260,71.07367437502266
STU_017261,57.925727127467425
STU_017262,73.67794348520508
STU_017263,81.0821206564063
STU_017264,68.79413290315681
STU_017265,91.07778476389313
STU_017266,54.504313236151376
STU_017267,70.19872148814207
STU_017268,75.0145175604993
STU_017269,69.91466107699925
STU_017270,83.07236565332859
STU_017271,80.59461774784008
STU_017272,58.96363765961651
STU_017273,86.6868212047011
STU_017274,86.3873473071553
STU_017275,65.59903492707079
STU_017276,56.64085135913375
STU_017277,77.96932925025807
STU_017278,91.44212730585454
STU_017279,73.22718377568589
STU_017280,81.14037407590823
STU_017281,69.43116192884825
STU_017282,77.25137964470001
STU_017283,81.51420143680953
STU_017284,86.06200327949423
STU_017285,84.65048226008244
STU_017286,75.2486437814313
STU_017287,64.03264418086323
STU_017288,62.008031613985736
STU_017289,77.13675833295225
STU_017290,84.84623622379232
STU_017291,84.3661392297789
STU_017292,67.29596465100232
STU_017293,71.28543739920434
STU_017294,63.55024861431197
STU_017295,74.8070125487307
STU_017296,76.3918878835607
STU_017297,96.18686659530188
STU_017298,68.64915729089697
STU_017299,75.34509774512026
STU_017300,58.6955122398242
STU_017301,60.718139659387404
STU_017302,72.80798817087634
STU_017303,91.27430299103472
STU_017304,87.14432210431391
STU_017305,75.27474249847066
STU_017306,80.3463583018949
STU_017307,96.29512281082245
STU_017308,91.23749990100862
STU_017309,90.8479228261508
STU_017310,66.32744464638354
STU_017311,78.04157520942898
STU_017312,67.55417455309528
STU_017313,93.07561043442522
STU_017314,79.55184530240557
STU_017315,86.54181747575447
STU_017316,72.68902393241612
STU_017317,85.7530130487853
STU_017318,40.606060703799734
STU_017319,66.95020107077785
STU_017320,91.9699220899395
STU_017321,81.65382932433312
STU_017322,78.60905923358851
STU_017323,80.10473721628833
STU_017324,86.57833895756201
STU_017325,85.16092850760984
STU_017326,71.23334696897659
STU_017327,85.94221403405953
STU_017328,77.92080587990588
STU_017329,43.83490251246124
STU_017330,90.13402423710531
STU_017331,78.25817327474039
STU_017332,69.98574238091425
STU_017333,68.08166463002144
STU_017334,81.61606251782395
STU_017335,85.65094956466596
STU_017336,65.96301728907174
STU_017337,81.2344647835038
STU_017338,81.60703276393949
STU_017339,98.46251555598764
STU_017340,82.02769132488316
STU_017341,87.80699589014246
STU_017342,64.25334908423005
STU_017343,83.82242100982751
STU_017344,63.73076351023456
STU_017345,72.43771829078433
STU_017346,61.76645764442996
STU_017347,91.67121916593459
STU_017348,75.28881795829409
STU_017349,83.47755876101454
STU_017350,56.65298965644959
STU_017351,61.75601031689855
STU_017352,61.9054261357239
STU_017353,56.12846172483249
STU_017354,85.27071837751194
STU_017355,62.06181560688255
STU_017356,70.4918138029645
STU_017357,65.36288791325934
STU_017358,63.68252205796958
STU_017359,88.46489824286762
STU_017360,97.5012383288034
STU_017361,94.91606535921414
STU_017362,65.51091902968363
STU_017363,87.75183538846274
STU_017364,91.24547508589174
STU_017365,85.90328618334442
STU_017366,82.73070636633352
STU_017367,100.0
STU_017368,60.40756872011886
STU_017369,53.379065138344444
STU_017370,87.44084995356863
STU_017371,80.21082623750036
STU_017372,86.26879409719734
STU_017373,63.261279916447776
STU_017374,48.8306332604691
STU_017375,87.96127045292147
STU_017376,73.0814149652739
STU_017377,68.2836514396887
STU_017378,76.51190914388911
STU_017379,62.766174999353616
STU_017380,65.6139548134141
STU_017381,61.67426516238045
STU_017382,87.81608256067578
STU_017383,76.41960080246118
STU_017384,70.57982628248601
STU_017385,63.995727086493815
STU_017386,74.6059941969231
STU_017387,85.50459414220919
STU_017388,68.29124030890766
STU_017389,83.34228660466991
STU_017390,74.16900377643753
STU_017391,73.54670350883026
STU_017392,68.51031285491075
STU_017393,63.407083458080905
STU_017394,69.8214884187522
STU_017395,57.78628894018516
STU_017396,81.78463458952756
STU_017397,78.76549435433674
STU_017398,81.1430996969952
STU_017399,84.84976527469794
STU_017400,47.076551989207616
STU_017401,42.624386834273494
STU_017402,94.48050726053953
STU_017403,59.66461295783787
STU_017404,70.5737807569341
STU_017405,65.34824683745447
STU_017406,65.98187248357422
STU_017407,66.21907600899917
STU_017408,79.9444602232521
STU_017409,81.5960013494253
STU_017410,77.67963886311485
STU_017411,61.12295623564235
STU_017412,81.58526849463115
STU_017413,84.87742215196764
STU_017414,77.60204670457505
STU_017415,57.074376947293885
STU_017416,66.75258946906818
STU_017417,77.4790235866611
STU_017418,87.79537212984107
STU_017419,69.0961987613981
STU_017420,80.0278737169141
STU_017421,75.8411252299743
STU_017422,83.379631205777
STU_017423,70.17026673138471
STU_017424,53.36791005289675
STU_017425,76.59696464244517
STU_017426,62.69923695929606
STU_017427,80.80561038041576
STU_017428,73.11464872295787
STU_017429,62.20719153652747
STU_017430,99.22306643930989
STU_017431,70.39689483469951
STU_017432,94.4958271913352
STU_017433,88.06851388509399
STU_017434,77.09550771247085
STU_017435,83.81997438308812
STU_017436,71.58416168789623
STU_017437,71.41280999315333
STU_017438,97.6179578871579
STU_017439,61.66791702411861
STU_017440,88.05779606808042
STU_017441,49.475337392319496
STU_017442,78.27510028244619
STU_017443,85.8402904347341
STU_017444,79.30637133741409
STU_017445,93.36124256041204
STU_017446,88.37241464219451
STU_017447,67.31427814698613
STU_017448,77.86700636625125
STU_017449,85.99401093687001
STU_017450,85.11129548047069
STU_017451,69.58832295086759
STU_017452,82.28297758703711
STU_017453,90.76903587852118
STU_017454,59.5123001673295
STU_017455,91.04628869959623
STU_017456,80.79308171044283
STU_017457,67.09835168716134
STU_017458,62.42586542889366
STU_017459,79.16400768348896
STU_017460,65.98154355474055
STU_017461,83.96644811935636
STU_017462,79.25863843180825
STU_017463,92.82653101244006
STU_017464,77.06751378994858
STU_017465,81.70781439311344
STU_017466,79.56509600112364
STU_017467,56.69256414754179
STU_017468,84.83731531454536
STU_017469,90.24139487769247
STU_017470,84.86736301943543
STU_017471,87.90585611456042
STU_017472,65.69683320470519
STU_017473,97.8982127022687
STU_017474,36.82288455750135
STU_017475,63.743032079758436
STU_017476,71.12809135614042
STU_017477,66.58476362223972
STU_017478,51.65205549627818
STU_017479,73.43967280987818
STU_017480,95.60265251186186
STU_017481,91.15141525920293
STU_017482,79.90023104020716
STU_017483,92.87379950314461
STU_017484,85.53666933986776
STU_017485,90.87281902718499
STU_017486,72.85456730661198
STU_017487,89.4999327047847
STU_017488,60.88661366355688
STU_017489,63.64141300816465
STU_017490,93.61027367823755
STU_017491,76.63488821636354
STU_017492,59.70396844272216
STU_017493,78.78692219078135
STU_017494,75.95282604147471
STU_017495,53.626019880926634
STU_017496,77.67560304666384
STU_017497,84.9437357010282
STU_017498,59.76527725557473
STU_017499,85.11456277814683
STU_017500,84.51893554412098
STU_017501,75.39973200036471
STU_017502,85.20483845084527
STU_017503,67.67783810844597
STU_017504,87.22617371491063
STU_017505,78.55227527543008
STU_017506,76.1195060007994
STU_017507,56.937166234337795
STU_017508,68.82366812855342
STU_017509,84.47573961801999
STU_017510,96.45153624413425
STU_017511,72.0287397208631
STU_017512,77.39297443888168
STU_017513,80.81116664952997
STU_017514,73.23157536210383
STU_017515,78.86112387023934
STU_017516,96.68955961833434
STU_017517,82.69728755306367
STU_017518,81.85411844914029
STU_017519,88.61000938414432
STU_017520,97.24562580117897
STU_017521,62.67207817822954
STU_017522,75.2949767149085
STU_017523,79.05167910926285
STU_017524,61.66826135465708
STU_017525,71.54383803569672
STU_017526,77.85321669371508
STU_017527,81.5192920726981
STU_017528,72.1851629824615
STU_017529,96.94452475142643
STU_017530,83.11650460562068
STU_017531,88.48941569299556
STU_017532,63.726420700102224
STU_017533,69.67403569432146
STU_017534,59.283220942677275
STU_017535,73.35943138302883
STU_017536,85.94904576090536
STU_017537,93.35868549815845
STU_017538,94.47587166749851
STU_017539,73.63887904402297
STU_017540,96.2336705298109
STU_017541,52.094132042043825
STU_017542,69.49478314050153
STU_017543,83.7883597369372
STU_017544,93.6534045697465
STU_017545,69.99681404353093
STU_017546,67.89733532109389
STU_017547,91.16450678950483
STU_017548,76.6967895885177
STU_017549,97.04403190133476
STU_017550,79.31072250894057
STU_017551,95.34195713004982
STU_017552,48.26867305210921
STU_017553,87.8667574901293
STU_017554,62.82973235992805
STU_017555,70.47536903679597
STU_017556,70.7834865887662
STU_017557,55.20113667409755
STU_017558,47.259761029875804
STU_017559,80.43724920826598
STU_017560,70.4713656307627
STU_017561,94.47574247473699
STU_017562,60.347288225634685
STU_017563,67.97149543048064
STU_017564,66.08103676187746
STU_017565,68.26862876923808
STU_017566,81.91064311021819
STU_017567,70.00968218879692
STU_017568,71.6413531413765
STU_017569,79.47702606688482
STU_017570,99.25847965268964
STU_017571,86.8448829304198
STU_017572,80.78201165254397
STU_017573,73.75437539048693
STU_017574,85.48553447749664
STU_017575,88.40979834269558
STU_017576,85.5534834081289
STU_017577,67.52030356697102
STU_017578,79.33846411960789
STU_017579,73.25907844461544
STU_017580,78.96302522645989
STU_017581,76.89463872839735
STU_017582,76.05185295015681
STU_017583,95.97017381083705
STU_017584,59.9637683373695
STU_017585,53.15749819951802
STU_017586,78.5545556607768
STU_017587,64.57210632410103
STU_017588,68.36413730024842
STU_017589,90.36715152778302
STU_017590,74.5819981691993
STU_017591,91.22741821781975
STU_017592,66.77727745312521
STU_017593,61.2245217007175
STU_017594,52.607070646023104
STU_017595,96.36420050137265
STU_017596,75.44070389760502
STU_017597,88.43099777457854
STU_017598,46.449035622424816
STU_017599,65.578454972795
STU_017600,76.68530917932215
STU_017601,69.24623340593975
STU_017602,62.021954449304936
STU_017603,87.8923591744256
STU_017604,85.26592555143515
STU_017605,66.87690118814628
STU_017606,90.2256468644126
STU_017607,79.80771129998426
STU_017608,93.59540333388753
STU_017609,73.88945392728665
STU_017610,76.65086383187379
STU_017611,74.21825904851761
STU_017612,95.60593197588922
STU_017613,83.60973517102158
STU_017614,91.95646833315752
STU_017615,70.90179339704069
STU_017616,87.69587701056281
STU_017617,90.55034065892985
STU_017618,42.24401166760906
STU_017619,64.3025764316395
STU_017620,74.60131406576764
STU_017621,85.39441545012588
STU_017622,95.71300952975332
STU_017623,57.034559624080586
STU_017624,70.185518596023
STU_017625,67.87440929842164
STU_017626,57.11299477976146
STU_017627,55.474912992360366
STU_017628,73.20350084829913
STU_017629,69.23533734718168
STU_017630,58.89892836960062
STU_017631,51.82068385979832
STU_017632,76.59611007992602
STU_017633,76.1898224641421
STU_017634,81.50063948992035
STU_017635,76.14214817365493
STU_017636,72.15906042430343
STU_017637,90.90689315266609
STU_017638,69.01561782737171
STU_017639,86.22442738554761
STU_017640,94.6221022453638
STU_017641,99.40012190824552
STU_017642,65.49185808557773
STU_017643,64.6631774800599
STU_017644,79.96882384292282
STU_017645,84.72870427438369
STU_017646,70.07100433755784
STU_017647,62.49956771758312
STU_017648,84.0963921596464
STU_017649,96.52034611827135
STU_017650,96.18406411035113
STU_017651,68.85348967907872
STU_017652,73.97184910371934
STU_017653,96.35715269679716
STU_017654,76.71160744464541
STU_017655,83.80411152084312
STU_017656,83.33693795909596
STU_017657,55.18271825636816
STU_017658,65.41187178507374
STU_017659,100.0
STU_017660,76.8734125723763
STU_017661,80.48263940221773
STU_017662,63.76362990860454
STU_017663,79.12758211375822
STU_017664,78.55563739398404
STU_017665,72.34280794614548
STU_017666,78.8825390208507
STU_017667,75.12068976493126
STU_017668,74.31870673984366
STU_017669,72.82408963312369
STU_017670,47.6648996453739
STU_017671,70.97563183014866
STU_017672,59.691964278187285
STU_017673,69.93285592172437
STU_017674,70.89883144128994
STU_017675,73.37404169553395
STU_017676,68.7422775385939
STU_017677,82.7613952886929
STU_017678,84.26426316712791
STU_017679,86.45973682933413
STU_017680,73.8179038612907
STU_017681,87.04816184298026
STU_017682,73.96465263323537
STU_017683,80.52491403986824
STU_017684,84.5540957593608
STU_017685,73.78196111049608
STU_017686,62.0831251235341
STU_017687,73.16987524338671
STU_017688,71.29020335536887
STU_017689,88.97201399156461
STU_017690,66.53448257093902
STU_017691,71.71603077595051
STU_017692,73.08004961902404
STU_017693,62.23781559280602
STU_017694,76.73896527917043
STU_017695,97.56719006064603
STU_017696,79.3843490015628
STU_017697,43.70645694562289
STU_017698,49.385773750875906
STU_017699,92.98492853347791
STU_017700,48.46948233616586
STU_017701,54.4715856151712
STU_017702,79.22927743113306
STU_017703,80.60707379971004
STU_017704,61.06091343091626
STU_017705,58.00431552199041
STU_017706,84.21697092309927
STU_017707,44.818755977427806
STU_017708,94.74985990279663
STU_017709,85.7382313134097
STU_017710,87.20741153419362
STU_017711,99.95893816054641
STU_017712,75.10508638182486
STU_017713,69.80479784559552
STU_017714,86.23406462528342
STU_017715,64.39651250121352
STU_017716,55.76071597579352
STU_017717,72.76707682681082
STU_017718,88.0877175336579
STU_017719,70.40672758952728
STU_017720,73.15882638159384
STU_017721,83.07824592596859
STU_017722,100.0
STU_017723,71.27633688253019
STU_017724,74.45519934649295
STU_017725,93.10212984367753
STU_017726,89.26707411083527
STU_017727,85.70661488465645
STU_017728,87.36706183360144
STU_017729,68.7318989324912
STU_017730,61.232443415114204
STU_017731,57.558913101578284
STU_017732,79.19007816868728
STU_017733,64.36230660468263
STU_017734,69.95905984369273
STU_017735,66.44024183342623
STU_017736,70.46952733768234
STU_017737,60.488146819034824
STU_017738,94.85201789214094
STU_017739,87.28745001089771
STU_017740,78.78819070940013
STU_017741,88.64719870595016
STU_017742,85.01727293555726
STU_017743,88.99935436867321
STU_017744,85.12722466399437
STU_017745,87.62657606420507
STU_017746,81.32619269164593
STU_017747,66.76061868241112
STU_017748,61.842067927128284
STU_017749,67.0138511363071
STU_017750,87.71276341893389
STU_017751,80.07899043854036
STU_017752,75.59344182589928
STU_017753,94.57952466554643
STU_017754,88.39385694474998
STU_017755,89.36972579010177
STU_017756,86.6683646589326
STU_017757,53.463109336735684
STU_017758,71.44284211391144
STU_017759,83.63802066019034
STU_017760,94.27802231470169
STU_017761,63.712869364912635
STU_017762,100.0
STU_017763,91.67050426210426
STU_017764,57.866646131830635
STU_017765,94.03371017448549
STU_017766,77.2149675037535
STU_017767,58.0349845842713
STU_017768,63.319266991626655
STU_017769,88.98881391353754
STU_017770,74.33874861306006
STU_017771,53.84712596138578
STU_017772,70.94017273401533
STU_017773,57.49403434761885
STU_017774,98.58856244063483
STU_017775,80.97054792308583
STU_017776,83.26887498014717
STU_017777,81.96746114397234
STU_017778,82.4625471389584
STU_017779,54.36626597174417
STU_017780,71.18731701094555
STU_017781,79.67484703614717
STU_017782,73.41426008184051
STU_017783,65.54149450614558
STU_017784,82.25982978284785
STU_017785,86.10567474007955
STU_017786,73.6672822120343
STU_017787,82.37188896099548
STU_017788,74.3134048214314
STU_017789,83.90949882387196
STU_017790,56.679991331407514
STU_017791,89.89314567496766
STU_017792,69.77943189424973
STU_017793,63.83979164665663
STU_017794,66.03558965606351
STU_017795,69.10119816569345
STU_017796,81.30875673254081
STU_017797,89.20487853684006
STU_017798,96.10869934307574
STU_017799,100.0
STU_017800,90.54751670350498
STU_017801,75.87057241261543
STU_017802,93.6883079573472
STU_017803,60.932136008149484
STU_017804,81.47182828826232
STU_017805,73.14913356523161
STU_017806,69.45690063885547
STU_017807,94.37883819114477
STU_017808,68.64689265754885
STU_017809,81.71070888175473
STU_017810,99.50544614038341
STU_017811,71.41885303423982
STU_017812,86.98590248364223
STU_017813,83.94098828981053
STU_017814,73.51813156578123
STU_017815,68.4058813254891
STU_017816,58.735650328555785
STU_017817,56.22594576425638
STU_017818,88.38203712542648
STU_017819,84.87444077420463
STU_017820,88.33214607297532
STU_017821,72.47665328089872
STU_017822,89.50627959595133
STU_017823,95.56592611922639
STU_017824,52.00066673861181
STU_017825,77.62564302421177
STU_017826,83.87854514113542
STU_017827,85.82847308974058
STU_017828,59.79132840837883
STU_017829,63.4861210108295
STU_017830,68.86760211902192
STU_017831,83.83511479087204
STU_017832,84.04241822302052
STU_017833,57.669815148510224
STU_017834,84.42043385966008
STU_017835,67.09977235953296
STU_017836,79.56051451219257
STU_017837,71.28063046100196
STU_017838,66.11057399905268
STU_017839,96.43813987930035
STU_017840,72.8845585465932
STU_017841,89.7639036616167
STU_017842,77.620657807118
STU_017843,81.53327692320136
STU_017844,66.23892433581797
STU_017845,98.44260285320766
STU_017846,91.84575146998884
STU_017847,52.10462822979379
STU_017848,64.8197101374508
STU_017849,54.563708883692044
STU_017850,70.19401969285913
STU_017851,60.11306219506214
STU_017852,83.78239729873941
STU_017853,71.31353279113902
STU_017854,94.66374469131236
STU_017855,55.688382452180925
STU_017856,82.35394773565444
STU_017857,82.63128818414933
STU_017858,78.34037272191674
STU_017859,64.43956421362827
STU_017860,81.67692062193811
STU_017861,87.42076885125294
STU_017862,72.82811549030404
STU_017863,90.6630752744447
STU_017864,80.37723251149086
STU_017865,71.32603222348652
STU_017866,80.09907662268029
STU_017867,62.90714863723501
STU_017868,96.6535856977684
STU_017869,63.18477169668862
STU_017870,82.87750326763626
STU_017871,92.58445611170148
STU_017872,67.47469988411453
STU_017873,97.18214343984978
STU_017874,79.13066432684437
STU_017875,71.27644277570288
STU_017876,71.4794184378686
STU_017877,52.164917354130175
STU_017878,90.06604099139307
STU_017879,58.15575378034577
STU_017880,94.85793448188024
STU_017881,74.88730193633931
STU_017882,70.6593751000861
STU_017883,92.82273231522191
STU_017884,59.468963368452904
STU_017885,65.28263515911163
STU_017886,80.46110746406794
STU_017887,57.86973731934595
STU_017888,63.621359162315336
STU_017889,100.0
STU_017890,100.0
STU_017891,80.464738228492
STU_017892,54.5350020021763
STU_017893,80.7855356218083
STU_017894,61.60009567117193
STU_017895,70.58536671252554
STU_017896,82.71120245476938
STU_017897,61.115150878082964
STU_017898,83.15937758997342
STU_017899,83.51304819083725
STU_017900,71.95907215994184
STU_017901,89.11236777184519
STU_017902,66.59037926558076
STU_017903,75.37741847947831
STU_017904,80.80815171254686
STU_017905,76.4782942888795
STU_017906,67.84498278109143
STU_017907,75.67742238139247
STU_017908,72.74413587941622
STU_017909,70.10839267984714
STU_017910,71.47499720694478
STU_017911,61.673282740382874
STU_017912,90.74396362940814
STU_017913,88.86375977068792
STU_017914,71.16613221458034
STU_017915,76.36412012137762
STU_017916,77.4977185022203
STU_017917,81.97880258009417
STU_017918,77.0541109498859
STU_017919,92.26548817185159
STU_017920,74.59587487980178
STU_017921,83.51994688215395
STU_017922,74.5723434591565
STU_017923,65.2742236775881
STU_017924,74.75769764237711
STU_017925,67.83669171013658
STU_017926,78.14365890654028
STU_017927,97.57533498791442
STU_017928,85.0802517377036
STU_017929,88.76319893981511
STU_017930,77.26862624926673
STU_017931,65.91588677941303
STU_017932,96.01067919292325
STU_017933,94.71133261696589
STU_017934,92.37194387457443
STU_017935,77.29615686213901
STU_017936,54.911065924410764
STU_017937,82.63279604360207
STU_017938,65.27500272793557
STU_017939,85.74436632689228
STU_017940,74.5685333678114
STU_017941,66.1601870180886
STU_017942,66.6670787799365
STU_017943,56.0554242032388
STU_017944,65.54098237656159
STU_017945,87.60811395302714
STU_017946,65.81765376320863
STU_017947,59.97928710149765
STU_017948,73.15445012615652
STU_017949,57.85355342947801
STU_017950,52.44965351717357
STU_017951,69.30642702100518
STU_017952,94.43525790099507
STU_017953,70.07221868261368
STU_017954,98.73161865233699
STU_017955,67.62932636616617
STU_017956,67.96974576217725
STU_017957,67.64998994843216
STU_017958,46.67233611515451
STU_017959,87.40420477108786
STU_017960,80.03073185936022
STU_017961,91.11838692244501
STU_017962,60.07288760283177
STU_017963,63.840777445849184
STU_017964,52.38575159200076
STU_017965,95.42959610865074
STU_017966,76.66061496344244
STU_017967,77.9998384382939
STU_017968,96.00780655091413
STU_017969,79.62650095094628
STU_017970,54.5990867087682
STU_017971,62.91446258782163
STU_017972,70.17631297670657
STU_017973,67.29490686412191
STU_017974,77.32769830800378
STU_017975,64.25293524233054
STU_017976,66.83515544399353
STU_017977,93.7744670368426
STU_017978,64.00636681007038
STU_017979,73.05246165575578
STU_017980,60.545875241489
STU_017981,95.82301238982619
STU_017982,72.08018161772715
STU_017983,81.80541217067888
STU_017984,71.74945760379305
STU_017985,65.87063127108787
STU_017986,64.01730107347906
STU_017987,82.42584024211685
STU_017988,63.83506350345954
STU_017989,72.64982439467099
STU_017990,75.94757216915188
STU_017991,80.29610526589823
STU_017992,48.76299874407553
STU_017993,97.18491414195603
STU_017994,88.10917996733653
STU_017995,79.781045623975
STU_017996,58.40876303613279
STU_017997,72.73634710285168
STU_017998,85.42416120923275
STU_017999,88.02266944653074
STU_018000,95.23650220808446
STU_018001,76.99165799185089
STU_018002,49.32913615925852
STU_018003,73.44377378075154
STU_018004,82.31145831726451
STU_018005,76.92765470037361
STU_018006,67.65978470941708
STU_018007,96.79433956111552
STU_018008,90.19770240021148
STU_018009,89.216959280199
STU_018010,83.61194198130318
STU_018011,86.80738338122846
STU_018012,70.30765356760527
STU_018013,86.64967031574817
STU_018014,67.11426016375997
STU_018015,75.71778802333955
STU_018016,72.3311222135295
STU_018017,82.2587488311714
STU_018018,97.884267971176
STU_018019,66.49115396546935
STU_018020,74.81908767615404
STU_018021,68.43265057960629
STU_018022,90.26447322077695
STU_018023,83.56198812263911
STU_018024,41.62913254326189
STU_018025,78.09665963532667
STU_018026,71.93395487485083
STU_018027,83.36540755068006
STU_018028,98.06348488002453
STU_018029,69.81268551755917
STU_018030,90.60098963697766
STU_018031,86.04765065976767
STU_018032,70.24908323381518
STU_018033,86.05293548948944
STU_018034,76.18701839182744
STU_018035,89.68364629632472
STU_018036,79.02340960730139
STU_018037,43.684184843096205
STU_018038,65.32847174644844
STU_018039,77.4754301575031
STU_018040,76.82437535686938
STU_018041,65.35927616194594
STU_018042,66.23901553554091
STU_018043,88.89810405286575
STU_018044,74.84597907081024
STU_018045,71.33552204739546
STU_018046,81.84696837619869
STU_018047,59.72990970770665
STU_018048,94.70815079224273
STU_018049,86.04670035451792
STU_018050,84.30874230375579
STU_018051,65.51508223687601
STU_018052,66.09811332261063
STU_018053,65.62056575375499
STU_018054,45.49673055994474
STU_018055,98.70084967338886
STU_018056,40.57604253837676
STU_018057,62.862061251999314
STU_018058,90.09132127893942
STU_018059,89.45883073677348
STU_018060,62.75820914864918
STU_018061,78.33852213066545
STU_018062,84.4139345888467
STU_018063,71.06359194870771
STU_018064,86.47552634191172
STU_018065,85.35608534332926
STU_018066,93.00583565489852
STU_018067,96.10982229798819
STU_018068,80.6921113506951
STU_018069,79.63208224051601
STU_018070,77.96273496250615
STU_018071,91.87430822884954
STU_018072,84.6829810769254
STU_018073,59.902848612207364
STU_018074,70.5731113649061
STU_018075,70.40910812300955
STU_018076,65.70176672265256
STU_018077,57.29125101818326
STU_018078,69.9585340873876
STU_018079,82.26979633258517
STU_018080,90.66157469171063
STU_018081,75.89668373272981
STU_018082,81.80142208244222
STU_018083,93.04962071331605
STU_018084,64.28478621882363
STU_018085,73.6708257520925
STU_018086,86.57760890925812
STU_018087,72.78049092761765
STU_018088,65.64289326354316
STU_018089,55.64998790718989
STU_018090,67.5039154706592
STU_018091,80.50238693448972
STU_018092,76.74485237292087
STU_018093,68.1812962683215
STU_018094,72.95535036922526
STU_018095,78.24103947889095
STU_018096,57.639578899310024
STU_018097,82.47004836029804
STU_018098,61.79995366962386
STU_018099,72.6002049135381
STU_018100,92.3264939990198
STU_018101,82.33805535403573
STU_018102,58.53503068754422
STU_018103,95.90619024492766
STU_018104,62.11239250141881
STU_018105,61.20903694692345
STU_018106,76.19587481266134
STU_018107,77.29107020618906
STU_018108,69.94814415113359
STU_018109,86.81563515553243
STU_018110,79.47690599046452
STU_018111,82.84367460576786
STU_018112,69.18629494027464
STU_018113,60.542306354985044
STU_018114,89.6405266911755
STU_018115,77.70156822215117
STU_018116,67.53269308819783
STU_018117,78.23145040312828
STU_018118,67.0163386205706
STU_018119,96.94872570313555
STU_018120,63.511058141081406
STU_018121,95.37524792235371
STU_018122,80.6181589401015
STU_018123,73.76451774521502
STU_018124,84.46227258303907
STU_018125,70.63136863199973
STU_018126,55.23993129192303
STU_018127,66.13602020691754
STU_018128,53.21596955111539
STU_018129,75.81867221722932
STU_018130,90.67847486780413
STU_018131,73.60460876878524
STU_018132,96.39776549163042
STU_018133,78.44378554983905
STU_018134,100.0
STU_018135,99.12890209349054
STU_018136,47.64415382206743
STU_018137,69.30684743629055
STU_018138,89.98156742042794
STU_018139,78.00697825111689
STU_018140,50.30251080816748
STU_018141,60.84658411823788
STU_018142,74.77524011689566
STU_018143,58.57382641976449
STU_018144,62.797359613540294
STU_018145,78.5728150939875
STU_018146,51.6589652598382
STU_018147,83.94366196866619
STU_018148,78.48718451650454
STU_018149,60.792930059441986
STU_018150,86.11850340367361
STU_018151,69.21437669236421
STU_018152,56.146101805979605
STU_018153,83.2191214410408
STU_018154,59.198323908393334
STU_018155,89.86709849173103
STU_018156,97.74934143212069
STU_018157,53.21478650094676
STU_018158,64.43185708783545
STU_018159,65.41439888721173
STU_018160,66.3963507527568
STU_018161,82.45587377591437
STU_018162,66.2490568048186
STU_018163,97.43440389664391
STU_018164,71.84203498938066
STU_018165,57.84928447161475
STU_018166,75.75781414042298
STU_018167,75.88104276190106
STU_018168,81.57490658060172
STU_018169,64.57409856737459
STU_018170,48.53007535590525
STU_018171,62.30950164610415
STU_018172,84.88985862318549
STU_018173,65.50771398029129
STU_018174,82.3353870704245
STU_018175,74.27164599485386
STU_018176,80.0969326129539
STU_018177,77.87915253638253
STU_018178,72.09495777069152
STU_018179,71.67067026186389
STU_018180,92.19590614271827
STU_018181,71.91967601605123
STU_018182,77.60942692388609
STU_018183,72.1018769833331
STU_018184,53.88421630648266
STU_018185,66.61359402036607
STU_018186,90.01616392007764
STU_018187,59.86496313762551
STU_018188,86.28685283343441
STU_018189,77.46035179229494
STU_018190,69.19386702192331
STU_018191,79.30276237764198
STU_018192,78.45212648341344
STU_018193,81.05072913799664
STU_018194,70.70947811788189
STU_018195,85.32109548619616
STU_018196,56.49087965580165
STU_018197,90.76070830594836
STU_018198,79.52975554222454
STU_018199,72.78913232016599
STU_018200,86.56912981643191
STU_018201,72.57279328435129
STU_018202,46.32640796368719
STU_018203,78.91471008486883
STU_018204,75.49797185987589
STU_018205,69.10211842547325
STU_018206,70.3143728481909
STU_018207,75.43067444049514
STU_018208,74.45517043241162
STU_018209,62.50237018561193
STU_018210,86.21548643264276
STU_018211,99.04090244923259
STU_018212,74.11353359807711
STU_018213,52.277834706549996
STU_018214,78.91992303952419
STU_018215,70.31476528383345
STU_018216,79.24824627497796
STU_018217,61.387342733633126
STU_018218,74.63263673486347
STU_018219,88.28160388163445
STU_018220,81.15991711915474
STU_018221,94.55943059877825
STU_018222,87.42108417605583
STU_018223,86.74827318192251
STU_018224,83.58890099222808
STU_018225,74.52258987901932
STU_018226,80.06571499889982
STU_018227,77.65234917939034
STU_018228,77.79482070320594
STU_018229,75.37723741757955
STU_018230,87.12074321111288
STU_018231,71.97309103126454
STU_018232,59.608137813862456
STU_018233,58.48590807745543
STU_018234,93.25344749551789
STU_018235,82.9325314053963
STU_018236,98.14497907092274
STU_018237,55.29843676620457
STU_018238,73.66016891671862
STU_018239,90.00670122670667
STU_018240,57.81237525604338
STU_018241,86.48909772681222
STU_018242,72.84187815835456
STU_018243,80.65210228740634
STU_018244,93.43560525727456
STU_018245,75.5165790985778
STU_018246,76.65803681893354
STU_018247,56.90112821964395
STU_018248,75.35386585705157
STU_018249,71.15668908999787
STU_018250,69.34407583856924
STU_018251,69.38050903881097
STU_018252,94.36138408484915
STU_018253,56.09909913408315
STU_018254,87.677266742064
STU_018255,76.31926976524454
STU_018256,90.70192497652593
STU_018257,76.1489327579079
STU_018258,84.83327786445864
STU_018259,89.53507115902696
STU_018260,84.30092141210775
STU_018261,73.82719840345484
STU_018262,56.71773610038001
STU_018263,79.8415946085191
STU_018264,80.91159508783994
STU_018265,79.98819288277409
STU_018266,85.6616355647574
STU_018267,69.25193177639153
STU_018268,79.18189756329136
STU_018269,67.64792017016129
STU_018270,68.97234861421093
STU_018271,72.74527434812325
STU_018272,50.95351171892855
STU_018273,96.33102660402942
STU_018274,68.27423916805957
STU_018275,87.33889464670418
STU_018276,85.64484256483767
STU_018277,80.54483650540735
STU_018278,80.63020700166427
STU_018279,56.36817462921648
STU_018280,86.60596163200253
STU_018281,97.4786085429663
STU_018282,68.53926870499363
STU_018283,62.04491493565217
STU_018284,68.21039144236619
STU_018285,88.54619819108078
STU_018286,64.57623037244403
STU_018287,93.2660300530712
STU_018288,66.75805429123393
STU_018289,89.31518144226727
STU_018290,65.00777847164667
STU_018291,74.99466260352573
STU_018292,81.82725285587462
STU_018293,69.06912225043575
STU_018294,83.20538924520478
STU_018295,51.85669233885092
STU_018296,85.39191141217647
STU_018297,81.59506064465819
STU_018298,97.46739783532306
STU_018299,64.56387658043857
STU_018300,81.3199759287112
STU_018301,68.70218492121293
STU_018302,68.5806687876201
STU_018303,96.97141662131338
STU_018304,65.71308695589629
STU_018305,55.41518300474462
STU_018306,64.259229225272
STU_018307,76.76030131321309
STU_018308,84.40231466886664
STU_018309,66.49596992914941
STU_018310,89.10074586543669
STU_018311,68.12530275884416
STU_018312,77.1097072245835
STU_018313,83.44267134971909
STU_018314,67.07670460752172
STU_018315,94.6681599113149
STU_018316,74.75125564142034
STU_018317,85.71765744827283
STU_018318,61.196296115364404
STU_018319,58.95531255847981
STU_018320,86.27407641375486
STU_018321,91.38386120266429
STU_018322,77.52766953204578
STU_018323,100.0
STU_018324,58.975914563353506
STU_018325,73.92618018598193
STU_018326,70.37272518710475
STU_018327,85.09420944002497
STU_018328,73.43398994253022
STU_018329,74.07180001254086
STU_018330,51.10387084042119
STU_018331,83.3153277796342
STU_018332,89.49902983233353
STU_018333,65.01384279882654
STU_018334,85.91599939090551
STU_018335,61.02092436962252
STU_018336,74.3590430824662
STU_018337,69.91757949212317
STU_018338,71.74479816358532
STU_018339,85.56583393821774
STU_018340,86.9719347204847
STU_018341,66.74317215602879
STU_018342,62.264872539355274
STU_018343,58.8829438711909
STU_018344,79.421641642872
STU_018345,72.99706120440813
STU_018346,72.48288263467279
STU_018347,71.59235609679031
STU_018348,95.91424837642113
STU_018349,79.85952485978915
STU_018350,86.90732846932434
STU_018351,80.47623035433284
STU_018352,88.58243849633828
STU_018353,80.85148495133227
STU_018354,97.54864806582151
STU_018355,72.34063895386173
STU_018356,76.85312509590048
STU_018357,68.56980251083894
STU_018358,78.29742255554689
STU_018359,98.14766874023167
STU_018360,93.17970203102936
STU_018361,51.36365679495397
STU_018362,66.287841784319
STU_018363,48.85177257495496
STU_018364,88.16627315192112
STU_018365,87.68942709591956
STU_018366,56.23997676758975
STU_018367,77.10850848459853
STU_018368,68.98357081887491
STU_018369,80.21932153286137
STU_018370,59.97491437037841
STU_018371,84.02093956150891
STU_018372,88.26367165822194
STU_018373,64.6938842271036
STU_018374,79.536193510651
STU_018375,65.62287435543925
STU_018376,80.91295707386966
STU_018377,85.53472952065871
STU_018378,89.63625717024831
STU_018379,51.60332972090935
STU_018380,82.03322377151062
STU_018381,72.70285153443189
STU_018382,85.78201960836242
STU_018383,89.79945870371901
STU_018384,67.22205610423269
STU_018385,94.76629330972979
STU_018386,74.68608417091237
STU_018387,80.56585056792481
STU_018388,98.00705767484189
STU_018389,64.6312778569001
STU_018390,55.79012030985838
STU_018391,81.90058626975731
STU_018392,100.0
STU_018393,77.49332509158754
STU_018394,82.3791227584588
STU_018395,74.28907132743237
STU_018396,60.472230682264
STU_018397,68.1667582261018
STU_018398,76.67284264899834
STU_018399,99.06521640961304
STU_018400,72.872742506198
STU_018401,78.96376404183235
STU_018402,75.95248737806271
STU_018403,90.30930859195642
STU_018404,85.54101740507508
STU_018405,83.53345185327667
STU_018406,69.13602140956004
STU_018407,96.30361970376813
STU_018408,80.40512544513602
STU_018409,63.21259528619907
STU_018410,93.2196133886484
STU_018411,73.87231185842991
STU_018412,77.48691746596971
STU_018413,89.68653307344874
STU_018414,93.72233333558654
STU_018415,70.72124121714329
STU_018416,79.77369792308014
STU_018417,61.53316694885834
STU_018418,95.5594370835014
STU_018419,76.67213507642501
STU_018420,88.499067879291
STU_018421,89.70122275913425
STU_018422,90.10227371107592
STU_018423,82.70374591351617
STU_018424,53.767396853879845
STU_018425,91.58617761218619
STU_018426,70.05004559372935
STU_018427,75.59259853919029
STU_018428,77.87433412005417
STU_018429,95.54174737051659
STU_018430,62.759559208902424
STU_018431,81.09945641213636
STU_018432,92.24676215191425
STU_018433,70.90112081150153
STU_018434,76.70777422969437
STU_018435,68.40351947984902
STU_018436,77.99212147166186
STU_018437,87.52540973447717
STU_018438,66.08839191953618
STU_018439,99.25455921589064
STU_018440,77.47827796773907
STU_018441,74.73969391879139
STU_018442,76.72765903259088
STU_018443,56.93765089921368
STU_018444,65.85734133401012
STU_018445,95.48935240089644
STU_018446,79.71607752736098
STU_018447,91.01236460432848
STU_018448,70.8938815824576
STU_018449,93.58476173793673
STU_018450,70.99295183473464
STU_018451,69.9230503400911
STU_018452,57.31923060987269
STU_018453,62.983900686246294
STU_018454,47.339614749104804
STU_018455,50.42438815507094
STU_018456,75.99615391230184
STU_018457,58.26225744309242
STU_018458,71.97563563320084
STU_018459,60.06609699168767
STU_018460,70.86557499677464
STU_018461,92.50049759512174
STU_018462,55.480525424658
STU_018463,79.1698761698731
STU_018464,61.678005878054606
STU_018465,76.57322888071558
STU_018466,63.13035357196802
STU_018467,83.81634108698907
STU_018468,71.37947764769345
STU_018469,79.75288456039829
STU_018470,89.50027953896107
STU_018471,85.31511085752771
STU_018472,61.17249595670507
STU_018473,84.35077268512673
STU_018474,87.61853936269168
STU_018475,75.2616090306804
STU_018476,78.64946682844206
STU_018477,48.02366935741989
STU_018478,99.26873849882233
STU_018479,93.71581254684779
STU_018480,90.93350076188784
STU_018481,67.24493736946545
STU_018482,64.33963286310906
STU_018483,87.72407159370991
STU_018484,82.22272284167626
STU_018485,69.23899771077521
STU_018486,69.07437179502962
STU_018487,57.55680814658866
STU_018488,73.54909340821729
STU_018489,62.73075651269461
STU_018490,71.54061592614457
STU_018491,82.75421909725802
STU_018492,75.14109878486535
STU_018493,81.8653744932477
STU_018494,79.55047929840796
STU_018495,83.32240761618087
STU_018496,65.69696355830258
STU_018497,94.03967982949484
STU_018498,69.5762807786955
STU_018499,68.07023347375217
STU_018500,78.63028850481584
STU_018501,100.0
STU_018502,66.73046057564524
STU_018503,46.05039573203234
STU_018504,99.41114260976627
STU_018505,70.31860417441757
STU_018506,81.1158887922961
STU_018507,74.42444004967196
STU_018508,83.6392259012105
STU_018509,59.31617513636085
STU_018510,84.14916673850712
STU_018511,82.5795270803003
STU_018512,76.13319363325192
STU_018513,79.82340731418522
STU_018514,62.017697687101034
STU_018515,68.71082993214864
STU_018516,65.47683227362535
STU_018517,86.58799020229918
STU_018518,59.849057930421885
STU_018519,57.87253814675009
STU_018520,84.82788630663724
STU_018521,73.30627749000536
STU_018522,81.88762152507833
STU_018523,87.5245072770019
STU_018524,92.43184381614086
STU_018525,72.94014065748868
STU_018526,58.67718186480945
STU_018527,84.42705476493396
STU_018528,87.51426872647853
STU_018529,77.6497110038044
STU_018530,75.01243649958577
STU_018531,88.25629088200833
STU_018532,66.9588321627496
STU_018533,72.72771952912865
STU_018534,64.96118806074443
STU_018535,88.56298242370764
STU_018536,99.33629104592139
STU_018537,84.78776873007283
STU_018538,75.89428948972828
STU_018539,56.81455447859024
STU_018540,81.5860367840212
STU_018541,64.18080626265512
STU_018542,89.91773520104078
STU_018543,73.90588572749927
STU_018544,74.17100267911692
STU_018545,71.22171763446072
STU_018546,90.78479756281378
STU_018547,74.18292996670576
STU_018548,85.71065634627007
STU_018549,86.81733481389341
STU_018550,75.0066009567578
STU_018551,78.6638352393947
STU_018552,64.47361049403125
STU_018553,70.11583419641437
STU_018554,63.65904636373271
STU_018555,58.783931617322935
STU_018556,81.34949428503123
STU_018557,66.13287650402958
STU_018558,65.10556050004269
STU_018559,68.80767872818848
STU_018560,81.8373607958157
STU_018561,76.31508152839827
STU_018562,86.02836418774936
STU_018563,79.3024740487719
STU_018564,84.33351568474882
STU_018565,63.81691911601223
STU_018566,68.26011055822337
STU_018567,90.72743237709568
STU_018568,81.15678788980858
STU_018569,81.66185036718588
STU_018570,71.19205563741826
STU_018571,79.72827055464374
STU_018572,62.124360738306905
STU_018573,81.46079092650808
STU_018574,73.98419908535534
STU_018575,72.48003420588499
STU_018576,77.86811229576861
STU_018577,70.04433837622545
STU_018578,84.22771627441375
STU_018579,53.62127952766606
STU_018580,96.15050384567394
STU_018581,70.764022018222
STU_018582,80.95270850712335
STU_018583,91.38454332519878
STU_018584,85.08117462671503
STU_018585,76.14098171036149
STU_018586,90.83025636718634
STU_018587,95.84009631411658
STU_018588,54.97761477529399
STU_018589,84.72121672418243
STU_018590,71.36789292937094
STU_018591,90.19972538009972
STU_018592,46.422888059221
STU_018593,86.67594104523744
STU_018594,69.9606781551571
STU_018595,74.53990991704438
STU_018596,61.6666626907962
STU_018597,73.0273646229566
STU_018598,62.66905262434471
STU_018599,56.64386147085777
STU_018600,83.85873602731475
STU_018601,65.36259712921965
STU_018602,69.78222828438955
STU_018603,68.44682934071452
STU_018604,76.2749661722415
STU_018605,46.464541712626755
STU_018606,72.94183993315453
STU_018607,90.01154027835383
STU_018608,93.15629468527365
STU_018609,89.37895298584651
STU_018610,100.0
STU_018611,70.14567096371353
STU_018612,74.31473062861387
STU_018613,85.84645681456165
STU_018614,77.44121207125488
STU_018615,54.33053585103131
STU_018616,83.38182494823657
STU_018617,72.21527279848252
STU_018618,67.25831024734323
STU_018619,73.07985927827511
STU_018620,87.98131595924514
STU_018621,62.1323358051408
STU_018622,79.92707061817991
STU_018623,65.60509221968269
STU_018624,77.09395302228772
STU_018625,82.59246651758892
STU_018626,66.83566266351899
STU_018627,70.96902826492823
STU_018628,62.87535262709296
STU_018629,74.64851417377835
STU_018630,62.629194690944374
STU_018631,91.78406430153979
STU_018632,82.11848844084281
STU_018633,69.57712873868094
STU_018634,68.72949188158385
STU_018635,68.18914458328548
STU_018636,72.48562688327894
STU_018637,71.71788961833697
STU_018638,99.62473325393123
STU_018639,89.34201998195061
STU_018640,69.27973951553443
STU_018641,60.38801809197695
STU_018642,81.57547630021409
STU_018643,65.62314207758486
STU_018644,54.228762205848284
STU_018645,95.26968316847791
STU_018646,67.22142245707634
STU_018647,94.60990233374869
STU_018648,60.10659148476561
STU_018649,59.31840136713491
STU_018650,75.52950569276464
STU_018651,67.4439573752959
STU_018652,85.059578195038
STU_018653,76.1285302289635
STU_018654,77.4856723058817
STU_018655,66.43667483957576
STU_018656,72.58021239377872
STU_018657,89.2529656504482
STU_018658,85.93698369111141
STU_018659,82.76877424572362
STU_018660,73.05434488226135
STU_018661,60.286331095733466
STU_018662,61.375725675618895
STU_018663,74.9791437577546
STU_018664,52.32040448858985
STU_018665,68.22336031989745
STU_018666,63.15863074152989
STU_018667,57.75901394106719
STU_018668,48.670238496121655
STU_018669,74.85310712358994
STU_018670,70.20835430109963
STU_018671,60.84373796016037
STU_018672,75.18829137852913
STU_018673,63.013946240856676
STU_018674,65.4735315964618
STU_018675,78.60949082843294
STU_018676,65.04204851909752
STU_018677,72.14646616490997
STU_018678,89.04172865774768
STU_018679,88.73015303764234
STU_018680,58.563837222145814
STU_018681,82.8992388161177
STU_018682,84.49094614117918
STU_018683,80.19559468897945
STU_018684,87.32879518607089
STU_018685,73.3401761419311
STU_018686,85.80466181815588
STU_018687,72.72002196562856
STU_018688,65.92911436581564
STU_018689,84.89882215078656
STU_018690,70.29346255385484
STU_018691,68.61514954674234
STU_018692,75.48713128219863
STU_018693,67.34736890219439
STU_018694,86.58684563496871
STU_018695,75.51837359181974
STU_018696,67.84725464291726
STU_018697,80.29293790823667
STU_018698,87.43700894187315
STU_018699,68.61178046067182
STU_018700,100.0
STU_018701,71.17080888354654
STU_018702,82.38384165429345
STU_018703,64.30896334950901
STU_018704,87.78335375081052
STU_018705,71.06076696049449
STU_018706,89.49247943183966
STU_018707,65.74822336685031
STU_018708,73.77044888146504
STU_018709,92.56329730628474
STU_018710,82.98940349154164
STU_018711,63.98374580874244
STU_018712,89.45972563181606
STU_018713,72.56155042706393
STU_018714,79.31790576712183
STU_018715,99.91202328977639
STU_018716,64.30212675191981
STU_018717,74.74937269455951
STU_018718,56.15691121994098
STU_018719,81.71844347186881
STU_018720,66.84248344939893
STU_018721,89.49370660290633
STU_018722,58.90399052217184
STU_018723,58.4003208488525
STU_018724,70.70306875678354
STU_018725,81.69597277234172
STU_018726,68.63455721139869
STU_018727,86.76231256909844
STU_018728,75.94792521426501
STU_018729,90.36359166212569
STU_018730,88.1248976277572
STU_018731,67.73300050253732
STU_018732,75.08756569673494
STU_018733,92.1713885098091
STU_018734,80.71739921294322
STU_018735,79.31053432601936
STU_018736,56.66335682038459
STU_018737,73.32395703650892
STU_018738,73.6506364501849
STU_018739,82.2504813938542
STU_018740,68.04015532040628
STU_018741,51.42770022435525
STU_018742,90.12942357973955
STU_018743,62.82474598464659
STU_018744,98.71714009126558
STU_018745,81.3939995518188
STU_018746,67.22469571228527
STU_018747,88.8296534470247
STU_018748,50.731642656007054
STU_018749,54.35700412127737
STU_018750,86.45119884744665
STU_018751,81.77024877548149
STU_018752,55.51822700807049
STU_018753,61.703910983060645
STU_018754,92.4124236160547
STU_018755,89.66447579385918
STU_018756,72.85585639229811
STU_018757,89.36320455863367
STU_018758,90.59068924083925
STU_018759,90.59442945330858
STU_018760,72.69132887131485
STU_018761,73.30723536114803
STU_018762,77.68206451799642
STU_018763,66.6992845764587
STU_018764,79.56730557155589
STU_018765,75.46139210789377
STU_018766,66.88279703951679
STU_018767,80.4048119231706
STU_018768,77.78240559559704
STU_018769,52.74413463817602
STU_018770,82.64638572411934
STU_018771,65.09029310147463
STU_018772,89.38861244964731
STU_018773,82.33896642120924
STU_018774,66.37162295124688
STU_018775,86.71878149452974
STU_018776,88.05163953051357
STU_018777,58.09489444643303
STU_018778,95.51328470790988
STU_018779,92.53170226525809
STU_018780,65.41919855037835
STU_018781,89.91208827019415
STU_018782,96.3505486972987
STU_018783,82.0691694347667
STU_018784,81.57480521167527
STU_018785,86.0993084674219
STU_018786,70.8730839807925
STU_018787,57.831652633448996
STU_018788,68.89621654384094
STU_018789,73.17314325115728
STU_018790,89.93675994797839
STU_018791,67.70021938325984
STU_018792,60.4708912744282
STU_018793,60.762344094081634
STU_018794,63.13086126579663
STU_018795,91.29640496638262
STU_018796,59.1628310659854
STU_018797,62.13879565310533
STU_018798,65.75149499968784
STU_018799,84.66847548800264
STU_018800,85.58088481841821
STU_018801,79.24362241802612
STU_018802,73.60661311482772
STU_018803,67.93998114778546
STU_018804,57.40648185097585
STU_018805,68.06325974815137
STU_018806,86.05229032765516
STU_018807,77.58833969927336
STU_018808,65.48449503276531
STU_018809,87.86087738824418
STU_018810,80.87905028272613
STU_018811,49.17129142122048
STU_018812,83.0736714372911
STU_018813,71.54945992187821
STU_018814,49.838224457704754
STU_018815,86.91437099524919
STU_018816,66.39087400168007
STU_018817,71.69052410958714
STU_018818,86.44173646406425
STU_018819,70.73242421243935
STU_018820,93.192689469519
STU_018821,82.30398537839767
STU_018822,75.36173175771269
STU_018823,97.36322696380401
STU_018824,64.92083726801641
STU_018825,74.64332690492405
STU_018826,69.24360434410497
STU_018827,71.9947848528815
STU_018828,65.3749359057484
STU_018829,57.78140866606819
STU_018830,86.43398297710661
STU_018831,85.60837820076449
STU_018832,87.89602506891302
STU_018833,60.45621023796349
STU_018834,56.18444405400113
STU_018835,59.82890715871048
STU_018836,76.84675628858884
STU_018837,76.908217161834
STU_018838,61.10839880460791
STU_018839,79.768085998776
STU_018840,84.70635470394814
STU_018841,87.56536739939355
STU_018842,80.25514791394791
STU_018843,75.7512531238951
STU_018844,66.55236360094983
STU_018845,80.22092527395908
STU_018846,98.1124528074821
STU_018847,98.97400743069937
STU_018848,82.12747789256488
STU_018849,71.62381385179802
STU_018850,77.0130702198055
STU_018851,64.7343496244226
STU_018852,55.30680430911719
STU_018853,62.66689803864631
STU_018854,62.750601149438204
STU_018855,73.79442908262462
STU_018856,66.37482875768657
STU_018857,85.68173273103943
STU_018858,82.27082330020988
STU_018859,93.98658416893254
STU_018860,69.53934421400473
STU_018861,76.27746263891127
STU_018862,86.66688582952847
STU_018863,67.76125172101699
STU_018864,64.10821934563002
STU_018865,75.66695342945513
STU_018866,72.80928670834295
STU_018867,65.62547311526846
STU_018868,79.77359541260329
STU_018869,73.93488468109756
STU_018870,84.95000010859637
STU_018871,93.88791065384659
STU_018872,82.41425002373333
STU_018873,70.82137079533605
STU_018874,83.2196845883813
STU_018875,97.74697165088398
STU_018876,66.3374013174611
STU_018877,59.852967801994225
STU_018878,94.57971153921457
STU_018879,85.00880154641999
STU_018880,81.86360889707115
STU_018881,65.5667059493431
STU_018882,70.97644816758717
STU_018883,71.7406179520186
STU_018884,91.00322137637197
STU_018885,57.56824740612801
STU_018886,85.26899461885694
STU_018887,70.40824053611622
STU_018888,92.65959066382533
STU_018889,62.510563948017044
STU_018890,47.27456780569522
STU_018891,77.88236750125779
STU_018892,79.19981903918665
STU_018893,85.52307770889708
STU_018894,98.96270686618266
STU_018895,77.48943359533189
STU_018896,83.04622267418259
STU_018897,71.28195111703462
STU_018898,68.73544211596636
STU_018899,71.72215824084475
STU_018900,77.98491133115249
STU_018901,84.04921649113201
STU_018902,97.3129542649847
STU_018903,88.18777958510913
STU_018904,76.7625262756574
STU_018905,65.3114841795848
STU_018906,79.75779336891259
STU_018907,77.80619116024013
STU_018908,73.17889717495576
STU_018909,76.40623347564069
STU_018910,74.35893875910438
STU_018911,58.619895552147554
STU_018912,83.19333220488821
STU_018913,67.72892174631271
STU_018914,70.13737290182335
STU_018915,79.03878445758895
STU_018916,64.23936609660899
STU_018917,81.89555047958595
STU_018918,90.5574219812837
STU_018919,81.9701918001748
STU_018920,56.39446830399271
STU_018921,74.22771714739166
STU_018922,65.2383281925035
STU_018923,98.23450598801365
STU_018924,66.84950455457746
STU_018925,77.02253589771075
STU_018926,83.16347152582125
STU_018927,77.23535613538183
STU_018928,70.0224174110467
STU_018929,74.6017682192108
STU_018930,56.33764105180604
STU_018931,58.89653627643589
STU_018932,54.606400058502885
STU_018933,73.99900104386455
STU_018934,76.50200958691043
STU_018935,70.52155000245874
STU_018936,72.34668149568157
STU_018937,85.64246652411964
STU_018938,81.57461312413602
STU_018939,67.60345585145497
STU_018940,80.7549540498142
STU_018941,86.25731115671206
STU_018942,57.547595671140286
STU_018943,79.0056427470674
STU_018944,76.36283501164365
STU_018945,75.1388313504755
STU_018946,79.5597919548659
STU_018947,69.10333225456675
STU_018948,69.47522797859367
STU_018949,72.03179814164939
STU_018950,84.29222070658565
STU_018951,71.23896057587669
STU_018952,64.57015121947443
STU_018953,69.06305497002556
STU_018954,80.0608963177176
STU_018955,71.6285451937783
STU_018956,63.1600884404654
STU_018957,71.18817682988124
STU_018958,79.50726763367896
STU_018959,78.86887916782895
STU_018960,71.1174305260617
STU_018961,66.81229221093436
STU_018962,80.52954816574352
STU_018963,93.73273424845021
STU_018964,65.77546229575746
STU_018965,84.77109124702136
STU_018966,97.21990084436213
STU_018967,95.14879356343738
STU_018968,76.75349791615373
STU_018969,76.64952976154413
STU_018970,89.69620027318433
STU_018971,57.79672992022531
STU_018972,76.0158760681148
STU_018973,86.15400529867051
STU_018974,59.474713816845146
STU_018975,78.21109467104515
STU_018976,73.54623794615823
STU_018977,86.78803230438055
STU_018978,83.09644449630139
STU_018979,62.6733324816917
STU_018980,79.5529468698607
STU_018981,57.691075583848715
STU_018982,75.51140240058224
STU_018983,75.23090940489514
STU_018984,73.79931751276429
STU_018985,81.97738612924374
STU_018986,81.71356679040827
STU_018987,83.72446191546953
STU_018988,71.8557600038754
STU_018989,84.99584901197278
STU_018990,86.3531887205266
STU_018991,62.90044809406848
STU_018992,71.4769251571925
STU_018993,75.95172070593695
STU_018994,81.24314380251056
STU_018995,93.06576904404707
STU_018996,68.15153086260717
STU_018997,69.10599184270946
STU_018998,73.99186035262376
STU_018999,90.20478506178812
STU_019000,73.19625044243544
STU_019001,65.08573178034821
STU_019002,66.98715910561747
STU_019003,85.58943912231132
STU_019004,79.87908061256454
STU_019005,90.5259945024127
STU_019006,90.4016636957698
STU_019007,100.0
STU_019008,76.06078069296439
STU_019009,100.0
STU_019010,51.29553938474599
STU_019011,85.07784888304832
STU_019012,75.41336696343798
STU_019013,64.00930315815103
STU_019014,100.0
STU_019015,51.324919604320854
STU_019016,61.00702888240508
STU_019017,93.76517519029846
STU_019018,74.23978929095001
STU_019019,72.77804289731236
STU_019020,96.81627258582294
STU_019021,39.05566083710438
STU_019022,68.48100935460012
STU_019023,90.37196304215512
STU_019024,71.84950557105383
STU_019025,92.53325770679976
STU_019026,94.64963717985702
STU_019027,77.21654168951197
STU_019028,61.47265187970634
STU_019029,60.592125106554306
STU_019030,69.33989942366165
STU_019031,81.96267064886523
STU_019032,80.67328942006253
STU_019033,80.7162009863695
STU_019034,67.97869478967735
STU_019035,86.0671715421893
STU_019036,90.31368505986404
STU_019037,86.76425340279891
STU_019038,70.67302464766188
STU_019039,73.93376180149373
STU_019040,74.61563438012242
STU_019041,78.08441384005098
STU_019042,80.93426257737573
STU_019043,89.65880198181453
STU_019044,81.64506678567483
STU_019045,72.07333505419265
STU_019046,63.17302363982891
STU_019047,52.56469700898346
STU_019048,84.71453284366245
STU_019049,57.58542087372134
STU_019050,86.36991754991193
STU_019051,65.79643954264859
STU_019052,64.20654803159728
STU_019053,78.1159570826205
STU_019054,72.3541847222912
STU_019055,51.83015977418813
STU_019056,81.40046097452681
STU_019057,82.60351839601378
STU_019058,81.12481998319672
STU_019059,49.67534244815549
STU_019060,66.16294689166537
STU_019061,54.5306322185771
STU_019062,83.48407876137496
STU_019063,71.03810725313166
STU_019064,62.81924491328719
STU_019065,91.49055487275714
STU_019066,60.064065397802814
STU_019067,79.3422639421938
STU_019068,67.51435774237218
STU_019069,57.27657048354925
STU_019070,72.14366393037574
STU_019071,67.48250690790529
STU_019072,97.45208272648608
STU_019073,65.90260865368126
STU_019074,69.39552748240531
STU_019075,69.31115316976637
STU_019076,62.37901559688339
STU_019077,93.86459631922213
STU_019078,91.89799293492578
STU_019079,82.47249730414069
STU_019080,58.77411989135677
STU_019081,78.78359373021492
STU_019082,87.03321156797773
STU_019083,57.757874321983536
STU_019084,60.534121831932794
STU_019085,63.799236220026245
STU_019086,49.62115798048817
STU_019087,73.60658948192263
STU_019088,72.64720446162931
STU_019089,73.75914919845313
STU_019090,86.9368977528394
STU_019091,77.11930317244986
STU_019092,80.67000043613889
STU_019093,77.22286661193179
STU_019094,87.27446048499749
STU_019095,74.79633134425652
STU_019096,83.02544338927206
STU_019097,85.58401848265157
STU_019098,59.479634995215974
STU_019099,67.00627247290242
STU_019100,71.15548797581522
STU_019101,59.62525226387322
STU_019102,73.31647098158872
STU_019103,86.55961754593181
STU_019104,65.39928636734567
STU_019105,61.56796334302309
STU_019106,63.07396483935384
STU_019107,83.17936100614747
STU_019108,72.67571803077116
STU_019109,96.44367079822717
STU_019110,90.89880117716882
STU_019111,75.08184983340203
STU_019112,95.38563356306031
STU_019113,83.45496359858507
STU_019114,96.6337995976078
STU_019115,82.4397560664242
STU_019116,78.74129691192283
STU_019117,62.34874346593689
STU_019118,77.85133584007832
STU_019119,74.79782523920798
STU_019120,65.89707244876512
STU_019121,96.02948627179694
STU_019122,80.28977202951853
STU_019123,68.34733936676938
STU_019124,92.03471227378566
STU_019125,74.54743749583702
STU_019126,74.83310516915431
STU_019127,70.81352165258517
STU_019128,89.29622301094632
STU_019129,62.96182017255096
STU_019130,58.68978200515951
STU_019131,83.8548592478686
STU_019132,90.11196494107327
STU_019133,59.998632527031475
STU_019134,66.81002479906496
STU_019135,95.90223284200516
STU_019136,90.27641099790593
STU_019137,63.41096736416691
STU_019138,87.22081894457645
STU_019139,85.1631948304661
STU_019140,83.5315020363041
STU_019141,88.72110195864965
STU_019142,82.79095813756064
STU_019143,81.51226203721751
STU_019144,76.35176409412917
STU_019145,65.3334254493446
STU_019146,92.34328052062307
STU_019147,77.16953395503054
STU_019148,93.91226915120342
STU_019149,83.3897328167288
STU_019150,79.86593102810376
STU_019151,90.4786749173148
STU_019152,49.408087050828314
STU_019153,69.46148292685496
STU_019154,89.40790464013273
STU_019155,100.0
STU_019156,77.11276002614858
STU_019157,85.6478511995499
STU_019158,54.5588318052466
STU_019159,72.1224446255811
STU_019160,65.26604021374496
STU_019161,61.763174934641405
STU_019162,61.55432076433693
STU_019163,74.13779499637128
STU_019164,71.70455258888272
STU_019165,82.21094892363445
STU_019166,91.78852700133032
STU_019167,86.23338672979745
STU_019168,88.64812545131551
STU_019169,70.62284259784934
STU_019170,90.32394706848257
STU_019171,76.16609569313516
STU_019172,85.50988057054167
STU_019173,76.53453193558924
STU_019174,59.36298589277257
STU_019175,74.12588678949103
STU_019176,77.13199141547969
STU_019177,92.23230381894359
STU_019178,37.95664664195265
STU_019179,75.99035924883938
STU_019180,65.92563463174605
STU_019181,92.58184234728694
STU_019182,61.15634885036377
STU_019183,92.64281051641073
STU_019184,90.43421690389388
STU_019185,96.3768164898213
STU_019186,96.24008702417477
STU_019187,72.80784246797556
STU_019188,96.14754294771996
STU_019189,86.20660603426832
STU_019190,73.34756817154408
STU_019191,62.68897891657998
STU_019192,93.78609813311158
STU_019193,69.16146569251165
STU_019194,68.65216420305511
STU_019195,80.73195018835038
STU_019196,79.49874612575462
STU_019197,91.0026825905003
STU_019198,76.91243884284347
STU_019199,100.0
STU_019200,69.62857180994776
STU_019201,82.63648661365578
STU_019202,76.31649321458163
STU_019203,56.16094921400125
STU_019204,60.66001940824794
STU_019205,79.40048391255976
STU_019206,51.99376919592202
STU_019207,69.13883834797451
STU_019208,69.12282601071999
STU_019209,70.9068853476403
STU_019210,60.713938142436035
STU_019211,66.48195749541371
STU_019212,72.82426632007635
STU_019213,69.1872197889789
STU_019214,70.473360704803
STU_019215,97.96761701146647
STU_019216,69.29104610317637
STU_019217,75.11250954038816
STU_019218,48.82306831928797
STU_019219,82.2258737090212
STU_019220,73.69210367722752
STU_019221,63.02898645346083
STU_019222,80.88662400319276
STU_019223,79.56099304322467
STU_019224,94.22619038485723
STU_019225,57.466691564711745
STU_019226,59.63295769952633
STU_019227,68.46231505610469
STU_019228,59.38826195117588
STU_019229,79.4797919010459
STU_019230,66.83292047558898
STU_019231,85.03025923697885
STU_019232,84.88086681230496
STU_019233,56.57637595997
STU_019234,67.8642766079701
STU_019235,79.47284291810688
STU_019236,79.62673403621505
STU_019237,74.76082908652411
STU_019238,73.2882067130927
STU_019239,84.07945054993215
STU_019240,77.4701205458185
STU_019241,95.0211002990964
STU_019242,67.81423077252464
STU_019243,88.10457783561506
STU_019244,77.88131577066484
STU_019245,53.13449897617993
STU_019246,59.4560209731878
STU_019247,85.19843835048928
STU_019248,85.3301674614344
STU_019249,91.76122556139696
STU_019250,61.2409886807328
STU_019251,91.3942351302911
STU_019252,71.38349224193666
STU_019253,62.366760188950195
STU_019254,51.19798344482139
STU_019255,68.03874781280153
STU_019256,85.75390132214028
STU_019257,62.687808407553106
STU_019258,52.070934467826476
STU_019259,72.43855115488591
STU_019260,79.83340595400378
STU_019261,69.03722425484789
STU_019262,88.98176835747151
STU_019263,72.6361303638708
STU_019264,74.75521568267928
STU_019265,90.2311536046312
STU_019266,84.60134828704773
STU_019267,55.76600285738611
STU_019268,73.87112998485037
STU_019269,80.7879560346357
STU_019270,84.9863205586909
STU_019271,52.69387557936746
STU_019272,66.48254496353184
STU_019273,89.43907611544822
STU_019274,98.74408110899216
STU_019275,100.0
STU_019276,60.24733346088021
STU_019277,96.063602007014
STU_019278,82.62653622345874
STU_019279,77.18327866212795
STU_019280,60.97274518248682
STU_019281,85.3114517763915
STU_019282,64.60344864819973
STU_019283,95.92084248730137
STU_019284,81.95778873440392
STU_019285,71.89551308277544
STU_019286,90.0325779297471
STU_019287,79.24260867790751
STU_019288,65.60022683957403
STU_019289,88.24766016071649
STU_019290,79.30676865380954
STU_019291,76.78111337972739
STU_019292,77.26293303521261
STU_019293,65.34234762906765
STU_019294,70.44269971120058
STU_019295,62.76518125779882
STU_019296,70.17124486286647
STU_019297,83.40719397632043
STU_019298,87.30478743928136
STU_019299,89.95366485365602
STU_019300,81.72765171598215
STU_019301,68.57172311392584
STU_019302,73.53885510816649
STU_019303,69.63062208225249
STU_019304,89.58952889136273
STU_019305,68.82349903189419
STU_019306,61.25285515058457
STU_019307,64.94228193546955
STU_019308,54.16417925379007
STU_019309,70.87466646784661
STU_019310,85.03362157026723
STU_019311,89.78916726944576
STU_019312,71.82740654791789
STU_019313,83.35174981258663
STU_019314,86.76216946723764
STU_019315,74.26844788682091
STU_019316,86.94901307114648
STU_019317,75.52822973411025
STU_019318,84.81950009979879
STU_019319,91.29778891774646
STU_019320,96.33831738408414
STU_019321,75.7735038050217
STU_019322,83.82885331592324
STU_019323,72.86334060679333
STU_019324,90.04454173588786
STU_019325,74.6204840963354
STU_019326,93.7305363148165
STU_019327,94.95917230581894
STU_019328,95.14027142689167
STU_019329,89.75084717365958
STU_019330,81.3675955422224
STU_019331,78.61310002639055
STU_019332,69.36188176471144
STU_019333,87.73633368032219
STU_019334,60.71952474683583
STU_019335,65.90950455962384
STU_019336,66.47984600212935
STU_019337,92.23333748729387
STU_019338,65.74650072461954
STU_019339,91.85856892713687
STU_019340,98.07712288887242
STU_019341,79.92304965336953
STU_019342,58.76148002550002
STU_019343,72.37862059758943
STU_019344,63.31495540303057
STU_019345,70.14884318133737
STU_019346,77.60257193606913
STU_019347,52.66070069827928
STU_019348,93.29153040033032
STU_019349,83.93207883281221
STU_019350,57.43176299361048
STU_019351,85.43544932206675
STU_019352,80.07734318164412
STU_019353,81.93590109921192
STU_019354,70.65095407984198
STU_019355,79.08474354776467
STU_019356,58.54963829712614
STU_019357,56.02823416664682
STU_019358,77.99714769317771
STU_019359,86.13382938242741
STU_019360,66.15946696853227
STU_019361,83.89083345239877
STU_019362,63.17401089063337
STU_019363,68.327626751556
STU_019364,74.91449403987794
STU_019365,83.17369158578362
STU_019366,93.8222670222982
STU_019367,99.71778668363017
STU_019368,77.54390380901488
STU_019369,77.65929182170974
STU_019370,73.60470453039449
STU_019371,84.72281979925033
STU_019372,72.36465499405861
STU_019373,62.136418355498634
STU_019374,68.19013245578209
STU_019375,80.20832031904419
STU_019376,92.67691126046603
STU_019377,86.8119853077495
STU_019378,68.40776493951361
STU_019379,53.86926286092519
STU_019380,89.60246139327796
STU_019381,66.28951075825779
STU_019382,69.92292668401176
STU_019383,82.45710035627864
STU_019384,60.32927247755522
STU_019385,86.79331219916922
STU_019386,71.77243791874935
STU_019387,60.76008340042259
STU_019388,67.73305029135774
STU_019389,95.78202501864541
STU_019390,45.70646459291255
STU_019391,77.8636919571689
STU_019392,77.310919355771
STU_019393,77.64342625645715
STU_019394,73.37747045426637
STU_019395,79.45869901625325
STU_019396,94.31576903761986
STU_019397,71.88544949100012
STU_019398,58.54342360613442
STU_019399,57.561025837843815
STU_019400,91.4939967761348
STU_019401,67.24084192187632
STU_019402,65.051861636536
STU_019403,83.81759964023777
STU_019404,88.04645382373332
STU_019405,82.63040349597127
STU_019406,68.86784348046842
STU_019407,66.14701764681702
STU_019408,80.96025061240164
STU_019409,68.33988648007204
STU_019410,73.7598157765896
STU_019411,80.00384865624888
STU_019412,61.461489055891406
STU_019413,70.61071598657921
STU_019414,67.4511805359019
STU_019415,82.97909505279914
STU_019416,82.58750792046484
STU_019417,89.78368977433912
STU_019418,94.75652871633196
STU_019419,75.03573193439262
STU_019420,75.35086186850178
STU_019421,77.61796653397468
STU_019422,77.2046699567651
STU_019423,70.85242673497584
STU_019424,90.15171456122519
STU_019425,60.451308672044114
STU_019426,82.34593970184415
STU_019427,88.30779341235538
STU_019428,94.49881039448437
STU_019429,72.5957917216442
STU_019430,82.56408593216918
STU_019431,52.169518421828506
STU_019432,76.24464127157202
STU_019433,63.99707417169006
STU_019434,54.78796131169848
STU_019435,98.26419531181361
STU_019436,59.530227424761605
STU_019437,90.21217232825629
STU_019438,81.256973075567
STU_019439,56.059521367971044
STU_019440,67.46171301154976
STU_019441,80.79439029123984
STU_019442,72.17864292826027
STU_019443,59.509888542649186
STU_019444,93.7974495692822
STU_019445,90.08719493756713
STU_019446,51.36357018528591
STU_019447,75.61869901669806
STU_019448,70.8735059304581
STU_019449,60.83182530399442
STU_019450,71.48050204283487
STU_019451,65.89990947693772
STU_019452,85.1560232501958
STU_019453,82.13756146087373
STU_019454,77.38082318304566
STU_019455,67.6150791013436
STU_019456,69.12836977044606
STU_019457,62.67350036809222
STU_019458,70.2918311620234
STU_019459,61.7142997688641
STU_019460,90.24778208592292
STU_019461,94.31194212183155
STU_019462,96.99423582890103
STU_019463,64.27078745797672
STU_019464,73.06854441622714
STU_019465,67.59067931521484
STU_019466,71.13992267898354
STU_019467,72.07522947093388
STU_019468,87.93853654450862
STU_019469,71.88322304098163
STU_019470,88.33848045881562
STU_019471,95.71313076203029
STU_019472,87.79064751373488
STU_019473,91.72277332495092
STU_019474,63.011221953532996
STU_019475,58.04281744708749
STU_019476,93.9477761868571
STU_019477,63.629737555821094
STU_019478,70.02477420415636
STU_019479,74.5213502802988
STU_019480,89.11900786623914
STU_019481,73.27714517638275
STU_019482,75.0155376768386
STU_019483,71.97202842541853
STU_019484,82.40614516682447
STU_019485,58.068697791383556
STU_019486,37.32272499905456
STU_019487,66.69945659596064
STU_019488,92.0179023547911
STU_019489,67.15526685560131
STU_019490,74.61039853690407
STU_019491,54.529801902474325
STU_019492,69.70027487027934
STU_019493,62.22650968886907
STU_019494,58.934377345198705
STU_019495,91.4370082058711
STU_019496,90.25193597643856
STU_019497,58.576803653096405
STU_019498,91.11199127907665
STU_019499,94.54902960788772
STU_019500,89.72038111813214
STU_019501,87.55354769367169
STU_019502,66.33656372963193
STU_019503,67.59453300713697
STU_019504,91.84556250535651
STU_019505,59.36012255206693
STU_019506,81.87653558104626
STU_019507,92.96962976022164
STU_019508,96.5553977645553
STU_019509,98.08188809776595
STU_019510,90.14638369901225
STU_019511,52.070655092836176
STU_019512,79.08549336304287
STU_019513,64.54521205158706
STU_019514,53.32016947784091
STU_019515,59.80767365408083
STU_019516,87.29352003412305
STU_019517,66.6106718888443
STU_019518,67.6728719070035
STU_019519,65.19536801307083
STU_019520,82.74913089197345
STU_019521,64.29543201452094
STU_019522,71.86226958393499
STU_019523,91.66929228697163
STU_019524,79.86646545272853
STU_019525,86.67405302786506
STU_019526,72.48064239250925
STU_019527,73.17857764870402
STU_019528,68.65788290828299
STU_019529,94.94929190210604
STU_019530,88.43554613733755
STU_019531,90.6479871003369
STU_019532,48.11512374102725
STU_019533,78.92311363404673
STU_019534,75.73179954940993
STU_019535,74.30729750720721
STU_019536,66.36662288489246
STU_019537,55.73501161116168
STU_019538,75.28727579938428
STU_019539,70.36030586150373
STU_019540,62.15535370049756
STU_019541,78.91277303749239
STU_019542,99.79588986853776
STU_019543,100.0
STU_019544,77.39930690761531
STU_019545,89.42141856427517
STU_019546,55.84963537573352
STU_019547,64.7029146477101
STU_019548,90.31111007085163
STU_019549,83.099767258179
STU_019550,96.60061153043492
STU_019551,75.30992460274261
STU_019552,68.255909816702
STU_019553,72.89284264882566
STU_019554,59.44297309198454
STU_019555,96.53416401767325
STU_019556,71.06161145849298
STU_019557,95.72368681817268
STU_019558,62.24164804045356
STU_019559,86.01934714676003
STU_019560,82.9112517565465
STU_019561,43.793804063042785
STU_019562,91.73556791959709
STU_019563,75.35291173151788
STU_019564,68.7477397529426
STU_019565,62.055439429141884
STU_019566,83.94271158138326
STU_019567,82.85981074449418
STU_019568,68.55872350234421
STU_019569,63.21232219214777
STU_019570,74.19176339774373
STU_019571,45.60863957775311
STU_019572,63.72821162255899
STU_019573,69.67140019019583
STU_019574,78.5663183253987
STU_019575,80.6882839790243
STU_019576,92.77184819126784
STU_019577,69.91046348746029
STU_019578,64.72126165727381
STU_019579,69.82259423944026
STU_019580,64.93592115843786
STU_019581,97.40718225786252
STU_019582,80.66686765176773
STU_019583,75.22076952709378
STU_019584,67.42603175754968
STU_019585,82.77432168455844
STU_019586,74.48527876615779
STU_019587,84.02124841977958
STU_019588,74.10313824343045
STU_019589,65.571804137429
STU_019590,97.50459118325475
STU_019591,89.53520709479496
STU_019592,71.66849668297156
STU_019593,66.13348567807014
STU_019594,89.738551282571
STU_019595,71.88872080774622
STU_019596,94.21992364689685
STU_019597,69.76035591874471
STU_019598,75.63363819241299
STU_019599,69.64227913270673
STU_019600,97.21339221679044
STU_019601,75.11275742485343
STU_019602,78.48429181723674
STU_019603,94.95313135675472
STU_019604,92.82031138449616
STU_019605,76.89514369961847
STU_019606,84.43298911356392
STU_019607,60.983219650509696
STU_019608,68.24495920658751
STU_019609,90.39832949844265
STU_019610,62.65115860768478
STU_019611,71.04407671930186
STU_019612,57.87061342903493
STU_019613,56.76158138301493
STU_019614,62.536129296293225
STU_019615,91.46666785211656
STU_019616,68.00423361991265
STU_019617,77.85187679948179
STU_019618,64.5457443563615
STU_019619,90.82388596891207
STU_019620,78.18315699515287
STU_019621,74.28732557220012
STU_019622,81.08559417688593
STU_019623,72.45551942590404
STU_019624,96.94594740883677
STU_019625,39.40589642113942
STU_019626,85.4228948294236
STU_019627,91.15981276784227
STU_019628,72.64148647819475
STU_019629,80.75047612628043
STU_019630,94.70865703524935
STU_019631,64.8140335127116
STU_019632,93.40057657633491
STU_019633,94.0622584602681
STU_019634,86.4782998437802
STU_019635,74.90673128530715
STU_019636,64.50905693345833
STU_019637,80.6696356724031
STU_019638,70.95139852783497
STU_019639,63.62442644251668
STU_019640,85.52689750569871
STU_019641,90.17680127823468
STU_019642,82.32775304289035
STU_019643,91.07151466622533
STU_019644,71.99306599661236
STU_019645,71.53489631345975
STU_019646,77.31393887965051
STU_019647,77.8628230226529
STU_019648,55.03863638739821
STU_019649,61.32483941214235
STU_019650,66.9212988855605
STU_019651,74.55897701417129
STU_019652,74.91804731901625
STU_019653,71.75355201010441
STU_019654,55.88034097313176
STU_019655,61.34037809412368
STU_019656,46.68226657607157
STU_019657,69.6596149849557
STU_019658,69.35474850674719
STU_019659,76.83514175441658
STU_019660,69.23615239988517
STU_019661,76.6156619706258
STU_019662,69.60106225505623
STU_019663,76.90460408165839
STU_019664,67.54837391726286
STU_019665,87.41076278141938
STU_019666,90.33293138713191
STU_019667,76.15370268421043
STU_019668,54.143364492835325
STU_019669,61.54292258630263
STU_019670,82.40375096785665
STU_019671,52.3201383520177
STU_019672,84.8047056540953
STU_019673,71.37741011649695
STU_019674,80.17318196823217
STU_019675,70.1993859541112
STU_019676,78.86462255732222
STU_019677,86.56632314975971
STU_019678,100.0
STU_019679,88.80732558620707
STU_019680,84.90346863037502
STU_019681,90.98658435773953
STU_019682,88.4046596077332
STU_019683,70.76877619869269
STU_019684,67.55065525658848
STU_019685,90.5195970487127
STU_019686,83.39362481140174
STU_019687,64.32898950166413
STU_019688,84.08439656109104
STU_019689,69.17965498045065
STU_019690,82.31934746644242
STU_019691,62.89243636569337
STU_019692,53.435301011685326
STU_019693,96.46392070635562
STU_019694,81.80080102278416
STU_019695,54.952968580544955
STU_019696,63.22335016111686
STU_019697,93.86619071632605
STU_019698,94.11430867697678
STU_019699,76.59827545519114
STU_019700,82.9542742372611
STU_019701,64.30258177797421
STU_019702,74.37637143808394
STU_019703,85.10295468036217
STU_019704,77.06840859547704
STU_019705,64.13005887229387
STU_019706,87.06716958654098
STU_019707,63.23063895840774
STU_019708,81.50845106982294
STU_019709,70.363584671218
STU_019710,64.33201214301803
STU_019711,96.00039901869319
STU_019712,48.25590999528098
STU_019713,89.36724499319075
STU_019714,65.50398493202773
STU_019715,84.2294887334466
STU_019716,83.80387656880276
STU_019717,94.83140045913086
STU_019718,70.07130926142622
STU_019719,94.20769881553007
STU_019720,95.26287518975721
STU_019721,57.982085791927126
STU_019722,71.10012115095037
STU_019723,81.8658496955727
STU_019724,73.71180673827926
STU_019725,90.70066807098351
STU_019726,61.732238760262845
STU_019727,88.78109029614919
STU_019728,79.01935533060498
STU_019729,72.2767171579513
STU_019730,71.65280893522296
STU_019731,62.52602065079824
STU_019732,83.76714683250876
STU_019733,75.82080741447648
STU_019734,74.48670660769372
STU_019735,85.1892212884657
STU_019736,96.46046617308264
STU_019737,94.32786812807149
STU_019738,86.99317203910519
STU_019739,69.15306711267846
STU_019740,73.98904285691027
STU_019741,97.51795259861923
STU_019742,77.37617974870274
STU_019743,85.7584870233086
STU_019744,71.7504878311957
STU_019745,86.61576953872276
STU_019746,90.97234918438289
STU_019747,76.26753907285455
STU_019748,62.00679831242102
STU_019749,64.87564947343957
STU_019750,70.76096042444351
STU_019751,74.1712504520953
STU_019752,61.56947490051047
STU_019753,90.88306236331772
STU_019754,72.89427323460569
STU_019755,82.83489030749584
STU_019756,53.836189342408915
STU_019757,80.68654538343992
STU_019758,59.783945648542506
STU_019759,76.00919814370677
STU_019760,80.05885988999393
STU_019761,63.43587048300769
STU_019762,84.14937889191681
STU_019763,71.54320130374013
STU_019764,58.21525105618858
STU_019765,85.27924845662086
STU_019766,69.44138045624216
STU_019767,48.97263488054921
STU_019768,81.64575396277993
STU_019769,66.64175815007106
STU_019770,78.23386383816829
STU_019771,92.7777439405802
STU_019772,67.25241370307802
STU_019773,87.04030203511343
STU_019774,54.33002773926777
STU_019775,89.23029512449688
STU_019776,56.68492445675662
STU_019777,74.856220907574
STU_019778,75.25198687504846
STU_019779,73.74227976054327
STU_019780,77.30993154982718
STU_019781,54.61075070500476
STU_019782,75.88895580107555
STU_019783,68.02012241921037
STU_019784,76.88087263451813
STU_019785,74.3593045127274
STU_019786,50.729258486649115
STU_019787,76.21420683861822
STU_019788,72.46962924005639
STU_019789,82.90914800657956
STU_019790,64.8203275261205
STU_019791,54.675803211183165
STU_019792,78.2729973936933
STU_019793,64.17468115864602
STU_019794,83.83085266241852
STU_019795,71.66453149853045
STU_019796,88.13986055599904
STU_019797,48.294925895671945
STU_019798,87.34196221227326
STU_019799,82.26911622898082
STU_019800,55.232867804410475
STU_019801,77.21334079997365
STU_019802,86.34823249580624
STU_019803,70.82148800410486
STU_019804,77.09594603650805
STU_019805,74.01860968349315
STU_019806,61.930874438325205
STU_019807,61.2269982097919
STU_019808,70.57488186400697
STU_019809,93.29293183354191
STU_019810,68.47788017913818
STU_019811,68.63060150441555
STU_019812,86.497637974237
STU_019813,73.51228375842709
STU_019814,86.62052230713475
STU_019815,85.54203987686954
STU_019816,78.54628454876178
STU_019817,96.86946293081796
STU_019818,70.28564501115576
STU_019819,99.429764669463
STU_019820,64.71230056069489
STU_019821,78.68023199780178
STU_019822,64.83998614049906
STU_019823,81.66501980064871
STU_019824,95.40577064766805
STU_019825,78.54816452531264
STU_019826,84.22929073849377
STU_019827,85.44992404901292
STU_019828,85.56398939416121
STU_019829,75.29025178830206
STU_019830,89.96682715980394
STU_019831,85.24937804584995
STU_019832,90.56846229186635
STU_019833,74.39780455866858
STU_019834,73.02723930907912
STU_019835,71.59725553959764
STU_019836,86.58046284612885
STU_019837,73.04467368468906
STU_019838,75.58621362663267
STU_019839,79.26299914820054
STU_019840,63.83843364073472
STU_019841,65.80943063356081
STU_019842,69.85796639995536
STU_019843,68.31092140018956
STU_019844,73.8591553512781
STU_019845,75.91607106235412
STU_019846,94.0258798171088
STU_019847,97.18003123391082
STU_019848,67.66916987354044
STU_019849,89.33011269164365
STU_019850,74.81050871562401
STU_019851,99.11945151439633
STU_019852,66.7390895333834
STU_019853,81.95237167762821
STU_019854,82.04215979548667
STU_019855,79.00380186234777
STU_019856,72.52817991615777
STU_019857,83.82496331591129
STU_019858,99.14527795070123
STU_019859,96.21458046011143
STU_019860,88.64991289693667
STU_019861,63.09350696993312
STU_019862,68.83473506916758
STU_019863,76.88783831633766
STU_019864,78.95050732938698
STU_019865,88.19777193490334
STU_019866,87.17365578579935
STU_019867,82.4534661783361
STU_019868,78.17368020478165
STU_019869,71.56810045995852
STU_019870,75.11614282841174
STU_019871,93.78641542515889
STU_019872,100.0
STU_019873,76.34677623360598
STU_019874,56.79464282929432
STU_019875,76.5639001136118
STU_019876,97.97649030578167
STU_019877,66.05057039114448
STU_019878,61.9098276117122
STU_019879,91.13226159728121
STU_019880,56.3405716890585
STU_019881,72.81997857153556
STU_019882,87.57016536144343
STU_019883,61.23930704271394
STU_019884,69.35281238676558
STU_019885,80.39942172301386
STU_019886,71.6337746575718
STU_019887,99.24768774923118
STU_019888,61.914847227674635
STU_019889,88.1244094083165
STU_019890,84.109373969823
STU_019891,76.46882024922687
STU_019892,71.59568798427894
STU_019893,92.93916708661878
STU_019894,61.8679606700764
STU_019895,75.36112167449919
STU_019896,82.64505794938049
STU_019897,82.38552302050043
STU_019898,73.26044599320178
STU_019899,84.82648222482604
STU_019900,82.41069937734031
STU_019901,69.44340836938932
STU_019902,76.4815573050204
STU_019903,88.833423459386
STU_019904,71.27850734228974
STU_019905,79.99290832350991
STU_019906,65.73832118964506
STU_019907,56.953156944801684
STU_019908,52.70402677962017
STU_019909,65.11170956100067
STU_019910,95.40871447972253
STU_019911,100.0
STU_019912,70.65877605217358
STU_019913,82.04872483856994
STU_019914,61.13625769325972
STU_019915,79.88264885707406
STU_019916,66.20899016167847
STU_019917,65.49873503209636
STU_019918,92.15386579754517
STU_019919,72.0526354795916
STU_019920,95.20413251965668
STU_019921,70.5316679280326
STU_019922,93.81545432974825
STU_019923,62.73663089012771
STU_019924,99.02699529831943
STU_019925,89.89305783350325
STU_019926,73.6253630638491
STU_019927,81.47683254646577
STU_019928,81.99504292538526
STU_019929,80.86802903985235
STU_019930,67.71162187448498
STU_019931,95.26522415278147
STU_019932,83.59386236452202
STU_019933,62.42573227750169
STU_019934,91.00888019040309
STU_019935,54.413206035347415
STU_019936,88.48948961492088
STU_019937,83.54397798170315
STU_019938,69.43478780789607
STU_019939,85.9102589791043
STU_019940,84.10610781135438
STU_019941,70.29772317367208
STU_019942,70.49690242146758
STU_019943,82.91578161680593
STU_019944,95.90713087588418
STU_019945,78.78858515118174
STU_019946,84.52400789803384
STU_019947,68.81169747272506
STU_019948,85.2143971212697
STU_019949,80.45717230912474
STU_019950,71.61727991496166
STU_019951,64.04758343550165
STU_019952,55.556802453912994
STU_019953,69.13210278593711
STU_019954,78.28908353111751
STU_019955,57.76068043590402
STU_019956,63.158810987583585
STU_019957,76.69768950849178
STU_019958,76.74472268586638
STU_019959,80.50682127399315
STU_019960,69.34120849917551
STU_019961,69.81480579672257
STU_019962,76.68006384969107
STU_019963,62.52023091708427
STU_019964,70.56482522720651
STU_019965,68.46353033752011
STU_019966,85.7938702013548
STU_019967,91.43179607023909
STU_019968,76.4699226427004
STU_019969,51.2014753800635
STU_019970,95.64491177193771
STU_019971,91.67246710523037
STU_019972,72.73585693240702
STU_019973,76.23244399151076
STU_019974,91.39437225551224
STU_019975,74.5783855497997
STU_019976,75.80006405523345
STU_019977,69.31158088653552
STU_019978,60.30559597884177
STU_019979,53.61586784851142
STU_019980,64.10165313180713
STU_019981,100.0
STU_019982,79.54498397816249
STU_019983,90.24291624932309
STU_019984,94.66245751652369
STU_019985,87.21526449027432
STU_019986,88.06794072592115
STU_019987,85.15493938467897
STU_019988,69.82677589602504
STU_019989,74.00200727357205
STU_019990,78.91477822774327
STU_019991,88.28902490741228
STU_019992,80.48923983312545
STU_019993,88.1238862623307
STU_019994,52.29890233264434
STU_019995,75.9648136142304
STU_019996,66.43120837388744
STU_019997,77.84485591738913
STU_019998,57.79589720870872
STU_019999,85.55538564586683
STU_020000,76.53086820511956
