student_id,career_success_score
STU_010001,56.718386561775716
STU_010002,68.2141665851068
STU_010003,74.06742224714235
STU_010004,97.23283887234606
STU_010005,78.26729811867038
STU_010006,74.47309758854266
STU_010007,77.31785446937236
STU_010008,81.02191017748957
STU_010009,70.80076260894097
STU_010010,62.50449490074732
STU_010011,92.31915182769177
STU_010012,79.99377938179728
STU_010013,83.17559348398295
STU_010014,89.28629152598624
STU_010015,50.04568968997766
STU_010016,71.83537955531438
STU_010017,62.712172348496615
STU_010018,57.6217796894623
STU_010019,86.1929512193833
STU_010020,71.20320511879648
STU_010021,82.8623431209833
STU_010022,94.89220043024999
STU_010023,94.8361384666602
STU_010024,68.58407245580457
STU_010025,84.86268601011894
STU_010026,81.87826473442087
STU_010027,76.58025030488044
STU_010028,85.52815908511226
STU_010029,92.67493460119394
STU_010030,66.39462452882657
STU_010031,65.23809945582853
STU_010032,91.25105503240557
STU_010033,61.10026782177231
STU_010034,88.25154970073349
STU_010035,80.69462103531458
STU_010036,68.57373620813001
STU_010037,63.540098943408736
STU_010038,89.22090809406454
STU_010039,71.10332750305871
STU_010040,82.99409499573422
STU_010041,89.0595323838129
STU_010042,62.49444079660305
STU_010043,84.26825282987059
STU_010044,76.33728000964085
STU_010045,81.57680764309231
STU_010046,60.68063298386386
STU_010047,65.69472136692022
STU_010048,80.6694994376609
STU_010049,50.74735778315951
STU_010050,63.71314092366126
STU_010051,73.23560477266297
STU_010052,70.12018494751493
STU_010053,63.396770733620926
STU_010054,69.59025158015997
STU_010055,67.27249808816954
STU_010056,64.55810234634596
STU_010057,64.92583676337412
STU_010058,95.46501489028533
STU_010059,89.55999043639696
STU_010060,75.47361874095597
STU_010061,42.704616770931345
STU_010062,77.93720592983428
STU_010063,58.3866408146924
STU_010064,83.52872008134172
STU_010065,55.91920217091008
STU_010066,65.33506333918463
STU_010067,91.7145474710553
STU_010068,59.10236522146353
STU_010069,66.22621086429142
STU_010070,55.56804321801293
STU_010071,92.3798262358104
STU_010072,71.37527341589563
STU_010073,94.20494411727545
STU_010074,57.98612461883788
STU_010075,72.87558292658028
STU_010076,94.81160101458805
STU_010077,84.64373028121614
STU_010078,86.25118287048217
STU_010079,85.00758935691077
STU_010080,77.75383206474439
STU_010081,61.39182027687904
STU_010082,74.85121426029946
STU_010083,78.2681884171878
STU_010084,70.01672677035927
STU_010085,73.8843789682438
STU_010086,79.73055937870505
STU_010087,70.08862224839123
STU_010088,64.51823114223478
STU_010089,86.74774852651836
STU_010090,78.6957419871973
STU_010091,58.038060619973635
STU_010092,70.50321074629825
STU_010093,64.80673392829058
STU_010094,87.30713431756038
STU_010095,58.102903766556906
STU_010096,79.5394560168309
STU_010097,69.59770903887988
STU_010098,85.58063242293886
STU_010099,74.48784011028084
STU_010100,72.85022475496103
STU_010101,72.99662308912515
STU_010102,68.35801160000736
STU_010103,91.32930533746956
STU_010104,54.65580339660649
STU_010105,97.27808451825408
STU_010106,51.205055420435784
STU_010107,76.17671334665135
STU_010108,78.03345011136152
STU_010109,67.25110805234415
STU_010110,79.73926269084978
STU_010111,81.58153023092086
STU_010112,80.94331786992268
STU_010113,68.88927160648589
STU_010114,79.51940401683453
STU_010115,78.42270390503164
STU_010116,87.49850426349659
STU_010117,77.57265148999262
STU_010118,91.2254629739229
STU_010119,71.58518997993083
STU_010120,69.6184915003456
STU_010121,79.99900571632783
STU_010122,74.19939764611735
STU_010123,89.77767368805071
STU_010124,72.01034487093018
STU_010125,84.43424544651026
STU_010126,67.57123375709129
STU_010127,61.98398035339983
STU_010128,89.22297303896329
STU_010129,84.68678146020859
STU_010130,66.02743710873327
STU_010131,63.29474300605042
STU_010132,73.57033085296514
STU_010133,73.62054318919334
STU_010134,68.32875750134191
STU_010135,44.3541587545336
STU_010136,70.81708454256851
STU_010137,57.209780808868715
STU_010138,81.62609296721541
STU_010139,80.76245410773528
STU_010140,77.11248900753414
STU_010141,63.33103514389531
STU_010142,83.60669200590027
STU_010143,72.00479977878331
STU_010144,71.3321252407629
STU_010145,91.23143041774838
STU_010146,78.17661011672845
STU_010147,58.5378800833373
STU_010148,60.09421528126775
STU_010149,63.927145813350045
STU_010150,92.8616680054364
STU_010151,68.97678381304993
STU_010152,86.07024224073126
STU_010153,75.21745929042794
STU_010154,82.2069641803793
STU_010155,66.45256793354706
STU_010156,93.33651712111083
STU_010157,100.0
STU_010158,69.70848171384159
STU_010159,91.31548325624023
STU_010160,66.88551010810102
STU_010161,94.46086458522714
STU_010162,100.0
STU_010163,80.65545472165265
STU_010164,72.67953080756627
STU_010165,75.60701491609571
STU_010166,90.01823381473203
STU_010167,81.28631994290348
STU_010168,75.83195394920475
STU_010169,69.81160993682849
STU_010170,88.61065681219716
STU_010171,72.60527827313533
STU_010172,95.92044286950309
STU_010173,68.03845174209258
STU_010174,77.03312868947347
STU_010175,84.19140055463954
STU_010176,68.54665322062932
STU_010177,89.67670002407893
STU_010178,83.13996832175775
STU_010179,83.36171178668724
STU_010180,81.36953532814083
STU_010181,69.0771980854065
STU_010182,72.75044096626272
STU_010183,72.82707005481505
STU_010184,79.3040170385693
STU_010185,66.0413411524054
STU_010186,81.00798908370442
STU_010187,63.39905749974023
STU_010188,91.93732784689145
STU_010189,73.32471625272149
STU_010190,59.90709487775984
STU_010191,43.70521352581739
STU_010192,79.66500341639694
STU_010193,57.291467872932856
STU_010194,82.32918339598908
STU_010195,80.50066920771661
STU_010196,67.34745229353722
STU_010197,72.54179086782644
STU_010198,77.0056951352542
STU_010199,94.33562182597409
STU_010200,79.01019408500855
STU_010201,98.85634741514332
STU_010202,81.49770471737548
STU_010203,70.861518419179
STU_010204,89.95811918175534
STU_010205,82.98173905197385
STU_010206,87.8010422675597
STU_010207,49.925080747057564
STU_010208,72.25281535621068
STU_010209,61.657456107983634
STU_010210,83.25978893668056
STU_010211,74.7166385219202
STU_010212,92.69259239317401
STU_010213,87.43498967055791
STU_010214,66.44482858867444
STU_010215,70.32519507590797
STU_010216,57.372889715843385
STU_010217,76.93296368470489
STU_010218,59.094437430376814
STU_010219,78.50277225756062
STU_010220,73.21994317535945
STU_010221,84.8908634441159
STU_010222,61.823270405681065
STU_010223,72.4629997208101
STU_010224,99.80617881888803
STU_010225,63.37490988888477
STU_010226,87.76560303831918
STU_010227,60.25062685109858
STU_010228,92.68368600241736
STU_010229,78.33888069430924
STU_010230,64.86235348362116
STU_010231,53.02396905212327
STU_010232,95.22721089452105
STU_010233,63.448042012738206
STU_010234,80.90480123544289
STU_010235,46.247667211502936
STU_010236,89.13459012575802
STU_010237,84.99523997203517
STU_010238,74.9056158421716
STU_010239,52.85117659019216
STU_010240,70.31778452455838
STU_010241,83.44776216346638
STU_010242,81.25672227677299
STU_010243,60.2556883462488
STU_010244,88.06560305456847
STU_010245,61.98570402280643
STU_010246,48.470417224167605
STU_010247,89.53847909346814
STU_010248,78.23561950291845
STU_010249,68.66157455852458
STU_010250,94.531773821625
STU_010251,77.21863482946617
STU_010252,99.90585885689634
STU_010253,59.13433428442811
STU_010254,96.03438695652194
STU_010255,69.53136711629539
STU_010256,61.66318655648918
STU_010257,76.24172052294364
STU_010258,79.70059600278384
STU_010259,81.98717234826924
STU_010260,60.69878158965441
STU_010261,65.41121038906323
STU_010262,56.03144342715298
STU_010263,55.97356688398541
STU_010264,100.0
STU_010265,66.83363111910944
STU_010266,76.93611218147237
STU_010267,62.96771160096162
STU_010268,82.67566859425226
STU_010269,79.00635083016336
STU_010270,89.51659886801122
STU_010271,80.12421156143745
STU_010272,64.19281515155045
STU_010273,74.58558293555268
STU_010274,58.323719919408305
STU_010275,85.80090106271656
STU_010276,66.02080213576686
STU_010277,80.2981779143209
STU_010278,88.17744802655048
STU_010279,68.88376000589872
STU_010280,68.66168397201763
STU_010281,63.163771788859044
STU_010282,63.43560675961905
STU_010283,83.36977860869257
STU_010284,67.71313130992252
STU_010285,57.72730737586522
STU_010286,74.503136872832
STU_010287,88.73151390196388
STU_010288,60.24016983797301
STU_010289,52.86665499918412
STU_010290,83.94565205123236
STU_010291,50.388330428049045
STU_010292,81.46832392238674
STU_010293,70.78268247102618
STU_010294,63.39387975829491
STU_010295,69.58114752446
STU_010296,84.40579792349614
STU_010297,87.8213267008775
STU_010298,90.61910288669878
STU_010299,90.48377240947494
STU_010300,62.24364436492566
STU_010301,82.65268999657687
STU_010302,85.13463784787429
STU_010303,75.16358167777271
STU_010304,62.92613082052744
STU_010305,77.29455562741089
STU_010306,67.74793116484203
STU_010307,66.52712790903648
STU_010308,79.84028980712104
STU_010309,69.39837468036514
STU_010310,58.35261512833416
STU_010311,66.8890408058969
STU_010312,76.16579242682387
STU_010313,75.7220906156048
STU_010314,84.45239144051263
STU_010315,88.13311245121919
STU_010316,89.39356223599948
STU_010317,88.27305215232812
STU_010318,72.82117512005661
STU_010319,90.96591360336953
STU_010320,94.27696524859581
STU_010321,66.8179830815292
STU_010322,94.20183469879768
STU_010323,73.69732689635885
STU_010324,87.76000483157269
STU_010325,91.63475198187572
STU_010326,81.19385149944478
STU_010327,72.91308414851464
STU_010328,84.49008879151049
STU_010329,90.14902059354473
STU_010330,85.2947924902726
STU_010331,94.44637968268644
STU_010332,65.14920485072362
STU_010333,100.0
STU_010334,78.56551295078441
STU_010335,93.21195585709435
STU_010336,58.94737445324526
STU_010337,61.65728986815677
STU_010338,74.73191663887094
STU_010339,77.19946765307152
STU_010340,69.53532957410347
STU_010341,94.40072838060388
STU_010342,62.64837739591506
STU_010343,60.32264178476288
STU_010344,77.75763315469182
STU_010345,79.99451634641932
STU_010346,84.09787386640323
STU_010347,50.620908083676746
STU_010348,64.1642699203033
STU_010349,86.50557997161175
STU_010350,81.16868503075811
STU_010351,72.47347672483846
STU_010352,74.33010070521989
STU_010353,92.21912532137725
STU_010354,73.90410095495712
STU_010355,76.09668826525589
STU_010356,84.30484684709569
STU_010357,94.56031410197755
STU_010358,80.09567280897141
STU_010359,64.49299652161926
STU_010360,68.76274112499854
STU_010361,95.00139923894423
STU_010362,77.7107860945211
STU_010363,77.24500176262036
STU_010364,97.60798687499981
STU_010365,86.46172668582959
STU_010366,93.99456962950715
STU_010367,73.9067170073481
STU_010368,65.82489248182948
STU_010369,91.42444639635355
STU_010370,82.87281369972379
STU_010371,73.47253319135774
STU_010372,73.96990338203915
STU_010373,70.86470508595289
STU_010374,76.82960264438105
STU_010375,96.30350541980768
STU_010376,52.187508334181985
STU_010377,78.07717051733864
STU_010378,75.68060201339885
STU_010379,68.22065002957461
STU_010380,62.95117892953385
STU_010381,61.128385830724184
STU_010382,89.96213636165378
STU_010383,79.2060625014403
STU_010384,92.84679149817595
STU_010385,77.87763400481974
STU_010386,59.72608137122543
STU_010387,61.99625307042808
STU_010388,92.93495493875992
STU_010389,69.89330194429148
STU_010390,54.73541059724015
STU_010391,60.5840354148699
STU_010392,78.13344832520163
STU_010393,82.3160336421683
STU_010394,77.26026507610638
STU_010395,81.2734543136751
STU_010396,82.06974868469996
STU_010397,88.60741010316812
STU_010398,90.81233586193775
STU_010399,61.37880988861262
STU_010400,69.56312083786337
STU_010401,53.51226106996082
STU_010402,74.66062196869757
STU_010403,76.30438415380755
STU_010404,84.67596267584432
STU_010405,81.43546130890097
STU_010406,75.87876170629771
STU_010407,92.78798448795276
STU_010408,68.23283725671465
STU_010409,93.31061104977775
STU_010410,65.4728384735975
STU_010411,86.63465000469014
STU_010412,95.73983447040112
STU_010413,84.07165135704962
STU_010414,86.62197359612925
STU_010415,86.88972349137615
STU_010416,81.26699230307834
STU_010417,99.08806229034434
STU_010418,73.0157549657734
STU_010419,90.46979515319329
STU_010420,85.010745979143
STU_010421,81.78375290606034
STU_010422,70.50328589210956
STU_010423,75.09335685889715
STU_010424,55.06120388537834
STU_010425,61.271629444807374
STU_010426,74.90464607984292
STU_010427,67.64949863074453
STU_010428,73.25661919310701
STU_010429,53.75231550397256
STU_010430,81.72298034144453
STU_010431,57.08681961150336
STU_010432,66.15429740871765
STU_010433,74.47708327178538
STU_010434,87.50663266940052
STU_010435,63.2846913238915
STU_010436,80.8913435848233
STU_010437,50.55588268919031
STU_010438,99.58048480881985
STU_010439,71.48086892349318
STU_010440,86.57368200550471
STU_010441,54.45442047572669
STU_010442,72.22281646619128
STU_010443,80.34357179080558
STU_010444,64.57377799151507
STU_010445,70.13965131527846
STU_010446,45.70972054764442
STU_010447,79.13915616410371
STU_010448,74.71010857145285
STU_010449,72.52238664925108
STU_010450,65.52769576127506
STU_010451,89.17981175280242
STU_010452,80.19538455402517
STU_010453,72.34100387168395
STU_010454,72.11230957572347
STU_010455,48.85518075646968
STU_010456,87.14066559601616
STU_010457,77.46118517845848
STU_010458,87.97758905991344
STU_010459,77.22610907532024
STU_010460,68.73850154897262
STU_010461,67.91340963602931
STU_010462,56.62371318312887
STU_010463,82.57533670770258
STU_010464,87.56441385895518
STU_010465,54.48932744056416
STU_010466,66.86008591025767
STU_010467,72.98450001849845
STU_010468,75.33905040309857
STU_010469,73.59241533177062
STU_010470,70.85613290984091
STU_010471,93.75791807484754
STU_010472,55.8725482003167
STU_010473,87.68994311011008
STU_010474,81.95365443069684
STU_010475,76.29122273676495
STU_010476,66.60696868136348
STU_010477,71.18283372625258
STU_010478,97.73519401576723
STU_010479,63.95512477201052
STU_010480,68.19897164165405
STU_010481,60.39794684741226
STU_010482,71.1535296233125
STU_010483,90.91908849197068
STU_010484,74.96813651991944
STU_010485,50.12558607282193
STU_010486,74.46858058597658
STU_010487,94.29680376804265
STU_010488,81.80151805741693
STU_010489,83.23446723826534
STU_010490,86.02497750807085
STU_010491,78.65839932732061
STU_010492,73.75091976509961
STU_010493,77.37862859175371
STU_010494,60.84239566132965
STU_010495,43.68123426194501
STU_010496,93.35857653700046
STU_010497,63.45514191691184
STU_010498,73.63653218942339
STU_010499,65.21265782968193
STU_010500,68.19727398812526
STU_010501,75.32096059290902
STU_010502,66.03152462950663
STU_010503,79.77727745612505
STU_010504,68.19895383143721
STU_010505,63.34805900532119
STU_010506,81.6504799536947
STU_010507,68.97162265372776
STU_010508,63.22311811987109
STU_010509,79.80269844322758
STU_010510,46.36743002857956
STU_010511,59.53926028530388
STU_010512,71.42355962265468
STU_010513,91.79442230693482
STU_010514,74.90339827041889
STU_010515,82.37370674691071
STU_010516,79.43806522378607
STU_010517,95.53409228570206
STU_010518,53.07630660238065
STU_010519,89.99633390929719
STU_010520,89.47083663168563
STU_010521,96.2241331973129
STU_010522,75.50897904899256
STU_010523,83.19052984301183
STU_010524,87.02103847567523
STU_010525,73.57708014655786
STU_010526,57.805221520237204
STU_010527,82.64124935402079
STU_010528,85.57801509376162
STU_010529,50.87125131530124
STU_010530,77.89792664833166
STU_010531,68.0905512807516
STU_010532,60.38342561733544
STU_010533,80.35966032793146
STU_010534,82.13470204699544
STU_010535,83.31332367362779
STU_010536,75.81293693542709
STU_010537,77.07826386451516
STU_010538,76.03995543023169
STU_010539,67.08868378647456
STU_010540,52.67412137481625
STU_010541,89.11632828843777
STU_010542,100.0
STU_010543,82.38877911097656
STU_010544,72.64693627360758
STU_010545,85.8135585868698
STU_010546,71.05304568403292
STU_010547,81.36507378379181
STU_010548,99.31919670040864
STU_010549,67.0058832962454
STU_010550,80.99285944133271
STU_010551,65.70684382630289
STU_010552,95.45389652664807
STU_010553,99.3899813683337
STU_010554,88.64881589646035
STU_010555,79.3608410695979
STU_010556,62.73109104749246
STU_010557,78.06470295707933
STU_010558,78.3696120246809
STU_010559,73.50827951995876
STU_010560,77.89841634861092
STU_010561,96.67169173592639
STU_010562,61.213450300065986
STU_010563,63.41472019186566
STU_010564,62.568691574231536
STU_010565,85.64398747891065
STU_010566,66.86541802781542
STU_010567,72.06923035716746
STU_010568,79.53278211490468
STU_010569,93.3940831521336
STU_010570,59.96251058850511
STU_010571,93.33922639755353
STU_010572,75.04251685776948
STU_010573,94.14100630352262
STU_010574,78.23970998593646
STU_010575,70.56056262897798
STU_010576,55.26226544389907
STU_010577,68.63854702964282
STU_010578,70.08087451861924
STU_010579,78.96985223222421
STU_010580,60.14998333303544
STU_010581,50.58848712189163
STU_010582,74.17406452353963
STU_010583,76.37286849005314
STU_010584,92.93498183431322
STU_010585,74.31046887353253
STU_010586,98.06936479916145
STU_010587,72.90200065630661
STU_010588,75.50128878372259
STU_010589,95.66379725294581
STU_010590,91.39789047916788
STU_010591,73.0251236004311
STU_010592,93.92737994179372
STU_010593,85.62455536158336
STU_010594,53.98994238990936
STU_010595,79.5803032656101
STU_010596,74.29631102227206
STU_010597,56.21941176699029
STU_010598,90.28321333111512
STU_010599,65.86826943153694
STU_010600,70.1568120441605
STU_010601,82.94364670421479
STU_010602,72.647473855164
STU_010603,85.51468380890432
STU_010604,71.74343514178943
STU_010605,63.50001032910235
STU_010606,89.34703574165965
STU_010607,86.7794238072654
STU_010608,70.84020107107995
STU_010609,71.54600561882347
STU_010610,75.26721354017224
STU_010611,88.92067240713007
STU_010612,57.23036348964685
STU_010613,95.2097418315343
STU_010614,100.0
STU_010615,89.83377192319082
STU_010616,90.33514330620221
STU_010617,60.235407328001315
STU_010618,80.23007402794319
STU_010619,97.9133612211246
STU_010620,66.7488881833605
STU_010621,68.82756305299279
STU_010622,60.11918287320458
STU_010623,82.9395448448467
STU_010624,64.8926828751444
STU_010625,71.09312610257629
STU_010626,89.94031159981864
STU_010627,86.79988574338898
STU_010628,63.64936076446418
STU_010629,83.76920892421612
STU_010630,79.4317233802545
STU_010631,92.53305770966068
STU_010632,67.09761740046142
STU_010633,74.65445672825952
STU_010634,75.78787396853127
STU_010635,62.64096838921236
STU_010636,86.39679040652823
STU_010637,68.53230881833069
STU_010638,69.48293615528004
STU_010639,76.41591973142182
STU_010640,59.588432043419104
STU_010641,68.30648198159042
STU_010642,94.45564177874678
STU_010643,90.05982076732566
STU_010644,79.84087907239815
STU_010645,80.6678323822397
STU_010646,95.00408124171378
STU_010647,71.62208386119042
STU_010648,73.68137716916452
STU_010649,77.70645536039447
STU_010650,84.38115124468054
STU_010651,81.61322622386729
STU_010652,67.58626138286722
STU_010653,88.03764658772914
STU_010654,89.23637678436756
STU_010655,88.03232559209624
STU_010656,77.20331048762924
STU_010657,76.9329376596427
STU_010658,74.14324201491395
STU_010659,93.52379028463241
STU_010660,89.90576956637042
STU_010661,74.75397100250439
STU_010662,98.27011643928351
STU_010663,72.00863042308333
STU_010664,75.52811387447224
STU_010665,65.89337353601219
STU_010666,93.3904766282296
STU_010667,83.56766364029066
STU_010668,67.74394456442505
STU_010669,75.81107980512544
STU_010670,88.98112272049576
STU_010671,64.60138883416907
STU_010672,57.019126425519104
STU_010673,84.75274535005586
STU_010674,94.84184630555474
STU_010675,91.18405712682159
STU_010676,71.91452812886062
STU_010677,79.45702362775599
STU_010678,71.2545737041172
STU_010679,74.57367143441066
STU_010680,88.56158297293669
STU_010681,83.2128546091767
STU_010682,51.756407430762486
STU_010683,74.8831986342425
STU_010684,79.19012122811617
STU_010685,86.38490267664353
STU_010686,80.52306588385301
STU_010687,64.47956976439264
STU_010688,95.37908190098649
STU_010689,88.37202070571884
STU_010690,97.30040864701199
STU_010691,76.31991334256566
STU_010692,89.20284980110188
STU_010693,70.27958563763823
STU_010694,69.4628561149535
STU_010695,62.684963186216265
STU_010696,54.13856711485525
STU_010697,76.73350730046403
STU_010698,90.96424945081833
STU_010699,80.70522509254974
STU_010700,88.39705587065961
STU_010701,81.81128397504658
STU_010702,70.87448164590772
STU_010703,92.55024172778188
STU_010704,98.64124633958863
STU_010705,79.46124159777841
STU_010706,91.15214912039171
STU_010707,77.74159048222343
STU_010708,79.93491000807872
STU_010709,66.46564123440379
STU_010710,56.99353452544027
STU_010711,97.74956800984859
STU_010712,53.41803189744624
STU_010713,92.65027890582361
STU_010714,63.17124430745802
STU_010715,80.69421940789756
STU_010716,56.24122909162658
STU_010717,84.04438775378637
STU_010718,80.6927557593545
STU_010719,82.48523706724377
STU_010720,50.217039006958615
STU_010721,70.80981877408551
STU_010722,97.98494395057736
STU_010723,74.40036580006235
STU_010724,80.20755873157489
STU_010725,67.11808575280432
STU_010726,67.76052691175859
STU_010727,46.8723810351746
STU_010728,73.47368359164267
STU_010729,93.26515112180442
STU_010730,94.6750492207712
STU_010731,67.69075060323415
STU_010732,70.38428249312634
STU_010733,95.25322221120955
STU_010734,85.80310536965825
STU_010735,69.73136789909992
STU_010736,66.03251416187459
STU_010737,64.35219941748424
STU_010738,69.2111342314867
STU_010739,73.17761148101268
STU_010740,70.15173512826087
STU_010741,76.23836583514533
STU_010742,67.96240852986348
STU_010743,95.62596142060319
STU_010744,75.36750698577035
STU_010745,65.65607850927476
STU_010746,72.05518040042968
STU_010747,87.65258901279802
STU_010748,76.23134754891629
STU_010749,84.44420636700013
STU_010750,79.15093727239659
STU_010751,72.60535957051383
STU_010752,72.5017193578128
STU_010753,79.33532537304514
STU_010754,84.76847237841565
STU_010755,64.03087401435248
STU_010756,91.45696089128243
STU_010757,57.686813822445515
STU_010758,84.82927502432887
STU_010759,92.6928660914134
STU_010760,81.29864154553749
STU_010761,74.65994301181962
STU_010762,73.49321928624741
STU_010763,63.21013333456257
STU_010764,53.26191108395093
STU_010765,82.72949161367974
STU_010766,64.64087902461377
STU_010767,71.8553350966641
STU_010768,51.58091356660691
STU_010769,86.21413675633747
STU_010770,69.73237447811402
STU_010771,46.25020983387142
STU_010772,69.98855903706284
STU_010773,86.21367985842204
STU_010774,86.38333247679641
STU_010775,92.54348134170526
STU_010776,48.263537542053214
STU_010777,79.62152258151387
STU_010778,56.289312815356396
STU_010779,62.43721636487615
STU_010780,76.61799873161306
STU_010781,81.07451774597799
STU_010782,83.10598285761287
STU_010783,51.13485517482562
STU_010784,72.06960438891073
STU_010785,82.68761617370149
STU_010786,79.47000631925883
STU_010787,72.38625525470162
STU_010788,67.1418333550171
STU_010789,98.32529230941536
STU_010790,62.996311511034705
STU_010791,60.56961172028118
STU_010792,92.46021165791345
STU_010793,87.34579997348695
STU_010794,59.799754514312056
STU_010795,77.33953418573512
STU_010796,80.39959706150783
STU_010797,57.51205315441341
STU_010798,62.487613871814006
STU_010799,86.81096869109852
STU_010800,62.19434293697908
STU_010801,67.78796051231025
STU_010802,84.49261295196041
STU_010803,77.25856842259773
STU_010804,58.580184126963864
STU_010805,73.34648317768728
STU_010806,84.63361541116413
STU_010807,95.89301431147231
STU_010808,68.50460262951671
STU_010809,97.77367758031768
STU_010810,85.86456459711368
STU_010811,75.29564938351494
STU_010812,82.67278430594405
STU_010813,96.98024454073816
STU_010814,71.38597201530649
STU_010815,85.3939628741836
STU_010816,99.92457726005
STU_010817,86.88336135716392
STU_010818,81.77037288652133
STU_010819,84.53996169294015
STU_010820,96.55031355541809
STU_010821,97.0247905267872
STU_010822,65.03736952280863
STU_010823,94.95171186887875
STU_010824,86.60527890393601
STU_010825,89.60014427372444
STU_010826,82.80376611212382
STU_010827,57.76804493580502
STU_010828,69.60023863806697
STU_010829,68.24899500863923
STU_010830,76.15191704439572
STU_010831,93.86460421418238
STU_010832,94.65255547580469
STU_010833,84.5134515568283
STU_010834,70.69184701915707
STU_010835,81.06280464505615
STU_010836,85.02847543919975
STU_010837,73.32395782869378
STU_010838,91.38137270587683
STU_010839,69.40199222223822
STU_010840,81.01768311137
STU_010841,87.59295485890826
STU_010842,91.64704584331783
STU_010843,74.28924596170921
STU_010844,57.34190707720089
STU_010845,89.97952603642133
STU_010846,81.35695377893889
STU_010847,100.0
STU_010848,77.91038498733639
STU_010849,76.97428758309057
STU_010850,63.21947091338173
STU_010851,93.74141609001
STU_010852,68.94752020920973
STU_010853,89.6207057314459
STU_010854,87.05058316497438
STU_010855,70.99760222153306
STU_010856,58.042043405758875
STU_010857,66.92865881186528
STU_010858,53.70468548023935
STU_010859,66.38392597431209
STU_010860,95.69016540718135
STU_010861,77.41887282876084
STU_010862,67.83705852623457
STU_010863,76.37291127979182
STU_010864,87.18933354306873
STU_010865,76.04375937487679
STU_010866,90.3333297684301
STU_010867,56.433369171380875
STU_010868,66.41442531995314
STU_010869,79.87644673249156
STU_010870,66.45254665434959
STU_010871,88.26728552764318
STU_010872,86.80324487149929
STU_010873,50.83299313151966
STU_010874,66.65836700162882
STU_010875,86.58016609847493
STU_010876,72.61166585480113
STU_010877,75.24604275557758
STU_010878,75.48842908834354
STU_010879,65.41382499651561
STU_010880,84.17513643435856
STU_010881,95.5885110872587
STU_010882,80.01928554711967
STU_010883,83.0647050060189
STU_010884,60.97246243184373
STU_010885,67.96301776536194
STU_010886,97.33609303672166
STU_010887,58.24195985158931
STU_010888,89.7271768515142
STU_010889,93.45257195206537
STU_010890,77.35065616136401
STU_010891,95.88911764280843
STU_010892,83.32683131483077
STU_010893,72.80236807770282
STU_010894,85.4014120423191
STU_010895,69.38040572300727
STU_010896,75.02928378072922
STU_010897,69.26753520234743
STU_010898,86.56380763552944
STU_010899,62.713711018600534
STU_010900,68.0812081905747
STU_010901,64.55601504022708
STU_010902,90.02240840419407
STU_010903,56.19078478848395
STU_010904,72.30110623388974
STU_010905,66.65046830243243
STU_010906,56.45399546612359
STU_010907,95.73718926477108
STU_010908,89.59194878662694
STU_010909,86.95443215784458
STU_010910,84.5405842421444
STU_010911,78.41102852396921
STU_010912,91.24735651721774
STU_010913,79.04706138722283
STU_010914,88.62883337808236
STU_010915,76.59173002055323
STU_010916,66.90168212161689
STU_010917,77.67635659928644
STU_010918,80.37211474255083
STU_010919,89.0999142546552
STU_010920,72.36121515779611
STU_010921,81.40497683681966
STU_010922,78.71379232447177
STU_010923,91.17772723633931
STU_010924,91.31051096168508
STU_010925,68.46314272869941
STU_010926,91.01223477099172
STU_010927,63.211990173198274
STU_010928,77.20934756541882
STU_010929,71.39074733858148
STU_010930,91.49290763563272
STU_010931,74.19217067569612
STU_010932,83.52409330158677
STU_010933,78.81917713521077
STU_010934,89.79998195839008
STU_010935,71.58428829086435
STU_010936,67.98426167132074
STU_010937,74.26496251788623
STU_010938,60.31507866524179
STU_010939,81.28368312757165
STU_010940,53.566049337653624
STU_010941,92.46111741062607
STU_010942,82.13141257997565
STU_010943,57.11853835261455
STU_010944,61.550393398132066
STU_010945,73.41566325949232
STU_010946,78.48277357320893
STU_010947,74.53723486839363
STU_010948,85.11955341021961
STU_010949,93.46171057808701
STU_010950,66.94694501523678
STU_010951,76.14138683172703
STU_010952,63.01420997472758
STU_010953,89.08636605761161
STU_010954,54.18820940075652
STU_010955,62.76922926159847
STU_010956,95.50495969524292
STU_010957,85.93472680408864
STU_010958,69.39020127304462
STU_010959,88.48780161694859
STU_010960,84.86242881858817
STU_010961,75.60529919914812
STU_010962,89.60348098516252
STU_010963,69.58386484685224
STU_010964,78.53323592307996
STU_010965,64.87973670805479
STU_010966,59.94062588858068
STU_010967,71.51104395897802
STU_010968,69.39168081786175
STU_010969,60.349186196280804
STU_010970,81.4257604078874
STU_010971,74.84509596376928
STU_010972,73.30000863662703
STU_010973,74.60557244976647
STU_010974,63.61384285619113
STU_010975,80.88406894968698
STU_010976,81.85653456196677
STU_010977,86.96818749886188
STU_010978,94.6045939731591
STU_010979,75.0129393963193
STU_010980,79.9983734090962
STU_010981,87.00367774262789
STU_010982,69.77524254860815
STU_010983,72.84547699959742
STU_010984,76.07413740470389
STU_010985,53.65526655963739
STU_010986,94.2024351324759
STU_010987,91.19880101555235
STU_010988,68.66900225281081
STU_010989,86.30789087885381
STU_010990,83.16519079091337
STU_010991,61.32436279454707
STU_010992,77.42567148330852
STU_010993,72.6169685724341
STU_010994,78.22593630600917
STU_010995,99.37419239937773
STU_010996,58.052752820013026
STU_010997,68.54864416346999
STU_010998,68.90855067259683
STU_010999,69.4183264359531
STU_011000,77.51672832207991
STU_011001,60.625904096071345
STU_011002,80.78204575190377
STU_011003,59.302726276294074
STU_011004,81.21282098658138
STU_011005,71.54400037414615
STU_011006,84.04465703372921
STU_011007,66.84545663805616
STU_011008,79.88526128387211
STU_011009,94.37607835968706
STU_011010,97.12708405643212
STU_011011,68.4344790794517
STU_011012,81.1270535164734
STU_011013,56.21413605084321
STU_011014,60.61967680886062
STU_011015,92.93843091528235
STU_011016,65.6324361416372
STU_011017,74.86984748201195
STU_011018,88.99513355211057
STU_011019,65.2534768751838
STU_011020,90.32509775451489
STU_011021,68.05836966229337
STU_011022,84.80240601570407
STU_011023,70.29548315902802
STU_011024,81.07409483578076
STU_011025,67.59127429036074
STU_011026,77.67964745377606
STU_011027,78.0741680797017
STU_011028,90.90147055063734
STU_011029,83.57585000970118
STU_011030,62.84433615599512
STU_011031,63.28270748273417
STU_011032,63.2382393838633
STU_011033,58.957534672263165
STU_011034,75.17964394713395
STU_011035,84.01718692820727
STU_011036,95.57468540272596
STU_011037,94.15721288551435
STU_011038,82.485861479427
STU_011039,56.51338065259992
STU_011040,79.15070692834243
STU_011041,57.518132973097096
STU_011042,64.13652815125029
STU_011043,67.39799149480045
STU_011044,61.74953587375208
STU_011045,95.18753345231976
STU_011046,81.44200175157026
STU_011047,84.00026855027275
STU_011048,63.2003453354637
STU_011049,84.70828493656548
STU_011050,77.7543738689251
STU_011051,87.16204548035876
STU_011052,97.27007880835463
STU_011053,54.395767341161864
STU_011054,70.45881167804149
STU_011055,65.21137426879102
STU_011056,59.656910219129095
STU_011057,86.95125434146388
STU_011058,100.0
STU_011059,100.0
STU_011060,70.40408151084286
STU_011061,65.87541471033613
STU_011062,62.767399582384726
STU_011063,82.37115109836522
STU_011064,71.02508335542439
STU_011065,73.55470202112731
STU_011066,72.85408961070593
STU_011067,86.90177799548411
STU_011068,97.43084889640997
STU_011069,94.20063755573587
STU_011070,70.27053974102475
STU_011071,91.16086821819317
STU_011072,93.10197969431826
STU_011073,76.77510848121823
STU_011074,88.84107430128081
STU_011075,74.964514558409
STU_011076,96.13831968295958
STU_011077,75.08117552308838
STU_011078,72.82017466536709
STU_011079,67.24604274294556
STU_011080,61.414598053578054
STU_011081,89.00409551425003
STU_011082,54.13349848329388
STU_011083,94.10280472699314
STU_011084,77.7976236160833
STU_011085,91.93871901261234
STU_011086,64.12990054483593
STU_011087,71.48824620017547
STU_011088,76.02102013192281
STU_011089,86.75640603736365
STU_011090,86.68099408826366
STU_011091,79.55640988044935
STU_011092,64.4610715847762
STU_011093,80.36060998591601
STU_011094,59.88316392021272
STU_011095,82.33455659689508
STU_011096,66.1427264686692
STU_011097,89.50383327950517
STU_011098,89.70006998137487
STU_011099,86.85359576687193
STU_011100,63.207124434336585
STU_011101,63.58330601157374
STU_011102,78.46742289806613
STU_011103,67.67725496237234
STU_011104,93.64505353019966
STU_011105,74.9164854872659
STU_011106,81.29664865024814
STU_011107,58.313896663330375
STU_011108,81.06061047508543
STU_011109,90.46850454680977
STU_011110,97.15954281811673
STU_011111,73.83249615358977
STU_011112,79.9937814117025
STU_011113,85.55585674638377
STU_011114,85.92450935345747
STU_011115,87.87543680846645
STU_011116,80.069417283367
STU_011117,70.66241260889528
STU_011118,72.70822099214034
STU_011119,79.27337322193719
STU_011120,77.85877874869162
STU_011121,72.83688801370639
STU_011122,63.38239300694818
STU_011123,94.83011165962324
STU_011124,65.26124238644289
STU_011125,98.21260167961694
STU_011126,83.54786133473175
STU_011127,76.16320303053119
STU_011128,70.0781276209705
STU_011129,88.24005152293046
STU_011130,64.54490529197808
STU_011131,83.69978135293742
STU_011132,71.98154118901093
STU_011133,82.52332354271417
STU_011134,52.785380207538125
STU_011135,52.61016573878818
STU_011136,89.35035226408971
STU_011137,77.74614430569602
STU_011138,100.0
STU_011139,72.69974464661263
STU_011140,85.07138926437072
STU_011141,52.052721438801214
STU_011142,88.91656334089886
STU_011143,81.25631304878769
STU_011144,66.63336562540977
STU_011145,62.345665695398026
STU_011146,66.25325818285003
STU_011147,93.47347785291934
STU_011148,88.75279024053296
STU_011149,84.98367715417189
STU_011150,85.66521331468854
STU_011151,94.45161973999681
STU_011152,61.32458789560492
STU_011153,72.65352642792205
STU_011154,76.64169295578485
STU_011155,70.91841262501887
STU_011156,75.99689816626507
STU_011157,58.02450868263835
STU_011158,70.32571283511723
STU_011159,69.55562378829418
STU_011160,58.45631382222616
STU_011161,87.12417103276739
STU_011162,71.01878084942622
STU_011163,72.54314525447094
STU_011164,87.26388660447287
STU_011165,77.03455143294758
STU_011166,76.3186841842386
STU_011167,64.61743859679807
STU_011168,81.62650666839468
STU_011169,87.61732651709272
STU_011170,65.22530262072331
STU_011171,75.27313329719891
STU_011172,95.39281230414217
STU_011173,94.27854917514706
STU_011174,73.2902869754271
STU_011175,65.01277615020764
STU_011176,79.11748038548741
STU_011177,72.68385470269305
STU_011178,87.776983927717
STU_011179,85.98713346166669
STU_011180,72.93237571592698
STU_011181,79.7463901975403
STU_011182,94.54393376316084
STU_011183,55.49103927919765
STU_011184,76.93468144719414
STU_011185,80.0962187308198
STU_011186,48.3130469083452
STU_011187,85.09623978378755
STU_011188,75.14218564657457
STU_011189,47.05080589379651
STU_011190,84.21265008557626
STU_011191,94.58882757065996
STU_011192,81.14972322040481
STU_011193,74.61675870309489
STU_011194,90.84307720342214
STU_011195,81.81511793673376
STU_011196,85.43842601676408
STU_011197,98.2202195766087
STU_011198,82.54129494459048
STU_011199,91.66732116778572
STU_011200,77.01514158719836
STU_011201,48.97353695104495
STU_011202,62.03161586029113
STU_011203,77.90383961297682
STU_011204,84.04488127982154
STU_011205,89.4314395801758
STU_011206,83.85496949278777
STU_011207,57.472136719796765
STU_011208,74.72760561990428
STU_011209,79.41432693436158
STU_011210,72.2209414688312
STU_011211,81.21829802237949
STU_011212,72.25112609114639
STU_011213,84.20017793825156
STU_011214,60.097511372866634
STU_011215,92.8815585459744
STU_011216,62.33663120887564
STU_011217,97.95319869482095
STU_011218,68.08788008718578
STU_011219,86.4022430266615
STU_011220,66.4306826196989
STU_011221,83.01203152345062
STU_011222,86.78429853449141
STU_011223,68.07531040531691
STU_011224,98.7710190916127
STU_011225,52.428492308285215
STU_011226,81.2776523959046
STU_011227,59.13219299827023
STU_011228,93.39524711436158
STU_011229,79.69164064144266
STU_011230,79.40937561382896
STU_011231,92.75133232969034
STU_011232,87.0774074681124
STU_011233,76.55406881475945
STU_011234,79.8418024174915
STU_011235,91.74896796746688
STU_011236,67.70930999765328
STU_011237,62.830322576705086
STU_011238,66.0236053701881
STU_011239,83.07257537896693
STU_011240,84.7110745801973
STU_011241,96.69071341338034
STU_011242,64.06819205550954
STU_011243,67.40024163798451
STU_011244,52.49937495506971
STU_011245,74.30605760164632
STU_011246,80.27949311012708
STU_011247,85.59380232115225
STU_011248,73.78551133398948
STU_011249,74.94440966947002
STU_011250,73.12298048503051
STU_011251,73.83261850323309
STU_011252,74.92190724486905
STU_011253,77.83802841751167
STU_011254,97.79767430654034
STU_011255,84.62759673865006
STU_011256,76.76672850821689
STU_011257,51.15257302602023
STU_011258,78.69072361706537
STU_011259,75.69915849071936
STU_011260,100.0
STU_011261,66.29503679022898
STU_011262,84.409104618529
STU_011263,59.115940046450746
STU_011264,51.66487890064967
STU_011265,79.0343825028587
STU_011266,81.62917930966775
STU_011267,90.27630996394322
STU_011268,62.79055730684573
STU_011269,87.54505489162892
STU_011270,76.22865473747214
STU_011271,81.15572284851805
STU_011272,89.4322144847352
STU_011273,75.21622448748761
STU_011274,84.34805988576446
STU_011275,72.90563194431898
STU_011276,84.4463028329464
STU_011277,75.85600419384473
STU_011278,71.22517048905343
STU_011279,97.72486466715628
STU_011280,75.14032736810269
STU_011281,69.75426664380645
STU_011282,91.06139715702298
STU_011283,77.20937944209064
STU_011284,59.37335894480381
STU_011285,89.66940523998159
STU_011286,80.0552743831458
STU_011287,74.75377830310904
STU_011288,71.38804884527633
STU_011289,65.43064195037059
STU_011290,70.74988061190433
STU_011291,79.69745715816768
STU_011292,45.53258187761136
STU_011293,89.47110885127746
STU_011294,71.81180607481387
STU_011295,78.72267103130642
STU_011296,96.24763403066414
STU_011297,75.58587343778879
STU_011298,56.99579163353302
STU_011299,84.0467283845066
STU_011300,88.34138016658468
STU_011301,100.0
STU_011302,70.98369892706401
STU_011303,83.11080185040412
STU_011304,84.44025729031348
STU_011305,69.01253282691917
STU_011306,78.1510957655007
STU_011307,62.28158727457549
STU_011308,55.33595422562588
STU_011309,81.60068572124399
STU_011310,52.6948740869143
STU_011311,82.6236324305892
STU_011312,69.53136551423941
STU_011313,88.45182120163688
STU_011314,61.76860647569348
STU_011315,81.302016903132
STU_011316,61.70980950027251
STU_011317,77.81739634600797
STU_011318,62.464685885766315
STU_011319,87.95877376245926
STU_011320,59.14792993165655
STU_011321,84.22106753032072
STU_011322,60.09576947509387
STU_011323,51.7650890314597
STU_011324,60.98826069819518
STU_011325,60.320164816193184
STU_011326,79.08935562790651
STU_011327,81.91026164333218
STU_011328,90.08649487997624
STU_011329,60.48689124611063
STU_011330,52.40732677072391
STU_011331,60.40379100477421
STU_011332,86.24147767682355
STU_011333,68.7160863304924
STU_011334,89.565674483029
STU_011335,68.55982083077166
STU_011336,64.18320720122605
STU_011337,81.30870178901444
STU_011338,91.24312565360825
STU_011339,70.43192417331366
STU_011340,74.24801615069968
STU_011341,96.2291046436976
STU_011342,82.61356603664338
STU_011343,86.19397235631797
STU_011344,45.77522287231034
STU_011345,69.74457234111385
STU_011346,72.43555130813645
STU_011347,98.99093144577392
STU_011348,80.34068178191987
STU_011349,100.0
STU_011350,65.82139499636432
STU_011351,74.41132419314167
STU_011352,82.9261810110159
STU_011353,70.11774282946766
STU_011354,92.92156667140304
STU_011355,69.46454776360069
STU_011356,80.92909466093775
STU_011357,69.78955856572351
STU_011358,93.0715885715195
STU_011359,100.0
STU_011360,100.0
STU_011361,66.12083807276406
STU_011362,79.51569322528631
STU_011363,100.0
STU_011364,88.03855139530307
STU_011365,65.13586782397756
STU_011366,86.66155024645366
STU_011367,74.85035155339371
STU_011368,86.33280440927146
STU_011369,71.24550513979896
STU_011370,82.37641604767754
STU_011371,72.05576840819108
STU_011372,90.63545306645291
STU_011373,65.57028402438199
STU_011374,74.66510232601411
STU_011375,88.12781291223605
STU_011376,51.88736373510369
STU_011377,100.0
STU_011378,88.05394795833158
STU_011379,81.32619930518331
STU_011380,75.56361564748035
STU_011381,62.12975199754747
STU_011382,80.74979641764583
STU_011383,93.40212666045295
STU_011384,70.76004894470955
STU_011385,81.78428755599234
STU_011386,73.79735008755394
STU_011387,55.68214647805121
STU_011388,65.91521733872129
STU_011389,58.656715587868234
STU_011390,85.71515944407606
STU_011391,54.256840958051654
STU_011392,72.40126899839481
STU_011393,71.48194548486322
STU_011394,82.54763373786739
STU_011395,84.97311928194799
STU_011396,88.59829474372987
STU_011397,68.54297704512398
STU_011398,100.0
STU_011399,72.1063942451849
STU_011400,74.86285833379205
STU_011401,71.01764234807666
STU_011402,75.83023222172717
STU_011403,79.34642862335933
STU_011404,100.0
STU_011405,81.27393377776768
STU_011406,86.24200760045048
STU_011407,92.10744626231191
STU_011408,80.70180261586117
STU_011409,84.67766162606243
STU_011410,74.79856577940626
STU_011411,91.81740325070405
STU_011412,75.15706155115276
STU_011413,64.70513942212554
STU_011414,91.10698848320658
STU_011415,79.8536076837153
STU_011416,93.85165190215066
STU_011417,79.7182817159524
STU_011418,63.24695606766271
STU_011419,73.50062783415493
STU_011420,90.55079910009911
STU_011421,86.69106836684331
STU_011422,74.26346410200347
STU_011423,67.88611834175579
STU_011424,73.7732396757533
STU_011425,70.29685397465389
STU_011426,97.61595769183455
STU_011427,67.7508381516958
STU_011428,90.48184127481113
STU_011429,77.1945977176507
STU_011430,76.92410923484934
STU_011431,79.6609979108218
STU_011432,66.42291985316214
STU_011433,91.42149426981383
STU_011434,92.94928120204999
STU_011435,73.87471906981729
STU_011436,90.00672962442458
STU_011437,64.2307321407806
STU_011438,65.22763468993412
STU_011439,75.05996268958928
STU_011440,67.31648858311488
STU_011441,79.33510328326341
STU_011442,78.60917469248925
STU_011443,69.53486189205734
STU_011444,77.4097760996778
STU_011445,71.76228570972395
STU_011446,56.1420902550083
STU_011447,93.09530409375004
STU_011448,63.53978756618059
STU_011449,73.8094094459721
STU_011450,81.45235658056973
STU_011451,78.67144011314276
STU_011452,69.88037161900415
STU_011453,68.84574047302812
STU_011454,68.40021032266449
STU_011455,53.31883721318418
STU_011456,92.5377595666125
STU_011457,69.76752266973814
STU_011458,97.03503021599798
STU_011459,73.13101771238628
STU_011460,86.559420508095
STU_011461,80.12787206863385
STU_011462,81.60366782071733
STU_011463,81.93734761759373
STU_011464,73.09547504796977
STU_011465,71.17812476512981
STU_011466,80.13248067022752
STU_011467,79.41350538945429
STU_011468,65.6398522478188
STU_011469,71.03122741698301
STU_011470,93.53540806946233
STU_011471,64.15020260745422
STU_011472,72.50613126370601
STU_011473,77.59878537599465
STU_011474,90.84837127322083
STU_011475,88.96396881908161
STU_011476,93.05743860044026
STU_011477,98.737215955577
STU_011478,52.654044832704585
STU_011479,64.53407456592873
STU_011480,96.8957786254635
STU_011481,70.3671957206268
STU_011482,59.275988538285524
STU_011483,93.99387245964391
STU_011484,77.55064368544636
STU_011485,78.52503362732537
STU_011486,59.35822259569398
STU_011487,83.73308869978507
STU_011488,79.37063155313751
STU_011489,67.4903425985876
STU_011490,78.19559383842729
STU_011491,59.61858264654009
STU_011492,79.03840344870909
STU_011493,95.15826322804101
STU_011494,82.94371303337707
STU_011495,81.59851949203275
STU_011496,89.83189577530192
STU_011497,77.44760842165445
STU_011498,79.06752243947314
STU_011499,82.56958883570138
STU_011500,75.55352559376395
STU_011501,61.36639947532868
STU_011502,50.332006292110734
STU_011503,89.40454418364996
STU_011504,60.569619404218074
STU_011505,70.25776269746588
STU_011506,58.295774224563104
STU_011507,70.05649685235626
STU_011508,80.55579255680908
STU_011509,67.89192587718532
STU_011510,80.85327403489103
STU_011511,94.32119585036733
STU_011512,52.95405247751368
STU_011513,79.21324163703444
STU_011514,78.427930658366
STU_011515,68.85429282143605
STU_011516,83.16306463357212
STU_011517,84.98066599486987
STU_011518,94.73862506462675
STU_011519,63.68474328552212
STU_011520,48.720884656847375
STU_011521,50.853697354909954
STU_011522,100.0
STU_011523,77.1785331897554
STU_011524,86.92644201634445
STU_011525,100.0
STU_011526,84.25770937045431
STU_011527,91.06746853268957
STU_011528,87.74021773424221
STU_011529,81.66384148033217
STU_011530,67.45100569046626
STU_011531,79.86811967470192
STU_011532,77.1674974014336
STU_011533,81.34806815191014
STU_011534,76.3745444472492
STU_011535,69.24879401537017
STU_011536,58.7925123366758
STU_011537,52.29914877503384
STU_011538,73.91106058383193
STU_011539,72.36038801059917
STU_011540,80.97821700140909
STU_011541,81.03170864814447
STU_011542,66.11031376758919
STU_011543,77.77288448497835
STU_011544,83.99766829225584
STU_011545,91.3227459185391
STU_011546,60.660028273643974
STU_011547,92.61212022448117
STU_011548,80.90936240799948
STU_011549,63.582824334634076
STU_011550,84.02115161134108
STU_011551,71.39591795838493
STU_011552,56.06702881480422
STU_011553,74.05559078708977
STU_011554,82.14421768986473
STU_011555,85.05862497021444
STU_011556,98.45999606149633
STU_011557,62.05064824018436
STU_011558,97.97938832367981
STU_011559,93.90980309275514
STU_011560,100.0
STU_011561,71.37665028875402
STU_011562,98.35309525313676
STU_011563,94.0926189881938
STU_011564,61.59053475702662
STU_011565,75.52280721176673
STU_011566,70.3168939374126
STU_011567,59.652013477793105
STU_011568,58.19852692950754
STU_011569,83.44385524417777
STU_011570,97.59485886103081
STU_011571,78.555495578891
STU_011572,88.89194329673235
STU_011573,72.48679493000911
STU_011574,69.45269863157411
STU_011575,68.22913840963312
STU_011576,78.41525305948385
STU_011577,62.88012210568748
STU_011578,68.15995879968847
STU_011579,71.34958179987251
STU_011580,90.2015471531029
STU_011581,63.87923986834258
STU_011582,82.15214773412998
STU_011583,68.2028390836111
STU_011584,90.14697353988547
STU_011585,81.55778805408913
STU_011586,83.30921185161178
STU_011587,92.51230846130099
STU_011588,93.41594452011566
STU_011589,86.88371182427663
STU_011590,70.75281021904863
STU_011591,61.49572897768083
STU_011592,91.97036759653977
STU_011593,77.15161123396092
STU_011594,96.4035127487094
STU_011595,88.59716057066588
STU_011596,77.9339675320939
STU_011597,68.31640598275796
STU_011598,80.76865255924488
STU_011599,62.92668470409431
STU_011600,60.57298521202029
STU_011601,71.07385460484909
STU_011602,88.90199274454231
STU_011603,62.09277164696397
STU_011604,85.97631279954982
STU_011605,82.6249073780558
STU_011606,66.35423114986432
STU_011607,94.63305797776675
STU_011608,89.2134429407073
STU_011609,65.9095862221717
STU_011610,81.93487603812491
STU_011611,55.60390347142692
STU_011612,82.62640345791573
STU_011613,67.68681386758448
STU_011614,61.05931102356031
STU_011615,90.39636506987372
STU_011616,86.99194617985033
STU_011617,69.30458941851764
STU_011618,71.64901746473026
STU_011619,80.30865986710904
STU_011620,56.86399608174163
STU_011621,71.63227587522516
STU_011622,73.95074703614483
STU_011623,56.50508978159107
STU_011624,89.4020278217403
STU_011625,97.70729760142618
STU_011626,83.18385793828693
STU_011627,69.90307396907595
STU_011628,71.15652785318805
STU_011629,72.10188902516217
STU_011630,95.68115580879643
STU_011631,55.23110374994167
STU_011632,62.079511335161826
STU_011633,100.0
STU_011634,48.18885608440189
STU_011635,95.63573369999914
STU_011636,62.99834549859905
STU_011637,71.88320288614872
STU_011638,82.7837091764743
STU_011639,90.30084453754617
STU_011640,89.14144951255018
STU_011641,75.87457446013816
STU_011642,78.50364112773232
STU_011643,64.04095133295704
STU_011644,93.00838835529996
STU_011645,97.12927728535738
STU_011646,77.27082925115066
STU_011647,76.39020421811625
STU_011648,75.28700460013167
STU_011649,82.27259326995642
STU_011650,82.8331918330108
STU_011651,67.2403540874157
STU_011652,58.78973586045957
STU_011653,100.0
STU_011654,65.96502230923568
STU_011655,73.54658832525976
STU_011656,62.14464312927052
STU_011657,41.73058036366485
STU_011658,98.6204918889664
STU_011659,63.92038967706218
STU_011660,82.08547272576084
STU_011661,98.56356990878257
STU_011662,85.85158229169572
STU_011663,92.38399671729073
STU_011664,93.04232069523756
STU_011665,65.2131004028716
STU_011666,72.07333145972953
STU_011667,61.79832564243556
STU_011668,79.63064032152472
STU_011669,67.95348898504965
STU_011670,87.28306194123391
STU_011671,80.00371358583547
STU_011672,89.71207900771145
STU_011673,74.15711741928023
STU_011674,65.94196291630506
STU_011675,88.28737617449178
STU_011676,71.59501980735557
STU_011677,79.1759555097127
STU_011678,54.70697305042471
STU_011679,93.70715705545274
STU_011680,90.07298181078473
STU_011681,98.36029390451745
STU_011682,45.045373622909594
STU_011683,74.49224495944884
STU_011684,63.01302656750776
STU_011685,63.19998589335029
STU_011686,73.71653424864306
STU_011687,88.23504356799434
STU_011688,88.39706143670814
STU_011689,72.98068765333669
STU_011690,71.02652780939836
STU_011691,95.87306046374424
STU_011692,82.02379515349521
STU_011693,90.24627376591906
STU_011694,94.41753971023499
STU_011695,91.6881459574265
STU_011696,89.7301869883254
STU_011697,70.65318994069636
STU_011698,68.54808835989309
STU_011699,83.07394000551909
STU_011700,61.233889039115866
STU_011701,70.86289053792363
STU_011702,82.61237135090138
STU_011703,85.54180042127511
STU_011704,81.91660486884533
STU_011705,75.50074614209721
STU_011706,87.36226357921429
STU_011707,70.55171555633896
STU_011708,76.5306859138284
STU_011709,85.55755485993159
STU_011710,83.34565049065453
STU_011711,78.0530510086729
STU_011712,56.68441635704574
STU_011713,95.56287192950967
STU_011714,76.4010506513553
STU_011715,83.57262282707033
STU_011716,81.85351021250709
STU_011717,73.64710583360608
STU_011718,84.4155090008376
STU_011719,76.20453958754835
STU_011720,94.80040435607201
STU_011721,66.07166683398533
STU_011722,66.89249510563845
STU_011723,74.29091260008434
STU_011724,90.82213421472497
STU_011725,80.31610328041843
STU_011726,55.97338846821502
STU_011727,61.61486499855212
STU_011728,56.644790858831
STU_011729,78.05912899833517
STU_011730,73.3493434609636
STU_011731,94.2595559973311
STU_011732,91.61471272468076
STU_011733,78.80149210465551
STU_011734,92.09865048774185
STU_011735,79.28671394090676
STU_011736,70.48075527377233
STU_011737,69.00836146773692
STU_011738,86.76793309497563
STU_011739,89.23966682060068
STU_011740,86.620383343828
STU_011741,78.9031662483156
STU_011742,67.48350480210024
STU_011743,60.788565243449945
STU_011744,72.84049839085546
STU_011745,64.17613515758086
STU_011746,69.41048591705017
STU_011747,85.98269928775368
STU_011748,68.18100236814806
STU_011749,75.13397986769093
STU_011750,97.3817859770762
STU_011751,72.307347960165
STU_011752,60.718511599322866
STU_011753,49.99824195463013
STU_011754,76.74408853191494
STU_011755,74.53021602859538
STU_011756,83.56968688438
STU_011757,74.94239750043154
STU_011758,98.09976979697498
STU_011759,70.11101085980778
STU_011760,84.40583327716979
STU_011761,89.52650994192501
STU_011762,73.68150970926375
STU_011763,81.82656296963722
STU_011764,66.96164722857817
STU_011765,78.81869892819623
STU_011766,44.98996929693328
STU_011767,60.97506799792783
STU_011768,87.28876916687581
STU_011769,60.62032491765998
STU_011770,92.78607886486265
STU_011771,70.12073465538637
STU_011772,66.09882680763192
STU_011773,63.900951684689936
STU_011774,64.21371709486145
STU_011775,77.66255294316856
STU_011776,67.66515550871887
STU_011777,72.66408182491764
STU_011778,89.1258670017863
STU_011779,82.45980216009292
STU_011780,71.90874630202885
STU_011781,57.687628800624886
STU_011782,88.22406771077212
STU_011783,71.99506693922795
STU_011784,73.07962558984936
STU_011785,67.3780133406373
STU_011786,82.63479354917882
STU_011787,67.48740356263468
STU_011788,70.74842425857388
STU_011789,61.05011696816199
STU_011790,83.17718117912304
STU_011791,90.69884861284092
STU_011792,78.5619972610013
STU_011793,62.53174959268371
STU_011794,59.251137857931056
STU_011795,62.60773814032222
STU_011796,96.31367021204312
STU_011797,72.26322959911158
STU_011798,65.7011301649172
STU_011799,98.1653633975115
STU_011800,68.20697755404547
STU_011801,85.33975857403135
STU_011802,91.99012690242387
STU_011803,73.33774183242605
STU_011804,74.50486021745985
STU_011805,70.7537327157843
STU_011806,69.48777092589306
STU_011807,83.53918621486122
STU_011808,87.5778757465826
STU_011809,89.28147870020302
STU_011810,91.2355721172538
STU_011811,91.3865467413875
STU_011812,71.50240400435098
STU_011813,70.50408340236586
STU_011814,94.28785483419216
STU_011815,70.94355680586592
STU_011816,78.90779586463387
STU_011817,94.03329262827714
STU_011818,77.55854338366223
STU_011819,76.94641104560634
STU_011820,74.0566554914019
STU_011821,76.89006288300595
STU_011822,98.62340350510419
STU_011823,73.1585575240716
STU_011824,74.39358688510747
STU_011825,81.67099361671606
STU_011826,70.92567144436332
STU_011827,76.48568555943069
STU_011828,74.17701415073225
STU_011829,75.00466401614567
STU_011830,66.99123225490283
STU_011831,67.84843558784
STU_011832,68.91935431959803
STU_011833,65.1462968927425
STU_011834,63.135526196254176
STU_011835,80.98822610822572
STU_011836,75.23875117155825
STU_011837,72.36145261946842
STU_011838,69.0747430740297
STU_011839,87.88384047516782
STU_011840,84.44895156439433
STU_011841,82.52015199826248
STU_011842,60.61734462937583
STU_011843,55.4858496971443
STU_011844,84.32406591929418
STU_011845,69.59885863715009
STU_011846,87.39456676549568
STU_011847,73.94851715490547
STU_011848,95.55495931159177
STU_011849,80.07734627718199
STU_011850,69.73635787586879
STU_011851,91.71245275246262
STU_011852,90.50807824847088
STU_011853,86.6892720296007
STU_011854,77.23737347097908
STU_011855,90.45874828393893
STU_011856,85.58547559898757
STU_011857,80.86789894914995
STU_011858,87.36010260160276
STU_011859,73.38535209457599
STU_011860,73.10511695888309
STU_011861,64.62691456536919
STU_011862,69.96269888850601
STU_011863,95.74463407451032
STU_011864,51.720519725914784
STU_011865,82.52408163376144
STU_011866,63.5352603330737
STU_011867,85.21907741604137
STU_011868,81.86434423931969
STU_011869,74.21198207629129
STU_011870,89.2514301729123
STU_011871,63.71821436489992
STU_011872,67.18558212780586
STU_011873,81.98799454239357
STU_011874,68.38561678813672
STU_011875,61.70558391416817
STU_011876,68.67770039238437
STU_011877,89.26755210263318
STU_011878,58.055126467594505
STU_011879,79.71132679731454
STU_011880,58.860543899482984
STU_011881,52.533415299636914
STU_011882,85.44780169506174
STU_011883,52.96133448184194
STU_011884,64.9253043744356
STU_011885,59.498212197941335
STU_011886,71.02248736832537
STU_011887,79.1205309980981
STU_011888,77.10734578439242
STU_011889,45.23934247244407
STU_011890,58.89738790966549
STU_011891,82.84359975800736
STU_011892,98.77950825263471
STU_011893,89.6100796075483
STU_011894,74.09116737298183
STU_011895,94.83362265892345
STU_011896,59.920925810235204
STU_011897,65.39297740859377
STU_011898,100.0
STU_011899,56.924841146361025
STU_011900,80.27687435866204
STU_011901,78.82701788724762
STU_011902,55.20276627089631
STU_011903,74.5535811928687
STU_011904,79.52620999954212
STU_011905,74.82044366301339
STU_011906,83.47804624364488
STU_011907,85.91909515619727
STU_011908,90.34360899661175
STU_011909,50.52790068674763
STU_011910,85.44499791056865
STU_011911,73.66519381406385
STU_011912,89.22121805069216
STU_011913,75.30119428872274
STU_011914,88.56551763194457
STU_011915,91.22091372383034
STU_011916,70.34819823558888
STU_011917,89.00119192709607
STU_011918,78.45914158757671
STU_011919,100.0
STU_011920,76.53467705092035
STU_011921,68.29780030067397
STU_011922,77.60113888081571
STU_011923,61.33456532598972
STU_011924,70.17226344250545
STU_011925,41.86927488046062
STU_011926,72.29920371568699
STU_011927,71.84204205933145
STU_011928,71.69134771629784
STU_011929,81.42895558161223
STU_011930,86.95406627832988
STU_011931,85.97272351239593
STU_011932,67.00794934319147
STU_011933,54.95059718987386
STU_011934,82.05780385421406
STU_011935,49.552851904196075
STU_011936,87.38326016248024
STU_011937,72.50446992118893
STU_011938,57.84405905207885
STU_011939,92.72313040757282
STU_011940,79.62217790787179
STU_011941,78.77080590099237
STU_011942,92.08878143451014
STU_011943,76.3355140945601
STU_011944,69.26358818394482
STU_011945,74.1907830624125
STU_011946,98.32781014796745
STU_011947,84.78243695307378
STU_011948,66.88195502625918
STU_011949,82.65571556272782
STU_011950,75.77146615855999
STU_011951,90.6119963761613
STU_011952,69.63806523266378
STU_011953,49.53984613646298
STU_011954,91.92930690013463
STU_011955,58.47457730855598
STU_011956,90.95028019202691
STU_011957,58.809876445174226
STU_011958,95.01514631217151
STU_011959,77.93327734180104
STU_011960,92.00610687645951
STU_011961,91.26409145736153
STU_011962,77.93992334461039
STU_011963,93.63266792622389
STU_011964,75.01966529381859
STU_011965,76.4487885146618
STU_011966,91.88118977262613
STU_011967,55.153042246042894
STU_011968,88.11569675175502
STU_011969,53.61449302199905
STU_011970,81.92027084939042
STU_011971,54.99639380989285
STU_011972,85.24988198081067
STU_011973,69.61032381752777
STU_011974,93.43170947635383
STU_011975,76.62567417449924
STU_011976,65.89304617964842
STU_011977,87.00932883368053
STU_011978,61.621655631637275
STU_011979,75.63632645613967
STU_011980,79.00820601804497
STU_011981,79.65345774492651
STU_011982,93.6502008190298
STU_011983,68.17348899180239
STU_011984,82.01970687703566
STU_011985,82.51653366009039
STU_011986,68.84117333159274
STU_011987,58.27567696851095
STU_011988,76.47799468566691
STU_011989,68.26106835582468
STU_011990,92.21970248605794
STU_011991,66.6530706518061
STU_011992,45.421646748781725
STU_011993,70.4040681581391
STU_011994,62.83418524908516
STU_011995,71.04587244417063
STU_011996,74.61646551244947
STU_011997,86.32801142059932
STU_011998,94.99728138439127
STU_011999,100.0
STU_012000,90.03965290750418
STU_012001,87.78983718360564
STU_012002,73.3018694638739
STU_012003,76.11050652402614
STU_012004,69.76461375437243
STU_012005,80.19092903583942
STU_012006,91.03126574091952
STU_012007,61.10076059870046
STU_012008,81.37901980726174
STU_012009,68.96794538396225
STU_012010,44.633520893074326
STU_012011,60.49792947553097
STU_012012,70.09987668486859
STU_012013,70.34706799965272
STU_012014,56.31566869049621
STU_012015,69.05375972765574
STU_012016,54.161539612945624
STU_012017,78.58655542235772
STU_012018,86.56249934461528
STU_012019,94.75308178393212
STU_012020,61.954092099963304
STU_012021,62.541391269832275
STU_012022,67.52942286815389
STU_012023,73.95581269384192
STU_012024,92.04837430353304
STU_012025,89.90912093498154
STU_012026,67.15524195697421
STU_012027,91.14086828963953
STU_012028,94.60620974648329
STU_012029,63.656184068719824
STU_012030,85.6615709647865
STU_012031,94.2461192948827
STU_012032,69.09769054860944
STU_012033,69.2254947285324
STU_012034,95.74484039312858
STU_012035,69.45150252670264
STU_012036,67.5005779651508
STU_012037,76.83058625162006
STU_012038,61.07167253634951
STU_012039,72.37584587916332
STU_012040,95.45112743046397
STU_012041,73.22337730114984
STU_012042,89.23173913760824
STU_012043,71.84337901450328
STU_012044,73.19683617981924
STU_012045,53.939577854566366
STU_012046,79.9169035815714
STU_012047,96.21609079026703
STU_012048,56.1356446038625
STU_012049,74.5482671736803
STU_012050,74.63631323923383
STU_012051,35.94686775982271
STU_012052,85.36122105658295
STU_012053,82.15431624132725
STU_012054,69.03311598123939
STU_012055,77.97692611993347
STU_012056,96.19876452896868
STU_012057,88.50444535217396
STU_012058,64.26853958909108
STU_012059,57.91778553620476
STU_012060,74.87872455289302
STU_012061,62.25137980919958
STU_012062,89.61744604482278
STU_012063,57.74546227682255
STU_012064,63.550058013560886
STU_012065,83.61931224894047
STU_012066,72.16580837057671
STU_012067,74.14642593472793
STU_012068,64.7357173404867
STU_012069,68.70250588231174
STU_012070,78.73506249279268
STU_012071,79.72436016006466
STU_012072,70.42489677258581
STU_012073,89.64043568133138
STU_012074,87.45065100889909
STU_012075,55.05610390696542
STU_012076,65.64196819173135
STU_012077,66.58931105000339
STU_012078,68.41404309958914
STU_012079,73.65543790220684
STU_012080,77.95396591948948
STU_012081,49.38038709618283
STU_012082,91.66297758637648
STU_012083,66.80517439308504
STU_012084,76.62677136678124
STU_012085,93.8732610653214
STU_012086,82.39847292005484
STU_012087,77.6380021357978
STU_012088,76.49995976203316
STU_012089,74.83015635530825
STU_012090,93.03089944146731
STU_012091,88.16947636078213
STU_012092,81.20592092848298
STU_012093,81.0792481907196
STU_012094,80.5533513271136
STU_012095,67.85768690974444
STU_012096,77.90477942455772
STU_012097,81.20680286938071
STU_012098,65.00553879914112
STU_012099,76.30667703719388
STU_012100,90.36982491303824
STU_012101,91.91133006944574
STU_012102,70.12039448455593
STU_012103,77.14560837075295
STU_012104,63.35862558212554
STU_012105,83.94925110810948
STU_012106,91.13842315671019
STU_012107,82.06335954395863
STU_012108,90.7717593231468
STU_012109,76.32733069818413
STU_012110,75.19305691979025
STU_012111,48.071580678177895
STU_012112,85.6770670800025
STU_012113,84.5470027547857
STU_012114,69.23105949392524
STU_012115,76.30689971904202
STU_012116,71.38304099885065
STU_012117,92.84061294893283
STU_012118,68.46794790332247
STU_012119,89.6461454018528
STU_012120,65.06377120892454
STU_012121,72.86315781834439
STU_012122,64.67520123648356
STU_012123,80.70590164173757
STU_012124,71.42537661582455
STU_012125,81.62927904871782
STU_012126,72.87773923655084
STU_012127,78.85300544546962
STU_012128,75.72116921639773
STU_012129,76.96161700051509
STU_012130,62.21804775223033
STU_012131,50.82010281304427
STU_012132,79.97034538799156
STU_012133,82.65312579678684
STU_012134,61.07583766138255
STU_012135,65.64570844543397
STU_012136,53.81476281919222
STU_012137,67.55638537697166
STU_012138,55.78557130049758
STU_012139,69.25110212564539
STU_012140,76.1680968669093
STU_012141,64.25030422002838
STU_012142,79.2022342397758
STU_012143,99.63607994241019
STU_012144,80.03026949453789
STU_012145,78.09448177049468
STU_012146,77.98879869943853
STU_012147,68.66153031463215
STU_012148,76.51463818311126
STU_012149,79.42760447486793
STU_012150,78.28966130904897
STU_012151,82.13783022504948
STU_012152,53.281936938923465
STU_012153,72.33327258977829
STU_012154,76.79399769015988
STU_012155,63.87043087807155
STU_012156,72.00603931755833
STU_012157,82.3893802683082
STU_012158,88.28782792900225
STU_012159,84.63205141939947
STU_012160,95.88627725481342
STU_012161,96.81217468191923
STU_012162,84.62449459129378
STU_012163,98.66867192984188
STU_012164,42.270354244846324
STU_012165,69.56821849722533
STU_012166,67.38278654801773
STU_012167,93.60565684344917
STU_012168,62.81544225841966
STU_012169,58.104717752987625
STU_012170,70.53114000201344
STU_012171,79.80484905914514
STU_012172,88.1497106350393
STU_012173,88.85506243451975
STU_012174,85.15126961771614
STU_012175,80.10434000623678
STU_012176,69.98056348037281
STU_012177,70.12940390487435
STU_012178,90.02319457201965
STU_012179,68.51997711075883
STU_012180,82.43241603146913
STU_012181,94.48542431199607
STU_012182,76.4486534126948
STU_012183,89.16689675127674
STU_012184,76.02526204789227
STU_012185,77.05162500008309
STU_012186,92.64816524890915
STU_012187,50.12138841218558
STU_012188,61.36547319074512
STU_012189,59.729933907378125
STU_012190,86.44267484900804
STU_012191,72.26145512020625
STU_012192,70.84654973702195
STU_012193,63.977232272153486
STU_012194,78.24924714948541
STU_012195,66.4486598755331
STU_012196,49.50975146344126
STU_012197,86.03619685496201
STU_012198,70.6771410633664
STU_012199,80.64489119193601
STU_012200,57.77321534059834
STU_012201,72.3126034985061
STU_012202,82.10357797521306
STU_012203,88.16689758049993
STU_012204,72.8256767687577
STU_012205,75.89661654150136
STU_012206,85.104630062151
STU_012207,90.11829653777521
STU_012208,77.14537260113815
STU_012209,61.73482192747175
STU_012210,75.75698311665522
STU_012211,78.69644189955773
STU_012212,69.80954950551758
STU_012213,82.31887659416748
STU_012214,63.784148470955834
STU_012215,63.00670239094442
STU_012216,82.13124916189737
STU_012217,92.6363638112836
STU_012218,99.88617232708084
STU_012219,69.64706140108851
STU_012220,58.54600197487078
STU_012221,76.21438242183845
STU_012222,65.0129800957013
STU_012223,65.85946977246903
STU_012224,70.75621619395511
STU_012225,85.86976041086024
STU_012226,77.50858691419214
STU_012227,74.91481305179106
STU_012228,62.16098710947842
STU_012229,84.75592898806042
STU_012230,81.82095267479697
STU_012231,63.76405152364658
STU_012232,81.37226954955423
STU_012233,80.6223362227286
STU_012234,65.46676732427312
STU_012235,70.17065440902311
STU_012236,96.4560802290955
STU_012237,73.9062057697736
STU_012238,68.88574235792072
STU_012239,74.46754557399613
STU_012240,76.36090866994924
STU_012241,86.0600329077935
STU_012242,75.45404483151012
STU_012243,48.60683686592071
STU_012244,59.68238154064477
STU_012245,68.30644453221412
STU_012246,66.25977391352008
STU_012247,59.55768121342464
STU_012248,88.92246798824428
STU_012249,86.14778333550625
STU_012250,85.49473397148029
STU_012251,71.6613681614348
STU_012252,62.291626956555135
STU_012253,60.53293812563872
STU_012254,54.67763334132066
STU_012255,79.91219585159253
STU_012256,68.66188226543424
STU_012257,81.05177193048542
STU_012258,76.90457228897404
STU_012259,78.18891924882563
STU_012260,88.07580928320706
STU_012261,82.16708873972635
STU_012262,83.01809667702437
STU_012263,67.73622929690879
STU_012264,63.56438124609029
STU_012265,69.40785634368804
STU_012266,95.9476977716227
STU_012267,91.63822927018157
STU_012268,57.00027443677446
STU_012269,79.10323387277273
STU_012270,72.85072833387872
STU_012271,76.38742393966359
STU_012272,74.41487119907278
STU_012273,70.15606207174184
STU_012274,65.19978513712002
STU_012275,90.02139648336707
STU_012276,72.20339758062914
STU_012277,79.5426042140293
STU_012278,68.6438974734443
STU_012279,80.69310940288896
STU_012280,76.00199740906115
STU_012281,55.48425391574651
STU_012282,89.59756590188732
STU_012283,91.87678650310369
STU_012284,68.40554999851274
STU_012285,78.00091430993774
STU_012286,76.06266141374414
STU_012287,92.05693000291123
STU_012288,80.94590125302727
STU_012289,89.82266191087271
STU_012290,86.51406197725403
STU_012291,73.17301569296328
STU_012292,78.26176303000571
STU_012293,72.79593711691707
STU_012294,85.0176441155358
STU_012295,77.73670282291302
STU_012296,78.11872591304082
STU_012297,74.13966681103706
STU_012298,70.28949802224929
STU_012299,83.91363848375926
STU_012300,56.87057762841228
STU_012301,85.13981997199024
STU_012302,82.63547608437926
STU_012303,60.964652881225234
STU_012304,49.971223872626666
STU_012305,95.00482798895395
STU_012306,76.0120995342264
STU_012307,70.47667433240086
STU_012308,88.07740653983208
STU_012309,65.87192003425179
STU_012310,75.09655935709921
STU_012311,80.38896626525529
STU_012312,56.5655610440695
STU_012313,72.60503764693641
STU_012314,96.70979598047163
STU_012315,89.45423486848776
STU_012316,71.19416909227685
STU_012317,97.80805128973304
STU_012318,83.3315371288271
STU_012319,81.0272289310261
STU_012320,64.53861208657375
STU_012321,62.401414542945766
STU_012322,92.31337690622495
STU_012323,62.39312719365829
STU_012324,81.10305356136082
STU_012325,65.82901627393316
STU_012326,71.19607187688281
STU_012327,60.90949800629082
STU_012328,66.3381864748249
STU_012329,92.79217773417406
STU_012330,85.31141045784193
STU_012331,80.47175858285911
STU_012332,70.81058127059676
STU_012333,86.96416189667421
STU_012334,74.01566502244034
STU_012335,65.27503207691524
STU_012336,85.34313776740612
STU_012337,93.66270510350179
STU_012338,70.58773944281589
STU_012339,88.76963957796846
STU_012340,65.4638154536248
STU_012341,55.59236807511945
STU_012342,86.53894174585832
STU_012343,90.15369281521333
STU_012344,61.977280035472916
STU_012345,63.80498858354913
STU_012346,72.43194755573658
STU_012347,93.99315458986861
STU_012348,81.46659419472638
STU_012349,69.13357316051622
STU_012350,84.4483443109029
STU_012351,88.97102025971093
STU_012352,81.9029225798781
STU_012353,93.49301991902865
STU_012354,63.53046451140699
STU_012355,89.81888998713106
STU_012356,81.51965852746443
STU_012357,66.3604564273902
STU_012358,93.59841087717045
STU_012359,85.50255103235214
STU_012360,74.43224322988273
STU_012361,59.8492218495997
STU_012362,79.13727874611665
STU_012363,76.24724054920202
STU_012364,81.1039172327862
STU_012365,68.57296204431141
STU_012366,85.60828474090039
STU_012367,73.80463823157301
STU_012368,60.84286435118024
STU_012369,68.1127412215994
STU_012370,98.84515375173751
STU_012371,71.74979673415751
STU_012372,86.0143169418755
STU_012373,74.73481120497763
STU_012374,77.12056533398078
STU_012375,66.2277687294607
STU_012376,84.0192112827196
STU_012377,84.46471006474609
STU_012378,75.34312541496568
STU_012379,73.45253697974225
STU_012380,92.55047806236314
STU_012381,100.0
STU_012382,68.22932968542663
STU_012383,86.26564066075443
STU_012384,100.0
STU_012385,88.72580979792225
STU_012386,81.78433134041288
STU_012387,83.33953056426743
STU_012388,83.47209933263159
STU_012389,99.63145376448055
STU_012390,76.35657646082436
STU_012391,47.020366380677466
STU_012392,72.84620179947308
STU_012393,69.73451341462518
STU_012394,71.6107531451354
STU_012395,85.70670684948784
STU_012396,81.45721141835114
STU_012397,73.25366317748713
STU_012398,82.88490894520649
STU_012399,82.34566332869761
STU_012400,74.9726463547384
STU_012401,89.40944023295924
STU_012402,97.80427904848557
STU_012403,52.00650345330154
STU_012404,76.3254764968134
STU_012405,64.92719534586807
STU_012406,65.0946446007056
STU_012407,90.68448196290575
STU_012408,85.6711483320031
STU_012409,72.0637940011241
STU_012410,49.79563914305169
STU_012411,89.74798620068242
STU_012412,72.35255576916859
STU_012413,61.16385657595349
STU_012414,94.43209401366352
STU_012415,89.67685371764063
STU_012416,89.43238728804468
STU_012417,59.654363485271915
STU_012418,86.73926348312223
STU_012419,73.1025081294707
STU_012420,56.1130960370247
STU_012421,70.9321554101869
STU_012422,82.76425338863146
STU_012423,71.30585068986026
STU_012424,87.83688983358171
STU_012425,53.77653090332616
STU_012426,85.82242981333134
STU_012427,70.80841315723299
STU_012428,85.91867337928167
STU_012429,59.9106810375973
STU_012430,72.01143914490932
STU_012431,67.84680366385003
STU_012432,59.9077941182817
STU_012433,58.654897515023684
STU_012434,90.22728115867876
STU_012435,71.89829081274706
STU_012436,74.48131628745779
STU_012437,91.25727474736271
STU_012438,63.279414054967035
STU_012439,79.12715289939023
STU_012440,66.8795367841744
STU_012441,89.14556170609563
STU_012442,98.5455616720623
STU_012443,63.38960941132804
STU_012444,84.27879424676448
STU_012445,73.36648060458973
STU_012446,85.40663787833786
STU_012447,91.555145921166
STU_012448,78.6870188717666
STU_012449,79.59486808883419
STU_012450,71.1347923205568
STU_012451,88.58236908410663
STU_012452,79.43828807243679
STU_012453,94.95775669171219
STU_012454,85.51353566997895
STU_012455,72.88824443591885
STU_012456,85.31341662327736
STU_012457,69.4957533711352
STU_012458,76.78139557384843
STU_012459,58.555592058534174
STU_012460,85.63925351630564
STU_012461,79.4556253456045
STU_012462,72.05616542148738
STU_012463,80.64922179614143
STU_012464,76.433842686935
STU_012465,75.92967450615964
STU_012466,70.19892622618194
STU_012467,78.71546250523893
STU_012468,87.24523210506722
STU_012469,86.16685537140125
STU_012470,50.45494152751294
STU_012471,55.25697507348945
STU_012472,92.81920654916888
STU_012473,73.22065981875217
STU_012474,65.01931779486765
STU_012475,70.57150500328675
STU_012476,52.72489740062543
STU_012477,96.14931583804
STU_012478,76.45348915430421
STU_012479,67.60493167660665
STU_012480,80.4156979180361
STU_012481,89.47649501782786
STU_012482,69.57928498046572
STU_012483,64.59994388302813
STU_012484,72.95450867339788
STU_012485,79.6322062418771
STU_012486,73.340237508755
STU_012487,67.59914500916571
STU_012488,69.06843422793034
STU_012489,84.40536181933676
STU_012490,91.21724768186742
STU_012491,59.64017277619369
STU_012492,64.75487047969096
STU_012493,60.45852105521067
STU_012494,71.15396224997377
STU_012495,71.78025704384046
STU_012496,81.45209680535066
STU_012497,89.70863488128151
STU_012498,72.77951108725908
STU_012499,74.63543833847467
STU_012500,85.67412946317029
STU_012501,94.92947525292414
STU_012502,83.45440364936046
STU_012503,85.19343304356113
STU_012504,77.73844476512124
STU_012505,82.58977491568814
STU_012506,67.96069953736327
STU_012507,83.25458307926577
STU_012508,68.39125418101307
STU_012509,87.32497807494383
STU_012510,73.45884097160562
STU_012511,75.77642073656723
STU_012512,79.72282932505627
STU_012513,67.3334450968738
STU_012514,100.0
STU_012515,90.94991971009964
STU_012516,84.58563670870687
STU_012517,99.24287429366954
STU_012518,57.02139178985966
STU_012519,82.92284109931722
STU_012520,72.44914813782643
STU_012521,93.34713308701845
STU_012522,98.60156144955388
STU_012523,79.91285478517736
STU_012524,95.95335663908313
STU_012525,93.63626274270186
STU_012526,96.641247484314
STU_012527,90.60836466676716
STU_012528,63.73861014949464
STU_012529,97.18484141052784
STU_012530,82.41503891560413
STU_012531,76.07725127995286
STU_012532,71.83696333166434
STU_012533,83.33033684201118
STU_012534,59.41489757985657
STU_012535,84.05896059266121
STU_012536,73.65121210470143
STU_012537,52.815067429016345
STU_012538,63.62064558457541
STU_012539,84.25637735304744
STU_012540,71.74996615668968
STU_012541,100.0
STU_012542,100.0
STU_012543,78.49361462986217
STU_012544,83.2537328934857
STU_012545,68.74234478771002
STU_012546,78.69328560878516
STU_012547,100.0
STU_012548,44.94108608967698
STU_012549,70.43507894869008
STU_012550,96.22461146329684
STU_012551,88.69403945548837
STU_012552,72.45722400470305
STU_012553,77.87923943591586
STU_012554,67.76114296654943
STU_012555,51.47678772723963
STU_012556,65.54453794834531
STU_012557,82.51890634497279
STU_012558,70.10069954479853
STU_012559,91.73243402078528
STU_012560,68.44205261268141
STU_012561,65.19192569979955
STU_012562,65.07882869210633
STU_012563,83.06849302006356
STU_012564,95.03180024828684
STU_012565,100.0
STU_012566,79.12699248049984
STU_012567,65.80695191033935
STU_012568,93.37543766970275
STU_012569,70.61664145731757
STU_012570,54.65268188888963
STU_012571,53.746303691055786
STU_012572,52.7481356662919
STU_012573,76.7275528881631
STU_012574,63.946330528509385
STU_012575,65.37237824793516
STU_012576,78.47700280406924
STU_012577,96.44727153082239
STU_012578,51.59005549258677
STU_012579,75.0507398987241
STU_012580,66.48127587803069
STU_012581,66.3642674516529
STU_012582,71.21473452321462
STU_012583,66.00998040322465
STU_012584,58.70455387469229
STU_012585,71.67780586915686
STU_012586,71.12444772776912
STU_012587,71.20325822502014
STU_012588,70.92246558090413
STU_012589,48.037788992883115
STU_012590,69.5895770349131
STU_012591,73.52275122619864
STU_012592,95.57875527294414
STU_012593,96.1628658581449
STU_012594,50.17845548203016
STU_012595,68.37610608259594
STU_012596,80.14616506175146
STU_012597,70.30919536401048
STU_012598,72.14452238276114
STU_012599,69.26699356236081
STU_012600,72.99790329365655
STU_012601,75.68233795186593
STU_012602,67.74023457179987
STU_012603,85.96279768592498
STU_012604,81.1850756436989
STU_012605,82.37245805712047
STU_012606,69.9455123521047
STU_012607,60.12523895035305
STU_012608,79.23213336007322
STU_012609,57.73008751225095
STU_012610,73.62775381023718
STU_012611,68.01399687494865
STU_012612,63.145520470059026
STU_012613,92.74478000659744
STU_012614,77.7983252309005
STU_012615,75.80286562697962
STU_012616,83.49466941360824
STU_012617,63.54065026023642
STU_012618,86.3022985098302
STU_012619,84.17416014327931
STU_012620,79.2975587459191
STU_012621,90.44600550413958
STU_012622,91.008449991504
STU_012623,93.66591616050059
STU_012624,85.15554220280046
STU_012625,88.74773363018937
STU_012626,89.08469224250739
STU_012627,86.00582637922842
STU_012628,69.75449446123312
STU_012629,80.00654156452568
STU_012630,73.6029602962618
STU_012631,71.93886628191501
STU_012632,63.31896330142028
STU_012633,71.73257114852389
STU_012634,90.27328488140543
STU_012635,75.91833871763312
STU_012636,71.38193651727786
STU_012637,79.87267830548329
STU_012638,83.74191948991115
STU_012639,93.9381770444888
STU_012640,82.91611011174479
STU_012641,72.6572958754144
STU_012642,68.51927623302836
STU_012643,81.45274625281795
STU_012644,82.93133355362684
STU_012645,54.96202184138414
STU_012646,85.86102699190157
STU_012647,78.05563079515338
STU_012648,67.3986394111493
STU_012649,77.79334176237353
STU_012650,76.77255266229581
STU_012651,73.92021908560216
STU_012652,97.84322044129671
STU_012653,92.66680647485981
STU_012654,80.87141569042886
STU_012655,74.36624374908187
STU_012656,84.05471507165254
STU_012657,93.23513998057639
STU_012658,83.32051006509262
STU_012659,82.03492540679291
STU_012660,76.81722478621425
STU_012661,90.10673477037312
STU_012662,89.3079396862446
STU_012663,69.08993689988817
STU_012664,54.45909270522238
STU_012665,92.1759900845594
STU_012666,61.01321233766364
STU_012667,77.46590398022188
STU_012668,72.52362258188724
STU_012669,63.42421320970581
STU_012670,62.19739599314926
STU_012671,67.97544356314901
STU_012672,56.6402167131273
STU_012673,58.743691768364975
STU_012674,60.12154995627405
STU_012675,71.27348174572332
STU_012676,92.81366470149672
STU_012677,60.59652371920659
STU_012678,71.12683754477595
STU_012679,76.99307893505681
STU_012680,71.19048369337335
STU_012681,75.70905454125042
STU_012682,88.52290536234574
STU_012683,82.71279270736247
STU_012684,83.42554624146783
STU_012685,94.30664738760944
STU_012686,72.84128764507699
STU_012687,80.12504777379853
STU_012688,83.37102155110189
STU_012689,69.19236005006486
STU_012690,67.37121542387139
STU_012691,74.30935440291343
STU_012692,78.13115403514472
STU_012693,79.04147061131874
STU_012694,58.94705974144448
STU_012695,70.95773061756019
STU_012696,66.58250374165078
STU_012697,80.36629249623783
STU_012698,65.59648653753521
STU_012699,78.88383043045602
STU_012700,68.97208906950262
STU_012701,100.0
STU_012702,78.18856414203348
STU_012703,70.21614581515743
STU_012704,73.01529713783522
STU_012705,65.38950177987311
STU_012706,71.62421451505736
STU_012707,97.24847553825094
STU_012708,53.21228577224752
STU_012709,69.4162688066679
STU_012710,95.49261408995656
STU_012711,68.68390849329549
STU_012712,69.46086692996903
STU_012713,60.49109259718769
STU_012714,89.19192081569972
STU_012715,75.0537929608851
STU_012716,77.78277643618422
STU_012717,70.63309076592401
STU_012718,82.8794152909292
STU_012719,59.63593214654091
STU_012720,79.43129941588103
STU_012721,79.4969788076952
STU_012722,52.74959228090176
STU_012723,80.04768805435036
STU_012724,91.03395090290462
STU_012725,59.14983058496992
STU_012726,53.0042629751794
STU_012727,64.79647831765594
STU_012728,84.50357371556792
STU_012729,66.21535735880924
STU_012730,85.99909795285488
STU_012731,95.70314697208661
STU_012732,83.76219029846702
STU_012733,56.01163257298865
STU_012734,84.50071360308596
STU_012735,62.00379725821308
STU_012736,100.0
STU_012737,70.69796133859711
STU_012738,77.398859561669
STU_012739,83.64150286463772
STU_012740,89.87222074356637
STU_012741,49.581940051223896
STU_012742,66.75965862561803
STU_012743,78.99507381797817
STU_012744,82.70614970087328
STU_012745,58.51841852512702
STU_012746,83.74960061689507
STU_012747,64.27946881601007
STU_012748,89.61707418843434
STU_012749,86.41243755371863
STU_012750,69.9934018600377
STU_012751,52.17621838024909
STU_012752,73.95394708535021
STU_012753,63.04213007701904
STU_012754,60.17082602787887
STU_012755,89.38081770477851
STU_012756,59.8625883397291
STU_012757,49.07823472365471
STU_012758,87.16967620814728
STU_012759,61.085564806673624
STU_012760,74.12735596049099
STU_012761,61.63910075129613
STU_012762,87.26342572705698
STU_012763,97.39045099356004
STU_012764,94.95931056542804
STU_012765,89.53087578311288
STU_012766,62.075610248228756
STU_012767,94.48918021128539
STU_012768,87.38330244076693
STU_012769,74.09692863919852
STU_012770,54.816389676881656
STU_012771,57.63763589840729
STU_012772,98.58973783952845
STU_012773,65.63254090514569
STU_012774,70.71747427927367
STU_012775,67.23300912845495
STU_012776,75.15856077767317
STU_012777,48.87103590211669
STU_012778,68.79185137744506
STU_012779,71.35537428371774
STU_012780,73.7013601505227
STU_012781,90.01727418662504
STU_012782,55.75928220768652
STU_012783,97.36580493943443
STU_012784,49.821423855420065
STU_012785,73.07875416590441
STU_012786,52.874435310126294
STU_012787,67.44967509445601
STU_012788,93.79530351181735
STU_012789,77.24762928540098
STU_012790,95.5957990241642
STU_012791,76.79080425541967
STU_012792,71.64579904997521
STU_012793,90.93393847682438
STU_012794,76.89897947147226
STU_012795,93.73160621827962
STU_012796,73.92135840043053
STU_012797,64.77826470890189
STU_012798,96.92791570465403
STU_012799,86.63526888012514
STU_012800,53.47529991239588
STU_012801,69.48478819423146
STU_012802,73.63176360083409
STU_012803,91.07315897146484
STU_012804,59.4136488432454
STU_012805,70.56403770018196
STU_012806,79.92579834813226
STU_012807,67.74790457183256
STU_012808,85.28740903150099
STU_012809,82.85275245487108
STU_012810,85.75647070233227
STU_012811,76.93446075509591
STU_012812,71.52174284172452
STU_012813,79.34135484334416
STU_012814,67.18748855709279
STU_012815,66.48215744325367
STU_012816,83.4239892471701
STU_012817,70.58056149636565
STU_012818,86.93220593872903
STU_012819,57.99033407006731
STU_012820,84.03441556786802
STU_012821,74.60809919099319
STU_012822,84.86346962792345
STU_012823,78.98185217472971
STU_012824,81.57574770838073
STU_012825,56.74825026662453
STU_012826,83.65614878115514
STU_012827,61.24165330344853
STU_012828,91.58593690206582
STU_012829,73.42442860092666
STU_012830,70.63397291478354
STU_012831,70.04006473448626
STU_012832,94.5021743555032
STU_012833,83.93474211578447
STU_012834,75.67754200713433
STU_012835,74.39262806949392
STU_012836,84.86561996754031
STU_012837,64.40216597677777
STU_012838,64.59097149341096
STU_012839,65.46586668329108
STU_012840,90.50038963147972
STU_012841,70.7856032633645
STU_012842,72.46604171940342
STU_012843,82.06927109446903
STU_012844,77.78339352206886
STU_012845,65.42976820566436
STU_012846,73.34541345367133
STU_012847,74.88605646780378
STU_012848,75.0016184747094
STU_012849,86.6342937366111
STU_012850,80.5794346847722
STU_012851,84.03362546532668
STU_012852,89.36183156390493
STU_012853,63.19118870955889
STU_012854,80.24591648414321
STU_012855,83.36605662953325
STU_012856,71.79130182466507
STU_012857,96.8982096196739
STU_012858,85.82331989939314
STU_012859,59.754676774969994
STU_012860,85.40628385894532
STU_012861,68.89613295267493
STU_012862,72.93100911596623
STU_012863,93.20546664209604
STU_012864,77.70791337796288
STU_012865,67.51096323516256
STU_012866,76.6567165330262
STU_012867,88.09301077333113
STU_012868,86.21197397727722
STU_012869,66.64641693927676
STU_012870,80.28885522898761
STU_012871,82.81025759446392
STU_012872,88.09794446110067
STU_012873,63.136077678378896
STU_012874,75.89046553502999
STU_012875,73.83115251476165
STU_012876,47.50398016578751
STU_012877,82.09186838707569
STU_012878,99.03641028067165
STU_012879,83.29771507580952
STU_012880,85.5359139111211
STU_012881,95.20604555102214
STU_012882,90.70124497261023
STU_012883,66.16976008901692
STU_012884,85.15837768246521
STU_012885,76.72456542820235
STU_012886,56.3448768361808
STU_012887,78.56463158881726
STU_012888,70.23668322668419
STU_012889,72.79576715286197
STU_012890,70.82459589725133
STU_012891,71.98494665314946
STU_012892,71.36108938808464
STU_012893,87.59026110774089
STU_012894,71.4670030541466
STU_012895,88.34658580547342
STU_012896,75.7610733943332
STU_012897,76.38423393328546
STU_012898,93.81792230407851
STU_012899,85.93067014613666
STU_012900,85.47177584652407
STU_012901,73.51329722636403
STU_012902,87.66689807957695
STU_012903,65.29773229523576
STU_012904,83.20921566529236
STU_012905,64.3641611415455
STU_012906,97.23815878446091
STU_012907,53.962398132353684
STU_012908,84.95767883795331
STU_012909,72.23207035824763
STU_012910,33.89052077545848
STU_012911,83.13193314756622
STU_012912,51.83074483649836
STU_012913,68.19146400655816
STU_012914,74.71631932061055
STU_012915,57.71794540420319
STU_012916,63.8459598229761
STU_012917,86.48892081030024
STU_012918,59.26888487675899
STU_012919,97.58532075214113
STU_012920,76.80044995232292
STU_012921,62.84734057488606
STU_012922,76.19890795191353
STU_012923,62.83583522971507
STU_012924,76.63398861007929
STU_012925,76.7827664680574
STU_012926,63.62914758901582
STU_012927,86.20367160455703
STU_012928,65.3150758357847
STU_012929,64.25469920471936
STU_012930,66.73067675484465
STU_012931,89.48985897695763
STU_012932,67.8104741818027
STU_012933,69.79526832864133
STU_012934,66.76779385416087
STU_012935,67.34124360261784
STU_012936,70.22370840305798
STU_012937,71.4707361963632
STU_012938,96.7197750065194
STU_012939,45.36698962150325
STU_012940,74.30797240545385
STU_012941,62.17084737640631
STU_012942,78.97615126829538
STU_012943,71.68375557363433
STU_012944,78.62762802868644
STU_012945,92.47289514472051
STU_012946,57.796453149322396
STU_012947,73.30900727177536
STU_012948,89.11669164559981
STU_012949,95.71598185124066
STU_012950,81.15721800581946
STU_012951,84.52005593973672
STU_012952,72.1919779913868
STU_012953,82.00011950708178
STU_012954,80.38333001192717
STU_012955,87.49676045285514
STU_012956,70.7745174640547
STU_012957,69.30012552298014
STU_012958,75.36772164790992
STU_012959,79.28348422012161
STU_012960,76.68376230707688
STU_012961,80.07399823736569
STU_012962,61.077677578801
STU_012963,65.2556991874582
STU_012964,89.94930382773215
STU_012965,77.42036454848139
STU_012966,74.15542530774906
STU_012967,65.15727497863985
STU_012968,76.86602382387795
STU_012969,79.41113329445282
STU_012970,57.441134402168295
STU_012971,78.37752534824408
STU_012972,78.43959409963166
STU_012973,53.222516884031414
STU_012974,61.337182989350865
STU_012975,57.867500542708626
STU_012976,83.69281564109815
STU_012977,77.04754278190083
STU_012978,91.29600449278978
STU_012979,70.38375386845537
STU_012980,69.87108488749126
STU_012981,87.75559134306855
STU_012982,69.36359224839813
STU_012983,98.83342658875702
STU_012984,55.70073846987182
STU_012985,65.1069494819158
STU_012986,63.75704733794478
STU_012987,51.288306495372225
STU_012988,82.84298584034943
STU_012989,95.29575746674998
STU_012990,63.898470392800874
STU_012991,71.02554350702565
STU_012992,56.77176551079568
STU_012993,100.0
STU_012994,80.08278029641097
STU_012995,64.2368186336063
STU_012996,59.485468188521374
STU_012997,87.24628852224704
STU_012998,81.83724602717416
STU_012999,92.0240041677556
STU_013000,92.28361223862933
STU_013001,98.50697160365706
STU_013002,90.7413885554498
STU_013003,80.05274793267489
STU_013004,84.32189160161155
STU_013005,78.55333600734755
STU_013006,78.80948845788406
STU_013007,78.62356363765598
STU_013008,88.87228485223184
STU_013009,82.22087852392114
STU_013010,76.72530864448058
STU_013011,56.19331848974916
STU_013012,54.62824393169371
STU_013013,94.20451790721731
STU_013014,88.15435216431084
STU_013015,80.75215993902904
STU_013016,61.82461098895236
STU_013017,85.86023944035449
STU_013018,77.70699453468971
STU_013019,85.19020748968892
STU_013020,56.87169311330707
STU_013021,72.23465958460967
STU_013022,99.26971555102048
STU_013023,76.48081598730347
STU_013024,88.60285818322532
STU_013025,71.82083796277833
STU_013026,69.49056844040798
STU_013027,74.486959680431
STU_013028,80.88934375869154
STU_013029,74.7482126088323
STU_013030,75.24063637792838
STU_013031,66.4196510400035
STU_013032,100.0
STU_013033,72.0317037916463
STU_013034,98.74201846609574
STU_013035,87.35555631206336
STU_013036,59.33361567582635
STU_013037,85.1327728145768
STU_013038,77.95919906668553
STU_013039,86.76062729459785
STU_013040,94.61579266371201
STU_013041,77.4785250672022
STU_013042,60.51673175320725
STU_013043,91.13294945250166
STU_013044,62.91679033677853
STU_013045,88.29197088701504
STU_013046,63.22999305350976
STU_013047,70.02125676697561
STU_013048,94.06307052148534
STU_013049,79.91494729543747
STU_013050,81.96740923590491
STU_013051,92.8942121781088
STU_013052,70.46277587385131
STU_013053,73.68217303915561
STU_013054,69.09904109180839
STU_013055,86.04475722852702
STU_013056,75.93710416830224
STU_013057,52.696193578848366
STU_013058,55.94505674792991
STU_013059,83.10406333160479
STU_013060,65.64998960926769
STU_013061,58.8058421154941
STU_013062,98.47320084076205
STU_013063,85.2929392694329
STU_013064,64.4615593589581
STU_013065,54.764492997057474
STU_013066,98.64641377018104
STU_013067,80.59053438157969
STU_013068,92.41494620685717
STU_013069,99.18444369068109
STU_013070,65.3470017435596
STU_013071,81.73907413282379
STU_013072,88.14952302158862
STU_013073,71.44947284245137
STU_013074,75.4415076378356
STU_013075,51.454912158193736
STU_013076,80.33497376764257
STU_013077,93.49683067980635
STU_013078,78.81172537605033
STU_013079,86.98642033978156
STU_013080,74.67768410945651
STU_013081,76.28855553977994
STU_013082,59.554461890378064
STU_013083,59.450811719868774
STU_013084,73.1232157053842
STU_013085,77.55905470115542
STU_013086,76.00883860788355
STU_013087,62.71327211828292
STU_013088,78.9786301367891
STU_013089,66.72309619166408
STU_013090,95.56285471665335
STU_013091,65.67089332202985
STU_013092,68.55253855286608
STU_013093,85.73803132783951
STU_013094,92.0117038658114
STU_013095,70.8578755819232
STU_013096,76.94736156571295
STU_013097,82.38500624681177
STU_013098,85.29072755767277
STU_013099,63.81701116636803
STU_013100,73.90445773911986
STU_013101,82.39202877614179
STU_013102,92.25211913956052
STU_013103,71.56596260404135
STU_013104,83.19947307820495
STU_013105,64.28547654728747
STU_013106,86.35706383044284
STU_013107,57.0979727757253
STU_013108,92.05737835006857
STU_013109,90.42573924574867
STU_013110,60.27535616139909
STU_013111,100.0
STU_013112,100.0
STU_013113,75.38643668252513
STU_013114,68.44695162912267
STU_013115,80.07905819596071
STU_013116,61.12526042086076
STU_013117,63.718808725780754
STU_013118,71.57795869334686
STU_013119,85.07623450118616
STU_013120,69.70437434970542
STU_013121,88.8470256978346
STU_013122,77.25960988592745
STU_013123,90.41596229319006
STU_013124,95.78507315898928
STU_013125,88.41191467161866
STU_013126,69.78053431037053
STU_013127,71.45348342356564
STU_013128,86.58453688469451
STU_013129,78.64151025349007
STU_013130,97.32528521481055
STU_013131,50.73168756862161
STU_013132,78.27901608582218
STU_013133,94.6134484363075
STU_013134,68.34815794363045
STU_013135,63.479694741340865
STU_013136,63.73669216855325
STU_013137,77.49356945299533
STU_013138,67.14590595925448
STU_013139,77.17734993466989
STU_013140,100.0
STU_013141,77.78588686967144
STU_013142,56.644544021229024
STU_013143,72.26249020093385
STU_013144,64.3993027817721
STU_013145,59.84778829938418
STU_013146,54.645101397396765
STU_013147,80.24405076415067
STU_013148,70.74864110901554
STU_013149,85.17293451265128
STU_013150,81.3242289005208
STU_013151,79.5066444885633
STU_013152,89.554085817061
STU_013153,76.0002183923838
STU_013154,74.52696720115503
STU_013155,96.22138983649405
STU_013156,80.4218176442864
STU_013157,77.1144345088742
STU_013158,82.64976079894984
STU_013159,82.92574379181352
STU_013160,67.90597115030248
STU_013161,64.20853720856431
STU_013162,62.902209909625086
STU_013163,87.56569578588068
STU_013164,69.6689027394441
STU_013165,69.88925028469502
STU_013166,50.24222314748874
STU_013167,89.0686538953607
STU_013168,75.00329200385562
STU_013169,76.79130880735138
STU_013170,78.60646158506651
STU_013171,81.86159859450376
STU_013172,67.47680901900722
STU_013173,88.84015270723285
STU_013174,68.97639707251973
STU_013175,56.575151791258705
STU_013176,93.1352169983418
STU_013177,64.72454833180531
STU_013178,82.47860688616794
STU_013179,73.2544509530511
STU_013180,88.60170253171972
STU_013181,86.34379467675295
STU_013182,70.06346572116676
STU_013183,81.71970752942813
STU_013184,73.44574227913284
STU_013185,72.01256287694792
STU_013186,59.644793512121865
STU_013187,66.27036908570145
STU_013188,91.93449678541751
STU_013189,99.06742508086424
STU_013190,84.05530045697077
STU_013191,97.37966243845511
STU_013192,84.68923747373157
STU_013193,87.72972909144593
STU_013194,95.78415915532608
STU_013195,90.05155362995413
STU_013196,80.0288389679591
STU_013197,53.98509224086676
STU_013198,70.25604025829749
STU_013199,80.68245041665412
STU_013200,55.538479912468
STU_013201,84.86284761666887
STU_013202,62.61147372533631
STU_013203,70.54162496398021
STU_013204,62.18079775080007
STU_013205,79.0798117042939
STU_013206,67.88191636678185
STU_013207,68.93817967736143
STU_013208,71.73179905330534
STU_013209,78.04530605855054
STU_013210,59.11864570468861
STU_013211,74.78452808481342
STU_013212,60.08667132489582
STU_013213,69.16551220563186
STU_013214,88.45827151287293
STU_013215,50.85427053150731
STU_013216,99.88779173788095
STU_013217,93.14438331573308
STU_013218,68.93074995414922
STU_013219,83.45512768032799
STU_013220,95.60502809117469
STU_013221,58.224097631306975
STU_013222,61.67697077494586
STU_013223,83.28996699270876
STU_013224,71.76027911531946
STU_013225,50.30629178241777
STU_013226,78.23157538245657
STU_013227,82.72343245913616
STU_013228,70.32745025285396
STU_013229,63.31424334854343
STU_013230,72.61455255884005
STU_013231,70.22601842623966
STU_013232,69.49377370819293
STU_013233,93.52353480206558
STU_013234,68.55197209385673
STU_013235,68.5243274062267
STU_013236,91.1682823715696
STU_013237,65.08838876340214
STU_013238,78.00445603453349
STU_013239,76.24648015372037
STU_013240,60.807200291046584
STU_013241,70.65042303795096
STU_013242,72.0384692105139
STU_013243,59.91647451942626
STU_013244,74.18002975013167
STU_013245,68.46126837540129
STU_013246,64.8452334744818
STU_013247,97.90582561182597
STU_013248,92.88099607963277
STU_013249,47.57852270713939
STU_013250,71.61614404604545
STU_013251,82.35986140992574
STU_013252,87.93237975799161
STU_013253,69.26716054048312
STU_013254,93.12655132982334
STU_013255,79.43197565320371
STU_013256,72.97090355132266
STU_013257,82.77243749703307
STU_013258,64.39281503078067
STU_013259,59.04792264340843
STU_013260,69.47744800605815
STU_013261,69.93497745592212
STU_013262,62.05885952677186
STU_013263,62.85124782788938
STU_013264,89.87953881902726
STU_013265,75.85877914227235
STU_013266,70.83592084886641
STU_013267,70.16844313572133
STU_013268,62.44965246006625
STU_013269,81.1243321706626
STU_013270,93.5885329189793
STU_013271,66.4492206007474
STU_013272,83.30868634441791
STU_013273,66.51039363763311
STU_013274,76.68491070733569
STU_013275,63.144461206826065
STU_013276,60.27977008458558
STU_013277,64.83986506892937
STU_013278,64.35358747648444
STU_013279,56.706375402376594
STU_013280,86.80463211074941
STU_013281,93.28085366602417
STU_013282,89.32891797966298
STU_013283,76.8930509481498
STU_013284,77.74518593273655
STU_013285,74.14066686287879
STU_013286,66.91903155030124
STU_013287,92.84995108640072
STU_013288,84.01252148040771
STU_013289,92.99238188598957
STU_013290,83.15692683081568
STU_013291,89.75802066655342
STU_013292,75.68056937665973
STU_013293,77.59913874609046
STU_013294,87.65410374193422
STU_013295,74.76410212995106
STU_013296,77.68305852997848
STU_013297,79.42982066397718
STU_013298,56.37653707379536
STU_013299,87.31221359574994
STU_013300,76.30908117184171
STU_013301,88.16773965482355
STU_013302,84.1089173935886
STU_013303,88.0869071555895
STU_013304,85.2929219137305
STU_013305,71.45367353352141
STU_013306,63.811320021166246
STU_013307,79.46309085966763
STU_013308,96.62754432864409
STU_013309,71.88839793880433
STU_013310,55.294267674110955
STU_013311,89.07333977629037
STU_013312,53.02072555999516
STU_013313,66.56730309602275
STU_013314,60.326722808341586
STU_013315,66.05744491410081
STU_013316,78.63284500200658
STU_013317,75.4346805958091
STU_013318,56.333485760209705
STU_013319,71.49758987280627
STU_013320,83.27631749867717
STU_013321,80.02063083688938
STU_013322,97.24988850524922
STU_013323,98.2213856035175
STU_013324,76.81572433995026
STU_013325,80.25890650165489
STU_013326,71.03592900536958
STU_013327,74.51473070650025
STU_013328,66.71473801352428
STU_013329,81.56306342567481
STU_013330,65.54158060120429
STU_013331,68.17180333929798
STU_013332,69.7210791706148
STU_013333,59.34145391781351
STU_013334,72.0068120786299
STU_013335,65.19384408078115
STU_013336,81.67921580428253
STU_013337,59.70844495428115
STU_013338,64.39282163312453
STU_013339,71.38603116729709
STU_013340,92.42270873173976
STU_013341,72.83745069436871
STU_013342,81.60426652635772
STU_013343,69.31174901676931
STU_013344,74.09337541467086
STU_013345,72.31076137237164
STU_013346,92.17922099712237
STU_013347,80.5085640653727
STU_013348,86.7960323546061
STU_013349,98.80868007101034
STU_013350,61.45010679552243
STU_013351,83.58483842747464
STU_013352,71.09875356025277
STU_013353,64.64672746795986
STU_013354,63.31332977763224
STU_013355,90.29882739652693
STU_013356,63.92994182675358
STU_013357,66.54215614190362
STU_013358,73.66368686024505
STU_013359,79.01563647740576
STU_013360,74.28618482883078
STU_013361,71.0091163683546
STU_013362,82.38101351950507
STU_013363,76.66620527816927
STU_013364,68.46126111982267
STU_013365,85.03734044191418
STU_013366,96.57182679529052
STU_013367,84.97237611296069
STU_013368,85.13124733506496
STU_013369,55.62790342808093
STU_013370,83.25734526088905
STU_013371,75.98079053015488
STU_013372,74.6610649893614
STU_013373,76.27241420958714
STU_013374,88.4272406823687
STU_013375,92.45620615443728
STU_013376,45.39599303846319
STU_013377,83.82642064032504
STU_013378,62.0226763343193
STU_013379,77.47363300339141
STU_013380,84.66781255335783
STU_013381,95.0875471267536
STU_013382,99.69281243715167
STU_013383,63.323969417496095
STU_013384,60.160805275598435
STU_013385,66.0441903560462
STU_013386,93.97158340786343
STU_013387,60.06625639328616
STU_013388,84.8054663114994
STU_013389,64.46683519253978
STU_013390,68.13264078751033
STU_013391,87.65761303613994
STU_013392,96.89517530504891
STU_013393,69.32817467224348
STU_013394,100.0
STU_013395,63.98575958750769
STU_013396,68.6736561752315
STU_013397,99.97719957225758
STU_013398,91.1897112700198
STU_013399,60.88265950460837
STU_013400,67.69069385788549
STU_013401,100.0
STU_013402,80.59440546457839
STU_013403,96.22034717900232
STU_013404,66.18732244685384
STU_013405,78.1853342446913
STU_013406,99.73008564483683
STU_013407,70.39602897946344
STU_013408,68.89985176806536
STU_013409,59.7228303595147
STU_013410,75.0230528407011
STU_013411,63.197259684560386
STU_013412,64.18811188029316
STU_013413,73.7657634783206
STU_013414,89.28554892607418
STU_013415,75.12397925424966
STU_013416,56.05422888638047
STU_013417,72.31604654606573
STU_013418,51.86838314173438
STU_013419,64.06868484711042
STU_013420,96.03294867903045
STU_013421,100.0
STU_013422,90.94348823982526
STU_013423,56.37617401848121
STU_013424,98.26220843368982
STU_013425,80.86688643716549
STU_013426,55.449445478714466
STU_013427,67.97691892871396
STU_013428,75.66892695879812
STU_013429,92.15120025054026
STU_013430,67.52980905020456
STU_013431,61.76632815466872
STU_013432,77.73149842822602
STU_013433,94.12411756103974
STU_013434,88.36439608023468
STU_013435,94.08517972964717
STU_013436,70.23352542743685
STU_013437,70.45520024734648
STU_013438,81.29310118671549
STU_013439,89.25054312779712
STU_013440,76.80492962749558
STU_013441,97.09939438542565
STU_013442,95.73930048904855
STU_013443,66.82166378292162
STU_013444,78.73416170955592
STU_013445,79.06456936389445
STU_013446,88.07791824104415
STU_013447,86.10556455049415
STU_013448,79.95128975033684
STU_013449,80.97933567826699
STU_013450,91.60333016306004
STU_013451,68.33253423019295
STU_013452,74.78774968017623
STU_013453,82.38296233254694
STU_013454,73.30114620522156
STU_013455,95.08783489789002
STU_013456,69.14665499728862
STU_013457,66.97284775941128
STU_013458,70.96640054310231
STU_013459,58.55599783458927
STU_013460,60.89847229537153
STU_013461,71.52272885528104
STU_013462,61.094074488635556
STU_013463,84.30282692622748
STU_013464,57.266345026918984
STU_013465,62.40645265337937
STU_013466,86.07920072463301
STU_013467,62.545569671221244
STU_013468,93.28866092216526
STU_013469,81.24652214801426
STU_013470,89.77190697465471
STU_013471,80.93518024303884
STU_013472,82.08736033691686
STU_013473,66.47257218720691
STU_013474,76.30961238914745
STU_013475,86.72619507711006
STU_013476,78.68098032583443
STU_013477,66.89859347113199
STU_013478,78.30421571691193
STU_013479,71.14501214411284
STU_013480,85.0580425730125
STU_013481,79.24610740069613
STU_013482,81.04280062379812
STU_013483,78.19400423478879
STU_013484,88.73287845524544
STU_013485,94.88149316315886
STU_013486,51.869745111273694
STU_013487,77.46056834027937
STU_013488,79.62918575972444
STU_013489,78.2344318984882
STU_013490,74.02101763944314
STU_013491,85.96914572827467
STU_013492,79.76021632252548
STU_013493,65.5136755365744
STU_013494,77.83052420440491
STU_013495,83.42731078779792
STU_013496,86.30432536841653
STU_013497,53.961231162844534
STU_013498,73.38261401468095
STU_013499,83.06210855255776
STU_013500,66.15088700253943
STU_013501,84.6535878867404
STU_013502,82.14686826682632
STU_013503,71.89181531068913
STU_013504,88.23600097298187
STU_013505,74.87253404990366
STU_013506,91.28979878557891
STU_013507,65.18202546476132
STU_013508,72.36283923750365
STU_013509,82.11309480581286
STU_013510,69.61503504361866
STU_013511,80.51016408945702
STU_013512,61.47515442063798
STU_013513,51.0180221609007
STU_013514,84.36965730631145
STU_013515,71.74869229047573
STU_013516,100.0
STU_013517,81.78001584131725
STU_013518,76.45134965935611
STU_013519,98.9381414271524
STU_013520,72.18613414622274
STU_013521,66.35296679737408
STU_013522,65.83374504732902
STU_013523,96.6249273236154
STU_013524,80.89554666648353
STU_013525,72.77121802259461
STU_013526,76.38356645455917
STU_013527,68.19265766163431
STU_013528,55.6047717105635
STU_013529,96.30111993552156
STU_013530,68.75824303829555
STU_013531,93.0656663426216
STU_013532,59.49476734246508
STU_013533,76.51191934575061
STU_013534,87.85587601052055
STU_013535,95.75961489862013
STU_013536,84.46769009060861
STU_013537,78.15941548315391
STU_013538,92.68827181754277
STU_013539,68.12185733685996
STU_013540,100.0
STU_013541,62.45410012490731
STU_013542,86.76432825067974
STU_013543,72.65348983411054
STU_013544,73.14072107091148
STU_013545,87.66213607229591
STU_013546,93.97019611531087
STU_013547,97.74005398968852
STU_013548,83.09901169731201
STU_013549,60.92036919832643
STU_013550,78.94308637675648
STU_013551,70.55017056851742
STU_013552,85.16657567307774
STU_013553,72.5309748413362
STU_013554,75.5781554019298
STU_013555,63.05068812968271
STU_013556,87.95203624257012
STU_013557,72.0011446531865
STU_013558,68.48190452489374
STU_013559,87.9570496788478
STU_013560,54.669270965396585
STU_013561,70.8957252192512
STU_013562,91.03511563525986
STU_013563,87.134260198274
STU_013564,57.174861515766914
STU_013565,80.53600581364933
STU_013566,71.53084873072183
STU_013567,91.3800213932561
STU_013568,75.58410688681404
STU_013569,74.34222471859783
STU_013570,73.68533721077381
STU_013571,74.13770611606604
STU_013572,61.23038948705312
STU_013573,65.14324357798606
STU_013574,77.13775153890467
STU_013575,56.65272208433302
STU_013576,72.76937703629639
STU_013577,63.78920100548675
STU_013578,70.15936902025581
STU_013579,74.02610439463196
STU_013580,86.01065746251248
STU_013581,57.88483981937261
STU_013582,73.12438629265618
STU_013583,70.18601616100003
STU_013584,75.3590961773483
STU_013585,65.630414461179
STU_013586,64.2198113360523
STU_013587,95.96488587471461
STU_013588,70.55946347823759
STU_013589,77.84497325178523
STU_013590,83.25348771488221
STU_013591,86.28235939262002
STU_013592,97.32313137348811
STU_013593,95.58113136924169
STU_013594,69.4867904032285
STU_013595,65.14392649455735
STU_013596,85.46802904153508
STU_013597,67.02240591731413
STU_013598,79.06565698616676
STU_013599,72.4257471031789
STU_013600,95.563759574707
STU_013601,69.5788996822077
STU_013602,66.53190820197821
STU_013603,90.00751184436513
STU_013604,65.68549731784009
STU_013605,90.79420533655178
STU_013606,67.82772641948762
STU_013607,43.67315600276966
STU_013608,76.82389441075132
STU_013609,79.90691681322721
STU_013610,92.51730597203431
STU_013611,92.62242436311469
STU_013612,63.894569485477774
STU_013613,77.85055979506413
STU_013614,55.94704531660847
STU_013615,77.04932338258025
STU_013616,81.55172596340282
STU_013617,65.86413155022362
STU_013618,62.087242757280855
STU_013619,67.52443169667382
STU_013620,72.09813763979804
STU_013621,73.45091913303389
STU_013622,63.79262304504685
STU_013623,52.30915895900144
STU_013624,53.74477424309315
STU_013625,81.36272321763337
STU_013626,74.6657831747714
STU_013627,80.89416902273598
STU_013628,96.70918981722018
STU_013629,79.84558985925462
STU_013630,65.19624244393621
STU_013631,66.69135043537176
STU_013632,57.17869170707851
STU_013633,90.51681269209837
STU_013634,67.07228337551305
STU_013635,93.21903242475014
STU_013636,72.30062816988628
STU_013637,81.06570465470578
STU_013638,77.67584193828095
STU_013639,67.8901000699914
STU_013640,81.40105554047625
STU_013641,87.70658022730001
STU_013642,73.52068688806936
STU_013643,82.66260225576559
STU_013644,62.06905484478244
STU_013645,73.29732355569512
STU_013646,85.69617746888466
STU_013647,80.45078993461827
STU_013648,92.97867643074096
STU_013649,72.46197630006138
STU_013650,93.90000123369168
STU_013651,72.95464205951833
STU_013652,67.07988442546346
STU_013653,82.58144150618844
STU_013654,78.08348688679087
STU_013655,77.57158710247471
STU_013656,94.73603773261682
STU_013657,65.75438441805136
STU_013658,85.22472943611692
STU_013659,69.6689875709761
STU_013660,68.70230456374269
STU_013661,79.78424100105941
STU_013662,82.04725543041411
STU_013663,77.10655626912613
STU_013664,92.29098890593613
STU_013665,77.95361723571142
STU_013666,81.74035016280006
STU_013667,58.921313126540745
STU_013668,92.21112608471107
STU_013669,61.73306887001074
STU_013670,84.16167306407542
STU_013671,100.0
STU_013672,69.07394996683371
STU_013673,94.10587942321476
STU_013674,78.29272835490336
STU_013675,60.3375835061035
STU_013676,73.67451510024475
STU_013677,81.32996652850422
STU_013678,75.14024295133162
STU_013679,69.24639574674461
STU_013680,57.41801522767744
STU_013681,97.2161906656374
STU_013682,43.67802310492845
STU_013683,58.447812383489094
STU_013684,71.6010639839432
STU_013685,83.58911473910648
STU_013686,87.07388981048616
STU_013687,73.28994389617733
STU_013688,66.21526827406798
STU_013689,98.65877385988799
STU_013690,88.89938589596271
STU_013691,67.5776147084295
STU_013692,61.029963169431575
STU_013693,84.12900954749408
STU_013694,75.9607985566017
STU_013695,71.50735287647352
STU_013696,98.37039061901515
STU_013697,70.0791817164672
STU_013698,65.29796723189514
STU_013699,72.23820777439965
STU_013700,81.78387100968283
STU_013701,83.40891643286432
STU_013702,91.038969946343
STU_013703,70.22406413497332
STU_013704,79.61366089840567
STU_013705,83.2674187091337
STU_013706,63.375904185009375
STU_013707,64.20942174251343
STU_013708,54.74608204805268
STU_013709,89.76469131841361
STU_013710,79.64159805770454
STU_013711,97.45550266430052
STU_013712,77.58334206674682
STU_013713,65.80528349077547
STU_013714,71.02588973064337
STU_013715,97.11089005707024
STU_013716,70.90001320922225
STU_013717,56.60204765231089
STU_013718,85.94329351708544
STU_013719,71.12436076361784
STU_013720,49.74396972993337
STU_013721,58.51487461518013
STU_013722,77.67962047380897
STU_013723,81.51562536724529
STU_013724,91.73046856351895
STU_013725,65.29973589889357
STU_013726,63.76725017966143
STU_013727,60.669029980688485
STU_013728,91.77473171046609
STU_013729,86.19841292062105
STU_013730,79.49167563201732
STU_013731,85.08705933596579
STU_013732,79.51405075756497
STU_013733,84.7422473846681
STU_013734,61.402497342272525
STU_013735,78.44832244595675
STU_013736,97.35816801171451
STU_013737,86.73937056917423
STU_013738,71.99242106393143
STU_013739,72.80417134437857
STU_013740,79.42905501013503
STU_013741,78.17554301912847
STU_013742,92.61867101751483
STU_013743,93.55711452822743
STU_013744,61.48459033684389
STU_013745,90.09643561412366
STU_013746,87.6088563777389
STU_013747,92.78595548487118
STU_013748,75.02461916568194
STU_013749,96.33885200134972
STU_013750,73.42287916449031
STU_013751,73.31061097585038
STU_013752,80.2454359086797
STU_013753,83.83915923424269
STU_013754,72.43568485423829
STU_013755,70.3292181457778
STU_013756,67.22323817771625
STU_013757,99.1267389222369
STU_013758,96.53046787849081
STU_013759,59.2442137312903
STU_013760,61.304083592933
STU_013761,89.52699689501233
STU_013762,70.15558537652407
STU_013763,76.24419409961003
STU_013764,64.97557864737726
STU_013765,61.45774745211402
STU_013766,83.82169716098807
STU_013767,85.61481356084093
STU_013768,70.99757182345364
STU_013769,57.235901690588136
STU_013770,86.96373023168303
STU_013771,95.34115149227658
STU_013772,70.07122038541084
STU_013773,69.71401286092245
STU_013774,74.98069724795688
STU_013775,76.16080448631327
STU_013776,59.76035520096616
STU_013777,73.28667807987983
STU_013778,88.08623410832641
STU_013779,97.4782989743542
STU_013780,70.47294092251965
STU_013781,59.52976253401698
STU_013782,76.26743770894167
STU_013783,88.39054596153203
STU_013784,77.89218037615555
STU_013785,68.94297978954528
STU_013786,76.06561448226633
STU_013787,94.17329918166655
STU_013788,57.76570790326301
STU_013789,89.06809230533533
STU_013790,66.62755980958782
STU_013791,81.6963810586872
STU_013792,100.0
STU_013793,71.42850883850632
STU_013794,82.07448760596483
STU_013795,78.89871432112906
STU_013796,70.88813662706565
STU_013797,88.99626965687459
STU_013798,58.7980524735363
STU_013799,80.8443293652434
STU_013800,82.08926408280985
STU_013801,98.91971542654304
STU_013802,84.23292707815946
STU_013803,75.49406428576943
STU_013804,72.37113232238086
STU_013805,95.56151112169803
STU_013806,73.60129821595498
STU_013807,70.63561369512166
STU_013808,75.42682662545816
STU_013809,79.62515449272414
STU_013810,82.18397769750717
STU_013811,70.45270254854839
STU_013812,78.14000966727534
STU_013813,72.87218063375931
STU_013814,64.7641057028862
STU_013815,80.18146299747319
STU_013816,70.36289929890383
STU_013817,80.35771916238782
STU_013818,54.1473545644353
STU_013819,78.78228892296572
STU_013820,76.10269851988761
STU_013821,70.4573333497501
STU_013822,96.68932658469828
STU_013823,93.39369857829581
STU_013824,71.15964032267972
STU_013825,61.61939627230149
STU_013826,82.19287171684594
STU_013827,80.88292990377549
STU_013828,86.36918171877389
STU_013829,78.75093164713505
STU_013830,85.95506599788948
STU_013831,81.87052096539438
STU_013832,90.75288717518356
STU_013833,83.00543251569252
STU_013834,68.69101395771426
STU_013835,83.81666625428484
STU_013836,65.11100489385673
STU_013837,91.39552391713327
STU_013838,54.84310589043682
STU_013839,59.95634628235468
STU_013840,64.48804540741519
STU_013841,98.70021415425889
STU_013842,83.70437570614584
STU_013843,77.68411074470129
STU_013844,71.83521162244102
STU_013845,90.71754556356518
STU_013846,88.60969763494964
STU_013847,42.68074438681512
STU_013848,100.0
STU_013849,60.565232500535316
STU_013850,72.65874185851258
STU_013851,65.44873482623672
STU_013852,82.64234115157808
STU_013853,64.73664458657677
STU_013854,85.44048366475744
STU_013855,74.32853191743449
STU_013856,56.85719379215878
STU_013857,78.7485369120223
STU_013858,85.70961248972847
STU_013859,81.26462282535782
STU_013860,74.58135448149619
STU_013861,69.42063074070526
STU_013862,82.69724114364949
STU_013863,81.8100631902546
STU_013864,70.32232584290837
STU_013865,91.6036754025978
STU_013866,53.69324051730198
STU_013867,74.8156280175347
STU_013868,95.04111934143316
STU_013869,70.90247485758154
STU_013870,48.520570789020724
STU_013871,74.43269572112081
STU_013872,98.1994506449328
STU_013873,71.8376217007672
STU_013874,61.61447130577776
STU_013875,65.11529740092708
STU_013876,74.26492252453207
STU_013877,58.02876262813574
STU_013878,65.41557231900069
STU_013879,62.584654697246
STU_013880,94.864985347255
STU_013881,69.77604016479629
STU_013882,81.0935246142896
STU_013883,70.27726101523722
STU_013884,80.13265609046113
STU_013885,90.95253771780492
STU_013886,86.3556149452372
STU_013887,75.60799864398872
STU_013888,79.82308552027213
STU_013889,79.10275186764831
STU_013890,95.460439568628
STU_013891,89.22908787003153
STU_013892,75.86093349827189
STU_013893,60.82836856973085
STU_013894,97.3890488234698
STU_013895,55.189017811164156
STU_013896,92.32839692000671
STU_013897,79.59198469718365
STU_013898,82.74793421578985
STU_013899,86.79715255095545
STU_013900,66.80168011540135
STU_013901,75.97623653034063
STU_013902,73.50219716814446
STU_013903,70.13411781110376
STU_013904,68.51653387673477
STU_013905,87.4248777536747
STU_013906,78.96032689378961
STU_013907,62.394860564210546
STU_013908,68.24242488829174
STU_013909,86.86385035996057
STU_013910,58.04199188921832
STU_013911,82.60184625436074
STU_013912,81.66035950227146
STU_013913,69.23005959642921
STU_013914,62.57521016521993
STU_013915,68.87963895733172
STU_013916,95.07280214667489
STU_013917,54.4780923971546
STU_013918,50.99378218551955
STU_013919,76.39133601849969
STU_013920,79.84840386452422
STU_013921,59.182308808254064
STU_013922,94.2818397123974
STU_013923,90.62280393973937
STU_013924,85.03120178495084
STU_013925,67.9292158215686
STU_013926,81.66456710753494
STU_013927,96.78802284834867
STU_013928,42.978933333541676
STU_013929,62.093662894834
STU_013930,69.90786914507316
STU_013931,62.54686505729393
STU_013932,66.33483354173636
STU_013933,53.82065975345347
STU_013934,66.60716618893754
STU_013935,76.73314988685652
STU_013936,89.54627835914386
STU_013937,84.36800497141924
STU_013938,76.45750293682725
STU_013939,66.95642629287424
STU_013940,67.39896209005101
STU_013941,67.88631778507228
STU_013942,100.0
STU_013943,66.4199361730959
STU_013944,88.8196502393812
STU_013945,80.29623247004537
STU_013946,95.58619046505778
STU_013947,80.82049577470428
STU_013948,80.3144978038246
STU_013949,49.342210441520955
STU_013950,85.98465661711738
STU_013951,57.17920464345879
STU_013952,95.87370021922214
STU_013953,64.65997375659285
STU_013954,49.80493661716406
STU_013955,65.5858764005794
STU_013956,78.6764311002447
STU_013957,78.71333473749124
STU_013958,71.67074727971206
STU_013959,71.5506793576434
STU_013960,80.58018297633507
STU_013961,68.44793583660109
STU_013962,64.97471128140118
STU_013963,65.50683460583714
STU_013964,73.4942663744729
STU_013965,62.58111039668612
STU_013966,68.92351804487276
STU_013967,72.12217301130714
STU_013968,92.34971466530027
STU_013969,53.06884417781856
STU_013970,90.27834579544506
STU_013971,64.5908110170914
STU_013972,73.71158775464735
STU_013973,74.42186433535365
STU_013974,93.92366804603947
STU_013975,84.78167883403185
STU_013976,69.98927182148141
STU_013977,83.74773825671457
STU_013978,94.040893912693
STU_013979,88.87718456553529
STU_013980,78.10008550407554
STU_013981,75.71859287465082
STU_013982,68.44932226514179
STU_013983,78.70907085107208
STU_013984,69.59748471568784
STU_013985,85.76749671001008
STU_013986,67.0786141663615
STU_013987,90.82323567776216
STU_013988,73.66442933186838
STU_013989,65.12701972657686
STU_013990,68.00564907719945
STU_013991,79.18470082058673
STU_013992,79.84994272809347
STU_013993,77.7233194427672
STU_013994,74.38059796245581
STU_013995,58.11534477192712
STU_013996,74.75430415290917
STU_013997,91.72935215641408
STU_013998,63.316009160626535
STU_013999,74.67412258484829
STU_014000,75.61188011732419
STU_014001,65.23195520420641
STU_014002,62.309372200971836
STU_014003,71.40790904750214
STU_014004,58.25983291037535
STU_014005,67.21389070826454
STU_014006,66.48072321859055
STU_014007,82.69949636453227
STU_014008,60.18479674276314
STU_014009,97.44908723061654
STU_014010,74.67761689421185
STU_014011,78.59237129467853
STU_014012,94.41058350462086
STU_014013,51.04639705643728
STU_014014,86.2007662704556
STU_014015,84.50314884026368
STU_014016,67.88970173251825
STU_014017,77.78459938117503
STU_014018,76.56192834443618
STU_014019,87.32315138083536
STU_014020,82.95679266746936
STU_014021,91.7223463116207
STU_014022,72.835960229793
STU_014023,67.34069902913244
STU_014024,74.288616274924
STU_014025,80.80895914506102
STU_014026,72.71188364460146
STU_014027,100.0
STU_014028,82.00165910914463
STU_014029,77.30695786885437
STU_014030,80.64705762253763
STU_014031,73.80608749743848
STU_014032,71.18147062913613
STU_014033,74.49714724340946
STU_014034,89.08719331081991
STU_014035,92.6627775697591
STU_014036,55.27746288767451
STU_014037,52.549334551620674
STU_014038,83.7708656066832
STU_014039,87.25703627004522
STU_014040,70.85439244560322
STU_014041,75.89735257700576
STU_014042,69.45628876175071
STU_014043,68.84547858556516
STU_014044,100.0
STU_014045,79.16027545807898
STU_014046,67.85208305211886
STU_014047,89.14553559247248
STU_014048,63.34384163393911
STU_014049,85.12688690304151
STU_014050,75.87846933496245
STU_014051,74.72596769435228
STU_014052,80.82094349315706
STU_014053,89.15943451569578
STU_014054,88.54232602086651
STU_014055,100.0
STU_014056,77.44682944461752
STU_014057,65.34183107989702
STU_014058,75.85811690430177
STU_014059,58.136512423938996
STU_014060,76.16497930207352
STU_014061,70.14383511526137
STU_014062,88.90061297635074
STU_014063,71.89883760881015
STU_014064,64.69840552746732
STU_014065,61.02727834258199
STU_014066,46.622472430458515
STU_014067,95.34584191875172
STU_014068,70.64569116798883
STU_014069,76.16702485696945
STU_014070,75.95635804920984
STU_014071,41.862330007970286
STU_014072,74.47519745978379
STU_014073,79.4822925410405
STU_014074,72.56077620621055
STU_014075,72.95846647654264
STU_014076,63.86506703282684
STU_014077,55.88421503029906
STU_014078,57.15713067532187
STU_014079,80.86253044257698
STU_014080,87.26328506892894
STU_014081,100.0
STU_014082,84.71060061824565
STU_014083,61.60911765249278
STU_014084,76.50424969236002
STU_014085,97.92669686438556
STU_014086,56.84577139622536
STU_014087,69.19052912057231
STU_014088,72.35858834332231
STU_014089,70.86044125814561
STU_014090,67.73463913107584
STU_014091,90.4601568449312
STU_014092,71.51561957165266
STU_014093,72.44745239242002
STU_014094,62.28329906982946
STU_014095,81.87204107137673
STU_014096,84.34064938176033
STU_014097,90.74454437402255
STU_014098,69.88376165976122
STU_014099,72.44761129792488
STU_014100,63.98928413979766
STU_014101,75.03746211364682
STU_014102,81.39232058475096
STU_014103,72.34492980103506
STU_014104,95.89052849806511
STU_014105,44.01370226951087
STU_014106,68.3683398342859
STU_014107,88.53096481946139
STU_014108,82.09624371263186
STU_014109,78.12111133378055
STU_014110,87.35435325983718
STU_014111,89.53872365937025
STU_014112,63.02104464743102
STU_014113,58.87867891588849
STU_014114,65.70541385867278
STU_014115,76.61901840231714
STU_014116,98.82690277861592
STU_014117,67.24995145565534
STU_014118,96.09662538222031
STU_014119,67.78717578867104
STU_014120,67.59659710545084
STU_014121,61.855481568059844
STU_014122,60.061658252186234
STU_014123,59.46001274881741
STU_014124,58.879557299117664
STU_014125,85.61251432960336
STU_014126,63.674674956786745
STU_014127,70.18711571548106
STU_014128,58.085874866193166
STU_014129,87.34136379107278
STU_014130,80.85353660747884
STU_014131,87.47812582393276
STU_014132,79.29345539900167
STU_014133,71.42809189787074
STU_014134,45.56924283490316
STU_014135,75.7830964572797
STU_014136,71.91926076498709
STU_014137,96.5218690692287
STU_014138,57.17082889054673
STU_014139,74.1640155777796
STU_014140,75.3631172975096
STU_014141,88.73724183061461
STU_014142,77.21694025363371
STU_014143,77.50986109633693
STU_014144,97.40971335647171
STU_014145,70.54497576258794
STU_014146,94.84905833029197
STU_014147,80.24600096778026
STU_014148,90.69357751616243
STU_014149,80.56029053304556
STU_014150,64.32044212496858
STU_014151,96.80144904224936
STU_014152,89.83015893642992
STU_014153,58.84164596748253
STU_014154,77.18863082069244
STU_014155,71.42822456595086
STU_014156,93.5151916980931
STU_014157,81.46876247288263
STU_014158,79.741357994198
STU_014159,81.14147134155056
STU_014160,92.89246402189714
STU_014161,81.4457990087659
STU_014162,93.36515243612553
STU_014163,76.31520384980207
STU_014164,57.91595340554514
STU_014165,95.83946739309444
STU_014166,69.64451741107196
STU_014167,80.41391075961756
STU_014168,62.81543942432761
STU_014169,56.77035047984903
STU_014170,83.41641049462748
STU_014171,86.46575139054755
STU_014172,83.49667768381734
STU_014173,67.93603590094575
STU_014174,81.81334530235904
STU_014175,81.15283992689407
STU_014176,67.98299693304604
STU_014177,70.60745428741532
STU_014178,75.87766197290675
STU_014179,88.72789177511109
STU_014180,81.1693015248777
STU_014181,78.89418701994455
STU_014182,92.61815810022694
STU_014183,66.66737620896535
STU_014184,85.45625108471377
STU_014185,79.52516211104711
STU_014186,92.28922977482316
STU_014187,94.57772054686599
STU_014188,73.04148958391583
STU_014189,65.07413647248644
STU_014190,71.09682956617795
STU_014191,68.34516038664847
STU_014192,62.77081639031116
STU_014193,86.3915408251614
STU_014194,70.62906181567706
STU_014195,63.40611393909715
STU_014196,83.4331070106758
STU_014197,64.32499229153728
STU_014198,70.75547491286336
STU_014199,60.883546901640145
STU_014200,74.92298447438905
STU_014201,80.69701141709366
STU_014202,82.21358983029486
STU_014203,63.12178925050816
STU_014204,88.76128997310202
STU_014205,68.81177453130903
STU_014206,73.9557754097462
STU_014207,73.06104107272624
STU_014208,69.61060111004838
STU_014209,69.42916966446137
STU_014210,92.36685082512653
STU_014211,78.12012555313908
STU_014212,99.96964825176086
STU_014213,75.90852314195129
STU_014214,64.82384421711545
STU_014215,69.47697130909637
STU_014216,71.92877650741693
STU_014217,82.99554184059758
STU_014218,100.0
STU_014219,67.93353412438233
STU_014220,73.3448764625055
STU_014221,80.89187574552071
STU_014222,81.06508859410744
STU_014223,88.5025242945942
STU_014224,96.01605809381624
STU_014225,76.66511158093994
STU_014226,58.19960169576967
STU_014227,72.76566168805489
STU_014228,60.871387316771596
STU_014229,90.33475738105933
STU_014230,89.73056549699129
STU_014231,79.83309654821359
STU_014232,77.62524501821704
STU_014233,56.471776398157274
STU_014234,100.0
STU_014235,77.40632942022988
STU_014236,70.85451268473997
STU_014237,84.41313342150461
STU_014238,47.82666768355274
STU_014239,90.5659287139363
STU_014240,70.67197327457818
STU_014241,81.99385631990327
STU_014242,90.65411679790847
STU_014243,61.96977860517696
STU_014244,79.03381944996477
STU_014245,81.26410831079417
STU_014246,76.1721185895135
STU_014247,65.94390745698239
STU_014248,90.71487397573789
STU_014249,78.66918363550333
STU_014250,82.03623956050015
STU_014251,77.53048447613047
STU_014252,67.93891622297075
STU_014253,89.06788305122616
STU_014254,71.92100301393914
STU_014255,97.54775731633708
STU_014256,69.52380567483533
STU_014257,74.03235363571484
STU_014258,86.92782591085351
STU_014259,65.44223472970779
STU_014260,83.58436331725571
STU_014261,85.27684334680353
STU_014262,78.91895613729244
STU_014263,62.18328996354347
STU_014264,89.15787101867443
STU_014265,67.110936167512
STU_014266,80.6705903365424
STU_014267,94.17729481214019
STU_014268,90.04706925755829
STU_014269,71.11220377266716
STU_014270,74.37782959099887
STU_014271,65.30147779277102
STU_014272,69.46186242097242
STU_014273,67.72515350489618
STU_014274,64.87651031079416
STU_014275,82.95030580985313
STU_014276,66.29169427844101
STU_014277,89.06965367536469
STU_014278,61.39211339052688
STU_014279,95.09795362960257
STU_014280,55.523387777160195
STU_014281,89.50087933976165
STU_014282,68.1743358098476
STU_014283,58.892688291646806
STU_014284,82.96187890338564
STU_014285,92.90862274024072
STU_014286,66.37698067295624
STU_014287,79.66918792053693
STU_014288,50.371043597418115
STU_014289,75.6658334887963
STU_014290,75.63444409082466
STU_014291,70.0285734634031
STU_014292,77.74705658702044
STU_014293,72.2737326560589
STU_014294,63.254917921885635
STU_014295,71.93744334719064
STU_014296,63.125706030287645
STU_014297,58.34669555162322
STU_014298,74.8531024961553
STU_014299,77.6844222000114
STU_014300,90.62098844305535
STU_014301,58.35261508999848
STU_014302,100.0
STU_014303,93.61929770054458
STU_014304,60.79695779704073
STU_014305,80.67044779910987
STU_014306,74.86501656760443
STU_014307,99.06476408441915
STU_014308,70.07742304437696
STU_014309,92.49161452618071
STU_014310,71.05611506373786
STU_014311,99.1115794373894
STU_014312,79.1588639417225
STU_014313,73.42253399147356
STU_014314,65.20806272569887
STU_014315,78.05326810032813
STU_014316,73.89482592827744
STU_014317,69.65459972362481
STU_014318,76.79968914640965
STU_014319,62.82793232830862
STU_014320,75.1940260938421
STU_014321,63.251521795139936
STU_014322,91.17077973719671
STU_014323,85.51852183182257
STU_014324,84.37294040559306
STU_014325,81.44867209107471
STU_014326,84.60347209407463
STU_014327,70.27985945905182
STU_014328,53.64338074238103
STU_014329,92.95524180503563
STU_014330,54.560977839323016
STU_014331,64.47426492139402
STU_014332,58.18951053509954
STU_014333,62.80624971552969
STU_014334,91.40567965811178
STU_014335,80.65695376708537
STU_014336,91.16236786281439
STU_014337,84.0223101369319
STU_014338,65.2756225135975
STU_014339,67.90909998537225
STU_014340,58.46407462252379
STU_014341,91.8940539344413
STU_014342,58.6604840119775
STU_014343,67.65881327800635
STU_014344,48.231556273165616
STU_014345,77.23620819979445
STU_014346,86.6704341928609
STU_014347,67.66251723413771
STU_014348,73.63453936457034
STU_014349,66.4932845257531
STU_014350,71.14537996060592
STU_014351,73.48280002427437
STU_014352,89.74170388781577
STU_014353,93.0877514305491
STU_014354,88.77342279182551
STU_014355,62.971960577912185
STU_014356,47.983680523710504
STU_014357,83.59178299588852
STU_014358,59.00441164666967
STU_014359,76.59392278874128
STU_014360,57.11902773553368
STU_014361,71.53837558471332
STU_014362,98.80039498580808
STU_014363,50.74274390039072
STU_014364,85.49634257499241
STU_014365,64.1272799355078
STU_014366,77.44852087968286
STU_014367,72.63138078486959
STU_014368,88.76449926088533
STU_014369,87.49676547610551
STU_014370,93.60187120744794
STU_014371,75.62431653319194
STU_014372,88.57647628406647
STU_014373,66.85095195442564
STU_014374,77.76102518560523
STU_014375,79.46869547530041
STU_014376,91.59059469899665
STU_014377,81.63193446701948
STU_014378,96.90187836905905
STU_014379,76.79587322301359
STU_014380,83.73166695279474
STU_014381,42.65784837566319
STU_014382,77.93097667298328
STU_014383,72.25239885536533
STU_014384,87.62163219892446
STU_014385,90.17323479396873
STU_014386,61.724642360763696
STU_014387,78.27218040298617
STU_014388,69.52319614211993
STU_014389,76.54570785319129
STU_014390,71.56995200153213
STU_014391,47.50588801492465
STU_014392,85.09724271630489
STU_014393,86.50405998773232
STU_014394,77.4807700636282
STU_014395,94.5116876941949
STU_014396,93.16984998470679
STU_014397,83.20218040429839
STU_014398,99.06238074712286
STU_014399,72.30910054542834
STU_014400,93.15352646472772
STU_014401,81.16537154056928
STU_014402,77.84004131780873
STU_014403,78.38592738945371
STU_014404,80.52287896107165
STU_014405,69.28033647732921
STU_014406,80.8384768469694
STU_014407,100.0
STU_014408,60.92638193354143
STU_014409,53.459174489426005
STU_014410,71.3955506649237
STU_014411,66.3671352810905
STU_014412,73.77539479411469
STU_014413,84.06507359310052
STU_014414,65.29111427972668
STU_014415,74.13136279620042
STU_014416,79.33992313320935
STU_014417,94.40668852920693
STU_014418,89.36156234740457
STU_014419,56.91499599031841
STU_014420,91.16341171536148
STU_014421,93.07298127050186
STU_014422,72.6490055347308
STU_014423,93.02046987591818
STU_014424,81.45243507914832
STU_014425,98.46501146739017
STU_014426,68.51806515075917
STU_014427,84.72810756549549
STU_014428,95.49774440976887
STU_014429,92.04095743700441
STU_014430,56.443708636318526
STU_014431,58.338590967459055
STU_014432,66.22590335259694
STU_014433,58.61889438848848
STU_014434,76.71025171295804
STU_014435,93.71618704363021
STU_014436,59.64631817770896
STU_014437,69.13458736995551
STU_014438,74.04315047231954
STU_014439,84.74609812950236
STU_014440,49.4605448090218
STU_014441,65.00277619920082
STU_014442,74.80834217635918
STU_014443,54.34486006587679
STU_014444,54.464825843868674
STU_014445,69.75375289014745
STU_014446,68.03898635088302
STU_014447,93.61849939879305
STU_014448,64.5384549939815
STU_014449,53.00873927768735
STU_014450,70.52891754376576
STU_014451,87.3315500958933
STU_014452,90.79373023365521
STU_014453,100.0
STU_014454,90.56424946545442
STU_014455,84.624704346389
STU_014456,83.66651910849235
STU_014457,64.06225434664555
STU_014458,66.54539016114705
STU_014459,76.66572614835817
STU_014460,99.65223716204804
STU_014461,89.53409890741314
STU_014462,85.7813600622806
STU_014463,80.77504320164893
STU_014464,73.49374464641944
STU_014465,88.02755002358629
STU_014466,72.06826362658106
STU_014467,74.57346823743356
STU_014468,71.6832794030888
STU_014469,87.70935264424793
STU_014470,75.38303295157358
STU_014471,80.47680603104226
STU_014472,67.29610773267775
STU_014473,72.80773591631612
STU_014474,88.33431695856336
STU_014475,62.67817632855035
STU_014476,67.8013309193354
STU_014477,90.41350596387807
STU_014478,85.80343858525478
STU_014479,96.74256513918036
STU_014480,76.7572726706893
STU_014481,88.70493746832312
STU_014482,52.336885346918876
STU_014483,94.01381341177157
STU_014484,49.79244743034846
STU_014485,74.23459437942411
STU_014486,90.17099200526788
STU_014487,84.01320284546847
STU_014488,73.75652463376943
STU_014489,49.63580993976788
STU_014490,86.35343194862499
STU_014491,81.60582459423028
STU_014492,81.49444881263531
STU_014493,62.9528253994082
STU_014494,85.09089122872868
STU_014495,72.35278126461662
STU_014496,73.69190435806179
STU_014497,67.19190531246988
STU_014498,86.18208621673296
STU_014499,79.52686112813495
STU_014500,66.76526851308361
STU_014501,67.20259781672434
STU_014502,71.8506964819382
STU_014503,74.61098273556273
STU_014504,98.87293923763357
STU_014505,72.61536201544291
STU_014506,74.02581132057314
STU_014507,74.18582387895378
STU_014508,65.19479224226134
STU_014509,79.27716774453252
STU_014510,61.250285175144235
STU_014511,85.08596794310763
STU_014512,73.05229420809756
STU_014513,79.49198422637464
STU_014514,81.37811640812821
STU_014515,73.16849951455757
STU_014516,81.43703152455497
STU_014517,81.19945281240604
STU_014518,74.50260540716863
STU_014519,59.65430207572096
STU_014520,76.07339087001321
STU_014521,93.47587546671718
STU_014522,66.51703688964052
STU_014523,92.092791476707
STU_014524,93.03397105288914
STU_014525,71.01542349457046
STU_014526,80.23535133876393
STU_014527,47.101266904284586
STU_014528,66.30087015078644
STU_014529,88.12960165749125
STU_014530,67.31550460727428
STU_014531,73.58713958695826
STU_014532,92.69859820431246
STU_014533,100.0
STU_014534,96.00621704360996
STU_014535,92.72129617789074
STU_014536,83.12846934798569
STU_014537,78.856816057053
STU_014538,63.32593263590908
STU_014539,62.16538793789519
STU_014540,54.5738098676294
STU_014541,84.28321321843602
STU_014542,58.08059773252393
STU_014543,86.31453503091183
STU_014544,68.29290625610196
STU_014545,58.827028466717955
STU_014546,58.094617753224924
STU_014547,62.625265270206036
STU_014548,92.54656883240634
STU_014549,95.43134027594161
STU_014550,82.30885640592598
STU_014551,71.63781226652118
STU_014552,70.38043634518226
STU_014553,82.11509967467094
STU_014554,76.49893564295506
STU_014555,69.92875429407445
STU_014556,94.93971111679969
STU_014557,77.34181792494505
STU_014558,64.9025777617582
STU_014559,84.63144773121007
STU_014560,95.17504266168773
STU_014561,74.63457888471468
STU_014562,70.22207729863072
STU_014563,77.43456977430665
STU_014564,95.21804862039166
STU_014565,64.25292223985245
STU_014566,87.20132929086269
STU_014567,66.5644148176656
STU_014568,65.63770272066736
STU_014569,76.72103614558557
STU_014570,57.57833586096061
STU_014571,69.02854330878488
STU_014572,71.28627048984234
STU_014573,78.05852419872741
STU_014574,65.3268639599612
STU_014575,60.04170829419912
STU_014576,70.5984342363093
STU_014577,59.6124761264319
STU_014578,60.528272647771985
STU_014579,80.05165060489367
STU_014580,87.79652267477331
STU_014581,90.10771680257655
STU_014582,81.39742975336904
STU_014583,71.11605285794492
STU_014584,84.39785135980509
STU_014585,76.09421688309577
STU_014586,88.99149508007987
STU_014587,58.22499361784982
STU_014588,80.30596311840658
STU_014589,61.737605194085035
STU_014590,68.4955111998407
STU_014591,85.96126051329624
STU_014592,74.70594530853292
STU_014593,92.56916709821596
STU_014594,95.12595362066509
STU_014595,54.203957564290945
STU_014596,100.0
STU_014597,68.87391298873081
STU_014598,63.27451563849835
STU_014599,79.24649492601517
STU_014600,61.43850287562932
STU_014601,79.19936907738156
STU_014602,91.11878823138427
STU_014603,50.25152487033881
STU_014604,86.52641132062561
STU_014605,97.50609687555563
STU_014606,60.65215579045373
STU_014607,76.20683280541962
STU_014608,61.58671323802683
STU_014609,82.08847724923515
STU_014610,78.65724741294466
STU_014611,76.9291442483576
STU_014612,57.93946064942757
STU_014613,68.99116846288446
STU_014614,88.57692641491698
STU_014615,75.79915616450026
STU_014616,95.39115363916248
STU_014617,65.19607526616097
STU_014618,88.10596698463871
STU_014619,80.26922983857838
STU_014620,85.8205447384861
STU_014621,59.26676897222589
STU_014622,94.70137372540262
STU_014623,71.91429942179897
STU_014624,84.44624785666446
STU_014625,73.00937440735645
STU_014626,91.76034231917734
STU_014627,67.80920009929594
STU_014628,56.59205469748097
STU_014629,80.56041800877817
STU_014630,72.47882935959788
STU_014631,61.25440333767255
STU_014632,71.6052114880774
STU_014633,72.29623977541934
STU_014634,93.46630951095241
STU_014635,60.46222375343302
STU_014636,47.15055598703635
STU_014637,87.02069187812967
STU_014638,69.59524934242862
STU_014639,78.07525038770441
STU_014640,71.64286750715232
STU_014641,61.74428074609698
STU_014642,94.35019967104813
STU_014643,57.37249368121574
STU_014644,92.77918326074388
STU_014645,74.42847198200047
STU_014646,89.56881735350859
STU_014647,87.54626482171653
STU_014648,69.43187817724314
STU_014649,93.69626423496169
STU_014650,68.43963191891358
STU_014651,66.38965654803401
STU_014652,88.80749135773263
STU_014653,80.01641752865424
STU_014654,87.54343010779058
STU_014655,51.99002688251856
STU_014656,72.14981737485355
STU_014657,56.42450880443067
STU_014658,78.46953583036135
STU_014659,74.98889467528323
STU_014660,68.69888169706874
STU_014661,56.309894965790456
STU_014662,71.11690130198446
STU_014663,75.4971537142962
STU_014664,56.84336568605205
STU_014665,75.76380842111752
STU_014666,90.32885298365662
STU_014667,81.08820082239757
STU_014668,59.2958805217735
STU_014669,79.98549284022923
STU_014670,98.20308480491673
STU_014671,77.84309014305222
STU_014672,86.9756383765905
STU_014673,94.57999326921751
STU_014674,93.81112251927874
STU_014675,86.13432854721162
STU_014676,76.84486923680207
STU_014677,65.58315986573922
STU_014678,70.09126791507936
STU_014679,62.131276612854165
STU_014680,48.85449992793511
STU_014681,89.76968079962747
STU_014682,49.41793008343055
STU_014683,66.41807559797842
STU_014684,61.7638824734043
STU_014685,67.59980701299236
STU_014686,80.22570417411518
STU_014687,86.34092160037619
STU_014688,95.85953054283861
STU_014689,67.52572907157064
STU_014690,63.16132743415868
STU_014691,88.1869420270011
STU_014692,91.83124289062683
STU_014693,71.4835470027177
STU_014694,77.50027180681752
STU_014695,100.0
STU_014696,50.535394083136985
STU_014697,71.95153738958744
STU_014698,92.2176450098204
STU_014699,67.41027652589132
STU_014700,87.79937901587336
STU_014701,68.18725565811856
STU_014702,87.93945087870809
STU_014703,79.89339530425843
STU_014704,93.50927699562862
STU_014705,80.95074223592692
STU_014706,85.80167631135966
STU_014707,92.17306845747234
STU_014708,96.35429739376455
STU_014709,76.62980896346664
STU_014710,52.71342281474187
STU_014711,72.56529483591537
STU_014712,76.52997553243365
STU_014713,46.62865967981426
STU_014714,80.38822616231303
STU_014715,72.39416733164742
STU_014716,64.76195419622177
STU_014717,59.28957767963943
STU_014718,63.577434103036765
STU_014719,92.11845931871035
STU_014720,83.54339068118796
STU_014721,56.48926881686511
STU_014722,70.05786931393529
STU_014723,92.22112122533954
STU_014724,91.66209072659304
STU_014725,70.93302963319589
STU_014726,66.46716305547142
STU_014727,61.197696811380005
STU_014728,89.61603676945651
STU_014729,83.85373221771722
STU_014730,59.72733814895714
STU_014731,66.68992407369038
STU_014732,75.08596537208983
STU_014733,76.57947063002393
STU_014734,60.644916807309315
STU_014735,99.5184726680215
STU_014736,76.94153130134768
STU_014737,78.80510457906072
STU_014738,70.30245877615859
STU_014739,86.11535859694207
STU_014740,79.62117295237269
STU_014741,82.02804391994297
STU_014742,94.5898188258195
STU_014743,95.86593285569468
STU_014744,70.10966369768104
STU_014745,84.01003309120637
STU_014746,48.912737074730046
STU_014747,68.40455528365726
STU_014748,97.98455380288075
STU_014749,96.12522844925692
STU_014750,83.8215436219188
STU_014751,90.56165748485796
STU_014752,78.8819577627105
STU_014753,62.21384141379656
STU_014754,96.53550688313226
STU_014755,67.9867157483231
STU_014756,70.97163366728601
STU_014757,71.52482470730389
STU_014758,98.59485747315102
STU_014759,67.33232070661951
STU_014760,77.53812491569303
STU_014761,75.55561981709111
STU_014762,100.0
STU_014763,83.32381174341197
STU_014764,100.0
STU_014765,78.2552401232878
STU_014766,79.04512950245301
STU_014767,69.51535007162538
STU_014768,64.81558268475219
STU_014769,93.79476656357872
STU_014770,76.88815297689995
STU_014771,72.15969131722099
STU_014772,73.36945576969832
STU_014773,85.49491556352594
STU_014774,92.35498690826236
STU_014775,79.62595680378246
STU_014776,77.69130576392544
STU_014777,79.19582904619962
STU_014778,82.16717701558264
STU_014779,80.53020414930249
STU_014780,61.645225833541645
STU_014781,87.97578527241413
STU_014782,87.22378185771976
STU_014783,94.20786549260723
STU_014784,95.19496720691816
STU_014785,83.14391412141613
STU_014786,81.97306512853268
STU_014787,75.79499779898671
STU_014788,92.85903732462167
STU_014789,75.8432449035316
STU_014790,80.0452590053877
STU_014791,70.8234695854135
STU_014792,58.192186716423905
STU_014793,64.77432168105702
STU_014794,62.97365403726652
STU_014795,77.17206203602952
STU_014796,75.75424291356387
STU_014797,75.22044929747102
STU_014798,87.78134660300344
STU_014799,90.33176271660895
STU_014800,83.44224149091075
STU_014801,88.8986328399492
STU_014802,59.13099160594884
STU_014803,86.64020612445717
STU_014804,79.64629611755247
STU_014805,71.42907221623788
STU_014806,75.02806705075136
STU_014807,68.0087143151812
STU_014808,73.0313009902662
STU_014809,52.05461681871888
STU_014810,92.80731493632553
STU_014811,96.91202956838268
STU_014812,73.13743435923858
STU_014813,62.88459749043106
STU_014814,67.80866344616325
STU_014815,59.95004010595488
STU_014816,83.13794333230699
STU_014817,87.83002163542993
STU_014818,52.96164170989005
STU_014819,82.93797608002025
STU_014820,73.3663042533317
STU_014821,62.48835648376261
STU_014822,93.6829339974189
STU_014823,67.3427790672187
STU_014824,92.77226117165566
STU_014825,81.07790917429321
STU_014826,93.58109627789777
STU_014827,62.62999996552793
STU_014828,74.35854573376842
STU_014829,75.10376558884424
STU_014830,84.95846820210625
STU_014831,86.34108642005931
STU_014832,64.45750306703671
STU_014833,64.73752881479213
STU_014834,82.35920185217188
STU_014835,77.0634786496895
STU_014836,85.93860545124444
STU_014837,69.19982222826812
STU_014838,72.36349587658418
STU_014839,80.76216049496672
STU_014840,77.81947781081982
STU_014841,95.533997510905
STU_014842,54.57908500142054
STU_014843,73.70481296896196
STU_014844,94.85706952072458
STU_014845,69.74801696173331
STU_014846,83.97464193768448
STU_014847,79.40747056833206
STU_014848,57.73595066741583
STU_014849,58.84830876801621
STU_014850,73.056996832414
STU_014851,82.60261496070672
STU_014852,84.84128342139584
STU_014853,64.03667524021989
STU_014854,62.750103921150256
STU_014855,76.69495355510814
STU_014856,70.47883828194269
STU_014857,77.8261843412384
STU_014858,66.88750462941023
STU_014859,86.4286767306774
STU_014860,47.781661739961436
STU_014861,87.77457072019634
STU_014862,95.15474105424916
STU_014863,69.28232402878895
STU_014864,80.16538068942492
STU_014865,72.95313558088466
STU_014866,72.21916835760337
STU_014867,72.96137080571593
STU_014868,100.0
STU_014869,98.89663658415239
STU_014870,72.97011378376483
STU_014871,77.52348278472036
STU_014872,82.5274840588665
STU_014873,67.65635739970557
STU_014874,72.06505379783188
STU_014875,84.07516618915756
STU_014876,55.912880446674656
STU_014877,68.41330090779675
STU_014878,63.42937413120244
STU_014879,80.86875602478115
STU_014880,82.49256939201766
STU_014881,80.49922273018298
STU_014882,66.63035798727994
STU_014883,80.29511065359745
STU_014884,68.65416541922934
STU_014885,83.06606932900353
STU_014886,66.41017289439952
STU_014887,78.19642776387954
STU_014888,86.7246052124538
STU_014889,72.74295849457975
STU_014890,93.31473563320128
STU_014891,74.43496845648667
STU_014892,86.08137121749726
STU_014893,65.72266394108807
STU_014894,76.86440675956386
STU_014895,60.2776260588573
STU_014896,74.57748467243096
STU_014897,78.22405919895292
STU_014898,82.76241458855085
STU_014899,56.74147095859855
STU_014900,99.12548574830932
STU_014901,82.31342177740248
STU_014902,81.91024180237308
STU_014903,89.9445208115178
STU_014904,82.52614613199017
STU_014905,91.87692883181388
STU_014906,79.2338823117184
STU_014907,55.88463240544387
STU_014908,78.05469327738923
STU_014909,82.00357789174186
STU_014910,71.27451761227202
STU_014911,92.75220827281743
STU_014912,79.65278042679651
STU_014913,73.2865935003204
STU_014914,50.65934162441751
STU_014915,57.765785438539965
STU_014916,71.68161771985933
STU_014917,95.42230877103074
STU_014918,85.69976007773903
STU_014919,54.83109155070088
STU_014920,91.86022582790787
STU_014921,64.99967249559887
STU_014922,57.591286745585855
STU_014923,70.19430219849087
STU_014924,84.12019715607317
STU_014925,96.76919510950938
STU_014926,83.97139224687298
STU_014927,74.73358193558836
STU_014928,60.85681673195117
STU_014929,81.83877419179268
STU_014930,82.26327584562978
STU_014931,89.16862156940331
STU_014932,58.613653926794285
STU_014933,80.31214152547031
STU_014934,69.37445074656286
STU_014935,77.10578269020483
STU_014936,81.04434504026167
STU_014937,78.90083303191946
STU_014938,99.04865708376022
STU_014939,72.95176074388232
STU_014940,90.7658471447443
STU_014941,67.62875072705407
STU_014942,90.8583031814664
STU_014943,65.21559329495132
STU_014944,73.51872341964018
STU_014945,63.78737561440118
STU_014946,69.35061031825592
STU_014947,65.02081329576751
STU_014948,85.87850078496587
STU_014949,60.69372444746864
STU_014950,90.03894548789732
STU_014951,72.52083889167724
STU_014952,76.1664366253786
STU_014953,91.76167052252504
STU_014954,90.34896138562186
STU_014955,96.37525338843602
STU_014956,80.86717556862779
STU_014957,80.0493694508728
STU_014958,70.44550063401091
STU_014959,55.007781322181586
STU_014960,93.6650806857919
STU_014961,86.65327577013036
STU_014962,53.21722673233773
STU_014963,78.17289627373717
STU_014964,89.51289595269773
STU_014965,79.85642800207778
STU_014966,68.91866067555402
STU_014967,51.78763458481612
STU_014968,92.76776801935895
STU_014969,73.75568847050248
STU_014970,70.54660617537938
STU_014971,69.90337519951741
STU_014972,89.61872427900764
STU_014973,75.80233035297265
STU_014974,68.72723928751421
STU_014975,64.15771955777687
STU_014976,87.2229519666265
STU_014977,84.09672428757727
STU_014978,87.4922857998579
STU_014979,92.77859686952874
STU_014980,62.991214869771255
STU_014981,96.20231260263202
STU_014982,65.26028264752556
STU_014983,86.50163585575886
STU_014984,62.435763416923066
STU_014985,67.75182208651326
STU_014986,48.13996535187823
STU_014987,90.7781234908341
STU_014988,64.38654925114284
STU_014989,100.0
STU_014990,83.34311435033115
STU_014991,97.55796950573799
STU_014992,74.90590889880093
STU_014993,62.254872835399006
STU_014994,89.86386804925888
STU_014995,88.1996484912351
STU_014996,70.48267307358729
STU_014997,79.89367009553713
STU_014998,81.10167751377722
STU_014999,94.53664678404758
STU_015000,71.1369459272561
STU_015001,55.90796698966935
STU_015002,65.93547595352518
STU_015003,61.88139794855361
STU_015004,64.39031630400541
STU_015005,58.67211154141453
STU_015006,64.66473149894499
STU_015007,84.57696986962783
STU_015008,73.9973544331435
STU_015009,83.14116222841336
STU_015010,74.92472630039047
STU_015011,52.659337088528275
STU_015012,96.47702674401168
STU_015013,64.86784727860517
STU_015014,59.66017225299868
STU_015015,87.60332952991956
STU_015016,84.12230517272289
STU_015017,88.08385464669908
STU_015018,76.21532050920241
STU_015019,87.49352025707476
STU_015020,62.92928928338705
STU_015021,75.30627159027485
STU_015022,65.21161281229625
STU_015023,76.04278447668986
STU_015024,69.43530589242208
STU_015025,78.95562441031632
STU_015026,72.25352695551479
STU_015027,85.87602743918873
STU_015028,73.6606829942042
STU_015029,77.39562762489909
STU_015030,93.224940205373
STU_015031,74.21696564145378
STU_015032,70.00115627593274
STU_015033,77.38561603852453
STU_015034,67.70834475880017
STU_015035,76.31104584996642
STU_015036,69.6611580508337
STU_015037,79.92014385294988
STU_015038,91.07742390856225
STU_015039,64.97994374422565
STU_015040,81.16520133358571
STU_015041,81.53729579832391
STU_015042,47.45521023656488
STU_015043,81.3042570127038
STU_015044,89.0749483270746
STU_015045,88.82455541071596
STU_015046,66.20408920242213
STU_015047,85.30646379236737
STU_015048,66.41446912060553
STU_015049,70.27213392164295
STU_015050,61.52228244225938
STU_015051,67.34272284761538
STU_015052,62.654370701872885
STU_015053,66.20738573881627
STU_015054,92.45397245721925
STU_015055,77.76691626000921
STU_015056,59.431000351457136
STU_015057,95.34421079886911
STU_015058,59.15712202585275
STU_015059,98.3421914327702
STU_015060,77.71156145073589
STU_015061,78.41629396839443
STU_015062,73.9309694176664
STU_015063,66.51989023069599
STU_015064,66.4694393160904
STU_015065,93.21006805322315
STU_015066,83.83110806015321
STU_015067,75.23369091324909
STU_015068,64.67824453746557
STU_015069,76.34150448832885
STU_015070,74.74368538028993
STU_015071,78.19452058917236
STU_015072,100.0
STU_015073,72.00253225177214
STU_015074,69.22947885073495
STU_015075,93.37937356254994
STU_015076,71.69626155255872
STU_015077,64.56934916128075
STU_015078,67.68710477997269
STU_015079,100.0
STU_015080,64.3447354992165
STU_015081,97.83920864604686
STU_015082,63.53442156648167
STU_015083,82.37193797324808
STU_015084,65.08726080586135
STU_015085,77.98205474058351
STU_015086,70.51075801838762
STU_015087,58.24592764565227
STU_015088,91.51863227609081
STU_015089,69.88775760634834
STU_015090,84.28673515427829
STU_015091,75.61771771933036
STU_015092,74.98304257955007
STU_015093,93.06832789891561
STU_015094,72.45323965618198
STU_015095,72.76501757520748
STU_015096,89.81626443127709
STU_015097,78.25287021868316
STU_015098,72.3253102975962
STU_015099,57.26577402364193
STU_015100,85.25492319193296
STU_015101,77.86451119361827
STU_015102,79.39292353219018
STU_015103,96.97464555014747
STU_015104,75.81498960278094
STU_015105,93.56510972686529
STU_015106,72.87934766498825
STU_015107,71.2428874168106
STU_015108,76.87291660507941
STU_015109,76.52452298341325
STU_015110,83.041481830582
STU_015111,59.42985650275208
STU_015112,76.58370666967558
STU_015113,71.39641362884393
STU_015114,88.44155306729797
STU_015115,62.56664383182759
STU_015116,88.00898958044975
STU_015117,66.84298327221778
STU_015118,57.096134476845954
STU_015119,82.19009412907245
STU_015120,87.42671433951679
STU_015121,61.7996862449905
STU_015122,100.0
STU_015123,66.64746837897589
STU_015124,88.81721866014696
STU_015125,77.13579585671472
STU_015126,66.10986948696149
STU_015127,91.29195890736798
STU_015128,81.1719561222928
STU_015129,65.51765344866101
STU_015130,72.57029990267257
STU_015131,84.36571894227885
STU_015132,90.42448834489969
STU_015133,92.93252078804059
STU_015134,85.40607951376316
STU_015135,88.57825528634494
STU_015136,75.76591523379916
STU_015137,76.32065342734228
STU_015138,71.75005171832804
STU_015139,85.74872120938193
STU_015140,93.96876744971593
STU_015141,65.07359171313874
STU_015142,77.67699744569134
STU_015143,94.79622193256726
STU_015144,84.46540176432933
STU_015145,66.97535889187768
STU_015146,93.66214554379957
STU_015147,79.51138279108578
STU_015148,69.77243518191699
STU_015149,65.30334750319263
STU_015150,46.39404556262106
STU_015151,59.193040221891025
STU_015152,75.64057516654564
STU_015153,58.84310793546865
STU_015154,82.23233199396591
STU_015155,85.99975166783089
STU_015156,73.67889632362008
STU_015157,56.9188746019788
STU_015158,92.65941378305831
STU_015159,54.28353029307095
STU_015160,89.73584954200743
STU_015161,63.64684228442166
STU_015162,71.42960695586893
STU_015163,81.88900749272347
STU_015164,40.72968568867609
STU_015165,85.66192954659132
STU_015166,98.15083688736277
STU_015167,80.50561421796816
STU_015168,63.732877602993796
STU_015169,90.47588392556811
STU_015170,75.43810222162102
STU_015171,94.22712990928721
STU_015172,63.924993275214796
STU_015173,76.79145425546128
STU_015174,93.59429335055208
STU_015175,74.50907054330175
STU_015176,98.3696186354797
STU_015177,79.26199383617308
STU_015178,67.3966443561299
STU_015179,74.32313130247663
STU_015180,63.18693826436347
STU_015181,81.65445812635284
STU_015182,81.77636239277963
STU_015183,85.77615977857369
STU_015184,68.81575336756289
STU_015185,83.4908842912875
STU_015186,71.17551088174906
STU_015187,60.66810721626884
STU_015188,70.15399918841862
STU_015189,92.61260984100525
STU_015190,93.2747598237047
STU_015191,76.8544695323918
STU_015192,99.42123565263532
STU_015193,76.24426624854298
STU_015194,91.23671342355757
STU_015195,86.53188430896247
STU_015196,73.5118848048632
STU_015197,73.05554276375379
STU_015198,82.35207555419107
STU_015199,70.88207340490507
STU_015200,69.8867654520239
STU_015201,84.78337500350516
STU_015202,69.04029896830494
STU_015203,64.56908091836132
STU_015204,77.78090388545208
STU_015205,80.01483285351404
STU_015206,70.32202711913175
STU_015207,86.35108869705307
STU_015208,74.98232373678354
STU_015209,82.30533954635433
STU_015210,90.78928730133342
STU_015211,43.94197091882039
STU_015212,94.41973047123865
STU_015213,69.40602897215855
STU_015214,94.3394358532206
STU_015215,72.82076918324456
STU_015216,92.58568645253561
STU_015217,59.22740102074849
STU_015218,75.25940207778095
STU_015219,76.8572256873341
STU_015220,45.038819552368224
STU_015221,86.19731404592457
STU_015222,65.38565051701914
STU_015223,86.88455806207094
STU_015224,73.81339426126893
STU_015225,74.09108021546854
STU_015226,64.65588254632051
STU_015227,67.32416795863932
STU_015228,83.42152986745509
STU_015229,69.80032561208435
STU_015230,75.37541374709177
STU_015231,95.97498159314246
STU_015232,84.11019051732785
STU_015233,90.07262377239122
STU_015234,73.37464611648353
STU_015235,66.2425981486344
STU_015236,93.59962498423991
STU_015237,83.23569215315072
STU_015238,82.87634285289963
STU_015239,94.54022194944349
STU_015240,66.2132749878542
STU_015241,46.42843182625377
STU_015242,54.503086579686666
STU_015243,80.92596727107181
STU_015244,77.77369667342776
STU_015245,67.18723276001758
STU_015246,100.0
STU_015247,80.96866076342725
STU_015248,85.94196314619569
STU_015249,70.58026876758774
STU_015250,91.20201138146224
STU_015251,69.81620529829188
STU_015252,90.42462759167499
STU_015253,87.32859271828553
STU_015254,97.23649507873263
STU_015255,66.04155380865384
STU_015256,63.93850357432818
STU_015257,74.7711441084901
STU_015258,93.44048218199049
STU_015259,87.23050608925543
STU_015260,92.97459730903134
STU_015261,80.3479905602567
STU_015262,85.46259827967683
STU_015263,89.1862414492536
STU_015264,86.41731655332116
STU_015265,94.67062138487762
STU_015266,68.50611717611086
STU_015267,76.85290161984072
STU_015268,57.987069290033006
STU_015269,63.49412964246788
STU_015270,75.02032438759537
STU_015271,81.08945551451231
STU_015272,67.50184419137511
STU_015273,85.81376912984217
STU_015274,76.16096765505839
STU_015275,45.61930508395958
STU_015276,55.195199716787826
STU_015277,75.06403606817393
STU_015278,99.49623286031999
STU_015279,49.33177634037357
STU_015280,86.42598311633546
STU_015281,99.40071987951532
STU_015282,86.62108942838435
STU_015283,82.02639913563704
STU_015284,79.18626402742096
STU_015285,43.637828592021165
STU_015286,86.94742234798798
STU_015287,76.46200288376282
STU_015288,81.60379769663115
STU_015289,54.67860282004935
STU_015290,80.39928436971499
STU_015291,78.08380002776606
STU_015292,70.12791248949085
STU_015293,62.51246718495251
STU_015294,82.02402767402032
STU_015295,75.9135702594311
STU_015296,71.0382450438278
STU_015297,85.23131096075139
STU_015298,93.5087506570724
STU_015299,68.98085576350645
STU_015300,88.01338143138149
STU_015301,78.7941083190887
STU_015302,83.69996857570581
STU_015303,67.95861975549508
STU_015304,58.37518412994285
STU_015305,65.88285959848432
STU_015306,83.18602242992739
STU_015307,97.14783161963877
STU_015308,61.385609261083516
STU_015309,72.25768556190937
STU_015310,80.13491732062296
STU_015311,67.3245328157927
STU_015312,80.44405274376052
STU_015313,61.19938738706004
STU_015314,86.6117354923131
STU_015315,74.96305144746816
STU_015316,92.73625968063587
STU_015317,74.62209525864482
STU_015318,83.86240121162858
STU_015319,73.4310820656711
STU_015320,76.35475879524071
STU_015321,60.30203035765885
STU_015322,94.93581764217913
STU_015323,79.97049442366581
STU_015324,75.33102998680496
STU_015325,81.63085533813553
STU_015326,54.84239703251312
STU_015327,74.83639991762182
STU_015328,71.60423141898302
STU_015329,68.67450224896403
STU_015330,75.39785919383354
STU_015331,62.7090894196811
STU_015332,98.36679257994444
STU_015333,70.63319973014708
STU_015334,79.09152869554802
STU_015335,94.2134203735454
STU_015336,89.92380659535712
STU_015337,69.61387695717917
STU_015338,68.1234366863661
STU_015339,62.92379893928157
STU_015340,91.95023447597019
STU_015341,79.99927892597718
STU_015342,98.83672800654756
STU_015343,85.11513171961337
STU_015344,99.2146684239501
STU_015345,98.64995306608816
STU_015346,80.21506967823565
STU_015347,90.66257474859594
STU_015348,76.48553311360938
STU_015349,80.48477007231219
STU_015350,88.58101849475884
STU_015351,100.0
STU_015352,84.91726042683365
STU_015353,78.97479147274143
STU_015354,62.617231914596125
STU_015355,60.23709947713935
STU_015356,70.20123778966799
STU_015357,73.80183890381932
STU_015358,78.87466271311713
STU_015359,85.85326118825695
STU_015360,86.14543077846992
STU_015361,84.08975225265621
STU_015362,75.83786789861267
STU_015363,82.44537612189643
STU_015364,87.31163855510376
STU_015365,78.61935135609065
STU_015366,94.8605164616903
STU_015367,85.01633070473119
STU_015368,77.06487139779136
STU_015369,96.28253995626855
STU_015370,92.7116159314701
STU_015371,58.40832400726268
STU_015372,62.75862924158412
STU_015373,83.45343255297779
STU_015374,87.61472293811335
STU_015375,71.71508801353397
STU_015376,73.99069361130826
STU_015377,89.18584857813597
STU_015378,73.48543989722667
STU_015379,94.44560223596986
STU_015380,91.57673396190359
STU_015381,89.8445327398893
STU_015382,84.4865668799509
STU_015383,61.13789581860429
STU_015384,78.34862062944191
STU_015385,64.29270506669033
STU_015386,77.02349696616633
STU_015387,64.45059256294428
STU_015388,77.36449298937318
STU_015389,97.9878686112869
STU_015390,47.885569698886904
STU_015391,82.92914414684489
STU_015392,90.35320423157881
STU_015393,91.31466794917503
STU_015394,76.49942202134642
STU_015395,84.27349646823438
STU_015396,74.083545539771
STU_015397,97.54100762485015
STU_015398,70.23356069432333
STU_015399,95.53534721831961
STU_015400,91.18956437478471
STU_015401,89.55785763442475
STU_015402,75.97694905541819
STU_015403,58.30416181031422
STU_015404,81.98755023274128
STU_015405,83.5786499363507
STU_015406,83.00218349493288
STU_015407,82.69113849452876
STU_015408,35.42499321030323
STU_015409,74.52504180010399
STU_015410,66.40170160011675
STU_015411,75.43491257284862
STU_015412,68.75652359400962
STU_015413,77.67448045432184
STU_015414,72.24120206862845
STU_015415,68.5614409818156
STU_015416,86.6565287766779
STU_015417,59.672880076801164
STU_015418,83.85363123855343
STU_015419,58.39745955042605
STU_015420,70.50661553187065
STU_015421,90.69968529782159
STU_015422,79.6664088239744
STU_015423,85.7048437060805
STU_015424,99.9247628084868
STU_015425,90.8044935997718
STU_015426,64.45627281328137
STU_015427,57.81944276274742
STU_015428,76.65540174632316
STU_015429,77.38145132201976
STU_015430,42.60488131245185
STU_015431,63.30721987871007
STU_015432,81.2931510237394
STU_015433,71.4407771500252
STU_015434,66.85518949050402
STU_015435,65.61642916997586
STU_015436,79.83215552965507
STU_015437,76.32135014502741
STU_015438,88.44150578171605
STU_015439,75.09917082700147
STU_015440,79.62948671193685
STU_015441,69.03679608627883
STU_015442,86.41813473115158
STU_015443,63.36207617670476
STU_015444,73.97837580209514
STU_015445,67.89327900182673
STU_015446,69.52695861192807
STU_015447,50.78306593424517
STU_015448,46.799544027827565
STU_015449,73.7872234286213
STU_015450,84.7772712870939
STU_015451,77.56905692377632
STU_015452,84.07813706191062
STU_015453,93.77674863386372
STU_015454,82.47026152687678
STU_015455,56.06380439331795
STU_015456,78.0269887861816
STU_015457,69.02096107825822
STU_015458,68.02098412024361
STU_015459,50.05381923955138
STU_015460,100.0
STU_015461,97.0534807828887
STU_015462,74.61936643917318
STU_015463,83.24961334927376
STU_015464,59.85925790006567
STU_015465,51.127641198739056
STU_015466,91.20634653108918
STU_015467,91.04388011920459
STU_015468,58.415126957950406
STU_015469,63.86640160527363
STU_015470,90.61946260056565
STU_015471,73.50407908990488
STU_015472,90.39145561909426
STU_015473,90.9682916991153
STU_015474,98.1006693289197
STU_015475,77.80470104576538
STU_015476,78.77616094662604
STU_015477,57.91488250620912
STU_015478,52.28625571169313
STU_015479,93.350689080582
STU_015480,65.20592614198445
STU_015481,84.428527784907
STU_015482,56.676736534983874
STU_015483,91.80058662063655
STU_015484,71.05377962605121
STU_015485,73.90110949933455
STU_015486,78.73785431030323
STU_015487,67.93552703195095
STU_015488,78.12736875407629
STU_015489,84.15271331067278
STU_015490,90.32020954563801
STU_015491,77.70300817738722
STU_015492,59.73115161191071
STU_015493,63.88961639817468
STU_015494,64.80075305699792
STU_015495,86.5406384259729
STU_015496,66.00698957408594
STU_015497,54.96433032211664
STU_015498,69.09282058039022
STU_015499,41.13444373196539
STU_015500,69.78204554988454
STU_015501,87.9408246298719
STU_015502,55.938603538384584
STU_015503,84.1446380705408
STU_015504,83.2650982127155
STU_015505,73.92241181944728
STU_015506,77.84210696242552
STU_015507,100.0
STU_015508,99.40881598211178
STU_015509,86.3262858503772
STU_015510,84.73484065045369
STU_015511,91.31058628703695
STU_015512,79.05612641487718
STU_015513,80.24714502777528
STU_015514,83.19194657727618
STU_015515,78.41949106405663
STU_015516,73.28512580005598
STU_015517,95.87288588586702
STU_015518,75.34957853645278
STU_015519,51.7406040923798
STU_015520,78.30583307510689
STU_015521,85.22432518504641
STU_015522,68.74412171368593
STU_015523,67.36819088265486
STU_015524,37.397569091072214
STU_015525,77.32826598608403
STU_015526,76.14332973488976
STU_015527,72.13076406069536
STU_015528,71.69875834413328
STU_015529,84.5435265086364
STU_015530,90.83382459467654
STU_015531,88.6083581865579
STU_015532,77.82058443403314
STU_015533,56.85966653618961
STU_015534,90.00633119567411
STU_015535,79.93420692561153
STU_015536,82.70169306018772
STU_015537,71.68381063642799
STU_015538,91.79230345590067
STU_015539,65.00223634331111
STU_015540,69.28197557375722
STU_015541,71.9062078280951
STU_015542,90.98402306917143
STU_015543,79.66944256802948
STU_015544,95.85480331933705
STU_015545,75.57638405684366
STU_015546,76.12528604641601
STU_015547,59.210760743279465
STU_015548,62.45142396321816
STU_015549,92.7808029546182
STU_015550,91.59840639947036
STU_015551,79.40885196853246
STU_015552,70.06056156591721
STU_015553,40.59256898316506
STU_015554,78.74238203061543
STU_015555,74.0101993041095
STU_015556,90.03609656753665
STU_015557,78.07884675053947
STU_015558,88.43200182969503
STU_015559,86.26548442461772
STU_015560,79.67685970455908
STU_015561,88.47821530508375
STU_015562,83.36234825093368
STU_015563,67.3116751205713
STU_015564,74.2267282689296
STU_015565,67.38549188591182
STU_015566,69.62549664553102
STU_015567,77.38525977341462
STU_015568,70.13949598114861
STU_015569,71.68560326085097
STU_015570,94.26465513177591
STU_015571,65.39567453220957
STU_015572,76.9704501731039
STU_015573,80.93490166037188
STU_015574,61.18248371313952
STU_015575,60.38784263014159
STU_015576,73.49402181414678
STU_015577,69.27543346671655
STU_015578,78.57909923616612
STU_015579,75.11084700626262
STU_015580,73.22190819220225
STU_015581,78.8533072240748
STU_015582,80.76847172208666
STU_015583,92.79961788880419
STU_015584,82.12041628329561
STU_015585,89.28003350134412
STU_015586,90.32305178199812
STU_015587,54.862819616621906
STU_015588,74.91022666111573
STU_015589,82.14318788278598
STU_015590,63.11827233084848
STU_015591,62.45741509846593
STU_015592,87.517957518298
STU_015593,66.00827412380482
STU_015594,94.23426490641754
STU_015595,93.36189990907829
STU_015596,79.54394862897585
STU_015597,89.78691051578548
STU_015598,76.90595173904515
STU_015599,52.316455612668776
STU_015600,65.15532100661696
STU_015601,53.31530720123703
STU_015602,63.184294562756094
STU_015603,78.85914821936412
STU_015604,81.82294887265724
STU_015605,62.517066386534665
STU_015606,77.79034031868858
STU_015607,68.2601962035744
STU_015608,68.32262174917791
STU_015609,72.80611584192407
STU_015610,68.8175706453046
STU_015611,85.2083665305847
STU_015612,86.36244837752308
STU_015613,94.53449146655399
STU_015614,63.583453048338505
STU_015615,69.42964173585789
STU_015616,81.41183864671545
STU_015617,67.11539313538981
STU_015618,86.45125957521556
STU_015619,62.55323599265895
STU_015620,74.82950803300793
STU_015621,69.5003966750573
STU_015622,74.51502090527264
STU_015623,88.66540305963218
STU_015624,77.94041628294909
STU_015625,82.79718077362895
STU_015626,59.913920885085886
STU_015627,100.0
STU_015628,77.76162683859647
STU_015629,74.04125283418993
STU_015630,69.98841533237018
STU_015631,68.04161179469233
STU_015632,88.13282404326304
STU_015633,84.8913339256363
STU_015634,71.14729956149789
STU_015635,95.96358379220209
STU_015636,71.2854317975287
STU_015637,53.10206526415906
STU_015638,71.51330091699687
STU_015639,95.11386240965305
STU_015640,67.86188650234513
STU_015641,60.76380814359845
STU_015642,98.80704892702346
STU_015643,82.71988295278553
STU_015644,94.13219379122594
STU_015645,60.28656642778404
STU_015646,96.43900166676738
STU_015647,71.44372713500012
STU_015648,64.37104482642732
STU_015649,81.26124641006777
STU_015650,70.61653536524996
STU_015651,53.52681553927053
STU_015652,91.82730745749237
STU_015653,73.95599428784357
STU_015654,70.02657493687875
STU_015655,100.0
STU_015656,68.67842584117481
STU_015657,74.99453884401085
STU_015658,70.4253564476918
STU_015659,72.51083434930007
STU_015660,86.15030997801637
STU_015661,34.3589770980376
STU_015662,67.83022643752929
STU_015663,87.13190656734405
STU_015664,58.48062313340745
STU_015665,82.07493667887462
STU_015666,79.73279608596464
STU_015667,95.7247891991867
STU_015668,84.27637695331592
STU_015669,79.12755854591587
STU_015670,61.5070653690519
STU_015671,87.96487391783685
STU_015672,90.26880566495234
STU_015673,82.63155247062033
STU_015674,81.13516034905732
STU_015675,85.7311540232216
STU_015676,49.513983630432705
STU_015677,82.11569062062574
STU_015678,97.36344466972123
STU_015679,74.73559492468704
STU_015680,76.46293552589796
STU_015681,80.96437576640376
STU_015682,84.88793305408794
STU_015683,67.38478408615015
STU_015684,60.01599084051547
STU_015685,82.50489567241218
STU_015686,69.38411085301638
STU_015687,80.55687004474953
STU_015688,79.66391745582358
STU_015689,61.43829430098686
STU_015690,57.720544584069415
STU_015691,96.12031758252725
STU_015692,88.73482280459896
STU_015693,77.61143865201093
STU_015694,96.22896589895225
STU_015695,94.97151867566068
STU_015696,51.9619931033593
STU_015697,64.17631000550463
STU_015698,80.34180292535147
STU_015699,94.23993179354017
STU_015700,85.34689871023427
STU_015701,68.86446737094037
STU_015702,85.17373900101852
STU_015703,87.44259549835745
STU_015704,75.49806743087036
STU_015705,79.76609649682175
STU_015706,65.60341606015163
STU_015707,73.03043587155742
STU_015708,51.66441794766125
STU_015709,63.55927033236982
STU_015710,68.69086487668356
STU_015711,76.04770954995557
STU_015712,92.00549285334773
STU_015713,82.98090144120845
STU_015714,71.37658759672061
STU_015715,88.3644425710213
STU_015716,61.69506599655254
STU_015717,61.09700481090777
STU_015718,70.71131441401758
STU_015719,59.19587198455477
STU_015720,59.39369744885862
STU_015721,65.50645806105254
STU_015722,68.22517990396004
STU_015723,74.06351396826778
STU_015724,96.5476752368932
STU_015725,91.3449527528374
STU_015726,78.9496106573256
STU_015727,67.45801198594803
STU_015728,81.45347458339977
STU_015729,93.58812340797255
STU_015730,69.86027039002464
STU_015731,77.09391365359504
STU_015732,60.11451956757844
STU_015733,63.763878033766694
STU_015734,66.51091706074287
STU_015735,55.44087457250751
STU_015736,91.76101831003645
STU_015737,75.57030094053712
STU_015738,65.02650603763
STU_015739,76.49179950968013
STU_015740,93.81093606562102
STU_015741,63.29843922041679
STU_015742,71.61666115074233
STU_015743,89.30199710616252
STU_015744,64.92728792893121
STU_015745,79.84035247401795
STU_015746,71.39297768234721
STU_015747,93.71542916249298
STU_015748,52.32513364010143
STU_015749,87.78036656001387
STU_015750,60.47801009521362
STU_015751,82.91259898552401
STU_015752,73.6240956083907
STU_015753,77.7073873301076
STU_015754,80.0442757428209
STU_015755,91.3435811014993
STU_015756,81.39208769624467
STU_015757,85.03289848077011
STU_015758,99.4074796849471
STU_015759,81.83149785939204
STU_015760,63.57862503962778
STU_015761,87.29972556569163
STU_015762,66.36620442626537
STU_015763,68.071417012882
STU_015764,77.28505394586746
STU_015765,80.79583536894766
STU_015766,77.96396538394109
STU_015767,82.86000370999565
STU_015768,73.41578641860193
STU_015769,78.89081909987418
STU_015770,66.32567909382327
STU_015771,91.60340079378776
STU_015772,60.80711935056355
STU_015773,56.727915892751376
STU_015774,96.43008176327298
STU_015775,73.34159080751807
STU_015776,63.835434473960795
STU_015777,69.8238616889536
STU_015778,64.87755240042291
STU_015779,54.47078314523675
STU_015780,83.60242470602385
STU_015781,74.89927287531829
STU_015782,85.12056467200651
STU_015783,68.72636569053046
STU_015784,77.18597263317517
STU_015785,71.53277290999469
STU_015786,75.5861790564251
STU_015787,78.49855392138372
STU_015788,79.45594096261418
STU_015789,54.73448039132896
STU_015790,66.3782733427837
STU_015791,74.19534257891064
STU_015792,79.6659068701238
STU_015793,87.74005407079736
STU_015794,90.7586332791428
STU_015795,66.53614242203949
STU_015796,89.86967129980412
STU_015797,85.15021753209864
STU_015798,89.1113851642013
STU_015799,88.21115866689271
STU_015800,67.02466074405321
STU_015801,73.80328801958379
STU_015802,55.85210221886447
STU_015803,71.96159680840987
STU_015804,77.2446317949777
STU_015805,51.42839062971738
STU_015806,93.82201128598987
STU_015807,75.26731684809087
STU_015808,68.98707517494947
STU_015809,48.177609358892994
STU_015810,86.93676988014457
STU_015811,97.4088746417203
STU_015812,87.9926823832278
STU_015813,94.62110119480253
STU_015814,69.94023186422896
STU_015815,62.93911139490245
STU_015816,89.9171206823703
STU_015817,71.92673879155588
STU_015818,73.15194313584813
STU_015819,59.93273049671545
STU_015820,70.27215860896007
STU_015821,75.91773760255697
STU_015822,63.248248588915686
STU_015823,74.91850331933921
STU_015824,85.26417806048933
STU_015825,53.383911545384905
STU_015826,54.521585528153615
STU_015827,67.38041493987356
STU_015828,74.20990921378466
STU_015829,88.74704107507773
STU_015830,89.79611839889584
STU_015831,74.87219549100617
STU_015832,89.36286538951933
STU_015833,93.04023681145958
STU_015834,45.23542128705154
STU_015835,82.5157499840156
STU_015836,77.97196771060729
STU_015837,71.47401402863557
STU_015838,71.04564878352278
STU_015839,89.17109773060618
STU_015840,64.78992834921341
STU_015841,59.78986108150398
STU_015842,85.28401854431158
STU_015843,85.85134614380378
STU_015844,90.75874496942572
STU_015845,68.23721838327148
STU_015846,60.35097175571186
STU_015847,74.31103633809181
STU_015848,85.85842532194009
STU_015849,95.18278540886092
STU_015850,60.05643852859588
STU_015851,73.08073241031792
STU_015852,61.564087674778165
STU_015853,76.46877210748615
STU_015854,92.49583043882069
STU_015855,90.4104421462922
STU_015856,73.94168608956272
STU_015857,86.39484820587157
STU_015858,63.351963716538435
STU_015859,73.53221507966114
STU_015860,66.3312117058962
STU_015861,75.08336698161393
STU_015862,68.04801214719404
STU_015863,93.98028636276122
STU_015864,55.69494343900789
STU_015865,61.60907986035963
STU_015866,74.3179936823654
STU_015867,39.46062358748672
STU_015868,72.20504061375351
STU_015869,82.93590994554884
STU_015870,74.23291306809656
STU_015871,74.2642009107082
STU_015872,47.22747249743774
STU_015873,96.93312348564773
STU_015874,78.101471644495
STU_015875,85.56023816053721
STU_015876,68.88274713250014
STU_015877,94.38691007373725
STU_015878,84.74099758383772
STU_015879,96.03791323632689
STU_015880,80.17068676230927
STU_015881,94.4350749812127
STU_015882,65.69508421472393
STU_015883,80.4988064940962
STU_015884,90.69424179275231
STU_015885,61.25554756785428
STU_015886,94.80584739436519
STU_015887,97.12777927577872
STU_015888,62.86333181646229
STU_015889,89.1232317733074
STU_015890,95.26932474300364
STU_015891,84.68106058557902
STU_015892,58.206129666505795
STU_015893,56.647491599146846
STU_015894,52.02980800624009
STU_015895,60.233286059843735
STU_015896,74.55069291603675
STU_015897,90.45340530350936
STU_015898,73.32876249700416
STU_015899,90.64141162789689
STU_015900,73.39873173933894
STU_015901,73.017937190929
STU_015902,73.83233355276901
STU_015903,84.19383529843194
STU_015904,77.4981999197872
STU_015905,90.82896717634688
STU_015906,69.5644280100893
STU_015907,100.0
STU_015908,63.36772617221635
STU_015909,75.07142716489096
STU_015910,80.30202832217608
STU_015911,60.346137128854835
STU_015912,71.73446226546974
STU_015913,68.22607910893194
STU_015914,63.7854677776709
STU_015915,85.52476438188893
STU_015916,62.73761369609316
STU_015917,51.25738388046099
STU_015918,80.02567066023053
STU_015919,88.2487328008475
STU_015920,79.61572910902557
STU_015921,90.58519398020645
STU_015922,59.59111711165353
STU_015923,90.3264141548929
STU_015924,78.10095048690853
STU_015925,69.64739292569529
STU_015926,79.66140100365129
STU_015927,69.44934930096935
STU_015928,78.62958934730075
STU_015929,87.66194744419217
STU_015930,61.07640140859641
STU_015931,57.806658169677355
STU_015932,77.87930876189334
STU_015933,76.83985227396026
STU_015934,74.77284314147911
STU_015935,99.56136156650635
STU_015936,100.0
STU_015937,81.24146976537963
STU_015938,86.76954061255788
STU_015939,68.0946143393399
STU_015940,91.90037739641969
STU_015941,69.92707430622514
STU_015942,90.79267522047385
STU_015943,83.74917867727136
STU_015944,99.18147005400706
STU_015945,69.37452943135685
STU_015946,73.48072431667391
STU_015947,69.28287197480705
STU_015948,66.66661710122803
STU_015949,63.6605264951384
STU_015950,96.32893037318348
STU_015951,74.43225497225355
STU_015952,74.22682679820966
STU_015953,62.9796181857935
STU_015954,83.51133031099786
STU_015955,76.49303729781771
STU_015956,78.28793420421614
STU_015957,55.16676575666065
STU_015958,65.72318109704662
STU_015959,87.27480388739482
STU_015960,69.98897126437058
STU_015961,86.30043165120586
STU_015962,83.66964648884297
STU_015963,79.87053460446302
STU_015964,67.44917387842557
STU_015965,84.41713542541896
STU_015966,50.91763642398216
STU_015967,81.94013159852315
STU_015968,84.26252838420011
STU_015969,65.65280197582203
STU_015970,73.66189624329806
STU_015971,68.86853016683956
STU_015972,84.30315688441905
STU_015973,66.15219075783502
STU_015974,91.23128588141816
STU_015975,49.78651261434258
STU_015976,50.94123571741594
STU_015977,63.568968124569636
STU_015978,73.32993313376647
STU_015979,82.66695134696451
STU_015980,90.38189107875515
STU_015981,90.56146215355197
STU_015982,94.02734877224185
STU_015983,83.61629957059276
STU_015984,86.23466828173906
STU_015985,74.2288885094603
STU_015986,44.414681759931895
STU_015987,70.60346545292278
STU_015988,57.50122013109865
STU_015989,73.37375110524769
STU_015990,58.65433449969253
STU_015991,80.31920764738587
STU_015992,44.99386353744781
STU_015993,73.68030249906151
STU_015994,72.47545762294571
STU_015995,97.02907622808581
STU_015996,79.31605471625005
STU_015997,64.39085786567439
STU_015998,82.1026464424014
STU_015999,87.45121100238836
STU_016000,83.87570904156095
STU_016001,87.06777817940251
STU_016002,90.19595147913907
STU_016003,95.72419856233748
STU_016004,87.11914455642228
STU_016005,48.88370116621378
STU_016006,68.80136584357254
STU_016007,79.06628285084903
STU_016008,90.86361352551913
STU_016009,54.542325852413
STU_016010,70.29972517420087
STU_016011,88.32346914012132
STU_016012,71.90864358529228
STU_016013,66.40583087249478
STU_016014,94.84501046995771
STU_016015,48.69670968188518
STU_016016,97.03089490906113
STU_016017,78.70637555796601
STU_016018,81.14294098800633
STU_016019,73.12990926450122
STU_016020,90.99799378503295
STU_016021,100.0
STU_016022,68.75157956712059
STU_016023,100.0
STU_016024,75.99107111589737
STU_016025,92.74573500534964
STU_016026,58.887763404412084
STU_016027,62.56279880566153
STU_016028,73.98035491848408
STU_016029,76.86968993714017
STU_016030,94.93406379327917
STU_016031,91.19944157256509
STU_016032,91.69883524518531
STU_016033,88.16213991405621
STU_016034,83.68301056290613
STU_016035,68.0466921423313
STU_016036,100.0
STU_016037,78.56657889318377
STU_016038,73.5712726372478
STU_016039,74.04854431517681
STU_016040,90.42246602969485
STU_016041,91.39863449964528
STU_016042,79.81668100227861
STU_016043,85.05884715753555
STU_016044,86.61728597354812
STU_016045,85.10479727990926
STU_016046,64.76816572082375
STU_016047,87.97750453380934
STU_016048,66.61600327883619
STU_016049,74.84592227062836
STU_016050,72.55153340504138
STU_016051,78.70447980759862
STU_016052,89.88567840034327
STU_016053,80.25233883124498
STU_016054,67.1614185977304
STU_016055,79.86131968935939
STU_016056,74.09444466629621
STU_016057,74.29887046593934
STU_016058,78.58054287623122
STU_016059,75.47500524352921
STU_016060,80.63419804736857
STU_016061,53.446683281962194
STU_016062,70.03802786065256
STU_016063,79.94413001199709
STU_016064,65.8720293155071
STU_016065,76.16007598708744
STU_016066,86.24672436084899
STU_016067,63.17240517539993
STU_016068,95.93221734253291
STU_016069,79.38057733965971
STU_016070,77.52649086221756
STU_016071,70.69296758634752
STU_016072,86.9877328992072
STU_016073,76.75715124154151
STU_016074,86.64721563610456
STU_016075,96.0448085854286
STU_016076,64.23714026332355
STU_016077,67.06839150416158
STU_016078,82.2165033513431
STU_016079,85.4990778624894
STU_016080,67.70089794420308
STU_016081,65.37441182343854
STU_016082,84.5266262939632
STU_016083,96.86394665196923
STU_016084,77.29153455774785
STU_016085,49.5364677855989
STU_016086,94.21556810279412
STU_016087,75.9958279998901
STU_016088,74.80064221937707
STU_016089,85.43673674561327
STU_016090,86.1583965172886
STU_016091,61.99813018183325
STU_016092,68.20104228545593
STU_016093,74.5933961307474
STU_016094,73.94115543789363
STU_016095,77.73476306206817
STU_016096,86.11048868896
STU_016097,71.30181604038263
STU_016098,63.198305867155746
STU_016099,76.83818800117467
STU_016100,76.61027234590878
STU_016101,61.199302955966196
STU_016102,78.59106126771944
STU_016103,53.33124372575763
STU_016104,79.9404513222257
STU_016105,65.33200198359862
STU_016106,66.13603943862341
STU_016107,75.81283011309485
STU_016108,69.72231429203181
STU_016109,66.96280510531403
STU_016110,65.54868056823781
STU_016111,84.32879450734765
STU_016112,78.62654252362493
STU_016113,60.081153169033584
STU_016114,74.83608155737305
STU_016115,87.90025111127089
STU_016116,94.71103396426481
STU_016117,81.04573077471483
STU_016118,70.96396030640015
STU_016119,85.43686764921807
STU_016120,83.05740566278166
STU_016121,69.36008266783851
STU_016122,72.97497362955119
STU_016123,87.3227141121062
STU_016124,93.43799447084066
STU_016125,91.26704148493647
STU_016126,77.85363006228884
STU_016127,80.18713273918763
STU_016128,93.18041495429617
STU_016129,67.86535567566045
STU_016130,99.27939487261011
STU_016131,89.24551438254262
STU_016132,72.34602253159699
STU_016133,79.18329794641761
STU_016134,72.9525375326362
STU_016135,61.49825638495861
STU_016136,89.69265598478117
STU_016137,82.18683263349229
STU_016138,75.71696123272427
STU_016139,95.48208333893396
STU_016140,85.1255038343395
STU_016141,87.55178740652121
STU_016142,81.05957036830887
STU_016143,58.25293997771696
STU_016144,77.49184808876647
STU_016145,78.53854709732333
STU_016146,81.53187194819452
STU_016147,84.57639162801743
STU_016148,64.15580737843852
STU_016149,55.41711953292627
STU_016150,91.1957972632595
STU_016151,61.278368580669934
STU_016152,81.851452931225
STU_016153,70.51337686745556
STU_016154,79.73605843048458
STU_016155,85.05958419287879
STU_016156,63.28732867567906
STU_016157,77.619477126293
STU_016158,95.61378460769552
STU_016159,62.99366466613208
STU_016160,75.18113921587384
STU_016161,73.51302542389807
STU_016162,93.60836615827446
STU_016163,75.27061884793872
STU_016164,59.322867434099265
STU_016165,96.98725109599864
STU_016166,62.00725771854066
STU_016167,72.98027737090088
STU_016168,85.04284387457699
STU_016169,91.11890854084521
STU_016170,86.93085459249022
STU_016171,77.04178098277826
STU_016172,59.53150918788232
STU_016173,69.14666461319715
STU_016174,62.85158483816609
STU_016175,88.29317370735848
STU_016176,77.38961905704932
STU_016177,84.31087033264546
STU_016178,82.46989928694478
STU_016179,79.94578131103975
STU_016180,60.761171166728126
STU_016181,89.81757712491888
STU_016182,54.788091760068994
STU_016183,79.90584933295087
STU_016184,73.27400505282422
STU_016185,100.0
STU_016186,51.59358180793863
STU_016187,91.7337412008774
STU_016188,77.19431018927116
STU_016189,80.6283125530592
STU_016190,83.98815401318923
STU_016191,52.45777377463705
STU_016192,61.35641853290112
STU_016193,77.8912967251488
STU_016194,87.18247966428086
STU_016195,85.16033672623787
STU_016196,61.45199127151735
STU_016197,93.32053392746907
STU_016198,75.05253019779259
STU_016199,77.64477848958298
STU_016200,67.90349092482721
STU_016201,65.20363680664705
STU_016202,63.73518924186158
STU_016203,70.57125373694558
STU_016204,63.191266230933095
STU_016205,55.186516686213864
STU_016206,69.73967937538454
STU_016207,50.815668262228925
STU_016208,74.14494067339973
STU_016209,68.94005753036865
STU_016210,64.17201671903965
STU_016211,69.87219890860631
STU_016212,70.38303424426131
STU_016213,91.18071196711571
STU_016214,59.82846519273721
STU_016215,75.02996425641844
STU_016216,60.04854566985564
STU_016217,73.24673640427577
STU_016218,97.86607964127093
STU_016219,85.86861941186106
STU_016220,87.62695744639612
STU_016221,66.06766913338544
STU_016222,66.22994223017955
STU_016223,64.74408608556361
STU_016224,96.68140566653666
STU_016225,81.74464551658868
STU_016226,80.82557797712546
STU_016227,79.03291664238039
STU_016228,70.94325870737738
STU_016229,66.03034463984388
STU_016230,65.3876790303757
STU_016231,90.50963176419833
STU_016232,96.49946779836982
STU_016233,54.775845054120595
STU_016234,82.97142418105147
STU_016235,60.40824470188744
STU_016236,74.21988566223924
STU_016237,70.96985673317147
STU_016238,87.18663324293524
STU_016239,63.420715274561545
STU_016240,91.31052453284097
STU_016241,88.50831761772746
STU_016242,73.42107981877994
STU_016243,79.69862525652286
STU_016244,79.52711501362393
STU_016245,73.91236730706615
STU_016246,71.08575979424919
STU_016247,72.6274872603662
STU_016248,74.19917547360727
STU_016249,69.17698527243958
STU_016250,91.74060892352806
STU_016251,52.98536568436546
STU_016252,85.13938326738031
STU_016253,84.26993686202059
STU_016254,83.70193537738523
STU_016255,74.99085629502235
STU_016256,46.177651512246506
STU_016257,83.69332849995914
STU_016258,85.34296630396565
STU_016259,76.96969981684292
STU_016260,74.8485652597321
STU_016261,92.13485281708398
STU_016262,78.16794859960925
STU_016263,56.34151112556435
STU_016264,53.50784911575701
STU_016265,94.31244317712503
STU_016266,85.41633684697285
STU_016267,75.47435298891486
STU_016268,81.95305238909879
STU_016269,95.72806073707572
STU_016270,71.37631441601202
STU_016271,72.50688543469474
STU_016272,84.05310895858355
STU_016273,74.91501074006582
STU_016274,58.23762401510424
STU_016275,75.25235115488265
STU_016276,59.99721291857666
STU_016277,87.31638944391815
STU_016278,81.21240500363999
STU_016279,80.49544921117594
STU_016280,80.354963656276
STU_016281,79.98851417577252
STU_016282,72.26753215785378
STU_016283,67.50996413482243
STU_016284,87.84988550660547
STU_016285,63.96064646401989
STU_016286,57.860241326159354
STU_016287,79.99067827813573
STU_016288,89.84327282863522
STU_016289,80.68149988260035
STU_016290,63.97827614091278
STU_016291,77.76611953850059
STU_016292,75.58898214069035
STU_016293,80.20984021878265
STU_016294,70.66532957825568
STU_016295,86.27061641494825
STU_016296,73.19319296281364
STU_016297,83.47279858896519
STU_016298,52.02405533655099
STU_016299,67.03718171763336
STU_016300,66.45082544079827
STU_016301,58.36342612698771
STU_016302,70.56958997222573
STU_016303,75.2594346192939
STU_016304,80.49471506216756
STU_016305,89.34081492755301
STU_016306,81.7338586905341
STU_016307,70.30062428347279
STU_016308,65.30086593718553
STU_016309,90.16962771969958
STU_016310,79.73128462925438
STU_016311,61.918158719458916
STU_016312,63.67600147042292
STU_016313,97.80857811437801
STU_016314,87.1394270539802
STU_016315,63.46540088494194
STU_016316,92.74991823136092
STU_016317,83.14924200017242
STU_016318,72.68489274327477
STU_016319,67.83108259875647
STU_016320,57.51774650503139
STU_016321,65.55734280153602
STU_016322,93.48175220764615
STU_016323,71.0585842428179
STU_016324,51.29040375684152
STU_016325,76.25820464493353
STU_016326,73.96037665798106
STU_016327,84.57936408226445
STU_016328,73.4093919084484
STU_016329,68.79911632405255
STU_016330,69.10153831374205
STU_016331,78.27406627214758
STU_016332,84.08608325507429
STU_016333,87.60815172048231
STU_016334,61.1338872039158
STU_016335,75.83003200336582
STU_016336,62.714260201928795
STU_016337,65.2309053664595
STU_016338,74.85588852286658
STU_016339,81.24634223087779
STU_016340,86.94633142990426
STU_016341,78.53440750838894
STU_016342,75.27167688682083
STU_016343,73.71676293582937
STU_016344,86.30745561499927
STU_016345,86.76627701244789
STU_016346,77.64878119082802
STU_016347,52.784550167051044
STU_016348,69.98323423700619
STU_016349,85.58647539859322
STU_016350,63.88000793643107
STU_016351,72.35338285135275
STU_016352,74.54713722047937
STU_016353,73.1907980185837
STU_016354,48.83186569059312
STU_016355,75.57319487056931
STU_016356,74.14584386181272
STU_016357,66.87061620182793
STU_016358,78.35161941416287
STU_016359,87.00495215250186
STU_016360,78.07277742705007
STU_016361,76.56069051081882
STU_016362,77.34855537450557
STU_016363,69.14679903893797
STU_016364,70.04561251740549
STU_016365,79.41267389222861
STU_016366,70.26506854834821
STU_016367,77.0738543551495
STU_016368,56.14128197098375
STU_016369,67.17473100034263
STU_016370,41.66648534085172
STU_016371,62.83788075370141
STU_016372,88.97015201484022
STU_016373,84.02996374924332
STU_016374,71.38059271491515
STU_016375,77.02026662770044
STU_016376,86.55592878273312
STU_016377,58.93169140689588
STU_016378,84.33286698458468
STU_016379,65.95450090765381
STU_016380,88.57153494640696
STU_016381,64.33373170738196
STU_016382,76.68471153241578
STU_016383,59.078667573688
STU_016384,90.12059262989838
STU_016385,91.24443382093247
STU_016386,73.90365195427742
STU_016387,69.14537224397189
STU_016388,62.47769778872009
STU_016389,75.5651614228071
STU_016390,79.77509474690808
STU_016391,100.0
STU_016392,85.659984979815
STU_016393,76.31494148364665
STU_016394,96.16929017211501
STU_016395,61.66483425082269
STU_016396,88.06214855315395
STU_016397,68.30243157462611
STU_016398,65.21012556660233
STU_016399,68.77016610742302
STU_016400,87.22360613828599
STU_016401,74.68454318561083
STU_016402,93.73739735671721
STU_016403,64.24313186721534
STU_016404,70.4546538756332
STU_016405,67.932073296782
STU_016406,68.32065819022729
STU_016407,92.53118038565064
STU_016408,87.91557449702876
STU_016409,54.338643734239106
STU_016410,61.64547245841834
STU_016411,56.78938603789412
STU_016412,50.60610895553742
STU_016413,72.8606591174723
STU_016414,85.69584341666777
STU_016415,84.67151662805799
STU_016416,79.59346537062513
STU_016417,76.12234024342531
STU_016418,100.0
STU_016419,75.96951634664103
STU_016420,66.21624886381362
STU_016421,62.23456565152437
STU_016422,61.31462862281993
STU_016423,96.99342952706874
STU_016424,71.82252179355713
STU_016425,79.66113104378437
STU_016426,76.43357109407843
STU_016427,79.08132295911298
STU_016428,96.30834617890062
STU_016429,76.85481073028767
STU_016430,86.46842862708738
STU_016431,92.79430463349476
STU_016432,51.58098855683819
STU_016433,63.26511823526321
STU_016434,60.11353931948935
STU_016435,80.3410496831003
STU_016436,95.23355277154312
STU_016437,77.41353396832568
STU_016438,78.77988385214752
STU_016439,75.11401046954106
STU_016440,65.4290132266703
STU_016441,90.55164229385203
STU_016442,92.06581967016356
STU_016443,74.1386502548407
STU_016444,77.93463322963873
STU_016445,80.03310773353098
STU_016446,69.17367427341124
STU_016447,62.67539860975425
STU_016448,72.07329449682763
STU_016449,79.13579620477572
STU_016450,69.2477078957593
STU_016451,86.07146817262422
STU_016452,85.21331204862214
STU_016453,67.61848078739204
STU_016454,67.03205167020106
STU_016455,49.5532263173828
STU_016456,71.0546606971083
STU_016457,91.12040000510467
STU_016458,79.13431770026
STU_016459,78.57499837164481
STU_016460,78.0237129481252
STU_016461,55.8299383978632
STU_016462,85.93528061510239
STU_016463,76.15295024912432
STU_016464,78.91268382835196
STU_016465,81.38793310935962
STU_016466,72.84369290021289
STU_016467,78.20408806472891
STU_016468,65.10309941680934
STU_016469,54.19017298997048
STU_016470,73.56804920281645
STU_016471,57.790349859608725
STU_016472,73.21011290606367
STU_016473,74.40886241502817
STU_016474,69.19774910358474
STU_016475,98.51275175874417
STU_016476,91.09324884678989
STU_016477,92.23932847742213
STU_016478,86.92786229251004
STU_016479,63.49483551941101
STU_016480,72.0466035811567
STU_016481,76.92062197785759
STU_016482,66.08825177291023
STU_016483,85.25525366799025
STU_016484,66.56951028134485
STU_016485,75.94870675986252
STU_016486,87.59360849254723
STU_016487,70.60230046408579
STU_016488,81.35454105224011
STU_016489,90.01186619698584
STU_016490,67.8930111446322
STU_016491,87.1651550674762
STU_016492,90.52807199751234
STU_016493,87.99522870874443
STU_016494,75.76445597294193
STU_016495,50.094758448120864
STU_016496,84.91773051485757
STU_016497,46.139497906164124
STU_016498,63.56984653183424
STU_016499,74.7259334633876
STU_016500,71.01254278320866
STU_016501,73.39186493370951
STU_016502,78.6537804230976
STU_016503,60.0443446334811
STU_016504,76.88630122827821
STU_016505,94.01843970008048
STU_016506,75.38461209117612
STU_016507,67.06173033130115
STU_016508,89.37407335295997
STU_016509,39.71214987620445
STU_016510,73.28007425313554
STU_016511,67.25824919116221
STU_016512,68.9551366760576
STU_016513,56.28529774858047
STU_016514,89.93767131789433
STU_016515,62.30951949823781
STU_016516,61.39425045641768
STU_016517,76.1425134112735
STU_016518,82.21736951390245
STU_016519,83.89636489660468
STU_016520,61.038985736426795
STU_016521,98.29726750013201
STU_016522,54.9424849044533
STU_016523,71.18271890931834
STU_016524,71.8784859921614
STU_016525,45.65419692501473
STU_016526,100.0
STU_016527,58.99522079606798
STU_016528,71.69679166102372
STU_016529,72.68415838831389
STU_016530,81.25537308874488
STU_016531,94.31657927094648
STU_016532,99.91875935175726
STU_016533,79.19153908135667
STU_016534,89.25790501792177
STU_016535,67.06320778734072
STU_016536,82.80951379401102
STU_016537,81.94966019669384
STU_016538,57.89269400787654
STU_016539,78.3643816137753
STU_016540,79.22710659198646
STU_016541,99.51437488354213
STU_016542,61.47417394493312
STU_016543,63.12146682757671
STU_016544,86.00035778996862
STU_016545,90.07852778312031
STU_016546,70.50063360416644
STU_016547,100.0
STU_016548,97.0792899195638
STU_016549,86.90692818301798
STU_016550,68.0250410143879
STU_016551,81.54570386849102
STU_016552,85.6925141169927
STU_016553,69.40555339145334
STU_016554,87.60745721531777
STU_016555,70.38351805718166
STU_016556,76.69906660719803
STU_016557,71.0897178887654
STU_016558,72.69813980830973
STU_016559,80.02491845068343
STU_016560,65.03166847639379
STU_016561,83.05956246746322
STU_016562,78.97060517666877
STU_016563,75.71538945060587
STU_016564,69.66966984180134
STU_016565,77.17469452794073
STU_016566,86.73743362611518
STU_016567,69.59665145155954
STU_016568,73.28236027196795
STU_016569,56.75244270244228
STU_016570,69.40488765454562
STU_016571,91.5571321462262
STU_016572,59.22716694506157
STU_016573,56.32204592097489
STU_016574,97.1948719322103
STU_016575,67.31327947842804
STU_016576,81.16627451816407
STU_016577,89.09028521893569
STU_016578,86.20364660184437
STU_016579,88.39370808711882
STU_016580,84.32257400643698
STU_016581,95.29534563844757
STU_016582,66.32339257780083
STU_016583,85.379642480068
STU_016584,95.4174862516461
STU_016585,89.145243718433
STU_016586,78.0324782440111
STU_016587,76.0771898757502
STU_016588,73.04806715234538
STU_016589,69.45417095814629
STU_016590,76.80347321371946
STU_016591,54.87455113680854
STU_016592,78.05143586797742
STU_016593,81.2560736386399
STU_016594,44.210532008710835
STU_016595,72.12509841445805
STU_016596,87.87945034248213
STU_016597,56.24087171596901
STU_016598,83.00586706715863
STU_016599,48.60304731260679
STU_016600,51.42531692877074
STU_016601,75.77295464137386
STU_016602,58.824121551989734
STU_016603,52.239843030854644
STU_016604,80.16674071842301
STU_016605,92.86714308964477
STU_016606,69.87837087126306
STU_016607,41.573803850008176
STU_016608,85.92843317769903
STU_016609,76.51263797810154
STU_016610,84.07920088781776
STU_016611,62.687446442053336
STU_016612,94.86085986665583
STU_016613,79.32798082385041
STU_016614,71.63812068185086
STU_016615,95.3272998108859
STU_016616,83.7069881039121
STU_016617,87.8888120828571
STU_016618,76.30858834389906
STU_016619,92.87125669757236
STU_016620,58.27532767174773
STU_016621,80.90180405644233
STU_016622,76.39813683394918
STU_016623,76.19870213227097
STU_016624,94.08150054197048
STU_016625,82.7259334668575
STU_016626,59.63815276681785
STU_016627,97.13186109250066
STU_016628,88.42765702265501
STU_016629,55.930188748665856
STU_016630,70.28951032204733
STU_016631,67.99465331094487
STU_016632,63.07871852262523
STU_016633,73.49858451297966
STU_016634,64.85254645607752
STU_016635,89.75469096607672
STU_016636,83.30081911555476
STU_016637,66.46443111863377
STU_016638,68.97923508090717
STU_016639,60.95274088261175
STU_016640,99.91272054270024
STU_016641,81.02122760207195
STU_016642,59.057346498615956
STU_016643,69.8973833496361
STU_016644,75.67910031757108
STU_016645,82.34078810804931
STU_016646,82.09981397990205
STU_016647,69.91064369872474
STU_016648,79.16861784088618
STU_016649,83.71482487249324
STU_016650,89.29591710811715
STU_016651,82.02726101496897
STU_016652,87.43061674132741
STU_016653,79.02877038084907
STU_016654,91.98133715851961
STU_016655,72.20003316896175
STU_016656,82.17616935893105
STU_016657,81.64254864545994
STU_016658,91.79891490771715
STU_016659,79.45681138521456
STU_016660,91.01229221396032
STU_016661,67.90038476767188
STU_016662,67.46794942880524
STU_016663,84.54955201859714
STU_016664,69.34043853906792
STU_016665,79.01260664068917
STU_016666,71.41335364305212
STU_016667,69.33786740595131
STU_016668,93.67929917795
STU_016669,70.10059934195188
STU_016670,83.16753407989728
STU_016671,95.78429959329527
STU_016672,85.15910672588836
STU_016673,66.56577805295393
STU_016674,79.95127125364728
STU_016675,69.14503414931178
STU_016676,100.0
STU_016677,92.14786212443349
STU_016678,89.30677523264299
STU_016679,92.38697803410723
STU_016680,61.27705472741034
STU_016681,94.18927320975342
STU_016682,85.65268209440003
STU_016683,73.73242092929698
STU_016684,67.3746712222463
STU_016685,75.44311637230794
STU_016686,73.12988184098049
STU_016687,95.44949399854885
STU_016688,60.692973408609966
STU_016689,72.94702378327669
STU_016690,59.87196830125943
STU_016691,81.19465205983386
STU_016692,77.61169782551981
STU_016693,65.64901567598721
STU_016694,85.3690671505887
STU_016695,79.07931068928224
STU_016696,78.49597153340062
STU_016697,71.94773476848916
STU_016698,83.20186897541973
STU_016699,63.13826578545798
STU_016700,76.40766835053358
STU_016701,77.07539942662501
STU_016702,81.14325508442742
STU_016703,89.09566223481951
STU_016704,83.36865243118352
STU_016705,84.9314566977736
STU_016706,73.76457568039048
STU_016707,80.4210961144296
STU_016708,88.31628561159721
STU_016709,45.75859032271413
STU_016710,77.39897203946352
STU_016711,63.63808957996208
STU_016712,49.61087986097106
STU_016713,91.42650827322558
STU_016714,93.58596354867475
STU_016715,66.96846004627662
STU_016716,68.77720891115328
STU_016717,88.15621456359194
STU_016718,53.66341669342737
STU_016719,90.49616656949941
STU_016720,93.6197226739228
STU_016721,78.94306360694955
STU_016722,77.87446764179786
STU_016723,74.20783778544633
STU_016724,76.9362016013106
STU_016725,70.76823173572313
STU_016726,58.28667448292521
STU_016727,71.82365834492145
STU_016728,56.523431298150356
STU_016729,81.01687753394236
STU_016730,82.76965030095701
STU_016731,65.81732867055555
STU_016732,84.95679896078965
STU_016733,86.07101251384425
STU_016734,60.582392116069364
STU_016735,79.92971042360797
STU_016736,58.76688765496616
STU_016737,70.51250216961328
STU_016738,73.43443600043814
STU_016739,82.4108435761871
STU_016740,72.43300283425857
STU_016741,80.45637274724632
STU_016742,92.77361144618251
STU_016743,76.18521321438331
STU_016744,57.66324437433835
STU_016745,66.97042934091249
STU_016746,56.108446143123956
STU_016747,82.96263523595606
STU_016748,79.29866622760221
STU_016749,55.66625507843119
STU_016750,88.33236068986051
STU_016751,86.44338795981287
STU_016752,57.71472644452893
STU_016753,76.79109682208926
STU_016754,100.0
STU_016755,75.36743299690706
STU_016756,77.86322319340474
STU_016757,85.74853387604003
STU_016758,58.1086586465703
STU_016759,98.61652736411426
STU_016760,71.89698349840586
STU_016761,79.35474867799857
STU_016762,76.61837647383021
STU_016763,82.11520574385843
STU_016764,68.10447528558024
STU_016765,85.48638215007172
STU_016766,90.03466546057415
STU_016767,84.6952887176715
STU_016768,86.96754575270303
STU_016769,50.344237582038375
STU_016770,56.87716572179253
STU_016771,62.36767586690004
STU_016772,93.1639992886395
STU_016773,71.90082373198248
STU_016774,78.19720096819987
STU_016775,71.22879103721756
STU_016776,93.43464057760073
STU_016777,52.82563880015228
STU_016778,77.75418193763048
STU_016779,72.84188503713709
STU_016780,80.94486724957144
STU_016781,49.63515552667924
STU_016782,82.34341563465475
STU_016783,72.34849861023366
STU_016784,97.90714357482305
STU_016785,92.36528239510531
STU_016786,71.84279852741133
STU_016787,67.17304531462437
STU_016788,92.25506224149457
STU_016789,76.54903788386352
STU_016790,83.27984246254552
STU_016791,66.76735141148596
STU_016792,71.30534312649463
STU_016793,81.3254345331936
STU_016794,80.41155730920943
STU_016795,76.95029385885546
STU_016796,86.81669011552822
STU_016797,67.01667975709462
STU_016798,72.5211471462662
STU_016799,89.19769328953262
STU_016800,64.56193208263173
STU_016801,59.869210164788
STU_016802,66.20848148710283
STU_016803,88.56613232426507
STU_016804,89.51259151637913
STU_016805,55.65089573122382
STU_016806,78.5160998196409
STU_016807,78.92056352027619
STU_016808,86.93264349686316
STU_016809,81.60260997851651
STU_016810,48.72598013947626
STU_016811,73.95831088799825
STU_016812,70.16779860784906
STU_016813,74.53724451570615
STU_016814,89.94134240033293
STU_016815,66.55788217099587
STU_016816,68.3184375859025
STU_016817,97.48234565864496
STU_016818,55.688820357164985
STU_016819,88.62642760363127
STU_016820,77.90529787549777
STU_016821,80.70875418652156
STU_016822,74.39363178943331
STU_016823,100.0
STU_016824,81.17386230406736
STU_016825,81.26853230819421
STU_016826,72.22760421629809
STU_016827,79.05746136189153
STU_016828,72.27625985310117
STU_016829,77.56936550158792
STU_016830,76.93526802890405
STU_016831,85.71466860655224
STU_016832,68.01594285983522
STU_016833,61.5749680102171
STU_016834,82.7905091379117
STU_016835,78.28691125296574
STU_016836,84.23118874392382
STU_016837,98.29031933776012
STU_016838,91.83671039278134
STU_016839,68.33651138137152
STU_016840,81.95776874939577
STU_016841,93.0937889332065
STU_016842,73.78506411391216
STU_016843,70.27278561202418
STU_016844,85.15199428074096
STU_016845,71.28389950524013
STU_016846,69.62198135845368
STU_016847,77.36012311146439
STU_016848,60.23446143978039
STU_016849,70.84313871206189
STU_016850,75.24225173057145
STU_016851,69.6156146206195
STU_016852,87.40509922870814
STU_016853,84.43926153093665
STU_016854,85.38000935906962
STU_016855,76.92136854243812
STU_016856,94.71162364797004
STU_016857,69.6345363508827
STU_016858,56.618119758599505
STU_016859,100.0
STU_016860,98.76206758433756
STU_016861,80.9378955606295
STU_016862,93.12938391618606
STU_016863,97.44692663456645
STU_016864,53.65425093283903
STU_016865,85.81641803181137
STU_016866,69.95965629921776
STU_016867,90.09956999498397
STU_016868,74.7358883791812
STU_016869,89.20059546048155
STU_016870,66.4686622910968
STU_016871,62.156254813044846
STU_016872,79.25470270555164
STU_016873,93.64985102221493
STU_016874,72.08344648392612
STU_016875,85.06913653703864
STU_016876,59.50434647775768
STU_016877,100.0
STU_016878,62.96186004372835
STU_016879,92.51736527760036
STU_016880,88.73837799480678
STU_016881,68.14002854372413
STU_016882,75.63969536951899
STU_016883,89.2117204692791
STU_016884,71.62063933005044
STU_016885,92.80255024857598
STU_016886,83.79269346757985
STU_016887,68.53591765235882
STU_016888,85.99833004460491
STU_016889,74.06658701865005
STU_016890,71.49488736451104
STU_016891,67.26905136112819
STU_016892,82.1367104941003
STU_016893,63.42676834758521
STU_016894,82.58008502400276
STU_016895,69.094607082418
STU_016896,64.52069563024999
STU_016897,55.55966787348794
STU_016898,97.87817304939844
STU_016899,82.32957079236981
STU_016900,94.17960737911115
STU_016901,75.04100380722085
STU_016902,92.03251859616276
STU_016903,77.9459767786102
STU_016904,89.82396837118803
STU_016905,82.42960333529203
STU_016906,73.24276127927762
STU_016907,86.58250616979052
STU_016908,67.43425842345549
STU_016909,89.21785561371013
STU_016910,76.50806257444495
STU_016911,71.31697979253596
STU_016912,70.74282419657798
STU_016913,57.23272758503725
STU_016914,89.56877534200117
STU_016915,88.4401075959922
STU_016916,76.93321589623785
STU_016917,80.67520533826135
STU_016918,51.56361078671089
STU_016919,70.80927987651029
STU_016920,72.561599548368
STU_016921,73.85417459942018
STU_016922,70.61499407154623
STU_016923,88.42764415020143
STU_016924,54.41396046655834
STU_016925,81.76627102976292
STU_016926,71.97988218787322
STU_016927,60.39053406090374
STU_016928,72.97389207664496
STU_016929,66.84174820770929
STU_016930,90.2208803608785
STU_016931,48.861109658091806
STU_016932,83.00701775481389
STU_016933,88.706946442615
STU_016934,62.5504709802496
STU_016935,74.59711891982198
STU_016936,59.775744633295574
STU_016937,68.87488103710633
STU_016938,90.81967578651032
STU_016939,92.96624179791866
STU_016940,86.8290738336179
STU_016941,63.44004051741382
STU_016942,77.3496782561458
STU_016943,76.51043318383637
STU_016944,79.50318981117731
STU_016945,90.70905331059075
STU_016946,81.26291913807498
STU_016947,73.70889960622979
STU_016948,72.62175781435721
STU_016949,61.02578364193006
STU_016950,69.7454376300452
STU_016951,96.22168644494063
STU_016952,60.86381133768798
STU_016953,65.357097047364
STU_016954,70.79916447212473
STU_016955,85.85678973277086
STU_016956,90.03006097103322
STU_016957,65.87727453541731
STU_016958,75.75643090441567
STU_016959,96.06975757284411
STU_016960,83.43119389631602
STU_016961,66.17043272099747
STU_016962,74.64430016781964
STU_016963,94.01588369425284
STU_016964,91.23774770550891
STU_016965,89.97181757790389
STU_016966,77.57267627783185
STU_016967,89.2069292377976
STU_016968,95.4418462787146
STU_016969,62.87816760560551
STU_016970,75.91364457460247
STU_016971,62.235827988370275
STU_016972,95.55751606818419
STU_016973,70.92283709027812
STU_016974,76.34193510696856
STU_016975,63.36844778734401
STU_016976,72.23572195203818
STU_016977,85.95863215093524
STU_016978,66.275656553881
STU_016979,55.326807537425374
STU_016980,83.84674962288537
STU_016981,63.41222687241009
STU_016982,76.91237451574422
STU_016983,68.72525269711039
STU_016984,66.38175550142222
STU_016985,100.0
STU_016986,87.8979528818042
STU_016987,82.55150754971913
STU_016988,72.19846553743328
STU_016989,88.711526011992
STU_016990,76.89171562702862
STU_016991,63.46433395749996
STU_016992,81.93442991108279
STU_016993,79.94973064412036
STU_016994,66.23790668628557
STU_016995,64.48856171604898
STU_016996,92.4105163988056
STU_016997,83.27582472279883
STU_016998,91.8384950604792
STU_016999,98.14097806226275
STU_017000,86.94275915121662
STU_017001,86.53261899323215
STU_017002,96.52174226467883
STU_017003,95.70872975131837
STU_017004,68.10816308170037
STU_017005,79.6041219122817
STU_017006,82.0436628174036
STU_017007,69.10884908011236
STU_017008,76.9277375372358
STU_017009,83.05224450651866
STU_017010,76.68881816521763
STU_017011,57.90921399188677
STU_017012,55.75575422587561
STU_017013,96.92749866246896
STU_017014,77.08337415592787
STU_017015,80.43373945713273
STU_017016,88.95310219762925
STU_017017,65.84244757648972
STU_017018,75.38656121172617
STU_017019,56.40999498076194
STU_017020,70.65438021705752
STU_017021,82.14505113432132
STU_017022,72.73201130520624
STU_017023,59.2310848557817
STU_017024,56.76811683927312
STU_017025,62.649096680609176
STU_017026,80.09953094997252
STU_017027,82.30087496559787
STU_017028,72.28673177554005
STU_017029,88.0497962516731
STU_017030,91.20684905750501
STU_017031,56.32562667803818
STU_017032,92.66116400903283
STU_017033,85.57644038515596
STU_017034,75.62370007860959
STU_017035,73.30333663763984
STU_017036,86.60887102912753
STU_017037,94.15779276179242
STU_017038,96.8724604526352
STU_017039,88.13876183544663
STU_017040,99.4470012719035
STU_017041,60.35754859837693
STU_017042,84.31060171251005
STU_017043,74.72172647206061
STU_017044,95.3898052762882
STU_017045,85.27863596408423
STU_017046,82.50060259967977
STU_017047,94.47304739271729
STU_017048,69.51130319561365
STU_017049,85.78085314479674
STU_017050,68.62977214125675
STU_017051,78.38897976216376
STU_017052,93.19508922824168
STU_017053,80.71043114294261
STU_017054,89.66757563889976
STU_017055,83.93685744279065
STU_017056,80.31034401456073
STU_017057,95.2009459017199
STU_017058,79.877966066526
STU_017059,63.407042802508066
STU_017060,68.56540907069136
STU_017061,91.87359674428586
STU_017062,61.09666755533085
STU_017063,77.31671313668632
STU_017064,67.14628295609711
STU_017065,91.67858578464174
STU_017066,64.13577182827409
STU_017067,91.95737719083539
STU_017068,67.33094233118281
STU_017069,81.54555352920764
STU_017070,81.63156530704632
STU_017071,76.2456258691425
STU_017072,71.13624918694174
STU_017073,92.06196433402758
STU_017074,84.67412573647383
STU_017075,91.08171241959403
STU_017076,52.77664233418237
STU_017077,88.00894097335416
STU_017078,65.18094430813836
STU_017079,63.001731669534394
STU_017080,54.04936738294194
STU_017081,70.5926558593774
STU_017082,85.44869545643371
STU_017083,66.87930254303751
STU_017084,50.24932197831642
STU_017085,61.848528203261466
STU_017086,91.03606415378133
STU_017087,72.13689080662638
STU_017088,88.97823051261435
STU_017089,64.93842725210415
STU_017090,89.29258189365606
STU_017091,68.42448232792206
STU_017092,81.93406194761108
STU_017093,51.467603893810384
STU_017094,81.83046239216769
STU_017095,52.344125977446744
STU_017096,62.373874628511885
STU_017097,62.79681658054115
STU_017098,48.344287282262016
STU_017099,76.53366791551629
STU_017100,81.70214960234838
STU_017101,78.58770078051724
STU_017102,82.76130548643083
STU_017103,79.27069046080233
STU_017104,87.68194350194676
STU_017105,70.16563887042008
STU_017106,65.0118708892566
STU_017107,51.21227126845374
STU_017108,81.59564214569315
STU_017109,71.24541857877435
STU_017110,69.86020179895579
STU_017111,83.53111930213831
STU_017112,87.75346994263847
STU_017113,63.42895150385709
STU_017114,76.10937284390819
STU_017115,80.77144164260594
STU_017116,96.1398943506228
STU_017117,51.58084714801913
STU_017118,84.55599473693579
STU_017119,84.87532193849242
STU_017120,89.62228811004778
STU_017121,72.94028523812456
STU_017122,97.43992385229737
STU_017123,72.05432570865301
STU_017124,74.760220142227
STU_017125,72.21621390592807
STU_017126,82.3813049373703
STU_017127,61.907546955554295
STU_017128,74.20431357275575
STU_017129,61.613632080653716
STU_017130,74.5940624299382
STU_017131,70.62324793640568
STU_017132,75.02164082097218
STU_017133,76.92134667423154
STU_017134,93.44882399402108
STU_017135,60.959046827725984
STU_017136,85.50810617572259
STU_017137,63.43717419027579
STU_017138,78.0553918259163
STU_017139,91.20307876330719
STU_017140,77.8190584506538
STU_017141,86.5761324007075
STU_017142,93.29568993207593
STU_017143,53.72026666803413
STU_017144,93.70196002613096
STU_017145,89.51160434083414
STU_017146,94.62192992449795
STU_017147,100.0
STU_017148,74.32433987357517
STU_017149,74.18572627800926
STU_017150,59.28598711828719
STU_017151,75.24433880911508
STU_017152,74.20276993970533
STU_017153,76.85857057587273
STU_017154,77.38995692378012
STU_017155,56.36419222411176
STU_017156,56.64333306131305
STU_017157,77.27326141574171
STU_017158,85.32058590050326
STU_017159,61.204843684711626
STU_017160,59.21561813148987
STU_017161,77.77155632306196
STU_017162,77.30458077359951
STU_017163,77.90495518846429
STU_017164,91.33276967510322
STU_017165,66.52133744788264
STU_017166,74.30900219596609
STU_017167,66.0286203859971
STU_017168,78.4856780494003
STU_017169,86.27668642011781
STU_017170,86.69571612721745
STU_017171,93.00690227132375
STU_017172,74.54405380636064
STU_017173,55.805647861395414
STU_017174,63.31061985656042
STU_017175,99.66719699336224
STU_017176,80.71252576590999
STU_017177,73.12981335029306
STU_017178,85.90377817683519
STU_017179,82.98126344265714
STU_017180,73.71610436977303
STU_017181,84.91745016375957
STU_017182,68.3463641481792
STU_017183,96.51075195961775
STU_017184,86.35334091421748
STU_017185,94.0845202811697
STU_017186,65.52527589572617
STU_017187,85.34926448474326
STU_017188,76.66195076179218
STU_017189,54.6256748645453
STU_017190,85.95367950114047
STU_017191,69.62231690608905
STU_017192,65.05777489623216
STU_017193,54.54021823758059
STU_017194,85.87469365359016
STU_017195,68.29507592900464
STU_017196,82.52919188442976
STU_017197,78.15340648992776
STU_017198,74.42518179610094
STU_017199,73.54128184741994
STU_017200,66.65503027734758
STU_017201,69.9588726546239
STU_017202,88.99009038570166
STU_017203,77.90252405215334
STU_017204,66.1161670284467
STU_017205,87.8358999017961
STU_017206,76.77517818021029
STU_017207,92.05444840638216
STU_017208,62.51961876160081
STU_017209,59.78533427723903
STU_017210,36.82248442938855
STU_017211,88.88534511084386
STU_017212,90.89043501023775
STU_017213,92.18226628299054
STU_017214,84.26229121073723
STU_017215,64.52115086391146
STU_017216,55.0688786029842
STU_017217,100.0
STU_017218,74.06536815738129
STU_017219,93.43541297234421
STU_017220,75.93577537153188
STU_017221,72.01046314810748
STU_017222,66.70124023261498
STU_017223,73.00496880412082
STU_017224,85.10021441144183
STU_017225,90.07949236349293
STU_017226,79.74187193840126
STU_017227,71.25650779608351
STU_017228,86.0667221958266
STU_017229,70.07994378029746
STU_017230,91.6244341647487
STU_017231,65.04106917528071
STU_017232,71.1521634917892
STU_017233,75.22091959576221
STU_017234,88.24348810675008
STU_017235,78.08653574045753
STU_017236,63.10670900881114
STU_017237,91.68919435843858
STU_017238,82.04927084161761
STU_017239,52.932857066109335
STU_017240,92.57003535600421
STU_017241,72.74394370025081
STU_017242,46.71638745067148
STU_017243,82.14684236812542
STU_017244,73.76611019212618
STU_017245,90.24286324382831
STU_017246,84.60953827677716
STU_017247,57.3908246730833
STU_017248,66.46535236936174
STU_017249,65.22639341269749
STU_017250,59.326463867350476
STU_017251,88.2903138974638
STU_017252,57.547686543901534
STU_017253,87.35477308181761
STU_017254,47.70707257161315
STU_017255,56.71855253531113
STU_017256,48.77624775493125
STU_017257,81.33242223465385
STU_017258,77.63773425720159
STU_017259,69.66698997394093
STU_017260,70.93352086163006
STU_017261,57.174951247695404
STU_017262,73.50397023084962
STU_017263,81.17594083331272
STU_017264,69.31090787444587
STU_017265,91.63493894620248
STU_017266,54.34066237798637
STU_017267,70.09550109239841
STU_017268,75.02370521945616
STU_017269,69.48411557816394
STU_017270,83.03202653434974
STU_017271,81.02704937680608
STU_017272,58.830090866597935
STU_017273,86.40158763092828
STU_017274,86.43158678673318
STU_017275,65.93802378233322
STU_017276,55.71010844345531
STU_017277,78.15848385761502
STU_017278,91.58453917878913
STU_017279,73.2450029566754
STU_017280,81.4131700105562
STU_017281,69.71411146115186
STU_017282,77.66746835234288
STU_017283,81.80606510673209
STU_017284,85.93805282347088
STU_017285,85.03090178903864
STU_017286,75.50545693624116
STU_017287,64.59810783696952
STU_017288,62.00238349157077
STU_017289,76.08984954982775
STU_017290,85.31937943787786
STU_017291,84.71280591122988
STU_017292,66.2999131143205
STU_017293,71.31021086956348
STU_017294,63.182980473256976
STU_017295,75.00515612568043
STU_017296,76.45010290962287
STU_017297,96.83602747604948
STU_017298,69.0047581825687
STU_017299,74.94297479035991
STU_017300,58.702097426156726
STU_017301,59.96472136723674
STU_017302,72.64451714129396
STU_017303,90.70235851717128
STU_017304,86.95135639283987
STU_017305,75.30367596228552
STU_017306,81.32415032324354
STU_017307,95.75659964051059
STU_017308,91.79374918120928
STU_017309,91.04011036683463
STU_017310,66.67841077019865
STU_017311,78.66588480393465
STU_017312,67.59722656461697
STU_017313,93.28741717693735
STU_017314,79.64372486951724
STU_017315,86.51326204407715
STU_017316,72.32280695535627
STU_017317,85.73322520370587
STU_017318,41.205057512025384
STU_017319,67.100566930744
STU_017320,91.99865056579499
STU_017321,81.53502470034897
STU_017322,78.58555795035687
STU_017323,80.03196616255325
STU_017324,86.78818531856659
STU_017325,85.59197117874646
STU_017326,70.65612086897542
STU_017327,86.18407233240833
STU_017328,77.94424481465089
STU_017329,44.115699916829286
STU_017330,89.70894873113077
STU_017331,78.14497347013467
STU_017332,71.10825382822726
STU_017333,68.40761063918859
STU_017334,81.66058354487913
STU_017335,85.97784770304223
STU_017336,65.93830444103385
STU_017337,81.38271946507687
STU_017338,81.64356892322378
STU_017339,98.38464376351935
STU_017340,82.26354320972892
STU_017341,88.02220325460573
STU_017342,64.20599423404839
STU_017343,84.4440142813863
STU_017344,63.59712539441955
STU_017345,72.86716844307203
STU_017346,60.72423727124061
STU_017347,91.87845901799366
STU_017348,75.21795833192719
STU_017349,83.6247867980595
STU_017350,56.96769826473796
STU_017351,61.51325081667991
STU_017352,61.757441258135515
STU_017353,56.26327636884602
STU_017354,85.31221156340594
STU_017355,61.797952689454206
STU_017356,70.63881007766466
STU_017357,65.13414513589706
STU_017358,63.51278861912715
STU_017359,88.7015375814583
STU_017360,97.48566059146702
STU_017361,94.59586489349155
STU_017362,66.10042415636777
STU_017363,87.9584862904626
STU_017364,91.10481700527995
STU_017365,85.36707756067804
STU_017366,82.43195472039287
STU_017367,100.0
STU_017368,60.2081998430435
STU_017369,52.05957582100235
STU_017370,87.16908938105757
STU_017371,80.58726530782792
STU_017372,86.03230324571959
STU_017373,63.39905858356066
STU_017374,49.405020787233816
STU_017375,88.10743156490972
STU_017376,73.69357045270046
STU_017377,67.87857953651564
STU_017378,75.7660544563866
STU_017379,63.45303170599955
STU_017380,65.63724680067196
STU_017381,61.65548603294761
STU_017382,88.05016486986408
STU_017383,77.13378317452914
STU_017384,70.46743883527536
STU_017385,64.53518418894102
STU_017386,74.13432588540354
STU_017387,85.75515351891721
STU_017388,67.51670161531334
STU_017389,82.95946736232807
STU_017390,74.29782407679434
STU_017391,72.82705472630008
STU_017392,68.56664914293798
STU_017393,63.012697672078865
STU_017394,69.54496704985431
STU_017395,58.40987232613255
STU_017396,82.08831634281871
STU_017397,78.60533747149815
STU_017398,82.36516632169081
STU_017399,84.76654945692643
STU_017400,48.14035727547405
STU_017401,42.81108569547969
STU_017402,94.56393274960284
STU_017403,59.79118471102141
STU_017404,69.96572387447856
STU_017405,65.63936309589118
STU_017406,66.40830929440048
STU_017407,66.8979051536135
STU_017408,79.87040059826502
STU_017409,81.88213705301547
STU_017410,77.68975041659793
STU_017411,59.88727048378048
STU_017412,81.45745129427175
STU_017413,85.32297792944613
STU_017414,78.04684797530527
STU_017415,55.46212348205468
STU_017416,66.01127536701023
STU_017417,78.02962736543611
STU_017418,88.92925627745777
STU_017419,68.31996102488247
STU_017420,79.70476257949721
STU_017421,75.35190182044076
STU_017422,83.42932248960415
STU_017423,70.54759080376631
STU_017424,53.083629468625354
STU_017425,76.49310166715163
STU_017426,62.519886352347314
STU_017427,80.6815945488733
STU_017428,73.7029204919086
STU_017429,61.1024399349052
STU_017430,99.10135052550622
STU_017431,70.60162290260384
STU_017432,93.37215606357573
STU_017433,87.3962502805199
STU_017434,76.74329163819401
STU_017435,83.64446076041132
STU_017436,71.28510111535945
STU_017437,71.45633977758003
STU_017438,97.67522974256087
STU_017439,61.77081209161829
STU_017440,87.74664202612558
STU_017441,49.40540123570983
STU_017442,78.23166714775867
STU_017443,86.77145081712673
STU_017444,79.10631262560537
STU_017445,93.74965189392785
STU_017446,88.18882242448652
STU_017447,67.81486382826057
STU_017448,77.69062242754894
STU_017449,85.96624402248383
STU_017450,85.81550371029323
STU_017451,69.3762958132824
STU_017452,82.38011099276503
STU_017453,89.52907690720895
STU_017454,59.20341158651915
STU_017455,90.95185273808569
STU_017456,80.74306608198259
STU_017457,67.28064383945073
STU_017458,62.6609641338772
STU_017459,79.32615564982497
STU_017460,66.45165815854187
STU_017461,83.73781804973245
STU_017462,78.98151588104429
STU_017463,93.05926126643818
STU_017464,77.69347600382213
STU_017465,81.70449562963981
STU_017466,79.69160714948318
STU_017467,56.296512017338614
STU_017468,84.34030371820491
STU_017469,90.12547597144429
STU_017470,85.04782294724404
STU_017471,87.86926033182239
STU_017472,65.80888327146346
STU_017473,98.5923937094293
STU_017474,37.20674257451848
STU_017475,63.726292896669634
STU_017476,70.53403154018535
STU_017477,66.24799512549376
STU_017478,52.02048533175254
STU_017479,74.10946547118613
STU_017480,96.04892498936084
STU_017481,91.08913632582782
STU_017482,79.46458711623316
STU_017483,92.53756776311172
STU_017484,85.37542463638948
STU_017485,90.8575064909827
STU_017486,73.27231992603863
STU_017487,89.9520542747164
STU_017488,61.02745625733185
STU_017489,63.27684820023933
STU_017490,94.26809543527216
STU_017491,77.27192058921409
STU_017492,60.834428672158964
STU_017493,78.29075833761775
STU_017494,76.5799764969387
STU_017495,53.6634119065281
STU_017496,78.05662725194142
STU_017497,85.95570862602668
STU_017498,59.92776176256967
STU_017499,84.08955762238378
STU_017500,84.42880376138815
STU_017501,74.83887630700225
STU_017502,85.64464945930905
STU_017503,68.17388422857532
STU_017504,87.57407686368038
STU_017505,78.82574910064807
STU_017506,76.22470411741688
STU_017507,57.551873259298944
STU_017508,69.0008948777625
STU_017509,84.9347335503942
STU_017510,96.36965325055178
STU_017511,71.2580625568324
STU_017512,76.79772970055859
STU_017513,81.31832392377719
STU_017514,73.52228492435671
STU_017515,79.30667825296217
STU_017516,96.14166993244754
STU_017517,82.80289071307487
STU_017518,82.00201302625938
STU_017519,88.18430156755738
STU_017520,97.14855188094803
STU_017521,62.46475538639224
STU_017522,74.99068227579427
STU_017523,78.63686664877947
STU_017524,61.99422870123256
STU_017525,70.96590155052247
STU_017526,78.10334217032633
STU_017527,81.76506966037833
STU_017528,72.59726016666299
STU_017529,96.54222937535387
STU_017530,83.45775223942076
STU_017531,88.97930287323192
STU_017532,64.38817392496007
STU_017533,69.00104722414541
STU_017534,59.21546569116343
STU_017535,73.60601445079726
STU_017536,85.29013305863731
STU_017537,94.01835902675451
STU_017538,94.22675534810747
STU_017539,73.04149835161279
STU_017540,96.15641293893344
STU_017541,51.58010940944523
STU_017542,69.57629902231774
STU_017543,83.00679504877311
STU_017544,93.21313790143553
STU_017545,69.48050019187569
STU_017546,67.97102989095285
STU_017547,91.77918765823225
STU_017548,77.1274528039247
STU_017549,97.46801491423369
STU_017550,79.0130428477385
STU_017551,95.42261891933695
STU_017552,47.83756168567267
STU_017553,87.5913404314209
STU_017554,62.7814984675843
STU_017555,70.2456770735589
STU_017556,70.79649228159988
STU_017557,54.66017010900832
STU_017558,46.86921486547281
STU_017559,80.29879603446646
STU_017560,69.90258694534408
STU_017561,93.59270634819259
STU_017562,60.41477331020285
STU_017563,68.12583856966712
STU_017564,64.8495003875789
STU_017565,68.31181456853871
STU_017566,82.02005637518808
STU_017567,70.0470931583855
STU_017568,71.7237679356685
STU_017569,78.60743887259343
STU_017570,99.34154977197451
STU_017571,87.16775219176174
STU_017572,80.6394158048154
STU_017573,73.19741166584078
STU_017574,84.76421299332578
STU_017575,88.33194680063797
STU_017576,85.6258305067748
STU_017577,67.5359835543654
STU_017578,78.44012887949671
STU_017579,73.54405943672099
STU_017580,78.1272492279918
STU_017581,77.06083708151486
STU_017582,76.21493048832158
STU_017583,95.28832858383342
STU_017584,59.91966304162926
STU_017585,52.81704933222889
STU_017586,78.74062913578705
STU_017587,64.45968687750772
STU_017588,68.75903785177994
STU_017589,89.99682392088462
STU_017590,74.69806531095722
STU_017591,90.69811958893392
STU_017592,66.2821796453974
STU_017593,61.84310979013837
STU_017594,53.53407899569162
STU_017595,96.07024778317725
STU_017596,75.57299324298432
STU_017597,87.49985498323338
STU_017598,46.908883884271226
STU_017599,66.46279986589703
STU_017600,77.39863039632222
STU_017601,69.29933891216851
STU_017602,62.322446509857315
STU_017603,87.31956872992745
STU_017604,85.00411303753178
STU_017605,66.8162329935046
STU_017606,90.32438679792166
STU_017607,80.08797634667246
STU_017608,93.81102403276618
STU_017609,73.45581405280497
STU_017610,76.75071977689154
STU_017611,74.7124535819366
STU_017612,95.5927794229292
STU_017613,83.77089129822663
STU_017614,91.94610492345825
STU_017615,70.86346275084551
STU_017616,87.12077299789803
STU_017617,89.96572778790612
STU_017618,41.43079201283959
STU_017619,64.32230014503135
STU_017620,73.62265472347507
STU_017621,85.9276635353372
STU_017622,96.1162092673148
STU_017623,58.0031895851177
STU_017624,69.7877215740336
STU_017625,67.65725477008222
STU_017626,57.175752283570795
STU_017627,55.12003666896769
STU_017628,73.24475352540418
STU_017629,69.17281267791707
STU_017630,59.04921015298454
STU_017631,51.49647681643237
STU_017632,76.60652271501722
STU_017633,76.06511688585903
STU_017634,82.57244742548664
STU_017635,76.25782466138457
STU_017636,72.57165402176713
STU_017637,90.60882049211791
STU_017638,69.07902273360517
STU_017639,85.78178308558273
STU_017640,95.15569978617062
STU_017641,99.40341614190564
STU_017642,65.11535827187414
STU_017643,64.34837815043898
STU_017644,78.85947347799882
STU_017645,84.71472621097342
STU_017646,70.08692947179966
STU_017647,62.35314696255715
STU_017648,85.37676252989559
STU_017649,97.11653673089224
STU_017650,96.36504834143341
STU_017651,68.22010426385596
STU_017652,74.48886056441047
STU_017653,95.86951374275422
STU_017654,76.73397717743454
STU_017655,84.17681737903817
STU_017656,83.28241606947873
STU_017657,55.08959217031371
STU_017658,66.03192391356714
STU_017659,100.0
STU_017660,77.12438511719823
STU_017661,80.17066185488748
STU_017662,63.49417095462545
STU_017663,79.69531965065912
STU_017664,79.44270025838411
STU_017665,71.83545155819336
STU_017666,79.01509563987128
STU_017667,75.43753299350247
STU_017668,74.02788788678386
STU_017669,72.57652095004751
STU_017670,47.344699158719
STU_017671,71.01736471909265
STU_017672,60.44915460348075
STU_017673,70.25089660193858
STU_017674,69.87383433560397
STU_017675,73.59521072863002
STU_017676,68.706360236661
STU_017677,82.37151711258912
STU_017678,84.30180234850445
STU_017679,87.0137354770317
STU_017680,74.26523099329958
STU_017681,87.21486391457502
STU_017682,73.10958810449594
STU_017683,80.2225590970619
STU_017684,84.06552045559391
STU_017685,73.89278553332126
STU_017686,62.76863352587078
STU_017687,72.94558402964957
STU_017688,71.50303185488512
STU_017689,89.20456414009098
STU_017690,66.21465054071588
STU_017691,72.59065160142411
STU_017692,72.50880628964964
STU_017693,62.304802608112595
STU_017694,76.96738662386772
STU_017695,97.25197655612692
STU_017696,79.25180689758962
STU_017697,43.77219034713773
STU_017698,49.61627292462744
STU_017699,92.80111388851303
STU_017700,48.38509854571599
STU_017701,53.61247623955835
STU_017702,78.88974562109368
STU_017703,80.38240248621135
STU_017704,61.44163948903952
STU_017705,57.62127613365089
STU_017706,84.38979299715497
STU_017707,46.591395015649816
STU_017708,94.92255983615772
STU_017709,85.74258484698856
STU_017710,86.7561061178498
STU_017711,99.84427649456129
STU_017712,74.81630477566989
STU_017713,69.4531922196533
STU_017714,85.77869457653567
STU_017715,64.31511749961203
STU_017716,55.558139657577115
STU_017717,72.91824061553031
STU_017718,88.91961093466678
STU_017719,70.45107266826815
STU_017720,73.20513628954282
STU_017721,83.45789492062333
STU_017722,100.0
STU_017723,71.67131057863008
STU_017724,75.07242874020245
STU_017725,93.64629294993122
STU_017726,89.84052389329078
STU_017727,84.92898279738668
STU_017728,86.86948028855701
STU_017729,69.33283057489378
STU_017730,60.23848758132337
STU_017731,58.14733951978438
STU_017732,79.7603939880715
STU_017733,63.598710652158104
STU_017734,69.80899405042712
STU_017735,66.14089189563522
STU_017736,69.73045854105678
STU_017737,59.957376126813784
STU_017738,95.54437338835123
STU_017739,86.42449158372146
STU_017740,78.29262653258692
STU_017741,88.2346542643088
STU_017742,85.0397887136493
STU_017743,89.12174076012332
STU_017744,84.18318276139398
STU_017745,87.52373554972223
STU_017746,81.26600332596375
STU_017747,66.82081570368561
STU_017748,61.82274262610254
STU_017749,66.93388114064541
STU_017750,87.55666083626335
STU_017751,79.98517437487851
STU_017752,76.0454895472948
STU_017753,94.24241646059228
STU_017754,88.03763540272239
STU_017755,89.88739370846056
STU_017756,86.98264988051073
STU_017757,52.176513500073085
STU_017758,72.15175951639718
STU_017759,84.13838755555197
STU_017760,93.80820804853191
STU_017761,63.85217743273163
STU_017762,100.0
STU_017763,91.29533048189093
STU_017764,57.88111011709764
STU_017765,93.6983494297526
STU_017766,77.46617554495904
STU_017767,58.135570609270914
STU_017768,62.127662222949795
STU_017769,90.20373691752596
STU_017770,74.24024303690157
STU_017771,54.96110977970116
STU_017772,71.23236990011455
STU_017773,57.607658510174474
STU_017774,99.31003733667538
STU_017775,80.02425497880273
STU_017776,83.7057743197788
STU_017777,81.41845428426227
STU_017778,82.49354421619253
STU_017779,54.924800301374844
STU_017780,70.71742844754948
STU_017781,80.38073680511314
STU_017782,73.26908447270277
STU_017783,65.6830219904338
STU_017784,82.64005977253038
STU_017785,86.22701085640654
STU_017786,73.47604890421509
STU_017787,82.46656593455208
STU_017788,74.35932179005175
STU_017789,84.5093369284659
STU_017790,55.71323207940236
STU_017791,90.37591951828807
STU_017792,69.60316768351856
STU_017793,64.68255436990279
STU_017794,67.4077792067746
STU_017795,68.71051017312591
STU_017796,80.97297690593982
STU_017797,89.36698334583447
STU_017798,96.20785528513014
STU_017799,100.0
STU_017800,90.51474800303836
STU_017801,75.93631505301846
STU_017802,94.09200933352652
STU_017803,61.24353064810606
STU_017804,80.6004861015481
STU_017805,72.68160825607886
STU_017806,69.1400492101458
STU_017807,95.22882337960779
STU_017808,70.0171700039358
STU_017809,82.16269741499491
STU_017810,100.0
STU_017811,71.7893185337574
STU_017812,86.48011675316343
STU_017813,83.81837998045083
STU_017814,73.75086294911601
STU_017815,68.76510651522354
STU_017816,58.04698660619066
STU_017817,56.18111712867406
STU_017818,88.19423024586342
STU_017819,86.25484535261177
STU_017820,88.15296867992657
STU_017821,72.42791295525399
STU_017822,89.33858382975349
STU_017823,95.75523575456118
STU_017824,52.56367873817085
STU_017825,77.06773993932829
STU_017826,84.04471491399705
STU_017827,86.4738711854491
STU_017828,59.29466372783932
STU_017829,63.67093267034047
STU_017830,68.52748036036343
STU_017831,83.88861771074723
STU_017832,83.52028355354354
STU_017833,57.34974051846839
STU_017834,83.69241627404054
STU_017835,67.78751170062068
STU_017836,78.96907236146993
STU_017837,71.47498768462498
STU_017838,65.70729848136523
STU_017839,95.64073868264138
STU_017840,72.14939498515126
STU_017841,90.71809884377623
STU_017842,77.35632421472087
STU_017843,82.34220223653767
STU_017844,66.51938159313272
STU_017845,98.42495380065182
STU_017846,91.76063284631968
STU_017847,52.19952265593575
STU_017848,64.61822008161057
STU_017849,54.15319704052473
STU_017850,70.06427141714337
STU_017851,59.43033152597483
STU_017852,83.72626616372779
STU_017853,70.80743311479036
STU_017854,94.53533841630757
STU_017855,53.7726550400438
STU_017856,81.54221674679837
STU_017857,82.56954703648353
STU_017858,78.18509754732042
STU_017859,64.41022468321829
STU_017860,81.54271399517776
STU_017861,87.23515548127942
STU_017862,73.37529383087008
STU_017863,90.62383111425473
STU_017864,80.1747017574462
STU_017865,71.41003078318825
STU_017866,79.84302479177572
STU_017867,62.40337900785357
STU_017868,95.94537468312811
STU_017869,62.81389919547075
STU_017870,83.3168732755377
STU_017871,91.85841043478817
STU_017872,67.80888468933435
STU_017873,96.67752264747001
STU_017874,79.97183399497669
STU_017875,71.37549833149924
STU_017876,71.9282419730357
STU_017877,51.71930359860223
STU_017878,90.02742188867163
STU_017879,57.782840669031486
STU_017880,94.97582871222268
STU_017881,75.11569108803089
STU_017882,70.69504055593521
STU_017883,92.510240512678
STU_017884,59.998785547426706
STU_017885,65.41329644039212
STU_017886,80.00221064199044
STU_017887,57.251379668338906
STU_017888,63.260415790237666
STU_017889,100.0
STU_017890,100.0
STU_017891,79.69718697599647
STU_017892,55.83719418848068
STU_017893,80.99194072741093
STU_017894,61.747725744996515
STU_017895,70.01110114871847
STU_017896,82.79454090726414
STU_017897,61.297338472636014
STU_017898,83.06914416751977
STU_017899,83.2585036005755
STU_017900,71.86923131609471
STU_017901,89.13605834281245
STU_017902,67.46449171960613
STU_017903,76.05939744307183
STU_017904,79.9241877928459
STU_017905,76.72062159197567
STU_017906,67.38417767018883
STU_017907,76.05227561610059
STU_017908,72.99471578830808
STU_017909,70.17368765489852
STU_017910,71.64850149124592
STU_017911,61.10604346796396
STU_017912,90.73013044519072
STU_017913,88.31971555274251
STU_017914,70.70195186067672
STU_017915,76.02182802040812
STU_017916,77.0922299219398
STU_017917,82.2609605479193
STU_017918,76.4056835386538
STU_017919,92.15560410555497
STU_017920,73.74370145930598
STU_017921,83.00571204041977
STU_017922,74.33429282113937
STU_017923,65.44547452810528
STU_017924,75.05409371065696
STU_017925,67.12432672645113
STU_017926,77.90846743539183
STU_017927,97.90198386714192
STU_017928,85.41024802905751
STU_017929,89.44153633533372
STU_017930,77.04071420571225
STU_017931,65.78088278052061
STU_017932,96.02411394763175
STU_017933,95.35560715768831
STU_017934,92.50994573576679
STU_017935,77.40428112471668
STU_017936,54.388138706949626
STU_017937,82.85443699847414
STU_017938,64.67788898797805
STU_017939,85.7392681774689
STU_017940,74.56061738048204
STU_017941,66.01052046232454
STU_017942,66.50833442120786
STU_017943,56.81106613042043
STU_017944,65.8405402893591
STU_017945,87.34903790088984
STU_017946,65.6834058431016
STU_017947,60.16190154380303
STU_017948,72.36065236970178
STU_017949,57.70236076082611
STU_017950,51.862062546074156
STU_017951,69.27589888087323
STU_017952,93.70125370722815
STU_017953,69.91661938987197
STU_017954,98.60078544251925
STU_017955,67.05186282799916
STU_017956,67.66652647528838
STU_017957,67.89400977136583
STU_017958,46.848492556172374
STU_017959,87.83108734135354
STU_017960,80.09368393678054
STU_017961,91.18073746682991
STU_017962,59.41879857375737
STU_017963,64.16563411851612
STU_017964,52.35846103725728
STU_017965,95.58322809154177
STU_017966,76.23243234721149
STU_017967,77.92057541056398
STU_017968,95.3624412906282
STU_017969,80.17234430223311
STU_017970,54.616333691512345
STU_017971,62.71877238944093
STU_017972,70.67811875658882
STU_017973,66.98283569935128
STU_017974,77.377650123447
STU_017975,64.76121279248356
STU_017976,66.6446647857589
STU_017977,93.68165278134515
STU_017978,64.08835565811519
STU_017979,73.51962025349037
STU_017980,60.44780061357415
STU_017981,96.48364605884618
STU_017982,71.16582873198786
STU_017983,82.383440418667
STU_017984,72.22649034208779
STU_017985,65.6033398637636
STU_017986,63.8591252682139
STU_017987,82.70760161652433
STU_017988,64.1006498945626
STU_017989,73.07354556717814
STU_017990,75.57867100447619
STU_017991,80.52928498179598
STU_017992,48.33319784276565
STU_017993,96.99691496315242
STU_017994,88.7386705040525
STU_017995,79.59747516576269
STU_017996,58.55091504275416
STU_017997,72.6998581129089
STU_017998,85.2671242411237
STU_017999,88.45100756573862
STU_018000,95.28186179816836
STU_018001,76.87608948470309
STU_018002,48.820537827617244
STU_018003,72.84074900917682
STU_018004,82.37141644003313
STU_018005,76.98795234890328
STU_018006,67.9882922905908
STU_018007,97.40138944191685
STU_018008,90.96126299961583
STU_018009,89.50923114897228
STU_018010,83.59389093435058
STU_018011,86.97132847543644
STU_018012,69.60914754248422
STU_018013,86.4737459355219
STU_018014,66.58555394942523
STU_018015,76.87178132131439
STU_018016,72.73246185184287
STU_018017,81.85553191255782
STU_018018,97.61558571246235
STU_018019,65.9538386339243
STU_018020,75.02460491531627
STU_018021,67.79260786559354
STU_018022,90.49438410035387
STU_018023,82.40876890199684
STU_018024,41.8741571994147
STU_018025,78.27101086790375
STU_018026,71.7320631051156
STU_018027,82.94627752729892
STU_018028,97.8343251966462
STU_018029,69.94422843270615
STU_018030,90.8927430414142
STU_018031,85.34366323707934
STU_018032,70.2457424847116
STU_018033,86.37043848900103
STU_018034,76.51132249617392
STU_018035,89.56845061966185
STU_018036,78.50371370387343
STU_018037,42.836057974372835
STU_018038,65.34646640535341
STU_018039,78.30295577532931
STU_018040,76.42909680118557
STU_018041,65.9523688992493
STU_018042,66.71499255719527
STU_018043,89.36207885110525
STU_018044,75.20269094050488
STU_018045,72.26900962666585
STU_018046,81.47148957205293
STU_018047,59.928381425918936
STU_018048,94.72953963144752
STU_018049,86.66924088778842
STU_018050,84.79485959839151
STU_018051,64.8712637392872
STU_018052,65.62197668931266
STU_018053,66.14235922997332
STU_018054,44.76769631511623
STU_018055,99.14846705394281
STU_018056,40.70246408432583
STU_018057,62.24064959467048
STU_018058,90.2520688347583
STU_018059,89.44900679680116
STU_018060,62.90786825574229
STU_018061,79.45212432147991
STU_018062,83.85047300295474
STU_018063,70.85001298114192
STU_018064,86.59809844574906
STU_018065,85.33437063382023
STU_018066,92.92336178900459
STU_018067,96.28823570820444
STU_018068,80.41084864147817
STU_018069,80.01509816993885
STU_018070,77.8728886254683
STU_018071,92.7042266103721
STU_018072,84.10249413177763
STU_018073,60.59311339665555
STU_018074,70.05224706645862
STU_018075,69.8921765545548
STU_018076,65.58462504632901
STU_018077,57.25632992724634
STU_018078,70.52443804359969
STU_018079,82.38459622203239
STU_018080,90.0989150760591
STU_018081,75.53180144961074
STU_018082,81.8599722248918
STU_018083,93.57470130621695
STU_018084,64.27035286082686
STU_018085,73.3373874931325
STU_018086,86.23443658032002
STU_018087,72.33804122831023
STU_018088,64.98986676310403
STU_018089,56.31322508566927
STU_018090,66.82268079986521
STU_018091,80.9118204954072
STU_018092,75.54008225467253
STU_018093,68.10926373654797
STU_018094,71.96923573931961
STU_018095,77.37758569765225
STU_018096,59.0215077744506
STU_018097,82.44755534781517
STU_018098,62.29384756043184
STU_018099,72.59110257077282
STU_018100,92.3821192194482
STU_018101,81.99172140024427
STU_018102,58.33308079025474
STU_018103,95.17131126196313
STU_018104,61.54414160408756
STU_018105,61.16703619663834
STU_018106,76.32555725304304
STU_018107,77.04729995372068
STU_018108,70.53291503538902
STU_018109,86.49880552979357
STU_018110,79.23205260377804
STU_018111,82.79979942498707
STU_018112,68.50731415570196
STU_018113,60.477819641854865
STU_018114,89.35281876947128
STU_018115,77.52749926780072
STU_018116,67.47031168087794
STU_018117,78.52481049696304
STU_018118,66.74011127378992
STU_018119,97.35812380422277
STU_018120,63.20895799184534
STU_018121,95.51162139334778
STU_018122,80.32369106382794
STU_018123,73.52074389299281
STU_018124,84.56764901090355
STU_018125,70.04374535201609
STU_018126,55.18824068034503
STU_018127,66.11918169337856
STU_018128,52.64494368780286
STU_018129,76.08352156465725
STU_018130,90.65820475900813
STU_018131,73.45439884943292
STU_018132,96.31179349381532
STU_018133,78.3674177214705
STU_018134,100.0
STU_018135,99.04493811966623
STU_018136,47.47540260225517
STU_018137,69.79017792786246
STU_018138,89.79644790540229
STU_018139,77.9521252501103
STU_018140,49.755838519739726
STU_018141,60.13113620724726
STU_018142,74.872060470975
STU_018143,58.67344696255724
STU_018144,62.25125383523398
STU_018145,78.45159642216207
STU_018146,51.39009158484512
STU_018147,83.32402114572332
STU_018148,77.8785933004012
STU_018149,60.517555907941905
STU_018150,86.48119262373766
STU_018151,69.67972487917471
STU_018152,55.25589346454822
STU_018153,82.94815452618877
STU_018154,59.86374785014614
STU_018155,89.85113961452794
STU_018156,97.73802488058905
STU_018157,54.0400440341183
STU_018158,64.6449057051629
STU_018159,65.71588376397195
STU_018160,64.97354677328072
STU_018161,82.22967748328371
STU_018162,66.37885640531582
STU_018163,97.35863819083237
STU_018164,71.86367959992766
STU_018165,58.07370929175677
STU_018166,75.47518405299067
STU_018167,76.4368990988144
STU_018168,81.62944561904868
STU_018169,64.65274058792426
STU_018170,47.8607295059884
STU_018171,62.68661879304784
STU_018172,84.78838483963784
STU_018173,65.19563854467067
STU_018174,82.68030075220659
STU_018175,74.99144023078456
STU_018176,80.69954942141533
STU_018177,77.33919462908231
STU_018178,71.98705188430078
STU_018179,71.9150426359703
STU_018180,91.86727128129078
STU_018181,72.17089177447824
STU_018182,77.67897933320107
STU_018183,72.38395436195283
STU_018184,54.067460496468044
STU_018185,66.526730953276
STU_018186,89.82102946633962
STU_018187,60.964771864260605
STU_018188,86.55961937035725
STU_018189,77.63479858650733
STU_018190,69.21874316741562
STU_018191,79.42917474300644
STU_018192,78.18792988433059
STU_018193,80.2509652193842
STU_018194,70.8277164332234
STU_018195,84.72430631821105
STU_018196,56.57403792265234
STU_018197,90.6554970429644
STU_018198,79.75417186139015
STU_018199,73.01065224086038
STU_018200,86.19178036539861
STU_018201,72.58950064258605
STU_018202,46.435364844708445
STU_018203,78.25534103478992
STU_018204,74.91009708791903
STU_018205,68.99920819487146
STU_018206,71.01738651729129
STU_018207,74.99310156216421
STU_018208,74.07438020687836
STU_018209,62.38430515875635
STU_018210,86.72930574215707
STU_018211,98.64466996632024
STU_018212,74.02852917891468
STU_018213,52.58584776111063
STU_018214,79.14172467246631
STU_018215,70.39766997552383
STU_018216,78.94438089172078
STU_018217,61.929518839845215
STU_018218,74.27913743277927
STU_018219,88.48446639272649
STU_018220,81.17453652475345
STU_018221,94.74222472771434
STU_018222,87.86274996981427
STU_018223,86.94711110206119
STU_018224,83.34472784764237
STU_018225,74.10534968464776
STU_018226,79.9728762309804
STU_018227,77.14691713477815
STU_018228,78.1592412199727
STU_018229,75.2295193914205
STU_018230,86.82123029851192
STU_018231,72.17941683471983
STU_018232,59.696520370050386
STU_018233,58.528357482437855
STU_018234,92.59009195576462
STU_018235,83.22690456473566
STU_018236,98.2602753309973
STU_018237,55.517300174048245
STU_018238,73.45664592174418
STU_018239,90.62335222131577
STU_018240,58.19967376280638
STU_018241,86.83958997715156
STU_018242,73.14874852506276
STU_018243,80.69946171284668
STU_018244,93.08498322990114
STU_018245,75.980024452707
STU_018246,77.11632481189281
STU_018247,56.29665427752979
STU_018248,75.03895636544746
STU_018249,71.50807430067482
STU_018250,69.64857243264849
STU_018251,69.00974333188914
STU_018252,93.95862668270982
STU_018253,55.64327841103379
STU_018254,88.01352696669707
STU_018255,76.47515063959328
STU_018256,90.61807049569568
STU_018257,76.43892308689549
STU_018258,85.23520759140322
STU_018259,90.23240945667963
STU_018260,84.90176419886023
STU_018261,74.26647328964404
STU_018262,56.19021501057608
STU_018263,80.38814158196725
STU_018264,80.21761511047782
STU_018265,80.32152255694564
STU_018266,85.48268959457653
STU_018267,69.66456061262306
STU_018268,79.66561555507394
STU_018269,67.41173379936313
STU_018270,68.73102679979569
STU_018271,72.4031788257847
STU_018272,49.489061169570306
STU_018273,95.79449312321213
STU_018274,68.29788789573732
STU_018275,87.51839047323031
STU_018276,86.2201294738563
STU_018277,80.8229771871932
STU_018278,81.40571278807627
STU_018279,55.672025167076484
STU_018280,86.47849487066125
STU_018281,96.34874854216079
STU_018282,69.20508006692384
STU_018283,61.88981897797783
STU_018284,68.65775970098541
STU_018285,89.25603114152405
STU_018286,64.95452327656594
STU_018287,92.77297609347461
STU_018288,67.26756129974876
STU_018289,88.5811141194097
STU_018290,65.63667818018607
STU_018291,74.87136954912074
STU_018292,81.14203306376
STU_018293,69.2786814760076
STU_018294,83.3552090196367
STU_018295,51.8079729584841
STU_018296,85.45888153440089
STU_018297,81.34475699682146
STU_018298,96.87655640819315
STU_018299,65.749117274058
STU_018300,81.89954573364525
STU_018301,68.6063042255761
STU_018302,69.28849754172604
STU_018303,97.0996507637022
STU_018304,65.06265138819437
STU_018305,55.68302392993654
STU_018306,64.25354526158725
STU_018307,76.13950600889531
STU_018308,84.00891334536537
STU_018309,66.41709943076988
STU_018310,89.92091228855335
STU_018311,68.54204201108391
STU_018312,75.83848364281947
STU_018313,83.70950591625667
STU_018314,67.44967004679128
STU_018315,94.73883772692943
STU_018316,74.10550860985983
STU_018317,84.9404988318656
STU_018318,61.47185833773654
STU_018319,59.13872832746948
STU_018320,85.7256973466915
STU_018321,92.01543309246028
STU_018322,76.7763795559536
STU_018323,100.0
STU_018324,58.091292294005854
STU_018325,72.94174498910772
STU_018326,70.42843301787224
STU_018327,84.84930319296414
STU_018328,73.46352917897421
STU_018329,73.83639834829863
STU_018330,49.89418909268365
STU_018331,82.93894950966161
STU_018332,89.62803398537672
STU_018333,64.83011461604974
STU_018334,85.81475205907846
STU_018335,60.891264972926365
STU_018336,74.69152432196296
STU_018337,70.56871193777879
STU_018338,72.00201012318972
STU_018339,86.14589247762099
STU_018340,86.94875967811709
STU_018341,66.42987370224205
STU_018342,61.6865835325492
STU_018343,58.253235381102755
STU_018344,78.85007313493962
STU_018345,72.65768541700102
STU_018346,71.88083974317217
STU_018347,72.06840067237317
STU_018348,96.8088576569899
STU_018349,80.04136407298122
STU_018350,87.00301846680328
STU_018351,81.22787551832675
STU_018352,88.81604761886318
STU_018353,81.23534568200486
STU_018354,98.30673591225376
STU_018355,72.30238689940492
STU_018356,77.39523001861929
STU_018357,69.13206001729213
STU_018358,78.3492304002479
STU_018359,97.9574930203202
STU_018360,93.10879758069231
STU_018361,51.856711007664416
STU_018362,66.80296759204049
STU_018363,48.22796943630613
STU_018364,87.74773739686492
STU_018365,88.42109278583604
STU_018366,56.35525000376477
STU_018367,77.0935878426932
STU_018368,68.43795211447619
STU_018369,80.27918431689405
STU_018370,59.5049587946284
STU_018371,84.1488697356335
STU_018372,88.2881182651805
STU_018373,64.94706396570781
STU_018374,80.07864880788019
STU_018375,66.5323432552249
STU_018376,79.88482383150176
STU_018377,85.2503026633209
STU_018378,89.83804998352078
STU_018379,52.373688229898455
STU_018380,81.95446701332918
STU_018381,72.01011929603511
STU_018382,86.554255351254
STU_018383,89.46813072014923
STU_018384,66.93351385632344
STU_018385,94.93073013370552
STU_018386,74.75491860958908
STU_018387,81.3227237845914
STU_018388,97.44298392259
STU_018389,64.56958466733187
STU_018390,55.869052360028434
STU_018391,82.24343713131937
STU_018392,100.0
STU_018393,77.91569905240166
STU_018394,82.20164535194976
STU_018395,74.71809422825243
STU_018396,60.26811845991003
STU_018397,68.38538847573736
STU_018398,76.36223224894019
STU_018399,98.97922894725723
STU_018400,72.8435540326067
STU_018401,78.62507339321017
STU_018402,76.00649102615706
STU_018403,90.1615140878142
STU_018404,85.02374171938737
STU_018405,83.79445016702644
STU_018406,68.50347214285674
STU_018407,96.26258904782989
STU_018408,81.33446710902311
STU_018409,61.42432450973382
STU_018410,92.94567298280992
STU_018411,74.10155893682469
STU_018412,77.61474837520463
STU_018413,90.03512611929702
STU_018414,93.76824088993885
STU_018415,70.87897029764032
STU_018416,80.3091281691424
STU_018417,61.59829358796503
STU_018418,95.54373500171661
STU_018419,76.59481796277862
STU_018420,88.33421103650777
STU_018421,90.39474754083751
STU_018422,90.56944522825373
STU_018423,81.81629500228865
STU_018424,52.77181244710654
STU_018425,91.88440245092684
STU_018426,69.98349012239623
STU_018427,75.25516166704458
STU_018428,78.25532345898763
STU_018429,95.96678679593762
STU_018430,63.434014933051124
STU_018431,81.06508751580031
STU_018432,92.37209294189785
STU_018433,71.5187206022642
STU_018434,76.29896438605856
STU_018435,68.04705984817743
STU_018436,77.64570670746635
STU_018437,87.1406407790484
STU_018438,66.35222703175006
STU_018439,99.00164692705832
STU_018440,77.54259007182804
STU_018441,74.40262039968584
STU_018442,76.17384765194667
STU_018443,57.658415045885675
STU_018444,65.74080191691161
STU_018445,95.26367366713734
STU_018446,79.38642626309286
STU_018447,91.34069604563035
STU_018448,71.34088966022685
STU_018449,93.54627365353005
STU_018450,70.27506737233978
STU_018451,69.67399408555573
STU_018452,57.72897754113664
STU_018453,64.24701724737788
STU_018454,47.562952453883064
STU_018455,51.03984543003166
STU_018456,76.48159883951561
STU_018457,58.60389183897306
STU_018458,72.0488544039536
STU_018459,59.96163498865084
STU_018460,70.42924860961044
STU_018461,91.26642318644089
STU_018462,55.71026004179231
STU_018463,79.4076348197528
STU_018464,61.626170781649606
STU_018465,77.07429406716264
STU_018466,63.811223472654476
STU_018467,84.65754260392336
STU_018468,71.69332101712996
STU_018469,79.87971643554815
STU_018470,88.7465085949843
STU_018471,85.93145778477495
STU_018472,60.906823024198275
STU_018473,84.35185008864607
STU_018474,88.12441446444474
STU_018475,75.86374576378901
STU_018476,78.87735620901032
STU_018477,47.91632726783054
STU_018478,99.80961195285161
STU_018479,93.76083151800202
STU_018480,90.54686293163351
STU_018481,67.71844320412194
STU_018482,64.61589443657186
STU_018483,87.43198230934993
STU_018484,82.43676031156068
STU_018485,68.85177713368047
STU_018486,69.19098196807931
STU_018487,56.87807722550214
STU_018488,73.4502273076261
STU_018489,62.2304293149638
STU_018490,71.69153223506063
STU_018491,82.61637772362828
STU_018492,74.3683055265002
STU_018493,82.21701928168031
STU_018494,79.63257760818178
STU_018495,84.02311024788071
STU_018496,65.6023740371405
STU_018497,93.9148268510782
STU_018498,69.78185477513283
STU_018499,68.1010767181673
STU_018500,78.19814625622122
STU_018501,100.0
STU_018502,66.67256628000256
STU_018503,46.9367153870579
STU_018504,100.0
STU_018505,70.46222558750398
STU_018506,81.96444358183118
STU_018507,74.80039831563994
STU_018508,83.19013221518428
STU_018509,59.404389662492605
STU_018510,84.41656701484249
STU_018511,81.78810265693696
STU_018512,76.14937366112085
STU_018513,79.83727645298563
STU_018514,61.34554945875534
STU_018515,68.4597846230896
STU_018516,65.64051657922847
STU_018517,86.69105012583681
STU_018518,59.4248128270601
STU_018519,57.71251681259572
STU_018520,84.7578529943072
STU_018521,72.91126517501736
STU_018522,81.76504697882453
STU_018523,87.53093539806785
STU_018524,92.92532672089158
STU_018525,72.418595641568
STU_018526,58.60404894902032
STU_018527,83.75949037022923
STU_018528,87.7697755462965
STU_018529,78.28829582061303
STU_018530,75.72436995250399
STU_018531,88.39828918103731
STU_018532,66.97382899063336
STU_018533,72.40753086963858
STU_018534,65.1562284972241
STU_018535,88.65859900010307
STU_018536,99.23803541752855
STU_018537,84.66757328804233
STU_018538,75.91581104492117
STU_018539,56.776095746189256
STU_018540,81.7772257874686
STU_018541,63.68850305307108
STU_018542,89.09405139062011
STU_018543,74.46298341341425
STU_018544,74.3973608524701
STU_018545,71.94775215554179
STU_018546,91.04197753082428
STU_018547,73.51748856040867
STU_018548,85.61525097297519
STU_018549,87.32182980474055
STU_018550,74.50906134065545
STU_018551,79.01627948924934
STU_018552,64.84941878240097
STU_018553,69.59089086398195
STU_018554,63.329429480596986
STU_018555,58.05832645014458
STU_018556,81.859459977747
STU_018557,66.13765534957767
STU_018558,65.34638224156753
STU_018559,69.50871230818565
STU_018560,82.3687007286393
STU_018561,75.80288878331724
STU_018562,86.63904333778737
STU_018563,78.9117694248106
STU_018564,83.66000623220125
STU_018565,63.9587097864223
STU_018566,69.23537016434837
STU_018567,90.50028715218772
STU_018568,81.25840974373335
STU_018569,82.8186767363891
STU_018570,71.75556509018773
STU_018571,79.88507530354332
STU_018572,61.85558258838792
STU_018573,81.63458417981141
STU_018574,73.84825652077873
STU_018575,72.10689071659536
STU_018576,78.46410095625343
STU_018577,69.96106999452354
STU_018578,83.61410946159059
STU_018579,53.570947755767364
STU_018580,96.70397879562199
STU_018581,70.28785884534508
STU_018582,80.13775037551963
STU_018583,91.79295098756344
STU_018584,85.01193156446132
STU_018585,76.12963886175277
STU_018586,90.96534749864482
STU_018587,95.77520271227276
STU_018588,55.55231161112448
STU_018589,84.96870825672048
STU_018590,71.12050547013692
STU_018591,90.32787924187811
STU_018592,46.32831570058285
STU_018593,86.34764996970745
STU_018594,68.63901502569654
STU_018595,74.94865154237378
STU_018596,60.831113378289714
STU_018597,73.10240259439402
STU_018598,62.93806810958108
STU_018599,57.14726620251582
STU_018600,84.45351862184634
STU_018601,65.91896413900406
STU_018602,69.74871645916068
STU_018603,68.95058462547502
STU_018604,76.42030721301565
STU_018605,46.507563626823995
STU_018606,73.1074037367653
STU_018607,89.99312919194799
STU_018608,93.37004659824227
STU_018609,89.86468433362417
STU_018610,100.0
STU_018611,69.83537124260587
STU_018612,73.56235585301476
STU_018613,86.08176801191297
STU_018614,76.64657264654817
STU_018615,55.222042107476575
STU_018616,83.32930706722088
STU_018617,72.14728929188661
STU_018618,66.53281693881029
STU_018619,72.89698330681652
STU_018620,87.64359968229616
STU_018621,61.76897507096374
STU_018622,79.75113044244489
STU_018623,65.77015061599602
STU_018624,77.5286068615266
STU_018625,82.72324947821491
STU_018626,66.96814058622539
STU_018627,71.2437907309506
STU_018628,62.938386951081114
STU_018629,75.35912442375327
STU_018630,62.33712010507946
STU_018631,92.1119308204358
STU_018632,82.81791002045196
STU_018633,68.59660266265388
STU_018634,68.26974816849058
STU_018635,67.98078534815403
STU_018636,73.04890690103585
STU_018637,71.81467503061145
STU_018638,99.20939437033726
STU_018639,89.68659817143592
STU_018640,69.36695797240996
STU_018641,60.77706877367148
STU_018642,81.88999152232756
STU_018643,66.02597380245844
STU_018644,54.77060601927138
STU_018645,95.17287193214611
STU_018646,67.58442992763594
STU_018647,95.01184424119381
STU_018648,60.05349490239173
STU_018649,59.41185657093588
STU_018650,76.03967334792097
STU_018651,67.70754020224989
STU_018652,85.3341418348814
STU_018653,76.45356102754668
STU_018654,77.75361008577869
STU_018655,66.05065693519559
STU_018656,72.29129091186577
STU_018657,88.7837617459376
STU_018658,86.30596585893393
STU_018659,82.99483623393846
STU_018660,73.37620467129486
STU_018661,60.74572263570877
STU_018662,62.17535198823923
STU_018663,74.32400253217318
STU_018664,52.07104776849633
STU_018665,68.12193874332792
STU_018666,63.56648145123439
STU_018667,57.440752290393974
STU_018668,47.645959953750975
STU_018669,75.00360464575434
STU_018670,70.75637448793323
STU_018671,61.20930035761751
STU_018672,75.53990828840564
STU_018673,63.33690493944339
STU_018674,66.07811055553
STU_018675,78.53775419722737
STU_018676,66.04980337940498
STU_018677,72.42153262000184
STU_018678,89.07715979556944
STU_018679,88.16758709189381
STU_018680,58.500122700478954
STU_018681,82.90391854568168
STU_018682,84.53802427554922
STU_018683,78.921887590768
STU_018684,87.77148034069458
STU_018685,74.47365750574397
STU_018686,85.9170381222027
STU_018687,72.55270993682848
STU_018688,65.24932517154255
STU_018689,85.31110611686873
STU_018690,70.68062938405888
STU_018691,68.33599428996183
STU_018692,75.06652441374446
STU_018693,67.9203079417782
STU_018694,86.25271089996377
STU_018695,75.59939522473121
STU_018696,68.90046270464818
STU_018697,80.17595379303968
STU_018698,87.39813981580352
STU_018699,67.12274948642514
STU_018700,100.0
STU_018701,71.49780565910075
STU_018702,82.45027510122654
STU_018703,64.02707941853868
STU_018704,87.74800941590136
STU_018705,70.09941012423076
STU_018706,89.4939463496751
STU_018707,65.98664461632556
STU_018708,73.04324054361993
STU_018709,92.79349955726603
STU_018710,83.16147576851203
STU_018711,63.72099615604961
STU_018712,89.5383384311201
STU_018713,73.11364460327935
STU_018714,79.24656257648417
STU_018715,100.0
STU_018716,64.933187664821
STU_018717,74.8104735576892
STU_018718,56.05822891428758
STU_018719,81.31441749030361
STU_018720,66.70009585948425
STU_018721,90.03278934691869
STU_018722,58.10760012048142
STU_018723,58.283034250156874
STU_018724,70.05794487182733
STU_018725,81.88668596969123
STU_018726,69.07336313685335
STU_018727,87.26833184371941
STU_018728,76.1572249564891
STU_018729,90.14549868446966
STU_018730,88.43709860235525
STU_018731,67.65967624751532
STU_018732,75.35543863285228
STU_018733,91.7855623060812
STU_018734,79.916175043549
STU_018735,78.98708737151003
STU_018736,56.007764541782564
STU_018737,73.12115862748334
STU_018738,73.71505968563147
STU_018739,82.14838402372871
STU_018740,68.22318322300511
STU_018741,50.77658509930757
STU_018742,89.79364085974937
STU_018743,62.37243480332751
STU_018744,98.51199292879731
STU_018745,81.44167685043696
STU_018746,67.42770637150608
STU_018747,89.10077896648504
STU_018748,50.81027112737966
STU_018749,54.24726097288706
STU_018750,86.1138959231863
STU_018751,81.16867143143766
STU_018752,54.72896259600701
STU_018753,61.30358480961473
STU_018754,92.12496329276962
STU_018755,89.88469969605039
STU_018756,72.30877178818264
STU_018757,88.8504087545209
STU_018758,90.66620745316722
STU_018759,89.61140434976397
STU_018760,72.95154486793272
STU_018761,73.13390843780309
STU_018762,77.622264884384
STU_018763,66.89888293824491
STU_018764,80.02507893946247
STU_018765,75.92449158387646
STU_018766,67.07221140530473
STU_018767,80.95219524212212
STU_018768,76.72734161225338
STU_018769,53.10013325299295
STU_018770,82.85499620556283
STU_018771,65.24294467370233
STU_018772,89.20217986839523
STU_018773,82.04582288407664
STU_018774,66.37372777834337
STU_018775,87.01934098872607
STU_018776,87.87469875283554
STU_018777,57.239328633118205
STU_018778,96.01972188611914
STU_018779,93.13211842603329
STU_018780,65.5036530629228
STU_018781,89.69944595455536
STU_018782,96.7283564971817
STU_018783,82.00293619150777
STU_018784,81.41629081388017
STU_018785,86.1937746605206
STU_018786,70.90063961271049
STU_018787,56.78708172828698
STU_018788,69.41734586011492
STU_018789,73.15452917003184
STU_018790,90.07186902195895
STU_018791,68.31663980551897
STU_018792,60.33868994938273
STU_018793,60.07508920429542
STU_018794,62.64458663209483
STU_018795,91.48587277466329
STU_018796,59.13556178354269
STU_018797,62.036076679391286
STU_018798,64.5512978798269
STU_018799,84.80264633742665
STU_018800,85.1316533281286
STU_018801,79.14060342731797
STU_018802,73.59070274118082
STU_018803,67.08657761891872
STU_018804,57.20847701009207
STU_018805,67.66619103989434
STU_018806,85.90476648379195
STU_018807,76.98218821111354
STU_018808,65.41491263133223
STU_018809,87.49797305687808
STU_018810,80.34308637758856
STU_018811,49.473663940232306
STU_018812,83.52459006736161
STU_018813,71.10946751889705
STU_018814,49.208265169435045
STU_018815,87.22259688489568
STU_018816,66.20047872739693
STU_018817,72.2197446458564
STU_018818,86.71801058361052
STU_018819,71.14717061548653
STU_018820,93.55174270794288
STU_018821,81.9658726673897
STU_018822,75.24862018275718
STU_018823,97.35359025731205
STU_018824,66.10025336399985
STU_018825,74.9437584149249
STU_018826,69.45471044780504
STU_018827,72.09177681763524
STU_018828,65.33526621748008
STU_018829,57.257863770030525
STU_018830,85.65631495426588
STU_018831,85.82660980614827
STU_018832,87.36818771884836
STU_018833,60.24786696499598
STU_018834,55.41098534682163
STU_018835,59.363887767292354
STU_018836,77.62946874498795
STU_018837,76.1761643334582
STU_018838,61.01635502910799
STU_018839,79.56620536126951
STU_018840,85.18299830084094
STU_018841,87.19793359210306
STU_018842,80.47736933798353
STU_018843,75.49646719282191
STU_018844,66.39135704952626
STU_018845,79.89858780407525
STU_018846,98.66779790964803
STU_018847,98.89222401807791
STU_018848,82.51620615521446
STU_018849,71.50331956280874
STU_018850,76.57188079499554
STU_018851,65.39110068303805
STU_018852,55.56836949769469
STU_018853,62.426352512510604
STU_018854,63.24573019793229
STU_018855,74.32824325905337
STU_018856,66.10729624535296
STU_018857,85.831816298495
STU_018858,82.20046675668056
STU_018859,93.89915792644743
STU_018860,70.10906057894658
STU_018861,76.18609662832716
STU_018862,87.30928516342807
STU_018863,68.35589493547101
STU_018864,63.863465649694376
STU_018865,75.94666192035844
STU_018866,73.01793361554424
STU_018867,65.58570086811842
STU_018868,79.79987032816273
STU_018869,74.15781564666233
STU_018870,85.44672734696191
STU_018871,94.13857362143877
STU_018872,82.49094391824516
STU_018873,71.39571995481704
STU_018874,82.77583260259127
STU_018875,97.7854621979759
STU_018876,66.20617923880083
STU_018877,59.75692073854524
STU_018878,94.7309757235564
STU_018879,84.59133783080406
STU_018880,82.18854274373909
STU_018881,64.82651012316957
STU_018882,70.74022758280954
STU_018883,71.8387764395125
STU_018884,90.73623257083818
STU_018885,57.6051448688531
STU_018886,85.83183014895712
STU_018887,70.76544733198104
STU_018888,92.27153948688168
STU_018889,62.801280001507095
STU_018890,47.177075205676886
STU_018891,78.24993103406543
STU_018892,79.91340619082351
STU_018893,85.73049946334334
STU_018894,98.99790638608518
STU_018895,78.47146632042032
STU_018896,83.35138980016075
STU_018897,71.16294578652129
STU_018898,66.68491229007083
STU_018899,71.8627539762663
STU_018900,78.71746388306627
STU_018901,84.64212251240096
STU_018902,97.82374914921365
STU_018903,88.2517419710892
STU_018904,77.48547831328705
STU_018905,65.94300012150305
STU_018906,79.43543975991554
STU_018907,76.6970773167152
STU_018908,73.23184164441786
STU_018909,76.259394020078
STU_018910,73.79486613086362
STU_018911,58.80258633399173
STU_018912,82.92961429297014
STU_018913,67.90155494491086
STU_018914,69.80321980357816
STU_018915,78.59560620586294
STU_018916,63.158601010817364
STU_018917,82.28537129297692
STU_018918,89.80761682808014
STU_018919,82.03182619134549
STU_018920,56.13922065871779
STU_018921,74.18564157506714
STU_018922,64.49742216304932
STU_018923,98.86226552738219
STU_018924,66.65671917062181
STU_018925,77.11660984450373
STU_018926,83.54474244607206
STU_018927,76.6788921173294
STU_018928,70.0538136006013
STU_018929,74.56601351694184
STU_018930,56.15565382577742
STU_018931,59.610118681991764
STU_018932,54.67658204228591
STU_018933,73.51669026510774
STU_018934,76.47685015274605
STU_018935,70.62717211985897
STU_018936,72.3153821414563
STU_018937,86.08263023531967
STU_018938,81.36649628151284
STU_018939,67.90783695824797
STU_018940,80.24929588882412
STU_018941,86.16079385760293
STU_018942,57.867350823546865
STU_018943,78.98272450091721
STU_018944,75.98224650076065
STU_018945,75.31983016479771
STU_018946,79.7718170747542
STU_018947,69.60414398620499
STU_018948,68.77105040826741
STU_018949,72.84555574104382
STU_018950,84.43581056544463
STU_018951,70.91936815658488
STU_018952,64.81184236684157
STU_018953,70.59713371321683
STU_018954,80.76551606886838
STU_018955,71.49489361835239
STU_018956,63.523773070386994
STU_018957,70.8636583900758
STU_018958,79.78449594881603
STU_018959,78.40561058075073
STU_018960,71.51068092844656
STU_018961,67.58938231047259
STU_018962,80.50620588075516
STU_018963,93.77761500559372
STU_018964,65.58003295316823
STU_018965,85.03761701807223
STU_018966,96.77446305056962
STU_018967,96.27066327385003
STU_018968,76.78903479480171
STU_018969,76.14379448301
STU_018970,89.742993340772
STU_018971,57.9003204196627
STU_018972,75.78690592363651
STU_018973,87.12294834833133
STU_018974,59.695202256904174
STU_018975,78.12463924514503
STU_018976,73.28631190471333
STU_018977,87.34550341971658
STU_018978,83.31083397976641
STU_018979,62.612374652874294
STU_018980,78.60389672647305
STU_018981,57.52301226812004
STU_018982,74.75608782414835
STU_018983,75.1121972584505
STU_018984,73.79469547339107
STU_018985,82.23034146279632
STU_018986,82.14555175343574
STU_018987,83.15465453329
STU_018988,72.71924989391673
STU_018989,85.12714058246175
STU_018990,85.16223099893753
STU_018991,62.53104079794405
STU_018992,71.42489397360185
STU_018993,75.4426545011746
STU_018994,81.4129269443074
STU_018995,93.02419009578612
STU_018996,68.17891808027258
STU_018997,68.65246845034196
STU_018998,73.23594738892602
STU_018999,90.28213767663775
STU_019000,72.9065424922129
STU_019001,65.86618355431646
STU_019002,67.8739311622199
STU_019003,85.63543303856343
STU_019004,79.8203272627291
STU_019005,91.18934624562581
STU_019006,90.94388532276601
STU_019007,100.0
STU_019008,76.9935921005616
STU_019009,100.0
STU_019010,51.01163994415275
STU_019011,84.89989212593252
STU_019012,75.9562736190122
STU_019013,64.0603128409214
STU_019014,100.0
STU_019015,51.49700303820681
STU_019016,60.63660446547233
STU_019017,93.63597924410723
STU_019018,74.97300103772719
STU_019019,73.50389758107656
STU_019020,95.79888493126685
STU_019021,38.57712440199398
STU_019022,69.51641695801975
STU_019023,91.5650992759071
STU_019024,71.84298550925244
STU_019025,92.73903199340893
STU_019026,94.55052066944876
STU_019027,77.378951290632
STU_019028,61.09296655756291
STU_019029,60.00897217034428
STU_019030,69.30779350649848
STU_019031,82.32737880142747
STU_019032,80.6270723373661
STU_019033,80.38017594866054
STU_019034,67.9643344595269
STU_019035,86.20433373074505
STU_019036,90.50046242815621
STU_019037,86.93254388501889
STU_019038,70.19010761400241
STU_019039,73.60400257291154
STU_019040,74.42476043491467
STU_019041,78.6845299196657
STU_019042,81.41012928853556
STU_019043,88.85116460746201
STU_019044,81.72478824366385
STU_019045,71.74281612158616
STU_019046,63.21568657871335
STU_019047,53.28652983753709
STU_019048,84.40896319269638
STU_019049,58.06436564013346
STU_019050,85.9070677306937
STU_019051,65.68638793824029
STU_019052,63.804278048956675
STU_019053,78.03524070728567
STU_019054,71.85463705597031
STU_019055,52.57636801957851
STU_019056,81.80250503410001
STU_019057,82.93504831317556
STU_019058,81.18256689271365
STU_019059,49.711056099947314
STU_019060,66.72361727533229
STU_019061,54.945041069223024
STU_019062,83.49616183003957
STU_019063,70.86397242838204
STU_019064,62.80850554966992
STU_019065,91.21826269139476
STU_019066,60.71774866337046
STU_019067,79.62805165385332
STU_019068,67.09101287704459
STU_019069,56.72690555415876
STU_019070,72.61616518367612
STU_019071,67.27326845018123
STU_019072,97.26638643044527
STU_019073,65.74046970930287
STU_019074,69.0202611502211
STU_019075,68.89223227259467
STU_019076,62.21055881066769
STU_019077,93.85446440549721
STU_019078,91.74238825169415
STU_019079,83.71063719699944
STU_019080,59.242746974874784
STU_019081,79.10498977455575
STU_019082,87.2240075597869
STU_019083,57.22643934850818
STU_019084,59.94590259510172
STU_019085,62.90366057794684
STU_019086,49.126365994632096
STU_019087,72.23518952707867
STU_019088,72.92115597153747
STU_019089,73.8090142897722
STU_019090,87.16435511195675
STU_019091,76.77751420374764
STU_019092,81.14194324533196
STU_019093,77.67686463535587
STU_019094,87.25735108507237
STU_019095,75.04307592781946
STU_019096,83.31543219425205
STU_019097,86.15672188257707
STU_019098,59.96969641950956
STU_019099,67.58474832928664
STU_019100,71.54057246749454
STU_019101,59.14492546631686
STU_019102,73.30429625648593
STU_019103,86.25387413475917
STU_019104,66.49062494957141
STU_019105,60.73986079118157
STU_019106,63.078146901728374
STU_019107,83.91107841295741
STU_019108,72.60396917954958
STU_019109,96.88659723392635
STU_019110,91.50234699934275
STU_019111,74.48762424762015
STU_019112,95.22444808339557
STU_019113,82.97985257409698
STU_019114,97.25815320556342
STU_019115,82.42416338291982
STU_019116,77.84211960601449
STU_019117,62.03507984265478
STU_019118,77.37701824489997
STU_019119,74.99238395974615
STU_019120,65.44445749122136
STU_019121,96.30800870933501
STU_019122,80.3795422892079
STU_019123,68.6439791506613
STU_019124,92.2759853519976
STU_019125,74.602488510992
STU_019126,74.70709553802382
STU_019127,70.1833942798275
STU_019128,89.2642534816834
STU_019129,62.907948436083984
STU_019130,59.17001516163355
STU_019131,84.04279963788687
STU_019132,89.70223970008033
STU_019133,60.60127868834587
STU_019134,66.105219395799
STU_019135,96.52538739043987
STU_019136,90.43284088764904
STU_019137,63.03520887543034
STU_019138,87.26295063373456
STU_019139,85.3765139186521
STU_019140,82.9888617484147
STU_019141,89.01749601802945
STU_019142,82.93973195646691
STU_019143,82.1810209659059
STU_019144,76.98425497926623
STU_019145,64.37976234892672
STU_019146,92.69503898571796
STU_019147,77.40546508455644
STU_019148,94.20337160329572
STU_019149,82.713762672061
STU_019150,80.04919790798945
STU_019151,90.56054172004012
STU_019152,49.522354227364794
STU_019153,69.73814845738589
STU_019154,90.16530072582606
STU_019155,100.0
STU_019156,77.3173774647427
STU_019157,85.96045742360687
STU_019158,55.1507772739068
STU_019159,71.96479830396704
STU_019160,65.41545575603664
STU_019161,61.695599363078486
STU_019162,61.67408509642365
STU_019163,74.74843391765523
STU_019164,72.10331968034535
STU_019165,81.76093926668887
STU_019166,92.30870171225304
STU_019167,85.62604931997893
STU_019168,88.67353189380258
STU_019169,70.24454162819343
STU_019170,90.01134401876202
STU_019171,75.57711770308411
STU_019172,86.32757822694182
STU_019173,76.27740186524768
STU_019174,59.28740007142784
STU_019175,74.08125588848668
STU_019176,76.69155228170614
STU_019177,92.66762914793372
STU_019178,37.45572599515393
STU_019179,75.77989997737285
STU_019180,65.95854432531156
STU_019181,92.86384492196387
STU_019182,61.31826533085301
STU_019183,92.66250436150918
STU_019184,90.58940478572768
STU_019185,96.05810806163504
STU_019186,95.80862789509095
STU_019187,73.04536868474513
STU_019188,95.47811444670376
STU_019189,86.31574244568183
STU_019190,73.26122105812505
STU_019191,61.79805036734906
STU_019192,93.78758821181921
STU_019193,69.40740323582855
STU_019194,68.2736627249214
STU_019195,81.1405545571602
STU_019196,80.1411484393218
STU_019197,91.2121682426683
STU_019198,75.72128147624542
STU_019199,100.0
STU_019200,70.09939653812333
STU_019201,82.64398166180425
STU_019202,76.11502126968476
STU_019203,56.218274737583315
STU_019204,60.73188825371515
STU_019205,79.50384765333663
STU_019206,52.47736907151672
STU_019207,69.10257118977394
STU_019208,68.72557855880575
STU_019209,71.14852312024557
STU_019210,61.44733032380455
STU_019211,66.74220320862175
STU_019212,72.72478552323001
STU_019213,68.64703886921396
STU_019214,70.45799360692232
STU_019215,97.79502481873439
STU_019216,69.73491686304209
STU_019217,75.08315535115051
STU_019218,47.94231163177896
STU_019219,82.12903916010471
STU_019220,74.14568060309502
STU_019221,62.688370717012305
STU_019222,81.01445543882787
STU_019223,79.79666442953132
STU_019224,94.4516813685715
STU_019225,57.14194984016416
STU_019226,58.735140974505555
STU_019227,68.37912254737233
STU_019228,59.24456867856284
STU_019229,79.70935631233453
STU_019230,67.37359172640652
STU_019231,84.51320590178454
STU_019232,85.35324385817938
STU_019233,56.53309230119129
STU_019234,67.7277082439919
STU_019235,79.29916645197355
STU_019236,80.07035518967362
STU_019237,73.98828446023634
STU_019238,73.14628213255764
STU_019239,84.67350643753862
STU_019240,77.50352382061146
STU_019241,94.43910477745197
STU_019242,67.5538076583435
STU_019243,89.26717358559334
STU_019244,78.21529485035677
STU_019245,52.83773102368414
STU_019246,59.97462572943455
STU_019247,85.27730578523031
STU_019248,85.30114116391786
STU_019249,91.18315683740641
STU_019250,62.188588140101075
STU_019251,91.07454702244857
STU_019252,71.35447898534082
STU_019253,62.156439626509815
STU_019254,50.654446292417816
STU_019255,68.01991234813887
STU_019256,85.63791337356598
STU_019257,62.13720299027079
STU_019258,53.46104264559531
STU_019259,72.70634581788266
STU_019260,80.1132540985209
STU_019261,68.52081068770867
STU_019262,89.27208209294311
STU_019263,72.87956706589554
STU_019264,75.39378955063646
STU_019265,89.90207516530064
STU_019266,84.47334683597828
STU_019267,55.62590276894687
STU_019268,73.05153929834914
STU_019269,80.33431666850218
STU_019270,85.62386901520242
STU_019271,52.36817418710868
STU_019272,67.18307149280298
STU_019273,89.58796723471221
STU_019274,99.45559257275235
STU_019275,100.0
STU_019276,59.561928966527894
STU_019277,95.60288786550495
STU_019278,82.9780820332767
STU_019279,77.10779316971075
STU_019280,60.89105864619886
STU_019281,84.78353255514332
STU_019282,63.85289116433387
STU_019283,96.35682261283023
STU_019284,82.05358393393578
STU_019285,71.94744362960547
STU_019286,89.95958941996284
STU_019287,79.86289807256816
STU_019288,64.97771814858554
STU_019289,87.93626993301633
STU_019290,79.08999508997707
STU_019291,77.61260766843762
STU_019292,77.40095924183439
STU_019293,65.3112134708153
STU_019294,70.0684336027425
STU_019295,63.288538635266626
STU_019296,69.29819674726411
STU_019297,83.36084819037889
STU_019298,87.6594089349503
STU_019299,89.62059928840898
STU_019300,81.6694828978281
STU_019301,68.7920808593607
STU_019302,73.55542878765245
STU_019303,69.72017678272547
STU_019304,90.38481200412053
STU_019305,68.55052297341965
STU_019306,61.534024931276846
STU_019307,65.0636697066486
STU_019308,54.296271339811945
STU_019309,70.71536236408751
STU_019310,85.7354775643102
STU_019311,90.37539171535497
STU_019312,71.74947851230931
STU_019313,83.60803609425088
STU_019314,86.70277141218423
STU_019315,74.11246103120426
STU_019316,86.95279929172764
STU_019317,75.17194817431519
STU_019318,85.0206197493091
STU_019319,91.37462366109573
STU_019320,96.3678029209093
STU_019321,75.75140799216669
STU_019322,83.74522875177654
STU_019323,73.12775864726214
STU_019324,90.51988898688846
STU_019325,74.89767834881884
STU_019326,93.49691989797546
STU_019327,95.03787142563029
STU_019328,94.9790391088453
STU_019329,89.74100278889227
STU_019330,81.43024845118295
STU_019331,78.49004963923689
STU_019332,67.59731648921108
STU_019333,87.93767992145781
STU_019334,61.092490972820976
STU_019335,65.54062174315696
STU_019336,67.37788611976174
STU_019337,92.58566773345457
STU_019338,66.06912532994635
STU_019339,91.26850199623618
STU_019340,98.50746930413433
STU_019341,78.90097896929002
STU_019342,59.48069113790683
STU_019343,73.24990718861984
STU_019344,62.05337977329819
STU_019345,70.2348516806434
STU_019346,76.99142039985007
STU_019347,51.91283558149112
STU_019348,93.09208727976889
STU_019349,84.25359477487203
STU_019350,57.422538601805165
STU_019351,85.92824027127128
STU_019352,79.96701995892408
STU_019353,82.68583214673944
STU_019354,70.51399255511184
STU_019355,78.93147732428167
STU_019356,58.06737817417393
STU_019357,56.30125485187689
STU_019358,77.66663461984187
STU_019359,86.02708902878469
STU_019360,65.46515586681866
STU_019361,83.39199746209621
STU_019362,62.40934612823004
STU_019363,68.43252900139014
STU_019364,75.8195496672007
STU_019365,83.27866793982994
STU_019366,94.9507968757554
STU_019367,99.74104584030061
STU_019368,77.13612049933708
STU_019369,77.83125895600362
STU_019370,72.8107335433557
STU_019371,84.58446155534929
STU_019372,71.62961419119041
STU_019373,62.352787545124215
STU_019374,68.20002440089814
STU_019375,80.61220866875733
STU_019376,92.54453413508611
STU_019377,86.2855085218959
STU_019378,68.47494484178611
STU_019379,54.75368519205002
STU_019380,89.99194773727767
STU_019381,65.78076140156686
STU_019382,70.44111066200804
STU_019383,81.39297123860882
STU_019384,59.78979468393731
STU_019385,86.71578278201278
STU_019386,70.90400948602304
STU_019387,60.658742520956864
STU_019388,67.38986755339386
STU_019389,95.64821217722194
STU_019390,46.268703200428504
STU_019391,77.78202577539773
STU_019392,77.06660740906091
STU_019393,77.72982403311171
STU_019394,73.22779218664927
STU_019395,79.68505249600071
STU_019396,94.14767879633843
STU_019397,72.31373809379916
STU_019398,59.71243865321888
STU_019399,57.41972515607111
STU_019400,91.7965225246127
STU_019401,66.60704449829966
STU_019402,64.53229893027464
STU_019403,82.80833710923487
STU_019404,88.23972479904418
STU_019405,82.80996584914936
STU_019406,69.16603873030535
STU_019407,66.37579283186273
STU_019408,81.57459844705835
STU_019409,68.20110324600587
STU_019410,73.839057346413
STU_019411,80.3173282371593
STU_019412,60.331614641603075
STU_019413,71.08411996659699
STU_019414,67.9581644838317
STU_019415,83.15683780469946
STU_019416,82.71888715241094
STU_019417,89.76618459455025
STU_019418,94.88880541026234
STU_019419,74.97915598568018
STU_019420,75.14117691038989
STU_019421,78.25307350162555
STU_019422,77.00643947332004
STU_019423,70.2586988891506
STU_019424,90.35740620081435
STU_019425,60.317958059646806
STU_019426,82.10836426749913
STU_019427,89.08443003283334
STU_019428,93.8465438525067
STU_019429,72.89710581431056
STU_019430,82.28626670047959
STU_019431,52.54650495210376
STU_019432,76.44045740427505
STU_019433,63.94741954283421
STU_019434,55.26233317739901
STU_019435,98.48519914856689
STU_019436,58.89942513478335
STU_019437,90.10932132932231
STU_019438,80.4714850280028
STU_019439,56.41189791783562
STU_019440,66.69222061906632
STU_019441,80.89215051679619
STU_019442,72.25197154559068
STU_019443,59.57200278808694
STU_019444,93.91660848313211
STU_019445,90.28396466046962
STU_019446,51.80103250977315
STU_019447,75.98913607235433
STU_019448,70.30191089716426
STU_019449,61.16173389403877
STU_019450,71.5301970913326
STU_019451,65.08775872035478
STU_019452,85.87153963327796
STU_019453,81.73132204626823
STU_019454,77.25688077188808
STU_019455,67.86811810319918
STU_019456,68.71405039180318
STU_019457,62.59886565498344
STU_019458,71.29159428507184
STU_019459,62.09779141798771
STU_019460,89.59175823170231
STU_019461,94.01306883429541
STU_019462,97.19463726735609
STU_019463,64.156634650627
STU_019464,73.66043288971643
STU_019465,67.9694488926423
STU_019466,70.1218579948033
STU_019467,71.64589240445223
STU_019468,87.66378390736853
STU_019469,71.84300514292943
STU_019470,88.67591414797324
STU_019471,95.62289385770816
STU_019472,87.99132065737535
STU_019473,92.30843195723568
STU_019474,64.09069776109749
STU_019475,58.89655427082718
STU_019476,93.83319756384341
STU_019477,63.796818377789975
STU_019478,70.24802824558918
STU_019479,74.87033811408163
STU_019480,88.5724695164625
STU_019481,72.41402974600211
STU_019482,74.48670372492097
STU_019483,71.5494231468766
STU_019484,81.63354024341128
STU_019485,58.28837364246209
STU_019486,37.30528849199377
STU_019487,66.74262089934481
STU_019488,91.7524770030418
STU_019489,66.6805911497916
STU_019490,74.1537961814573
STU_019491,54.266837330116964
STU_019492,70.52862187653085
STU_019493,62.594077056709246
STU_019494,58.882471999951306
STU_019495,91.83339528493642
STU_019496,90.23467873243519
STU_019497,59.291724414431144
STU_019498,90.87801980877356
STU_019499,94.35749198750763
STU_019500,89.1285767391218
STU_019501,87.67692878397703
STU_019502,66.50142087374878
STU_019503,68.73671174999895
STU_019504,91.44242630536633
STU_019505,58.608545860468226
STU_019506,81.6549882412348
STU_019507,92.12733357809805
STU_019508,96.36470104228948
STU_019509,97.85845067813565
STU_019510,89.41370651456535
STU_019511,52.67664443102662
STU_019512,79.13840912853993
STU_019513,64.31667650404906
STU_019514,53.35478979839334
STU_019515,59.578645547775395
STU_019516,86.9997346301515
STU_019517,67.2446328897129
STU_019518,67.61966646760864
STU_019519,65.47700092016314
STU_019520,82.5368771495391
STU_019521,64.86952075254958
STU_019522,72.37937997161602
STU_019523,91.69138918999418
STU_019524,79.73190225828789
STU_019525,86.33148549088438
STU_019526,72.90079542999116
STU_019527,73.51521112421746
STU_019528,68.33876601864422
STU_019529,94.90815782250385
STU_019530,87.75529549291024
STU_019531,90.57888169803812
STU_019532,48.046742861699855
STU_019533,78.7443666297578
STU_019534,75.21409827314251
STU_019535,74.16066795305922
STU_019536,66.86519993016569
STU_019537,54.607771853932604
STU_019538,75.88320845636653
STU_019539,71.12774496954673
STU_019540,62.81953961426659
STU_019541,80.28720613672189
STU_019542,99.6108722059062
STU_019543,100.0
STU_019544,77.24607062547425
STU_019545,89.18689357832353
STU_019546,55.15599450577378
STU_019547,65.36331350729091
STU_019548,90.3586759280522
STU_019549,83.5293745575355
STU_019550,97.17492483526036
STU_019551,74.98412381547979
STU_019552,68.00235373612122
STU_019553,72.6750722011511
STU_019554,60.19953095990796
STU_019555,96.36130772753529
STU_019556,70.94478008536673
STU_019557,96.07520569807984
STU_019558,62.60345534431501
STU_019559,84.81545569322536
STU_019560,83.03090154523636
STU_019561,43.943673960367946
STU_019562,91.86805221137976
STU_019563,75.39854899779503
STU_019564,69.70888902609954
STU_019565,62.98737576483129
STU_019566,83.95811092408196
STU_019567,83.28075908112564
STU_019568,67.60221661640567
STU_019569,62.46683857570145
STU_019570,73.5929967364021
STU_019571,44.8451474794061
STU_019572,64.1145928791997
STU_019573,69.70092594207469
STU_019574,78.35400459593426
STU_019575,80.79118740646193
STU_019576,92.81124901150069
STU_019577,69.79901423537908
STU_019578,65.20450481970852
STU_019579,69.64488707818488
STU_019580,65.6286353679522
STU_019581,97.69229025561805
STU_019582,80.2004124830299
STU_019583,75.21865075215509
STU_019584,68.13495627010904
STU_019585,82.86780021619387
STU_019586,74.74291988973717
STU_019587,83.57902619414347
STU_019588,73.6779212723695
STU_019589,65.53694970595636
STU_019590,98.00580271767554
STU_019591,88.93416510562591
STU_019592,71.6852930310319
STU_019593,65.90815707655474
STU_019594,89.72885229993884
STU_019595,71.6026940682794
STU_019596,94.83050769562608
STU_019597,69.7854168605249
STU_019598,76.23928465952072
STU_019599,68.86138799824327
STU_019600,96.68827448321903
STU_019601,75.63554503085066
STU_019602,77.77046419596344
STU_019603,94.55493176493759
STU_019604,93.43957229148293
STU_019605,76.7136069381804
STU_019606,84.59472473815433
STU_019607,61.333483807731
STU_019608,68.51335205298321
STU_019609,90.04700915220428
STU_019610,63.01083305362606
STU_019611,71.93251033411757
STU_019612,58.3023686113152
STU_019613,56.44634265449898
STU_019614,63.031294171205175
STU_019615,91.33786177825714
STU_019616,68.90826706115756
STU_019617,77.947540203595
STU_019618,64.08353802525717
STU_019619,90.83139010815422
STU_019620,78.72286660309759
STU_019621,74.5556046963994
STU_019622,80.82536691721482
STU_019623,72.84007437986773
STU_019624,97.17298233760297
STU_019625,38.93626176211873
STU_019626,85.5624975166557
STU_019627,91.68774390938516
STU_019628,72.83396317159794
STU_019629,80.49430707896359
STU_019630,94.48499474141741
STU_019631,65.0822896079904
STU_019632,93.47454823989268
STU_019633,93.90765057745907
STU_019634,85.96353770522359
STU_019635,74.65508860532887
STU_019636,64.22590776346804
STU_019637,80.19237232879999
STU_019638,71.05288969608108
STU_019639,63.82309028247211
STU_019640,85.83438040050885
STU_019641,90.58679126116448
STU_019642,83.04780008991015
STU_019643,90.86714103495206
STU_019644,72.36897063679605
STU_019645,71.33837427574318
STU_019646,77.35541058607056
STU_019647,78.38272471981452
STU_019648,55.18503873974034
STU_019649,60.84006154454273
STU_019650,66.41466061716339
STU_019651,73.85942733409918
STU_019652,75.12454472009901
STU_019653,71.77419552587708
STU_019654,55.22841843043196
STU_019655,60.27079336878104
STU_019656,46.61928436282483
STU_019657,68.99289862763965
STU_019658,69.08650042699222
STU_019659,75.74538041233961
STU_019660,69.54266785339435
STU_019661,76.65355996418442
STU_019662,69.44360229027104
STU_019663,77.33190035669318
STU_019664,67.48154493343715
STU_019665,87.3820515316919
STU_019666,89.94902788593049
STU_019667,75.65279792215141
STU_019668,54.035461793114415
STU_019669,61.99117544749828
STU_019670,82.63466242204777
STU_019671,52.398270690061764
STU_019672,83.98691660709738
STU_019673,72.15638886696524
STU_019674,79.70387509855024
STU_019675,70.60124989755927
STU_019676,78.7037693717833
STU_019677,86.29461031182892
STU_019678,100.0
STU_019679,88.74186033471716
STU_019680,84.83136223719006
STU_019681,90.70697863322658
STU_019682,88.28605854547385
STU_019683,71.42822557696462
STU_019684,67.05347148910131
STU_019685,91.02292481425391
STU_019686,83.68889917421195
STU_019687,64.18142291880305
STU_019688,84.42240036825636
STU_019689,69.25724506709075
STU_019690,82.5317284239787
STU_019691,63.67586154899807
STU_019692,53.62232094380871
STU_019693,95.86948202573427
STU_019694,81.6229561892097
STU_019695,54.11535385760507
STU_019696,63.614773191652674
STU_019697,94.1430253689539
STU_019698,94.05016227287527
STU_019699,76.29878961102035
STU_019700,83.08232439716139
STU_019701,63.470463294681025
STU_019702,74.90579506323057
STU_019703,85.09060008281227
STU_019704,76.55915800472651
STU_019705,63.969261379981035
STU_019706,86.936732871858
STU_019707,64.18442989004645
STU_019708,80.9466895386393
STU_019709,70.83509099530818
STU_019710,63.953117033375534
STU_019711,96.08284128864838
STU_019712,47.713581879929734
STU_019713,89.2979714271165
STU_019714,65.5248996481919
STU_019715,84.3455318557351
STU_019716,84.21366058951173
STU_019717,94.39626234425084
STU_019718,69.93904438294378
STU_019719,94.83164577859336
STU_019720,95.46436415816036
STU_019721,58.17369288193665
STU_019722,70.94086604110231
STU_019723,82.1567051965884
STU_019724,73.84337564666504
STU_019725,91.28364488756047
STU_019726,60.84311073989447
STU_019727,89.26700380280322
STU_019728,79.59537415891593
STU_019729,72.28468996265498
STU_019730,71.77623758175453
STU_019731,62.74571508144294
STU_019732,83.68848723162333
STU_019733,75.4524017029035
STU_019734,74.58213545445983
STU_019735,85.14282576892583
STU_019736,96.81702497947364
STU_019737,94.08642870994022
STU_019738,86.61213169883213
STU_019739,68.36975494902651
STU_019740,73.71634301059268
STU_019741,97.44581555201562
STU_019742,76.64152213568849
STU_019743,86.43534154415357
STU_019744,71.4035928416936
STU_019745,85.89092357718387
STU_019746,91.0237750032209
STU_019747,77.15494770025215
STU_019748,61.638029508361285
STU_019749,64.7621759126877
STU_019750,70.56702317682597
STU_019751,74.24652088999977
STU_019752,60.91023372507891
STU_019753,91.39844567385438
STU_019754,72.78294725682507
STU_019755,82.43610585927803
STU_019756,52.763191949504694
STU_019757,81.18044015047735
STU_019758,60.530608598129824
STU_019759,75.4962402382009
STU_019760,79.64316688725222
STU_019761,64.087770740743
STU_019762,84.4931843977795
STU_019763,71.9850006354759
STU_019764,58.05825817623227
STU_019765,85.13492433792055
STU_019766,70.02113293537371
STU_019767,49.04623102763872
STU_019768,82.0473853494353
STU_019769,66.36536101333807
STU_019770,78.40792477789934
STU_019771,92.67040846324917
STU_019772,67.6914259377881
STU_019773,87.6024407883573
STU_019774,54.422871157528284
STU_019775,88.94327659997879
STU_019776,56.134726727701164
STU_019777,74.30467538904111
STU_019778,75.63499769764027
STU_019779,73.8272077170183
STU_019780,78.06200544107425
STU_019781,55.768844639410986
STU_019782,75.13847239684675
STU_019783,68.31196349687757
STU_019784,76.91903030978057
STU_019785,74.41513288379036
STU_019786,49.31198707612647
STU_019787,75.99221642245298
STU_019788,73.9522664142214
STU_019789,82.85555975113112
STU_019790,64.67534047489865
STU_019791,54.58217144284554
STU_019792,79.13903002543302
STU_019793,63.638647791375746
STU_019794,83.68596037252465
STU_019795,71.94754666193874
STU_019796,88.4991195190029
STU_019797,49.03067167858555
STU_019798,87.95888421727241
STU_019799,83.23694493620697
STU_019800,55.199080041810035
STU_019801,77.06304938260577
STU_019802,86.36592308074094
STU_019803,70.23615516634368
STU_019804,77.2829682005692
STU_019805,74.4645300722462
STU_019806,61.982657933011026
STU_019807,61.32786785071802
STU_019808,70.57033959572499
STU_019809,93.17528117251965
STU_019810,68.53873262331011
STU_019811,68.59735626169093
STU_019812,87.020578267887
STU_019813,74.09193068924243
STU_019814,86.83287322843157
STU_019815,85.33108180497676
STU_019816,78.03157418489872
STU_019817,97.39578985669459
STU_019818,69.69455860033507
STU_019819,100.0
STU_019820,65.0656956848749
STU_019821,78.13579999947063
STU_019822,64.76551329363926
STU_019823,82.09621993617887
STU_019824,95.82245297169133
STU_019825,78.48032163176849
STU_019826,83.63165424912017
STU_019827,85.42046726147636
STU_019828,85.455394548073
STU_019829,74.84053536098031
STU_019830,90.05981417263826
STU_019831,84.8859423603821
STU_019832,90.6796890359538
STU_019833,74.63906588359094
STU_019834,73.46317278058633
STU_019835,70.47585744204072
STU_019836,87.04469263844967
STU_019837,73.44644136799101
STU_019838,75.54251706955678
STU_019839,79.10469706214843
STU_019840,63.198455029369725
STU_019841,67.02556617560059
STU_019842,70.38632268110626
STU_019843,68.21916779413174
STU_019844,74.31210130973875
STU_019845,76.08048083546113
STU_019846,94.16359261268829
STU_019847,96.66319537971087
STU_019848,68.02312249349269
STU_019849,88.98536996091993
STU_019850,75.21160538299382
STU_019851,99.44538345139262
STU_019852,66.33212162119924
STU_019853,82.27391842309132
STU_019854,82.03824975552793
STU_019855,78.69929035279085
STU_019856,72.03582883266117
STU_019857,83.55641211694373
STU_019858,99.19362018093184
STU_019859,96.71251731927921
STU_019860,88.91039774703123
STU_019861,63.95892463016015
STU_019862,68.89075777913739
STU_019863,76.82238355685917
STU_019864,78.47946494064294
STU_019865,87.73129683478865
STU_019866,87.8510208357539
STU_019867,82.243046856028
STU_019868,78.34086942868409
STU_019869,72.49105230278094
STU_019870,75.77793506603166
STU_019871,94.10372467242685
STU_019872,100.0
STU_019873,76.8209008086505
STU_019874,56.27451192659017
STU_019875,76.44269387439738
STU_019876,98.14628096904767
STU_019877,65.95635107490853
STU_019878,62.692408281552204
STU_019879,90.68602046863501
STU_019880,56.74769674533374
STU_019881,72.6989849385005
STU_019882,87.7982075873964
STU_019883,60.71092459702736
STU_019884,68.65766877793698
STU_019885,79.82250262302685
STU_019886,72.00403842882503
STU_019887,99.41796288936524
STU_019888,61.22372592811558
STU_019889,87.86389424424057
STU_019890,83.19513008251971
STU_019891,76.3686125937217
STU_019892,71.39088054141371
STU_019893,93.03773595780737
STU_019894,61.39387136953017
STU_019895,74.88865365793048
STU_019896,83.29282991879484
STU_019897,82.56969466391328
STU_019898,72.92356292592893
STU_019899,84.28830667906766
STU_019900,82.55867652987513
STU_019901,69.68694163840557
STU_019902,77.4027515348936
STU_019903,89.03971960475815
STU_019904,71.28851022265364
STU_019905,80.3772511916473
STU_019906,65.77262507812105
STU_019907,56.36716205291526
STU_019908,52.60439154147164
STU_019909,64.39537481891331
STU_019910,95.15418191622477
STU_019911,100.0
STU_019912,70.40064569637616
STU_019913,81.34976042832494
STU_019914,61.278778152993624
STU_019915,80.5180785923321
STU_019916,66.24465352627557
STU_019917,65.1719608537472
STU_019918,91.85512938221436
STU_019919,72.39022545272725
STU_019920,95.06872999541785
STU_019921,70.04674118764676
STU_019922,93.46440561845596
STU_019923,63.818990957478945
STU_019924,98.79001765940046
STU_019925,89.73949475376651
STU_019926,73.48062848633504
STU_019927,81.02908401754787
STU_019928,82.54745230623541
STU_019929,80.72504799882725
STU_019930,67.84844832082831
STU_019931,95.00905536031024
STU_019932,83.46228094331653
STU_019933,62.0168183472492
STU_019934,91.16265456043207
STU_019935,52.82585971038047
STU_019936,88.80643338098855
STU_019937,83.89434710480334
STU_019938,69.38480424249786
STU_019939,85.92817260794875
STU_019940,84.17003494656855
STU_019941,69.4683663430356
STU_019942,70.17383962329946
STU_019943,82.53761838046597
STU_019944,95.86501299057136
STU_019945,78.75894032380279
STU_019946,85.16868348239112
STU_019947,69.63516207257146
STU_019948,85.53656916139548
STU_019949,80.6769664009136
STU_019950,71.35319917872685
STU_019951,64.43669221692195
STU_019952,54.56645005111679
STU_019953,68.53809966163907
STU_019954,78.81890766928181
STU_019955,57.372098487418384
STU_019956,63.44134495554722
STU_019957,77.11896304810472
STU_019958,77.14555121393369
STU_019959,80.65947010805787
STU_019960,69.46174534765417
STU_019961,69.95200247006588
STU_019962,76.84728070540585
STU_019963,62.26437468831028
STU_019964,70.90289186176337
STU_019965,68.66087986205622
STU_019966,85.85610358322884
STU_019967,92.0945311997904
STU_019968,76.22707665406932
STU_019969,50.48063488697327
STU_019970,96.11213314756908
STU_019971,91.9219040590022
STU_019972,74.45480604543404
STU_019973,76.26909560646578
STU_019974,91.44172336399427
STU_019975,75.15033770643488
STU_019976,75.89137823240071
STU_019977,69.66616069662044
STU_019978,60.19672058625859
STU_019979,53.71766312948348
STU_019980,63.40911661629652
STU_019981,100.0
STU_019982,79.078418902208
STU_019983,89.7708136338643
STU_019984,94.73253225814372
STU_019985,87.70804358989403
STU_019986,87.81588997689666
STU_019987,85.10481645359573
STU_019988,69.83595562039388
STU_019989,73.93508027348676
STU_019990,79.0606494715863
STU_019991,88.64800986932096
STU_019992,81.52939722348832
STU_019993,88.63136195667103
STU_019994,52.05589544547742
STU_019995,75.88360847487674
STU_019996,65.4834762968945
STU_019997,78.12750878434301
STU_019998,57.98298055377525
STU_019999,85.6509817821482
STU_020000,76.50183100178322
