student_id,career_success_score
STU_010001,58.347447623207486
STU_010002,76.77550206691882
STU_010003,74.36159685041397
STU_010004,97.03201785919696
STU_010005,78.06361026412203
STU_010006,72.71775281991998
STU_010007,76.5068802597898
STU_010008,78.16367210080327
STU_010009,70.44847993354074
STU_010010,59.4161539692381
STU_010011,94.06984962099044
STU_010012,77.08826320485646
STU_010013,82.59993691636906
STU_010014,91.10942062708223
STU_010015,51.705943426709915
STU_010016,66.87687824044626
STU_010017,59.02567535135873
STU_010018,58.61398791462654
STU_010019,90.42216399934395
STU_010020,69.37489741930855
STU_010021,86.18550004425549
STU_010022,96.20281328351214
STU_010023,93.30710452892103
STU_010024,66.60394696729034
STU_010025,80.1040704461182
STU_010026,90.64661514248911
STU_010027,73.99717675968641
STU_010028,85.86486088908391
STU_010029,96.65828073030171
STU_010030,64.59380496845012
STU_010031,64.78964854276637
STU_010032,90.84310656379158
STU_010033,61.0657527388178
STU_010034,89.4796677893798
STU_010035,79.73712861009062
STU_010036,63.71477465484939
STU_010037,71.92747890007487
STU_010038,89.17123068141797
STU_010039,64.12190414331523
STU_010040,80.50874117904843
STU_010041,86.68488018331475
STU_010042,69.4702634647862
STU_010043,80.81340120892557
STU_010044,74.86744670142207
STU_010045,78.75096024043302
STU_010046,56.5789885193955
STU_010047,70.3412606594245
STU_010048,81.42978829099707
STU_010049,51.07944619242776
STU_010050,62.368415381357195
STU_010051,74.09571396870874
STU_010052,64.5831078594909
STU_010053,68.72420581105308
STU_010054,71.0335548428923
STU_010055,67.01488166930648
STU_010056,64.3492982136807
STU_010057,63.81262405811814
STU_010058,97.79148225171596
STU_010059,88.0399889105166
STU_010060,70.97476223262683
STU_010061,42.01813992212431
STU_010062,76.44174663492778
STU_010063,69.43838337542263
STU_010064,90.20291378265699
STU_010065,57.86011165236968
STU_010066,60.39939681198473
STU_010067,91.48256824205176
STU_010068,59.327904683318074
STU_010069,72.11180007964428
STU_010070,67.94035232347142
STU_010071,95.55784957444968
STU_010072,69.77981199061944
STU_010073,91.51811799389912
STU_010074,59.70960405267665
STU_010075,72.61679140673148
STU_010076,96.35406670023292
STU_010077,83.40374527206635
STU_010078,85.83962757520293
STU_010079,79.61489990035936
STU_010080,78.5058060964676
STU_010081,61.36552494779963
STU_010082,76.50239558969818
STU_010083,80.24626717509867
STU_010084,80.94164877878879
STU_010085,70.40961569061645
STU_010086,79.60449302764584
STU_010087,70.57072850779781
STU_010088,64.19148295239071
STU_010089,84.16567186336854
STU_010090,79.29444645108933
STU_010091,58.490748621903336
STU_010092,70.58787899750321
STU_010093,62.80709415599547
STU_010094,89.08232713491195
STU_010095,55.79624051776217
STU_010096,83.55436830042721
STU_010097,67.71786184552215
STU_010098,83.6192391793251
STU_010099,67.47467365220095
STU_010100,69.41540780772142
STU_010101,79.6081319661717
STU_010102,64.70052220581675
STU_010103,89.90606876851588
STU_010104,54.664464999836426
STU_010105,96.54919919943389
STU_010106,50.19679284128812
STU_010107,84.43986485592244
STU_010108,80.9717569363875
STU_010109,70.1990292574082
STU_010110,79.75142268369824
STU_010111,91.76267089567953
STU_010112,79.35074331643128
STU_010113,72.4100026191823
STU_010114,82.4305283323223
STU_010115,78.79902537235185
STU_010116,91.90641447362705
STU_010117,76.08440011889135
STU_010118,89.58737468252608
STU_010119,69.45988360584136
STU_010120,71.49811813401033
STU_010121,82.74368126327771
STU_010122,80.43125082978106
STU_010123,92.32052475572965
STU_010124,72.01668480844145
STU_010125,80.5963171078312
STU_010126,70.25913218109523
STU_010127,59.09344190907895
STU_010128,92.86662824224088
STU_010129,80.96997959869218
STU_010130,75.03609433163867
STU_010131,62.66890999836625
STU_010132,72.74909821905459
STU_010133,72.32422423783319
STU_010134,66.21350422071272
STU_010135,44.67282806341421
STU_010136,71.98857447781961
STU_010137,59.22617904782211
STU_010138,78.05313463093388
STU_010139,78.49177976352662
STU_010140,88.10638830094868
STU_010141,58.14208329923281
STU_010142,86.96038005743446
STU_010143,72.59438426368673
STU_010144,74.48040657274173
STU_010145,90.50429566600044
STU_010146,83.10771348659611
STU_010147,55.38220788226233
STU_010148,57.373380091842876
STU_010149,61.79249655485721
STU_010150,91.66555506594399
STU_010151,69.46684038499167
STU_010152,81.33206278344709
STU_010153,72.0885897927655
STU_010154,83.1825095784916
STU_010155,64.292914882056
STU_010156,88.82941929854962
STU_010157,100.0
STU_010158,69.34190955997235
STU_010159,86.0624143868481
STU_010160,65.07717402037926
STU_010161,92.25467613445694
STU_010162,100.0
STU_010163,79.63915814429362
STU_010164,71.89374081723946
STU_010165,75.78874591141188
STU_010166,91.68374878587414
STU_010167,83.43590795827015
STU_010168,75.60398457873066
STU_010169,68.77521968162756
STU_010170,85.03892528316186
STU_010171,72.2674665076439
STU_010172,97.8927911126789
STU_010173,67.72279653723584
STU_010174,75.55721661313167
STU_010175,78.56606850734963
STU_010176,66.83617855836202
STU_010177,91.83430100649457
STU_010178,81.64383099554566
STU_010179,81.97006078555991
STU_010180,74.70665959847294
STU_010181,76.01643608539736
STU_010182,75.83904272008081
STU_010183,81.00207577263703
STU_010184,81.99759669264631
STU_010185,65.66415981690773
STU_010186,88.05579758635112
STU_010187,63.22771554536844
STU_010188,89.16669057116712
STU_010189,71.89951084911688
STU_010190,60.621033465696726
STU_010191,46.847112927414855
STU_010192,84.68503385127181
STU_010193,65.61813094086142
STU_010194,83.9864545502478
STU_010195,85.60700504976205
STU_010196,71.35532912838184
STU_010197,80.69773677410222
STU_010198,85.66465959816156
STU_010199,97.03007056901009
STU_010200,72.51242217908064
STU_010201,98.29825736470859
STU_010202,80.68319426791459
STU_010203,74.0433079046055
STU_010204,91.34925424205436
STU_010205,82.35318088481985
STU_010206,92.8684694922701
STU_010207,50.91258851955279
STU_010208,73.36666932985504
STU_010209,66.38626992722357
STU_010210,89.69260700639295
STU_010211,74.15601736140906
STU_010212,92.27155941756018
STU_010213,87.1754054803916
STU_010214,67.79384518242975
STU_010215,69.23463084716337
STU_010216,59.79283521635046
STU_010217,81.15900466660605
STU_010218,57.98098095366526
STU_010219,80.74961125117851
STU_010220,70.60435958484751
STU_010221,80.74257299490907
STU_010222,58.09060317430915
STU_010223,81.43128874742709
STU_010224,100.0
STU_010225,61.07673858186532
STU_010226,83.08221174724903
STU_010227,59.477347428735406
STU_010228,87.47553739212248
STU_010229,76.49037130679126
STU_010230,62.73042875962489
STU_010231,54.6842473108357
STU_010232,93.90746436564646
STU_010233,60.30115619394657
STU_010234,80.65167448548164
STU_010235,50.38214384374393
STU_010236,91.17954748224898
STU_010237,82.72812823903246
STU_010238,70.25460035682637
STU_010239,49.78728885049332
STU_010240,73.579289821511
STU_010241,80.89702659426446
STU_010242,79.65354497250574
STU_010243,64.42731956969922
STU_010244,85.7594935161718
STU_010245,59.456743744155794
STU_010246,49.735494237531306
STU_010247,94.6482645821801
STU_010248,86.05364849727128
STU_010249,69.23468676340758
STU_010250,98.056547719677
STU_010251,77.09932490712745
STU_010252,100.0
STU_010253,62.94467896411106
STU_010254,96.74431326961422
STU_010255,68.74101675114906
STU_010256,60.350203622326134
STU_010257,75.99407373448402
STU_010258,84.67759683020677
STU_010259,82.08201604316778
STU_010260,69.50133360570948
STU_010261,63.61079363070799
STU_010262,59.171212481339424
STU_010263,56.60086172817179
STU_010264,100.0
STU_010265,68.31156876844567
STU_010266,77.56185314993792
STU_010267,63.5435760239734
STU_010268,84.95155157397653
STU_010269,76.40131897329539
STU_010270,88.47042302431144
STU_010271,82.88466120690146
STU_010272,63.309195265605524
STU_010273,82.52069914887488
STU_010274,62.30287671176201
STU_010275,87.79241403970686
STU_010276,62.6868515674406
STU_010277,80.94086612599789
STU_010278,83.04271216558304
STU_010279,65.51952783148451
STU_010280,66.91247443193555
STU_010281,60.66805824142002
STU_010282,65.18415755976221
STU_010283,82.42307797618454
STU_010284,67.14459401664551
STU_010285,57.56248965916221
STU_010286,78.55413478275761
STU_010287,91.79751412215484
STU_010288,62.9061431417446
STU_010289,54.72081425207003
STU_010290,82.6091144454116
STU_010291,48.43836325792468
STU_010292,85.88045735043474
STU_010293,67.50897318088164
STU_010294,58.9308558800315
STU_010295,70.10122617542123
STU_010296,83.2197840585618
STU_010297,84.3582184347982
STU_010298,94.03509676220222
STU_010299,89.98195337857109
STU_010300,60.07635368679604
STU_010301,80.944417303868
STU_010302,81.92605187794359
STU_010303,72.82188483865278
STU_010304,60.5981710643773
STU_010305,85.82414655675092
STU_010306,64.0034978566727
STU_010307,65.88447827938018
STU_010308,74.54691480643234
STU_010309,71.04473338469096
STU_010310,59.0904315339155
STU_010311,64.76278855053641
STU_010312,76.53370306202712
STU_010313,74.5605982478778
STU_010314,83.55858095355929
STU_010315,87.33444169718886
STU_010316,90.81321216288622
STU_010317,89.30434017309298
STU_010318,73.84916897137302
STU_010319,91.4791884286382
STU_010320,96.37819209194478
STU_010321,68.74462635909872
STU_010322,92.80504785931954
STU_010323,74.86441552356926
STU_010324,93.31232277927536
STU_010325,89.95756316592879
STU_010326,79.27772947900641
STU_010327,67.12937282361888
STU_010328,82.01345582127765
STU_010329,92.16873662536534
STU_010330,84.1753302184891
STU_010331,95.80360840912395
STU_010332,63.64858674066826
STU_010333,100.0
STU_010334,70.46217905058036
STU_010335,92.98331877389674
STU_010336,55.89222035482433
STU_010337,64.05240374903762
STU_010338,81.43943867048257
STU_010339,79.14321235695243
STU_010340,63.46766140750163
STU_010341,94.40169033958963
STU_010342,60.871963644625794
STU_010343,61.48925770663756
STU_010344,77.06113430549853
STU_010345,85.06457063962173
STU_010346,89.07166720421866
STU_010347,53.35786966031049
STU_010348,60.00632512530222
STU_010349,84.64012498582068
STU_010350,84.76916625906115
STU_010351,72.68671619201496
STU_010352,71.10423887634005
STU_010353,93.20893044144353
STU_010354,71.42060186301359
STU_010355,75.23442478285062
STU_010356,88.18278380586095
STU_010357,91.94799212415968
STU_010358,76.79358316010239
STU_010359,63.99621307185633
STU_010360,69.52135152648617
STU_010361,97.25990630084276
STU_010362,75.7629022662824
STU_010363,75.38271502060603
STU_010364,96.18060321292666
STU_010365,89.72159640221044
STU_010366,96.74237484583148
STU_010367,70.29739066119824
STU_010368,65.6675758208213
STU_010369,88.23018553264114
STU_010370,80.23564983825082
STU_010371,69.16085885809639
STU_010372,79.99031041696222
STU_010373,70.00589893934756
STU_010374,78.0897178174071
STU_010375,96.91481019931281
STU_010376,50.88051398564547
STU_010377,77.26571286667442
STU_010378,78.44355801204334
STU_010379,67.2163036229563
STU_010380,64.27452658323107
STU_010381,74.04987345943964
STU_010382,90.0702763982938
STU_010383,79.9062862668806
STU_010384,90.0913286957686
STU_010385,77.67684529202882
STU_010386,65.90894103958547
STU_010387,58.39285369567661
STU_010388,96.1390686505219
STU_010389,77.73745477981039
STU_010390,56.435351456166146
STU_010391,61.47800125108424
STU_010392,76.53488305510619
STU_010393,79.74972727797181
STU_010394,75.20204699820806
STU_010395,75.00411600678636
STU_010396,77.79208559260869
STU_010397,87.03005880720764
STU_010398,86.40004846823145
STU_010399,59.40825108520676
STU_010400,71.98177372685393
STU_010401,49.86516188626132
STU_010402,73.13585828521272
STU_010403,76.4584742924572
STU_010404,87.0518462353509
STU_010405,82.26212220416551
STU_010406,72.32298562335113
STU_010407,90.87959871754128
STU_010408,65.85765407185087
STU_010409,94.04610447186724
STU_010410,65.6656398967844
STU_010411,88.50706768915455
STU_010412,93.81836117470928
STU_010413,83.13761550070352
STU_010414,87.07366112390964
STU_010415,86.21254538800383
STU_010416,83.33281613314585
STU_010417,100.0
STU_010418,72.38731626247176
STU_010419,93.96267114927912
STU_010420,88.82710457082796
STU_010421,83.55247250220332
STU_010422,73.75554435292301
STU_010423,73.77465842981165
STU_010424,53.03897370777268
STU_010425,56.12683975558696
STU_010426,73.89756277835525
STU_010427,62.43446419617803
STU_010428,71.18767334235648
STU_010429,53.34750798846663
STU_010430,88.1680431535672
STU_010431,50.54085579698866
STU_010432,75.55857074839413
STU_010433,73.57381246804736
STU_010434,90.54560245210351
STU_010435,60.86255101265551
STU_010436,78.94175022525215
STU_010437,52.04046647792514
STU_010438,100.0
STU_010439,67.06742838097992
STU_010440,85.49741583664257
STU_010441,54.48588462478381
STU_010442,73.64128585944556
STU_010443,79.86431218130076
STU_010444,75.29246397155177
STU_010445,73.18905984128054
STU_010446,46.46768076781675
STU_010447,78.05812183747842
STU_010448,71.69426090640762
STU_010449,71.82262164388426
STU_010450,62.93123812166556
STU_010451,90.19172919603022
STU_010452,82.38698913358306
STU_010453,71.93174277896449
STU_010454,67.57946388314784
STU_010455,48.807947999131386
STU_010456,81.84888891188214
STU_010457,74.91054560288228
STU_010458,83.65823612514606
STU_010459,77.1922774274171
STU_010460,72.69058601187311
STU_010461,71.00332479829467
STU_010462,60.01767368386325
STU_010463,87.30253355993898
STU_010464,87.01576124779119
STU_010465,56.17838409668856
STU_010466,63.86441580030684
STU_010467,82.98354553279466
STU_010468,70.58587566006784
STU_010469,77.36298390344685
STU_010470,70.15324061213362
STU_010471,97.63006345859891
STU_010472,55.738148510268
STU_010473,82.96836350407692
STU_010474,84.16157397344209
STU_010475,77.1253169374221
STU_010476,65.01052078309039
STU_010477,72.05601512137326
STU_010478,93.12575082810321
STU_010479,62.82169581183234
STU_010480,73.97842858287122
STU_010481,63.520246607421214
STU_010482,73.37386628537286
STU_010483,89.44663246287018
STU_010484,75.95129779909796
STU_010485,49.20742772761655
STU_010486,71.20831266507226
STU_010487,92.79998693284683
STU_010488,81.86058732780913
STU_010489,84.24329868226872
STU_010490,80.02743776950014
STU_010491,73.25952206550404
STU_010492,74.92291358543481
STU_010493,77.62028673620219
STU_010494,60.161120155646856
STU_010495,42.94413597871751
STU_010496,98.08145431994237
STU_010497,65.39170816197472
STU_010498,71.86848972550217
STU_010499,68.06952066512432
STU_010500,72.1787847401719
STU_010501,76.28252455316294
STU_010502,77.28919425452415
STU_010503,79.26052907318848
STU_010504,68.85052832617505
STU_010505,60.58486099824387
STU_010506,87.5710387592235
STU_010507,67.85394721813975
STU_010508,61.894180546057385
STU_010509,77.69646172197449
STU_010510,48.71379609680605
STU_010511,60.201834565041864
STU_010512,72.81202047126676
STU_010513,94.06822063829355
STU_010514,75.31812633226563
STU_010515,86.8829052654065
STU_010516,80.07632354125691
STU_010517,97.519242135862
STU_010518,51.32336227361067
STU_010519,87.22518671672313
STU_010520,86.2397466962456
STU_010521,98.77906315195287
STU_010522,74.04941673368104
STU_010523,77.412049617702
STU_010524,89.721644554505
STU_010525,69.46144436670852
STU_010526,55.98908076411597
STU_010527,86.18308095723123
STU_010528,83.71063496529537
STU_010529,49.988696040753744
STU_010530,74.89610017479413
STU_010531,65.75162908559028
STU_010532,60.8167144663335
STU_010533,83.63183542350494
STU_010534,79.5074204411121
STU_010535,89.38452786154305
STU_010536,76.83350236474669
STU_010537,79.01563223931575
STU_010538,79.67440053249202
STU_010539,60.73310960511685
STU_010540,50.52691930238664
STU_010541,85.32286626203934
STU_010542,100.0
STU_010543,79.71510286188759
STU_010544,73.93241090078877
STU_010545,82.09215597086518
STU_010546,70.49452065130146
STU_010547,78.21932483792116
STU_010548,100.0
STU_010549,66.50622229520658
STU_010550,80.76962495052662
STU_010551,58.83762129269008
STU_010552,97.9209155720729
STU_010553,95.85997288728451
STU_010554,87.0492067211313
STU_010555,76.48080758243408
STU_010556,59.7631576854575
STU_010557,75.65959793499721
STU_010558,74.53127087585099
STU_010559,78.01772592613392
STU_010560,77.3071444174409
STU_010561,97.12825412521912
STU_010562,56.95035558696715
STU_010563,66.1726036040371
STU_010564,60.60449919700244
STU_010565,90.53251721177696
STU_010566,62.11265817807315
STU_010567,71.17737051259456
STU_010568,79.10169579258957
STU_010569,94.50170190182415
STU_010570,56.47197586510348
STU_010571,91.42600271712429
STU_010572,72.47358941410212
STU_010573,95.6787341788797
STU_010574,72.94363517449774
STU_010575,66.32593101113898
STU_010576,54.04353927955739
STU_010577,65.17803403431958
STU_010578,69.40705223312808
STU_010579,85.33425561003804
STU_010580,63.53379708518732
STU_010581,50.452919211615814
STU_010582,77.67008053023774
STU_010583,77.2977682008106
STU_010584,89.6568901908712
STU_010585,78.11235095092356
STU_010586,100.0
STU_010587,72.27109411413423
STU_010588,75.16259192984683
STU_010589,98.86190186812743
STU_010590,86.76664299912596
STU_010591,73.51816413259004
STU_010592,94.01867576923537
STU_010593,88.57608038505651
STU_010594,54.98199899441043
STU_010595,78.22326293541114
STU_010596,75.83827642904433
STU_010597,60.12480801445399
STU_010598,93.25010929869688
STU_010599,64.1236786958741
STU_010600,72.75827295197367
STU_010601,79.04244914734369
STU_010602,65.99665902969278
STU_010603,81.85066034107727
STU_010604,75.79884236212412
STU_010605,63.33090525082642
STU_010606,93.25991299431132
STU_010607,83.11761432389325
STU_010608,65.36166375537233
STU_010609,76.00931384761023
STU_010610,79.96418835417626
STU_010611,85.7827202389716
STU_010612,66.25576562366177
STU_010613,92.55536939398704
STU_010614,100.0
STU_010615,90.50258979198179
STU_010616,88.01731744626184
STU_010617,60.56972308545832
STU_010618,82.26804225914691
STU_010619,100.0
STU_010620,68.44233905411724
STU_010621,69.29034411647595
STU_010622,56.84791027316615
STU_010623,85.35366218533002
STU_010624,59.45079258348955
STU_010625,68.37255056715057
STU_010626,89.61267810790915
STU_010627,92.43177782107627
STU_010628,60.215105512037354
STU_010629,81.66095996474748
STU_010630,79.33290652644929
STU_010631,94.2240338045761
STU_010632,64.77255530801533
STU_010633,72.55311257895565
STU_010634,78.3362873805316
STU_010635,61.065720411392874
STU_010636,81.34151527973819
STU_010637,63.41440100371288
STU_010638,71.34176874409744
STU_010639,68.30707659749092
STU_010640,58.287724265423606
STU_010641,65.38967771875315
STU_010642,97.71014873187059
STU_010643,85.86332366564856
STU_010644,74.82547194478776
STU_010645,80.7098332565405
STU_010646,93.1197366462425
STU_010647,65.1698631380776
STU_010648,70.4362623802906
STU_010649,70.40801556957767
STU_010650,83.89166796570328
STU_010651,78.66357400907384
STU_010652,72.72612297272363
STU_010653,87.67264638707275
STU_010654,86.82319964018853
STU_010655,86.87319808298659
STU_010656,77.49808318031126
STU_010657,79.38425350946392
STU_010658,71.06715163967188
STU_010659,94.18696339468352
STU_010660,93.12212082517661
STU_010661,68.75512509945644
STU_010662,93.47245846867322
STU_010663,68.21683937151174
STU_010664,74.59577053805603
STU_010665,62.1687147012521
STU_010666,95.81985348285875
STU_010667,89.83030512545315
STU_010668,70.29871190838381
STU_010669,74.6807020838024
STU_010670,90.98626313192776
STU_010671,64.58625648540568
STU_010672,57.361981841122116
STU_010673,89.34110533508003
STU_010674,98.91897646320663
STU_010675,94.76627090645049
STU_010676,82.85470038793028
STU_010677,76.70699613527715
STU_010678,74.4623358855504
STU_010679,68.63633379100136
STU_010680,92.42429851943093
STU_010681,82.06902925168117
STU_010682,50.27214781943199
STU_010683,73.90643584856716
STU_010684,77.3757283433929
STU_010685,82.61200767994686
STU_010686,80.39679286078692
STU_010687,65.0762896453342
STU_010688,97.33790768619409
STU_010689,85.27645692338626
STU_010690,100.0
STU_010691,75.35504210317748
STU_010692,88.77481073970027
STU_010693,70.06648058419574
STU_010694,65.8582739163104
STU_010695,61.57993237331452
STU_010696,55.03239030023226
STU_010697,72.69326576737073
STU_010698,90.33713107944541
STU_010699,80.80510648079405
STU_010700,92.29040050243074
STU_010701,88.94955056095228
STU_010702,67.37633021111583
STU_010703,97.99817988946522
STU_010704,100.0
STU_010705,80.7088178423769
STU_010706,93.28212389018725
STU_010707,73.708728108599
STU_010708,77.53685272786433
STU_010709,66.5298784381138
STU_010710,57.88824754018742
STU_010711,99.54235506072669
STU_010712,51.391448776151115
STU_010713,88.57367888681601
STU_010714,64.75782162359766
STU_010715,79.7112894207429
STU_010716,52.65798285894234
STU_010717,83.45623245244016
STU_010718,79.77584103943555
STU_010719,81.1969107408802
STU_010720,50.64853911314118
STU_010721,66.56099233125252
STU_010722,100.0
STU_010723,70.2532281550087
STU_010724,82.85404312462272
STU_010725,68.4706366516775
STU_010726,65.69534960422304
STU_010727,51.28905155505756
STU_010728,70.09723633783946
STU_010729,95.76389906358601
STU_010730,93.92812379197565
STU_010731,68.69187233649484
STU_010732,73.44785547952574
STU_010733,97.84891768176114
STU_010734,82.51946358116868
STU_010735,72.66087700894391
STU_010736,68.96112337058696
STU_010737,66.82340307262427
STU_010738,68.9615152218054
STU_010739,71.2039170236317
STU_010740,67.81833988457348
STU_010741,85.28404644002327
STU_010742,66.13593632334015
STU_010743,96.0797951234677
STU_010744,75.58442589928279
STU_010745,62.14523672430508
STU_010746,70.52778491038532
STU_010747,86.12532281399677
STU_010748,71.16487258571735
STU_010749,83.53899714671309
STU_010750,75.99828900014002
STU_010751,73.14084057669297
STU_010752,64.79343147455798
STU_010753,73.69246933970246
STU_010754,83.40188350392683
STU_010755,61.56567442974117
STU_010756,90.54944290288469
STU_010757,56.80110909276251
STU_010758,80.73639204217665
STU_010759,89.48949980177247
STU_010760,79.19263518379196
STU_010761,73.07337127389198
STU_010762,73.8357755995825
STU_010763,63.39265379755102
STU_010764,55.53968167813068
STU_010765,85.52820700129438
STU_010766,61.68045706916939
STU_010767,69.09506843446403
STU_010768,56.14554827689418
STU_010769,86.8805563475789
STU_010770,69.97248292314917
STU_010771,49.29223173336727
STU_010772,69.48817724191252
STU_010773,90.26582962913875
STU_010774,83.7241188608032
STU_010775,90.7789925685089
STU_010776,43.04134410746419
STU_010777,77.14448145064534
STU_010778,57.39712027254718
STU_010779,61.600905823495886
STU_010780,79.39940964739878
STU_010781,78.39625889469461
STU_010782,83.41111868065866
STU_010783,53.061708961155794
STU_010784,69.73240849675508
STU_010785,78.71339484391295
STU_010786,83.25449626674558
STU_010787,66.16032118017318
STU_010788,67.70055461912048
STU_010789,95.83132782898909
STU_010790,62.99647551562481
STU_010791,59.43919008274876
STU_010792,93.95659406449437
STU_010793,82.55075980479134
STU_010794,57.17304510454001
STU_010795,80.64635929027602
STU_010796,82.58853059689623
STU_010797,58.19843189454998
STU_010798,63.31821721815432
STU_010799,86.60319452364436
STU_010800,65.54829352963918
STU_010801,64.07741121506288
STU_010802,80.5351088127013
STU_010803,74.5317086148334
STU_010804,51.657417697129574
STU_010805,70.22693355524851
STU_010806,81.7159342653824
STU_010807,93.31971584039242
STU_010808,67.52507487717307
STU_010809,100.0
STU_010810,81.24194728183818
STU_010811,74.00690998869766
STU_010812,80.2899748187499
STU_010813,92.81820973394076
STU_010814,68.96956946093411
STU_010815,87.4896218791377
STU_010816,100.0
STU_010817,87.88212385775107
STU_010818,87.37033847839754
STU_010819,78.90451269849984
STU_010820,92.90811871770774
STU_010821,98.5799054040315
STU_010822,62.10477298846942
STU_010823,91.10192863263725
STU_010824,90.94652823261737
STU_010825,83.15858642509632
STU_010826,81.89373155719464
STU_010827,57.249693333491805
STU_010828,68.60459150243733
STU_010829,72.49040085321772
STU_010830,75.74314045457193
STU_010831,90.09325759889359
STU_010832,98.79176241747737
STU_010833,81.29936790209403
STU_010834,69.34008698060872
STU_010835,79.68369531383182
STU_010836,84.3813150894094
STU_010837,79.6263853267387
STU_010838,88.65318157780185
STU_010839,72.60037932652307
STU_010840,78.02833108227055
STU_010841,87.6164219410793
STU_010842,85.77773742302568
STU_010843,71.96486103923714
STU_010844,53.67892680981754
STU_010845,92.91231110182537
STU_010846,76.9527111059358
STU_010847,98.26244807573713
STU_010848,71.68976502358679
STU_010849,76.79541148458725
STU_010850,59.419739305387644
STU_010851,91.58687412934621
STU_010852,65.62834210282308
STU_010853,87.74018277062974
STU_010854,90.02060942162608
STU_010855,63.80695609693133
STU_010856,56.40640396582883
STU_010857,63.39975509140108
STU_010858,53.12010116902921
STU_010859,71.50083239798143
STU_010860,90.96444012118917
STU_010861,81.09842513026737
STU_010862,66.994743349576
STU_010863,76.9844460623278
STU_010864,91.94353397144029
STU_010865,79.30076234747845
STU_010866,91.87675123192206
STU_010867,53.257155365771
STU_010868,64.13467034308022
STU_010869,77.9688218293617
STU_010870,61.2059180141009
STU_010871,83.38391576084359
STU_010872,84.1129068813089
STU_010873,47.53274102971289
STU_010874,64.37435248074581
STU_010875,87.44473983050095
STU_010876,72.68129020436258
STU_010877,72.31355228995929
STU_010878,77.61278487185051
STU_010879,65.34810742356704
STU_010880,81.65262500528547
STU_010881,98.2044499090374
STU_010882,75.54825846962603
STU_010883,80.10901484298809
STU_010884,69.25962108484887
STU_010885,68.34593048228676
STU_010886,96.37495392930458
STU_010887,57.310507871935805
STU_010888,83.6167724084294
STU_010889,91.21059922505131
STU_010890,84.21031931888567
STU_010891,98.37301713120794
STU_010892,82.66749316370591
STU_010893,70.78672142417679
STU_010894,85.20374298981241
STU_010895,63.02814793389543
STU_010896,67.13079214339525
STU_010897,66.49472059650564
STU_010898,82.04389122913582
STU_010899,61.44712544195866
STU_010900,66.28377915283696
STU_010901,62.07266130543245
STU_010902,88.57497199281649
STU_010903,57.08485933419608
STU_010904,73.42740529788648
STU_010905,66.30967205213102
STU_010906,52.80787391100678
STU_010907,93.04834596315365
STU_010908,84.36767112333064
STU_010909,88.93412057500663
STU_010910,81.91146635568832
STU_010911,80.88208709817431
STU_010912,92.20789522272923
STU_010913,76.50835634963653
STU_010914,88.74570353618746
STU_010915,73.71159997009782
STU_010916,70.73325419704008
STU_010917,86.3696397835677
STU_010918,77.63204174540172
STU_010919,86.11822927908763
STU_010920,71.17047975658554
STU_010921,78.46582428830484
STU_010922,80.63268279761617
STU_010923,91.71569079970166
STU_010924,95.59276196916312
STU_010925,65.67630590986721
STU_010926,89.43960886335911
STU_010927,63.37289647993458
STU_010928,74.30001344288885
STU_010929,66.47743752784413
STU_010930,89.80785646588781
STU_010931,68.9991224802505
STU_010932,84.10916206988702
STU_010933,74.53015352778976
STU_010934,88.88944037456648
STU_010935,73.01802755819432
STU_010936,61.26895008466289
STU_010937,72.41293867285046
STU_010938,62.026639944778296
STU_010939,78.87359775076725
STU_010940,49.94456930609077
STU_010941,97.70675573145147
STU_010942,79.2530710454348
STU_010943,55.03522248985759
STU_010944,59.5498393559697
STU_010945,74.05176432043538
STU_010946,87.83744711545287
STU_010947,72.0595088566221
STU_010948,93.56414343663042
STU_010949,97.50941041657941
STU_010950,66.22522316248262
STU_010951,72.62329011787992
STU_010952,61.866963509968016
STU_010953,81.57090853496004
STU_010954,52.32224386319828
STU_010955,65.34456637085488
STU_010956,98.38766091544656
STU_010957,88.17146922336133
STU_010958,74.54662964963818
STU_010959,89.97586982247444
STU_010960,81.95445396505312
STU_010961,78.14871690040626
STU_010962,89.78570185272858
STU_010963,71.0924648989158
STU_010964,77.93553809634656
STU_010965,63.67790234328295
STU_010966,56.532370568124946
STU_010967,68.3674000375232
STU_010968,67.07324361104844
STU_010969,56.69723987436712
STU_010970,83.59885236362845
STU_010971,68.51221674820579
STU_010972,73.32290183478867
STU_010973,72.96889244370738
STU_010974,65.71202075970065
STU_010975,79.61726488898664
STU_010976,82.24729224307387
STU_010977,85.64174480277023
STU_010978,94.8488951409642
STU_010979,73.02816250460921
STU_010980,80.29689092125588
STU_010981,92.06090244683529
STU_010982,68.55753245934648
STU_010983,68.67138947635382
STU_010984,72.67791552606779
STU_010985,53.16043755168057
STU_010986,90.76629372359712
STU_010987,87.56956105264811
STU_010988,68.04619783908183
STU_010989,82.30564304765629
STU_010990,78.8144373263477
STU_010991,57.24736857493578
STU_010992,81.65577536227653
STU_010993,72.57038405051051
STU_010994,82.89564312912137
STU_010995,100.0
STU_010996,60.459141395150425
STU_010997,69.7251769143934
STU_010998,71.23668443220114
STU_010999,76.52185359156722
STU_011000,78.9481740255643
STU_011001,60.92964741798314
STU_011002,75.55818118616874
STU_011003,62.408363638638086
STU_011004,80.3872339015128
STU_011005,69.1305543485065
STU_011006,80.74305912747985
STU_011007,68.25799094202225
STU_011008,85.51057738400513
STU_011009,98.02793485209915
STU_011010,95.61648871425815
STU_011011,64.25363785412004
STU_011012,86.29192111263572
STU_011013,54.850358570647074
STU_011014,71.41529501297926
STU_011015,96.67456950701597
STU_011016,64.71818243909986
STU_011017,76.46512422403501
STU_011018,84.31201327763385
STU_011019,64.81621406257372
STU_011020,87.69190601341995
STU_011021,67.38337601422062
STU_011022,83.8631667941317
STU_011023,72.6891676493994
STU_011024,77.90741321773226
STU_011025,67.36380951892077
STU_011026,74.0525262571068
STU_011027,74.96549861834859
STU_011028,90.15942263632347
STU_011029,78.97371740518659
STU_011030,63.5201047383853
STU_011031,59.00425367376725
STU_011032,62.581135495471116
STU_011033,56.48193765033061
STU_011034,72.61604794049255
STU_011035,87.60497456469162
STU_011036,94.96789439336311
STU_011037,92.6926764422168
STU_011038,83.82111163231053
STU_011039,58.28722771869618
STU_011040,76.39252778118482
STU_011041,57.52198084805585
STU_011042,64.57176837684504
STU_011043,69.69050417080024
STU_011044,61.50718360060188
STU_011045,97.30996420506902
STU_011046,78.83175659649358
STU_011047,79.78767539935033
STU_011048,63.33304540067026
STU_011049,81.86806214296736
STU_011050,74.96923584822143
STU_011051,86.59637849233988
STU_011052,100.0
STU_011053,50.73325053641308
STU_011054,70.88542689622373
STU_011055,61.5164827703565
STU_011056,58.168906552324565
STU_011057,90.84285784521663
STU_011058,100.0
STU_011059,96.14448627269465
STU_011060,68.68044293317647
STU_011061,62.1112732457092
STU_011062,61.75068926562212
STU_011063,89.92326745386116
STU_011064,73.4535122780411
STU_011065,70.35819076119836
STU_011066,72.48011344959714
STU_011067,83.48944046126572
STU_011068,92.2221086619178
STU_011069,89.0546093890603
STU_011070,68.95240270936401
STU_011071,87.92001641181463
STU_011072,94.03628160650047
STU_011073,80.94641955821605
STU_011074,89.46007336536422
STU_011075,71.83281384551461
STU_011076,96.38976480170072
STU_011077,72.55263935226344
STU_011078,71.68428348593
STU_011079,65.16735791157157
STU_011080,60.19695552507842
STU_011081,87.43477992385098
STU_011082,51.137946455554456
STU_011083,93.04398265803373
STU_011084,72.41895162910933
STU_011085,87.07612597494202
STU_011086,63.419213620949286
STU_011087,77.68073888274276
STU_011088,73.6308317345685
STU_011089,90.32511040030377
STU_011090,91.24652518313204
STU_011091,83.78602994668826
STU_011092,66.31082983191334
STU_011093,77.7502771467677
STU_011094,61.53466943360205
STU_011095,80.04060859689659
STU_011096,61.07087953516985
STU_011097,86.8292489266715
STU_011098,87.28437437187846
STU_011099,83.57788088768956
STU_011100,59.532067068823224
STU_011101,62.7446775068411
STU_011102,78.35872125983605
STU_011103,65.7365021432256
STU_011104,92.91481891723151
STU_011105,80.46093334781872
STU_011106,87.13828552674515
STU_011107,56.67277984909637
STU_011108,80.92069170862209
STU_011109,94.12228900689173
STU_011110,98.72238805190905
STU_011111,79.70874982320842
STU_011112,75.92949988159171
STU_011113,84.49259536771906
STU_011114,91.95852808935386
STU_011115,95.26450692734424
STU_011116,86.76098381803806
STU_011117,68.49419816046208
STU_011118,73.01759009232913
STU_011119,78.92284549353474
STU_011120,79.5040530263156
STU_011121,80.7959756754777
STU_011122,57.92892578540347
STU_011123,98.73331708831567
STU_011124,60.59063240618116
STU_011125,100.0
STU_011126,83.68157683515787
STU_011127,74.92240500355943
STU_011128,67.78244023178522
STU_011129,86.88316028731228
STU_011130,62.82098447730139
STU_011131,88.25958414655508
STU_011132,69.52551980239708
STU_011133,86.21465664619848
STU_011134,51.8311874440261
STU_011135,53.26080298867076
STU_011136,93.43493532203223
STU_011137,75.5325720322599
STU_011138,100.0
STU_011139,71.41063566978788
STU_011140,82.35655711129039
STU_011141,54.09233332937826
STU_011142,93.80991016543699
STU_011143,81.60498618460501
STU_011144,68.9365646653995
STU_011145,65.04745543983087
STU_011146,65.85827925174924
STU_011147,91.08520844836576
STU_011148,89.45890272962612
STU_011149,87.58386226057551
STU_011150,77.93801939510851
STU_011151,95.01576366595094
STU_011152,66.62868382918448
STU_011153,73.95453467316173
STU_011154,73.54088818695905
STU_011155,69.59481032567507
STU_011156,76.06490951808246
STU_011157,55.708883117940054
STU_011158,68.93067117962696
STU_011159,67.87615938587115
STU_011160,55.72803896033014
STU_011161,89.49626112028447
STU_011162,69.21300220472253
STU_011163,71.10023782976846
STU_011164,88.65255177405969
STU_011165,74.52500335212757
STU_011166,72.12720408381372
STU_011167,71.44613324219644
STU_011168,80.04660107953984
STU_011169,85.83250570210775
STU_011170,62.299489655646845
STU_011171,72.92444892211869
STU_011172,98.22695030307199
STU_011173,93.03408416633633
STU_011174,71.16660591258854
STU_011175,65.02942807409134
STU_011176,80.45409414004725
STU_011177,74.24036170657342
STU_011178,90.63543211793801
STU_011179,88.81994803163897
STU_011180,70.01217984835672
STU_011181,79.21042457891075
STU_011182,91.90522234809826
STU_011183,58.42476424908999
STU_011184,77.21037661688618
STU_011185,77.02305768401474
STU_011186,46.65801959874954
STU_011187,90.46041849474136
STU_011188,76.92677676580317
STU_011189,48.410024381156035
STU_011190,81.2526575796064
STU_011191,92.77397367384475
STU_011192,77.59943371536144
STU_011193,68.79180643983383
STU_011194,87.37952730523725
STU_011195,78.84949372080112
STU_011196,89.2589913395769
STU_011197,99.86013061826466
STU_011198,76.86490159412834
STU_011199,87.52351942419108
STU_011200,71.98562244170431
STU_011201,64.7634516342881
STU_011202,63.022577312164444
STU_011203,82.13171643235448
STU_011204,88.7302088340048
STU_011205,84.69142636785058
STU_011206,87.75949786621807
STU_011207,58.96950774350656
STU_011208,71.2245215167748
STU_011209,76.60892899149609
STU_011210,71.33849286931776
STU_011211,77.41042022971565
STU_011212,72.68298282236852
STU_011213,84.27429960590331
STU_011214,59.14519807038096
STU_011215,92.76919844008202
STU_011216,61.08323553880894
STU_011217,100.0
STU_011218,61.68665614262926
STU_011219,84.54724773279038
STU_011220,66.57199530385938
STU_011221,81.01635508616491
STU_011222,91.66009447354688
STU_011223,65.00673828919116
STU_011224,99.07056205613279
STU_011225,48.70472905899274
STU_011226,82.84880054753822
STU_011227,60.968286764828655
STU_011228,95.53733625740068
STU_011229,82.15222257267193
STU_011230,86.67960941362249
STU_011231,92.85812447625297
STU_011232,85.79553596439094
STU_011233,69.52853283414531
STU_011234,77.90000334237774
STU_011235,97.29415428241145
STU_011236,65.63893542024798
STU_011237,68.42910421164437
STU_011238,64.349345432217
STU_011239,79.36506983174081
STU_011240,88.98563626700295
STU_011241,98.24609585194881
STU_011242,62.5520239270324
STU_011243,64.74663024091109
STU_011244,56.09746840917787
STU_011245,72.22290986540703
STU_011246,72.43716261893447
STU_011247,87.44227352680517
STU_011248,69.2029690221399
STU_011249,66.98281519544386
STU_011250,71.88494345702141
STU_011251,70.22663391014436
STU_011252,76.76735571425571
STU_011253,78.42311593872444
STU_011254,96.54127852773735
STU_011255,89.5331248504908
STU_011256,78.36337657310095
STU_011257,51.55022800928925
STU_011258,82.24021844690655
STU_011259,81.07816233656379
STU_011260,100.0
STU_011261,62.44419145110409
STU_011262,89.99634317561376
STU_011263,54.61416750950195
STU_011264,48.008562450965044
STU_011265,76.64116761873848
STU_011266,78.50847915262699
STU_011267,86.0227811141358
STU_011268,67.88897661571923
STU_011269,90.82714100449365
STU_011270,74.32301722244571
STU_011271,78.8023130971703
STU_011272,90.13730925122559
STU_011273,72.54276922474851
STU_011274,81.47778087856295
STU_011275,77.98727256455622
STU_011276,82.33951811909355
STU_011277,75.30980146391485
STU_011278,71.41359827525736
STU_011279,99.21139807489271
STU_011280,76.59148142864696
STU_011281,73.20126456979771
STU_011282,90.69425735363019
STU_011283,82.24337369307436
STU_011284,57.862246167083484
STU_011285,94.89031724764322
STU_011286,81.77107589374384
STU_011287,76.78487071670241
STU_011288,72.98096562826073
STU_011289,64.67990829204342
STU_011290,67.62941930199904
STU_011291,86.83042274004836
STU_011292,44.58977387384492
STU_011293,92.76640096166443
STU_011294,79.4500199862194
STU_011295,82.38058531182385
STU_011296,97.12592518626035
STU_011297,70.81718084356018
STU_011298,53.87368224407018
STU_011299,86.16406039659205
STU_011300,91.73121965264343
STU_011301,100.0
STU_011302,69.14586489156609
STU_011303,80.6589040667204
STU_011304,85.80833715922003
STU_011305,78.222692178936
STU_011306,75.0781041171638
STU_011307,62.30819101150978
STU_011308,51.77492211844395
STU_011309,79.48731544514231
STU_011310,49.82366301083272
STU_011311,83.98780126971829
STU_011312,70.12578410195331
STU_011313,86.27864886981097
STU_011314,61.09908720090402
STU_011315,84.87986662712824
STU_011316,58.93053864301075
STU_011317,80.51761400401324
STU_011318,61.06439850276652
STU_011319,88.3235530372593
STU_011320,58.10589271010033
STU_011321,91.21729531496493
STU_011322,71.76372216229336
STU_011323,49.9105524377169
STU_011324,60.44481616271215
STU_011325,59.93863422346371
STU_011326,80.77531068963246
STU_011327,77.40274885508724
STU_011328,85.61769403223738
STU_011329,58.909627545456374
STU_011330,54.068143413040005
STU_011331,61.53150015853387
STU_011332,91.26415970700347
STU_011333,63.34211552277186
STU_011334,82.58690002103089
STU_011335,67.59564892577731
STU_011336,60.75341932770358
STU_011337,84.04965639751819
STU_011338,93.96317705961144
STU_011339,76.91847860334539
STU_011340,72.64829495616307
STU_011341,100.0
STU_011342,87.16926902253235
STU_011343,82.63675419945197
STU_011344,43.29148727923227
STU_011345,64.85739577430934
STU_011346,73.11523996055446
STU_011347,100.0
STU_011348,76.37432646269022
STU_011349,100.0
STU_011350,69.29877354654109
STU_011351,77.92457665264104
STU_011352,81.48298889506077
STU_011353,69.48490106078168
STU_011354,91.60639999742612
STU_011355,66.76756511556268
STU_011356,86.93202442831863
STU_011357,67.47068543534222
STU_011358,95.40216194778118
STU_011359,100.0
STU_011360,100.0
STU_011361,64.08067753909549
STU_011362,78.61489979438304
STU_011363,100.0
STU_011364,89.40052988688399
STU_011365,64.66598343501828
STU_011366,86.82135122954793
STU_011367,71.65212496577784
STU_011368,82.77137035611385
STU_011369,70.52075790074453
STU_011370,84.36799560977717
STU_011371,67.58374942844804
STU_011372,94.7883397511527
STU_011373,62.95148722529325
STU_011374,73.06785962414061
STU_011375,87.73095897447827
STU_011376,50.59402479907137
STU_011377,100.0
STU_011378,84.04280161218155
STU_011379,87.9667197404181
STU_011380,73.39971471035494
STU_011381,69.15713356167936
STU_011382,78.63635328512565
STU_011383,95.3048899073155
STU_011384,65.30125007293277
STU_011385,76.94781635072748
STU_011386,71.36197917461129
STU_011387,59.73013523266753
STU_011388,64.54697779869855
STU_011389,56.82823555020947
STU_011390,92.06804090801711
STU_011391,61.39993781871978
STU_011392,77.65367709730398
STU_011393,75.88326857648873
STU_011394,79.14776585005357
STU_011395,84.46162751331866
STU_011396,89.72285147461247
STU_011397,66.21186554701231
STU_011398,100.0
STU_011399,72.99153520457394
STU_011400,70.49634463311985
STU_011401,73.46794264233311
STU_011402,75.36609141545527
STU_011403,79.72745763227373
STU_011404,100.0
STU_011405,85.61892220670438
STU_011406,84.24848496720662
STU_011407,95.40735312348052
STU_011408,75.15816815090442
STU_011409,83.00244459510367
STU_011410,69.6771458736211
STU_011411,93.92353926206378
STU_011412,72.87852634960686
STU_011413,60.81139573921496
STU_011414,88.93738500737334
STU_011415,76.33650183698431
STU_011416,97.1180350615496
STU_011417,79.03434249485026
STU_011418,62.08970476700283
STU_011419,72.53854675289024
STU_011420,92.40825242811631
STU_011421,92.89479317107694
STU_011422,74.59471799009052
STU_011423,61.32456967948679
STU_011424,70.34415961562972
STU_011425,68.82246117465196
STU_011426,98.60125872413225
STU_011427,65.36515408854436
STU_011428,89.83805123771819
STU_011429,72.7180969319241
STU_011430,73.69095902302935
STU_011431,75.16225748598104
STU_011432,70.99804086805635
STU_011433,94.64877303569432
STU_011434,96.94818136721692
STU_011435,72.61627876870095
STU_011436,88.07916117426143
STU_011437,65.06758946966733
STU_011438,67.12276539608958
STU_011439,78.97913224378419
STU_011440,67.71306611716435
STU_011441,77.01516077404983
STU_011442,75.01489295716229
STU_011443,69.38181581317248
STU_011444,75.89583961790066
STU_011445,69.99190505587596
STU_011446,56.780771810466916
STU_011447,89.83000723547457
STU_011448,65.24673289949918
STU_011449,70.13157220058213
STU_011450,81.33435460095555
STU_011451,85.31758681447502
STU_011452,72.46639222987115
STU_011453,79.90291025947883
STU_011454,64.90821738413008
STU_011455,54.39727927535841
STU_011456,91.77560482554703
STU_011457,67.174465218553
STU_011458,96.5989394916551
STU_011459,72.8241181807819
STU_011460,82.58278868772939
STU_011461,76.8123844884096
STU_011462,81.3943668134641
STU_011463,78.4753149369813
STU_011464,79.02413463818527
STU_011465,66.5495485464531
STU_011466,79.46742831336616
STU_011467,71.48244865164861
STU_011468,62.734384874671335
STU_011469,70.44241669144105
STU_011470,95.50808251169644
STU_011471,61.712895033422136
STU_011472,69.31966146934836
STU_011473,77.71033952087267
STU_011474,86.9866091217683
STU_011475,84.98218369718751
STU_011476,95.70709982631358
STU_011477,100.0
STU_011478,49.269898563443505
STU_011479,65.50972680084641
STU_011480,99.27857127170385
STU_011481,69.63644658884638
STU_011482,59.51876793171931
STU_011483,96.07553132916172
STU_011484,72.33739564525631
STU_011485,75.8623166574401
STU_011486,58.7773906002998
STU_011487,81.7935112926112
STU_011488,74.52968264288496
STU_011489,77.24357191296104
STU_011490,84.91795195697445
STU_011491,59.66284000600542
STU_011492,79.9861529758936
STU_011493,93.66537408228558
STU_011494,84.19632274943396
STU_011495,84.39869457668988
STU_011496,93.67592294799014
STU_011497,68.95675728719921
STU_011498,76.05937579528997
STU_011499,81.58167401905523
STU_011500,73.61795919683371
STU_011501,67.74787709128898
STU_011502,50.48200640819049
STU_011503,88.06491880795986
STU_011504,56.630771862013724
STU_011505,71.61842238960502
STU_011506,60.113596953367676
STU_011507,69.91569550332517
STU_011508,85.88218954299577
STU_011509,71.16178263702182
STU_011510,78.55560963944478
STU_011511,96.86395819860604
STU_011512,51.76655021951004
STU_011513,77.28357964280454
STU_011514,77.9633122680181
STU_011515,67.05315312260097
STU_011516,81.91382208370472
STU_011517,87.02099009786843
STU_011518,97.70175099570957
STU_011519,63.20747826161899
STU_011520,51.17512829095906
STU_011521,49.17566585752914
STU_011522,100.0
STU_011523,72.46877323985254
STU_011524,89.50011414214258
STU_011525,97.59604957024303
STU_011526,88.08722376782677
STU_011527,86.65321007791792
STU_011528,86.03182930469461
STU_011529,79.24957230687511
STU_011530,61.451473075979266
STU_011531,76.7100094154927
STU_011532,73.50317469875351
STU_011533,73.48915501872511
STU_011534,76.09840747629568
STU_011535,65.26880433495695
STU_011536,58.69340119048228
STU_011537,56.39072766905782
STU_011538,73.87419367358422
STU_011539,72.24969287087356
STU_011540,83.12631691352675
STU_011541,81.11921899541836
STU_011542,63.3591447872402
STU_011543,81.35017162319986
STU_011544,84.48149977078639
STU_011545,89.35817749306064
STU_011546,61.70796404138537
STU_011547,90.22330879790883
STU_011548,79.67131422901659
STU_011549,63.26530307197697
STU_011550,81.3729418652249
STU_011551,73.3548044818457
STU_011552,54.783996020108376
STU_011553,77.67995936143191
STU_011554,81.48091347901484
STU_011555,83.60860603644463
STU_011556,98.43267807821312
STU_011557,61.22761516303191
STU_011558,100.0
STU_011559,90.38076885775456
STU_011560,96.97178163377941
STU_011561,71.41340015686451
STU_011562,99.96294811793086
STU_011563,93.35614720747304
STU_011564,58.97112420457881
STU_011565,73.97286767024872
STU_011566,73.25452201854515
STU_011567,65.28841085520492
STU_011568,56.260788461573775
STU_011569,76.48415001156195
STU_011570,99.33752166432413
STU_011571,76.40533893876193
STU_011572,87.56823308380316
STU_011573,76.06684666081395
STU_011574,66.40521612123065
STU_011575,70.67033293422355
STU_011576,76.29746001572317
STU_011577,63.82150677501474
STU_011578,66.80701136550758
STU_011579,71.79038356696759
STU_011580,94.05869511423755
STU_011581,58.976780682790206
STU_011582,84.40667150676151
STU_011583,64.44836831026282
STU_011584,86.91829397277223
STU_011585,87.6418605426589
STU_011586,81.82539212152925
STU_011587,94.75671334644298
STU_011588,89.22338875863336
STU_011589,83.7045134554561
STU_011590,68.30797045752365
STU_011591,63.08210168382443
STU_011592,94.65718013714842
STU_011593,76.05108610248337
STU_011594,95.01916378849026
STU_011595,92.88447515568612
STU_011596,78.29197643494486
STU_011597,66.97556850345688
STU_011598,77.80825645909657
STU_011599,62.79962183336251
STU_011600,61.86800768117509
STU_011601,72.9699069904823
STU_011602,86.7443988758331
STU_011603,64.39994411828597
STU_011604,84.36414745528015
STU_011605,83.76687497944272
STU_011606,64.75305130825575
STU_011607,91.61822175488994
STU_011608,86.43207025205417
STU_011609,65.97544067260176
STU_011610,82.67074441930399
STU_011611,56.273589974757
STU_011612,79.20310803299589
STU_011613,68.91247365046637
STU_011614,65.04395899412995
STU_011615,92.6116123710379
STU_011616,92.44297718896634
STU_011617,69.14580277017203
STU_011618,69.36872353375304
STU_011619,77.86396660408984
STU_011620,58.58778653362409
STU_011621,74.7434775094362
STU_011622,77.71413349494358
STU_011623,56.465819365545926
STU_011624,86.3167907839561
STU_011625,98.98991822960764
STU_011626,77.42258186605166
STU_011627,73.8184743095406
STU_011628,67.14421603788472
STU_011629,68.11374331198088
STU_011630,95.0262545538519
STU_011631,52.49685630846868
STU_011632,63.53303538322807
STU_011633,100.0
STU_011634,49.050367229072016
STU_011635,91.88455788023798
STU_011636,62.71390380786571
STU_011637,76.58317355583186
STU_011638,82.8227684274449
STU_011639,88.48905543769158
STU_011640,88.76853677340938
STU_011641,77.44297074955628
STU_011642,78.02826254614195
STU_011643,61.017382216726055
STU_011644,91.69081004344912
STU_011645,98.28136406561461
STU_011646,81.94231512010866
STU_011647,79.20656981765359
STU_011648,84.73022600721481
STU_011649,87.63995351880565
STU_011650,91.22422524462479
STU_011651,66.7046264038328
STU_011652,56.451761251517965
STU_011653,100.0
STU_011654,65.08419355161011
STU_011655,71.85518050439754
STU_011656,60.40132034067385
STU_011657,40.11874644846404
STU_011658,99.9290241526867
STU_011659,64.56924513400968
STU_011660,80.70801280859845
STU_011661,97.91532454572462
STU_011662,84.9313879241108
STU_011663,94.20879411351956
STU_011664,88.09159480027938
STU_011665,64.26439098470968
STU_011666,71.5915824563378
STU_011667,61.22041526320109
STU_011668,77.81797012654695
STU_011669,62.578625864203936
STU_011670,90.04834219842897
STU_011671,74.46258112735367
STU_011672,93.24169124356897
STU_011673,74.05264007363395
STU_011674,63.34127173947283
STU_011675,89.87057852159158
STU_011676,72.87012247936657
STU_011677,78.87091608306554
STU_011678,50.41712969248029
STU_011679,97.24975202077641
STU_011680,88.41463473942157
STU_011681,97.81509421890499
STU_011682,45.58496808680291
STU_011683,69.27783498042263
STU_011684,61.40068821027564
STU_011685,59.56962587104445
STU_011686,73.88479632474446
STU_011687,89.34304620321896
STU_011688,85.81294072314384
STU_011689,69.30388125391713
STU_011690,78.10282727442382
STU_011691,97.82233622839546
STU_011692,77.92993255397394
STU_011693,88.32155948136875
STU_011694,90.70630668567301
STU_011695,87.35912872630948
STU_011696,91.77824361196431
STU_011697,67.09101056052111
STU_011698,67.91849871492417
STU_011699,81.81926100069253
STU_011700,61.66430320781337
STU_011701,73.28137513352607
STU_011702,84.72393665135704
STU_011703,94.16398835859552
STU_011704,82.49523181945173
STU_011705,80.42190191380256
STU_011706,86.80481773076397
STU_011707,71.65273916993466
STU_011708,76.21057388849623
STU_011709,81.90114491796496
STU_011710,81.3177861268172
STU_011711,80.9202985269734
STU_011712,58.332266118838234
STU_011713,96.29701385789602
STU_011714,76.50058015031459
STU_011715,82.82940000653521
STU_011716,86.9169649387179
STU_011717,73.63324033799357
STU_011718,82.6906029773476
STU_011719,77.47558881636468
STU_011720,99.04761058407142
STU_011721,63.46444625624241
STU_011722,69.30789222848058
STU_011723,70.87728136248995
STU_011724,87.88466541379299
STU_011725,77.24031936718193
STU_011726,55.633113024779504
STU_011727,61.358469838535534
STU_011728,57.26188549263992
STU_011729,79.34142779003884
STU_011730,73.66017191839029
STU_011731,96.05814519957632
STU_011732,83.24293036395514
STU_011733,77.52724263269371
STU_011734,90.58746092320297
STU_011735,74.67132344275097
STU_011736,66.7831362494376
STU_011737,67.75544537039573
STU_011738,90.90668029429834
STU_011739,91.99512231403172
STU_011740,84.30540373456344
STU_011741,77.00750130806958
STU_011742,62.61720857408119
STU_011743,56.41239453758103
STU_011744,76.77498174252688
STU_011745,64.36248037008012
STU_011746,72.99157737543504
STU_011747,86.94701652312827
STU_011748,72.62891521535687
STU_011749,75.27420980683246
STU_011750,94.31126620988584
STU_011751,67.04698555000077
STU_011752,71.57499727209657
STU_011753,51.49491157803631
STU_011754,84.92646908680221
STU_011755,82.70641857470699
STU_011756,82.14881029819998
STU_011757,80.02498556160089
STU_011758,96.17495744256924
STU_011759,71.86135850753558
STU_011760,87.75856670913498
STU_011761,89.41812637855085
STU_011762,73.1982304316739
STU_011763,81.33139554237978
STU_011764,65.9753904619725
STU_011765,77.30026833193628
STU_011766,48.92741621394151
STU_011767,62.70913543442016
STU_011768,89.26189441403565
STU_011769,65.59807347470925
STU_011770,97.85206988097465
STU_011771,64.13674245900239
STU_011772,64.34075854968114
STU_011773,62.5907019604543
STU_011774,60.99966709026681
STU_011775,75.84696595577677
STU_011776,69.26035294775207
STU_011777,72.0522675968263
STU_011778,91.04757682906744
STU_011779,79.7347723008942
STU_011780,69.30943198064634
STU_011781,59.513272116438145
STU_011782,87.99362931719772
STU_011783,74.94959120787595
STU_011784,74.28116418326664
STU_011785,66.26881799083607
STU_011786,83.66540482160745
STU_011787,65.62349814255872
STU_011788,69.27615889994713
STU_011789,60.56672803845384
STU_011790,81.51425195897852
STU_011791,93.74343400963917
STU_011792,82.52960478122608
STU_011793,62.828796385255615
STU_011794,59.98064175405792
STU_011795,59.17528326846504
STU_011796,99.12918351176046
STU_011797,65.8310405721633
STU_011798,68.44250921590043
STU_011799,100.0
STU_011800,68.25797632692837
STU_011801,87.89191219639594
STU_011802,91.09015545797878
STU_011803,76.25564388331458
STU_011804,72.4472004567207
STU_011805,67.62493370611315
STU_011806,67.14272980597111
STU_011807,80.0722640732893
STU_011808,87.70899197020478
STU_011809,87.95649387136314
STU_011810,88.47159902548569
STU_011811,90.63233881213495
STU_011812,70.62936038648367
STU_011813,69.8257204698163
STU_011814,91.90489574867833
STU_011815,77.1112039827454
STU_011816,78.33894596499698
STU_011817,96.38217548083232
STU_011818,74.77081818850377
STU_011819,73.68621636035287
STU_011820,74.81412292273731
STU_011821,71.34610713751843
STU_011822,100.0
STU_011823,70.89067456576518
STU_011824,68.908464418628
STU_011825,79.03582070501155
STU_011826,71.63980392057465
STU_011827,73.10028774594063
STU_011828,74.81310577415091
STU_011829,71.79623301439173
STU_011830,72.64757957950714
STU_011831,66.46088752279795
STU_011832,69.84652019909
STU_011833,63.76602385883005
STU_011834,65.05654282788744
STU_011835,77.55647066942815
STU_011836,74.88853699271235
STU_011837,72.36015741178845
STU_011838,67.53693488271094
STU_011839,88.48888605447891
STU_011840,80.13215180119451
STU_011841,80.10613144588382
STU_011842,60.61046010373884
STU_011843,56.10656113903319
STU_011844,86.45004909644497
STU_011845,67.06627870946802
STU_011846,91.89410637281324
STU_011847,73.83892319381627
STU_011848,98.91993738878348
STU_011849,74.76462213207077
STU_011850,69.95504437944638
STU_011851,90.36526734517491
STU_011852,90.75881607628823
STU_011853,83.17862216265836
STU_011854,74.95353778473053
STU_011855,89.77701901022328
STU_011856,82.18153549040419
STU_011857,78.21966653229359
STU_011858,81.25330970465986
STU_011859,70.92264471582541
STU_011860,74.35877709832641
STU_011861,70.65026221309876
STU_011862,68.30438742915328
STU_011863,97.24823423253252
STU_011864,50.920935418467266
STU_011865,82.62867332230454
STU_011866,59.91910894415119
STU_011867,87.1479853267409
STU_011868,78.45131135741408
STU_011869,72.86337433994687
STU_011870,91.64251287375309
STU_011871,64.66443086059765
STU_011872,65.58268396522499
STU_011873,78.60474953128639
STU_011874,66.59172578632936
STU_011875,63.21672902855836
STU_011876,68.59410781437998
STU_011877,94.05592040009896
STU_011878,54.09904288337003
STU_011879,77.19968085005678
STU_011880,59.42665118050297
STU_011881,55.9789943742292
STU_011882,85.47990977970865
STU_011883,60.43796370267684
STU_011884,68.32337323241237
STU_011885,59.32266714149162
STU_011886,72.73789815660096
STU_011887,75.99211535028181
STU_011888,75.57250732525841
STU_011889,42.86674719351912
STU_011890,62.980055816654044
STU_011891,87.85985522044676
STU_011892,100.0
STU_011893,88.99506570389708
STU_011894,72.00977915760565
STU_011895,91.66446820652867
STU_011896,56.918044724313745
STU_011897,67.19221736438179
STU_011898,100.0
STU_011899,57.784291400825694
STU_011900,75.78390782552962
STU_011901,76.1780270124792
STU_011902,51.92654542228339
STU_011903,73.73911557969254
STU_011904,78.62936587750653
STU_011905,69.18752403634826
STU_011906,80.2988475458021
STU_011907,85.25950595037963
STU_011908,96.03894132178269
STU_011909,49.38014582601551
STU_011910,85.26601569095908
STU_011911,71.7657886984922
STU_011912,93.21615468545934
STU_011913,74.08483343956362
STU_011914,87.52817744224521
STU_011915,82.79823646097336
STU_011916,69.58781316459488
STU_011917,84.38413510307149
STU_011918,82.16300423640874
STU_011919,100.0
STU_011920,73.6556706891892
STU_011921,71.72300000480791
STU_011922,79.53738867460743
STU_011923,63.85752880027857
STU_011924,76.00079934149981
STU_011925,40.55531923726386
STU_011926,70.1908286716331
STU_011927,69.37164884926652
STU_011928,72.29569785713187
STU_011929,79.08232030799448
STU_011930,86.37655077257281
STU_011931,91.00902918253755
STU_011932,67.21399355387209
STU_011933,53.35901776541419
STU_011934,86.30583427415448
STU_011935,59.332232931217824
STU_011936,92.97596125658572
STU_011937,66.47496164906869
STU_011938,55.156592851856374
STU_011939,90.7625944469942
STU_011940,79.28761467677326
STU_011941,78.52656798751426
STU_011942,90.11645052380749
STU_011943,72.2139787724331
STU_011944,67.9648581232564
STU_011945,77.11307785214981
STU_011946,96.8617073457498
STU_011947,82.39064580311462
STU_011948,62.06655098329382
STU_011949,79.65781914944077
STU_011950,77.04499066865046
STU_011951,94.61326170865551
STU_011952,65.38179215183237
STU_011953,54.753715838170024
STU_011954,94.25111804667057
STU_011955,61.78529907173905
STU_011956,94.04203909641433
STU_011957,60.8449620014557
STU_011958,97.25087464953435
STU_011959,75.81317936460694
STU_011960,86.33613518228758
STU_011961,89.93745366956068
STU_011962,77.08960684208094
STU_011963,85.87140174017185
STU_011964,72.21111524817644
STU_011965,81.91049820566892
STU_011966,91.91280936865749
STU_011967,54.28608388208559
STU_011968,89.07563596202154
STU_011969,54.905018469032406
STU_011970,80.08267121861415
STU_011971,53.57741891168258
STU_011972,85.36308534908173
STU_011973,67.7293690341515
STU_011974,96.8745899238194
STU_011975,73.91936917348363
STU_011976,66.06522810366845
STU_011977,84.98429904768062
STU_011978,71.12562183514629
STU_011979,79.72933999842273
STU_011980,85.36016430182714
STU_011981,78.0388043554274
STU_011982,97.95823332259069
STU_011983,67.3006177876877
STU_011984,81.68116861972602
STU_011985,76.36223113981336
STU_011986,69.58296541077137
STU_011987,58.93190317758701
STU_011988,80.6900321384414
STU_011989,72.64161040460148
STU_011990,90.12309740139631
STU_011991,60.05477346050562
STU_011992,41.62603428498987
STU_011993,75.7034356285944
STU_011994,67.72517857611636
STU_011995,76.70518908122321
STU_011996,70.82306682642502
STU_011997,91.66425433949652
STU_011998,91.20086472350839
STU_011999,100.0
STU_012000,89.60877095557764
STU_012001,86.97234138683761
STU_012002,71.29547264409901
STU_012003,78.25039997688586
STU_012004,70.72272980875076
STU_012005,77.9170867072752
STU_012006,92.35350799138752
STU_012007,61.4834422385732
STU_012008,79.34212924778609
STU_012009,74.06588534498769
STU_012010,45.22182509767471
STU_012011,62.29375703904086
STU_012012,76.3556282879704
STU_012013,68.32194067522056
STU_012014,53.15635259132693
STU_012015,66.81234965025288
STU_012016,49.91570287881387
STU_012017,77.8242700889919
STU_012018,86.83788469253211
STU_012019,92.87794693868224
STU_012020,55.56096090802744
STU_012021,62.25626191659334
STU_012022,70.71963360708779
STU_012023,80.54017937037077
STU_012024,96.6460943501584
STU_012025,85.96149644072298
STU_012026,72.23541595453135
STU_012027,92.2320786909969
STU_012028,93.24868075647396
STU_012029,63.81948106116225
STU_012030,84.61726292454799
STU_012031,92.01018431853774
STU_012032,64.73075364636918
STU_012033,69.9626957598879
STU_012034,96.74315847077361
STU_012035,69.26481601463219
STU_012036,73.77145445415789
STU_012037,82.50181933933239
STU_012038,63.22687675364491
STU_012039,69.51418577943626
STU_012040,97.39837425987666
STU_012041,71.1654693232964
STU_012042,87.90928635212356
STU_012043,72.14072579724964
STU_012044,76.81645188349455
STU_012045,54.91320050489017
STU_012046,86.55263605151772
STU_012047,98.3010161971239
STU_012048,55.17605494925164
STU_012049,76.95273722077995
STU_012050,75.4866410596401
STU_012051,35.82742240798446
STU_012052,86.318327193374
STU_012053,81.02000698061414
STU_012054,74.31169131432002
STU_012055,75.69730325509623
STU_012056,95.87664948414957
STU_012057,91.19715113503058
STU_012058,64.60217709057946
STU_012059,58.3240395455028
STU_012060,73.65479029686607
STU_012061,60.69570735184152
STU_012062,92.99414722380115
STU_012063,55.3436601213226
STU_012064,63.81588839792283
STU_012065,87.76210608689922
STU_012066,77.11846910288244
STU_012067,82.86093335520765
STU_012068,64.02383173001368
STU_012069,68.12209491194251
STU_012070,84.90156013289719
STU_012071,75.57557172101417
STU_012072,75.11518832530707
STU_012073,89.81201972533921
STU_012074,83.42983740359975
STU_012075,53.36964502489397
STU_012076,66.59045532329077
STU_012077,63.98471310936378
STU_012078,71.07098416849806
STU_012079,83.29248708766617
STU_012080,71.90583410330498
STU_012081,52.420846353181076
STU_012082,92.9735455540346
STU_012083,66.15994661737743
STU_012084,77.75392103384605
STU_012085,97.17874458497208
STU_012086,79.47532584990168
STU_012087,79.79365622957599
STU_012088,74.91977102619678
STU_012089,75.96120596430009
STU_012090,92.01775824726678
STU_012091,84.11084676311695
STU_012092,78.08593560953989
STU_012093,74.62177818737362
STU_012094,80.46111692347714
STU_012095,63.195536471481496
STU_012096,75.82964673209793
STU_012097,79.68667197281947
STU_012098,63.65026770053766
STU_012099,77.21599432866233
STU_012100,89.27409228434374
STU_012101,93.7937977094779
STU_012102,66.25017897379432
STU_012103,77.95037206648243
STU_012104,57.42822568965589
STU_012105,81.86909404340824
STU_012106,87.10373475977012
STU_012107,80.79930853286727
STU_012108,86.82134863401694
STU_012109,70.91832130241457
STU_012110,71.85080195560853
STU_012111,49.12422867731343
STU_012112,81.50324834849727
STU_012113,92.35373510544707
STU_012114,67.25658973474478
STU_012115,73.54792711809179
STU_012116,73.65471101773817
STU_012117,94.69223006762653
STU_012118,65.0521427843255
STU_012119,90.85255663802766
STU_012120,62.96615398020403
STU_012121,71.67465417688705
STU_012122,66.85639765863455
STU_012123,83.34198201228688
STU_012124,64.70950775885395
STU_012125,76.7853351366846
STU_012126,76.7601658226189
STU_012127,77.49814685311836
STU_012128,79.54794359439929
STU_012129,75.44007786188601
STU_012130,67.55164251714478
STU_012131,48.66642140393306
STU_012132,81.95443032640243
STU_012133,77.8577734820389
STU_012134,65.5311377477251
STU_012135,66.67473471637449
STU_012136,59.97261407057288
STU_012137,65.75017570858358
STU_012138,57.042734986046696
STU_012139,66.23211073098665
STU_012140,74.85112907114845
STU_012141,62.468363866319685
STU_012142,78.24000913698188
STU_012143,96.7915854122577
STU_012144,83.39704279782683
STU_012145,74.96231451770024
STU_012146,77.75164913022482
STU_012147,67.71776770997832
STU_012148,74.04815766439984
STU_012149,85.73710824941627
STU_012150,79.3803095573048
STU_012151,81.04202529431473
STU_012152,57.47095502555588
STU_012153,71.88494431853188
STU_012154,83.69162292768684
STU_012155,62.6280421036428
STU_012156,74.86068725848524
STU_012157,84.63881410134637
STU_012158,84.76013448535555
STU_012159,83.29294340073174
STU_012160,92.86603036815862
STU_012161,95.12349604007144
STU_012162,79.7023064463281
STU_012163,100.0
STU_012164,42.06416093886467
STU_012165,69.82613273240538
STU_012166,63.04207660084165
STU_012167,89.92279628471184
STU_012168,57.172220192359966
STU_012169,66.2175331501206
STU_012170,68.02494546282423
STU_012171,81.01169575847055
STU_012172,93.23902654058604
STU_012173,91.62091802569408
STU_012174,83.23812839808966
STU_012175,85.63664953690184
STU_012176,69.42993515476016
STU_012177,74.4608844163055
STU_012178,86.49399068642035
STU_012179,67.88262417186829
STU_012180,81.11550024631367
STU_012181,95.554743920058
STU_012182,74.76478798612304
STU_012183,93.72114519075184
STU_012184,70.81102368189822
STU_012185,74.76101879771383
STU_012186,95.4410715880593
STU_012187,48.350900956611866
STU_012188,62.91159184139561
STU_012189,61.14341779309905
STU_012190,88.54342069115162
STU_012191,72.95852581486858
STU_012192,72.13396827344403
STU_012193,63.111632183354075
STU_012194,77.68115968231413
STU_012195,69.56500430964833
STU_012196,46.89365049616472
STU_012197,89.27707127825565
STU_012198,70.0938942685285
STU_012199,83.31249999188968
STU_012200,54.67807150383197
STU_012201,68.13672603785606
STU_012202,82.58478115632263
STU_012203,84.73932727751873
STU_012204,70.04200320454294
STU_012205,75.18116159852411
STU_012206,86.55578597411562
STU_012207,92.92535920186643
STU_012208,75.76602633789895
STU_012209,57.1571345706216
STU_012210,76.04523409245196
STU_012211,80.29857703726391
STU_012212,70.11644744629422
STU_012213,86.15780956523432
STU_012214,65.50544461386119
STU_012215,64.28263075011883
STU_012216,87.52046927762049
STU_012217,93.79499043529339
STU_012218,100.0
STU_012219,68.59867952419013
STU_012220,60.64917743610949
STU_012221,79.84127155734596
STU_012222,69.5499747285287
STU_012223,62.19065427943357
STU_012224,70.3873016230052
STU_012225,90.37551437257048
STU_012226,81.50131472149411
STU_012227,73.98532784387069
STU_012228,62.49757326701358
STU_012229,80.25508922727609
STU_012230,81.19374181838516
STU_012231,65.25018957122012
STU_012232,78.17606155839482
STU_012233,81.4952810300645
STU_012234,66.58721576808752
STU_012235,68.4545625232063
STU_012236,100.0
STU_012237,66.8033620918736
STU_012238,65.7763918137275
STU_012239,72.48003586284193
STU_012240,70.13069005627962
STU_012241,92.40979765228865
STU_012242,74.78994532961812
STU_012243,51.17397904769744
STU_012244,61.28992111640473
STU_012245,77.66296465264298
STU_012246,63.02002690319757
STU_012247,57.14481083583635
STU_012248,94.12988546577688
STU_012249,82.27070826020882
STU_012250,85.58305616134484
STU_012251,69.4854039248466
STU_012252,62.47735714594717
STU_012253,58.318014515976095
STU_012254,51.02654176694557
STU_012255,79.20772233608277
STU_012256,68.374125804538
STU_012257,84.67110255288782
STU_012258,70.70609643761787
STU_012259,78.02485601651574
STU_012260,87.85072215239767
STU_012261,90.11301119269966
STU_012262,83.97551749765215
STU_012263,67.86397140839213
STU_012264,62.17658347826429
STU_012265,67.66068135032297
STU_012266,96.14852478824793
STU_012267,92.11027831742987
STU_012268,54.85057531398367
STU_012269,85.89226555107521
STU_012270,68.11682689427764
STU_012271,74.33890972558572
STU_012272,74.9236720302505
STU_012273,69.29834058867242
STU_012274,63.49303931889169
STU_012275,94.07220136944177
STU_012276,68.97684549411986
STU_012277,73.85929284256527
STU_012278,65.66936183459609
STU_012279,77.32612518552779
STU_012280,72.17378181057481
STU_012281,56.57248611551637
STU_012282,94.58197790262167
STU_012283,90.85190316064845
STU_012284,65.88475983541989
STU_012285,77.4058701409544
STU_012286,73.55656321907861
STU_012287,95.25210063329595
STU_012288,78.47348174982034
STU_012289,90.90201402611902
STU_012290,83.86825242075398
STU_012291,64.80031168539506
STU_012292,76.35901505692145
STU_012293,69.9842964283854
STU_012294,85.04487573903955
STU_012295,75.8376166847449
STU_012296,78.55812008298984
STU_012297,76.62892175039036
STU_012298,68.85674055059717
STU_012299,90.22778864937281
STU_012300,55.88121324381513
STU_012301,85.83283290362361
STU_012302,79.0268650248222
STU_012303,62.77239088347215
STU_012304,47.62737423179556
STU_012305,97.10198168496143
STU_012306,73.60791667874715
STU_012307,71.80179426992137
STU_012308,88.05016434363723
STU_012309,70.98690419484198
STU_012310,75.05213935506191
STU_012311,83.34156663588423
STU_012312,57.218507385155874
STU_012313,73.13578049811522
STU_012314,97.25264174394954
STU_012315,88.75773627069881
STU_012316,71.62903832217266
STU_012317,99.93909151820095
STU_012318,80.22865353034139
STU_012319,78.0728661328718
STU_012320,62.195597089224805
STU_012321,65.54343128670507
STU_012322,95.38113259102748
STU_012323,61.23962378881966
STU_012324,89.84939624634868
STU_012325,71.1482294112121
STU_012326,72.94013046866671
STU_012327,61.77973067229074
STU_012328,62.22732455361712
STU_012329,96.2744183015024
STU_012330,89.25067025987893
STU_012331,82.98431197981157
STU_012332,70.39075884692781
STU_012333,84.22600844542387
STU_012334,71.94966712267734
STU_012335,65.37637398834678
STU_012336,92.22026460138548
STU_012337,89.10870026818041
STU_012338,68.6250442452015
STU_012339,83.80009095615597
STU_012340,62.38629564820575
STU_012341,56.73531908317157
STU_012342,93.11812314948298
STU_012343,86.79848693980097
STU_012344,61.397900082411276
STU_012345,70.15423330692079
STU_012346,68.80593748033165
STU_012347,95.88293689443245
STU_012348,77.48913043324771
STU_012349,67.44725671054715
STU_012350,81.29803568110984
STU_012351,86.19725631662185
STU_012352,85.89155025222567
STU_012353,94.65199862107275
STU_012354,57.88284121871051
STU_012355,83.25978958020083
STU_012356,83.7224895898174
STU_012357,69.54266057088748
STU_012358,96.95824254845976
STU_012359,84.46155236914804
STU_012360,66.61789096859485
STU_012361,61.23090979024167
STU_012362,83.8421512464896
STU_012363,76.67180378318069
STU_012364,82.30058486253003
STU_012365,64.0255482292357
STU_012366,85.54164372072945
STU_012367,75.06653433230794
STU_012368,61.75203026522661
STU_012369,73.64035374847774
STU_012370,99.6181398102368
STU_012371,74.65516513245578
STU_012372,86.05760019612731
STU_012373,72.86348231704912
STU_012374,73.18985914123544
STU_012375,62.73320035788204
STU_012376,83.62628131976034
STU_012377,86.49848480171823
STU_012378,75.31167409197063
STU_012379,76.25004361160948
STU_012380,94.96614033256503
STU_012381,100.0
STU_012382,68.07335922189978
STU_012383,82.04333701209211
STU_012384,97.11803068310262
STU_012385,87.24787789774757
STU_012386,79.21706997567212
STU_012387,81.04593784055209
STU_012388,84.07767347269919
STU_012389,98.26269845972625
STU_012390,71.65876727288367
STU_012391,50.01149135801828
STU_012392,79.55949742819386
STU_012393,68.4120251115111
STU_012394,70.07628592777891
STU_012395,80.840450721226
STU_012396,81.50113997151915
STU_012397,73.40609003025348
STU_012398,84.83440270192077
STU_012399,78.09732430163373
STU_012400,79.7570320108595
STU_012401,93.53762761347835
STU_012402,100.0
STU_012403,47.209059989591886
STU_012404,71.54684230477997
STU_012405,63.66669657580156
STU_012406,67.26390656848844
STU_012407,94.40397539900987
STU_012408,82.79881383504348
STU_012409,66.95865091949123
STU_012410,46.244518789997194
STU_012411,94.0566440279001
STU_012412,71.00208404733348
STU_012413,56.21374245793147
STU_012414,98.58792069968119
STU_012415,88.84874078086122
STU_012416,93.60212548238152
STU_012417,57.63553483773239
STU_012418,84.53812357257198
STU_012419,72.5728086496946
STU_012420,54.01195399449955
STU_012421,70.23165110291515
STU_012422,81.45668578452303
STU_012423,81.9431555421276
STU_012424,85.4510283629912
STU_012425,51.41982496617419
STU_012426,85.15187749885308
STU_012427,64.68848906341134
STU_012428,85.03773782777532
STU_012429,58.0479525367668
STU_012430,72.11091515520233
STU_012431,68.6486665723719
STU_012432,66.66346501768751
STU_012433,57.76722360009485
STU_012434,90.34562081259618
STU_012435,66.67101084319319
STU_012436,70.2786051905875
STU_012437,88.68028728090542
STU_012438,58.050913259855264
STU_012439,76.94167885282303
STU_012440,76.35967420745509
STU_012441,93.33514172075033
STU_012442,99.75516060236262
STU_012443,64.43175648572594
STU_012444,87.0580321991777
STU_012445,68.90582641689795
STU_012446,88.06779608619864
STU_012447,91.28756534346229
STU_012448,70.45477685436893
STU_012449,79.4438129009523
STU_012450,73.5481385657233
STU_012451,84.67982289485924
STU_012452,79.32188946894918
STU_012453,93.84704432865777
STU_012454,83.4424055981286
STU_012455,73.48213949294988
STU_012456,90.87425295762398
STU_012457,68.05189235396543
STU_012458,80.27976710766045
STU_012459,56.97587894901901
STU_012460,84.02009989517467
STU_012461,75.8823450962172
STU_012462,72.11569632677863
STU_012463,84.36815739944414
STU_012464,76.45187742144245
STU_012465,74.94583570915017
STU_012466,73.6566470895255
STU_012467,76.27009473771722
STU_012468,82.67918086651467
STU_012469,86.00124035142201
STU_012470,50.21760326132754
STU_012471,53.26360963614168
STU_012472,96.02244087002923
STU_012473,69.8971412528933
STU_012474,64.58917061100829
STU_012475,71.43537748485542
STU_012476,49.307865793540174
STU_012477,98.50067432961626
STU_012478,71.56844331940121
STU_012479,63.852509857547496
STU_012480,78.93040659635118
STU_012481,89.97437556098413
STU_012482,67.5854806007189
STU_012483,60.76773081188233
STU_012484,69.94212501884996
STU_012485,73.4170109140232
STU_012486,70.35509814817976
STU_012487,68.04146363074591
STU_012488,72.1112041533248
STU_012489,81.61658173161398
STU_012490,88.7217282469391
STU_012491,62.88227898090369
STU_012492,60.29481672330809
STU_012493,57.793825138140825
STU_012494,73.03695407374471
STU_012495,75.54901516499169
STU_012496,80.26242261657737
STU_012497,87.71371315555591
STU_012498,68.23162065344623
STU_012499,79.51036705614285
STU_012500,79.9821469467992
STU_012501,95.5300477293043
STU_012502,81.57468050222539
STU_012503,84.86995373437432
STU_012504,75.11985037726203
STU_012505,83.21635512241367
STU_012506,65.48974259620749
STU_012507,86.40493084543982
STU_012508,67.76905237837359
STU_012509,82.58883882544896
STU_012510,75.67852126595375
STU_012511,76.11850935907509
STU_012512,78.23740928793288
STU_012513,67.15542775966017
STU_012514,100.0
STU_012515,88.35897137934015
STU_012516,79.15633867763037
STU_012517,100.0
STU_012518,54.97739361648053
STU_012519,78.01358825845688
STU_012520,69.61598489746774
STU_012521,95.32225974227066
STU_012522,96.07060408253687
STU_012523,78.37724923604881
STU_012524,95.75775311054151
STU_012525,88.5304574698877
STU_012526,98.59075615200689
STU_012527,86.4391163049067
STU_012528,62.142247174069354
STU_012529,99.18813545236766
STU_012530,76.3835428060413
STU_012531,77.39802373383125
STU_012532,71.45294700824732
STU_012533,91.52588414064783
STU_012534,58.8834498245553
STU_012535,88.64462681277746
STU_012536,73.92671133020906
STU_012537,54.761949117423974
STU_012538,60.58389070478629
STU_012539,88.6738192520871
STU_012540,67.7652378185918
STU_012541,99.82916643704543
STU_012542,100.0
STU_012543,73.03899910655767
STU_012544,79.40716726283313
STU_012545,65.40594513246378
STU_012546,80.86799204112317
STU_012547,100.0
STU_012548,55.1895139595515
STU_012549,71.59763804080971
STU_012550,90.01432017128468
STU_012551,92.03859859421487
STU_012552,75.09993353205171
STU_012553,78.35800634089954
STU_012554,65.27644720193953
STU_012555,52.762548951630095
STU_012556,63.20484277693491
STU_012557,77.16006944758396
STU_012558,67.10887332877645
STU_012559,90.54336804024162
STU_012560,72.66961918661144
STU_012561,60.5215617869451
STU_012562,63.67194011223785
STU_012563,80.55945742803833
STU_012564,88.9712980476824
STU_012565,98.97837159908492
STU_012566,76.39846160111287
STU_012567,64.15740074072849
STU_012568,97.33394319618007
STU_012569,66.71628730795541
STU_012570,52.44254673895139
STU_012571,55.900407727344756
STU_012572,55.473195679044935
STU_012573,76.14887705684005
STU_012574,63.74991537115475
STU_012575,70.41330284327233
STU_012576,72.71316641708013
STU_012577,98.69723565710413
STU_012578,51.884540151290366
STU_012579,75.98193659882257
STU_012580,73.5719343306921
STU_012581,65.12459098067617
STU_012582,77.2707537465453
STU_012583,63.554786160578004
STU_012584,60.71039841019172
STU_012585,73.0882716732692
STU_012586,77.85428978790361
STU_012587,71.1977929613401
STU_012588,70.21909973377787
STU_012589,49.60324785639669
STU_012590,64.39034543691336
STU_012591,68.76767170189473
STU_012592,97.62157209628722
STU_012593,94.4840932893105
STU_012594,51.99997561839028
STU_012595,63.4816318904077
STU_012596,80.62208456094314
STU_012597,69.24018711241077
STU_012598,69.88860651149635
STU_012599,70.51626515802678
STU_012600,70.88881039450065
STU_012601,73.62399855821442
STU_012602,66.73778081960809
STU_012603,92.31861939168911
STU_012604,74.78734275317987
STU_012605,74.22403498395995
STU_012606,71.03081832627956
STU_012607,58.93994715535247
STU_012608,81.50633697776055
STU_012609,67.66686019744593
STU_012610,74.78226323723817
STU_012611,69.71468344725399
STU_012612,63.78567400346426
STU_012613,93.560783285965
STU_012614,76.28448346564109
STU_012615,78.0898104336361
STU_012616,84.30729472386989
STU_012617,59.80228855662126
STU_012618,89.92804137942923
STU_012619,83.9760833583117
STU_012620,77.96325880034951
STU_012621,90.12347685863952
STU_012622,91.57514007631295
STU_012623,90.53429951090997
STU_012624,81.75451811791022
STU_012625,87.01838586774159
STU_012626,93.30814832981673
STU_012627,83.78728498036577
STU_012628,75.01080537280116
STU_012629,85.73988410791091
STU_012630,70.02037904891436
STU_012631,71.49348683873006
STU_012632,60.98427327225263
STU_012633,80.16535095083842
STU_012634,92.72825740807522
STU_012635,80.20587506369948
STU_012636,78.59002907239267
STU_012637,79.184353715003
STU_012638,84.68762612138255
STU_012639,96.30292362713179
STU_012640,81.32022439767458
STU_012641,70.1728318993829
STU_012642,65.53612922298242
STU_012643,79.60484809462261
STU_012644,82.3879880241467
STU_012645,56.03120864513851
STU_012646,87.66120735316113
STU_012647,84.09845275412243
STU_012648,66.96513238799578
STU_012649,83.510132000569
STU_012650,85.73808489435245
STU_012651,77.95052101248871
STU_012652,100.0
STU_012653,92.42541425734474
STU_012654,80.87681700678722
STU_012655,69.03149370037897
STU_012656,76.88901795986826
STU_012657,92.14732154797635
STU_012658,84.86753675547106
STU_012659,80.18909411915968
STU_012660,73.00309690543467
STU_012661,89.42784854670903
STU_012662,95.1175174923738
STU_012663,70.06961501103542
STU_012664,53.26551186839947
STU_012665,91.47526648697065
STU_012666,63.20274862675515
STU_012667,84.99765930759034
STU_012668,79.6093287008773
STU_012669,63.41367093808665
STU_012670,60.48292939075381
STU_012671,70.85371713690604
STU_012672,60.97660239758154
STU_012673,56.28262811791748
STU_012674,62.146592585859594
STU_012675,71.01036614568027
STU_012676,96.76574006367254
STU_012677,57.81221270797878
STU_012678,71.45822510705952
STU_012679,81.29220156726772
STU_012680,77.06906328300346
STU_012681,72.93053637442458
STU_012682,87.25083318774215
STU_012683,77.07129811085429
STU_012684,86.4581431908379
STU_012685,95.54992094768235
STU_012686,71.21232226552733
STU_012687,79.43139697000957
STU_012688,88.73485115478911
STU_012689,70.84182807770011
STU_012690,65.2271562866803
STU_012691,76.45142729741411
STU_012692,79.40884501949104
STU_012693,86.98364644844973
STU_012694,59.91690152954426
STU_012695,68.08108202742007
STU_012696,62.64093206924493
STU_012697,85.06038612810548
STU_012698,65.66385666373586
STU_012699,74.9759783146069
STU_012700,69.64380946859606
STU_012701,100.0
STU_012702,74.09732246217564
STU_012703,66.96539510203168
STU_012704,72.10518023760929
STU_012705,65.90104460563565
STU_012706,73.49586875368719
STU_012707,96.88421188676614
STU_012708,54.0251711793062
STU_012709,66.52099304129678
STU_012710,91.97298911249656
STU_012711,68.99009183805289
STU_012712,65.05986527377702
STU_012713,64.64684403537336
STU_012714,87.66965017046815
STU_012715,73.7347340067495
STU_012716,82.44423282454422
STU_012717,67.05886426281853
STU_012718,82.00370386060031
STU_012719,67.68989083747623
STU_012720,78.36517340997395
STU_012721,77.88175034298764
STU_012722,48.38986407230025
STU_012723,80.87132930931335
STU_012724,89.02509405133473
STU_012725,56.94644612876377
STU_012726,54.60460956892357
STU_012727,71.00407032083754
STU_012728,86.81503373792175
STU_012729,62.67067184613
STU_012730,85.668578919089
STU_012731,99.56302769511043
STU_012732,81.10653720572304
STU_012733,55.648989884405474
STU_012734,84.69729842297137
STU_012735,62.386132304221334
STU_012736,100.0
STU_012737,74.14703141859755
STU_012738,79.05481537146204
STU_012739,79.27552223884189
STU_012740,90.06276196242072
STU_012741,50.642038252485605
STU_012742,67.70493822862737
STU_012743,77.90115129520876
STU_012744,78.87706159567966
STU_012745,60.08852031802202
STU_012746,82.48619542317036
STU_012747,62.79067987746531
STU_012748,91.41254852451046
STU_012749,82.51913165852888
STU_012750,71.03537496428004
STU_012751,54.125929542471866
STU_012752,69.29017005284945
STU_012753,64.47202970505737
STU_012754,61.65193691611309
STU_012755,88.27767593945046
STU_012756,60.374655945925014
STU_012757,49.860706928705255
STU_012758,89.55918870991741
STU_012759,61.20740544140165
STU_012760,76.20745214859855
STU_012761,58.50094706830991
STU_012762,86.6631034008536
STU_012763,99.10573757698073
STU_012764,93.44609647643068
STU_012765,90.8647647676311
STU_012766,60.89138001232087
STU_012767,95.98360224340408
STU_012768,85.1793486600684
STU_012769,70.41233082863343
STU_012770,53.35624882882119
STU_012771,53.94291237253767
STU_012772,98.75867395236865
STU_012773,64.52381329490416
STU_012774,73.79399143692169
STU_012775,72.07233720126953
STU_012776,76.37686326429987
STU_012777,50.553964551989345
STU_012778,69.17222156641563
STU_012779,74.70198727202363
STU_012780,71.39364396357915
STU_012781,87.12826622066311
STU_012782,53.39794082966412
STU_012783,99.02069830249621
STU_012784,57.096818458726204
STU_012785,74.88385779085714
STU_012786,51.05668175727716
STU_012787,67.28822237604895
STU_012788,93.70966578557314
STU_012789,76.55966532761863
STU_012790,96.76182983044782
STU_012791,82.27238720975298
STU_012792,68.89051837262558
STU_012793,90.10747539040295
STU_012794,73.58329883049586
STU_012795,92.99722042731469
STU_012796,70.98939115962725
STU_012797,60.69962101675116
STU_012798,95.08444546547318
STU_012799,82.46616801922697
STU_012800,50.50300260753372
STU_012801,68.33662234049628
STU_012802,70.15685043471078
STU_012803,92.56410081690392
STU_012804,66.24596296008203
STU_012805,76.02431461320559
STU_012806,80.69862815100744
STU_012807,63.78271164184526
STU_012808,82.22476803605035
STU_012809,83.55608096108566
STU_012810,84.7349785823291
STU_012811,78.47118432083822
STU_012812,70.30783961020535
STU_012813,77.87896193065987
STU_012814,66.86713830090471
STU_012815,68.45015162088049
STU_012816,84.84856044057308
STU_012817,68.50758466665931
STU_012818,86.83184574184797
STU_012819,54.31217174004627
STU_012820,86.10682831018441
STU_012821,73.45028968649915
STU_012822,88.27963385883456
STU_012823,78.60090122753294
STU_012824,80.82615684880776
STU_012825,57.783521935005204
STU_012826,87.88142511521474
STU_012827,59.51349171784909
STU_012828,89.22762258207065
STU_012829,76.18472452512519
STU_012830,78.48442779514909
STU_012831,68.42742996821352
STU_012832,97.06149732112168
STU_012833,84.36371720594715
STU_012834,73.62232414818789
STU_012835,70.06403519588841
STU_012836,81.88905759368214
STU_012837,63.75389185376906
STU_012838,64.72167775405255
STU_012839,67.97190593686545
STU_012840,87.48699745029853
STU_012841,68.83794993648833
STU_012842,74.00698572117975
STU_012843,75.19461395096403
STU_012844,76.67971184530742
STU_012845,63.39579484758596
STU_012846,73.03648023512744
STU_012847,74.82256519973421
STU_012848,73.49757768871004
STU_012849,88.23846741311986
STU_012850,79.1997916917409
STU_012851,82.42732343700962
STU_012852,86.39000242601817
STU_012853,60.69077376213317
STU_012854,82.00460011155988
STU_012855,78.82355984551887
STU_012856,70.06418156976517
STU_012857,99.40089636107105
STU_012858,85.93148537238775
STU_012859,64.527444966015
STU_012860,85.06594095260975
STU_012861,69.24999036232438
STU_012862,77.92518196782093
STU_012863,95.97856720479462
STU_012864,76.56641806235837
STU_012865,65.36484268755042
STU_012866,74.38332470914276
STU_012867,91.73841893929082
STU_012868,82.40165572454859
STU_012869,66.01122649903262
STU_012870,82.75722141488099
STU_012871,87.16120290254614
STU_012872,86.93294684825088
STU_012873,60.36403277358797
STU_012874,75.99096218488685
STU_012875,72.93147117976577
STU_012876,53.34081795801045
STU_012877,75.91370559418232
STU_012878,99.84782058500558
STU_012879,77.01233857479855
STU_012880,82.5543304222532
STU_012881,98.6309849686005
STU_012882,88.54413219773807
STU_012883,64.89840027740982
STU_012884,79.00037616482186
STU_012885,74.58277580904783
STU_012886,56.11461037740749
STU_012887,72.21015445906104
STU_012888,66.07654833004617
STU_012889,70.15416352232427
STU_012890,65.84190409893064
STU_012891,73.08439993440959
STU_012892,71.89248674182421
STU_012893,85.6382977694935
STU_012894,73.9972002364455
STU_012895,94.22836646183721
STU_012896,71.8742940909477
STU_012897,76.14068782745396
STU_012898,89.90033988314406
STU_012899,81.43302772798062
STU_012900,77.59495775880632
STU_012901,69.88643598432108
STU_012902,84.59616389370895
STU_012903,67.06662436839065
STU_012904,85.02169088311885
STU_012905,61.70645790691248
STU_012906,99.87788304020141
STU_012907,53.25705695973493
STU_012908,85.74322040721357
STU_012909,67.526181472856
STU_012910,31.516902961398607
STU_012911,81.85888675003832
STU_012912,51.81973517421592
STU_012913,62.02642114327157
STU_012914,73.13534460705677
STU_012915,59.33963479749596
STU_012916,72.46370769331557
STU_012917,95.11226463077908
STU_012918,56.18539287747129
STU_012919,98.34056791660558
STU_012920,80.02059648494185
STU_012921,61.702932510806846
STU_012922,73.21602542341645
STU_012923,64.3117182562701
STU_012924,74.03346726361619
STU_012925,73.29251171771827
STU_012926,61.779664828006254
STU_012927,90.46607649268805
STU_012928,61.96000575672652
STU_012929,63.9005968283817
STU_012930,70.52870022439599
STU_012931,86.54521216627451
STU_012932,64.79839097379153
STU_012933,66.74393384773421
STU_012934,68.96397519728089
STU_012935,70.09153288451255
STU_012936,68.39778257151637
STU_012937,71.93737301937452
STU_012938,91.1523453866557
STU_012939,47.400161509573024
STU_012940,69.26296141961534
STU_012941,57.175415662733535
STU_012942,73.63836613408805
STU_012943,70.32547048959493
STU_012944,78.51013092273143
STU_012945,89.85628978847376
STU_012946,56.64461740098316
STU_012947,72.71691596295571
STU_012948,88.38331040663353
STU_012949,99.84711989322258
STU_012950,79.0500501840894
STU_012951,86.84589001400994
STU_012952,70.66073045308782
STU_012953,82.5504732072445
STU_012954,80.14428998521991
STU_012955,87.98123632149216
STU_012956,72.20576685727
STU_012957,67.78431071506108
STU_012958,81.6348252883468
STU_012959,79.40790395009586
STU_012960,79.45282376259023
STU_012961,81.03447481707433
STU_012962,58.408904062481355
STU_012963,74.35458956945064
STU_012964,92.25568696886222
STU_012965,80.72627873365775
STU_012966,74.24546841585843
STU_012967,67.2015442095162
STU_012968,75.69694358232708
STU_012969,74.84336278661958
STU_012970,55.575415790389556
STU_012971,76.99843225573608
STU_012972,77.64599329607184
STU_012973,53.564569913507015
STU_012974,56.79306016967482
STU_012975,57.68078812681361
STU_012976,84.62930141397345
STU_012977,78.2700265483963
STU_012978,92.59149990341952
STU_012979,66.84392544145206
STU_012980,71.19165277945987
STU_012981,90.03934313040878
STU_012982,69.23457750795359
STU_012983,95.3477862327349
STU_012984,59.40894871622301
STU_012985,65.76766683593259
STU_012986,64.32308255263396
STU_012987,50.558129568982544
STU_012988,88.40134964532191
STU_012989,97.17523155656752
STU_012990,58.65947655096507
STU_012991,70.98648102379975
STU_012992,51.6586387114149
STU_012993,100.0
STU_012994,79.02542282579
STU_012995,62.564415114224026
STU_012996,58.428002820802455
STU_012997,83.78497614592047
STU_012998,76.75821643347916
STU_012999,92.59240953785428
STU_013000,90.16104097246608
STU_013001,97.30235538103699
STU_013002,84.68665533365024
STU_013003,78.60302827328486
STU_013004,88.8263511711202
STU_013005,75.87711315757808
STU_013006,77.18803630891483
STU_013007,76.53801619107725
STU_013008,87.52399350659236
STU_013009,80.88514750935724
STU_013010,77.0564849452011
STU_013011,53.52396089122624
STU_013012,64.27607959469314
STU_013013,88.07229401978057
STU_013014,86.70945802144489
STU_013015,84.89822227197656
STU_013016,63.48746199911573
STU_013017,90.01122169440282
STU_013018,77.40509951947274
STU_013019,89.53402683596748
STU_013020,59.55643636541883
STU_013021,71.50994662046068
STU_013022,98.19405223493595
STU_013023,74.92397984208975
STU_013024,87.8813670574062
STU_013025,70.41984594857294
STU_013026,67.89776281010776
STU_013027,73.7248533947606
STU_013028,81.12205961709819
STU_013029,73.25732849655554
STU_013030,74.73561151476406
STU_013031,67.26412733313687
STU_013032,99.9641675472717
STU_013033,69.201919407028
STU_013034,99.39163981055529
STU_013035,94.1727230389301
STU_013036,54.92217249564618
STU_013037,89.50864234607243
STU_013038,75.22390639243723
STU_013039,83.82609840930952
STU_013040,99.26807269957447
STU_013041,80.61435508458214
STU_013042,60.549306857811914
STU_013043,94.55021967297967
STU_013044,68.60861809990612
STU_013045,86.45850546194613
STU_013046,62.93422478451117
STU_013047,72.318629646922
STU_013048,91.40257187817659
STU_013049,80.68130455025592
STU_013050,77.9739715886953
STU_013051,91.6942019375102
STU_013052,68.73020813086413
STU_013053,71.39666429107255
STU_013054,63.889243663644265
STU_013055,91.28830533778296
STU_013056,82.42174764572069
STU_013057,52.483529217760534
STU_013058,60.96778121727369
STU_013059,91.39825703338484
STU_013060,64.63681048555183
STU_013061,62.24834452391764
STU_013062,99.47913606413705
STU_013063,84.58620059932
STU_013064,63.94534783815344
STU_013065,52.63035039276775
STU_013066,100.0
STU_013067,79.15378832037881
STU_013068,90.13051085762487
STU_013069,96.34156711756624
STU_013070,62.52068680689191
STU_013071,81.60852444969075
STU_013072,84.76395804831796
STU_013073,70.89560923378683
STU_013074,71.82058743445664
STU_013075,52.64503587057743
STU_013076,79.7404758184411
STU_013077,91.38228210669259
STU_013078,70.97247299880443
STU_013079,89.36321027764784
STU_013080,74.57637404634474
STU_013081,75.57641309104402
STU_013082,58.73890450043971
STU_013083,62.289586467995704
STU_013084,73.44977297170476
STU_013085,83.05299519703763
STU_013086,76.95417713625538
STU_013087,62.63922796817102
STU_013088,80.08649820143341
STU_013089,64.70136332194896
STU_013090,98.51125784729757
STU_013091,62.219059823718844
STU_013092,65.96028785275702
STU_013093,84.28390932820852
STU_013094,87.97495957428887
STU_013095,72.80431888005016
STU_013096,78.52181160861443
STU_013097,82.12408573360308
STU_013098,81.8068783811887
STU_013099,59.96477628492114
STU_013100,79.22077665344631
STU_013101,88.4983653860838
STU_013102,94.52764599651573
STU_013103,72.22202360124302
STU_013104,76.32927174305495
STU_013105,61.98235632355425
STU_013106,90.28127547739543
STU_013107,57.47773608844179
STU_013108,93.57427750179795
STU_013109,85.85979854736573
STU_013110,59.87629394884451
STU_013111,100.0
STU_013112,100.0
STU_013113,78.30080070189604
STU_013114,65.32346374197864
STU_013115,76.46697077671183
STU_013116,58.99466503308893
STU_013117,64.5694985380795
STU_013118,72.19685398505787
STU_013119,84.2916620551346
STU_013120,66.3493939111517
STU_013121,92.5270755707211
STU_013122,76.0699935693961
STU_013123,92.88743531906752
STU_013124,96.2486995180593
STU_013125,87.6675325084048
STU_013126,66.60305362921972
STU_013127,71.48956259266117
STU_013128,85.97853907952694
STU_013129,78.57754846521692
STU_013130,97.1267528204092
STU_013131,47.75813567480148
STU_013132,85.64474094679187
STU_013133,96.137627474673
STU_013134,68.45451402016113
STU_013135,71.10408153587754
STU_013136,66.66102326377478
STU_013137,83.81472565499398
STU_013138,67.62052635904533
STU_013139,77.8060296006191
STU_013140,100.0
STU_013141,75.94655180944865
STU_013142,56.25943707897494
STU_013143,73.90702584825324
STU_013144,62.69606346698743
STU_013145,63.309358034651396
STU_013146,55.4110526841129
STU_013147,81.74705616946113
STU_013148,73.16566128099174
STU_013149,82.79661404290654
STU_013150,79.45118912056897
STU_013151,78.92518451389927
STU_013152,84.95759576956826
STU_013153,71.50187487170871
STU_013154,77.9505738899096
STU_013155,98.36344556585296
STU_013156,77.18768969217123
STU_013157,74.68694933484996
STU_013158,85.84345691926426
STU_013159,79.14148984632158
STU_013160,66.48995527900644
STU_013161,62.430858538068904
STU_013162,59.59309990178124
STU_013163,92.34925197989438
STU_013164,67.56169055651338
STU_013165,71.15766099613495
STU_013166,48.11891735717893
STU_013167,94.2760714327798
STU_013168,74.78571097396105
STU_013169,76.00227036996392
STU_013170,74.42531908102708
STU_013171,79.72601974218671
STU_013172,64.93816508152099
STU_013173,86.07546265323825
STU_013174,60.89564075178607
STU_013175,53.45025658348359
STU_013176,94.90906434834909
STU_013177,62.847307800931276
STU_013178,84.79897468639393
STU_013179,69.5098362637302
STU_013180,90.24237651547045
STU_013181,81.7389049936388
STU_013182,70.62332779253242
STU_013183,77.08737993206714
STU_013184,75.64940750013443
STU_013185,69.38818800539366
STU_013186,57.729702361637614
STU_013187,67.23845837779042
STU_013188,91.38279748836305
STU_013189,99.2209951426276
STU_013190,77.7406717799342
STU_013191,95.58619389449868
STU_013192,82.22657721489344
STU_013193,81.94932785610249
STU_013194,97.8384820777245
STU_013195,85.92370370717762
STU_013196,79.48857486009916
STU_013197,52.64823977791266
STU_013198,67.88058580970655
STU_013199,79.09779211147453
STU_013200,52.99792113456809
STU_013201,82.97737435483305
STU_013202,63.23378895167332
STU_013203,70.93513073144355
STU_013204,63.612428882811656
STU_013205,78.33619048174373
STU_013206,63.76631252583667
STU_013207,68.40875049109177
STU_013208,70.07138782355966
STU_013209,73.50356424381734
STU_013210,53.07250051145586
STU_013211,74.92708534932063
STU_013212,56.339703385609994
STU_013213,73.59731075423016
STU_013214,94.13677942942034
STU_013215,49.61728029450726
STU_013216,100.0
STU_013217,96.45023612752163
STU_013218,68.31668791312948
STU_013219,85.339660510933
STU_013220,97.14323173871873
STU_013221,62.842082743031526
STU_013222,66.3019033205818
STU_013223,89.0170866300207
STU_013224,70.37768068377116
STU_013225,51.315744373913056
STU_013226,83.83413529613951
STU_013227,86.40536288574106
STU_013228,67.28889973250584
STU_013229,69.06616599465177
STU_013230,72.31021802408988
STU_013231,63.48160147662466
STU_013232,68.9010269323438
STU_013233,90.0923129209072
STU_013234,64.95690778886376
STU_013235,69.22110325014594
STU_013236,91.6048372429882
STU_013237,65.75160455388269
STU_013238,74.90934893681275
STU_013239,71.4031837682099
STU_013240,63.38461883101007
STU_013241,71.20913809711861
STU_013242,72.25077388061598
STU_013243,62.77519369361873
STU_013244,72.64360389023975
STU_013245,68.92440326449702
STU_013246,67.26941928885736
STU_013247,100.0
STU_013248,91.29999330806291
STU_013249,47.816546117641295
STU_013250,75.41796009280395
STU_013251,82.10699129166812
STU_013252,85.59068792400255
STU_013253,63.28133726307677
STU_013254,93.3941808329053
STU_013255,73.53020973930197
STU_013256,70.79107381361979
STU_013257,77.33262826025432
STU_013258,62.976365405480564
STU_013259,57.805112139451865
STU_013260,67.95813559576396
STU_013261,69.19771808075912
STU_013262,58.348832525118134
STU_013263,57.29144315041287
STU_013264,90.68222436303934
STU_013265,74.08696545368068
STU_013266,70.49086022512265
STU_013267,71.68370366159577
STU_013268,61.24293218851845
STU_013269,82.39803739698125
STU_013270,96.3763311393093
STU_013271,65.98845989725694
STU_013272,78.33708529839774
STU_013273,63.30926049122676
STU_013274,75.77251770565681
STU_013275,65.64892268794691
STU_013276,59.778858375279064
STU_013277,65.67822500942736
STU_013278,63.96090687229475
STU_013279,58.709670784559954
STU_013280,90.47439448421873
STU_013281,91.80522611327756
STU_013282,93.69018355132219
STU_013283,76.68708073105319
STU_013284,75.0467101417565
STU_013285,72.98220025007272
STU_013286,69.48214651461575
STU_013287,95.64537378407773
STU_013288,83.75577873057924
STU_013289,96.94265856902787
STU_013290,78.76237766232944
STU_013291,86.62342158439661
STU_013292,83.62225255974377
STU_013293,73.16344113617454
STU_013294,86.5749062863488
STU_013295,69.45280688992881
STU_013296,84.79130668786271
STU_013297,76.67534519764187
STU_013298,54.33800229468727
STU_013299,86.58214518896118
STU_013300,73.404380681498
STU_013301,87.53264903704606
STU_013302,86.21246167024553
STU_013303,88.66265237512606
STU_013304,82.47561699862517
STU_013305,70.33517751815194
STU_013306,66.5785245651936
STU_013307,77.51424827899095
STU_013308,95.90817821398164
STU_013309,69.42012344543525
STU_013310,55.850657725993464
STU_013311,88.97193461314106
STU_013312,54.19436986936136
STU_013313,66.21240531881324
STU_013314,72.36212149243387
STU_013315,66.50829679450538
STU_013316,78.19267130263373
STU_013317,72.21924660024712
STU_013318,50.25832719814376
STU_013319,71.71984334535645
STU_013320,80.63383443508569
STU_013321,78.15718844735984
STU_013322,100.0
STU_013323,95.2413060297306
STU_013324,82.75950214835467
STU_013325,79.87845591140002
STU_013326,77.97795597270344
STU_013327,74.15516853333605
STU_013328,69.4106020470977
STU_013329,86.57711802428634
STU_013330,63.34939051343086
STU_013331,78.38795810503957
STU_013332,68.14380701418773
STU_013333,59.72555167698573
STU_013334,69.85398829144984
STU_013335,64.50338848467814
STU_013336,82.52122306243837
STU_013337,51.434889864920464
STU_013338,63.443937038225016
STU_013339,71.28885256081271
STU_013340,95.25931227605855
STU_013341,73.017822124818
STU_013342,87.27933976783541
STU_013343,71.79537388043308
STU_013344,77.94098105097277
STU_013345,64.63751343651917
STU_013346,96.41534520678604
STU_013347,80.20151906262019
STU_013348,84.03143755824907
STU_013349,100.0
STU_013350,61.30294193555078
STU_013351,80.42693878927864
STU_013352,68.41159262498192
STU_013353,62.957600588858426
STU_013354,59.6041867885903
STU_013355,86.13465116556482
STU_013356,62.25800397936453
STU_013357,68.22175749898153
STU_013358,70.29887343023657
STU_013359,75.31182056505315
STU_013360,73.98067614561198
STU_013361,70.23453557115553
STU_013362,89.26389446228943
STU_013363,76.52754091809585
STU_013364,67.57320149156233
STU_013365,90.13795669278872
STU_013366,98.63146437613668
STU_013367,80.30245563109246
STU_013368,87.84024822149759
STU_013369,57.25268324677204
STU_013370,79.60756559304376
STU_013371,68.34223373681729
STU_013372,75.83477044249132
STU_013373,76.34496752784486
STU_013374,93.43790888590358
STU_013375,88.42990993139657
STU_013376,42.16366989177691
STU_013377,80.41921563654944
STU_013378,62.88924244749848
STU_013379,79.75864552370629
STU_013380,84.80116126549537
STU_013381,95.11199644385741
STU_013382,99.19519223476296
STU_013383,59.91546764698949
STU_013384,59.372878610111485
STU_013385,66.30875674805543
STU_013386,98.14215020308876
STU_013387,55.46173683889122
STU_013388,80.00176394992918
STU_013389,66.30081084414014
STU_013390,65.13674274105234
STU_013391,83.63175247385125
STU_013392,97.37661751452697
STU_013393,69.60451260730764
STU_013394,99.03240763396326
STU_013395,62.15016368689426
STU_013396,67.2654141492545
STU_013397,100.0
STU_013398,88.58052564712109
STU_013399,61.01679788487142
STU_013400,64.47171761652278
STU_013401,100.0
STU_013402,74.51388321996063
STU_013403,92.94543840779797
STU_013404,64.40778216873026
STU_013405,78.69442486903671
STU_013406,100.0
STU_013407,70.85251827772615
STU_013408,66.06191489660978
STU_013409,60.081306452660684
STU_013410,75.38834754487027
STU_013411,63.92065371488815
STU_013412,66.3727119477116
STU_013413,78.15873512357587
STU_013414,86.12806731699938
STU_013415,72.50527166965426
STU_013416,54.52027005518639
STU_013417,77.8077051996731
STU_013418,49.40566052026629
STU_013419,62.6046360915129
STU_013420,98.87573111635696
STU_013421,99.90690551414542
STU_013422,89.6093737113063
STU_013423,57.48751474853181
STU_013424,98.79076571347525
STU_013425,79.39641330622102
STU_013426,53.383631577207524
STU_013427,69.7487971176769
STU_013428,75.89400679308274
STU_013429,92.11953321058544
STU_013430,66.0668557222206
STU_013431,65.28774272719478
STU_013432,82.34045904877513
STU_013433,92.00147369985747
STU_013434,90.0404140903656
STU_013435,91.839443737837
STU_013436,73.22324282665559
STU_013437,75.22817989553228
STU_013438,78.17271667021154
STU_013439,91.75553951597473
STU_013440,80.04219697057519
STU_013441,95.68603468056983
STU_013442,98.6334029977767
STU_013443,68.68795792022573
STU_013444,85.25117716205898
STU_013445,79.9895192063139
STU_013446,92.44545686720875
STU_013447,87.02134914047545
STU_013448,85.71711502667836
STU_013449,76.08396980533436
STU_013450,95.89294924557396
STU_013451,69.73998655763108
STU_013452,75.71389426404124
STU_013453,81.63872383019749
STU_013454,68.25589686588697
STU_013455,98.50511843532362
STU_013456,67.99211035998567
STU_013457,68.30184999315864
STU_013458,73.58988198795211
STU_013459,58.80183617509219
STU_013460,58.8220987613808
STU_013461,75.21135478811388
STU_013462,57.45374730450817
STU_013463,80.88415201105298
STU_013464,61.158914214758575
STU_013465,64.58971082668542
STU_013466,89.35063373660235
STU_013467,61.8068699166506
STU_013468,91.43043275582306
STU_013469,76.37956643472045
STU_013470,89.84727591785273
STU_013471,82.42639842347607
STU_013472,82.006381960992
STU_013473,68.8192609864382
STU_013474,77.93607703992798
STU_013475,86.13852368766064
STU_013476,77.1375944264987
STU_013477,66.00540255082072
STU_013478,81.50793547627072
STU_013479,70.35407381938161
STU_013480,82.69939839807382
STU_013481,75.85123249765782
STU_013482,75.9614295548084
STU_013483,76.23717423632708
STU_013484,86.58085409893778
STU_013485,96.51371222020843
STU_013486,53.81057173195819
STU_013487,78.99948565864025
STU_013488,86.10929607104184
STU_013489,74.40743733781922
STU_013490,76.2499276057751
STU_013491,84.21228209406122
STU_013492,79.68906951699894
STU_013493,62.75911823817172
STU_013494,72.38277021239071
STU_013495,81.4644095458444
STU_013496,86.37897910751535
STU_013497,52.03332561395359
STU_013498,70.61449981331288
STU_013499,80.0089130329689
STU_013500,65.28590413807471
STU_013501,85.55328836573908
STU_013502,80.60455538067194
STU_013503,70.66754649655189
STU_013504,86.4432870504244
STU_013505,70.41796226010177
STU_013506,95.047163916817
STU_013507,61.04244107276751
STU_013508,73.16818961079633
STU_013509,87.30262316289793
STU_013510,64.69210753202745
STU_013511,83.72734718919712
STU_013512,72.14618415414495
STU_013513,51.852997110349754
STU_013514,81.99162237748179
STU_013515,71.1859696381986
STU_013516,100.0
STU_013517,81.69275654502634
STU_013518,73.06524970229678
STU_013519,100.0
STU_013520,70.22085078719238
STU_013521,64.12927073753991
STU_013522,64.50151771694179
STU_013523,94.75442038774864
STU_013524,77.14350071390771
STU_013525,72.41726143856822
STU_013526,76.69511497573984
STU_013527,64.66632272840383
STU_013528,55.432803913986405
STU_013529,97.35095566515858
STU_013530,69.00386807622078
STU_013531,95.91936823662107
STU_013532,58.04660507269505
STU_013533,75.24018338328588
STU_013534,92.36296565197203
STU_013535,96.49754696234913
STU_013536,87.9067206021177
STU_013537,74.76894987309036
STU_013538,95.40386217182888
STU_013539,67.7204262900759
STU_013540,100.0
STU_013541,67.50285627761434
STU_013542,83.26601437374235
STU_013543,71.4976270399552
STU_013544,74.22712165710746
STU_013545,85.4339294320745
STU_013546,98.23121106143451
STU_013547,98.91916704970454
STU_013548,79.33021415616979
STU_013549,62.78722190175927
STU_013550,73.25922643891224
STU_013551,65.67072467366242
STU_013552,80.96677170531916
STU_013553,71.32597764886407
STU_013554,70.12494092210002
STU_013555,61.64768269899575
STU_013556,85.08407210310949
STU_013557,68.01530445205721
STU_013558,69.30083386063782
STU_013559,83.70998922005992
STU_013560,50.710404510219774
STU_013561,70.58748051879144
STU_013562,87.83923082822446
STU_013563,85.45598888853681
STU_013564,57.70635441697122
STU_013565,82.39442705511944
STU_013566,69.55007708355461
STU_013567,93.0511571696641
STU_013568,73.63557585233787
STU_013569,74.13062329125647
STU_013570,70.79999327374506
STU_013571,75.12560124092857
STU_013572,57.43163263199666
STU_013573,62.92505267201217
STU_013574,75.14756596856886
STU_013575,58.12427405039345
STU_013576,69.54684384485884
STU_013577,61.40761628841381
STU_013578,76.5197536018987
STU_013579,73.30011108630787
STU_013580,84.21952429508455
STU_013581,60.097981630348535
STU_013582,75.22287318209507
STU_013583,66.89564461733784
STU_013584,69.80306567305632
STU_013585,62.32684764306636
STU_013586,61.501249294074775
STU_013587,97.60153992725323
STU_013588,68.74347187803187
STU_013589,75.01781187798372
STU_013590,77.06270207943959
STU_013591,90.85322650565186
STU_013592,100.0
STU_013593,97.03156316855276
STU_013594,69.9577659520198
STU_013595,61.35047411981433
STU_013596,86.36776822689993
STU_013597,65.56444419991318
STU_013598,72.04034373724872
STU_013599,73.05520167738892
STU_013600,97.49738114936204
STU_013601,70.21992518360247
STU_013602,67.41068508223303
STU_013603,94.93687330093312
STU_013604,66.0935840690415
STU_013605,89.23284768671061
STU_013606,70.52366629560437
STU_013607,44.23394357321387
STU_013608,79.74544237951707
STU_013609,80.05504685460971
STU_013610,93.28704978337115
STU_013611,95.87815349720887
STU_013612,63.32650798472277
STU_013613,78.1996350498313
STU_013614,52.43541632049221
STU_013615,84.60717823291428
STU_013616,82.6356149899344
STU_013617,64.517095797425
STU_013618,64.67629037097998
STU_013619,66.15981494834766
STU_013620,73.5488616466497
STU_013621,72.71318580999014
STU_013622,61.13095730056135
STU_013623,48.04965469654415
STU_013624,52.27801609844285
STU_013625,79.85403237862948
STU_013626,78.49485350604941
STU_013627,83.37508198091535
STU_013628,96.39816513263662
STU_013629,83.92286147049919
STU_013630,67.81510263070064
STU_013631,67.92578374668702
STU_013632,56.78620822814874
STU_013633,95.75277572731792
STU_013634,65.97884659164777
STU_013635,99.63424118323604
STU_013636,70.91684860507264
STU_013637,77.09498980325031
STU_013638,80.98913574580071
STU_013639,65.87480254755272
STU_013640,79.15489890271841
STU_013641,85.65783108482941
STU_013642,73.89991751414323
STU_013643,82.32280422323367
STU_013644,62.713867559463345
STU_013645,75.71746672483681
STU_013646,93.26008438621008
STU_013647,77.73724363584645
STU_013648,96.82619342617488
STU_013649,74.67569861867653
STU_013650,94.45442736143444
STU_013651,72.49373899127716
STU_013652,69.32148596060647
STU_013653,91.2343534625272
STU_013654,77.48715088313318
STU_013655,77.08042370035642
STU_013656,99.58293611733698
STU_013657,64.38621664111335
STU_013658,83.92222469739711
STU_013659,65.8497814254261
STU_013660,66.15385397882768
STU_013661,76.37299983041378
STU_013662,82.9087137477667
STU_013663,76.42010717129286
STU_013664,89.69240926395183
STU_013665,78.60702935033859
STU_013666,82.77243110746346
STU_013667,58.225940384254486
STU_013668,92.44564613020071
STU_013669,63.188647199554545
STU_013670,85.28767529763421
STU_013671,100.0
STU_013672,68.85327433143526
STU_013673,94.78324325525024
STU_013674,75.84012457653084
STU_013675,60.61384854135949
STU_013676,74.39444207079839
STU_013677,85.11377900018105
STU_013678,69.42652901219516
STU_013679,67.81095185539584
STU_013680,52.76881687545407
STU_013681,97.98724325812874
STU_013682,43.2783695864676
STU_013683,58.53566566992556
STU_013684,75.51148461923535
STU_013685,88.66257887872264
STU_013686,91.14851500766562
STU_013687,74.82232226742727
STU_013688,64.99545740199567
STU_013689,96.74498616969953
STU_013690,89.27705296730686
STU_013691,68.2215555386749
STU_013692,64.84332887090883
STU_013693,86.88428982268942
STU_013694,76.85030091791194
STU_013695,70.67353129296248
STU_013696,99.50959823041197
STU_013697,69.05989672633126
STU_013698,63.14022417464193
STU_013699,69.21766200298461
STU_013700,80.70838168849139
STU_013701,80.46761611571664
STU_013702,93.80103799648816
STU_013703,71.79722921148058
STU_013704,77.6661685773941
STU_013705,83.59312672069996
STU_013706,68.69893731965745
STU_013707,67.7344258593226
STU_013708,57.48516377434912
STU_013709,91.02859938512512
STU_013710,81.57797261958976
STU_013711,98.7045784548588
STU_013712,74.10275773554238
STU_013713,61.542991220223854
STU_013714,69.94389202708548
STU_013715,97.25988301024294
STU_013716,67.68497132020204
STU_013717,56.281616392492516
STU_013718,81.40606965014362
STU_013719,72.14705270848997
STU_013720,51.71149338258995
STU_013721,57.90250855656119
STU_013722,82.15261896757232
STU_013723,84.16681806669146
STU_013724,87.51383194901545
STU_013725,75.80703745922543
STU_013726,63.849424540941264
STU_013727,65.57161891674144
STU_013728,96.48850004499903
STU_013729,91.3208598621819
STU_013730,78.59981044729378
STU_013731,89.4098847248392
STU_013732,76.9119470389347
STU_013733,83.60364567559527
STU_013734,57.59732905798072
STU_013735,69.53626145278298
STU_013736,99.37493198016682
STU_013737,82.94230528860749
STU_013738,78.32756840393068
STU_013739,68.45498462449626
STU_013740,85.1392727127387
STU_013741,74.4629852578495
STU_013742,91.31260426262716
STU_013743,91.30268580167038
STU_013744,67.26897081097472
STU_013745,93.3840138155267
STU_013746,85.70861247932687
STU_013747,96.27313832473479
STU_013748,71.55145748149502
STU_013749,96.27671649325711
STU_013750,72.22237426667573
STU_013751,71.18637560878815
STU_013752,77.81573678746034
STU_013753,82.56296608485994
STU_013754,74.95983603781032
STU_013755,64.45400633353077
STU_013756,64.56419993508737
STU_013757,100.0
STU_013758,93.8561821221173
STU_013759,56.27478563566692
STU_013760,59.56288209391377
STU_013761,96.90419927093426
STU_013762,81.84072244614354
STU_013763,75.74524976426164
STU_013764,60.63385806832592
STU_013765,66.0832585523874
STU_013766,82.6089043143624
STU_013767,88.25599820214393
STU_013768,68.19167244995957
STU_013769,55.31194026350279
STU_013770,88.90642909509099
STU_013771,93.72210651318362
STU_013772,65.28688855845598
STU_013773,68.49062955895917
STU_013774,76.33360619995256
STU_013775,72.49977085883981
STU_013776,61.62350674712256
STU_013777,79.3173975188904
STU_013778,93.30614472156793
STU_013779,94.44263696761706
STU_013780,72.01064436930758
STU_013781,61.24996370950741
STU_013782,77.12954731714052
STU_013783,88.62272229259474
STU_013784,78.0675027998324
STU_013785,68.25575936306058
STU_013786,80.99776992430812
STU_013787,97.97194610112194
STU_013788,56.236145352247526
STU_013789,85.77046843139324
STU_013790,63.62053931506368
STU_013791,82.01266171589458
STU_013792,100.0
STU_013793,76.71948376575301
STU_013794,75.00209796722778
STU_013795,76.17725448406144
STU_013796,69.19158475310991
STU_013797,85.81658149141195
STU_013798,59.26975599685333
STU_013799,78.14499477542995
STU_013800,80.15472290985362
STU_013801,98.7488627376222
STU_013802,79.95373903242782
STU_013803,72.75368274159979
STU_013804,73.76926062111102
STU_013805,86.06944399808376
STU_013806,67.88630050687452
STU_013807,81.23306189019473
STU_013808,74.0359630388843
STU_013809,76.31499773468519
STU_013810,89.37343263720689
STU_013811,67.8152821800306
STU_013812,80.58351192991422
STU_013813,70.1934052415695
STU_013814,61.78305393128453
STU_013815,78.28647142432018
STU_013816,68.25542649308596
STU_013817,82.098413573819
STU_013818,57.51207394173905
STU_013819,87.16772293226347
STU_013820,73.45233370789593
STU_013821,67.90095876021721
STU_013822,92.46544426191873
STU_013823,87.03050000998793
STU_013824,69.55257401217477
STU_013825,63.558906337681506
STU_013826,84.06488161393132
STU_013827,76.26113332553317
STU_013828,86.15513734420153
STU_013829,79.98748525952307
STU_013830,84.87129959420211
STU_013831,82.51435905308065
STU_013832,91.7775268100491
STU_013833,84.7599200668735
STU_013834,67.09095542654157
STU_013835,80.75791531368569
STU_013836,66.76680359354525
STU_013837,96.87762756683172
STU_013838,53.08884732369451
STU_013839,58.49869917391237
STU_013840,57.76805075314587
STU_013841,98.71003359142136
STU_013842,76.99931665152414
STU_013843,75.92800653249809
STU_013844,70.78692866516093
STU_013845,93.08281417632956
STU_013846,83.68919010015028
STU_013847,41.284556921675076
STU_013848,100.0
STU_013849,55.496602179839115
STU_013850,68.62807353733598
STU_013851,67.18667695062013
STU_013852,89.06415609285756
STU_013853,67.19909292774977
STU_013854,83.66706367102421
STU_013855,74.44634390460747
STU_013856,58.49967400714177
STU_013857,73.4219888109255
STU_013858,83.768203110552
STU_013859,79.59589568671984
STU_013860,72.13231118929811
STU_013861,71.2273067327973
STU_013862,81.38997849841263
STU_013863,86.01494329547843
STU_013864,67.9847290186924
STU_013865,88.78845016089619
STU_013866,55.689826812393655
STU_013867,73.09904573938694
STU_013868,92.65987556787084
STU_013869,73.49660972532331
STU_013870,46.57824041408169
STU_013871,71.39771702149584
STU_013872,100.0
STU_013873,68.10096912544878
STU_013874,62.46630284228879
STU_013875,59.3416000294164
STU_013876,79.28601335563049
STU_013877,54.255570667588174
STU_013878,58.26773333962526
STU_013879,61.64186014840761
STU_013880,95.83178584686375
STU_013881,69.29055231363316
STU_013882,78.84318452917618
STU_013883,66.27567935763312
STU_013884,80.28158652458497
STU_013885,90.02770943775018
STU_013886,85.91603146367981
STU_013887,72.92978108918658
STU_013888,78.83915425576977
STU_013889,77.44672577383841
STU_013890,93.1438715485425
STU_013891,93.88199621767995
STU_013892,71.68764895387879
STU_013893,54.880131875155506
STU_013894,94.32520954015223
STU_013895,53.151123534719524
STU_013896,94.38311924024492
STU_013897,76.08175523390264
STU_013898,80.42751929119984
STU_013899,82.1975697544007
STU_013900,67.00010038229482
STU_013901,75.53980117548055
STU_013902,75.12723050784655
STU_013903,70.81632418848261
STU_013904,66.49266630825664
STU_013905,84.90865622106816
STU_013906,80.873114478971
STU_013907,72.4144501016848
STU_013908,68.1054951235009
STU_013909,91.11557769721603
STU_013910,61.23745959315899
STU_013911,81.23109221494715
STU_013912,77.9413613302474
STU_013913,69.04845500488217
STU_013914,59.795613547801416
STU_013915,66.09914270429522
STU_013916,97.09888054025436
STU_013917,51.69634660548584
STU_013918,56.92847330673099
STU_013919,81.07084953922921
STU_013920,79.42729850432875
STU_013921,62.489004077494954
STU_013922,95.90205895743549
STU_013923,85.19729550417883
STU_013924,84.42833005330267
STU_013925,69.69045506296592
STU_013926,79.74310859640639
STU_013927,98.9800815982707
STU_013928,42.759661391913646
STU_013929,62.10344104214673
STU_013930,68.6314220591993
STU_013931,64.56739174178261
STU_013932,73.22177197812121
STU_013933,59.11464000118708
STU_013934,72.2737789609917
STU_013935,75.74595404191238
STU_013936,87.78137239875497
STU_013937,81.81984590502653
STU_013938,77.40315148044249
STU_013939,66.414468545714
STU_013940,64.18505268979717
STU_013941,65.14069320498545
STU_013942,100.0
STU_013943,61.41319303371942
STU_013944,89.11388014143569
STU_013945,75.17797038019931
STU_013946,98.1240428282298
STU_013947,78.9939295859982
STU_013948,76.55618268728192
STU_013949,46.21390412248805
STU_013950,89.42417555005073
STU_013951,56.47725032732183
STU_013952,95.93721939596341
STU_013953,71.81824969626726
STU_013954,50.60937973492112
STU_013955,62.382968834387356
STU_013956,78.03016490639932
STU_013957,76.81097028446567
STU_013958,71.90483847445986
STU_013959,71.72079033138259
STU_013960,77.11416455083477
STU_013961,77.5882711360246
STU_013962,63.00899133977903
STU_013963,64.27584380225517
STU_013964,77.92733396578545
STU_013965,60.2014117767766
STU_013966,69.42973455810112
STU_013967,67.94104545270069
STU_013968,94.31005258672138
STU_013969,47.600562281279025
STU_013970,86.0436831970114
STU_013971,63.263331881915704
STU_013972,70.62184526705441
STU_013973,68.4098799726045
STU_013974,92.06500627802266
STU_013975,83.34718239190832
STU_013976,66.24002738508656
STU_013977,85.37450466382398
STU_013978,93.33881410684873
STU_013979,88.20221939708762
STU_013980,76.09943527020283
STU_013981,73.93602857697852
STU_013982,70.86631160447071
STU_013983,76.22999835556126
STU_013984,67.96085813758275
STU_013985,85.02063714400273
STU_013986,76.81252241048857
STU_013987,94.15194295092222
STU_013988,66.67494378351073
STU_013989,65.70434148603024
STU_013990,65.39775568750898
STU_013991,80.16882963403032
STU_013992,78.6598452222973
STU_013993,78.17046378684127
STU_013994,75.18725902984355
STU_013995,59.52735843194775
STU_013996,71.97082198999556
STU_013997,96.68696681798865
STU_013998,60.14605305195914
STU_013999,75.13599280318034
STU_014000,76.13656522785925
STU_014001,62.9276778807195
STU_014002,63.49910031647859
STU_014003,69.12411216305384
STU_014004,62.295762085628056
STU_014005,68.44140402220036
STU_014006,70.99019703932866
STU_014007,83.47960416999673
STU_014008,61.2230281046674
STU_014009,100.0
STU_014010,68.97276111576944
STU_014011,80.27898568768967
STU_014012,97.2419982153036
STU_014013,50.96742892160695
STU_014014,90.5508574396961
STU_014015,81.76287149217355
STU_014016,62.57931174380599
STU_014017,82.01803586423767
STU_014018,75.89996655005238
STU_014019,89.36979895725588
STU_014020,82.67896278862966
STU_014021,94.30818765513756
STU_014022,70.03592184182547
STU_014023,59.04410478566261
STU_014024,74.61255028164584
STU_014025,81.61493455996096
STU_014026,79.88258633690509
STU_014027,100.0
STU_014028,87.74674471062286
STU_014029,76.27132323530496
STU_014030,76.45752153409002
STU_014031,75.68511141854607
STU_014032,68.47510124911966
STU_014033,67.27772517150274
STU_014034,92.38973319698265
STU_014035,94.72423670772193
STU_014036,52.19338777717719
STU_014037,65.19517043788565
STU_014038,88.89783695135718
STU_014039,87.71596957714908
STU_014040,73.31331379217337
STU_014041,75.32469689515165
STU_014042,67.54464556540627
STU_014043,69.6238903224429
STU_014044,100.0
STU_014045,74.76370464423839
STU_014046,67.97687832829445
STU_014047,88.46894466100488
STU_014048,62.74051543920286
STU_014049,83.86972942945646
STU_014050,76.91617477783515
STU_014051,73.52040384151944
STU_014052,80.07962442697863
STU_014053,87.40445947686254
STU_014054,83.3800258441411
STU_014055,100.0
STU_014056,84.50175661737187
STU_014057,64.736009169998
STU_014058,78.03507352449603
STU_014059,69.60843622959061
STU_014060,80.10944865739319
STU_014061,66.7100350456343
STU_014062,87.54337278619914
STU_014063,71.03867854451883
STU_014064,68.58766323922953
STU_014065,62.31670108831843
STU_014066,44.406969712877725
STU_014067,94.24677605501573
STU_014068,71.43238365496948
STU_014069,76.18527361716224
STU_014070,75.38814078607659
STU_014071,39.904004516582646
STU_014072,72.7592058168276
STU_014073,79.20251440522962
STU_014074,73.5093029473863
STU_014075,71.23871014120155
STU_014076,66.84212903868598
STU_014077,52.37356442934328
STU_014078,54.09730524799577
STU_014079,82.71155687368628
STU_014080,86.31761843180327
STU_014081,100.0
STU_014082,82.55103895874115
STU_014083,62.89538454393055
STU_014084,74.74152639963918
STU_014085,100.0
STU_014086,58.341104086768475
STU_014087,72.54730035121645
STU_014088,77.91500773244165
STU_014089,72.05508266948713
STU_014090,63.525863425610936
STU_014091,87.09319427125969
STU_014092,68.48014475904819
STU_014093,69.85588905339775
STU_014094,60.73620190391805
STU_014095,79.89128700237089
STU_014096,82.1099025922232
STU_014097,85.75749440888356
STU_014098,68.83020172874654
STU_014099,69.35290081904365
STU_014100,64.10209886353529
STU_014101,78.58211720814451
STU_014102,82.63443790163669
STU_014103,68.95011194727705
STU_014104,89.94100427231162
STU_014105,46.3049814313399
STU_014106,72.71849089889892
STU_014107,84.30592710481238
STU_014108,77.35530703559206
STU_014109,80.65190919744305
STU_014110,85.14484744619081
STU_014111,89.12858648482329
STU_014112,61.59153823633747
STU_014113,60.81459038395914
STU_014114,64.69666202412051
STU_014115,77.94680909657882
STU_014116,96.91392360261437
STU_014117,66.06290463520517
STU_014118,91.79604033122993
STU_014119,69.13970568872479
STU_014120,67.64876673750467
STU_014121,61.01700463269766
STU_014122,58.97617437112075
STU_014123,57.90051650588582
STU_014124,57.31771505924819
STU_014125,86.43490945131028
STU_014126,67.67272560186694
STU_014127,67.30056847591669
STU_014128,58.51693931894385
STU_014129,85.8357635141855
STU_014130,76.69847675924707
STU_014131,88.98145658111764
STU_014132,78.6328422203841
STU_014133,66.54300590027327
STU_014134,45.550053228100204
STU_014135,76.28885336457407
STU_014136,74.55197860495952
STU_014137,98.07218496310713
STU_014138,53.66052075880765
STU_014139,75.15782983571575
STU_014140,79.73837491669984
STU_014141,91.4746755351007
STU_014142,73.27958026804006
STU_014143,87.8416680945209
STU_014144,98.07395240654756
STU_014145,65.41364711187481
STU_014146,94.06251069663716
STU_014147,78.89259367660271
STU_014148,87.79181585014342
STU_014149,74.68272036685856
STU_014150,64.10888653724514
STU_014151,94.45202844357699
STU_014152,81.0919855838604
STU_014153,57.23984360346627
STU_014154,78.31919616547822
STU_014155,70.38990125607239
STU_014156,90.58345349363479
STU_014157,79.84882688975483
STU_014158,78.97569592225139
STU_014159,82.06174063716833
STU_014160,94.04592275304955
STU_014161,79.5252699820189
STU_014162,97.24266153213969
STU_014163,71.99518901287313
STU_014164,55.43766670464424
STU_014165,95.40594403380959
STU_014166,66.78826132036212
STU_014167,81.3832083154126
STU_014168,67.74936744017806
STU_014169,55.73391278910586
STU_014170,79.87748638260044
STU_014171,80.57513543127779
STU_014172,77.84872660309473
STU_014173,67.01580954109163
STU_014174,78.38181395154913
STU_014175,82.43638312173955
STU_014176,66.02121526583025
STU_014177,75.52927731556055
STU_014178,73.82859651636221
STU_014179,82.37896620059911
STU_014180,78.4245447358793
STU_014181,73.8544587716465
STU_014182,95.61222209406824
STU_014183,63.006137353446974
STU_014184,82.42704593160906
STU_014185,76.8060979639711
STU_014186,94.61260130372224
STU_014187,98.14131335217809
STU_014188,76.14436957901836
STU_014189,68.4825697442087
STU_014190,68.99232084539197
STU_014191,67.08071357241799
STU_014192,62.39580533230582
STU_014193,84.89105649771358
STU_014194,77.09128196881507
STU_014195,59.316507000048695
STU_014196,82.12036437727016
STU_014197,64.31474108760241
STU_014198,71.8862057101282
STU_014199,59.6273633460586
STU_014200,77.73461997611781
STU_014201,82.6138353858498
STU_014202,81.37059783528767
STU_014203,57.883359289354765
STU_014204,87.09408874400951
STU_014205,68.68844910251018
STU_014206,76.65904300278535
STU_014207,82.74779708074058
STU_014208,71.7087824842801
STU_014209,69.70004095309541
STU_014210,96.63094150508746
STU_014211,83.1973254394808
STU_014212,97.61414517082291
STU_014213,79.83057297023733
STU_014214,61.42164753577575
STU_014215,70.67047123754493
STU_014216,68.38101214411424
STU_014217,84.22393091420915
STU_014218,100.0
STU_014219,67.3611508357099
STU_014220,77.0217191340706
STU_014221,80.2978078187025
STU_014222,78.50056258611357
STU_014223,88.46110526957338
STU_014224,90.74055510294146
STU_014225,73.94405876684883
STU_014226,55.3014073159291
STU_014227,75.08599359010503
STU_014228,61.42626924981365
STU_014229,90.9554778822646
STU_014230,91.85344655438982
STU_014231,76.38283642648629
STU_014232,75.26434135330959
STU_014233,56.85328674460376
STU_014234,100.0
STU_014235,77.27235632535452
STU_014236,71.20369006293792
STU_014237,90.83966146424517
STU_014238,48.93552629583821
STU_014239,87.10306946207282
STU_014240,77.86666591599489
STU_014241,81.30905255203511
STU_014242,88.88573011809201
STU_014243,69.02845313364685
STU_014244,74.90904902959177
STU_014245,79.41907534495982
STU_014246,72.92840415262188
STU_014247,65.53738261107473
STU_014248,92.15104316132604
STU_014249,74.18435938440646
STU_014250,78.74130252880693
STU_014251,76.63729238523737
STU_014252,64.63699320080586
STU_014253,87.27717774532974
STU_014254,70.12518861127688
STU_014255,96.8741028492282
STU_014256,68.1277838593127
STU_014257,75.46368681062783
STU_014258,88.446964393373
STU_014259,66.57780319168424
STU_014260,84.4778568795061
STU_014261,84.28676190681554
STU_014262,75.35354344261884
STU_014263,59.681574652046294
STU_014264,86.6926139293839
STU_014265,66.68426643735987
STU_014266,85.87453203560476
STU_014267,96.4688934958221
STU_014268,95.68758899288196
STU_014269,70.47053067713459
STU_014270,70.56252546316301
STU_014271,59.63022521299395
STU_014272,74.81400376299052
STU_014273,72.73582523177764
STU_014274,65.76103062752881
STU_014275,88.00713654788949
STU_014276,67.47966635780438
STU_014277,93.19811205906483
STU_014278,58.01305661069226
STU_014279,94.29931206243273
STU_014280,60.06082319126086
STU_014281,88.25840129273014
STU_014282,68.51948617904357
STU_014283,57.35395598530796
STU_014284,81.7830259441429
STU_014285,94.4643317509794
STU_014286,64.49447463194826
STU_014287,83.64823201225315
STU_014288,49.38778367915633
STU_014289,76.97210191801327
STU_014290,74.21458295722701
STU_014291,66.4702806462194
STU_014292,69.53848816137075
STU_014293,74.25720753092884
STU_014294,59.9793866450834
STU_014295,69.83066432312773
STU_014296,66.3073902953919
STU_014297,60.015878170392696
STU_014298,78.55666685015137
STU_014299,81.34910962964678
STU_014300,88.20116434106441
STU_014301,57.46471384500919
STU_014302,100.0
STU_014303,87.19350340808052
STU_014304,64.33021987033663
STU_014305,77.86196866625829
STU_014306,72.41226950552812
STU_014307,100.0
STU_014308,70.68839357580819
STU_014309,93.88631699130912
STU_014310,71.44610349493068
STU_014311,100.0
STU_014312,73.15749156475
STU_014313,68.95501402887504
STU_014314,64.60709068540622
STU_014315,82.48935653571044
STU_014316,72.71804226727984
STU_014317,68.75728151184445
STU_014318,78.53262375856545
STU_014319,61.38518585340021
STU_014320,78.47415547800749
STU_014321,62.504594371771915
STU_014322,95.07286436318108
STU_014323,79.27552086103579
STU_014324,78.09618324551562
STU_014325,80.74831917559302
STU_014326,83.48421846657936
STU_014327,70.92064346499166
STU_014328,51.339200198702784
STU_014329,91.46924661369465
STU_014330,54.20269236731373
STU_014331,61.6146572769522
STU_014332,59.32786538419427
STU_014333,75.55485239892546
STU_014334,94.7771928379407
STU_014335,79.70801554061154
STU_014336,92.77063096484105
STU_014337,78.45721328338048
STU_014338,63.645593829345515
STU_014339,60.80967330800827
STU_014340,64.35149302036493
STU_014341,94.08169436989068
STU_014342,56.11559437025364
STU_014343,75.78990056496724
STU_014344,47.0244875977007
STU_014345,72.88704438872783
STU_014346,84.6319570358143
STU_014347,66.26177067433596
STU_014348,71.37783116630294
STU_014349,67.22369889639647
STU_014350,71.3295790286619
STU_014351,73.26911114040037
STU_014352,92.63934895963659
STU_014353,91.43429688687132
STU_014354,86.30169078139373
STU_014355,63.348600001219296
STU_014356,50.0220645422235
STU_014357,82.90961660824776
STU_014358,57.557071407839544
STU_014359,74.7174789667089
STU_014360,62.02345188877708
STU_014361,70.99793554396416
STU_014362,100.0
STU_014363,47.51069501554372
STU_014364,78.80700670949801
STU_014365,62.65302791137731
STU_014366,73.62456824161343
STU_014367,70.99586557854383
STU_014368,86.89414960646309
STU_014369,90.89521580441756
STU_014370,93.50660341314284
STU_014371,76.94246875212367
STU_014372,88.74476765150273
STU_014373,68.03908022637103
STU_014374,79.18401505140224
STU_014375,76.66025013646451
STU_014376,91.3605771883253
STU_014377,86.64401317143577
STU_014378,98.88627934236509
STU_014379,78.58431821034972
STU_014380,81.50722461547817
STU_014381,47.24757779711035
STU_014382,82.68810842124063
STU_014383,75.17651456810604
STU_014384,86.11202730448763
STU_014385,88.89555116193783
STU_014386,62.65364373795341
STU_014387,77.4613910336318
STU_014388,69.10793143269909
STU_014389,73.7323172909664
STU_014390,67.33438922932424
STU_014391,46.99071061774119
STU_014392,87.00654306069747
STU_014393,92.97327036698462
STU_014394,75.06945105483499
STU_014395,97.06725320179142
STU_014396,92.28864345077564
STU_014397,77.89954958021703
STU_014398,100.0
STU_014399,70.31101772623919
STU_014400,96.01712576218176
STU_014401,88.36940194914624
STU_014402,77.98848197620958
STU_014403,74.80545669231624
STU_014404,82.392425095157
STU_014405,66.93306449571466
STU_014406,77.79857473343607
STU_014407,99.3690846977638
STU_014408,62.61972710759947
STU_014409,56.35628701594475
STU_014410,70.3407561583293
STU_014411,66.33179530916365
STU_014412,73.73603441586589
STU_014413,80.19256218556697
STU_014414,63.24752475871263
STU_014415,71.07008478201537
STU_014416,79.51963711989065
STU_014417,89.11384075755947
STU_014418,89.60294701979682
STU_014419,56.48007848259206
STU_014420,89.21027905956296
STU_014421,96.02938651675012
STU_014422,68.94097555579944
STU_014423,95.01493940947971
STU_014424,74.78770765828247
STU_014425,96.21349939354981
STU_014426,70.48383157066995
STU_014427,87.60979622430224
STU_014428,90.80078661895828
STU_014429,92.02566130609671
STU_014430,53.95274225607539
STU_014431,60.10039101867444
STU_014432,76.39278881562178
STU_014433,69.41401478621735
STU_014434,77.55022866437591
STU_014435,96.09485525416193
STU_014436,59.80742131944944
STU_014437,71.85776898968318
STU_014438,74.89508839758446
STU_014439,80.36499898346555
STU_014440,49.97055017188542
STU_014441,63.65818611928795
STU_014442,83.43866027118469
STU_014443,56.66630457746264
STU_014444,52.08520887405864
STU_014445,73.76148191578291
STU_014446,66.62717259962626
STU_014447,95.56365396911829
STU_014448,64.01907304700202
STU_014449,53.14346634814843
STU_014450,68.9606094927911
STU_014451,82.05343158355177
STU_014452,88.16657461958286
STU_014453,100.0
STU_014454,86.27926558001234
STU_014455,86.59642731202663
STU_014456,81.0850093385938
STU_014457,61.889363831357805
STU_014458,62.99480336828355
STU_014459,77.95810374484756
STU_014460,100.0
STU_014461,94.3409130954881
STU_014462,82.85976661216431
STU_014463,87.79092484978453
STU_014464,71.54525357981592
STU_014465,93.6906898793239
STU_014466,66.23363066013448
STU_014467,76.94550943179715
STU_014468,70.00533629640454
STU_014469,80.84951150807917
STU_014470,76.04900694747298
STU_014471,81.83695698520877
STU_014472,62.561019122225275
STU_014473,63.07742888364449
STU_014474,83.5190110804674
STU_014475,60.71012827588736
STU_014476,73.83087523100579
STU_014477,94.81486995382085
STU_014478,84.41247993825655
STU_014479,97.68555222742742
STU_014480,80.37285377444564
STU_014481,89.40701409875413
STU_014482,51.54296938846176
STU_014483,94.35778498293189
STU_014484,48.231125184673814
STU_014485,74.56168120053697
STU_014486,91.51554769451356
STU_014487,80.12382129895313
STU_014488,71.11375209370752
STU_014489,47.43552684740346
STU_014490,90.94748656939831
STU_014491,80.42709499222053
STU_014492,80.57452180727051
STU_014493,61.707717610645815
STU_014494,88.74953642939249
STU_014495,70.95689567585481
STU_014496,68.67430665558696
STU_014497,64.87475833219082
STU_014498,88.21502747720267
STU_014499,81.40792300440216
STU_014500,65.29505162745164
STU_014501,62.59654354938894
STU_014502,70.92619114974218
STU_014503,74.65892943381525
STU_014504,100.0
STU_014505,72.10917011484466
STU_014506,74.53667038120474
STU_014507,70.72782188008371
STU_014508,64.96807678109491
STU_014509,76.66535687036745
STU_014510,59.60989481512864
STU_014511,83.16563324777835
STU_014512,75.7983011223159
STU_014513,83.83552778533536
STU_014514,78.35977665960826
STU_014515,75.39591766295953
STU_014516,81.98290479946947
STU_014517,82.98268021832502
STU_014518,79.15616948254873
STU_014519,60.39344721576461
STU_014520,74.7939598350734
STU_014521,95.77484495302701
STU_014522,65.46303704926002
STU_014523,96.428393604048
STU_014524,87.29952632404401
STU_014525,69.1975905730589
STU_014526,75.90134276726658
STU_014527,45.496929387479874
STU_014528,65.11048377905432
STU_014529,80.10660245874577
STU_014530,69.13695524259352
STU_014531,74.53833423060742
STU_014532,97.47954984611647
STU_014533,100.0
STU_014534,92.96868665187412
STU_014535,94.22131942888961
STU_014536,86.2928351543807
STU_014537,76.51002776323722
STU_014538,62.174049796663326
STU_014539,67.40761200811757
STU_014540,53.820242877846184
STU_014541,90.92212018738682
STU_014542,57.50179824344895
STU_014543,83.04700422019857
STU_014544,63.86128642833093
STU_014545,62.2088663593149
STU_014546,57.47180996841821
STU_014547,63.46901144136179
STU_014548,88.44865911093083
STU_014549,96.76959693191516
STU_014550,77.97659457101838
STU_014551,69.40012828508542
STU_014552,67.14441202397387
STU_014553,81.80078906291752
STU_014554,74.91829389404086
STU_014555,67.33494017778852
STU_014556,95.5692723785629
STU_014557,73.64841112955051
STU_014558,55.332036717531395
STU_014559,78.25139623380124
STU_014560,97.88349862495414
STU_014561,76.28727781073327
STU_014562,72.74482817797534
STU_014563,77.01917351309328
STU_014564,96.72238245234777
STU_014565,66.49372146632224
STU_014566,85.2491603400617
STU_014567,69.2091752293104
STU_014568,69.67612419319491
STU_014569,77.80355086398359
STU_014570,55.16898009239076
STU_014571,64.87821466725951
STU_014572,72.37951517088618
STU_014573,78.81919688451269
STU_014574,63.40615663600592
STU_014575,60.09268543082743
STU_014576,68.91007528259165
STU_014577,56.44421890016771
STU_014578,63.10361758733816
STU_014579,77.46943980651199
STU_014580,89.76216381686837
STU_014581,89.27564065275233
STU_014582,82.872860757387
STU_014583,69.0190325559193
STU_014584,77.7352004235462
STU_014585,73.29430036526531
STU_014586,91.04425151173268
STU_014587,57.76687331721562
STU_014588,79.26689811531804
STU_014589,56.67926843476042
STU_014590,64.65755882940796
STU_014591,92.30340190606034
STU_014592,75.46108587306901
STU_014593,90.319183714319
STU_014594,93.84502669869487
STU_014595,50.42202331620146
STU_014596,100.0
STU_014597,74.45153465072845
STU_014598,61.77816445433394
STU_014599,80.00268460842548
STU_014600,58.346580646225554
STU_014601,78.90979111204142
STU_014602,94.9459016505866
STU_014603,54.447279959753516
STU_014604,84.71132819020416
STU_014605,100.0
STU_014606,59.81844308302242
STU_014607,85.77297426655366
STU_014608,59.78580575773154
STU_014609,81.71741199517392
STU_014610,82.89778569523257
STU_014611,78.69975618886538
STU_014612,54.183653897090686
STU_014613,68.31368172102707
STU_014614,93.12331801060577
STU_014615,75.4516969712463
STU_014616,93.06679282441962
STU_014617,64.26439794697055
STU_014618,85.18573381647599
STU_014619,78.02699550349529
STU_014620,83.63808744602956
STU_014621,58.16080654986213
STU_014622,97.31568164065119
STU_014623,70.17107169593233
STU_014624,78.93812326945327
STU_014625,70.63751992332185
STU_014626,87.94254544748075
STU_014627,64.15169750698325
STU_014628,59.02377688366509
STU_014629,78.43688078978506
STU_014630,70.36293550226193
STU_014631,62.51586142859575
STU_014632,67.51448848144454
STU_014633,66.30729301017216
STU_014634,94.9253246832676
STU_014635,57.2743324096442
STU_014636,47.49333841004368
STU_014637,92.33265910511331
STU_014638,71.34910390349755
STU_014639,77.87812724773264
STU_014640,71.3523311430496
STU_014641,68.08457069056155
STU_014642,95.21559095687066
STU_014643,56.13013165130388
STU_014644,93.7647102504174
STU_014645,77.58034576763627
STU_014646,84.24445725490003
STU_014647,87.51611916340025
STU_014648,72.97081544531191
STU_014649,90.31722425103517
STU_014650,68.46826707376685
STU_014651,61.664343429394926
STU_014652,94.19653918736975
STU_014653,75.18676365500289
STU_014654,86.61468992340276
STU_014655,51.5959764041732
STU_014656,67.76970362809716
STU_014657,52.870756517565695
STU_014658,77.67801002404431
STU_014659,68.80513165305696
STU_014660,72.77773173080288
STU_014661,53.096168303399054
STU_014662,67.56202583010398
STU_014663,73.1799766862
STU_014664,55.69603570010399
STU_014665,74.79255873021877
STU_014666,94.45417147878177
STU_014667,76.94365252814771
STU_014668,54.086984816407536
STU_014669,76.81841898814034
STU_014670,97.76375108568124
STU_014671,76.63916673129144
STU_014672,83.20250823780789
STU_014673,93.76744865566697
STU_014674,95.89425904778328
STU_014675,85.49614685492986
STU_014676,78.67894867993166
STU_014677,69.68342119160145
STU_014678,66.15480484998712
STU_014679,60.33651155205463
STU_014680,45.55996958406575
STU_014681,90.8427448005804
STU_014682,45.84481792397455
STU_014683,66.28439354726778
STU_014684,59.03288886686519
STU_014685,68.70744804641069
STU_014686,78.11165187402965
STU_014687,84.55196799945392
STU_014688,92.85072583047886
STU_014689,65.09057814254152
STU_014690,60.82234285504233
STU_014691,82.49496525327257
STU_014692,94.59063893016454
STU_014693,73.91900931404267
STU_014694,75.06433009425933
STU_014695,100.0
STU_014696,47.55842482914393
STU_014697,77.72275177421244
STU_014698,92.22386176693219
STU_014699,65.0595827516913
STU_014700,91.33267714661163
STU_014701,66.18307393514709
STU_014702,86.93219891304659
STU_014703,82.46783004012525
STU_014704,96.20926794707742
STU_014705,84.11768405395509
STU_014706,83.65522412346797
STU_014707,97.65933141081737
STU_014708,99.26663246357307
STU_014709,76.42532960308507
STU_014710,53.72295677250537
STU_014711,76.23517919965182
STU_014712,79.67979122250475
STU_014713,44.42746077754674
STU_014714,80.37563577072575
STU_014715,77.721138424475
STU_014716,63.2092230134633
STU_014717,58.83241441033523
STU_014718,64.70289683292924
STU_014719,95.05136178571736
STU_014720,79.74382078337862
STU_014721,53.03963919159534
STU_014722,67.62618132483047
STU_014723,96.13441779683944
STU_014724,90.64331954116118
STU_014725,70.69109902837201
STU_014726,63.471172620296656
STU_014727,58.28787194068326
STU_014728,92.84876437993731
STU_014729,78.19414726572067
STU_014730,54.611196619590004
STU_014731,65.6671432468135
STU_014732,81.71192833000518
STU_014733,73.16854227007268
STU_014734,63.99813844276343
STU_014735,100.0
STU_014736,77.7998748477711
STU_014737,72.93792067214974
STU_014738,69.68283854458461
STU_014739,83.51590544942121
STU_014740,75.4852349015612
STU_014741,79.59285401073372
STU_014742,93.32191948024914
STU_014743,96.1637794598549
STU_014744,65.60183143235294
STU_014745,80.88752289625718
STU_014746,45.483278350970004
STU_014747,72.46605420999494
STU_014748,100.0
STU_014749,89.8624281940748
STU_014750,81.38999775616722
STU_014751,94.62580001987091
STU_014752,76.06395931357704
STU_014753,60.70329327752705
STU_014754,99.69560792709325
STU_014755,67.47244132069764
STU_014756,68.6848853287677
STU_014757,77.27519071109393
STU_014758,100.0
STU_014759,69.86184502563168
STU_014760,76.69374610949966
STU_014761,77.43057922819224
STU_014762,100.0
STU_014763,80.75590091133246
STU_014764,100.0
STU_014765,73.27725250967276
STU_014766,79.62276679315215
STU_014767,70.42576296985646
STU_014768,66.71913616716934
STU_014769,97.03789354539859
STU_014770,78.48118328818421
STU_014771,74.76168050336582
STU_014772,70.91495119530276
STU_014773,84.19210945613993
STU_014774,94.11694200324823
STU_014775,76.93536534053567
STU_014776,75.53877281855307
STU_014777,75.83259860341363
STU_014778,77.82461456053198
STU_014779,78.28403639983847
STU_014780,59.258267963144974
STU_014781,84.7099699973542
STU_014782,84.85454645181488
STU_014783,90.80707039652992
STU_014784,89.9275071338316
STU_014785,80.95116924748234
STU_014786,83.0923887512253
STU_014787,77.66924875557095
STU_014788,95.91825442751062
STU_014789,76.17082034511294
STU_014790,78.50892226113673
STU_014791,64.05590569899708
STU_014792,57.29267743808448
STU_014793,68.19656326499783
STU_014794,63.616355030582305
STU_014795,78.7074584203101
STU_014796,75.31156471546238
STU_014797,73.12226359467485
STU_014798,91.64175210835566
STU_014799,92.51040902121761
STU_014800,86.3478361899658
STU_014801,90.70990480623445
STU_014802,60.449712821590836
STU_014803,89.92273715938325
STU_014804,80.68686507561794
STU_014805,74.42440535288796
STU_014806,75.12259324518496
STU_014807,64.23882576307247
STU_014808,69.28597658930735
STU_014809,54.94784955699556
STU_014810,95.6621508734217
STU_014811,98.61538258826842
STU_014812,74.5569667723953
STU_014813,59.89289413198453
STU_014814,67.92269625458036
STU_014815,55.206014269085735
STU_014816,81.51345471860495
STU_014817,82.8276392657995
STU_014818,47.45262552517607
STU_014819,75.83783310319899
STU_014820,67.78886081353588
STU_014821,58.61015238471381
STU_014822,98.9014207390868
STU_014823,64.84789953145534
STU_014824,93.49807210134537
STU_014825,77.04437850306033
STU_014826,94.52268190392473
STU_014827,61.15833454880066
STU_014828,75.41730851569673
STU_014829,76.10093033606029
STU_014830,78.76098225468164
STU_014831,82.84576889181889
STU_014832,68.0093223811752
STU_014833,59.757278406470135
STU_014834,79.36665755092143
STU_014835,76.81625246120055
STU_014836,83.9323022449781
STU_014837,77.73025979149739
STU_014838,73.34797085027239
STU_014839,87.35496761479385
STU_014840,79.49141708133969
STU_014841,100.0
STU_014842,53.77507261259226
STU_014843,69.11106744282345
STU_014844,93.62171303119605
STU_014845,67.0489043474058
STU_014846,81.79663526362908
STU_014847,76.80838147656057
STU_014848,60.01731541447582
STU_014849,60.85470126140997
STU_014850,69.43640311389493
STU_014851,80.32498288183407
STU_014852,80.22088303069926
STU_014853,74.32670945115683
STU_014854,64.70760962632546
STU_014855,72.0677302141377
STU_014856,69.33324451566118
STU_014857,81.29078720115406
STU_014858,65.08808920446586
STU_014859,90.36329924448061
STU_014860,49.480637825681264
STU_014861,84.61891065013278
STU_014862,95.6505689544089
STU_014863,68.2303188357015
STU_014864,74.54551891130134
STU_014865,71.88367360948288
STU_014866,68.09507243759148
STU_014867,71.22997992775007
STU_014868,100.0
STU_014869,99.81034872139952
STU_014870,73.08586009276306
STU_014871,73.83362953465617
STU_014872,81.30813339269784
STU_014873,65.51985338731323
STU_014874,71.8107551562203
STU_014875,83.66040309988945
STU_014876,56.82499242733997
STU_014877,68.69817948590936
STU_014878,62.05114680653788
STU_014879,78.90550097458708
STU_014880,86.04110932758006
STU_014881,79.98437420669192
STU_014882,70.43495592435039
STU_014883,78.62591692783158
STU_014884,67.45827958454336
STU_014885,81.17572659350907
STU_014886,66.57893436137704
STU_014887,76.33410821046957
STU_014888,88.4347480125613
STU_014889,71.57694323380798
STU_014890,91.33605011304164
STU_014891,73.32691598155316
STU_014892,88.61854131523184
STU_014893,66.08609726553162
STU_014894,74.31262243776375
STU_014895,59.49322421055766
STU_014896,77.09268259880267
STU_014897,78.4474641752611
STU_014898,83.3861553002162
STU_014899,59.43508063471312
STU_014900,97.8758146750579
STU_014901,82.70225987555077
STU_014902,83.42692375308431
STU_014903,88.84689109790763
STU_014904,75.59669789594257
STU_014905,88.18933775732714
STU_014906,77.72311414641453
STU_014907,51.860621282144514
STU_014908,79.23424950117025
STU_014909,80.8875970351989
STU_014910,70.5429107600887
STU_014911,98.93935706509961
STU_014912,79.20161050858424
STU_014913,74.9013211072799
STU_014914,53.88070735550901
STU_014915,58.40105070680444
STU_014916,69.70813553488185
STU_014917,97.50012456344727
STU_014918,84.68295380204064
STU_014919,51.82477871657032
STU_014920,92.96440899872326
STU_014921,65.53061768566151
STU_014922,55.57284056762886
STU_014923,73.49351187884194
STU_014924,81.48047859585634
STU_014925,97.63188143026184
STU_014926,80.7839891200148
STU_014927,77.5120064834876
STU_014928,60.39787117317353
STU_014929,80.32141074044753
STU_014930,84.81015193796918
STU_014931,92.43608325375538
STU_014932,57.93290172933601
STU_014933,77.03600517813264
STU_014934,65.97670948674296
STU_014935,78.40185867915791
STU_014936,87.12600023584217
STU_014937,83.24253685100422
STU_014938,100.0
STU_014939,79.64817461090377
STU_014940,93.69789515086815
STU_014941,62.98965799642713
STU_014942,92.93948392464998
STU_014943,65.46799257786998
STU_014944,71.98057185959165
STU_014945,63.63172561917316
STU_014946,71.18244249074039
STU_014947,75.38209621988423
STU_014948,82.7483770228205
STU_014949,69.39231435457081
STU_014950,91.98901716399484
STU_014951,72.19865880014872
STU_014952,75.07983674191199
STU_014953,96.42920341784588
STU_014954,93.60656742078302
STU_014955,92.83603577996033
STU_014956,80.42018062687961
STU_014957,79.34732632745768
STU_014958,74.88808271044354
STU_014959,54.85976753040483
STU_014960,95.84005095211003
STU_014961,93.07461674952208
STU_014962,47.97580662532368
STU_014963,75.79329424905761
STU_014964,93.7278634575274
STU_014965,75.7437242079032
STU_014966,67.24354096090885
STU_014967,54.47890101884538
STU_014968,95.93609595399523
STU_014969,81.7541152817625
STU_014970,70.09787469357126
STU_014971,70.55970255460058
STU_014972,88.47869643174805
STU_014973,72.73746635434493
STU_014974,69.42841378927767
STU_014975,66.12146632809016
STU_014976,90.36344458053689
STU_014977,80.11517297344012
STU_014978,90.68248990126826
STU_014979,95.87408642706616
STU_014980,63.3814110290137
STU_014981,100.0
STU_014982,64.78891045096023
STU_014983,87.00585854061941
STU_014984,63.58118819982726
STU_014985,64.15153401111395
STU_014986,49.618525522023376
STU_014987,90.35254927768801
STU_014988,66.91642616637589
STU_014989,97.51653015942675
STU_014990,86.77068115350004
STU_014991,98.4800035500714
STU_014992,72.76688712949341
STU_014993,62.21700286267553
STU_014994,84.81954472379957
STU_014995,86.70387407698375
STU_014996,77.61645866121363
STU_014997,78.2084595484404
STU_014998,86.370627487281
STU_014999,97.03195419707787
STU_015000,69.94014557726882
STU_015001,55.52475608114473
STU_015002,66.20821283399272
STU_015003,60.45640258882687
STU_015004,66.36456925085737
STU_015005,57.09372846140702
STU_015006,62.01694706555061
STU_015007,90.13762482890304
STU_015008,73.51946349624731
STU_015009,76.2109762688289
STU_015010,75.26541244760422
STU_015011,53.87345027253098
STU_015012,98.449555092167
STU_015013,63.50990837394701
STU_015014,63.619171528979365
STU_015015,82.70809176150247
STU_015016,88.69528783567809
STU_015017,86.00047168673134
STU_015018,78.78729676828648
STU_015019,84.51535042582795
STU_015020,62.38841430362382
STU_015021,73.88196212865338
STU_015022,67.0470254071064
STU_015023,78.24832031557585
STU_015024,76.1909908173378
STU_015025,82.33670691366004
STU_015026,68.94422577231089
STU_015027,83.79562925042113
STU_015028,76.87559039700997
STU_015029,76.48565942228441
STU_015030,91.10197211721425
STU_015031,75.17295238682779
STU_015032,68.39745005323331
STU_015033,78.67171867521867
STU_015034,66.63720817884656
STU_015035,79.03856418982149
STU_015036,73.91627943092901
STU_015037,79.06887380197769
STU_015038,88.5537186164024
STU_015039,65.37160620184184
STU_015040,81.58756837001059
STU_015041,83.5952329174314
STU_015042,47.51932479303482
STU_015043,85.61394102977239
STU_015044,88.82825689498014
STU_015045,91.3617362999376
STU_015046,65.98084471331711
STU_015047,85.39741554710129
STU_015048,65.88185020307378
STU_015049,72.67331293768493
STU_015050,59.52814225024703
STU_015051,66.79412025580828
STU_015052,63.74719834594214
STU_015053,67.97497928041295
STU_015054,92.82272800529672
STU_015055,85.11118492589712
STU_015056,66.8465324129996
STU_015057,97.0240302644505
STU_015058,60.73460968265053
STU_015059,98.05532969496096
STU_015060,72.09145041650115
STU_015061,74.48421268590292
STU_015062,71.34875338678202
STU_015063,66.7306307079199
STU_015064,62.677211541050724
STU_015065,90.19651076542782
STU_015066,83.41069343347596
STU_015067,70.88433324408778
STU_015068,74.05977872567442
STU_015069,71.17305367064976
STU_015070,73.9834473406179
STU_015071,76.8077892231241
STU_015072,100.0
STU_015073,67.70860925795014
STU_015074,66.57028307794714
STU_015075,90.86909166969579
STU_015076,70.91957255949873
STU_015077,65.36457503674214
STU_015078,69.28064337494467
STU_015079,100.0
STU_015080,65.07670096632984
STU_015081,99.86817301347821
STU_015082,62.06500660775519
STU_015083,83.9827170996903
STU_015084,61.75717421740315
STU_015085,78.03655648725311
STU_015086,69.13300631144524
STU_015087,56.389848322973045
STU_015088,89.80018809602203
STU_015089,82.14480438791449
STU_015090,87.99568545217907
STU_015091,71.2472420237998
STU_015092,75.41394712602319
STU_015093,94.4161216506277
STU_015094,67.95979863257595
STU_015095,76.7057102800782
STU_015096,85.47937364110732
STU_015097,79.7765343981082
STU_015098,70.20933986430538
STU_015099,61.38400471325135
STU_015100,83.29382235686039
STU_015101,74.52260851479994
STU_015102,76.74760985725976
STU_015103,99.36861329084738
STU_015104,73.75300952003548
STU_015105,94.09513120134915
STU_015106,70.42133546296557
STU_015107,74.33156935312523
STU_015108,77.09641780877152
STU_015109,77.9007776359373
STU_015110,85.85426139710921
STU_015111,61.14035352785108
STU_015112,80.82967626122935
STU_015113,66.57125748395592
STU_015114,87.26083549323434
STU_015115,62.68148202217222
STU_015116,92.89375422748338
STU_015117,66.7739738691891
STU_015118,58.780457804074494
STU_015119,82.49899542204031
STU_015120,85.82877835685517
STU_015121,60.98935642426157
STU_015122,100.0
STU_015123,68.07519396056381
STU_015124,87.59218462177547
STU_015125,77.53293968517251
STU_015126,70.37259349341689
STU_015127,93.1668615371157
STU_015128,77.92749313726286
STU_015129,65.66069479345869
STU_015130,69.45965087234862
STU_015131,81.13756365692333
STU_015132,84.75652846651452
STU_015133,94.9708791129973
STU_015134,81.20048702157109
STU_015135,82.86324188956704
STU_015136,74.89467388625056
STU_015137,69.88690568719714
STU_015138,68.93222979453859
STU_015139,81.36985548573836
STU_015140,96.00086745623503
STU_015141,68.86521162702184
STU_015142,75.67201981263511
STU_015143,97.91440280655394
STU_015144,83.90354541337601
STU_015145,62.75778559366373
STU_015146,95.73919599135459
STU_015147,76.78153050733853
STU_015148,72.25594058895797
STU_015149,64.9217145331676
STU_015150,45.901309038610854
STU_015151,53.944166714294646
STU_015152,74.12361063434473
STU_015153,62.06379664455273
STU_015154,83.58292547520405
STU_015155,87.15173849934533
STU_015156,72.69808188239972
STU_015157,58.8906398261481
STU_015158,93.62842710710748
STU_015159,54.73685083861476
STU_015160,87.05473509291103
STU_015161,59.825122081941515
STU_015162,77.3712648346466
STU_015163,78.17967615248271
STU_015164,42.4350182701147
STU_015165,83.10671278938526
STU_015166,97.08849858963774
STU_015167,81.79813209903371
STU_015168,62.12772624831115
STU_015169,88.84171576999046
STU_015170,72.25029886283461
STU_015171,89.2903314641688
STU_015172,59.67617960286981
STU_015173,77.74246709242718
STU_015174,95.19023413621784
STU_015175,73.8037379385707
STU_015176,100.0
STU_015177,75.23638845499218
STU_015178,63.70383644392837
STU_015179,75.6551647617244
STU_015180,62.89544466746173
STU_015181,80.34086315800812
STU_015182,86.43507301959204
STU_015183,80.56329653716001
STU_015184,72.37855888845749
STU_015185,81.09272621625023
STU_015186,78.4343370387625
STU_015187,60.53076237999067
STU_015188,69.95930955987706
STU_015189,88.18871800980035
STU_015190,96.31358669311015
STU_015191,76.82301899517363
STU_015192,100.0
STU_015193,76.91477286940717
STU_015194,85.78403730421863
STU_015195,83.4089072662853
STU_015196,74.8077696733036
STU_015197,76.31931029991955
STU_015198,82.87581341915308
STU_015199,70.49026164831682
STU_015200,70.28414845679322
STU_015201,79.79665708602943
STU_015202,66.82611737710891
STU_015203,61.28483199043308
STU_015204,78.39887527355056
STU_015205,78.24432983949657
STU_015206,68.27672703573259
STU_015207,89.02227322122002
STU_015208,74.87465411010568
STU_015209,79.95636140993321
STU_015210,86.59687401287545
STU_015211,45.64892185801847
STU_015212,95.83294904793645
STU_015213,71.16376568275882
STU_015214,95.76510586943272
STU_015215,77.90859957962553
STU_015216,96.04508638734771
STU_015217,57.9803360896264
STU_015218,75.1244276888448
STU_015219,79.2991058916446
STU_015220,46.78356474477613
STU_015221,84.2155939335976
STU_015222,62.399745941441445
STU_015223,83.25171881959109
STU_015224,69.58360333357433
STU_015225,72.51254821759753
STU_015226,67.23455125422853
STU_015227,63.3698331709405
STU_015228,82.86857270524503
STU_015229,71.9754114947528
STU_015230,73.69018133441831
STU_015231,96.58427422256509
STU_015232,83.49817336773097
STU_015233,90.5191283862271
STU_015234,72.18470080156104
STU_015235,71.51941004426213
STU_015236,98.79958377277897
STU_015237,77.58958195052874
STU_015238,80.67600804662327
STU_015239,90.65174052401288
STU_015240,66.43964516577246
STU_015241,48.64092223023931
STU_015242,52.66396908703494
STU_015243,80.8177615699352
STU_015244,82.77527177422459
STU_015245,67.53607961150087
STU_015246,99.96791850842317
STU_015247,79.7512157486231
STU_015248,80.65569873325225
STU_015249,69.36026016660408
STU_015250,87.06905184817177
STU_015251,70.5790307441849
STU_015252,88.62909026525134
STU_015253,85.96022585520089
STU_015254,98.30366744144477
STU_015255,62.99772148325066
STU_015256,62.38033925158848
STU_015257,73.6344243739887
STU_015258,94.23462737700618
STU_015259,84.99176498510901
STU_015260,93.79137217116092
STU_015261,82.9528827427412
STU_015262,87.04318045433877
STU_015263,83.45938351474396
STU_015264,80.70123459498038
STU_015265,96.56403973968258
STU_015266,76.21218463622192
STU_015267,78.48815762233126
STU_015268,57.4763520081431
STU_015269,63.34215085724984
STU_015270,75.61808661059675
STU_015271,71.55639325566773
STU_015272,64.31543212234996
STU_015273,89.61140998442612
STU_015274,75.0723281215979
STU_015275,47.13603986228105
STU_015276,50.84602828513984
STU_015277,73.72853840443511
STU_015278,97.00755931101449
STU_015279,49.280427826595
STU_015280,89.83354610188861
STU_015281,100.0
STU_015282,83.65821248049193
STU_015283,81.84013187822512
STU_015284,77.35834678728959
STU_015285,44.412072950981624
STU_015286,87.4566910532813
STU_015287,74.15985472312863
STU_015288,78.04623448117783
STU_015289,65.80895698122012
STU_015290,78.53398452208519
STU_015291,75.5167666196406
STU_015292,66.97503315917976
STU_015293,61.59733371887941
STU_015294,77.36891594745494
STU_015295,75.69852459486727
STU_015296,65.76298538268469
STU_015297,85.36521494297673
STU_015298,97.0420562244936
STU_015299,67.12195675721408
STU_015300,84.28045867737119
STU_015301,75.21393510988767
STU_015302,80.8055647729999
STU_015303,66.65307752613555
STU_015304,59.23021651080411
STU_015305,65.23608731779741
STU_015306,81.44808080228316
STU_015307,95.3554237783348
STU_015308,60.49235918706123
STU_015309,69.55048770737554
STU_015310,77.42074809604406
STU_015311,62.58607786525535
STU_015312,80.87767412418079
STU_015313,58.94834305448701
STU_015314,84.2410216531695
STU_015315,72.467890009054
STU_015316,92.87219692771393
STU_015317,70.331884653459
STU_015318,80.96916197776838
STU_015319,71.0484084486703
STU_015320,70.62678380344579
STU_015321,63.39041676948662
STU_015322,96.97792453095565
STU_015323,81.82042583956338
STU_015324,73.11357290847315
STU_015325,80.62247273168231
STU_015326,58.025178449175755
STU_015327,76.66247836278039
STU_015328,74.23248316924321
STU_015329,70.56532191116625
STU_015330,71.91867412740953
STU_015331,64.79530929486381
STU_015332,100.0
STU_015333,68.23090843024258
STU_015334,77.64290299964235
STU_015335,96.9262838220162
STU_015336,91.99684690489357
STU_015337,70.50686070270726
STU_015338,64.15228252729467
STU_015339,66.87499364360279
STU_015340,94.34632226724116
STU_015341,85.39820067926576
STU_015342,99.95081447439642
STU_015343,76.92917052137258
STU_015344,95.22577342801287
STU_015345,100.0
STU_015346,86.68482809808076
STU_015347,93.78245396002531
STU_015348,74.28780801248013
STU_015349,79.10693665131832
STU_015350,86.04763448775304
STU_015351,100.0
STU_015352,81.28384393063342
STU_015353,73.59380016164987
STU_015354,60.73229022220367
STU_015355,57.27351652111533
STU_015356,59.0788403044733
STU_015357,70.09688350972203
STU_015358,83.1492949086914
STU_015359,85.69507386933098
STU_015360,92.90330049565674
STU_015361,80.42321492957919
STU_015362,74.89531359614975
STU_015363,78.60736481907459
STU_015364,89.88887891862481
STU_015365,75.69751448593183
STU_015366,92.23880776168932
STU_015367,82.5752227702156
STU_015368,70.91541068928444
STU_015369,99.0761775471803
STU_015370,94.82143088530769
STU_015371,58.69803610626845
STU_015372,57.16816404914905
STU_015373,83.71619722224325
STU_015374,84.4122403628674
STU_015375,71.91021126333806
STU_015376,71.47491173249512
STU_015377,88.38106892436295
STU_015378,73.33319298637863
STU_015379,93.07657892346612
STU_015380,89.93963961034308
STU_015381,93.89446127645766
STU_015382,82.67448655034906
STU_015383,59.54508364133957
STU_015384,74.1391546967019
STU_015385,59.73857053650043
STU_015386,74.21039588685663
STU_015387,69.09980396467886
STU_015388,75.4118581716765
STU_015389,97.3581044188784
STU_015390,44.42028724727477
STU_015391,80.12914568024435
STU_015392,89.47645862251508
STU_015393,88.82109689743638
STU_015394,74.40486210142983
STU_015395,82.29116500246205
STU_015396,73.43321971042016
STU_015397,97.93024860415686
STU_015398,71.52125278865992
STU_015399,97.82328383583108
STU_015400,91.93363932132786
STU_015401,88.29735195650724
STU_015402,68.41665046976308
STU_015403,55.3772232045839
STU_015404,81.00951067010979
STU_015405,79.68752618401902
STU_015406,87.02964865390958
STU_015407,82.23477132291778
STU_015408,37.16028722973822
STU_015409,77.1954629417481
STU_015410,68.34666150103315
STU_015411,72.87470038067993
STU_015412,72.42403353546983
STU_015413,77.20063376005406
STU_015414,70.84596744677913
STU_015415,65.77337787041238
STU_015416,88.0778687632448
STU_015417,58.87101108073239
STU_015418,89.43545972478702
STU_015419,58.77911780259931
STU_015420,64.51058179152399
STU_015421,95.29570432579446
STU_015422,78.51724222864819
STU_015423,84.76248869684713
STU_015424,100.0
STU_015425,90.17307114202484
STU_015426,61.8858751518095
STU_015427,57.601726118424665
STU_015428,74.60995668886133
STU_015429,78.25447911869624
STU_015430,42.31797123077433
STU_015431,66.96717278593385
STU_015432,81.23797725839734
STU_015433,68.72158289530475
STU_015434,68.35535258080903
STU_015435,65.5091326892824
STU_015436,74.98312599935926
STU_015437,71.51107000695984
STU_015438,93.06646651206103
STU_015439,74.11810563454792
STU_015440,76.51151695089209
STU_015441,67.04733661191432
STU_015442,85.39617591431386
STU_015443,61.157809485719966
STU_015444,80.4349218465099
STU_015445,70.53631303557374
STU_015446,68.27272244861575
STU_015447,48.530863927670524
STU_015448,47.24328627178441
STU_015449,84.84538386110916
STU_015450,92.40793863622875
STU_015451,83.14230607621944
STU_015452,81.19012266043161
STU_015453,95.77100919259925
STU_015454,78.71647993440479
STU_015455,56.176761756594736
STU_015456,77.79285617693307
STU_015457,67.69940682217512
STU_015458,66.34413812990495
STU_015459,50.7570048751559
STU_015460,100.0
STU_015461,99.4649097877762
STU_015462,71.42554059822771
STU_015463,86.44498878333965
STU_015464,56.76464546947219
STU_015465,51.586902647968806
STU_015466,87.83583829617262
STU_015467,82.29814394123831
STU_015468,56.70065374545451
STU_015469,60.09447796599457
STU_015470,92.45477237036528
STU_015471,77.26690349513838
STU_015472,93.4141586860146
STU_015473,91.96665918357985
STU_015474,98.99307981348545
STU_015475,80.87482159518555
STU_015476,77.26875834870299
STU_015477,53.00833663253355
STU_015478,51.97012173579853
STU_015479,95.09362624011587
STU_015480,73.12898559440737
STU_015481,80.93885466975932
STU_015482,60.777045170004044
STU_015483,87.54249177076403
STU_015484,68.05612831369608
STU_015485,68.7060171487701
STU_015486,69.95934516644911
STU_015487,63.96104409035573
STU_015488,79.6937382532719
STU_015489,81.76649751663177
STU_015490,88.05522679030639
STU_015491,84.77900475919782
STU_015492,62.11040554866092
STU_015493,71.03118291359843
STU_015494,65.3401980398273
STU_015495,86.10042718232128
STU_015496,71.69779008102735
STU_015497,56.38008651602384
STU_015498,71.47173833633919
STU_015499,39.79910139932603
STU_015500,78.12050036597543
STU_015501,90.8300368830972
STU_015502,52.90644536007625
STU_015503,88.99945536709048
STU_015504,83.38184093020354
STU_015505,76.1605402493238
STU_015506,74.64096514745401
STU_015507,100.0
STU_015508,99.62960537262181
STU_015509,83.91272079891488
STU_015510,82.12162847512866
STU_015511,88.76215743010093
STU_015512,78.87268806886304
STU_015513,83.16278627113937
STU_015514,83.09433722786886
STU_015515,79.06147950328288
STU_015516,74.35919001576458
STU_015517,95.77292537256034
STU_015518,75.576473907574
STU_015519,52.009701565226734
STU_015520,78.84907945396466
STU_015521,90.77562397854396
STU_015522,64.62489039227842
STU_015523,70.68723552512881
STU_015524,34.53239827688641
STU_015525,77.43071484728767
STU_015526,78.80975243074246
STU_015527,73.3178066543899
STU_015528,72.59247522709435
STU_015529,84.13272733730852
STU_015530,87.27112280980724
STU_015531,84.66830403157174
STU_015532,75.805826894023
STU_015533,52.64302762941837
STU_015534,94.21304445525018
STU_015535,74.48496167298129
STU_015536,80.93514249234593
STU_015537,69.5839377188377
STU_015538,89.06392818504773
STU_015539,67.37050546252593
STU_015540,67.4002030549002
STU_015541,74.55454714681285
STU_015542,89.74390156562094
STU_015543,81.56507779637178
STU_015544,96.92197863130261
STU_015545,73.97446317688669
STU_015546,76.8781722802391
STU_015547,52.09776707120605
STU_015548,64.62397292583196
STU_015549,92.07043441133922
STU_015550,95.15316280214212
STU_015551,81.57478036833356
STU_015552,73.61367907464741
STU_015553,46.87320569143148
STU_015554,81.89622792116629
STU_015555,83.92824441781606
STU_015556,94.1551872299338
STU_015557,76.58259425824119
STU_015558,88.62208462225196
STU_015559,84.48395827022648
STU_015560,85.23480183418293
STU_015561,84.91228599912961
STU_015562,80.88877736227593
STU_015563,66.31365524764006
STU_015564,70.90091903896233
STU_015565,65.41407442591003
STU_015566,69.31038246150258
STU_015567,69.18640457480168
STU_015568,71.2310509504218
STU_015569,72.80751176044768
STU_015570,93.5073211097152
STU_015571,62.24352269106524
STU_015572,77.9874202207934
STU_015573,82.76843095226616
STU_015574,62.33369710516147
STU_015575,75.82464580083965
STU_015576,69.42851339937603
STU_015577,68.51941216447113
STU_015578,80.36573001880964
STU_015579,74.13221843405363
STU_015580,71.84649383218482
STU_015581,78.70780903775992
STU_015582,81.13074019562958
STU_015583,94.82206163732033
STU_015584,91.46571758318628
STU_015585,90.9199117710474
STU_015586,86.95516721658132
STU_015587,52.59015793027378
STU_015588,77.11028376117727
STU_015589,80.23953242191283
STU_015590,62.38538557815267
STU_015591,56.47405470899303
STU_015592,87.25574600871343
STU_015593,63.40125537135526
STU_015594,91.10395088894539
STU_015595,90.26434124521933
STU_015596,84.25940587271236
STU_015597,93.76266110819272
STU_015598,80.73629749779717
STU_015599,53.090061854927804
STU_015600,67.37489895612677
STU_015601,51.564181152726135
STU_015602,63.18160342883391
STU_015603,80.2199904538495
STU_015604,82.1545097631219
STU_015605,61.07459363406957
STU_015606,76.13622819484121
STU_015607,66.10771215266661
STU_015608,75.37580623799744
STU_015609,70.66142895313575
STU_015610,68.95965418756612
STU_015611,87.45718600492158
STU_015612,82.48519877623909
STU_015613,95.12364271089041
STU_015614,63.57495804931591
STU_015615,70.4569524167818
STU_015616,79.71067509814227
STU_015617,65.34560704212359
STU_015618,86.3244633083474
STU_015619,55.61443251263516
STU_015620,69.42841385990786
STU_015621,71.87019816913049
STU_015622,81.18777669474716
STU_015623,90.89458941822487
STU_015624,82.04358285293644
STU_015625,81.902686161916
STU_015626,66.37576434455359
STU_015627,100.0
STU_015628,76.73632513794067
STU_015629,68.19204072186088
STU_015630,73.59472536866127
STU_015631,67.56346991257978
STU_015632,91.38193319255922
STU_015633,85.90519880976473
STU_015634,74.87971366139583
STU_015635,98.84082827857164
STU_015636,70.33817018583787
STU_015637,50.78427121102518
STU_015638,74.75636382980764
STU_015639,95.40399634316412
STU_015640,67.99738229077451
STU_015641,57.34508893770665
STU_015642,100.0
STU_015643,80.39027533821057
STU_015644,92.5019897962845
STU_015645,55.03838435086245
STU_015646,99.34561960982278
STU_015647,71.78388295616932
STU_015648,63.256796864370465
STU_015649,79.81565746283347
STU_015650,68.48747823530084
STU_015651,52.4000215683689
STU_015652,96.4948462255572
STU_015653,72.9869032629638
STU_015654,68.08919799829621
STU_015655,100.0
STU_015656,69.57133034230046
STU_015657,73.84068873892465
STU_015658,71.91417174279724
STU_015659,72.60030779810432
STU_015660,90.54547380095342
STU_015661,44.48045361187911
STU_015662,73.95849528731097
STU_015663,88.77941241292977
STU_015664,56.8382705026948
STU_015665,78.50080179190907
STU_015666,83.4211468508705
STU_015667,94.9749362073032
STU_015668,83.28664820439035
STU_015669,77.23609259294899
STU_015670,64.48658229319014
STU_015671,85.42444892621307
STU_015672,89.13713637344759
STU_015673,80.95368237849263
STU_015674,77.63171990160951
STU_015675,88.35503551604177
STU_015676,51.715910372481595
STU_015677,84.52175994251702
STU_015678,100.0
STU_015679,77.3240225890107
STU_015680,79.74122693601475
STU_015681,80.38538621163852
STU_015682,82.8127609468388
STU_015683,60.425138562468256
STU_015684,62.40459452428553
STU_015685,80.21669492748339
STU_015686,72.66311226579128
STU_015687,85.17529731617083
STU_015688,79.46100061394556
STU_015689,62.341375902640316
STU_015690,67.92113561858609
STU_015691,96.98719850988512
STU_015692,85.11281498278255
STU_015693,74.88584674463809
STU_015694,94.73857474391363
STU_015695,94.5439572024406
STU_015696,49.7558298342528
STU_015697,63.877157084588504
STU_015698,89.40448346164857
STU_015699,96.63256513198219
STU_015700,82.00443227982305
STU_015701,74.27161943823529
STU_015702,90.06063147329112
STU_015703,90.77321223894398
STU_015704,77.22190865369402
STU_015705,81.48856660460535
STU_015706,61.51624385918915
STU_015707,77.64287834930609
STU_015708,53.64347330610357
STU_015709,62.726147903976496
STU_015710,66.59242175991382
STU_015711,73.22756238385216
STU_015712,87.46657901247963
STU_015713,80.59130856020502
STU_015714,73.26012204430532
STU_015715,86.43436694591348
STU_015716,63.17873521963149
STU_015717,62.42685442066554
STU_015718,69.23423619415848
STU_015719,57.83277260668024
STU_015720,58.70073273174343
STU_015721,61.408021355072506
STU_015722,66.88619528643636
STU_015723,70.46153655108881
STU_015724,99.95019956732645
STU_015725,90.17361990860887
STU_015726,76.26897942835012
STU_015727,65.09577546451789
STU_015728,79.20901442321828
STU_015729,93.79025665046451
STU_015730,69.22988612885428
STU_015731,78.74206202114519
STU_015732,54.57123636645293
STU_015733,65.51053892003304
STU_015734,68.6926654274522
STU_015735,55.02078610042676
STU_015736,94.56272442858439
STU_015737,71.19121877969522
STU_015738,63.38155303949769
STU_015739,74.54871535890992
STU_015740,92.86320546604587
STU_015741,61.86527975815852
STU_015742,73.98632423066074
STU_015743,92.14404640312051
STU_015744,64.3629570437968
STU_015745,84.37441457624458
STU_015746,68.0312430575652
STU_015747,95.84631300379999
STU_015748,50.94450013331086
STU_015749,87.38169360843584
STU_015750,59.000368752769994
STU_015751,88.93483797553372
STU_015752,69.42024542012227
STU_015753,78.63515835155368
STU_015754,78.20935601500497
STU_015755,94.80248353254814
STU_015756,78.99533566532664
STU_015757,87.71524560365019
STU_015758,100.0
STU_015759,85.2260129815629
STU_015760,69.27129912769651
STU_015761,90.7925462097813
STU_015762,64.04360264703469
STU_015763,67.79404230052074
STU_015764,76.14753801881827
STU_015765,80.84184135846897
STU_015766,84.04879527695572
STU_015767,88.06329053599677
STU_015768,75.81135194168317
STU_015769,80.7966293276313
STU_015770,66.64982464395621
STU_015771,93.58897468881787
STU_015772,59.75183742719423
STU_015773,52.66526995733918
STU_015774,99.40219044484901
STU_015775,83.45879446287692
STU_015776,63.50662833374678
STU_015777,67.52400834689868
STU_015778,60.78863444037682
STU_015779,54.56022376140656
STU_015780,83.20048344921666
STU_015781,76.17165714378285
STU_015782,81.50256751717674
STU_015783,66.63064980787553
STU_015784,76.58364140921715
STU_015785,73.56476976818304
STU_015786,73.65503580470141
STU_015787,78.79816303798079
STU_015788,76.25077378506771
STU_015789,53.471712492647306
STU_015790,66.91199685558989
STU_015791,70.95369145289439
STU_015792,77.57443275099489
STU_015793,86.26516790008355
STU_015794,86.43746523739078
STU_015795,64.20892312064265
STU_015796,91.21181532710196
STU_015797,81.68808524484305
STU_015798,86.16821952749709
STU_015799,88.95231736953738
STU_015800,66.47490393462422
STU_015801,77.72892836076079
STU_015802,60.78602952289687
STU_015803,69.00455772189795
STU_015804,82.5256741670023
STU_015805,51.074014468038754
STU_015806,97.69230079820738
STU_015807,75.4345263844964
STU_015808,66.08886392708575
STU_015809,50.1542278275515
STU_015810,87.03782255383854
STU_015811,100.0
STU_015812,82.3307084094675
STU_015813,93.48863970206523
STU_015814,67.90718794208914
STU_015815,60.6265006239159
STU_015816,92.65579416497349
STU_015817,69.43508671551555
STU_015818,69.011599661556
STU_015819,56.10596161381752
STU_015820,65.72859161783376
STU_015821,75.18495887735529
STU_015822,63.37013649876606
STU_015823,72.74361834778816
STU_015824,86.92473770173402
STU_015825,53.300461786122675
STU_015826,54.618777880798504
STU_015827,66.41604569178025
STU_015828,70.97448735376298
STU_015829,84.49062793427068
STU_015830,89.68294393204495
STU_015831,72.4349139888972
STU_015832,94.25352268825733
STU_015833,91.51318419414966
STU_015834,44.09729599128194
STU_015835,76.71726253849926
STU_015836,78.43835506625962
STU_015837,77.73485520907263
STU_015838,72.69461186943224
STU_015839,86.74898436935905
STU_015840,67.97354724908296
STU_015841,56.181587242286824
STU_015842,93.11869044220757
STU_015843,85.75182371157065
STU_015844,91.79808796637231
STU_015845,67.12697891203986
STU_015846,67.3019578753332
STU_015847,80.3980723602483
STU_015848,87.79345107794128
STU_015849,94.14977978220294
STU_015850,56.93857675587982
STU_015851,70.63390003074578
STU_015852,62.45079917723854
STU_015853,74.66045253576799
STU_015854,91.35620271355516
STU_015855,93.98749990603179
STU_015856,79.0685656124278
STU_015857,84.42158685438673
STU_015858,63.91942642526476
STU_015859,72.58584990139504
STU_015860,68.43179075399273
STU_015861,68.41517321980544
STU_015862,65.64860373601105
STU_015863,95.15398272177264
STU_015864,52.422165419633416
STU_015865,59.68130065603016
STU_015866,76.38606456162879
STU_015867,40.19044426156597
STU_015868,70.2324914835739
STU_015869,90.17946607163356
STU_015870,76.96821366226254
STU_015871,72.92924395478295
STU_015872,45.64771630129721
STU_015873,96.21866797415598
STU_015874,72.51666077302949
STU_015875,82.06314676676092
STU_015876,64.3549955742788
STU_015877,98.35478450060498
STU_015878,82.74667287084826
STU_015879,95.8183849545489
STU_015880,82.02459203964489
STU_015881,95.3489531994157
STU_015882,68.4128774855045
STU_015883,78.23449368256345
STU_015884,87.38022572224956
STU_015885,63.61734642332178
STU_015886,92.81493468257426
STU_015887,99.57618739367952
STU_015888,63.19044628807856
STU_015889,86.35463592480743
STU_015890,93.70618871957902
STU_015891,88.34616518093267
STU_015892,54.87378056385925
STU_015893,59.25839047446891
STU_015894,52.996774559298146
STU_015895,61.59540943640071
STU_015896,69.1900936155471
STU_015897,89.10431897427301
STU_015898,77.21510691015648
STU_015899,93.75285962107226
STU_015900,70.90674719426987
STU_015901,70.8683069674447
STU_015902,70.83489693591017
STU_015903,84.30274970239219
STU_015904,82.0452597140353
STU_015905,88.43487886568522
STU_015906,70.07017530882955
STU_015907,100.0
STU_015908,64.18702748201333
STU_015909,72.57034616176426
STU_015910,77.27124575511269
STU_015911,61.28533483922853
STU_015912,82.09707310298526
STU_015913,66.39182829542285
STU_015914,64.32142689051251
STU_015915,88.91939737407492
STU_015916,61.73023737238119
STU_015917,53.96677747008465
STU_015918,77.33166020106604
STU_015919,88.58805788154064
STU_015920,81.51889492448056
STU_015921,92.9603640899752
STU_015922,56.216690159596105
STU_015923,92.53473134056095
STU_015924,74.01347548322154
STU_015925,68.39197184413854
STU_015926,80.89763568566411
STU_015927,76.46844719465946
STU_015928,73.99403548212277
STU_015929,88.58078806571444
STU_015930,57.9722416311765
STU_015931,58.0060149818309
STU_015932,72.24771107875836
STU_015933,78.37444090998504
STU_015934,68.59133686932269
STU_015935,100.0
STU_015936,100.0
STU_015937,78.57293244035355
STU_015938,79.61672651445414
STU_015939,66.9273928795139
STU_015940,95.02734345967485
STU_015941,66.83591761168125
STU_015942,87.16287250358278
STU_015943,81.21069470685423
STU_015944,96.08158516629335
STU_015945,78.26611616432793
STU_015946,73.7300447128141
STU_015947,71.49092231154502
STU_015948,68.85663047938306
STU_015949,58.341622797898395
STU_015950,96.86859697127024
STU_015951,70.65028461315208
STU_015952,74.98838924888899
STU_015953,65.22116582014851
STU_015954,80.33475413158621
STU_015955,79.8183059028128
STU_015956,84.73415558381731
STU_015957,56.483299862204504
STU_015958,68.22404247270171
STU_015959,92.13997362072197
STU_015960,69.07118811685815
STU_015961,87.9612221994183
STU_015962,80.25931320493919
STU_015963,77.26524318162691
STU_015964,64.83654764692898
STU_015965,86.68493170179173
STU_015966,55.55489441057246
STU_015967,79.84119495413992
STU_015968,84.13402408293143
STU_015969,69.45456738774952
STU_015970,79.79253737120312
STU_015971,68.13091659185547
STU_015972,85.53513428002366
STU_015973,64.82968759247973
STU_015974,88.22622583310105
STU_015975,55.80631334153742
STU_015976,49.22305076846335
STU_015977,63.98450266949311
STU_015978,72.87149061759338
STU_015979,88.28792074902114
STU_015980,87.11303973135396
STU_015981,96.0239901554903
STU_015982,93.10761438642677
STU_015983,81.96528645832163
STU_015984,84.95311438178446
STU_015985,70.92931659109775
STU_015986,46.29902607667668
STU_015987,74.3354527229881
STU_015988,66.21517698224615
STU_015989,81.20628007669173
STU_015990,59.41572972243331
STU_015991,70.89529145701545
STU_015992,44.14510635034224
STU_015993,74.80229793911641
STU_015994,73.09373229109931
STU_015995,99.59973381571342
STU_015996,77.37630033852034
STU_015997,69.70335528294154
STU_015998,83.76960652849274
STU_015999,84.90531230373571
STU_016000,82.98431002963963
STU_016001,91.02624904441493
STU_016002,87.84425669216886
STU_016003,91.86280957295301
STU_016004,86.0300330550893
STU_016005,47.25700663713179
STU_016006,62.71663138466933
STU_016007,80.65131354092816
STU_016008,89.6398017338773
STU_016009,51.097945955675065
STU_016010,76.79102417172788
STU_016011,84.2851958726687
STU_016012,69.61558218950428
STU_016013,69.97114003904335
STU_016014,95.88593635139391
STU_016015,49.19752416890883
STU_016016,94.17886306929485
STU_016017,79.15121521147512
STU_016018,84.19524922354101
STU_016019,72.28917683552909
STU_016020,91.79025323808068
STU_016021,100.0
STU_016022,68.24452236331406
STU_016023,100.0
STU_016024,73.95748005651339
STU_016025,89.72716364707706
STU_016026,56.811987812123505
STU_016027,63.55013698745351
STU_016028,69.47636559118315
STU_016029,76.19753642511625
STU_016030,98.48454384924551
STU_016031,93.08495453886697
STU_016032,84.55894433744933
STU_016033,82.79279391061485
STU_016034,78.56489372173021
STU_016035,66.2098825392356
STU_016036,100.0
STU_016037,76.00328166245596
STU_016038,71.19245688214683
STU_016039,71.46474961199047
STU_016040,90.36569975965682
STU_016041,90.34540583765286
STU_016042,76.42651371415171
STU_016043,82.94842911070134
STU_016044,92.7260407303024
STU_016045,83.61032074026532
STU_016046,63.36507338984349
STU_016047,85.52253322049106
STU_016048,67.70275528906123
STU_016049,74.48108734123397
STU_016050,71.40465514098148
STU_016051,84.51769570413148
STU_016052,95.42844102409498
STU_016053,77.80651915134405
STU_016054,67.4000471833547
STU_016055,78.00397714197211
STU_016056,72.67721071309685
STU_016057,75.68497149301461
STU_016058,77.9447947620361
STU_016059,71.06908268217762
STU_016060,74.05287206465466
STU_016061,52.3887369825691
STU_016062,68.76729010570736
STU_016063,78.3402074914836
STU_016064,63.54107493968722
STU_016065,76.31214360562916
STU_016066,82.32410661259402
STU_016067,59.61918807154064
STU_016068,98.48997274754299
STU_016069,79.07035535403232
STU_016070,70.62725786341912
STU_016071,63.70375319071659
STU_016072,87.73730075605758
STU_016073,79.81201553629758
STU_016074,86.35653700247083
STU_016075,99.86008084542189
STU_016076,64.65092839614857
STU_016077,66.47168117865267
STU_016078,82.62031534064062
STU_016079,85.5072190352173
STU_016080,77.31623531473798
STU_016081,65.42537635867407
STU_016082,87.89727530968699
STU_016083,98.17324921498505
STU_016084,72.07967438341873
STU_016085,49.7885207580076
STU_016086,93.60689009613566
STU_016087,72.01182596388028
STU_016088,73.62145886415027
STU_016089,83.44239232714536
STU_016090,89.14775726340446
STU_016091,64.0026841392029
STU_016092,76.13173722041145
STU_016093,76.56667746071882
STU_016094,75.39005952471224
STU_016095,72.90565084678146
STU_016096,88.18269391384332
STU_016097,69.5207446150444
STU_016098,57.88694811303853
STU_016099,83.93863954328995
STU_016100,75.28644173548928
STU_016101,62.18191875512784
STU_016102,81.97391018440987
STU_016103,54.249921261015544
STU_016104,81.54261430079448
STU_016105,62.947516095472
STU_016106,60.20216983261923
STU_016107,81.3697978145747
STU_016108,68.11285888013998
STU_016109,66.28420071930846
STU_016110,64.51605872148728
STU_016111,86.80124377723638
STU_016112,77.28464424503917
STU_016113,56.226798192122615
STU_016114,72.11327428010081
STU_016115,80.76028218255044
STU_016116,96.05190513066854
STU_016117,79.47779670752325
STU_016118,65.56253920486404
STU_016119,83.36600907329303
STU_016120,82.85218468843425
STU_016121,68.83876611318183
STU_016122,72.42596704590463
STU_016123,85.89151177794136
STU_016124,92.32993985977532
STU_016125,88.92968540293089
STU_016126,80.3903237575611
STU_016127,82.36517053451169
STU_016128,94.01020695763947
STU_016129,65.11713043187488
STU_016130,97.75967143036162
STU_016131,83.59305345218891
STU_016132,70.8480652062894
STU_016133,74.96977212138744
STU_016134,72.37874332589033
STU_016135,59.50131999123798
STU_016136,90.44513518019016
STU_016137,79.0517030600538
STU_016138,81.24612063986092
STU_016139,98.90606056318236
STU_016140,86.4252651402806
STU_016141,85.60355744158868
STU_016142,85.6701647805422
STU_016143,56.60145723128379
STU_016144,78.32864946068226
STU_016145,77.97986975757236
STU_016146,86.59320264083172
STU_016147,89.52487619647631
STU_016148,65.04376849064222
STU_016149,55.75573239248679
STU_016150,94.16397884069616
STU_016151,58.45126543864288
STU_016152,80.1258743971595
STU_016153,69.6219180807092
STU_016154,79.98122748153702
STU_016155,82.96443708222121
STU_016156,64.35476846288302
STU_016157,77.16183294471529
STU_016158,97.25303569733401
STU_016159,62.87026116077977
STU_016160,81.58352064750349
STU_016161,71.82998725775879
STU_016162,94.11533390735335
STU_016163,77.99148243490846
STU_016164,67.27960662904076
STU_016165,94.50719289318008
STU_016166,61.77247410694822
STU_016167,81.26438004779804
STU_016168,86.50021474243292
STU_016169,88.92246665019968
STU_016170,80.03999124312284
STU_016171,76.68455204743985
STU_016172,62.26955972702656
STU_016173,74.31408082489557
STU_016174,61.68113022972956
STU_016175,93.37957838761889
STU_016176,76.23460252165674
STU_016177,85.20914517936336
STU_016178,82.36786745748746
STU_016179,81.13493136884235
STU_016180,56.575315141732425
STU_016181,92.45367710605842
STU_016182,52.24239017370596
STU_016183,75.87012919863517
STU_016184,81.30115981847229
STU_016185,99.68331580923147
STU_016186,50.00135832371727
STU_016187,92.15827731620945
STU_016188,77.8715242850289
STU_016189,82.79165265534434
STU_016190,79.04936846881324
STU_016191,55.662891972465005
STU_016192,60.19077416103528
STU_016193,79.63885950260006
STU_016194,91.91836469383973
STU_016195,82.92762238308092
STU_016196,59.53837179363792
STU_016197,97.08802625664507
STU_016198,68.57524803860603
STU_016199,77.56614590912122
STU_016200,64.99302713599418
STU_016201,69.21775895541757
STU_016202,64.66327664911209
STU_016203,72.98405197796637
STU_016204,63.81017390436736
STU_016205,56.3545655435232
STU_016206,69.43270947172033
STU_016207,52.61755156125629
STU_016208,68.3597182888401
STU_016209,68.48084066092848
STU_016210,58.052285508568104
STU_016211,71.79747870591689
STU_016212,67.40035154871354
STU_016213,93.10163400556469
STU_016214,58.35872165890201
STU_016215,70.7332464209536
STU_016216,61.85605638382979
STU_016217,73.52049888344438
STU_016218,100.0
STU_016219,83.04972229041964
STU_016220,92.9116177597622
STU_016221,66.17126139638424
STU_016222,65.95976737097101
STU_016223,64.52138340476924
STU_016224,97.55115221680377
STU_016225,82.86076844570233
STU_016226,87.45909507242776
STU_016227,75.36417870054991
STU_016228,71.40729915132715
STU_016229,64.95217946570281
STU_016230,63.075836352440604
STU_016231,94.43093040789233
STU_016232,97.5174151406591
STU_016233,51.356397388507574
STU_016234,81.90436667550568
STU_016235,59.988858679480686
STU_016236,74.26611530267685
STU_016237,69.23567330769882
STU_016238,87.02901170218357
STU_016239,67.28066449683693
STU_016240,89.68823211757059
STU_016241,86.68384541414837
STU_016242,68.35415377010551
STU_016243,73.1771774722126
STU_016244,78.17895400513018
STU_016245,66.72864844765803
STU_016246,65.72067249295809
STU_016247,71.15856547509505
STU_016248,71.91756862739655
STU_016249,68.74774568318952
STU_016250,86.65570120178936
STU_016251,52.157962611684944
STU_016252,84.66320402545034
STU_016253,83.85329591895339
STU_016254,84.11935366260339
STU_016255,71.38281735655782
STU_016256,47.42968913219237
STU_016257,78.57260097362348
STU_016258,82.14320027024641
STU_016259,72.04302529110706
STU_016260,72.23790647720026
STU_016261,97.32048806782423
STU_016262,85.37551290047594
STU_016263,59.45479202356808
STU_016264,53.99581900029188
STU_016265,97.37464169224947
STU_016266,90.99290550302754
STU_016267,72.02026805133639
STU_016268,80.51507199079865
STU_016269,94.4825785036834
STU_016270,72.76223798932865
STU_016271,70.5067980896044
STU_016272,83.78212184790173
STU_016273,74.46877508156894
STU_016274,59.79711263064287
STU_016275,71.8938323258957
STU_016276,59.21770946360057
STU_016277,86.46262346968263
STU_016278,80.6932610302197
STU_016279,80.70369790208325
STU_016280,74.8127217960778
STU_016281,79.93396141776591
STU_016282,70.09518922851882
STU_016283,65.59126201559819
STU_016284,88.15843547596155
STU_016285,63.6294740595567
STU_016286,62.939375322500695
STU_016287,90.08413448387422
STU_016288,92.56812564110247
STU_016289,74.80453659157808
STU_016290,64.37204195113617
STU_016291,76.85688444760268
STU_016292,70.74272567485787
STU_016293,78.4814779554267
STU_016294,70.38478004470264
STU_016295,82.8768875575785
STU_016296,72.00751207099786
STU_016297,85.76191985208101
STU_016298,54.07797926051835
STU_016299,67.86907568655924
STU_016300,63.6195404472251
STU_016301,57.42237464611333
STU_016302,69.49051693613559
STU_016303,78.41605471057473
STU_016304,86.53161813726166
STU_016305,86.71789456817818
STU_016306,78.01372684745128
STU_016307,67.18874743319795
STU_016308,62.2035315727495
STU_016309,85.05199661445434
STU_016310,78.38741553485687
STU_016311,58.01115626878154
STU_016312,65.55014664715353
STU_016313,100.0
STU_016314,87.93974575424566
STU_016315,61.860468355154296
STU_016316,95.18774309905021
STU_016317,80.41949996592558
STU_016318,72.10220331591516
STU_016319,66.41247153499314
STU_016320,64.81609081227884
STU_016321,63.78522887129924
STU_016322,95.1160986548908
STU_016323,73.76276706996762
STU_016324,52.62964074752438
STU_016325,73.01576649184692
STU_016326,81.57647915654461
STU_016327,81.4291444504193
STU_016328,76.53962348514605
STU_016329,70.52107972277824
STU_016330,71.90720789411951
STU_016331,75.45009059521341
STU_016332,84.52060235663866
STU_016333,88.65405354408178
STU_016334,62.774450110943256
STU_016335,72.77270876139565
STU_016336,66.25266781517915
STU_016337,67.10222868394851
STU_016338,75.33527052033617
STU_016339,81.03168996681633
STU_016340,88.55024189374866
STU_016341,88.32568321690368
STU_016342,75.79252917571137
STU_016343,73.98398117666626
STU_016344,92.57120075199667
STU_016345,83.44405543484586
STU_016346,85.59038679067822
STU_016347,51.78929283614724
STU_016348,68.90897182123825
STU_016349,87.99120851055144
STU_016350,61.181755889728564
STU_016351,70.52177075414303
STU_016352,77.81883439866252
STU_016353,70.62656348389555
STU_016354,53.10897871496557
STU_016355,74.97403024281907
STU_016356,70.50205367450653
STU_016357,63.769407150138136
STU_016358,77.55666049937062
STU_016359,90.66971533936143
STU_016360,77.49282119821436
STU_016361,74.00795346652546
STU_016362,79.6828805597724
STU_016363,70.6615509406659
STU_016364,72.67209823474745
STU_016365,78.45338277063252
STU_016366,71.54894920644567
STU_016367,81.4316834866307
STU_016368,55.69865056866068
STU_016369,70.55176350621286
STU_016370,44.02529659998131
STU_016371,60.913539963003174
STU_016372,92.8741185501186
STU_016373,86.41112293391923
STU_016374,71.93144023408838
STU_016375,79.43416287021677
STU_016376,88.83541090556905
STU_016377,56.603295163980896
STU_016378,82.152861526116
STU_016379,60.941706853087766
STU_016380,86.61150976840614
STU_016381,63.97586837525368
STU_016382,77.37617939007615
STU_016383,55.846276249768906
STU_016384,93.4363953693322
STU_016385,93.86910992096661
STU_016386,72.9101449837614
STU_016387,69.27927425357737
STU_016388,59.35027083236693
STU_016389,76.08972711042847
STU_016390,78.66246491518385
STU_016391,99.29079635712439
STU_016392,82.28709879434376
STU_016393,77.95508702113233
STU_016394,93.90996357318532
STU_016395,61.80110259623518
STU_016396,92.52000600827495
STU_016397,65.9054721323098
STU_016398,62.723199989568045
STU_016399,70.565859039146
STU_016400,83.28070443753592
STU_016401,72.4459175627396
STU_016402,94.6289353167394
STU_016403,61.0862253111229
STU_016404,67.93936130715844
STU_016405,65.12487467113102
STU_016406,66.47396094777056
STU_016407,94.39528479241811
STU_016408,84.18088169002841
STU_016409,52.61388736916075
STU_016410,60.52848758558466
STU_016411,53.90783244104338
STU_016412,51.34549235882876
STU_016413,68.96400577201317
STU_016414,85.32692950555877
STU_016415,83.2002014406316
STU_016416,74.24352471612332
STU_016417,77.4986808886623
STU_016418,98.88060221418982
STU_016419,78.2749002683532
STU_016420,64.44324396178885
STU_016421,63.73450826319568
STU_016422,69.1790762264927
STU_016423,99.21439793022877
STU_016424,73.4673790988372
STU_016425,87.45788018925623
STU_016426,80.00796397867626
STU_016427,75.78482945107076
STU_016428,100.0
STU_016429,75.32629492095771
STU_016430,84.07208819098412
STU_016431,96.39730768574066
STU_016432,48.60698154752067
STU_016433,58.97509792392898
STU_016434,59.781807061861684
STU_016435,77.09698957319037
STU_016436,94.83170536503381
STU_016437,81.82632587596075
STU_016438,74.81341064349188
STU_016439,74.92153385361303
STU_016440,67.18531839773775
STU_016441,92.18358372284308
STU_016442,93.59803659982751
STU_016443,68.10792111528164
STU_016444,76.14117184928972
STU_016445,76.12433018392855
STU_016446,70.78826554583515
STU_016447,66.59129226331808
STU_016448,73.50036290107982
STU_016449,77.93928643636836
STU_016450,78.26864895530237
STU_016451,90.26349398882084
STU_016452,83.33012811770199
STU_016453,64.59287388456391
STU_016454,67.15253088387017
STU_016455,50.153632687212536
STU_016456,78.9142881927132
STU_016457,88.65981962902258
STU_016458,75.14472692766732
STU_016459,74.45465529765409
STU_016460,80.2799490402981
STU_016461,59.16929446233107
STU_016462,80.76777846362437
STU_016463,81.32396852812835
STU_016464,78.53446047715887
STU_016465,80.95739152682685
STU_016466,69.1997891442068
STU_016467,81.76949787176456
STU_016468,71.71538081317718
STU_016469,55.177146103701084
STU_016470,88.07388423834908
STU_016471,56.07797280407678
STU_016472,84.01218161527136
STU_016473,79.0571681407725
STU_016474,68.21393915679182
STU_016475,100.0
STU_016476,95.78465762469965
STU_016477,90.75117310853047
STU_016478,90.70872019081793
STU_016479,72.01697725273812
STU_016480,80.63963157904325
STU_016481,77.53640494222078
STU_016482,64.61598706256143
STU_016483,84.90328146582661
STU_016484,69.0012547922137
STU_016485,71.39090041500802
STU_016486,88.44422890662524
STU_016487,69.24076334616461
STU_016488,78.45579712213885
STU_016489,94.84679725706367
STU_016490,68.59782674740991
STU_016491,86.25972789265717
STU_016492,89.39561007341865
STU_016493,85.5000165536504
STU_016494,76.35010846527928
STU_016495,48.03948584223305
STU_016496,82.46749406298072
STU_016497,46.958154146750104
STU_016498,61.75244040588027
STU_016499,73.66154172996782
STU_016500,72.74786047811027
STU_016501,74.93783674824364
STU_016502,77.07787946544335
STU_016503,59.064157026712195
STU_016504,76.79488355308668
STU_016505,94.8202065749062
STU_016506,73.08657767405055
STU_016507,65.24651033144363
STU_016508,85.88162344760357
STU_016509,42.246848929505646
STU_016510,78.15642949236704
STU_016511,68.14954337257815
STU_016512,67.85394456567316
STU_016513,53.898255560366415
STU_016514,86.4181031148135
STU_016515,61.85208293738827
STU_016516,60.07094219927806
STU_016517,78.70677281755798
STU_016518,78.54239915692668
STU_016519,84.29385643815681
STU_016520,60.926059263017024
STU_016521,100.0
STU_016522,53.482010212499304
STU_016523,71.10593642027177
STU_016524,73.57274521858965
STU_016525,43.61338241810598
STU_016526,100.0
STU_016527,58.45560648584157
STU_016528,68.24721393186722
STU_016529,70.94015058681913
STU_016530,81.0082505330239
STU_016531,96.76455367668143
STU_016532,99.77405276860918
STU_016533,77.31779802834451
STU_016534,86.12096570300807
STU_016535,64.65174897597062
STU_016536,86.73030543669111
STU_016537,80.13617050893706
STU_016538,59.83736806511307
STU_016539,69.61625407429683
STU_016540,77.94447391043892
STU_016541,100.0
STU_016542,57.558449158831365
STU_016543,62.12866642847965
STU_016544,85.03652097523336
STU_016545,94.26184537300412
STU_016546,66.23621258117198
STU_016547,100.0
STU_016548,90.95808129398259
STU_016549,84.9477685061267
STU_016550,67.18719355694212
STU_016551,79.61627279920265
STU_016552,88.61874859268809
STU_016553,72.71320718984614
STU_016554,90.96629755325421
STU_016555,74.74443011502781
STU_016556,79.59168554773555
STU_016557,70.44177695945864
STU_016558,71.88024496934148
STU_016559,80.96674555608244
STU_016560,62.47292134134282
STU_016561,79.67156255700229
STU_016562,75.13589772909226
STU_016563,73.67777737065464
STU_016564,69.51992623266929
STU_016565,76.4109790563178
STU_016566,84.18554700396214
STU_016567,69.05286262046585
STU_016568,69.65999790987716
STU_016569,61.57749985099279
STU_016570,65.79473094706994
STU_016571,87.59966905848006
STU_016572,57.14118328065567
STU_016573,57.2580357507437
STU_016574,96.65334883550364
STU_016575,64.30806862320401
STU_016576,82.28633202518417
STU_016577,85.75765933114445
STU_016578,86.01061415248286
STU_016579,85.04062174875949
STU_016580,85.00728640180229
STU_016581,94.74168215680044
STU_016582,64.05836700218883
STU_016583,88.58684347329569
STU_016584,97.63735693612597
STU_016585,86.23547713111783
STU_016586,77.98868991236256
STU_016587,74.43400223519257
STU_016588,70.91929863480216
STU_016589,66.22521629376644
STU_016590,76.33087844920163
STU_016591,60.81793832690937
STU_016592,79.45534768790493
STU_016593,84.43040149853827
STU_016594,42.62551975131544
STU_016595,81.49810020497861
STU_016596,91.54741996120246
STU_016597,53.67745120674492
STU_016598,84.06142626162598
STU_016599,48.128704150463854
STU_016600,51.67047806386502
STU_016601,83.1815066822447
STU_016602,55.17380023036307
STU_016603,53.59694925508337
STU_016604,88.54063811502608
STU_016605,91.64489073840818
STU_016606,67.09669771448867
STU_016607,42.700846393442276
STU_016608,88.76940674284774
STU_016609,77.44971727297471
STU_016610,82.38913703746428
STU_016611,59.03263605134185
STU_016612,92.44042347406277
STU_016613,80.25421622866864
STU_016614,67.0211309760856
STU_016615,91.67947157315925
STU_016616,86.84548858659473
STU_016617,94.24207422540364
STU_016618,72.1663361836305
STU_016619,87.05270410320723
STU_016620,56.22830795289614
STU_016621,81.94485966560173
STU_016622,77.51553906211777
STU_016623,80.55619265605593
STU_016624,95.93414315037386
STU_016625,79.69041301892037
STU_016626,58.154155562540254
STU_016627,99.25682985017933
STU_016628,90.35456432793887
STU_016629,51.56241022597292
STU_016630,67.57581127887967
STU_016631,65.04954610589235
STU_016632,64.83940507296697
STU_016633,80.44781326930209
STU_016634,65.11865422084998
STU_016635,93.42084979739937
STU_016636,82.752076352406
STU_016637,67.52182904782842
STU_016638,66.67621582560433
STU_016639,64.8564113372208
STU_016640,100.0
STU_016641,86.37504224977494
STU_016642,55.47419532515636
STU_016643,70.09190598746142
STU_016644,82.32799430169663
STU_016645,87.7919623474536
STU_016646,86.95201683486673
STU_016647,67.22275730349351
STU_016648,77.5137544612793
STU_016649,86.75395504080831
STU_016650,90.09129247106016
STU_016651,80.83677649682038
STU_016652,86.60553332704377
STU_016653,78.51890771848839
STU_016654,96.17888478386509
STU_016655,71.67214962757866
STU_016656,78.34869680491776
STU_016657,81.74700170092035
STU_016658,88.9185506833492
STU_016659,78.39070642815001
STU_016660,89.46561646775193
STU_016661,75.2336118905569
STU_016662,67.98125110267723
STU_016663,91.23347813231433
STU_016664,69.64722627659842
STU_016665,79.8138563751216
STU_016666,70.38461443442971
STU_016667,68.49607554521432
STU_016668,95.9882221831144
STU_016669,72.17971480501727
STU_016670,87.11639954583609
STU_016671,98.50189106891186
STU_016672,82.66666951235607
STU_016673,66.54639689014718
STU_016674,79.43737454829306
STU_016675,74.24675520278294
STU_016676,99.55145956429025
STU_016677,90.16311744016424
STU_016678,87.41149452257702
STU_016679,87.61291615996066
STU_016680,59.92214737709233
STU_016681,96.0922055269025
STU_016682,83.70388054405052
STU_016683,78.23982319522528
STU_016684,68.16373417605195
STU_016685,82.57152065412743
STU_016686,71.35723765394017
STU_016687,93.68200648462698
STU_016688,57.55587991650305
STU_016689,71.3784821113543
STU_016690,56.24018637459677
STU_016691,76.40705356146059
STU_016692,75.82309590961157
STU_016693,62.38423927224211
STU_016694,81.95848427521898
STU_016695,76.54755278497946
STU_016696,76.86375927196066
STU_016697,75.23697618867861
STU_016698,78.96156488185119
STU_016699,65.27006108083803
STU_016700,70.46582026367136
STU_016701,74.2205688116463
STU_016702,81.74690524214813
STU_016703,91.2057314958222
STU_016704,87.2075617611195
STU_016705,90.27910339985935
STU_016706,71.78841381861506
STU_016707,81.99712701059514
STU_016708,87.42987671534144
STU_016709,46.57318581578687
STU_016710,80.54697760429636
STU_016711,61.457547731580746
STU_016712,51.030667853878654
STU_016713,94.57081543329079
STU_016714,98.2187189285544
STU_016715,67.33890098052913
STU_016716,74.24613785852287
STU_016717,86.81276409638575
STU_016718,53.47849372399729
STU_016719,91.68297600409562
STU_016720,95.75795900104508
STU_016721,75.72211240401144
STU_016722,72.04592126872757
STU_016723,69.19493388012175
STU_016724,73.8992015755529
STU_016725,69.15021602107674
STU_016726,64.70614780556981
STU_016727,66.00174258746067
STU_016728,59.95825285238631
STU_016729,75.65038307208798
STU_016730,87.7020988088939
STU_016731,64.110657454562
STU_016732,90.59413484837137
STU_016733,86.3772622702433
STU_016734,59.96200561377181
STU_016735,83.65740314640718
STU_016736,58.456986963106914
STU_016737,65.18334625100047
STU_016738,73.71599894732047
STU_016739,84.139763180015
STU_016740,68.86576874185653
STU_016741,77.50045466275996
STU_016742,91.73880081971214
STU_016743,71.7441895754891
STU_016744,63.827373811962374
STU_016745,65.8377245095161
STU_016746,54.66245769402188
STU_016747,85.668543052578
STU_016748,79.2143652193861
STU_016749,53.798745529766
STU_016750,89.90168919739729
STU_016751,86.84483578799836
STU_016752,61.191409485420664
STU_016753,75.85120566757105
STU_016754,99.94587666794206
STU_016755,76.27333682559092
STU_016756,77.06895012738367
STU_016757,79.99955375351917
STU_016758,54.29643977468654
STU_016759,97.4454309057498
STU_016760,71.81248836667824
STU_016761,76.49340880561425
STU_016762,71.14462274141724
STU_016763,76.24445462618426
STU_016764,66.60053214314252
STU_016765,88.04734391541345
STU_016766,90.55257857718809
STU_016767,82.8058747996401
STU_016768,87.95184015803699
STU_016769,46.71476464488946
STU_016770,55.499245038019055
STU_016771,65.91077627762792
STU_016772,91.28204551766801
STU_016773,68.58800891996707
STU_016774,82.48782140241434
STU_016775,72.68385647276736
STU_016776,90.91031868956074
STU_016777,50.030215160933984
STU_016778,78.77723831630624
STU_016779,75.32101935905754
STU_016780,87.60123742081308
STU_016781,53.471524751197805
STU_016782,81.05611887754526
STU_016783,65.53318141128145
STU_016784,94.10622864027901
STU_016785,89.95961539736547
STU_016786,71.50728805148151
STU_016787,68.3824311710887
STU_016788,90.20279576522232
STU_016789,73.59103917503451
STU_016790,84.2215071758162
STU_016791,64.85868760763813
STU_016792,73.04298948943453
STU_016793,80.0595127870716
STU_016794,74.29317151723555
STU_016795,74.6204257615981
STU_016796,87.6781860607314
STU_016797,68.87589518533363
STU_016798,71.81678250054705
STU_016799,90.60852220793542
STU_016800,67.1128824118517
STU_016801,68.07315867628884
STU_016802,65.67298870180767
STU_016803,94.04169651041896
STU_016804,95.0051856280392
STU_016805,57.99731981311174
STU_016806,78.08692469669887
STU_016807,81.46957903899263
STU_016808,82.19173853414323
STU_016809,90.87655575998542
STU_016810,50.476021330800094
STU_016811,79.93314821612748
STU_016812,73.7653381389246
STU_016813,73.57866111037461
STU_016814,87.06661680992785
STU_016815,66.27793863919308
STU_016816,78.96835981470397
STU_016817,100.0
STU_016818,55.973496280439335
STU_016819,84.49672346931312
STU_016820,75.45830883408016
STU_016821,77.66400274429276
STU_016822,76.14967420130172
STU_016823,100.0
STU_016824,79.69173460009856
STU_016825,85.8083486508181
STU_016826,70.72094515349343
STU_016827,80.7677533276327
STU_016828,69.80970746803231
STU_016829,84.70158552709847
STU_016830,72.80475806070132
STU_016831,87.59741294206299
STU_016832,66.73751225088895
STU_016833,65.1520662626131
STU_016834,82.6225514074236
STU_016835,73.96916821420496
STU_016836,81.16322407237982
STU_016837,97.86076549648719
STU_016838,87.78250820579062
STU_016839,66.81350162118387
STU_016840,79.25850771441387
STU_016841,95.49137148677222
STU_016842,72.76203590605417
STU_016843,68.60138522334096
STU_016844,87.47510526619665
STU_016845,69.34255811020272
STU_016846,64.95776319433331
STU_016847,73.5575537772258
STU_016848,59.424531751144876
STU_016849,70.35947478790453
STU_016850,75.72602570118204
STU_016851,65.54656068505506
STU_016852,90.65374094924336
STU_016853,89.2156386309085
STU_016854,90.53106948802147
STU_016855,77.57942122532263
STU_016856,97.31292030903741
STU_016857,69.32471788868133
STU_016858,59.38286772484801
STU_016859,98.62097818584355
STU_016860,98.917072748066
STU_016861,77.79684213202566
STU_016862,89.67415963209332
STU_016863,96.4056376514516
STU_016864,51.15570575101903
STU_016865,83.55915421813029
STU_016866,70.31875144840626
STU_016867,94.23614923487943
STU_016868,76.8401641163281
STU_016869,86.21082840647846
STU_016870,67.50275838607112
STU_016871,57.17413549745135
STU_016872,76.24512831716521
STU_016873,91.81813345286274
STU_016874,69.55465067758014
STU_016875,81.5902119233013
STU_016876,61.35879660211201
STU_016877,100.0
STU_016878,57.730019024832664
STU_016879,92.52381051079595
STU_016880,87.35930216399524
STU_016881,66.60827485491562
STU_016882,76.78455330209029
STU_016883,87.94079465375974
STU_016884,71.05426754473342
STU_016885,92.49125195122873
STU_016886,81.934479262437
STU_016887,64.34088596136229
STU_016888,85.11493567269636
STU_016889,73.3485262092522
STU_016890,68.09448122771602
STU_016891,63.8292434533309
STU_016892,80.86847725932802
STU_016893,62.16207966118495
STU_016894,78.82589528335649
STU_016895,76.60254631168364
STU_016896,68.88058084262076
STU_016897,51.983611444895686
STU_016898,100.0
STU_016899,77.91032195270463
STU_016900,96.768574362971
STU_016901,76.85837744744015
STU_016902,96.31829271774376
STU_016903,77.17089523468904
STU_016904,80.55393574522724
STU_016905,82.20204372663954
STU_016906,70.55731837207335
STU_016907,83.72936966661351
STU_016908,66.53821379333999
STU_016909,84.53839925260908
STU_016910,73.4570133450892
STU_016911,73.77364817543604
STU_016912,68.30563737137955
STU_016913,62.57222972172582
STU_016914,88.56038119512577
STU_016915,88.9575185839442
STU_016916,73.57169928094991
STU_016917,81.58428457406703
STU_016918,48.492945134832794
STU_016919,69.82959317469604
STU_016920,67.84938391413317
STU_016921,75.39446577541236
STU_016922,72.25678297852704
STU_016923,85.42771406616649
STU_016924,55.85717500433126
STU_016925,77.16083436547073
STU_016926,79.35020918613074
STU_016927,61.588154441837105
STU_016928,84.04711012751832
STU_016929,66.44486619224686
STU_016930,97.54215384416862
STU_016931,52.587586554217076
STU_016932,86.77954185141631
STU_016933,86.1497693442649
STU_016934,64.13317511501056
STU_016935,74.65638623691376
STU_016936,69.5312652107938
STU_016937,71.63188879400026
STU_016938,89.399653345937
STU_016939,91.63621027804189
STU_016940,92.8343626041047
STU_016941,60.936580933627575
STU_016942,81.9305957934242
STU_016943,71.32410286912246
STU_016944,80.49868426345301
STU_016945,88.69290080088115
STU_016946,84.66730636769643
STU_016947,75.56960139604475
STU_016948,78.6106306647593
STU_016949,62.393896678002285
STU_016950,69.54332819365945
STU_016951,97.19489565652331
STU_016952,58.04485750995134
STU_016953,61.69475927647828
STU_016954,69.53056180508392
STU_016955,85.20221089378559
STU_016956,86.16364476228095
STU_016957,64.3673933053518
STU_016958,76.37763600056708
STU_016959,96.8592164930767
STU_016960,81.51857602687136
STU_016961,66.63976253389372
STU_016962,71.21974122501263
STU_016963,96.8529717483378
STU_016964,91.94378065920694
STU_016965,85.70482342394773
STU_016966,72.97508218460703
STU_016967,88.22435181468661
STU_016968,97.0191857158608
STU_016969,63.11732423608072
STU_016970,77.92258392699283
STU_016971,65.12452314777099
STU_016972,96.88260524557329
STU_016973,63.27023998794938
STU_016974,77.14575655436201
STU_016975,62.64019456027719
STU_016976,71.83818658457086
STU_016977,91.61291242818638
STU_016978,68.35682872339436
STU_016979,63.46676610871123
STU_016980,85.96519075848393
STU_016981,60.59500132531723
STU_016982,75.07406856410927
STU_016983,62.25310858449877
STU_016984,65.80433057187324
STU_016985,100.0
STU_016986,90.59229233639002
STU_016987,80.35012374380875
STU_016988,73.47980655126904
STU_016989,90.21284356817512
STU_016990,74.35020643072306
STU_016991,64.37766153330563
STU_016992,85.27128248527524
STU_016993,78.53136020041926
STU_016994,63.26830023987719
STU_016995,66.39831609799359
STU_016996,96.03522426881655
STU_016997,82.24303923398186
STU_016998,89.06353235264561
STU_016999,95.47526879544003
STU_017000,86.4814431444954
STU_017001,90.33544621269542
STU_017002,93.37980167563208
STU_017003,96.78642560585553
STU_017004,66.15999359487658
STU_017005,87.83965359040934
STU_017006,87.53161571618614
STU_017007,76.09532026905983
STU_017008,80.07984952646999
STU_017009,87.09058457456753
STU_017010,77.66285953686145
STU_017011,54.516655953309495
STU_017012,59.19202346610854
STU_017013,99.7006896965564
STU_017014,76.79819091427115
STU_017015,81.70072143587683
STU_017016,91.15997230458173
STU_017017,64.41218208903501
STU_017018,73.64643307527784
STU_017019,57.32147121512257
STU_017020,69.88366193199829
STU_017021,82.08711546707787
STU_017022,70.92435978329722
STU_017023,64.08769776782842
STU_017024,62.29350581944697
STU_017025,65.63972937399804
STU_017026,76.37877793810688
STU_017027,78.2819261723647
STU_017028,73.25654786945303
STU_017029,84.96283474818469
STU_017030,86.67367471446117
STU_017031,56.74341418577216
STU_017032,95.15446488413743
STU_017033,90.47653562042363
STU_017034,74.99433209556933
STU_017035,72.61241793291492
STU_017036,85.23291328510722
STU_017037,94.79930902781383
STU_017038,94.31783889097511
STU_017039,87.47615311204268
STU_017040,97.38336334697193
STU_017041,61.60220038545671
STU_017042,88.32321041737524
STU_017043,74.46008023485044
STU_017044,93.88725347110925
STU_017045,84.78340660218792
STU_017046,81.54540286045453
STU_017047,96.69664686544985
STU_017048,68.65301480002186
STU_017049,83.64769509383626
STU_017050,65.25684960115686
STU_017051,75.64257194464322
STU_017052,96.0456925555127
STU_017053,78.57201170005557
STU_017054,90.57763898212848
STU_017055,81.07495941891658
STU_017056,78.56638002286387
STU_017057,93.94482910672797
STU_017058,77.08627140802066
STU_017059,60.583252983550025
STU_017060,63.522083128234854
STU_017061,95.72274635580271
STU_017062,61.29173349279168
STU_017063,75.05805354769599
STU_017064,65.92186136634157
STU_017065,92.791903263352
STU_017066,60.137863697921176
STU_017067,95.7806649535175
STU_017068,64.16286325943567
STU_017069,80.1607280186312
STU_017070,79.23224205026335
STU_017071,79.49464351745561
STU_017072,74.31568887508558
STU_017073,89.70103477948318
STU_017074,84.4918035533421
STU_017075,91.8125053222897
STU_017076,56.96758625174548
STU_017077,90.06594937022082
STU_017078,66.11467021959717
STU_017079,64.21245500823005
STU_017080,54.554824180763255
STU_017081,71.84379217259183
STU_017082,86.98320823001019
STU_017083,66.38454777145058
STU_017084,49.43610866291265
STU_017085,68.78787253070315
STU_017086,88.740262904248
STU_017087,67.65388904127636
STU_017088,89.73520849829201
STU_017089,59.33076142715124
STU_017090,82.58509434070368
STU_017091,68.36602492327066
STU_017092,89.40814541504241
STU_017093,53.860332053871645
STU_017094,81.60344145988606
STU_017095,50.48344755116577
STU_017096,61.1631603055932
STU_017097,62.64645375267986
STU_017098,45.53642289349081
STU_017099,75.75852972064575
STU_017100,86.83822484069566
STU_017101,78.75437595243244
STU_017102,75.48597234797376
STU_017103,77.16864311245628
STU_017104,84.05739921057159
STU_017105,66.1276002038371
STU_017106,62.29294195915358
STU_017107,51.17121392574398
STU_017108,84.3662358913586
STU_017109,72.1672015762564
STU_017110,67.91876971850772
STU_017111,85.16240690884334
STU_017112,89.32076587374375
STU_017113,59.18459283445028
STU_017114,77.26337032431526
STU_017115,79.52532568938233
STU_017116,100.0
STU_017117,51.399289982749096
STU_017118,86.7309095037215
STU_017119,81.61557071987625
STU_017120,84.16078188118244
STU_017121,71.05985962710206
STU_017122,100.0
STU_017123,61.860306020560515
STU_017124,71.10509747798756
STU_017125,70.22517333215957
STU_017126,83.90154190113195
STU_017127,59.165290687402255
STU_017128,68.5631211741119
STU_017129,62.95772402726821
STU_017130,74.109496741939
STU_017131,68.63711594386987
STU_017132,75.4099415623431
STU_017133,78.46066357024341
STU_017134,97.96629939216876
STU_017135,58.26685386190691
STU_017136,82.96331306481518
STU_017137,61.05880387508606
STU_017138,80.0987500459014
STU_017139,89.89785655322777
STU_017140,76.52609785526964
STU_017141,89.32222618491174
STU_017142,91.99477453893377
STU_017143,51.79179207047565
STU_017144,88.88651887663856
STU_017145,87.15533936046796
STU_017146,93.15551466179514
STU_017147,97.56827013563235
STU_017148,70.77257566526754
STU_017149,66.42078730190458
STU_017150,55.13547378508902
STU_017151,81.38742136885469
STU_017152,77.14534099034356
STU_017153,83.27450313007458
STU_017154,81.75954895446341
STU_017155,56.802055603723225
STU_017156,59.01845774594054
STU_017157,70.50075068995962
STU_017158,91.10534850921232
STU_017159,63.3720358720722
STU_017160,53.09945429080038
STU_017161,80.53106481174365
STU_017162,69.18099461261252
STU_017163,75.58899758633109
STU_017164,93.27098821082654
STU_017165,64.98044722755637
STU_017166,69.97093915921734
STU_017167,70.85419352901471
STU_017168,76.54303482903022
STU_017169,92.25368178578819
STU_017170,84.59025458643544
STU_017171,90.16998152045919
STU_017172,71.97100101712067
STU_017173,59.0086302270303
STU_017174,59.12573319955938
STU_017175,100.0
STU_017176,80.05397428400637
STU_017177,74.8440426287919
STU_017178,88.46045857908364
STU_017179,86.39600779802913
STU_017180,72.94006261485588
STU_017181,82.89457499404568
STU_017182,67.17501396913296
STU_017183,96.15001169985212
STU_017184,84.16390254175978
STU_017185,94.23845143830522
STU_017186,70.58654962785269
STU_017187,89.52846651822931
STU_017188,75.56728130212284
STU_017189,56.60795226988617
STU_017190,90.82855038464474
STU_017191,68.65769962972243
STU_017192,65.78204304366506
STU_017193,55.66604714056918
STU_017194,89.40333530013174
STU_017195,69.20965168939327
STU_017196,79.94955116746587
STU_017197,78.03751337647765
STU_017198,73.84204610948092
STU_017199,73.5423454533033
STU_017200,63.08550777567744
STU_017201,71.27040402392134
STU_017202,86.10054470922702
STU_017203,71.55472958064475
STU_017204,65.32506312015255
STU_017205,87.81726389894
STU_017206,76.10626856750008
STU_017207,96.39742846986553
STU_017208,61.7040703339066
STU_017209,61.04981424353756
STU_017210,37.65472047228425
STU_017211,82.13791062210566
STU_017212,95.69314245123711
STU_017213,88.06030326104712
STU_017214,85.02974725864124
STU_017215,63.502034911617685
STU_017216,58.959940027964684
STU_017217,100.0
STU_017218,68.73710864080319
STU_017219,95.66693602527366
STU_017220,78.25731115242829
STU_017221,67.94227011380747
STU_017222,70.7974394554026
STU_017223,65.53958704277582
STU_017224,84.80720543089699
STU_017225,89.26212844074875
STU_017226,76.60665257189409
STU_017227,69.41549010762598
STU_017228,79.68514984074537
STU_017229,63.638074574017566
STU_017230,92.62618784325458
STU_017231,73.22254048934491
STU_017232,65.25801823322438
STU_017233,73.76721725665845
STU_017234,85.89539834480624
STU_017235,79.00909939696733
STU_017236,58.14965602285556
STU_017237,94.678399009328
STU_017238,76.84790024020106
STU_017239,54.28034073409925
STU_017240,94.3378677922784
STU_017241,70.98149040642939
STU_017242,49.130577008915
STU_017243,85.2154819138287
STU_017244,79.65477768197533
STU_017245,87.11437943333819
STU_017246,85.81052654173975
STU_017247,55.89868618805179
STU_017248,67.52526065767204
STU_017249,62.27331153162169
STU_017250,57.30227284576518
STU_017251,91.53062917583486
STU_017252,59.39770283639932
STU_017253,84.86882159795329
STU_017254,48.35633562220718
STU_017255,55.14203644521463
STU_017256,47.861413971885554
STU_017257,79.75229360388823
STU_017258,75.6235694822429
STU_017259,73.15373052427839
STU_017260,67.28422191171047
STU_017261,56.828608146429694
STU_017262,68.6597601772024
STU_017263,77.46838968493333
STU_017264,65.1814422356198
STU_017265,88.57437476680727
STU_017266,53.75160855941901
STU_017267,68.51836577819427
STU_017268,69.96683001364082
STU_017269,68.27570015515482
STU_017270,75.9791804209809
STU_017271,75.77533453413473
STU_017272,62.55701598430529
STU_017273,84.51643991114022
STU_017274,85.5508855368904
STU_017275,68.09138282968334
STU_017276,55.78002929452513
STU_017277,81.17348959926667
STU_017278,93.94150226264624
STU_017279,74.71577234982384
STU_017280,81.95264922649952
STU_017281,69.63003488152273
STU_017282,74.58114710849607
STU_017283,81.41234872058708
STU_017284,87.32871095315815
STU_017285,82.47479382824994
STU_017286,72.05047694040093
STU_017287,64.09752760416319
STU_017288,63.43857256028789
STU_017289,76.21217969277421
STU_017290,86.32294661550114
STU_017291,80.40301243814201
STU_017292,63.94029778958151
STU_017293,71.45345377831596
STU_017294,64.13855608338932
STU_017295,68.34637745560366
STU_017296,73.27400967429263
STU_017297,94.79227571503459
STU_017298,67.82216402443552
STU_017299,70.32855104563053
STU_017300,57.28381483489647
STU_017301,57.72414691122342
STU_017302,73.71540507797089
STU_017303,92.82556597593997
STU_017304,88.78527463745067
STU_017305,77.23836416142952
STU_017306,83.86492240162401
STU_017307,100.0
STU_017308,94.8422937541907
STU_017309,86.6626922785516
STU_017310,64.88688108279682
STU_017311,75.69375448340745
STU_017312,72.96016328858508
STU_017313,87.55207008108306
STU_017314,79.42394689962988
STU_017315,84.6523216472601
STU_017316,71.34513728133683
STU_017317,80.90513368103265
STU_017318,43.69790472189822
STU_017319,66.85922727918377
STU_017320,89.66534856879335
STU_017321,86.78439007473366
STU_017322,76.1991379040807
STU_017323,79.61949897234618
STU_017324,90.2009726063038
STU_017325,83.27806530013609
STU_017326,70.59124166544312
STU_017327,85.95109566628997
STU_017328,78.19890330122985
STU_017329,39.42928942919436
STU_017330,90.10384471255796
STU_017331,81.4142195196896
STU_017332,67.09604162335779
STU_017333,66.70512961188578
STU_017334,82.06272586367112
STU_017335,82.44024468054005
STU_017336,64.00062676455191
STU_017337,84.1271201543093
STU_017338,79.04366226571511
STU_017339,95.10547538467567
STU_017340,78.85686622420235
STU_017341,88.84750152260847
STU_017342,64.67867246416257
STU_017343,83.69653395875196
STU_017344,66.07379384078567
STU_017345,69.78706017797172
STU_017346,61.73740958843831
STU_017347,92.16158696381584
STU_017348,73.93633766528785
STU_017349,82.69995601269619
STU_017350,54.50609571137723
STU_017351,61.62965965304835
STU_017352,60.03289457590228
STU_017353,61.912925388224245
STU_017354,86.25463994433184
STU_017355,59.86171393475813
STU_017356,68.37347448412257
STU_017357,59.372409169885145
STU_017358,65.41668596079708
STU_017359,87.2746365746612
STU_017360,100.0
STU_017361,98.2241907018076
STU_017362,63.64227831073035
STU_017363,85.56593323663265
STU_017364,88.86307286312334
STU_017365,84.80712309035187
STU_017366,88.23763762358564
STU_017367,100.0
STU_017368,61.06684078048505
STU_017369,56.830873183738966
STU_017370,82.19296161885416
STU_017371,84.20145790666244
STU_017372,89.4657094906482
STU_017373,60.85201979245003
STU_017374,47.897285566699495
STU_017375,86.72437307057753
STU_017376,74.45383909382475
STU_017377,68.257552091218
STU_017378,85.78400384197562
STU_017379,65.61796712532188
STU_017380,62.515161527347274
STU_017381,60.14060795857261
STU_017382,84.44992108411812
STU_017383,80.15395740045003
STU_017384,69.91660508965323
STU_017385,67.19901204751389
STU_017386,73.66974269011693
STU_017387,81.00084547266918
STU_017388,65.45536182393047
STU_017389,81.83335797155496
STU_017390,76.12431329592665
STU_017391,77.3291665777906
STU_017392,67.01837357556218
STU_017393,62.47293942243354
STU_017394,74.80944154666493
STU_017395,58.47384420377556
STU_017396,80.35264244496324
STU_017397,77.23284231178586
STU_017398,80.31966415208025
STU_017399,87.70615273462013
STU_017400,44.633089667876554
STU_017401,42.10180983462884
STU_017402,95.1451235386924
STU_017403,60.585735397342255
STU_017404,77.41053186471426
STU_017405,59.31371286736101
STU_017406,65.0926367361432
STU_017407,59.43106469916247
STU_017408,79.08394430670702
STU_017409,80.28773323778813
STU_017410,76.4978187196193
STU_017411,60.845222402178635
STU_017412,79.39582749000445
STU_017413,83.50068509480073
STU_017414,83.12932033823293
STU_017415,53.96166839576297
STU_017416,65.53134934861035
STU_017417,73.6165478023043
STU_017418,85.57106723651906
STU_017419,69.04995108636103
STU_017420,80.68139570773155
STU_017421,82.8795910509373
STU_017422,81.39586812335712
STU_017423,70.58722054724183
STU_017424,53.55365630185476
STU_017425,76.06406103157846
STU_017426,64.30272770799539
STU_017427,79.020284328787
STU_017428,72.90787069334078
STU_017429,60.406637463484145
STU_017430,98.44692759335057
STU_017431,72.87613329687075
STU_017432,96.12552654533246
STU_017433,85.16436747375624
STU_017434,72.7781386918042
STU_017435,80.74119176264227
STU_017436,76.3239182484672
STU_017437,82.48968554262841
STU_017438,99.47412838645327
STU_017439,62.00111359166468
STU_017440,86.77234256934878
STU_017441,50.30149059979326
STU_017442,80.08497149602749
STU_017443,88.6747484502221
STU_017444,77.26095678203049
STU_017445,95.44272894566967
STU_017446,87.42156712774212
STU_017447,66.91493281039148
STU_017448,75.26095195676791
STU_017449,84.47345285119022
STU_017450,82.60982952679811
STU_017451,71.99836261079713
STU_017452,77.75487300050563
STU_017453,88.44495831696902
STU_017454,58.06316350687039
STU_017455,88.15078524036778
STU_017456,77.16737701780916
STU_017457,66.1726841387007
STU_017458,64.12482611624388
STU_017459,84.77020808432515
STU_017460,67.62309950009666
STU_017461,88.64757252079764
STU_017462,80.23331484354962
STU_017463,93.54361713218675
STU_017464,71.22250076935352
STU_017465,81.59179628763547
STU_017466,73.11243035193823
STU_017467,56.80224135942795
STU_017468,85.02863339379158
STU_017469,94.85109240609874
STU_017470,88.13506777788176
STU_017471,83.67724902854148
STU_017472,71.71898863965555
STU_017473,98.3302660980305
STU_017474,34.741025500459564
STU_017475,60.26142643536115
STU_017476,73.27743215531396
STU_017477,61.91800598309073
STU_017478,54.53756406167791
STU_017479,83.07480533828772
STU_017480,98.2373865906958
STU_017481,92.34976473462439
STU_017482,83.78412332597216
STU_017483,86.94093713562891
STU_017484,86.81533945697457
STU_017485,89.85996155049567
STU_017486,70.539179912186
STU_017487,89.60024216437886
STU_017488,56.916616066850096
STU_017489,60.8069363772312
STU_017490,96.4359842439516
STU_017491,74.05211857675289
STU_017492,59.259245856936225
STU_017493,75.2897640088144
STU_017494,71.71975554201512
STU_017495,52.585438795131836
STU_017496,80.76190876700286
STU_017497,90.96958581995398
STU_017498,58.165304940617915
STU_017499,89.11006924101306
STU_017500,86.52855017116082
STU_017501,77.38153184879887
STU_017502,89.92790788265032
STU_017503,66.99135465168436
STU_017504,81.7059458795967
STU_017505,84.23863649124378
STU_017506,78.39166499897797
STU_017507,58.754774134510654
STU_017508,65.75517464656667
STU_017509,83.3663533447786
STU_017510,97.40033746181095
STU_017511,74.08144541859699
STU_017512,68.29615166747345
STU_017513,76.48744253527936
STU_017514,74.89951124653895
STU_017515,78.22172806486093
STU_017516,97.30085720416825
STU_017517,82.75025927071032
STU_017518,80.61158731158095
STU_017519,84.06298345321535
STU_017520,99.62972053386866
STU_017521,60.245610439962554
STU_017522,79.16959012589446
STU_017523,78.65008066600666
STU_017524,60.076590978192854
STU_017525,70.42732686975688
STU_017526,75.88412754497799
STU_017527,75.80943418719373
STU_017528,70.82736517896535
STU_017529,99.81309505753886
STU_017530,84.06247340254882
STU_017531,92.94795714591508
STU_017532,61.96060802118362
STU_017533,64.6592508240833
STU_017534,57.517436677060324
STU_017535,75.56982879722787
STU_017536,82.48620912419109
STU_017537,96.56969855835965
STU_017538,90.82666300142908
STU_017539,73.49397584056814
STU_017540,96.71755675744791
STU_017541,53.13086861540854
STU_017542,70.37717657616994
STU_017543,78.8971936003307
STU_017544,93.4341758404109
STU_017545,70.04483044904282
STU_017546,67.46485959634367
STU_017547,95.07911692242223
STU_017548,80.31256698032078
STU_017549,96.0805055523832
STU_017550,77.0495821521959
STU_017551,96.21463985696052
STU_017552,48.009611486907794
STU_017553,84.37577758007325
STU_017554,56.13512045710854
STU_017555,67.86414707389068
STU_017556,65.07202018278542
STU_017557,54.20652385786473
STU_017558,48.553989379892016
STU_017559,82.05211275952544
STU_017560,69.45177419270821
STU_017561,95.19963506629159
STU_017562,61.43830482284099
STU_017563,67.12123053201033
STU_017564,69.23964599275148
STU_017565,67.90738307684713
STU_017566,84.88139243722742
STU_017567,65.51247166235476
STU_017568,68.40952476816454
STU_017569,72.16264119251433
STU_017570,99.60597201064058
STU_017571,91.91697521063702
STU_017572,84.14150199052904
STU_017573,74.01765142093129
STU_017574,82.45080150851699
STU_017575,91.81933658034636
STU_017576,92.07401016383406
STU_017577,65.20208674535783
STU_017578,79.93870651602882
STU_017579,74.39650552691676
STU_017580,78.27208116098846
STU_017581,74.2272928490293
STU_017582,76.3072707836161
STU_017583,90.78847184697455
STU_017584,58.83338696232348
STU_017585,53.459558363268386
STU_017586,86.43028728934127
STU_017587,64.2981239628407
STU_017588,66.52500674282672
STU_017589,90.11210977564183
STU_017590,73.95012368037035
STU_017591,87.27579272309224
STU_017592,62.124806631696856
STU_017593,58.81150047766824
STU_017594,54.046774381181194
STU_017595,92.33272822916152
STU_017596,73.42954332743015
STU_017597,92.45342612460506
STU_017598,44.782834190983245
STU_017599,65.59387617097036
STU_017600,77.88928474051386
STU_017601,70.38587360796203
STU_017602,67.64032983522557
STU_017603,88.082278454013
STU_017604,82.73402263418112
STU_017605,67.16712474264044
STU_017606,93.19993985185724
STU_017607,77.59452277868029
STU_017608,89.85057785648429
STU_017609,79.30206469944147
STU_017610,71.43493681968755
STU_017611,74.7982712811029
STU_017612,96.61644385240383
STU_017613,81.05150437819651
STU_017614,88.20586283894048
STU_017615,65.02034178639718
STU_017616,88.52676478556667
STU_017617,87.55923798193115
STU_017618,42.37930125541173
STU_017619,63.90802781345439
STU_017620,76.06969358377103
STU_017621,83.12208374082152
STU_017622,97.78994655853815
STU_017623,56.1742777310604
STU_017624,67.37212211701487
STU_017625,69.09428761949722
STU_017626,56.69109885333193
STU_017627,57.94328086974524
STU_017628,74.57964145461494
STU_017629,69.28756286251857
STU_017630,57.96039648680167
STU_017631,52.376086956965864
STU_017632,79.81928123444709
STU_017633,73.68521901108107
STU_017634,78.6272490046383
STU_017635,76.65833731931916
STU_017636,69.29195256213376
STU_017637,92.62015715516372
STU_017638,67.90105461134472
STU_017639,84.11938825276334
STU_017640,95.62135584349642
STU_017641,100.0
STU_017642,56.15494903993849
STU_017643,63.610784315999766
STU_017644,75.85181250409283
STU_017645,79.26755242275216
STU_017646,76.35424739350313
STU_017647,60.72036729235906
STU_017648,83.32159788610268
STU_017649,94.93378352866853
STU_017650,96.39934098790596
STU_017651,69.93337734124118
STU_017652,72.90826724744424
STU_017653,100.0
STU_017654,75.02558155845755
STU_017655,85.77808432617508
STU_017656,83.12803550939051
STU_017657,50.43347497050214
STU_017658,70.28378464651128
STU_017659,100.0
STU_017660,77.68654001069922
STU_017661,74.66021799717116
STU_017662,64.92964731605726
STU_017663,78.87548838483656
STU_017664,78.9139294521339
STU_017665,70.08987253580672
STU_017666,76.64013655224623
STU_017667,74.06227853462312
STU_017668,73.04797733039702
STU_017669,70.67231725329202
STU_017670,47.71916958298473
STU_017671,67.4696653202044
STU_017672,57.74193905762387
STU_017673,70.01189073398692
STU_017674,71.17833008329798
STU_017675,69.30647977361906
STU_017676,70.45267488268512
STU_017677,79.93875661874634
STU_017678,83.0414470879383
STU_017679,88.24163990744184
STU_017680,66.21897187756774
STU_017681,83.83018557789997
STU_017682,69.88247812019918
STU_017683,75.66535309370732
STU_017684,83.25469386424643
STU_017685,68.04162006322429
STU_017686,63.37549888344134
STU_017687,70.83752562267307
STU_017688,69.26958469553398
STU_017689,88.7219429372028
STU_017690,65.27403210441182
STU_017691,70.47099974690036
STU_017692,73.26946925796561
STU_017693,68.69847715867992
STU_017694,79.96242251716757
STU_017695,95.21120633873045
STU_017696,86.2709831843341
STU_017697,42.27965857640366
STU_017698,53.906843822296864
STU_017699,95.07598391229989
STU_017700,51.25868807657215
STU_017701,53.46504816147138
STU_017702,89.3535433120489
STU_017703,83.89602491240329
STU_017704,64.56530079172146
STU_017705,58.777208476306356
STU_017706,78.7307790846441
STU_017707,53.913328785837365
STU_017708,93.33402240491941
STU_017709,85.89134736645227
STU_017710,82.91998234465933
STU_017711,100.0
STU_017712,70.99789737885072
STU_017713,68.30673007368645
STU_017714,85.57359298737366
STU_017715,75.54503308704514
STU_017716,56.04433385906482
STU_017717,75.18787790744557
STU_017718,92.71099141477075
STU_017719,68.69934132474134
STU_017720,73.36750815513724
STU_017721,77.77484627312762
STU_017722,100.0
STU_017723,73.60899271094553
STU_017724,75.07919204696022
STU_017725,90.12747901828638
STU_017726,92.58500885386485
STU_017727,81.22169614896211
STU_017728,84.00478048770023
STU_017729,70.05796328982744
STU_017730,59.49106351097438
STU_017731,57.19762284338636
STU_017732,81.75505228028882
STU_017733,65.15926183238781
STU_017734,69.48291577146372
STU_017735,62.140149815288765
STU_017736,69.99917945980894
STU_017737,61.78643661336244
STU_017738,93.98690219565566
STU_017739,85.79512229314813
STU_017740,75.71878575591968
STU_017741,87.29821484827377
STU_017742,81.01117272414258
STU_017743,87.23526095038517
STU_017744,80.49002065805338
STU_017745,84.84389771006497
STU_017746,84.49642222230268
STU_017747,69.00680157576735
STU_017748,73.3324416969481
STU_017749,64.93567279608894
STU_017750,84.84000951020425
STU_017751,79.86757430943061
STU_017752,82.58455815647825
STU_017753,97.42478918988473
STU_017754,90.43330273635691
STU_017755,88.1138769752881
STU_017756,82.59635669959013
STU_017757,52.809267873021625
STU_017758,62.97277434744938
STU_017759,79.08771834869191
STU_017760,95.61092273108662
STU_017761,63.97821268684538
STU_017762,100.0
STU_017763,96.0977458460552
STU_017764,52.48494674445856
STU_017765,91.8225296053885
STU_017766,76.89531137840838
STU_017767,63.296935684425534
STU_017768,62.86707930743553
STU_017769,88.02006269784518
STU_017770,75.16638903436395
STU_017771,51.26538061380451
STU_017772,70.4083327574204
STU_017773,58.52501988995325
STU_017774,100.0
STU_017775,79.75388436806118
STU_017776,88.72515874182885
STU_017777,81.86323691758732
STU_017778,82.76936898167384
STU_017779,56.739977499044
STU_017780,70.32383021367869
STU_017781,79.42985160754967
STU_017782,75.47746729213489
STU_017783,66.96423787632021
STU_017784,76.37787481581441
STU_017785,89.96362501831729
STU_017786,75.45063533054976
STU_017787,82.6855624418627
STU_017788,77.19374517890793
STU_017789,86.78961884700631
STU_017790,54.29392151712384
STU_017791,92.10242511879085
STU_017792,65.41266592836246
STU_017793,75.6309620364754
STU_017794,67.218941921517
STU_017795,73.05500230904516
STU_017796,79.10004783801261
STU_017797,86.27380510559217
STU_017798,92.37476285035238
STU_017799,99.00290846069323
STU_017800,88.28067805511316
STU_017801,73.97982709251188
STU_017802,95.39848133787446
STU_017803,63.5555031537438
STU_017804,75.50702407865349
STU_017805,69.48586015509831
STU_017806,66.75966201211139
STU_017807,93.94844739377855
STU_017808,66.6549455453306
STU_017809,87.95138105588477
STU_017810,100.0
STU_017811,69.59376143135741
STU_017812,81.07775433985977
STU_017813,79.25973982400419
STU_017814,70.0358055364702
STU_017815,69.62434707260344
STU_017816,59.237783846863124
STU_017817,55.980753861473325
STU_017818,92.18151172762609
STU_017819,88.05980268414805
STU_017820,81.08642850302422
STU_017821,71.54799987246281
STU_017822,86.69186490688475
STU_017823,91.73328566869739
STU_017824,54.5661118039493
STU_017825,76.25460244789765
STU_017826,83.7752906164793
STU_017827,87.58205578419344
STU_017828,58.74307014572946
STU_017829,63.57946813287798
STU_017830,67.03880542693885
STU_017831,88.9415998900521
STU_017832,85.02011073541209
STU_017833,58.43972472197431
STU_017834,79.12517490191908
STU_017835,64.95306783784702
STU_017836,79.19342725643227
STU_017837,68.25549276782402
STU_017838,62.02188026504263
STU_017839,94.20403648906715
STU_017840,70.85999676813941
STU_017841,95.42286884824827
STU_017842,78.39692206289223
STU_017843,87.2148455343537
STU_017844,67.40424429657648
STU_017845,93.60825827674678
STU_017846,93.65855382876273
STU_017847,47.98009593022299
STU_017848,63.818209463082084
STU_017849,56.892318458076765
STU_017850,68.30577339257793
STU_017851,60.443990775371205
STU_017852,88.77858432862662
STU_017853,72.2664847950073
STU_017854,97.87458873114741
STU_017855,49.04246288690664
STU_017856,81.0886305849919
STU_017857,79.90242080382379
STU_017858,76.27454501233503
STU_017859,64.7333901963421
STU_017860,82.57109478713141
STU_017861,86.54390725353412
STU_017862,71.98298168884632
STU_017863,87.94667275732728
STU_017864,79.6284346473272
STU_017865,69.9367157870415
STU_017866,77.25671374145396
STU_017867,63.310657788408065
STU_017868,95.43410542903253
STU_017869,62.16071549703226
STU_017870,85.20465468049517
STU_017871,95.93921705850047
STU_017872,71.28273156161336
STU_017873,93.3199675441694
STU_017874,80.20339287278084
STU_017875,71.30890803964594
STU_017876,68.20739659520729
STU_017877,52.10598901580512
STU_017878,91.7773914030647
STU_017879,54.58383658850951
STU_017880,94.57472236117486
STU_017881,72.24153438084565
STU_017882,70.52269364898383
STU_017883,95.23223237815452
STU_017884,66.57174664043656
STU_017885,69.10204157314655
STU_017886,79.83351318468237
STU_017887,54.66886799906739
STU_017888,63.06849010598174
STU_017889,98.65305152589175
STU_017890,100.0
STU_017891,76.22982517815053
STU_017892,53.49344961900126
STU_017893,81.36923163287308
STU_017894,61.18220826652812
STU_017895,68.65713817239714
STU_017896,78.75493271362102
STU_017897,59.98965866707999
STU_017898,87.99760679580936
STU_017899,81.59432610589816
STU_017900,67.04841441603858
STU_017901,90.5275960287034
STU_017902,66.9219414396052
STU_017903,70.59560989019677
STU_017904,80.2170166779953
STU_017905,75.16023355711948
STU_017906,68.44453773883494
STU_017907,74.82141216245489
STU_017908,70.7685010943209
STU_017909,73.56605702639358
STU_017910,71.82215797652621
STU_017911,60.24965408934466
STU_017912,92.76625347929868
STU_017913,89.38008941628611
STU_017914,64.72907101602148
STU_017915,72.71888243254762
STU_017916,78.02894397567303
STU_017917,81.04563719729495
STU_017918,76.50753616936899
STU_017919,90.50217854638176
STU_017920,75.46348439600398
STU_017921,83.43445127699127
STU_017922,74.66592732817017
STU_017923,66.64000942723074
STU_017924,71.40046378696306
STU_017925,70.26193652930662
STU_017926,76.11896387624265
STU_017927,100.0
STU_017928,82.60384085839014
STU_017929,84.66726015353642
STU_017930,76.9240800560581
STU_017931,61.586314991226814
STU_017932,98.49418884754436
STU_017933,96.67898948506947
STU_017934,90.80097215172962
STU_017935,80.5504963270856
STU_017936,54.43445657457554
STU_017937,82.02699419658042
STU_017938,64.8132419133011
STU_017939,87.25836756585193
STU_017940,74.05116821459623
STU_017941,71.72880396907308
STU_017942,68.3922734289055
STU_017943,52.36790854457252
STU_017944,63.86745763906207
STU_017945,84.2231989559414
STU_017946,61.222083586954824
STU_017947,59.96683765788507
STU_017948,78.7535905501116
STU_017949,53.97916063956597
STU_017950,52.31130085165997
STU_017951,65.71985617068617
STU_017952,90.78204725267429
STU_017953,73.5838095655966
STU_017954,97.79626730558897
STU_017955,67.90554449234325
STU_017956,71.57250039610112
STU_017957,65.5808519008459
STU_017958,49.70709872841112
STU_017959,86.82619864391235
STU_017960,81.63127573443748
STU_017961,90.29182005374278
STU_017962,58.75152863523212
STU_017963,66.64025029775712
STU_017964,49.13621928839575
STU_017965,96.63385335991848
STU_017966,72.34798307310629
STU_017967,79.36431339591903
STU_017968,98.78979228165197
STU_017969,75.48186026774609
STU_017970,53.93465456189534
STU_017971,56.43974932398284
STU_017972,69.35309227415648
STU_017973,65.9313529208285
STU_017974,79.12674280126103
STU_017975,63.38926020253305
STU_017976,68.30343468872202
STU_017977,91.5697263887275
STU_017978,72.53929854381325
STU_017979,71.1207556510918
STU_017980,59.967619981892696
STU_017981,96.61322883789867
STU_017982,67.09359260227703
STU_017983,78.05905357567748
STU_017984,68.26740766446395
STU_017985,62.36904846838392
STU_017986,66.25725493059855
STU_017987,82.00251763612391
STU_017988,62.5912957770767
STU_017989,76.31814495328797
STU_017990,73.03718264249522
STU_017991,78.14152607411808
STU_017992,49.01970826404947
STU_017993,100.0
STU_017994,87.61934058206174
STU_017995,82.64261100822091
STU_017996,56.11058422247929
STU_017997,76.03207851853305
STU_017998,86.63695728717386
STU_017999,86.90538512072523
STU_018000,96.28560189311489
STU_018001,79.1129445833543
STU_018002,51.09160908695965
STU_018003,70.64493513354623
STU_018004,77.24249763359882
STU_018005,74.82680709338219
STU_018006,71.11168374131873
STU_018007,98.38634285515411
STU_018008,89.67451456423792
STU_018009,86.91089513131314
STU_018010,79.94913367865553
STU_018011,86.9229112668348
STU_018012,70.58780051024878
STU_018013,82.95033224016207
STU_018014,72.57618774979707
STU_018015,83.22763831176465
STU_018016,80.76609758893112
STU_018017,78.89470478068625
STU_018018,98.88537971193969
STU_018019,64.89540115285718
STU_018020,76.82790165353958
STU_018021,69.55632833392403
STU_018022,94.41275539974923
STU_018023,82.008073934817
STU_018024,45.09470018940717
STU_018025,77.98070323757298
STU_018026,70.95883612468464
STU_018027,81.03078165590091
STU_018028,100.0
STU_018029,69.59955039740517
STU_018030,90.45826670855368
STU_018031,88.68920003095809
STU_018032,70.72770133655766
STU_018033,89.64555971046624
STU_018034,71.89356658121396
STU_018035,92.59378352974365
STU_018036,79.90780392184345
STU_018037,45.81706500229632
STU_018038,64.51027410445029
STU_018039,80.91687945071496
STU_018040,79.9104963983876
STU_018041,64.78716386311584
STU_018042,65.05169356222656
STU_018043,92.32555316120451
STU_018044,75.44847553949938
STU_018045,79.13000803829874
STU_018046,83.81354376594155
STU_018047,56.51356752510922
STU_018048,98.2142887258719
STU_018049,88.29403004318647
STU_018050,85.48416170992671
STU_018051,64.6464325542186
STU_018052,67.33081730999518
STU_018053,68.64341979703124
STU_018054,44.36350841693643
STU_018055,100.0
STU_018056,39.922528571806104
STU_018057,70.6512187265859
STU_018058,93.4226111851296
STU_018059,95.26850791290602
STU_018060,65.09772867323927
STU_018061,76.784077829983
STU_018062,87.4080604149277
STU_018063,68.72205391061445
STU_018064,81.78683201030839
STU_018065,87.08837536528884
STU_018066,91.54093597245482
STU_018067,91.50852332425782
STU_018068,80.2837909350792
STU_018069,75.76773242827683
STU_018070,82.37317964854647
STU_018071,95.86987339806531
STU_018072,80.94513922829906
STU_018073,57.72122053854685
STU_018074,75.00116908760447
STU_018075,71.00848648006162
STU_018076,66.09439577080485
STU_018077,51.81256139035277
STU_018078,66.5318144818957
STU_018079,79.15514816707534
STU_018080,88.4876882638724
STU_018081,74.35939456413699
STU_018082,77.81905198650318
STU_018083,96.39811516917018
STU_018084,63.80357744636733
STU_018085,72.27510626044148
STU_018086,88.8265609495779
STU_018087,72.0235888176205
STU_018088,64.73023868453224
STU_018089,57.11060030389063
STU_018090,65.33484039822294
STU_018091,80.15363048744679
STU_018092,70.86641089260743
STU_018093,64.59885221778492
STU_018094,73.19399809158685
STU_018095,76.08372023019366
STU_018096,55.25450140457484
STU_018097,89.5668200178497
STU_018098,62.20673698299436
STU_018099,72.61833082735292
STU_018100,90.76014922126586
STU_018101,79.32130387161973
STU_018102,57.942313704478195
STU_018103,95.32509771335302
STU_018104,62.70331279061479
STU_018105,61.00288444019472
STU_018106,75.64978333668566
STU_018107,72.82866829764602
STU_018108,73.43319119143766
STU_018109,88.04458490012263
STU_018110,80.90086651202805
STU_018111,78.42557826877893
STU_018112,68.53481197750315
STU_018113,60.288946994992294
STU_018114,91.50592961318517
STU_018115,71.1439780460272
STU_018116,64.61616817585835
STU_018117,85.80266050796305
STU_018118,77.74665725969062
STU_018119,96.16170032429152
STU_018120,62.11321963397642
STU_018121,100.0
STU_018122,77.89863566661836
STU_018123,72.1238741429401
STU_018124,81.56393482382464
STU_018125,71.55574544765157
STU_018126,49.75074474548859
STU_018127,67.88339923359524
STU_018128,48.42034953009603
STU_018129,80.58914060948946
STU_018130,93.25852400371801
STU_018131,73.61575377921693
STU_018132,96.54607960495781
STU_018133,80.05718266574361
STU_018134,100.0
STU_018135,100.0
STU_018136,50.597889898951564
STU_018137,64.9027531128403
STU_018138,93.80309375857422
STU_018139,75.53629499706042
STU_018140,52.84761601010172
STU_018141,70.80506876714713
STU_018142,82.85940450883987
STU_018143,64.24382803733086
STU_018144,58.56313916270264
STU_018145,75.02484058125745
STU_018146,53.59838517810687
STU_018147,89.73314777417691
STU_018148,75.89360412374566
STU_018149,61.92105886362778
STU_018150,81.25976936076499
STU_018151,67.97158239219875
STU_018152,54.936381952800105
STU_018153,82.66293662805714
STU_018154,65.09029629647522
STU_018155,93.35478562182166
STU_018156,99.49615550254134
STU_018157,53.27711347569271
STU_018158,63.570727463380585
STU_018159,68.44573799327247
STU_018160,63.78687570916852
STU_018161,87.66064606463104
STU_018162,62.98855637591467
STU_018163,97.62955713129138
STU_018164,73.99915979433939
STU_018165,54.8761183111938
STU_018166,80.8700231140452
STU_018167,72.37577912161754
STU_018168,79.57665024617184
STU_018169,66.07888399634513
STU_018170,46.491820042589836
STU_018171,63.289409415297015
STU_018172,80.99761373601619
STU_018173,63.82318123948045
STU_018174,85.99148808725909
STU_018175,73.14397050144953
STU_018176,81.96825432169966
STU_018177,79.1576520893779
STU_018178,72.64126235681486
STU_018179,68.62343349713895
STU_018180,89.96450328521489
STU_018181,77.31435753006915
STU_018182,74.06972905390977
STU_018183,81.26309047405708
STU_018184,66.03448432913207
STU_018185,63.20796441680549
STU_018186,89.04969235735271
STU_018187,61.48687231097996
STU_018188,88.26717450019989
STU_018189,72.8593231931479
STU_018190,67.26207851576265
STU_018191,77.28800813047575
STU_018192,73.59696491277258
STU_018193,73.4378981303517
STU_018194,75.37394893518126
STU_018195,83.88457870366122
STU_018196,57.097326354698325
STU_018197,91.00014856953692
STU_018198,77.5783561680978
STU_018199,78.59069033714155
STU_018200,84.43421664027417
STU_018201,68.6882468870116
STU_018202,44.69691564140424
STU_018203,77.89900698588448
STU_018204,79.41624189352927
STU_018205,68.7079261374812
STU_018206,72.82818915767638
STU_018207,77.00374199282447
STU_018208,77.26986268344166
STU_018209,57.34880110923872
STU_018210,87.33125949059243
STU_018211,100.0
STU_018212,71.37707817113841
STU_018213,54.66410363820686
STU_018214,78.692081922142
STU_018215,73.59700189921905
STU_018216,74.96498018664849
STU_018217,57.10680257621504
STU_018218,73.846347659191
STU_018219,85.96481089608241
STU_018220,79.4294431396605
STU_018221,96.47292534676659
STU_018222,91.55273574524084
STU_018223,82.08821289251583
STU_018224,81.25270803918205
STU_018225,75.43243427558602
STU_018226,78.44865567812141
STU_018227,73.54825109709299
STU_018228,78.20676057629234
STU_018229,71.775053549984
STU_018230,83.97239863236254
STU_018231,76.75026754147088
STU_018232,61.76889785518293
STU_018233,62.805939731988374
STU_018234,93.61035207048772
STU_018235,81.82152617252167
STU_018236,99.65712673450426
STU_018237,55.562356031371124
STU_018238,68.15287948483359
STU_018239,86.639276729834
STU_018240,55.12158830990019
STU_018241,91.87967474896355
STU_018242,71.94884724835286
STU_018243,80.01398770453852
STU_018244,94.07469662190186
STU_018245,68.93747980278766
STU_018246,72.86707595852272
STU_018247,55.21258064111499
STU_018248,73.27134392073707
STU_018249,70.27009752892494
STU_018250,74.67772286605778
STU_018251,69.57112591610495
STU_018252,88.8406779379184
STU_018253,56.423725836461706
STU_018254,87.93412006689876
STU_018255,73.20775886530335
STU_018256,93.38965170853166
STU_018257,78.87990901443729
STU_018258,80.67728169411218
STU_018259,84.39257145914453
STU_018260,81.38971001354412
STU_018261,72.74160092245722
STU_018262,53.66560545832361
STU_018263,77.35193720718381
STU_018264,81.38267600499566
STU_018265,78.28283166967218
STU_018266,87.03978545637631
STU_018267,70.34312436100831
STU_018268,84.75507535924905
STU_018269,65.72679013679235
STU_018270,65.43750871395616
STU_018271,71.10755270591741
STU_018272,46.20525866869656
STU_018273,98.50514436075869
STU_018274,63.85062939348738
STU_018275,85.07980249994827
STU_018276,87.96737319918066
STU_018277,85.75283838793393
STU_018278,76.89363407614096
STU_018279,54.411462667573716
STU_018280,83.90273577645023
STU_018281,97.81623915129288
STU_018282,69.61757778721255
STU_018283,64.12647008727411
STU_018284,66.61961296246324
STU_018285,91.6736198280604
STU_018286,64.10288538525202
STU_018287,90.11750731781058
STU_018288,64.60249763370396
STU_018289,88.01506743432739
STU_018290,69.57465780179369
STU_018291,71.90548819104633
STU_018292,80.43781104845527
STU_018293,72.12541829836464
STU_018294,79.42136311203247
STU_018295,49.91049508136638
STU_018296,90.47376507083945
STU_018297,81.32314659336123
STU_018298,98.07045811585273
STU_018299,61.39464122403405
STU_018300,84.68430686885377
STU_018301,64.76215407752125
STU_018302,65.81911243130175
STU_018303,98.64612809575695
STU_018304,64.58156239904747
STU_018305,57.34104312847052
STU_018306,62.4493755452673
STU_018307,77.76579427365373
STU_018308,84.38897330662212
STU_018309,66.33737313125206
STU_018310,89.61305309963093
STU_018311,69.19526310169753
STU_018312,70.70701600297072
STU_018313,87.77363157528575
STU_018314,69.08503584882666
STU_018315,96.59533832442438
STU_018316,69.48918723490371
STU_018317,87.00660095647217
STU_018318,57.210961129263936
STU_018319,58.833792255926085
STU_018320,88.82198843356925
STU_018321,89.11822444330625
STU_018322,75.89181649959274
STU_018323,100.0
STU_018324,58.38538197251748
STU_018325,75.69611783004954
STU_018326,80.3013511668483
STU_018327,83.62318246372158
STU_018328,71.89225664054433
STU_018329,72.52822887136378
STU_018330,50.993676670521815
STU_018331,86.59866140460807
STU_018332,91.35132873130782
STU_018333,58.499670078878815
STU_018334,87.46585475830793
STU_018335,56.116665081231936
STU_018336,78.14672699987209
STU_018337,68.57700962335775
STU_018338,68.20707253300853
STU_018339,82.24566211730203
STU_018340,84.0303489222912
STU_018341,69.36049691763185
STU_018342,61.24673514358087
STU_018343,58.23042367057683
STU_018344,88.77127132089797
STU_018345,71.3171372879051
STU_018346,67.62650040396673
STU_018347,74.1437328854928
STU_018348,98.69001998742598
STU_018349,77.53364089226817
STU_018350,86.0910665848194
STU_018351,78.0224030313639
STU_018352,83.37512900573209
STU_018353,82.05314057559951
STU_018354,100.0
STU_018355,71.06453668965057
STU_018356,71.45141965710016
STU_018357,69.79769813406446
STU_018358,78.73862399738545
STU_018359,100.0
STU_018360,92.80192942137214
STU_018361,46.270171351345176
STU_018362,73.47094110399823
STU_018363,48.047800778437335
STU_018364,90.73504215824715
STU_018365,93.20439380113211
STU_018366,61.22171428256802
STU_018367,84.30817347494508
STU_018368,62.424841306310825
STU_018369,77.6400687527831
STU_018370,57.393369850787465
STU_018371,91.5718910707592
STU_018372,84.9868609193524
STU_018373,61.74415807447588
STU_018374,74.12022999983606
STU_018375,70.37783598082474
STU_018376,83.97359991931157
STU_018377,91.40410072223561
STU_018378,92.82011034457366
STU_018379,53.56149545322186
STU_018380,81.45837358722599
STU_018381,72.09487296693322
STU_018382,92.12816549451358
STU_018383,91.28493934487142
STU_018384,65.1194839916557
STU_018385,96.97581669851928
STU_018386,77.71230779561485
STU_018387,82.43016672687422
STU_018388,97.07046478280687
STU_018389,60.89964771898768
STU_018390,54.15677618296541
STU_018391,71.8149256872941
STU_018392,100.0
STU_018393,77.22106049267471
STU_018394,80.68644342922634
STU_018395,75.84686662532516
STU_018396,61.452084190138436
STU_018397,69.05154512700359
STU_018398,85.97015721016346
STU_018399,100.0
STU_018400,72.4186386459167
STU_018401,83.30338370061646
STU_018402,77.1379095576701
STU_018403,92.66313643195251
STU_018404,88.63517171223069
STU_018405,86.34604938655474
STU_018406,66.50397472284891
STU_018407,99.55358877015628
STU_018408,85.65220342724189
STU_018409,61.02461837334849
STU_018410,93.42077248812663
STU_018411,70.7363472786214
STU_018412,75.29704734368849
STU_018413,93.2615828127536
STU_018414,99.50636554378096
STU_018415,73.48007707680614
STU_018416,82.8498141453632
STU_018417,60.86913989821771
STU_018418,94.32998421796472
STU_018419,77.53419298856103
STU_018420,86.93961282102529
STU_018421,93.8759302072591
STU_018422,88.77743717810199
STU_018423,82.95806857334281
STU_018424,58.744941234163015
STU_018425,94.39603953677107
STU_018426,74.51472254209119
STU_018427,81.87813473771625
STU_018428,74.40886587256179
STU_018429,95.97894840076751
STU_018430,63.500372075645956
STU_018431,84.00513807257879
STU_018432,96.96841097753874
STU_018433,70.64836509067621
STU_018434,78.91516790902462
STU_018435,67.6134371989734
STU_018436,76.41515125436823
STU_018437,85.97043829149605
STU_018438,64.24524355296819
STU_018439,100.0
STU_018440,76.57098787800915
STU_018441,73.2407480875466
STU_018442,76.28056324102941
STU_018443,61.367648558948936
STU_018444,67.3387215108718
STU_018445,93.18890262250245
STU_018446,82.3247901628993
STU_018447,93.06953622208601
STU_018448,68.07219149484203
STU_018449,97.28976331651967
STU_018450,68.48529061687071
STU_018451,68.07564129620978
STU_018452,58.266674579372534
STU_018453,67.39875618358762
STU_018454,50.06647094826298
STU_018455,50.72282727714094
STU_018456,74.99341402336869
STU_018457,58.926723649428446
STU_018458,76.1157816818868
STU_018459,59.225644557800095
STU_018460,72.95806261948313
STU_018461,94.7014711298559
STU_018462,53.81040760058544
STU_018463,82.56392739657183
STU_018464,65.89737906531055
STU_018465,82.53375603732783
STU_018466,62.22665659009825
STU_018467,85.34580364382504
STU_018468,77.98628539936213
STU_018469,77.26563100040941
STU_018470,88.91837421390885
STU_018471,87.93551587047692
STU_018472,59.23300209911667
STU_018473,81.43817667215345
STU_018474,87.81620689496118
STU_018475,75.91046096326687
STU_018476,78.52988933428541
STU_018477,45.452886200914996
STU_018478,100.0
STU_018479,91.11247348196588
STU_018480,83.37421660458209
STU_018481,67.98639931572913
STU_018482,66.49056158935959
STU_018483,91.51334613726115
STU_018484,85.64823073052912
STU_018485,66.85819872167784
STU_018486,70.9630303672717
STU_018487,59.35260100689777
STU_018488,73.46074982889373
STU_018489,57.133097432933624
STU_018490,69.02699304993342
STU_018491,87.1769186824034
STU_018492,75.00119819884193
STU_018493,86.7898132439213
STU_018494,76.16167976133866
STU_018495,85.73713215350944
STU_018496,65.10348224657066
STU_018497,91.13871190380854
STU_018498,71.26688552645953
STU_018499,71.88745902729681
STU_018500,77.94592502665546
STU_018501,100.0
STU_018502,65.87703411921008
STU_018503,46.55730673007479
STU_018504,100.0
STU_018505,70.58621873806794
STU_018506,84.64882638413752
STU_018507,72.29885332249498
STU_018508,82.2718077949855
STU_018509,58.09233823260067
STU_018510,83.8429321941033
STU_018511,75.22801364393278
STU_018512,83.48228211376102
STU_018513,79.41231448357613
STU_018514,57.539474468537975
STU_018515,64.45767746978682
STU_018516,60.50657697765186
STU_018517,83.55635678174077
STU_018518,56.72703839173809
STU_018519,55.57720007229242
STU_018520,89.81271862609809
STU_018521,78.22668439536025
STU_018522,82.0356657722626
STU_018523,84.53878316622506
STU_018524,90.02595790451089
STU_018525,71.83667247937801
STU_018526,60.30197739083532
STU_018527,84.05810171043089
STU_018528,87.08295754981941
STU_018529,71.82362046945171
STU_018530,76.23221095540427
STU_018531,83.2783646861863
STU_018532,67.91573716094125
STU_018533,67.87288560027679
STU_018534,58.701603618867665
STU_018535,92.0893217438792
STU_018536,99.8531055463179
STU_018537,81.95388506339529
STU_018538,79.38050751456184
STU_018539,59.87682691098916
STU_018540,77.8803608331691
STU_018541,68.70926021593834
STU_018542,94.9263206118159
STU_018543,76.51368059081508
STU_018544,73.19345184564462
STU_018545,71.92099026299847
STU_018546,94.65734645736362
STU_018547,73.48068603880213
STU_018548,93.33643266138199
STU_018549,86.57356057125497
STU_018550,78.28529838457987
STU_018551,73.46926490523555
STU_018552,64.45253754946026
STU_018553,64.21321845004675
STU_018554,65.53837589409083
STU_018555,59.870490586636194
STU_018556,78.79133847425065
STU_018557,62.64987865645366
STU_018558,66.42813155429633
STU_018559,67.68806144436377
STU_018560,77.3302420175165
STU_018561,83.52019907323547
STU_018562,80.18074030810135
STU_018563,76.0224233388771
STU_018564,76.88709439761026
STU_018565,65.78196791460414
STU_018566,67.72683253233758
STU_018567,92.7738314647521
STU_018568,82.98347499571838
STU_018569,80.8729379505001
STU_018570,69.85393190396923
STU_018571,87.24975578020891
STU_018572,60.87898250884382
STU_018573,87.6416360902681
STU_018574,72.72888646860918
STU_018575,71.40511996280566
STU_018576,78.85191407990143
STU_018577,68.84236248462706
STU_018578,78.77750550448832
STU_018579,51.85880148510361
STU_018580,99.3590706253953
STU_018581,70.30526086317852
STU_018582,77.34289737578905
STU_018583,93.86937031996175
STU_018584,84.2213614505796
STU_018585,69.80229744901145
STU_018586,93.21740509861309
STU_018587,93.80505914845172
STU_018588,53.811050762129845
STU_018589,82.70842358109964
STU_018590,71.90201989559306
STU_018591,88.47946007183188
STU_018592,44.8683027379132
STU_018593,84.41670929555642
STU_018594,66.06077042283532
STU_018595,74.3697450376539
STU_018596,64.63814831631433
STU_018597,75.01891710135213
STU_018598,63.354366892969935
STU_018599,55.86072960972811
STU_018600,82.61821797812614
STU_018601,68.76745672229688
STU_018602,69.16279748874791
STU_018603,69.12161973034566
STU_018604,73.9061040458182
STU_018605,46.13554057976743
STU_018606,70.07440831826547
STU_018607,87.87250426596627
STU_018608,92.33889236792633
STU_018609,84.3704696380772
STU_018610,100.0
STU_018611,64.54247055029899
STU_018612,74.08214571437722
STU_018613,82.78445144964962
STU_018614,74.57345652403376
STU_018615,54.92669501400304
STU_018616,83.82485868505867
STU_018617,68.63607955628365
STU_018618,65.08348381806438
STU_018619,71.90978559436985
STU_018620,90.16106265214778
STU_018621,59.934309535338855
STU_018622,77.86495574678605
STU_018623,72.47553533766279
STU_018624,79.02496881902866
STU_018625,84.3395276005842
STU_018626,69.54787766640493
STU_018627,68.25366685204287
STU_018628,63.32588297104574
STU_018629,69.72559537409013
STU_018630,61.39612861286903
STU_018631,91.49665244027724
STU_018632,92.27031516035795
STU_018633,71.24463625640477
STU_018634,63.908985527152765
STU_018635,68.39982093010317
STU_018636,80.12033501397138
STU_018637,68.81290677006353
STU_018638,99.39390095700297
STU_018639,93.01329794385704
STU_018640,70.72309106756681
STU_018641,55.26661530657467
STU_018642,83.64003946311033
STU_018643,68.05025585932263
STU_018644,61.181777612698916
STU_018645,93.22825336466028
STU_018646,65.79941889716136
STU_018647,100.0
STU_018648,54.184299338236514
STU_018649,57.98135463486819
STU_018650,72.90216142029244
STU_018651,62.99581691033876
STU_018652,83.72147649976417
STU_018653,77.29849517504016
STU_018654,81.24727976031276
STU_018655,70.49691918725169
STU_018656,69.28400693220865
STU_018657,87.74939576348345
STU_018658,79.01754219108258
STU_018659,81.73712063742317
STU_018660,78.41998142751538
STU_018661,57.65300900200983
STU_018662,62.91849582744331
STU_018663,75.11986198450286
STU_018664,46.75491863622502
STU_018665,68.72161461140324
STU_018666,63.58855900668537
STU_018667,68.49349582855893
STU_018668,48.58183328059953
STU_018669,74.10728587003344
STU_018670,75.64398978713587
STU_018671,60.223128873162594
STU_018672,76.7204007826302
STU_018673,63.03103007496152
STU_018674,65.31769368698009
STU_018675,73.31647608718113
STU_018676,65.45309215818628
STU_018677,69.01055317795624
STU_018678,87.1307917786496
STU_018679,88.03348587555115
STU_018680,58.76782198746493
STU_018681,82.9511664414533
STU_018682,92.85144840374362
STU_018683,77.33844998309132
STU_018684,87.49888739240482
STU_018685,72.47245847380904
STU_018686,84.98885856825692
STU_018687,72.50814225161086
STU_018688,68.01398163971717
STU_018689,83.47499184230033
STU_018690,69.66897146114775
STU_018691,67.67985361196443
STU_018692,74.42573582551765
STU_018693,71.20028084978472
STU_018694,87.8903572677946
STU_018695,74.41231462815892
STU_018696,68.81849961501582
STU_018697,78.83696731221457
STU_018698,87.42704368222911
STU_018699,62.4966684277197
STU_018700,100.0
STU_018701,70.8698548162474
STU_018702,83.90457422900292
STU_018703,71.48896330218231
STU_018704,88.59149863472234
STU_018705,72.6862420099204
STU_018706,88.89084694935073
STU_018707,65.13395587890227
STU_018708,70.5215718895328
STU_018709,97.15113630151902
STU_018710,79.03585196939044
STU_018711,60.3667786071854
STU_018712,92.35508257771505
STU_018713,68.521795160045
STU_018714,76.41858131130756
STU_018715,99.67460944272231
STU_018716,67.12231060504035
STU_018717,72.5395447375281
STU_018718,65.25066816909786
STU_018719,79.25889072404132
STU_018720,73.55700619413736
STU_018721,88.8593852009513
STU_018722,56.55228412006046
STU_018723,59.000863328808386
STU_018724,69.99902284741749
STU_018725,79.17717406065078
STU_018726,75.86579934929871
STU_018727,85.04006527382396
STU_018728,75.94724974794642
STU_018729,89.34119011530171
STU_018730,85.51149472183573
STU_018731,67.41620145580205
STU_018732,78.7778130197313
STU_018733,93.58385872259109
STU_018734,76.76296003434258
STU_018735,75.15640442173472
STU_018736,65.49858930006825
STU_018737,74.4350814774186
STU_018738,74.37183422150682
STU_018739,76.45498944935757
STU_018740,69.20064881365896
STU_018741,48.968447168503936
STU_018742,96.56879541209821
STU_018743,63.122613537985316
STU_018744,100.0
STU_018745,76.38843864967481
STU_018746,66.85113039962732
STU_018747,87.2756918529326
STU_018748,50.95410996149971
STU_018749,56.9112887028292
STU_018750,87.3016362063932
STU_018751,84.19844979980434
STU_018752,58.68374152639083
STU_018753,60.51487416751641
STU_018754,93.51478020371583
STU_018755,90.59662715911247
STU_018756,70.02177434635618
STU_018757,86.76640541442075
STU_018758,91.34559196275684
STU_018759,93.69260789018828
STU_018760,68.88607072490235
STU_018761,76.26018543415707
STU_018762,79.36470721122298
STU_018763,66.09328090906135
STU_018764,86.12572132621091
STU_018765,77.19309205099884
STU_018766,65.06295104309271
STU_018767,85.4362328555545
STU_018768,72.51581137883099
STU_018769,53.23829326767586
STU_018770,80.35914235079643
STU_018771,71.8443689321187
STU_018772,89.6450948613502
STU_018773,79.75332735312716
STU_018774,62.37900776700455
STU_018775,81.72891679018966
STU_018776,81.26176945808739
STU_018777,55.74401204372697
STU_018778,98.22964841874136
STU_018779,89.99066786796658
STU_018780,63.61186012091805
STU_018781,93.47177574830621
STU_018782,98.63141798492349
STU_018783,79.42522645673957
STU_018784,80.0844422895068
STU_018785,83.50455222070278
STU_018786,71.0536993692527
STU_018787,56.20474027593666
STU_018788,64.63085945278961
STU_018789,74.51111015391366
STU_018790,91.42916897256691
STU_018791,70.703303462534
STU_018792,60.30684240565914
STU_018793,67.16269897462192
STU_018794,66.07235189940195
STU_018795,96.12173965859805
STU_018796,56.79502656420803
STU_018797,69.88747383865801
STU_018798,65.70498939076018
STU_018799,80.32992658060925
STU_018800,86.05518189594113
STU_018801,85.6246758588251
STU_018802,67.2860916474927
STU_018803,66.63547147431149
STU_018804,59.02178212996935
STU_018805,66.89246511364831
STU_018806,81.37360534599514
STU_018807,75.74545589115543
STU_018808,64.38098456799845
STU_018809,85.41737193918561
STU_018810,80.72330285369746
STU_018811,50.79109266616938
STU_018812,83.3285951176125
STU_018813,69.55445884984672
STU_018814,48.487784636578475
STU_018815,86.37286988287545
STU_018816,66.19094404752339
STU_018817,73.52490184397858
STU_018818,84.80418222212285
STU_018819,69.81174163266475
STU_018820,90.68959191553913
STU_018821,81.13280066565288
STU_018822,76.6094216834898
STU_018823,98.16133704512103
STU_018824,62.981752385401826
STU_018825,74.6338104925114
STU_018826,70.96596687149733
STU_018827,76.04155899559524
STU_018828,66.67823491859959
STU_018829,56.37536536725086
STU_018830,83.24709018355404
STU_018831,89.3732647228041
STU_018832,82.39605503272847
STU_018833,60.235370148949
STU_018834,54.4512038232761
STU_018835,62.750111529652955
STU_018836,83.80546343112265
STU_018837,72.64529018942358
STU_018838,62.689089467053336
STU_018839,83.94002134892935
STU_018840,83.97477173916148
STU_018841,89.37799088109148
STU_018842,76.59855311865648
STU_018843,79.81970068931575
STU_018844,77.10411483588013
STU_018845,81.36558130645261
STU_018846,99.61671511556965
STU_018847,99.49080436872862
STU_018848,82.52461352889532
STU_018849,68.92024065753134
STU_018850,76.16181038096607
STU_018851,64.78779994873803
STU_018852,55.834953931110476
STU_018853,63.92392539661253
STU_018854,74.27606614379343
STU_018855,77.99353252240533
STU_018856,63.32209636121569
STU_018857,88.90178980097039
STU_018858,83.09173498928443
STU_018859,94.2039744098175
STU_018860,71.56561704337219
STU_018861,77.6082364356871
STU_018862,89.42553570978406
STU_018863,68.5078648027268
STU_018864,63.768254629371654
STU_018865,76.69705619205992
STU_018866,71.43191959111633
STU_018867,66.9489358566615
STU_018868,79.44372085463606
STU_018869,74.4886737704874
STU_018870,86.92140721792184
STU_018871,96.70636935127101
STU_018872,81.50518958969126
STU_018873,71.82351857037435
STU_018874,89.49772862027058
STU_018875,98.82924617715477
STU_018876,65.90297807040835
STU_018877,56.529160492864946
STU_018878,91.40264174977622
STU_018879,82.96158267952477
STU_018880,79.20732916780963
STU_018881,65.42246916769376
STU_018882,72.8119230251173
STU_018883,71.40425249325017
STU_018884,87.37955498490112
STU_018885,58.93442989029303
STU_018886,88.21397356536627
STU_018887,68.29927816693628
STU_018888,91.07441746312392
STU_018889,62.294597203604745
STU_018890,47.82894544260501
STU_018891,74.00746490369121
STU_018892,80.28270033080409
STU_018893,83.37716787168621
STU_018894,99.94339679014493
STU_018895,75.28876376963187
STU_018896,85.09284444417654
STU_018897,69.26036525501614
STU_018898,66.64370546701892
STU_018899,69.23959332138209
STU_018900,74.04095525417239
STU_018901,81.58001721015722
STU_018902,92.82402074690336
STU_018903,86.48018226079077
STU_018904,76.87951662057772
STU_018905,64.08601270031212
STU_018906,81.00316666660152
STU_018907,72.70150795661024
STU_018908,69.2919536635426
STU_018909,78.30047040201259
STU_018910,70.96826301210083
STU_018911,57.40707257214069
STU_018912,84.84484542785745
STU_018913,67.12575570571582
STU_018914,70.19813482763385
STU_018915,76.08832063936043
STU_018916,60.91746268837734
STU_018917,88.67844553173845
STU_018918,90.6292099299628
STU_018919,76.3499923259279
STU_018920,58.29493996676978
STU_018921,72.31538804737679
STU_018922,64.93938789762535
STU_018923,99.39459525702773
STU_018924,67.95062088243095
STU_018925,74.48498546696273
STU_018926,84.00219417440235
STU_018927,75.63962320784222
STU_018928,70.9473116578851
STU_018929,72.14989200542581
STU_018930,58.434585159772965
STU_018931,59.588551872805496
STU_018932,51.149233313118444
STU_018933,77.39538134851912
STU_018934,80.13184924822065
STU_018935,70.95954089406177
STU_018936,71.85921743918854
STU_018937,86.49818180723116
STU_018938,85.43445145789511
STU_018939,66.98690410914618
STU_018940,86.73652723930269
STU_018941,84.69086653195805
STU_018942,57.58967368998319
STU_018943,76.35185471343253
STU_018944,74.60759031807993
STU_018945,81.62409941462508
STU_018946,80.97084706269425
STU_018947,67.75858371349902
STU_018948,67.10926341123866
STU_018949,73.7705129860483
STU_018950,81.85117417636533
STU_018951,68.03516019999155
STU_018952,64.22176265517898
STU_018953,75.86441824242826
STU_018954,84.85112376992953
STU_018955,75.89675379583302
STU_018956,58.189512825051764
STU_018957,74.87298670808931
STU_018958,82.79102731565153
STU_018959,79.35991012207
STU_018960,74.47680378837202
STU_018961,68.36248166592236
STU_018962,76.77302689588535
STU_018963,88.07698757350298
STU_018964,68.14795926867325
STU_018965,89.21537500533611
STU_018966,93.72046581818967
STU_018967,93.65318580703479
STU_018968,74.10558337085696
STU_018969,76.20799436473693
STU_018970,88.80014587048699
STU_018971,59.871211881314224
STU_018972,76.50933636326893
STU_018973,92.48780517683909
STU_018974,63.81448750607446
STU_018975,87.06963218640436
STU_018976,75.55852644898007
STU_018977,88.98527901169622
STU_018978,82.3337120863454
STU_018979,60.068870387318825
STU_018980,80.05448995737834
STU_018981,54.71996054319549
STU_018982,81.68791050341395
STU_018983,74.54062511718647
STU_018984,72.70545354797369
STU_018985,75.86228881114481
STU_018986,78.8514109801941
STU_018987,81.12374975069065
STU_018988,69.19228983453918
STU_018989,84.62815258193024
STU_018990,83.01312762406481
STU_018991,66.01592896132631
STU_018992,80.40019587889476
STU_018993,78.45114036175553
STU_018994,86.77256168795984
STU_018995,96.29861031281213
STU_018996,63.298537331861624
STU_018997,71.68890047987762
STU_018998,78.95541124309064
STU_018999,92.77016970981109
STU_019000,74.59172777798604
STU_019001,61.91404858087259
STU_019002,71.988406495306
STU_019003,89.68327002210833
STU_019004,77.74582011703404
STU_019005,95.42952720354441
STU_019006,86.79426237978981
STU_019007,100.0
STU_019008,75.17338144703558
STU_019009,100.0
STU_019010,45.542498752275044
STU_019011,78.37830316655192
STU_019012,74.31664620720588
STU_019013,62.21872391902173
STU_019014,100.0
STU_019015,53.75129343949011
STU_019016,64.5209590579951
STU_019017,98.73524467299124
STU_019018,70.23712220266307
STU_019019,72.41833009489095
STU_019020,98.87580010499362
STU_019021,43.97503682829932
STU_019022,74.52213937302119
STU_019023,87.31152903147415
STU_019024,72.98574849251293
STU_019025,94.66132374630754
STU_019026,99.68357476917053
STU_019027,79.02063426013935
STU_019028,59.32560102191454
STU_019029,61.92827332199296
STU_019030,71.42559711537287
STU_019031,88.08532103331679
STU_019032,87.26624649692842
STU_019033,78.60588821386348
STU_019034,65.56255213160165
STU_019035,86.09711167131091
STU_019036,94.28768851058194
STU_019037,84.6450870498592
STU_019038,66.63335890833321
STU_019039,81.41218670799547
STU_019040,73.79703862758267
STU_019041,79.06174273050371
STU_019042,81.00791534935931
STU_019043,87.62863359081464
STU_019044,83.25507260081878
STU_019045,75.09329762638342
STU_019046,64.89432825370169
STU_019047,51.25862251970548
STU_019048,91.47332268124315
STU_019049,56.226177511297735
STU_019050,85.55201182568207
STU_019051,62.9948006325796
STU_019052,71.12639784798297
STU_019053,74.06615541745506
STU_019054,69.06136910979224
STU_019055,49.78584402474749
STU_019056,84.22829431371751
STU_019057,80.85490494126414
STU_019058,80.67590506678296
STU_019059,48.90368300920146
STU_019060,68.41125340738293
STU_019061,52.692409707488494
STU_019062,88.32227884838593
STU_019063,72.81063473462254
STU_019064,61.38766278619425
STU_019065,95.57895636042528
STU_019066,61.32909767817455
STU_019067,80.74539403067598
STU_019068,66.50289106596847
STU_019069,59.139664991989264
STU_019070,73.2363774057507
STU_019071,65.26333484208075
STU_019072,100.0
STU_019073,62.54868226365715
STU_019074,67.86206454671333
STU_019075,64.60967959136252
STU_019076,58.54747255597701
STU_019077,96.94530500925454
STU_019078,95.0665225954454
STU_019079,88.90217614986749
STU_019080,54.548656960659315
STU_019081,83.6288597142778
STU_019082,84.57661338373957
STU_019083,59.58329770722105
STU_019084,53.80123729817585
STU_019085,60.62159863686662
STU_019086,49.734969314465154
STU_019087,78.37828994635339
STU_019088,79.26956740975635
STU_019089,86.17331531821657
STU_019090,91.46310357658058
STU_019091,83.9148861905564
STU_019092,82.59362933594089
STU_019093,74.61376480806327
STU_019094,82.01474681966826
STU_019095,75.41933544333223
STU_019096,81.11290497139893
STU_019097,82.940803538388
STU_019098,56.38705768746168
STU_019099,66.91697940975116
STU_019100,73.34790471353895
STU_019101,59.98060217017505
STU_019102,77.403276417061
STU_019103,84.96614046763307
STU_019104,61.69478080435147
STU_019105,65.84648367980031
STU_019106,61.49335539662765
STU_019107,88.35841845504162
STU_019108,70.27870776715108
STU_019109,98.79881080275388
STU_019110,92.80998192450862
STU_019111,76.83392699469877
STU_019112,99.93455424125221
STU_019113,82.24042563467765
STU_019114,96.76046095281761
STU_019115,84.73151636791611
STU_019116,87.93795596963696
STU_019117,62.03960624787811
STU_019118,77.68447274234477
STU_019119,71.01494642709454
STU_019120,63.77042496519279
STU_019121,92.5799226759766
STU_019122,78.61019081923685
STU_019123,66.74007507978968
STU_019124,95.66731407567498
STU_019125,72.65501481903198
STU_019126,72.68559883432854
STU_019127,66.91943941598407
STU_019128,87.70440341861638
STU_019129,60.71312329164622
STU_019130,59.37907049901792
STU_019131,81.6484090064833
STU_019132,89.25984117745492
STU_019133,56.352433157122704
STU_019134,65.45240645866791
STU_019135,98.07586532164851
STU_019136,91.31912010931829
STU_019137,59.688194408277276
STU_019138,83.7992555413483
STU_019139,88.99908204219435
STU_019140,83.31053714837378
STU_019141,93.73316041047471
STU_019142,83.91179495344048
STU_019143,76.34388786256991
STU_019144,74.15458628901749
STU_019145,69.81083083468563
STU_019146,91.30956325082369
STU_019147,71.31060296194151
STU_019148,95.79283863599727
STU_019149,80.21965396251547
STU_019150,76.01783700491094
STU_019151,94.78656140575899
STU_019152,48.67350721065578
STU_019153,67.77487237364511
STU_019154,86.78814778892607
STU_019155,100.0
STU_019156,79.77780646179895
STU_019157,90.47360242980591
STU_019158,55.639550472766466
STU_019159,71.40231172165426
STU_019160,62.78316058074013
STU_019161,61.4155567850052
STU_019162,63.11813788114871
STU_019163,73.3701851073233
STU_019164,68.37640779213726
STU_019165,74.25167147960136
STU_019166,91.6523370188519
STU_019167,89.43072521407622
STU_019168,84.79489308446445
STU_019169,70.39694928252464
STU_019170,85.5064678021229
STU_019171,72.0668006760607
STU_019172,81.59100281267727
STU_019173,82.79984350806603
STU_019174,58.90020868207993
STU_019175,74.29177533426875
STU_019176,76.75835181235368
STU_019177,96.85060048013848
STU_019178,38.46043568195691
STU_019179,73.39007823531396
STU_019180,76.09048881493231
STU_019181,92.10674558186354
STU_019182,58.56093562665404
STU_019183,95.41861650441383
STU_019184,84.64339441721327
STU_019185,90.34151895758683
STU_019186,96.36678830219836
STU_019187,70.23278310137745
STU_019188,97.94967983971547
STU_019189,87.42009206128704
STU_019190,73.78212712772694
STU_019191,64.35895790783812
STU_019192,97.54190697200227
STU_019193,66.16081496316434
STU_019194,75.0816861752779
STU_019195,86.68973957254339
STU_019196,80.62145272413932
STU_019197,93.352890698524
STU_019198,73.76181762860978
STU_019199,100.0
STU_019200,68.69784057469255
STU_019201,87.92906275714884
STU_019202,77.5417797688102
STU_019203,59.54495871165053
STU_019204,59.81571455173922
STU_019205,80.84300959784855
STU_019206,51.92125066575105
STU_019207,67.50138985313235
STU_019208,74.4929302572143
STU_019209,70.99865742544864
STU_019210,68.34811825800541
STU_019211,66.19872055222235
STU_019212,68.14679535156067
STU_019213,67.04357769368752
STU_019214,77.74204054613418
STU_019215,96.41994461608586
STU_019216,64.01307166693994
STU_019217,72.48317045199047
STU_019218,49.657199229515115
STU_019219,78.90425501245181
STU_019220,72.37244615511729
STU_019221,62.52910575083789
STU_019222,82.30900984950159
STU_019223,79.03940031805081
STU_019224,91.22798779197383
STU_019225,54.56949340941313
STU_019226,53.96396072062642
STU_019227,65.31470764860477
STU_019228,63.150329306393395
STU_019229,74.75326715570063
STU_019230,66.36223262215466
STU_019231,82.34096716764381
STU_019232,89.35349669234222
STU_019233,59.32057396011201
STU_019234,67.98764402251766
STU_019235,79.81410358683692
STU_019236,79.47866836840278
STU_019237,74.23251042801914
STU_019238,72.97170062975279
STU_019239,85.21620577872669
STU_019240,81.76975199343337
STU_019241,97.71703808988781
STU_019242,65.82748044769698
STU_019243,89.05248445588462
STU_019244,74.90710235487974
STU_019245,52.562035265683114
STU_019246,61.27261306248333
STU_019247,93.57896897048519
STU_019248,83.54539598343598
STU_019249,96.38325874786403
STU_019250,64.47283762407739
STU_019251,94.4468404570596
STU_019252,73.29884584023284
STU_019253,61.80675446517974
STU_019254,50.391815648686325
STU_019255,66.39694553357185
STU_019256,93.34708878409617
STU_019257,62.225511629959385
STU_019258,51.570570343262155
STU_019259,70.36527060051276
STU_019260,84.8234743470784
STU_019261,71.92365630571456
STU_019262,83.35071447994567
STU_019263,74.37984064992585
STU_019264,72.36584995635309
STU_019265,89.87853936913444
STU_019266,84.74868562710803
STU_019267,54.98401949921021
STU_019268,69.38429800150736
STU_019269,81.0035669005808
STU_019270,85.50003436946099
STU_019271,51.18523454436676
STU_019272,65.84624300788677
STU_019273,96.45163091724271
STU_019274,99.01736368493832
STU_019275,100.0
STU_019276,61.38416731571939
STU_019277,98.87023989887217
STU_019278,85.58399426255343
STU_019279,74.12616177857436
STU_019280,59.82000781044507
STU_019281,89.93213313806596
STU_019282,62.674975785011405
STU_019283,100.0
STU_019284,82.37248651864991
STU_019285,74.67969811782424
STU_019286,92.25223541688378
STU_019287,75.84428783812791
STU_019288,60.684172557712216
STU_019289,88.34578767542567
STU_019290,80.36131416831239
STU_019291,78.1262696754133
STU_019292,77.76183694762071
STU_019293,64.44107767928509
STU_019294,74.3742645545965
STU_019295,61.16602569826813
STU_019296,66.49831493481281
STU_019297,79.68914000821053
STU_019298,89.28136730370008
STU_019299,90.94191139445846
STU_019300,80.97203320238003
STU_019301,69.39745229111361
STU_019302,81.26110758910406
STU_019303,68.25094675934426
STU_019304,90.95353704373294
STU_019305,69.39749043511324
STU_019306,57.4164603768547
STU_019307,62.44091905100874
STU_019308,51.66654323053501
STU_019309,72.51667477467946
STU_019310,88.35042781237955
STU_019311,90.0405555936536
STU_019312,66.13195154617291
STU_019313,82.49242912264171
STU_019314,86.32163170860113
STU_019315,74.35482352167985
STU_019316,92.26758761323475
STU_019317,74.35485956507733
STU_019318,79.95158816946933
STU_019319,84.36895725922258
STU_019320,99.44797104931567
STU_019321,71.20557869491853
STU_019322,89.07444976327984
STU_019323,68.752813536931
STU_019324,90.81465266268773
STU_019325,75.99841523908482
STU_019326,94.17959490953069
STU_019327,94.63949222922602
STU_019328,93.85723987317914
STU_019329,93.50654718483736
STU_019330,79.86194511143471
STU_019331,76.58912204738496
STU_019332,70.8318860286603
STU_019333,87.31583279768172
STU_019334,62.704422010155355
STU_019335,66.26705322170835
STU_019336,67.99944381245365
STU_019337,96.82187529910718
STU_019338,63.65389933641035
STU_019339,88.82248805253583
STU_019340,98.3855104498565
STU_019341,76.62261994610556
STU_019342,61.34551422813714
STU_019343,72.2041324774583
STU_019344,63.67331475594234
STU_019345,68.8881525404447
STU_019346,76.79453847462557
STU_019347,53.24020922635262
STU_019348,95.16839672716054
STU_019349,81.64598966374956
STU_019350,59.96262600886151
STU_019351,89.5773439335042
STU_019352,82.77016117695806
STU_019353,83.96666789945444
STU_019354,70.44980362989567
STU_019355,79.94796280798926
STU_019356,57.09695306093505
STU_019357,59.44769678315708
STU_019358,78.8173537488263
STU_019359,83.96528363113376
STU_019360,61.47743751348585
STU_019361,88.82057160508063
STU_019362,60.77687728420306
STU_019363,69.88503869374554
STU_019364,73.63824515837545
STU_019365,88.77974350965097
STU_019366,97.3540966081105
STU_019367,100.0
STU_019368,76.41457598636202
STU_019369,78.49463071115662
STU_019370,73.13550229998964
STU_019371,81.6134951765646
STU_019372,71.97288403041233
STU_019373,59.15851789453892
STU_019374,63.79978460485254
STU_019375,80.51143636218919
STU_019376,96.51301747927832
STU_019377,93.48809650614994
STU_019378,67.46689246666928
STU_019379,54.027480864867215
STU_019380,88.44359558566502
STU_019381,67.24212335018498
STU_019382,67.61915160544905
STU_019383,82.6798072943863
STU_019384,64.5585509213947
STU_019385,83.32707035009076
STU_019386,67.76967915815477
STU_019387,56.48481096849131
STU_019388,65.85966737278562
STU_019389,99.10289458147074
STU_019390,43.22336641390595
STU_019391,76.98322578300935
STU_019392,76.81725053720588
STU_019393,75.99339082465681
STU_019394,69.11604909960003
STU_019395,79.25866136351509
STU_019396,99.38806622140774
STU_019397,70.73821991533765
STU_019398,58.64020029426405
STU_019399,57.842844685050665
STU_019400,94.5068937071483
STU_019401,66.71729332362672
STU_019402,69.01182437961958
STU_019403,88.50907527949947
STU_019404,82.49092505227142
STU_019405,80.52919687562868
STU_019406,75.37097126245519
STU_019407,66.28302347202597
STU_019408,81.06667642181185
STU_019409,71.94281770370499
STU_019410,70.70528000507302
STU_019411,86.25171513096932
STU_019412,59.853660541027324
STU_019413,70.36377602968807
STU_019414,69.98925689945247
STU_019415,82.48657191824694
STU_019416,79.50377267171615
STU_019417,89.09200124789005
STU_019418,92.77229402964423
STU_019419,69.41670643657667
STU_019420,72.15931790061174
STU_019421,86.97979683160395
STU_019422,80.38050574454512
STU_019423,71.69236090955609
STU_019424,94.00522387962029
STU_019425,63.83141411145939
STU_019426,79.18491931877051
STU_019427,87.07185401136242
STU_019428,91.97483645524352
STU_019429,68.98211836135124
STU_019430,83.66372380336394
STU_019431,51.58199614854502
STU_019432,79.44818806046845
STU_019433,63.92400857679743
STU_019434,53.63812624958295
STU_019435,100.0
STU_019436,61.910870913551115
STU_019437,95.64674922198049
STU_019438,79.22741065257779
STU_019439,55.76943283270437
STU_019440,69.02757077786964
STU_019441,83.29570669898948
STU_019442,76.44296013689703
STU_019443,60.3940740649161
STU_019444,96.11036885919525
STU_019445,89.08077983420677
STU_019446,53.55613300991227
STU_019447,74.68643659929248
STU_019448,71.99484002999395
STU_019449,61.67002603774489
STU_019450,68.90805339267177
STU_019451,64.49044129676366
STU_019452,89.30097679550926
STU_019453,83.32463406071012
STU_019454,72.52796785273529
STU_019455,70.00794615001438
STU_019456,71.69909484488812
STU_019457,65.19306128466492
STU_019458,69.03337710255798
STU_019459,63.23257743489715
STU_019460,89.87334934387351
STU_019461,94.34331366947927
STU_019462,100.0
STU_019463,66.6119684825255
STU_019464,71.1318911037828
STU_019465,67.33033882818751
STU_019466,69.31285981686071
STU_019467,70.53491922835788
STU_019468,87.47567809581403
STU_019469,71.38970481818059
STU_019470,91.75207009150469
STU_019471,95.41859983253624
STU_019472,85.23868761973026
STU_019473,90.28290055792048
STU_019474,65.75188716273493
STU_019475,62.12167647532644
STU_019476,94.4785057850915
STU_019477,62.78975252590932
STU_019478,70.06929533881002
STU_019479,71.84024861901096
STU_019480,92.95866314459545
STU_019481,68.4913023489141
STU_019482,73.7786035489666
STU_019483,74.34247951914547
STU_019484,81.45617955029087
STU_019485,60.81132643261149
STU_019486,36.825805097004505
STU_019487,68.53890629625437
STU_019488,94.51868565108596
STU_019489,62.13800170652965
STU_019490,78.07375719438534
STU_019491,57.17331383506208
STU_019492,71.14346737854197
STU_019493,66.14041189057043
STU_019494,57.625896104753274
STU_019495,96.44100921275043
STU_019496,93.46078478887223
STU_019497,53.906063612546134
STU_019498,89.84424171165949
STU_019499,91.38498933720588
STU_019500,87.17835567966591
STU_019501,84.41619263236483
STU_019502,60.494403745368416
STU_019503,70.69302113385763
STU_019504,94.6947772137702
STU_019505,59.37150903158784
STU_019506,81.23032858659184
STU_019507,89.40537238615315
STU_019508,96.26962693424352
STU_019509,96.63491916866413
STU_019510,93.61141040447866
STU_019511,57.485857825327486
STU_019512,83.9929100065828
STU_019513,66.7913642764133
STU_019514,55.277682589357305
STU_019515,57.80983492220356
STU_019516,82.78535318057519
STU_019517,63.577197474430804
STU_019518,66.2189629884557
STU_019519,66.33974795554651
STU_019520,82.81562737490893
STU_019521,65.24198163976918
STU_019522,77.7586192995164
STU_019523,95.08416110943828
STU_019524,79.36833280627343
STU_019525,85.63886421559987
STU_019526,70.63101966347872
STU_019527,72.33524141993918
STU_019528,72.51160560897863
STU_019529,88.2323631542684
STU_019530,86.55420475555526
STU_019531,94.0887950396735
STU_019532,47.424890395733456
STU_019533,81.81584221803882
STU_019534,70.0163835874593
STU_019535,70.61922688119823
STU_019536,65.74435267557516
STU_019537,54.380769663252
STU_019538,74.29254829347572
STU_019539,70.3561071296588
STU_019540,62.6627992045849
STU_019541,75.75753833741805
STU_019542,100.0
STU_019543,100.0
STU_019544,73.47273885384256
STU_019545,88.02743870193794
STU_019546,55.704585049390154
STU_019547,67.61040957225619
STU_019548,89.65124079948777
STU_019549,91.40898017772275
STU_019550,97.75241239990332
STU_019551,81.90955718004344
STU_019552,76.04813080705402
STU_019553,73.98386056680586
STU_019554,60.623179771679034
STU_019555,99.23584878830225
STU_019556,70.43406535992575
STU_019557,100.0
STU_019558,55.254899569252984
STU_019559,86.47361461858705
STU_019560,78.951303552874
STU_019561,42.53041617966975
STU_019562,95.12321878192313
STU_019563,73.81231353707554
STU_019564,64.77892988367836
STU_019565,60.754418978655806
STU_019566,81.11871913250727
STU_019567,85.73350739499487
STU_019568,67.24565295712054
STU_019569,63.7032748645297
STU_019570,72.17426821517297
STU_019571,48.58619502497701
STU_019572,69.30175405535843
STU_019573,72.97973308482354
STU_019574,78.72232253242102
STU_019575,81.3401685670761
STU_019576,91.65977923691993
STU_019577,63.60721836818141
STU_019578,66.18736512255754
STU_019579,67.73105532255963
STU_019580,66.28302387835046
STU_019581,98.68087625556323
STU_019582,74.72792112151868
STU_019583,73.62165727544004
STU_019584,66.21550694010078
STU_019585,81.84903564508407
STU_019586,73.07975185550477
STU_019587,89.63404883464001
STU_019588,74.45372019796915
STU_019589,66.72901086841162
STU_019590,97.72380408508992
STU_019591,94.26047149813303
STU_019592,72.35504856962856
STU_019593,66.50752752281126
STU_019594,94.12206276608121
STU_019595,72.4424969480246
STU_019596,93.2083375389899
STU_019597,68.93817698716663
STU_019598,75.91335035744675
STU_019599,66.36983964986013
STU_019600,98.38520721508723
STU_019601,79.52814312105083
STU_019602,75.37506775959666
STU_019603,93.14649433661847
STU_019604,90.797608021914
STU_019605,75.0641149722219
STU_019606,80.53539769901488
STU_019607,58.31361060917964
STU_019608,77.6238653371015
STU_019609,91.09744240474103
STU_019610,58.96944676242877
STU_019611,67.84882062540908
STU_019612,59.00157548978645
STU_019613,58.87012218454747
STU_019614,62.58529678172647
STU_019615,92.92576186687822
STU_019616,72.57592637917797
STU_019617,75.15975658107546
STU_019618,62.609034863826885
STU_019619,86.98202536342752
STU_019620,76.17886090484532
STU_019621,70.8943894758108
STU_019622,79.36861458230527
STU_019623,72.06478999154442
STU_019624,97.47902959813699
STU_019625,35.86279922840814
STU_019626,87.83367085539746
STU_019627,92.80536943253624
STU_019628,70.40926708358724
STU_019629,79.05615349197812
STU_019630,96.59061852181748
STU_019631,63.52395304516362
STU_019632,95.8736352860337
STU_019633,90.12898179841763
STU_019634,89.37326705673914
STU_019635,77.36738024413984
STU_019636,64.56946049415473
STU_019637,77.93427195976159
STU_019638,64.05206965667341
STU_019639,67.57155674205896
STU_019640,79.08872903302135
STU_019641,93.94631062942058
STU_019642,76.84414729296529
STU_019643,86.36084068693631
STU_019644,71.48732776438803
STU_019645,72.25085523841531
STU_019646,73.62732052698868
STU_019647,78.93908888220093
STU_019648,60.05222517875677
STU_019649,61.22279735660182
STU_019650,73.37004045790752
STU_019651,75.21879027147833
STU_019652,69.82978455116111
STU_019653,67.95793323336153
STU_019654,55.90674619831097
STU_019655,60.31354028882765
STU_019656,49.73574905578886
STU_019657,77.35941679064348
STU_019658,69.62966015977665
STU_019659,75.62660155749194
STU_019660,70.97357796994446
STU_019661,82.97330379039931
STU_019662,66.42627084251968
STU_019663,73.42871771938037
STU_019664,65.69948924143831
STU_019665,87.316292413639
STU_019666,90.24345248574102
STU_019667,73.48980958959302
STU_019668,53.78287533618504
STU_019669,61.682607239220985
STU_019670,83.0275821589187
STU_019671,52.501706951875875
STU_019672,83.64853008133143
STU_019673,73.96493254696475
STU_019674,78.5854789881055
STU_019675,79.42678186279234
STU_019676,79.78340328444786
STU_019677,86.14135879174961
STU_019678,100.0
STU_019679,88.52834663455208
STU_019680,80.93582907978276
STU_019681,92.78379228274073
STU_019682,92.58293930277874
STU_019683,70.15835653079313
STU_019684,68.70049239755987
STU_019685,92.68291414905278
STU_019686,82.52002887636081
STU_019687,66.77564260383494
STU_019688,82.1534468735384
STU_019689,67.55069398174737
STU_019690,78.78537195453512
STU_019691,65.35701291471288
STU_019692,56.103274294781514
STU_019693,98.72722112845139
STU_019694,80.73469946977339
STU_019695,56.763939278110946
STU_019696,65.95889296319794
STU_019697,94.48605301438675
STU_019698,91.46836215745252
STU_019699,84.36111405317794
STU_019700,85.23158979519792
STU_019701,76.3078255956904
STU_019702,74.61101038037022
STU_019703,80.40188859068707
STU_019704,74.84324775493404
STU_019705,60.7985852253377
STU_019706,90.21451200171288
STU_019707,62.03430184185207
STU_019708,79.05898536690556
STU_019709,71.52268934177238
STU_019710,63.14736157891804
STU_019711,96.90598973543206
STU_019712,49.21732284472033
STU_019713,92.77046260992572
STU_019714,63.70699997437022
STU_019715,87.44204721802626
STU_019716,85.19239071249885
STU_019717,95.91868933919065
STU_019718,71.80782008256517
STU_019719,95.36318337974723
STU_019720,94.21584975992343
STU_019721,56.38413460316114
STU_019722,74.67490711925299
STU_019723,81.0194424311722
STU_019724,72.58909596870951
STU_019725,85.6433435122985
STU_019726,60.960865978409885
STU_019727,89.36468980097607
STU_019728,77.21299528539686
STU_019729,71.79644510760704
STU_019730,72.77465964425924
STU_019731,62.03818007872317
STU_019732,88.7206433216904
STU_019733,75.87538017200824
STU_019734,74.28055569002018
STU_019735,83.16803827576342
STU_019736,99.37824498297103
STU_019737,96.21998862036962
STU_019738,89.7635864748562
STU_019739,68.42473139116433
STU_019740,73.44093390074767
STU_019741,100.0
STU_019742,72.96695807186308
STU_019743,82.10163438487058
STU_019744,74.83008363745023
STU_019745,84.81108185290995
STU_019746,95.14961662795169
STU_019747,76.98483653155265
STU_019748,58.92189567764956
STU_019749,65.47166235007194
STU_019750,72.92347276873267
STU_019751,72.40639751752516
STU_019752,61.85194770210147
STU_019753,88.69665975970631
STU_019754,69.29887790015604
STU_019755,81.01430054250343
STU_019756,54.896504281217574
STU_019757,88.01165432559321
STU_019758,58.41013325096536
STU_019759,76.21672574394708
STU_019760,80.8287227044374
STU_019761,66.69355924985936
STU_019762,88.83425927792845
STU_019763,71.50899485799965
STU_019764,62.50416962991575
STU_019765,89.55570692841846
STU_019766,67.11069816173071
STU_019767,50.770195374199375
STU_019768,80.48669830485835
STU_019769,66.50500988700227
STU_019770,78.39416718387511
STU_019771,94.06165519871676
STU_019772,67.98707116265223
STU_019773,89.8786293253421
STU_019774,51.79882682425819
STU_019775,85.76290926228052
STU_019776,61.97966543614056
STU_019777,71.92946345705687
STU_019778,72.04213718911114
STU_019779,77.82713042914835
STU_019780,85.16788501156887
STU_019781,55.15161385528971
STU_019782,74.34984464260486
STU_019783,62.05183651758955
STU_019784,79.56424376207845
STU_019785,77.13873353870895
STU_019786,54.19858546210917
STU_019787,74.16224396995938
STU_019788,77.92370755385716
STU_019789,79.92255146605012
STU_019790,65.47112523173625
STU_019791,50.97910604491817
STU_019792,80.67346766504681
STU_019793,64.07310167041416
STU_019794,85.62112500250362
STU_019795,73.52456425010352
STU_019796,83.52054071065493
STU_019797,45.98365407266654
STU_019798,93.44443833945495
STU_019799,76.68417574098686
STU_019800,54.089976864338965
STU_019801,77.27007982189457
STU_019802,94.16555173804507
STU_019803,66.95490002262409
STU_019804,76.99167301096108
STU_019805,69.77287638869397
STU_019806,62.37670393149648
STU_019807,60.37454939668683
STU_019808,65.32707581464098
STU_019809,91.20966591996864
STU_019810,65.64642900884803
STU_019811,65.60490396602678
STU_019812,85.4829969144542
STU_019813,73.31910645381247
STU_019814,81.8408863404894
STU_019815,84.6923961372413
STU_019816,75.51877864655953
STU_019817,94.01902162867745
STU_019818,70.16389905876511
STU_019819,96.16383922579953
STU_019820,59.43955028073272
STU_019821,84.63369465002638
STU_019822,63.686489522569204
STU_019823,80.42184513270855
STU_019824,99.71689444329674
STU_019825,79.32738794997786
STU_019826,84.32205685952124
STU_019827,82.02799606222749
STU_019828,82.52251695976999
STU_019829,72.79621553997018
STU_019830,95.03910772855137
STU_019831,87.2116489929937
STU_019832,92.7609002723129
STU_019833,73.11915826785139
STU_019834,73.1438664186012
STU_019835,64.61576487483414
STU_019836,84.39277176077232
STU_019837,73.8098726453766
STU_019838,79.59800087167508
STU_019839,83.19137724955901
STU_019840,65.64282413759477
STU_019841,64.61664991019411
STU_019842,76.55952963097855
STU_019843,65.65379482097902
STU_019844,74.35308310036996
STU_019845,74.30325689764523
STU_019846,97.34665314626623
STU_019847,100.0
STU_019848,69.08541022177026
STU_019849,93.49893854769715
STU_019850,78.4888060895921
STU_019851,98.47633981869117
STU_019852,63.44830191902517
STU_019853,89.38013668630511
STU_019854,79.24142314729825
STU_019855,79.71140159047398
STU_019856,69.72488848270669
STU_019857,81.37610575164577
STU_019858,98.24181667952337
STU_019859,93.85829882206446
STU_019860,85.58400906475087
STU_019861,64.00646081190295
STU_019862,67.800828956928
STU_019863,76.1561675913105
STU_019864,78.75899034530222
STU_019865,91.35860574574278
STU_019866,89.7521298055289
STU_019867,76.05473486905169
STU_019868,79.36045916534934
STU_019869,71.69208808724203
STU_019870,74.54394030582024
STU_019871,92.6797018434129
STU_019872,100.0
STU_019873,77.70220654418968
STU_019874,53.015603723966485
STU_019875,78.46677478147117
STU_019876,97.80880579453722
STU_019877,62.98626669317221
STU_019878,61.73693805074822
STU_019879,92.45259112204303
STU_019880,54.348682505386755
STU_019881,70.9902077976614
STU_019882,94.62182761823458
STU_019883,59.49285774251591
STU_019884,69.78549629801724
STU_019885,82.0365747339324
STU_019886,72.70666852941261
STU_019887,100.0
STU_019888,58.58679546163502
STU_019889,84.4825192327019
STU_019890,77.22059994280198
STU_019891,74.94908046456959
STU_019892,66.97954634819378
STU_019893,95.01850214392532
STU_019894,62.81310356324377
STU_019895,75.62922998725823
STU_019896,79.9066150259706
STU_019897,75.51703276044826
STU_019898,72.14384412548684
STU_019899,81.33965219729299
STU_019900,79.2488361855613
STU_019901,72.22927350682241
STU_019902,75.77258479247273
STU_019903,83.93979637848652
STU_019904,67.61264114059722
STU_019905,77.61066258438444
STU_019906,72.15204704958661
STU_019907,59.639763942504665
STU_019908,52.50222280531659
STU_019909,62.70907014943941
STU_019910,95.50591487914872
STU_019911,100.0
STU_019912,65.9919630590823
STU_019913,80.29825271118276
STU_019914,60.70347311441596
STU_019915,78.5603427537854
STU_019916,65.74303311236731
STU_019917,64.86652846936558
STU_019918,95.40354586942784
STU_019919,68.76556716313034
STU_019920,91.77334237948338
STU_019921,70.62371310129168
STU_019922,97.26978780754669
STU_019923,60.41435819749361
STU_019924,98.10963278135716
STU_019925,84.78976072872716
STU_019926,66.33354186352938
STU_019927,82.54206804069894
STU_019928,80.15133481862728
STU_019929,86.82797301337824
STU_019930,67.5341033535678
STU_019931,97.46437896040467
STU_019932,82.88504561682628
STU_019933,60.86232329444178
STU_019934,88.03505851742133
STU_019935,52.612538483584224
STU_019936,91.68990194946537
STU_019937,82.36842722050073
STU_019938,69.99627013128598
STU_019939,87.32893055319778
STU_019940,87.5221358608113
STU_019941,71.37607919838408
STU_019942,73.41659786065803
STU_019943,83.13876322339692
STU_019944,96.40842509265923
STU_019945,82.3676047188395
STU_019946,90.49454412230389
STU_019947,71.44084663789161
STU_019948,81.14073369268871
STU_019949,75.78487116195006
STU_019950,69.47351803822535
STU_019951,71.45623421827463
STU_019952,58.62008331440775
STU_019953,69.06990710891867
STU_019954,80.84988158425148
STU_019955,71.10449696043152
STU_019956,59.207692924455316
STU_019957,76.98710435829673
STU_019958,78.00554209161176
STU_019959,77.97130625623143
STU_019960,64.4696492985027
STU_019961,73.24149871754204
STU_019962,77.40207280110786
STU_019963,59.85039443164507
STU_019964,68.63398602570719
STU_019965,65.32551405939736
STU_019966,83.7666838240203
STU_019967,96.13374601729454
STU_019968,73.2498935361127
STU_019969,53.877343368049104
STU_019970,92.21359998882774
STU_019971,90.03300911914681
STU_019972,71.31798382429363
STU_019973,75.88762645683047
STU_019974,86.67478769224863
STU_019975,72.26980314564207
STU_019976,75.49191475195892
STU_019977,67.04010589070242
STU_019978,55.900571593758855
STU_019979,55.158287470904526
STU_019980,59.348846756844395
STU_019981,100.0
STU_019982,71.11375265862324
STU_019983,87.10848736916759
STU_019984,94.39298543250675
STU_019985,82.22378284549946
STU_019986,94.34917652755823
STU_019987,82.22139881644324
STU_019988,69.08782956882274
STU_019989,68.9149214718639
STU_019990,78.74548730425973
STU_019991,78.91365126785732
STU_019992,85.79534741623966
STU_019993,84.60329773438772
STU_019994,52.82189928397776
STU_019995,77.22316357225789
STU_019996,61.24178727436501
STU_019997,84.95958632247878
STU_019998,55.24796246964155
STU_019999,90.52585723615957
STU_020000,74.38383918773158
