student_id,career_success_score
STU_010001,56.442129390133076
STU_010002,74.72523342272373
STU_010003,76.51380183213142
STU_010004,97.07998904993102
STU_010005,77.06402044396219
STU_010006,74.381018130851
STU_010007,75.78140424111571
STU_010008,75.74527427615867
STU_010009,70.33524843876066
STU_010010,59.63856725259805
STU_010011,94.60074380676409
STU_010012,77.08172056553492
STU_010013,82.67543957607404
STU_010014,91.21114389352687
STU_010015,51.16448353787726
STU_010016,71.51614666039855
STU_010017,61.43628306010882
STU_010018,59.567497156029866
STU_010019,89.96004110889334
STU_010020,69.4327572476079
STU_010021,85.2686322321724
STU_010022,95.90588974705028
STU_010023,89.8127660218102
STU_010024,65.17924044984589
STU_010025,79.74880186694806
STU_010026,90.39142394197381
STU_010027,77.5003927752522
STU_010028,85.89749616855597
STU_010029,96.38267704783621
STU_010030,62.967124188954585
STU_010031,63.69037883150651
STU_010032,92.14928333078953
STU_010033,58.00522235153722
STU_010034,89.43507688280187
STU_010035,78.97723226719523
STU_010036,64.97224219683054
STU_010037,68.1869428206946
STU_010038,91.44560886879377
STU_010039,64.3965831901837
STU_010040,81.54367720939169
STU_010041,85.02247990707257
STU_010042,61.98944661351626
STU_010043,81.77353509123897
STU_010044,74.53338809389345
STU_010045,81.21136464569514
STU_010046,57.097605186294075
STU_010047,69.45199740237332
STU_010048,81.88949028803
STU_010049,51.66599371465702
STU_010050,62.17058038100602
STU_010051,75.8223556417229
STU_010052,65.48055510954366
STU_010053,62.425770580106224
STU_010054,68.32704097500876
STU_010055,66.61987070569029
STU_010056,63.138057758177276
STU_010057,63.79291398508015
STU_010058,97.95559446809266
STU_010059,87.1721550000015
STU_010060,71.64109537556928
STU_010061,41.97456188828965
STU_010062,79.39737660726547
STU_010063,69.93524296163214
STU_010064,88.96228860095573
STU_010065,57.1696045949319
STU_010066,61.46577637057592
STU_010067,93.6474407949182
STU_010068,59.98039250833969
STU_010069,67.74534255892141
STU_010070,70.35419176374
STU_010071,95.09830541566721
STU_010072,69.15783481017316
STU_010073,92.45587779547671
STU_010074,57.88343712115381
STU_010075,75.20811284104562
STU_010076,95.00001917285763
STU_010077,88.23195258791814
STU_010078,83.9279869196399
STU_010079,77.62805885172278
STU_010080,79.74778809710698
STU_010081,61.322943836543764
STU_010082,75.50619416737908
STU_010083,77.87107332306593
STU_010084,79.22358990088088
STU_010085,74.23848706679222
STU_010086,81.74931596695052
STU_010087,71.21980817366442
STU_010088,64.4821187517969
STU_010089,83.1216579110162
STU_010090,81.08963032628583
STU_010091,57.5268266040451
STU_010092,69.88747141802547
STU_010093,64.11915523554168
STU_010094,89.7482978190069
STU_010095,56.10871059585115
STU_010096,80.44558831025765
STU_010097,67.33985867921047
STU_010098,84.00272055242134
STU_010099,66.44527372636351
STU_010100,72.30476647716687
STU_010101,79.36085567321894
STU_010102,65.26415557304095
STU_010103,91.12377481345212
STU_010104,53.67394183723317
STU_010105,96.89270326928948
STU_010106,52.00327709885799
STU_010107,76.99020826381309
STU_010108,80.93536425768063
STU_010109,67.94883164360593
STU_010110,79.90529610070789
STU_010111,91.56194972858401
STU_010112,80.10176053207391
STU_010113,74.55224505626396
STU_010114,84.47476659760201
STU_010115,77.89115730748384
STU_010116,91.98667069174854
STU_010117,75.97437872735618
STU_010118,93.88858541193898
STU_010119,68.84974304049794
STU_010120,71.28405577688693
STU_010121,79.42927231468838
STU_010122,80.4944121514376
STU_010123,87.50901854737069
STU_010124,73.29467991810448
STU_010125,82.3123851726464
STU_010126,67.25793408917527
STU_010127,60.24342594296937
STU_010128,91.93493390465676
STU_010129,82.47528415023716
STU_010130,74.99296051970236
STU_010131,62.5955265963411
STU_010132,72.4512601713845
STU_010133,70.69065766011258
STU_010134,70.53768784914638
STU_010135,47.668467433845095
STU_010136,72.7681304892116
STU_010137,59.00057291144753
STU_010138,77.29542231524653
STU_010139,80.82565799766301
STU_010140,87.36274012718206
STU_010141,60.9962136768667
STU_010142,82.882901686507
STU_010143,76.41428920253834
STU_010144,76.5563746795958
STU_010145,90.75059972858274
STU_010146,79.21828866585847
STU_010147,55.59145937373957
STU_010148,54.90302136529935
STU_010149,61.062430869921386
STU_010150,89.21550765363385
STU_010151,71.3032971437203
STU_010152,80.63286143631412
STU_010153,71.7442253252674
STU_010154,78.01641367316157
STU_010155,64.35171239009216
STU_010156,91.26894137834165
STU_010157,100.0
STU_010158,69.15174923720987
STU_010159,85.49457703418562
STU_010160,68.08466809932382
STU_010161,92.01082425218046
STU_010162,100.0
STU_010163,78.3306810848625
STU_010164,71.68582088783542
STU_010165,74.76095800127624
STU_010166,88.84556293448364
STU_010167,82.79849292489732
STU_010168,76.6619477108336
STU_010169,69.2945397906561
STU_010170,87.58975833140414
STU_010171,69.67190130854314
STU_010172,100.0
STU_010173,67.55739611042983
STU_010174,75.48472788975491
STU_010175,78.18729583636723
STU_010176,68.45222014199871
STU_010177,92.80819837255339
STU_010178,81.38432341004244
STU_010179,80.32855707456793
STU_010180,75.04501088277539
STU_010181,76.02016774592263
STU_010182,73.72652806338547
STU_010183,77.06260547421583
STU_010184,81.9634164033171
STU_010185,64.54240977985145
STU_010186,87.80536701371508
STU_010187,67.14030803384682
STU_010188,91.58323749332688
STU_010189,72.49906721351029
STU_010190,57.17433384987429
STU_010191,47.26782691689647
STU_010192,87.63830372155186
STU_010193,60.77947698228421
STU_010194,82.94245910675582
STU_010195,87.49426421183851
STU_010196,69.43270148378778
STU_010197,75.63276847253135
STU_010198,85.69789596585376
STU_010199,96.69828810775473
STU_010200,71.64534888287133
STU_010201,98.91144590703
STU_010202,78.44459703666001
STU_010203,71.88533935836986
STU_010204,94.54864373577047
STU_010205,81.90448361823951
STU_010206,92.35460303854929
STU_010207,50.73742221317597
STU_010208,72.34020587366362
STU_010209,67.75932899060358
STU_010210,89.38555531710867
STU_010211,74.04786098567077
STU_010212,92.46654221796192
STU_010213,90.83801362980611
STU_010214,67.39102312331198
STU_010215,72.05680535370053
STU_010216,59.93794998959022
STU_010217,82.24089383364469
STU_010218,57.98137664415408
STU_010219,85.10522208728081
STU_010220,68.95252765270237
STU_010221,81.09668141630982
STU_010222,58.563475478470906
STU_010223,79.4990191196101
STU_010224,99.62404674335463
STU_010225,61.735145682318304
STU_010226,85.17668659353828
STU_010227,58.63755386505032
STU_010228,87.89790230767403
STU_010229,76.09167196560233
STU_010230,63.15986025986933
STU_010231,54.48325764967271
STU_010232,93.37231402083802
STU_010233,61.91330315873071
STU_010234,83.73355601438558
STU_010235,49.07971732836196
STU_010236,91.59930276193911
STU_010237,82.18765140887248
STU_010238,72.7978377964379
STU_010239,50.79111485617887
STU_010240,71.86619052269182
STU_010241,80.41837486569892
STU_010242,78.3251018418737
STU_010243,66.76838994386526
STU_010244,88.8930675710537
STU_010245,58.963146804996555
STU_010246,49.08741257996674
STU_010247,94.43668431272528
STU_010248,86.47919465603658
STU_010249,69.00294211723536
STU_010250,97.90674110585385
STU_010251,73.1757809278209
STU_010252,100.0
STU_010253,60.77545140922081
STU_010254,95.82487414477943
STU_010255,70.63531742893397
STU_010256,60.14972709782158
STU_010257,75.90990742317564
STU_010258,83.9371740530207
STU_010259,76.85022374175207
STU_010260,62.02870566608367
STU_010261,62.40724748927474
STU_010262,56.58554812220274
STU_010263,60.584428413413676
STU_010264,100.0
STU_010265,71.06334782167016
STU_010266,79.5619454396719
STU_010267,63.67986049658018
STU_010268,83.71043849911753
STU_010269,76.60703169372806
STU_010270,89.78778310221347
STU_010271,86.40945250674197
STU_010272,63.2281566186189
STU_010273,82.96530601065888
STU_010274,63.91612475992356
STU_010275,89.14934815685314
STU_010276,62.8361025292314
STU_010277,80.53965826146583
STU_010278,81.74395923371662
STU_010279,65.50234987951639
STU_010280,65.921683351073
STU_010281,59.853886540827844
STU_010282,67.1010013932853
STU_010283,81.83370347674014
STU_010284,65.14648388619372
STU_010285,57.61677640840868
STU_010286,80.53067558405343
STU_010287,91.80524195603246
STU_010288,61.16414719449461
STU_010289,54.94149849636779
STU_010290,79.59699507821122
STU_010291,48.565949525138194
STU_010292,86.49690035161827
STU_010293,66.7292696908709
STU_010294,59.49396977359022
STU_010295,66.23494104157294
STU_010296,79.99908785671926
STU_010297,86.09397784355518
STU_010298,95.22882333516769
STU_010299,89.61638314655923
STU_010300,58.81434435147141
STU_010301,78.71117131471256
STU_010302,80.36282302036466
STU_010303,73.9247343481964
STU_010304,59.56728698795277
STU_010305,85.97020459218294
STU_010306,64.04698116222332
STU_010307,66.16898437361696
STU_010308,73.42170942763227
STU_010309,70.40363904194545
STU_010310,58.09077654216754
STU_010311,65.35958968651771
STU_010312,76.94222655380744
STU_010313,74.67810791793592
STU_010314,84.17072884742203
STU_010315,85.87850310198975
STU_010316,91.68396492898303
STU_010317,89.50303883908093
STU_010318,71.52246502559021
STU_010319,87.91347067871241
STU_010320,96.90208612179907
STU_010321,68.06829695992701
STU_010322,92.83981883607701
STU_010323,73.1995841919026
STU_010324,93.71049124054808
STU_010325,90.31097774219714
STU_010326,79.2534784382315
STU_010327,65.37917306568727
STU_010328,82.72309436774256
STU_010329,89.54318811582101
STU_010330,81.31455721704927
STU_010331,96.96697689177333
STU_010332,64.00120531643505
STU_010333,100.0
STU_010334,68.71054706264655
STU_010335,96.69819526123611
STU_010336,56.07268020058255
STU_010337,62.362632762260745
STU_010338,79.86311161367735
STU_010339,79.95635814736701
STU_010340,62.49339753791319
STU_010341,95.91266786269189
STU_010342,60.92831619909167
STU_010343,61.363230658282326
STU_010344,78.1161911833901
STU_010345,85.36140535588093
STU_010346,88.22486395295849
STU_010347,52.69723566046379
STU_010348,59.47829646437265
STU_010349,83.82759637478384
STU_010350,84.67545494112244
STU_010351,69.47431949545745
STU_010352,73.78002121490864
STU_010353,93.12419444704275
STU_010354,70.48153834418571
STU_010355,72.78933652786648
STU_010356,87.46582464148909
STU_010357,91.64646305172207
STU_010358,74.44681650523522
STU_010359,65.01925680615452
STU_010360,68.43217195294878
STU_010361,97.53918041731255
STU_010362,74.78897240482172
STU_010363,77.38557743381828
STU_010364,96.37983897382928
STU_010365,83.35067717441738
STU_010366,93.81337224441153
STU_010367,70.55364521973912
STU_010368,65.2999591109168
STU_010369,87.28050698711598
STU_010370,80.40816880724853
STU_010371,67.64009905036934
STU_010372,79.97825601223238
STU_010373,69.87179637750216
STU_010374,81.32887891613888
STU_010375,97.978951402689
STU_010376,50.195461948219744
STU_010377,78.863646555631
STU_010378,77.88586276540974
STU_010379,66.04373204014283
STU_010380,64.14149318967509
STU_010381,72.62603035825566
STU_010382,89.42095367272596
STU_010383,79.71542570059555
STU_010384,92.21250594987104
STU_010385,77.63541717574405
STU_010386,63.38486444773717
STU_010387,59.62692158521777
STU_010388,96.63794854439163
STU_010389,74.7528754500888
STU_010390,55.76323058729651
STU_010391,61.55474159135541
STU_010392,76.88695942157143
STU_010393,81.39997111524798
STU_010394,74.98042690253274
STU_010395,73.79138227866918
STU_010396,77.71313239068358
STU_010397,85.89083209898126
STU_010398,85.35031316899378
STU_010399,58.78520125682951
STU_010400,72.01999603800624
STU_010401,50.39039985010173
STU_010402,72.99083957380256
STU_010403,78.12773263319461
STU_010404,88.39577640116481
STU_010405,82.93496077599256
STU_010406,75.43704632664293
STU_010407,91.67110146820724
STU_010408,65.02294190154916
STU_010409,95.22352802205693
STU_010410,65.77625827981653
STU_010411,88.81595075945438
STU_010412,97.19630388729554
STU_010413,83.140935170083
STU_010414,84.53802126029794
STU_010415,87.14620323792293
STU_010416,83.90867204228147
STU_010417,99.01614768334801
STU_010418,69.80464967208154
STU_010419,94.75190442221287
STU_010420,87.03498143028453
STU_010421,84.4582377228871
STU_010422,74.89987442762946
STU_010423,75.07940206713687
STU_010424,52.37582408782709
STU_010425,57.70727577197685
STU_010426,75.62809680601362
STU_010427,62.553005316945445
STU_010428,71.63054749176402
STU_010429,53.90267230787147
STU_010430,88.88916668737573
STU_010431,51.064784294293915
STU_010432,76.2874548719065
STU_010433,71.6481205177853
STU_010434,90.54468407728297
STU_010435,59.71814536133775
STU_010436,81.8961656333822
STU_010437,51.92113445397765
STU_010438,100.0
STU_010439,68.02460586712593
STU_010440,87.1332601654534
STU_010441,53.95337558457449
STU_010442,73.51665335772233
STU_010443,82.1183250996445
STU_010444,65.47454322991716
STU_010445,72.76104559849114
STU_010446,45.58838655450419
STU_010447,76.77629086078596
STU_010448,75.04680557147636
STU_010449,72.38085128237218
STU_010450,63.28066475972207
STU_010451,91.62698136567833
STU_010452,83.12128749204778
STU_010453,72.66559208204032
STU_010454,69.19543282071146
STU_010455,48.9812881090473
STU_010456,80.17801377227478
STU_010457,73.65721382040007
STU_010458,82.50782489098432
STU_010459,77.29969916088021
STU_010460,69.60383892903788
STU_010461,73.29601361570487
STU_010462,59.19510682518484
STU_010463,88.04364975299677
STU_010464,86.33823931380854
STU_010465,56.62119525552931
STU_010466,66.14791286357148
STU_010467,82.55967660444863
STU_010468,71.01790444947079
STU_010469,79.0841142394453
STU_010470,71.974134945532
STU_010471,97.28590671769159
STU_010472,55.5000439580292
STU_010473,83.13120272211096
STU_010474,85.59947734676646
STU_010475,79.48846869090804
STU_010476,61.281107067177885
STU_010477,71.26570431304238
STU_010478,91.84091960376898
STU_010479,61.51322388681978
STU_010480,72.3671338571497
STU_010481,63.87900657414812
STU_010482,76.35245172143277
STU_010483,90.24395298952143
STU_010484,75.9997068089483
STU_010485,49.429359412524136
STU_010486,72.95319480177706
STU_010487,92.60214454787763
STU_010488,81.13382915235024
STU_010489,80.50076767467525
STU_010490,81.16639822120653
STU_010491,73.12194079772345
STU_010492,73.2843279750198
STU_010493,74.6378741836639
STU_010494,60.700571274873944
STU_010495,42.8693842664254
STU_010496,96.36932760440958
STU_010497,62.0072753945237
STU_010498,71.82543233282657
STU_010499,69.9179404855673
STU_010500,73.09964229724362
STU_010501,77.74775471744428
STU_010502,66.51128719759109
STU_010503,79.5142395664091
STU_010504,68.77184374915478
STU_010505,60.014240705577734
STU_010506,87.92089456305709
STU_010507,67.9063186871864
STU_010508,60.3381702293741
STU_010509,76.28219577372911
STU_010510,51.2881368351607
STU_010511,60.37050234497942
STU_010512,72.74693564181689
STU_010513,87.3451568511553
STU_010514,74.10590217237045
STU_010515,88.90892712819836
STU_010516,80.48673329965263
STU_010517,97.82068818936091
STU_010518,51.55705805898009
STU_010519,84.4502439810785
STU_010520,86.63002457969105
STU_010521,98.63355608579428
STU_010522,76.24903344875524
STU_010523,77.44127578831856
STU_010524,88.285833934093
STU_010525,69.71698003605343
STU_010526,56.9967150093227
STU_010527,83.11005279911654
STU_010528,82.9208886185746
STU_010529,51.35430608391928
STU_010530,74.30175339580302
STU_010531,67.39348397021682
STU_010532,60.78307301358084
STU_010533,83.34201573708162
STU_010534,78.57454895484433
STU_010535,89.64871083560159
STU_010536,75.70785694830464
STU_010537,78.22257773141796
STU_010538,79.1034104779591
STU_010539,61.78124660027791
STU_010540,49.04935020766506
STU_010541,85.02236513418846
STU_010542,100.0
STU_010543,80.01273687823829
STU_010544,72.00456072131348
STU_010545,79.38730258819479
STU_010546,71.53892071133261
STU_010547,76.3276472183704
STU_010548,100.0
STU_010549,66.58830363019754
STU_010550,78.98303546751679
STU_010551,59.45504943302833
STU_010552,97.70720513797195
STU_010553,94.88038147352613
STU_010554,87.65413126556274
STU_010555,76.9713162732598
STU_010556,64.76368556974174
STU_010557,75.39642027450284
STU_010558,73.61123417860493
STU_010559,75.37286548830639
STU_010560,75.64986672366867
STU_010561,96.92334060469531
STU_010562,59.30377971426101
STU_010563,65.73842791423544
STU_010564,61.080332474202145
STU_010565,90.84952596011334
STU_010566,63.43163630831462
STU_010567,68.84796663114379
STU_010568,78.10275647598631
STU_010569,96.81630873237954
STU_010570,56.3061784967025
STU_010571,92.25625327507814
STU_010572,71.65558360510857
STU_010573,95.26232889498117
STU_010574,71.5370921178128
STU_010575,66.73181879987891
STU_010576,52.82838276021113
STU_010577,66.1933213858589
STU_010578,69.76983664627795
STU_010579,84.82105726358299
STU_010580,63.75166085877008
STU_010581,50.07719907419652
STU_010582,79.39586503211443
STU_010583,76.57937878855465
STU_010584,92.38188587862041
STU_010585,79.5046843274435
STU_010586,99.80304371533802
STU_010587,71.26448825465103
STU_010588,74.03054854612115
STU_010589,98.62947798416549
STU_010590,86.31553222105995
STU_010591,72.61208342072275
STU_010592,94.74644791180896
STU_010593,82.96206558404043
STU_010594,54.543071924962106
STU_010595,78.0543218011622
STU_010596,74.99589546143517
STU_010597,60.90708008450996
STU_010598,90.42967437783794
STU_010599,65.51290062288659
STU_010600,69.68751034139618
STU_010601,79.53309378341626
STU_010602,69.50623095786096
STU_010603,81.13823511296475
STU_010604,76.29935575126976
STU_010605,65.07934212888335
STU_010606,94.2979879152256
STU_010607,83.88743839736605
STU_010608,66.02025774086943
STU_010609,77.56042759615703
STU_010610,76.47697521315763
STU_010611,84.09388514697908
STU_010612,62.54184967972259
STU_010613,91.97210833745544
STU_010614,100.0
STU_010615,90.51772416741282
STU_010616,87.50623011274038
STU_010617,59.13097417386825
STU_010618,81.11577570576969
STU_010619,99.98399822277804
STU_010620,65.78069376831007
STU_010621,69.02038216042033
STU_010622,58.458060705604964
STU_010623,90.55248519073515
STU_010624,59.94906750994764
STU_010625,69.52903836389106
STU_010626,91.08421138303538
STU_010627,93.26860674211242
STU_010628,59.9415381385337
STU_010629,84.721185324169
STU_010630,77.87811287477453
STU_010631,95.51207792647233
STU_010632,64.73470831354281
STU_010633,73.95111728963718
STU_010634,76.98775862075219
STU_010635,61.52904647806249
STU_010636,80.79130322420419
STU_010637,65.10492633761424
STU_010638,77.05343354786349
STU_010639,67.88786216748535
STU_010640,58.850392171002454
STU_010641,65.2634149737468
STU_010642,96.70755526847206
STU_010643,85.82866373314837
STU_010644,74.76201308406654
STU_010645,79.24442452425967
STU_010646,95.78594240679712
STU_010647,66.46023304763543
STU_010648,71.8123127147247
STU_010649,72.06718179908977
STU_010650,85.99922253832781
STU_010651,78.8687294387859
STU_010652,67.03442107341064
STU_010653,88.30603077787434
STU_010654,87.89929527881353
STU_010655,86.46161979327968
STU_010656,78.0382740456847
STU_010657,80.02233298303878
STU_010658,73.25616564342295
STU_010659,94.72186385690803
STU_010660,92.67368127514179
STU_010661,69.95586695506451
STU_010662,93.00684452514813
STU_010663,68.92892617826442
STU_010664,74.09017747859342
STU_010665,62.9677819568279
STU_010666,96.24693616578838
STU_010667,90.54818076969829
STU_010668,68.03523846805626
STU_010669,75.90624694150273
STU_010670,87.10347856201932
STU_010671,64.94500444147484
STU_010672,57.907640673151114
STU_010673,88.32514769472837
STU_010674,98.57926132617666
STU_010675,94.93642238730057
STU_010676,81.97784672460668
STU_010677,74.6930919233861
STU_010678,76.80740027198304
STU_010679,68.67252654363095
STU_010680,91.71302632364943
STU_010681,82.8111143626561
STU_010682,50.448397412399494
STU_010683,70.34764447630073
STU_010684,74.92313117276623
STU_010685,81.86599410544633
STU_010686,78.27019784153063
STU_010687,62.811678019737656
STU_010688,96.76662212433357
STU_010689,85.71045061582198
STU_010690,100.0
STU_010691,76.1314851406976
STU_010692,87.8997461681914
STU_010693,71.34387789226957
STU_010694,67.05958510264327
STU_010695,61.8353322360837
STU_010696,52.38395705353801
STU_010697,73.20491238338448
STU_010698,90.60987178225434
STU_010699,81.92534117916632
STU_010700,88.95909824327362
STU_010701,86.61333606429099
STU_010702,68.84125845049701
STU_010703,97.38246959909755
STU_010704,100.0
STU_010705,81.02192169133963
STU_010706,92.87579205098196
STU_010707,75.06998492816784
STU_010708,78.05103969775521
STU_010709,68.9574213314653
STU_010710,60.743713847026186
STU_010711,99.19144090472795
STU_010712,52.29868860109414
STU_010713,88.55001192424774
STU_010714,65.8174427283151
STU_010715,80.79786548558451
STU_010716,52.25141704086718
STU_010717,84.22125652785869
STU_010718,76.53074539840999
STU_010719,80.78527669257704
STU_010720,50.942661136689914
STU_010721,67.49696830136936
STU_010722,100.0
STU_010723,69.21623832240775
STU_010724,83.84735310146814
STU_010725,66.12318146337103
STU_010726,65.62682212476378
STU_010727,52.33679090712109
STU_010728,71.63447530661355
STU_010729,93.69102615022146
STU_010730,94.49369584336515
STU_010731,70.11339910272486
STU_010732,75.80578688993796
STU_010733,97.24289033781429
STU_010734,81.83441313648285
STU_010735,69.01446943940468
STU_010736,68.48755960645093
STU_010737,67.75487320202214
STU_010738,69.83887974538922
STU_010739,70.96009959074388
STU_010740,67.38764799001922
STU_010741,85.42096194112075
STU_010742,64.22036767434284
STU_010743,97.37573491244316
STU_010744,76.66945650681902
STU_010745,62.743215685752794
STU_010746,70.58376785415172
STU_010747,85.82848857020338
STU_010748,72.85381604630078
STU_010749,87.28614334503834
STU_010750,77.26384679320164
STU_010751,71.5470318970567
STU_010752,66.79422414923664
STU_010753,75.12986855732535
STU_010754,85.16754553954493
STU_010755,62.31217294622181
STU_010756,91.87139188509848
STU_010757,56.88005737960006
STU_010758,81.79164395892319
STU_010759,90.72282412736442
STU_010760,79.00061790822656
STU_010761,73.05552658673234
STU_010762,74.51504540062696
STU_010763,63.18305824549772
STU_010764,55.34270462029336
STU_010765,82.51894153593801
STU_010766,61.572122712233664
STU_010767,69.75397119336589
STU_010768,55.04622521104136
STU_010769,88.7519990472166
STU_010770,70.28457091900923
STU_010771,50.50569538258986
STU_010772,69.14169285437654
STU_010773,89.0805314731695
STU_010774,82.83127458418345
STU_010775,91.60916930313509
STU_010776,43.65825509250463
STU_010777,77.31272258915385
STU_010778,57.21505916618534
STU_010779,63.014625537737466
STU_010780,79.4964979665902
STU_010781,76.62951072756833
STU_010782,82.51296735238266
STU_010783,51.71283461832008
STU_010784,70.45356200290784
STU_010785,78.42097993423329
STU_010786,86.0229478694738
STU_010787,70.23578344339292
STU_010788,69.06827910033438
STU_010789,96.6416135372909
STU_010790,62.89494750538222
STU_010791,59.41793533995595
STU_010792,94.45005653525168
STU_010793,82.35217251524065
STU_010794,57.1515843260478
STU_010795,78.41990952644892
STU_010796,80.49844313134787
STU_010797,57.89102361261007
STU_010798,63.059051003616716
STU_010799,84.57932492956206
STU_010800,64.93287275969453
STU_010801,65.16923915399295
STU_010802,80.54019534257299
STU_010803,74.63200326170413
STU_010804,53.976405975033614
STU_010805,69.75024571101949
STU_010806,81.72619862753191
STU_010807,93.7682382208101
STU_010808,67.20262481481211
STU_010809,100.0
STU_010810,84.64787778001704
STU_010811,72.68046651797933
STU_010812,80.24850138904941
STU_010813,91.28064435050051
STU_010814,69.95233526709256
STU_010815,87.64953536563692
STU_010816,100.0
STU_010817,86.20636432559905
STU_010818,85.21052618755596
STU_010819,79.46690499965784
STU_010820,93.88279721410777
STU_010821,97.46626007320265
STU_010822,60.361698184580945
STU_010823,90.29986010843677
STU_010824,91.63949046315574
STU_010825,81.24567125780518
STU_010826,81.38021108805592
STU_010827,57.49529902619828
STU_010828,71.45446095622238
STU_010829,75.18823789800456
STU_010830,77.60743676336836
STU_010831,89.70257485407227
STU_010832,96.74813852101093
STU_010833,82.32226954535443
STU_010834,68.93541433034835
STU_010835,78.94569540269887
STU_010836,85.61468970266036
STU_010837,81.23730264887874
STU_010838,91.41524368544748
STU_010839,70.6684257541412
STU_010840,78.29545935153669
STU_010841,86.9346281967372
STU_010842,88.08541405904562
STU_010843,74.57976907538168
STU_010844,52.69628464440831
STU_010845,89.09932615944298
STU_010846,79.40749841334637
STU_010847,99.57153208606806
STU_010848,72.16124549442378
STU_010849,76.58852282823496
STU_010850,59.84799068205541
STU_010851,94.28472586695943
STU_010852,64.93317943945338
STU_010853,87.35323060403461
STU_010854,88.84936217325775
STU_010855,63.39328115886353
STU_010856,57.08549806602126
STU_010857,64.372808387713
STU_010858,53.55112819238799
STU_010859,67.21207682805532
STU_010860,89.9334843458143
STU_010861,76.46475303183175
STU_010862,65.70304621613283
STU_010863,80.30079270047653
STU_010864,90.69314468133453
STU_010865,76.03943595324486
STU_010866,92.35762978437681
STU_010867,53.37995748406331
STU_010868,63.83051115037808
STU_010869,76.85909136315306
STU_010870,63.15801230184853
STU_010871,83.84752071960544
STU_010872,85.40229324535134
STU_010873,46.05759712748688
STU_010874,65.58721447591397
STU_010875,85.14313154802505
STU_010876,71.86985912835422
STU_010877,72.88204865303942
STU_010878,77.24544937546351
STU_010879,65.50302310614688
STU_010880,80.54257821604679
STU_010881,98.12594541830438
STU_010882,75.60863636214069
STU_010883,80.33866830923276
STU_010884,62.93923747348751
STU_010885,66.31083371596752
STU_010886,96.81505092285302
STU_010887,57.405665942709504
STU_010888,84.3315059628462
STU_010889,87.29323151171059
STU_010890,83.25833213671159
STU_010891,97.15613836555912
STU_010892,81.052942858456
STU_010893,71.13315240006806
STU_010894,84.8099127577923
STU_010895,63.22270999859575
STU_010896,70.3315460653897
STU_010897,64.6789447566409
STU_010898,83.20918449742621
STU_010899,59.64388766461124
STU_010900,66.51038166460813
STU_010901,63.36089688799618
STU_010902,88.26889904353071
STU_010903,54.53822359554198
STU_010904,74.90459247748456
STU_010905,68.95391117425469
STU_010906,53.04968736201723
STU_010907,95.51518061978098
STU_010908,83.7297736958086
STU_010909,89.76477761667985
STU_010910,79.51836402252201
STU_010911,81.52625862507374
STU_010912,91.81616976030622
STU_010913,77.06945440187376
STU_010914,90.51574281459303
STU_010915,73.74649461967878
STU_010916,70.8413121271408
STU_010917,82.54369477591163
STU_010918,77.40997073739405
STU_010919,85.21855926200695
STU_010920,69.81489779637853
STU_010921,82.04608229531988
STU_010922,78.33707599870559
STU_010923,92.82395386136103
STU_010924,95.90016085849456
STU_010925,67.08753454373247
STU_010926,92.66365928837068
STU_010927,61.3277462339816
STU_010928,73.78592945834444
STU_010929,70.91835795115564
STU_010930,90.20314115884776
STU_010931,71.23942783852831
STU_010932,85.07760072544045
STU_010933,75.8877410241998
STU_010934,86.04817033236603
STU_010935,72.03531654202042
STU_010936,63.89929575871769
STU_010937,73.03519738902571
STU_010938,62.71079150443586
STU_010939,81.63969761368111
STU_010940,50.66662228746126
STU_010941,97.82994574297516
STU_010942,78.10250144451581
STU_010943,55.43078326770336
STU_010944,58.03068890275105
STU_010945,73.75237315684632
STU_010946,88.91741852080695
STU_010947,73.77472299493812
STU_010948,93.56438484574426
STU_010949,96.45646251921158
STU_010950,66.1868312335757
STU_010951,72.05339032040983
STU_010952,61.32792736751053
STU_010953,81.9136146943455
STU_010954,53.634519835450575
STU_010955,62.98113483537969
STU_010956,98.09629336451582
STU_010957,88.12724180836787
STU_010958,73.8173154005701
STU_010959,89.11260888389324
STU_010960,84.22983392354683
STU_010961,76.25098712489849
STU_010962,89.38542550043715
STU_010963,70.45740551102423
STU_010964,76.8587165044128
STU_010965,67.57904869649946
STU_010966,57.37119249734312
STU_010967,68.20139193871049
STU_010968,66.46021168468322
STU_010969,57.31738563022597
STU_010970,87.58358040911185
STU_010971,71.40717819269318
STU_010972,70.58162072040653
STU_010973,73.26395191472966
STU_010974,65.75576216483407
STU_010975,77.62783459682969
STU_010976,84.86478794040971
STU_010977,86.20857919810751
STU_010978,96.13551348165274
STU_010979,72.82065436722627
STU_010980,78.62108328715804
STU_010981,89.60029617619841
STU_010982,72.26570074712602
STU_010983,69.29421033736051
STU_010984,72.70869192717727
STU_010985,53.211113377858624
STU_010986,89.72314285952105
STU_010987,89.24331592600025
STU_010988,66.85254011073701
STU_010989,83.80815492704252
STU_010990,78.55294762932692
STU_010991,60.618066977408894
STU_010992,81.03989150167341
STU_010993,72.686783444898
STU_010994,84.30841386238893
STU_010995,100.0
STU_010996,60.844154056908735
STU_010997,69.5376921676005
STU_010998,71.2554653717692
STU_010999,74.00252839771932
STU_011000,76.22610011168636
STU_011001,60.68159013970296
STU_011002,78.32337603266073
STU_011003,64.4585088838515
STU_011004,81.50806131559605
STU_011005,71.19646905878716
STU_011006,80.7873491704363
STU_011007,66.6328715351936
STU_011008,81.76654422632456
STU_011009,97.27540462281013
STU_011010,96.1329661471746
STU_011011,64.91014382672523
STU_011012,85.68483622987736
STU_011013,54.97926661799097
STU_011014,64.77197683172064
STU_011015,96.47105113516794
STU_011016,63.37454090656377
STU_011017,78.76017033446549
STU_011018,86.12440210868058
STU_011019,63.65034660317215
STU_011020,90.21094776099335
STU_011021,66.77283432286542
STU_011022,83.46427564425039
STU_011023,72.0197957035247
STU_011024,77.22961171692533
STU_011025,70.88555516387768
STU_011026,74.87590683239706
STU_011027,74.59285740241694
STU_011028,89.94911423637434
STU_011029,79.6779926159634
STU_011030,61.78978764495474
STU_011031,60.16838648349838
STU_011032,63.84478164152232
STU_011033,59.183234248293786
STU_011034,72.0594102569527
STU_011035,87.20090084230236
STU_011036,95.2164531198751
STU_011037,91.47810953658322
STU_011038,84.47216131593075
STU_011039,62.35246886531863
STU_011040,76.7374018671805
STU_011041,56.551915798291304
STU_011042,64.14510991167249
STU_011043,72.17728557035446
STU_011044,61.77920861443761
STU_011045,96.70592893941426
STU_011046,79.60089953254769
STU_011047,81.8994698529791
STU_011048,64.79995251150156
STU_011049,81.83114434189812
STU_011050,75.61547822443116
STU_011051,85.67711127462127
STU_011052,100.0
STU_011053,51.46572201438465
STU_011054,72.82109197974121
STU_011055,62.21213790439681
STU_011056,59.31651025322339
STU_011057,91.69891107018329
STU_011058,100.0
STU_011059,97.50392815228882
STU_011060,67.73209581065115
STU_011061,63.009820442204656
STU_011062,61.367803924653856
STU_011063,90.11153850525685
STU_011064,75.40235417912855
STU_011065,72.47406876134787
STU_011066,72.00176577892877
STU_011067,85.04819467706244
STU_011068,95.13514316440077
STU_011069,92.01810462106803
STU_011070,69.36618371202974
STU_011071,87.30108257118887
STU_011072,93.03721472027398
STU_011073,77.55280467813726
STU_011074,89.0409620113218
STU_011075,69.59107256745975
STU_011076,97.19993996412032
STU_011077,71.49719138551282
STU_011078,71.31194533153405
STU_011079,66.67853688349783
STU_011080,61.982637309263154
STU_011081,83.93810204570008
STU_011082,52.01011338780836
STU_011083,92.88055712486319
STU_011084,71.22886888665737
STU_011085,86.41041259094744
STU_011086,63.4238525702209
STU_011087,76.90509092563696
STU_011088,76.58198170596239
STU_011089,89.02929710235821
STU_011090,89.2138857929823
STU_011091,80.7061879796289
STU_011092,67.2726682408884
STU_011093,84.8754311878015
STU_011094,61.12253103359694
STU_011095,80.09657764662501
STU_011096,60.75047596547802
STU_011097,90.3241954691553
STU_011098,85.67871196923988
STU_011099,81.86437647388354
STU_011100,60.476877806810336
STU_011101,62.20749620295173
STU_011102,79.26694244517955
STU_011103,66.14586727377882
STU_011104,95.58218065282647
STU_011105,76.69516443255472
STU_011106,87.24731412786912
STU_011107,60.88543748339471
STU_011108,82.09013836479556
STU_011109,94.63833880738294
STU_011110,98.89077340940915
STU_011111,77.80878975523245
STU_011112,74.93531599745452
STU_011113,82.50256362602461
STU_011114,91.573456234468
STU_011115,95.43864174745086
STU_011116,87.08033064518507
STU_011117,67.56755275478531
STU_011118,73.87693789109602
STU_011119,84.26984992218301
STU_011120,79.98963766872862
STU_011121,73.71341955080388
STU_011122,59.967204429672336
STU_011123,98.26514702819567
STU_011124,61.010666568529196
STU_011125,100.0
STU_011126,85.51057547676288
STU_011127,75.60017708729181
STU_011128,66.28760951957798
STU_011129,86.86680911804523
STU_011130,60.34747132812616
STU_011131,89.80439218896102
STU_011132,75.39033541165712
STU_011133,82.09823697592174
STU_011134,66.43517516948671
STU_011135,64.44899783786187
STU_011136,93.98512325877209
STU_011137,75.9088178213307
STU_011138,100.0
STU_011139,71.81490639823153
STU_011140,84.71513217317201
STU_011141,53.719947646850855
STU_011142,93.28175066870566
STU_011143,84.22779560647169
STU_011144,68.64841849793596
STU_011145,64.41389772911884
STU_011146,66.11888015645084
STU_011147,92.45425769190919
STU_011148,92.72442734333504
STU_011149,91.23460026063813
STU_011150,78.1376617480463
STU_011151,95.37963894162961
STU_011152,63.529381095331075
STU_011153,73.40791945187198
STU_011154,73.25784985083288
STU_011155,66.25860614504002
STU_011156,78.80290240861984
STU_011157,56.80498562980084
STU_011158,67.88879122681443
STU_011159,68.60259631086042
STU_011160,54.29445960461209
STU_011161,87.84332511407712
STU_011162,69.68030417759441
STU_011163,72.0638182345758
STU_011164,86.45620815322943
STU_011165,75.91444473594102
STU_011166,73.31882299945427
STU_011167,70.97783081813611
STU_011168,79.17343638173281
STU_011169,88.43948345609547
STU_011170,63.3680637711563
STU_011171,74.79522512544172
STU_011172,97.77087744771035
STU_011173,94.86844000637268
STU_011174,70.75825181148213
STU_011175,65.1715444422135
STU_011176,80.51314573236507
STU_011177,72.97536681944008
STU_011178,91.21702209631773
STU_011179,88.53787565088328
STU_011180,68.5444635757296
STU_011181,81.97622026214056
STU_011182,94.27752890306756
STU_011183,57.848941014172965
STU_011184,81.81821599129309
STU_011185,76.29672492419802
STU_011186,47.539000317654846
STU_011187,87.42584584840986
STU_011188,78.87579569055352
STU_011189,49.32321472645356
STU_011190,80.85726649606245
STU_011191,95.48193976493008
STU_011192,77.79327718691654
STU_011193,69.39215956210717
STU_011194,85.16047187590688
STU_011195,78.92889494882154
STU_011196,90.23144217089921
STU_011197,99.13619586259199
STU_011198,76.54832046775509
STU_011199,87.69773142294741
STU_011200,73.00717029939426
STU_011201,59.041033154858965
STU_011202,63.473216040205926
STU_011203,81.74846026965626
STU_011204,88.33674721416247
STU_011205,83.67823017980348
STU_011206,85.42454432946337
STU_011207,59.737012953021235
STU_011208,71.76378884091929
STU_011209,78.99653640167563
STU_011210,72.33845946450029
STU_011211,76.45359456131393
STU_011212,74.99613713786061
STU_011213,79.9968846452117
STU_011214,58.61222376003049
STU_011215,94.37165144267792
STU_011216,61.3461816983657
STU_011217,100.0
STU_011218,63.389821196653955
STU_011219,86.94054088464569
STU_011220,65.66089666785172
STU_011221,78.6449147848578
STU_011222,91.36856638622997
STU_011223,67.49038507285425
STU_011224,99.45573823277023
STU_011225,49.406236484221054
STU_011226,82.36701919363414
STU_011227,64.42487307983382
STU_011228,95.95833529663273
STU_011229,84.42212237197342
STU_011230,86.81011145065817
STU_011231,92.77753635640244
STU_011232,85.73509035356692
STU_011233,68.31808970325238
STU_011234,80.89794856185841
STU_011235,97.1261960024173
STU_011236,65.93870942501428
STU_011237,67.07077224116038
STU_011238,64.35044127838981
STU_011239,78.75523771005048
STU_011240,89.77183634518477
STU_011241,98.52715585246557
STU_011242,63.09234054106939
STU_011243,64.76946460768309
STU_011244,54.451242526078644
STU_011245,71.89872562919126
STU_011246,72.583912166597
STU_011247,85.8181857946652
STU_011248,69.74519328029615
STU_011249,66.7812419763004
STU_011250,70.98433051702472
STU_011251,77.60982290887415
STU_011252,77.5170918028586
STU_011253,78.11277434426628
STU_011254,97.31598251430864
STU_011255,85.99013833901036
STU_011256,79.94307759934817
STU_011257,49.8347535442212
STU_011258,80.69405710801489
STU_011259,79.54857795915575
STU_011260,100.0
STU_011261,63.9362606344926
STU_011262,89.85457275428871
STU_011263,55.58592433066545
STU_011264,49.69507080609517
STU_011265,77.30235465136599
STU_011266,79.44235946327875
STU_011267,85.53601580968169
STU_011268,69.56574243761148
STU_011269,91.94484275129243
STU_011270,75.57727692523771
STU_011271,77.27914706124173
STU_011272,88.97774552269672
STU_011273,72.88919002699434
STU_011274,82.0097884903355
STU_011275,73.13742621588153
STU_011276,80.94321809744204
STU_011277,75.1891245255911
STU_011278,71.33278316973207
STU_011279,99.03888119592617
STU_011280,76.63487922910656
STU_011281,73.73745573381207
STU_011282,88.53826024952944
STU_011283,81.52113417615546
STU_011284,57.67836100095643
STU_011285,95.21973311524401
STU_011286,78.66500152839308
STU_011287,78.69000721057756
STU_011288,73.75026234957426
STU_011289,63.39471117141278
STU_011290,67.254486130552
STU_011291,87.51611741735181
STU_011292,44.29960673122755
STU_011293,91.10957635136765
STU_011294,73.03020241959152
STU_011295,80.64888872057331
STU_011296,97.7141293716246
STU_011297,70.01243310304173
STU_011298,55.487839524825674
STU_011299,86.47747661143032
STU_011300,91.95103183090728
STU_011301,100.0
STU_011302,69.85107064463566
STU_011303,80.52245654324203
STU_011304,82.99913629367158
STU_011305,76.32562346360076
STU_011306,73.29484240127668
STU_011307,62.0197695083265
STU_011308,51.0895347190567
STU_011309,78.55415806634187
STU_011310,50.30557178737259
STU_011311,86.82084300630251
STU_011312,72.08129841455805
STU_011313,87.4223727448974
STU_011314,62.436275617933944
STU_011315,84.37485524018648
STU_011316,60.67329536986815
STU_011317,75.55452714786435
STU_011318,62.66922363313279
STU_011319,90.27376338234188
STU_011320,57.861778856072455
STU_011321,92.08175103456446
STU_011322,63.567858291419824
STU_011323,50.58443298279697
STU_011324,59.75142880563378
STU_011325,59.01846203684632
STU_011326,79.96881635183902
STU_011327,77.17235608866054
STU_011328,87.17158365857912
STU_011329,60.586831116720276
STU_011330,52.460887036606955
STU_011331,59.63440198938658
STU_011332,92.75901314866056
STU_011333,64.00961624355898
STU_011334,82.26955650994844
STU_011335,69.36436569137271
STU_011336,59.42629215355417
STU_011337,85.05999680530815
STU_011338,95.4680879457789
STU_011339,71.70553469377245
STU_011340,72.35352308952575
STU_011341,99.11322928423394
STU_011342,82.04277198360685
STU_011343,81.89427730656752
STU_011344,44.416673498684574
STU_011345,66.40488011354569
STU_011346,73.96082955855027
STU_011347,99.97073195557553
STU_011348,76.04734228045842
STU_011349,100.0
STU_011350,70.08656972263073
STU_011351,74.89566302038804
STU_011352,79.40928729693839
STU_011353,68.7641225891584
STU_011354,91.70189522149562
STU_011355,67.0683897578007
STU_011356,86.06783330244383
STU_011357,66.33796254456026
STU_011358,94.89893697455962
STU_011359,100.0
STU_011360,100.0
STU_011361,66.23389056414925
STU_011362,77.16368410660756
STU_011363,100.0
STU_011364,90.92042908257768
STU_011365,66.12237753713694
STU_011366,86.38213258879713
STU_011367,70.27364354091438
STU_011368,81.90740695695914
STU_011369,70.39428315784731
STU_011370,83.354747358194
STU_011371,68.84456797880097
STU_011372,94.21977040183862
STU_011373,61.240455472129014
STU_011374,73.73553135183967
STU_011375,88.12924767060542
STU_011376,52.42283763391507
STU_011377,100.0
STU_011378,84.17065749461078
STU_011379,87.37594832672818
STU_011380,74.10256617303045
STU_011381,59.899013496534096
STU_011382,79.40095288485384
STU_011383,94.60338487516006
STU_011384,65.721931540926
STU_011385,76.82399121290803
STU_011386,70.05113284362804
STU_011387,57.63645468888582
STU_011388,62.4837252033529
STU_011389,56.985509179168346
STU_011390,91.3164523975326
STU_011391,62.27905768620225
STU_011392,76.37581544737641
STU_011393,74.88346672861596
STU_011394,78.90908972447686
STU_011395,88.56621247806022
STU_011396,88.17066113619518
STU_011397,66.38730389582435
STU_011398,100.0
STU_011399,71.20539251556546
STU_011400,70.05568494545207
STU_011401,73.38894204583491
STU_011402,74.23564865536557
STU_011403,78.18706668480355
STU_011404,100.0
STU_011405,82.49264550694602
STU_011406,84.40982931969647
STU_011407,96.7588578991742
STU_011408,74.2369489737073
STU_011409,83.09198076229096
STU_011410,70.49103572891686
STU_011411,94.80977089787469
STU_011412,75.74844277334506
STU_011413,60.84183018084369
STU_011414,92.71375466086799
STU_011415,76.63825961817598
STU_011416,97.451336368089
STU_011417,80.81611415320829
STU_011418,61.90009332930807
STU_011419,75.75561681325058
STU_011420,91.89059733530955
STU_011421,92.79527024128804
STU_011422,78.45442695736182
STU_011423,62.42518111508633
STU_011424,71.09867589608686
STU_011425,68.34151277513905
STU_011426,99.96583170229405
STU_011427,65.84620540160815
STU_011428,88.71520068527931
STU_011429,74.38939480944026
STU_011430,72.88394385730194
STU_011431,74.43387709666283
STU_011432,71.39159388404244
STU_011433,94.01763864928955
STU_011434,93.19459257820735
STU_011435,72.30084565335311
STU_011436,86.50380742991626
STU_011437,66.3648615824612
STU_011438,69.48141596441673
STU_011439,77.10135227629536
STU_011440,67.09101250630304
STU_011441,75.34011387165577
STU_011442,78.45519929191511
STU_011443,69.53845445234758
STU_011444,74.97570067254382
STU_011445,69.16115715268108
STU_011446,58.21099771684449
STU_011447,91.83047459804332
STU_011448,65.10106099368122
STU_011449,69.66388919552946
STU_011450,79.86775294718298
STU_011451,83.69111631113479
STU_011452,77.32995418968322
STU_011453,80.33627523431818
STU_011454,66.17778405434812
STU_011455,55.27888062265769
STU_011456,93.60439288634052
STU_011457,67.43936012477211
STU_011458,96.90078156151772
STU_011459,72.85861455692813
STU_011460,85.2963242357306
STU_011461,75.86201013502385
STU_011462,80.0408352999491
STU_011463,80.23743969120811
STU_011464,80.81773931438065
STU_011465,67.62298668169475
STU_011466,81.9362471168466
STU_011467,72.18397906598851
STU_011468,65.92646495209321
STU_011469,69.41943198558619
STU_011470,95.36657530242643
STU_011471,59.26176911612545
STU_011472,69.08177051350805
STU_011473,77.80061498244919
STU_011474,87.97196635204888
STU_011475,84.26334718360586
STU_011476,95.63934275804722
STU_011477,100.0
STU_011478,50.45167055643884
STU_011479,67.55457705484051
STU_011480,100.0
STU_011481,71.17478182834944
STU_011482,62.680435881024536
STU_011483,95.5570218427915
STU_011484,74.47993516253584
STU_011485,78.14744886090881
STU_011486,59.79079732096087
STU_011487,81.309413784873
STU_011488,74.68213178629115
STU_011489,72.08687131037
STU_011490,84.479414627756
STU_011491,58.779771415257784
STU_011492,82.45758977629288
STU_011493,93.71177756684443
STU_011494,84.140306589235
STU_011495,86.56419837236851
STU_011496,94.79976859988737
STU_011497,70.2021000370982
STU_011498,78.05652754852653
STU_011499,82.52193269327225
STU_011500,74.84730136686447
STU_011501,67.7601546538344
STU_011502,50.627857609308634
STU_011503,88.29495494827674
STU_011504,57.41263391868427
STU_011505,70.87653608717486
STU_011506,59.38709058478808
STU_011507,69.65706215333034
STU_011508,83.17879416533498
STU_011509,69.92512214409584
STU_011510,80.14479903009936
STU_011511,96.42910055780334
STU_011512,51.767555631080896
STU_011513,79.59647221072393
STU_011514,77.80925410194247
STU_011515,68.64959464739361
STU_011516,82.47514228210585
STU_011517,87.22610834170823
STU_011518,98.22225176965456
STU_011519,65.8279203398125
STU_011520,47.20383931889147
STU_011521,51.07207234298651
STU_011522,100.0
STU_011523,71.95325570862057
STU_011524,87.13406137058563
STU_011525,96.31553003590524
STU_011526,86.20822206051955
STU_011527,85.3562011983914
STU_011528,86.8310283832215
STU_011529,80.06134655217635
STU_011530,62.08817002152105
STU_011531,77.2059267970655
STU_011532,72.88026684627619
STU_011533,72.68180337295493
STU_011534,75.81002483804906
STU_011535,67.20208251469067
STU_011536,58.99131372263616
STU_011537,57.637216420934465
STU_011538,69.28347450851948
STU_011539,70.93224953016342
STU_011540,79.12165052743427
STU_011541,80.1103458571236
STU_011542,61.61874946674838
STU_011543,79.63172212731942
STU_011544,85.34031151381961
STU_011545,88.52379562298579
STU_011546,60.23189498476593
STU_011547,93.46258188850923
STU_011548,79.45885788130117
STU_011549,62.04981745113841
STU_011550,80.99639792888213
STU_011551,76.08425413980027
STU_011552,55.36447628165672
STU_011553,77.46094130216983
STU_011554,82.23784469670714
STU_011555,83.22154539141124
STU_011556,99.40037169088087
STU_011557,62.852812042203404
STU_011558,100.0
STU_011559,91.71802760408795
STU_011560,97.14078407524018
STU_011561,69.78825112216184
STU_011562,100.0
STU_011563,93.00811911459886
STU_011564,59.931262020359
STU_011565,74.16700128282349
STU_011566,71.5472335433388
STU_011567,64.09276105955064
STU_011568,55.54977015425837
STU_011569,75.44720104861727
STU_011570,99.98437462372011
STU_011571,76.43797208884793
STU_011572,85.95180815501324
STU_011573,72.84839500446972
STU_011574,68.37780561797803
STU_011575,70.27843707237523
STU_011576,77.25510737152385
STU_011577,65.32789698757993
STU_011578,66.82032795739772
STU_011579,71.95241245831909
STU_011580,90.68272228210222
STU_011581,65.72651942666747
STU_011582,81.44244861561619
STU_011583,64.34959602326326
STU_011584,86.0709245556543
STU_011585,88.5372489911326
STU_011586,84.54624377622068
STU_011587,94.92740781080335
STU_011588,91.29282129409225
STU_011589,84.30656423502043
STU_011590,66.43241251774236
STU_011591,61.41028300853405
STU_011592,93.06134185973315
STU_011593,76.79028356265412
STU_011594,95.79376007185873
STU_011595,92.7583355577072
STU_011596,73.33732770434021
STU_011597,70.31328394689959
STU_011598,77.50179611191662
STU_011599,62.3555173427753
STU_011600,60.771455182200995
STU_011601,70.90091448934653
STU_011602,87.74700766844586
STU_011603,64.85919257925063
STU_011604,82.78330069364223
STU_011605,85.60169269257675
STU_011606,64.63274437186377
STU_011607,92.8080999438989
STU_011608,87.2247477819752
STU_011609,64.39226468817489
STU_011610,80.95864490882796
STU_011611,54.21540251769507
STU_011612,80.76685418762949
STU_011613,70.28492104061455
STU_011614,61.60486202528926
STU_011615,91.94311161864263
STU_011616,92.577533991358
STU_011617,67.6494870101437
STU_011618,69.3316895216124
STU_011619,76.37627970321626
STU_011620,57.70200180205459
STU_011621,72.37627901184669
STU_011622,72.71431183041886
STU_011623,56.94215030174817
STU_011624,86.03149128227481
STU_011625,99.06355897104389
STU_011626,75.33663125466661
STU_011627,67.52153742956855
STU_011628,66.89656348077311
STU_011629,67.19566901751057
STU_011630,94.77520569824534
STU_011631,52.93083540951271
STU_011632,60.93864540080652
STU_011633,100.0
STU_011634,47.54929299510768
STU_011635,90.01559832273483
STU_011636,62.999615826288974
STU_011637,76.65593840796745
STU_011638,79.93886728772306
STU_011639,88.58780021708594
STU_011640,89.44010810401416
STU_011641,78.27486438599203
STU_011642,78.91105660458702
STU_011643,61.383492825149816
STU_011644,91.89736843398714
STU_011645,98.78146175956137
STU_011646,80.47281351369098
STU_011647,78.39125083257623
STU_011648,84.88364576425703
STU_011649,89.164560932341
STU_011650,91.32240567918586
STU_011651,67.62871865203734
STU_011652,56.4247902445964
STU_011653,100.0
STU_011654,67.55186690409856
STU_011655,72.77203349476451
STU_011656,59.2591544521669
STU_011657,39.78094574560707
STU_011658,99.07903552403326
STU_011659,64.3250498948257
STU_011660,78.9911476478012
STU_011661,98.70679506460488
STU_011662,84.31415125917032
STU_011663,93.94839105810901
STU_011664,87.55148922743923
STU_011665,64.85608882695448
STU_011666,71.42091551209074
STU_011667,61.26242504267603
STU_011668,77.28417112247729
STU_011669,61.49401995907982
STU_011670,86.47152414566801
STU_011671,73.87870261492527
STU_011672,92.7049748174216
STU_011673,72.78797337082543
STU_011674,62.026854947194536
STU_011675,91.23747779375199
STU_011676,77.71832087776308
STU_011677,78.87287129818462
STU_011678,51.26615486516368
STU_011679,96.19287929105245
STU_011680,89.15807271540065
STU_011681,98.35140678381482
STU_011682,46.555616699303556
STU_011683,69.94938543681712
STU_011684,61.80852733866841
STU_011685,59.75462974708043
STU_011686,74.14619850971333
STU_011687,91.1797900432527
STU_011688,85.51380221931834
STU_011689,69.38684266504573
STU_011690,76.51349600550233
STU_011691,97.51587310670672
STU_011692,77.51001153242869
STU_011693,86.63240389317117
STU_011694,91.02590534678113
STU_011695,91.35399826493538
STU_011696,91.44186677635471
STU_011697,66.14732091728513
STU_011698,74.67718469666161
STU_011699,81.18554037190358
STU_011700,63.663323693447865
STU_011701,75.94675568658766
STU_011702,87.59077195537428
STU_011703,92.25165195469842
STU_011704,80.20909125882692
STU_011705,79.6704228769996
STU_011706,90.60598675493041
STU_011707,68.83819238310338
STU_011708,72.5976934750912
STU_011709,82.20006426112269
STU_011710,78.66066471945217
STU_011711,81.61840000471942
STU_011712,58.19278008639499
STU_011713,97.11242452064644
STU_011714,75.3632322680492
STU_011715,83.85904465411484
STU_011716,84.0467009658446
STU_011717,72.11062076413465
STU_011718,83.82971162750307
STU_011719,77.71445705312239
STU_011720,99.34500055169892
STU_011721,64.68504832034121
STU_011722,66.07065136700979
STU_011723,71.10450497116017
STU_011724,90.08800999536537
STU_011725,76.73239511678293
STU_011726,51.466503087990134
STU_011727,59.31510318689202
STU_011728,55.248427346600394
STU_011729,82.53901637115538
STU_011730,74.98476534919709
STU_011731,96.22871809815273
STU_011732,83.09963150715686
STU_011733,76.8936269441634
STU_011734,90.39031210543484
STU_011735,74.25939227901004
STU_011736,65.87986397401383
STU_011737,71.27155574444532
STU_011738,88.07473228075872
STU_011739,88.73459294219798
STU_011740,83.30105379008361
STU_011741,77.90340186850435
STU_011742,62.688290710435695
STU_011743,57.768910993568944
STU_011744,76.86190739675588
STU_011745,63.051711681133895
STU_011746,71.84048371469312
STU_011747,86.55022823210794
STU_011748,72.7212836182506
STU_011749,75.43744136379013
STU_011750,95.18383827302864
STU_011751,67.39301138408277
STU_011752,72.80579652006386
STU_011753,50.47482006645423
STU_011754,83.08470873549558
STU_011755,78.88491909745561
STU_011756,82.17842914754739
STU_011757,79.97535186215471
STU_011758,96.88695950703206
STU_011759,72.4431643871028
STU_011760,85.74455720630522
STU_011761,87.55356016994457
STU_011762,77.57199838792488
STU_011763,81.36771519625842
STU_011764,65.20884884741935
STU_011765,76.97788666323366
STU_011766,50.48780831001095
STU_011767,62.92254897853903
STU_011768,87.10126552078535
STU_011769,64.27229329179224
STU_011770,97.5770087522579
STU_011771,65.52494587883749
STU_011772,64.30643526380601
STU_011773,63.43262618575967
STU_011774,61.52403779615665
STU_011775,75.76261122734603
STU_011776,70.20070519175255
STU_011777,73.34210024503955
STU_011778,92.83190031343162
STU_011779,79.3898947065568
STU_011780,70.20358053412275
STU_011781,60.955091225649355
STU_011782,84.91563978950924
STU_011783,76.60920814575117
STU_011784,73.53719338323997
STU_011785,67.89731756654152
STU_011786,79.68292100105938
STU_011787,64.51277864961214
STU_011788,74.10986073263172
STU_011789,60.735830490281046
STU_011790,80.71420164111285
STU_011791,93.35920215009182
STU_011792,79.88213432494574
STU_011793,62.93143387921266
STU_011794,58.406534272675785
STU_011795,59.9597627653155
STU_011796,99.71317325996486
STU_011797,66.58959974520393
STU_011798,67.19477102624538
STU_011799,100.0
STU_011800,68.31625761518188
STU_011801,88.26725705860804
STU_011802,91.307084052975
STU_011803,74.36137566724386
STU_011804,71.88963790361582
STU_011805,67.91100972766925
STU_011806,67.45744658313772
STU_011807,82.06511452326144
STU_011808,87.71471927293794
STU_011809,91.84773190950956
STU_011810,89.13860953850238
STU_011811,90.80232718339369
STU_011812,68.62375396001912
STU_011813,70.65076757926866
STU_011814,91.32522796117775
STU_011815,71.94080413413724
STU_011816,76.28997499477806
STU_011817,95.24848545533595
STU_011818,77.29824195466057
STU_011819,73.1704373816001
STU_011820,75.24362721941402
STU_011821,72.72823362810675
STU_011822,100.0
STU_011823,71.86671573739204
STU_011824,70.08620223812026
STU_011825,80.43401357916649
STU_011826,71.11972041081657
STU_011827,73.92950000546007
STU_011828,73.41697188528487
STU_011829,72.51982256459843
STU_011830,66.44424824277867
STU_011831,66.69151180047602
STU_011832,68.9683096106969
STU_011833,61.895243242424556
STU_011834,62.14896090677907
STU_011835,77.18994516975128
STU_011836,74.38858873992871
STU_011837,72.58452404890441
STU_011838,68.88767097795717
STU_011839,87.55113521077524
STU_011840,80.60615676721838
STU_011841,81.85002243587198
STU_011842,59.216878995159064
STU_011843,56.10463785694983
STU_011844,85.64072650591763
STU_011845,67.49294118268013
STU_011846,92.95255769973284
STU_011847,72.75138818833537
STU_011848,99.28568993987415
STU_011849,74.8959114076574
STU_011850,67.29205508191157
STU_011851,92.42646057784366
STU_011852,91.72389732903272
STU_011853,83.3269288408954
STU_011854,74.80165794504121
STU_011855,89.34286663077802
STU_011856,82.11675192163057
STU_011857,80.13889657143169
STU_011858,79.28161289732313
STU_011859,75.15635343458129
STU_011860,72.1977111425861
STU_011861,66.3919744751317
STU_011862,72.40968499906349
STU_011863,97.64838955766432
STU_011864,51.25180035517801
STU_011865,86.26405375584224
STU_011866,63.35290626523684
STU_011867,85.35458511154835
STU_011868,79.9622030317914
STU_011869,73.04309734760655
STU_011870,92.65742358103995
STU_011871,65.36093571410807
STU_011872,66.35727348114456
STU_011873,80.34705416545397
STU_011874,66.99246816983128
STU_011875,59.498044205905416
STU_011876,67.7094459584844
STU_011877,94.08518650611353
STU_011878,55.70637660185545
STU_011879,75.53159083970915
STU_011880,59.60671783046234
STU_011881,59.668945445214945
STU_011882,84.59041808601384
STU_011883,58.37816808930553
STU_011884,69.35205506243958
STU_011885,59.65826569708544
STU_011886,76.3836562369724
STU_011887,75.32205958457358
STU_011888,76.03301655288101
STU_011889,43.76943468387495
STU_011890,63.22066548529793
STU_011891,84.38955075716761
STU_011892,100.0
STU_011893,90.02816177035984
STU_011894,72.45532962451354
STU_011895,89.60067702431792
STU_011896,58.720480612673114
STU_011897,68.08601990115197
STU_011898,100.0
STU_011899,57.60281859298641
STU_011900,76.67777751081819
STU_011901,75.32352241739615
STU_011902,53.96752450133594
STU_011903,73.73889361542422
STU_011904,77.17377087507461
STU_011905,71.70160713293855
STU_011906,81.35220037914986
STU_011907,84.10022420236267
STU_011908,96.64745575588097
STU_011909,49.72532998778947
STU_011910,84.81747433526952
STU_011911,72.29370256960758
STU_011912,92.06423640928543
STU_011913,74.45991111456102
STU_011914,88.51528437313154
STU_011915,83.1023003178392
STU_011916,70.77539181465399
STU_011917,85.01967207951441
STU_011918,78.22002915741687
STU_011919,100.0
STU_011920,73.39506577470024
STU_011921,73.34855574132172
STU_011922,80.30320384852956
STU_011923,62.64856969685319
STU_011924,72.47151002240679
STU_011925,40.94898592925563
STU_011926,71.62367090815229
STU_011927,68.13754234767896
STU_011928,70.85537904293773
STU_011929,79.41605666951361
STU_011930,84.41335256278654
STU_011931,90.93719502224309
STU_011932,65.41159954126614
STU_011933,54.4857936400761
STU_011934,84.44958064938172
STU_011935,55.87449299907648
STU_011936,90.7604829301099
STU_011937,67.77828509175006
STU_011938,54.893731387113526
STU_011939,91.65238756892992
STU_011940,77.10127369844022
STU_011941,78.05429377029073
STU_011942,89.88548948634367
STU_011943,71.75275687031409
STU_011944,68.83034338433269
STU_011945,77.49582898840515
STU_011946,97.95936726985633
STU_011947,82.57615275225616
STU_011948,61.81760440233846
STU_011949,79.65887265550742
STU_011950,76.94015386607367
STU_011951,94.82055401781406
STU_011952,64.9168506456275
STU_011953,53.77958267350984
STU_011954,94.1913732445916
STU_011955,62.95743679407235
STU_011956,93.50485301066124
STU_011957,61.94349092292088
STU_011958,96.06674030831073
STU_011959,74.68536955574874
STU_011960,86.44786976750629
STU_011961,91.44913589601323
STU_011962,78.55251209972165
STU_011963,84.79542871569201
STU_011964,71.16558465044315
STU_011965,78.42992431038135
STU_011966,95.26399761053283
STU_011967,54.64387778100815
STU_011968,88.96313844201092
STU_011969,55.924900752992286
STU_011970,81.07757045582723
STU_011971,52.93149814043393
STU_011972,86.88667997870255
STU_011973,67.75017266470637
STU_011974,98.61341142805229
STU_011975,73.40281251545835
STU_011976,67.35329609381287
STU_011977,85.07491145547479
STU_011978,73.57832189840768
STU_011979,79.29592384675811
STU_011980,85.59254890084043
STU_011981,77.78767826240576
STU_011982,97.28781412447177
STU_011983,67.12903175127498
STU_011984,81.86728541609145
STU_011985,77.4445785789482
STU_011986,69.92720987154506
STU_011987,59.63336073865966
STU_011988,84.36499978740231
STU_011989,75.62997492298294
STU_011990,94.22538518982986
STU_011991,60.668899572492734
STU_011992,42.482407078732784
STU_011993,76.9856940032819
STU_011994,64.30016716583702
STU_011995,74.20695947162953
STU_011996,68.60052213115628
STU_011997,89.1035512297534
STU_011998,92.82506417143225
STU_011999,99.99000736496491
STU_012000,84.31498665242958
STU_012001,87.11860818684572
STU_012002,70.67146675305455
STU_012003,79.4321668906284
STU_012004,70.96350245765433
STU_012005,75.20758875680565
STU_012006,93.20173952005632
STU_012007,62.012191081234626
STU_012008,76.60996920166896
STU_012009,70.17460706553469
STU_012010,42.82332000309699
STU_012011,61.738519162449464
STU_012012,73.88141832220579
STU_012013,69.13809444784525
STU_012014,54.2781135388767
STU_012015,68.75792236949577
STU_012016,53.916387931386716
STU_012017,77.7240986669
STU_012018,84.20130322074168
STU_012019,93.67298675394086
STU_012020,55.826668701981895
STU_012021,63.10019977196303
STU_012022,69.89150044014903
STU_012023,77.08076814943811
STU_012024,96.15600431567294
STU_012025,83.27949260673532
STU_012026,70.46202012468524
STU_012027,93.38191888475932
STU_012028,93.42548647139273
STU_012029,60.5429484999341
STU_012030,83.55258068453368
STU_012031,89.84169951487644
STU_012032,65.66731397937295
STU_012033,70.05114824784323
STU_012034,97.694556928415
STU_012035,70.44632187263272
STU_012036,73.02985200602859
STU_012037,80.81110974677551
STU_012038,63.386166445908714
STU_012039,71.11407881377583
STU_012040,97.1883041393859
STU_012041,71.3271896221885
STU_012042,90.12218636130247
STU_012043,71.32311488053885
STU_012044,74.80745494319316
STU_012045,55.74693949814331
STU_012046,86.57649431225714
STU_012047,97.88941304688652
STU_012048,56.0173443326682
STU_012049,79.66234457032621
STU_012050,77.32488923246116
STU_012051,36.730954123550354
STU_012052,88.70468735325127
STU_012053,84.01762550805913
STU_012054,74.0339443471219
STU_012055,76.22030002600526
STU_012056,94.78378867321607
STU_012057,90.63821969350386
STU_012058,65.0079891302594
STU_012059,58.14755313647062
STU_012060,75.44791770248085
STU_012061,61.029526580296285
STU_012062,92.24045916703403
STU_012063,54.777630699833345
STU_012064,64.36093203393584
STU_012065,87.01159889886048
STU_012066,77.40402840066555
STU_012067,80.98989180547568
STU_012068,64.42014856516306
STU_012069,66.29700920252898
STU_012070,86.49904022011388
STU_012071,75.06878178722523
STU_012072,75.20993910157087
STU_012073,91.59008381048521
STU_012074,83.42313214556165
STU_012075,51.47802883935853
STU_012076,64.87855174582829
STU_012077,63.242394477138916
STU_012078,68.71081095716283
STU_012079,82.18088491862339
STU_012080,73.59319826248621
STU_012081,50.54414326321291
STU_012082,92.15635401744547
STU_012083,66.9691777910907
STU_012084,76.98689689410818
STU_012085,97.19304760252267
STU_012086,79.06024406686592
STU_012087,76.55211213163412
STU_012088,75.83592888244185
STU_012089,74.3812394594495
STU_012090,93.63312420254883
STU_012091,84.28864963044047
STU_012092,78.79813132732619
STU_012093,76.0686742867457
STU_012094,80.92414879888867
STU_012095,63.137670670075146
STU_012096,73.58537097102872
STU_012097,81.22543863847511
STU_012098,65.87267238438176
STU_012099,77.07546978511074
STU_012100,88.80620129741098
STU_012101,93.68933861276605
STU_012102,66.27020222910276
STU_012103,79.31597671332678
STU_012104,55.83547998708781
STU_012105,85.55910735364614
STU_012106,88.13970573747551
STU_012107,79.88338453944431
STU_012108,86.65276690252055
STU_012109,72.46203116757505
STU_012110,71.5128442436388
STU_012111,49.282599947301364
STU_012112,81.34939176984716
STU_012113,92.91616786732519
STU_012114,68.160798747445
STU_012115,74.50888048728761
STU_012116,74.41373014177206
STU_012117,92.61966411337939
STU_012118,64.11028320945472
STU_012119,89.01769127959626
STU_012120,63.74631374461726
STU_012121,71.63383916129834
STU_012122,69.21675801994114
STU_012123,82.64686534059209
STU_012124,65.58100016948816
STU_012125,76.895040849938
STU_012126,71.59505002346945
STU_012127,77.70635621537413
STU_012128,73.94808943549594
STU_012129,76.80443376626741
STU_012130,69.52392512681061
STU_012131,49.45561926151212
STU_012132,83.71934824285137
STU_012133,77.89595234564928
STU_012134,64.54879527844169
STU_012135,65.61228782664008
STU_012136,55.873994823166235
STU_012137,66.70376943685793
STU_012138,55.037370885770514
STU_012139,67.40851267276312
STU_012140,74.99442401750474
STU_012141,63.536004335570055
STU_012142,76.82478750947571
STU_012143,99.17919635916734
STU_012144,83.88899459316124
STU_012145,78.4937895268959
STU_012146,77.48039557382631
STU_012147,66.12028627073737
STU_012148,75.57145120909561
STU_012149,83.08609662918671
STU_012150,80.9973412976513
STU_012151,81.1520153933995
STU_012152,57.944244002034075
STU_012153,71.98703363174643
STU_012154,80.92419652494699
STU_012155,64.90926534145821
STU_012156,73.97883614759468
STU_012157,83.47736345538817
STU_012158,83.23428218414287
STU_012159,84.16955650492989
STU_012160,92.67526717233662
STU_012161,92.93048974975596
STU_012162,79.83249469101906
STU_012163,100.0
STU_012164,42.63632704670391
STU_012165,69.85430934019504
STU_012166,62.16384581209469
STU_012167,92.92663078734296
STU_012168,57.83220799424983
STU_012169,60.33160732844272
STU_012170,68.60297884560802
STU_012171,81.15055229477251
STU_012172,93.00900645562153
STU_012173,92.36483029593111
STU_012174,83.81749098155667
STU_012175,87.20087333875675
STU_012176,69.95969372493519
STU_012177,73.99521837400789
STU_012178,85.28267147737435
STU_012179,67.68324595103493
STU_012180,84.25049702352965
STU_012181,96.00717078026042
STU_012182,73.7256341016558
STU_012183,92.74921445236518
STU_012184,71.54718976365314
STU_012185,74.01773507597986
STU_012186,95.23391587723557
STU_012187,47.525447920467236
STU_012188,60.843786724350224
STU_012189,60.75899096318317
STU_012190,91.41706523657584
STU_012191,77.79466771191795
STU_012192,72.07097293511669
STU_012193,63.22679208518912
STU_012194,79.7448551093425
STU_012195,69.65330431208636
STU_012196,47.57730120355339
STU_012197,89.14294557732902
STU_012198,67.8610022229443
STU_012199,78.54912467465533
STU_012200,57.033402052144424
STU_012201,70.32846819920348
STU_012202,87.22155040330469
STU_012203,85.17315159285575
STU_012204,72.88127266555317
STU_012205,72.93084610680182
STU_012206,86.07115860817434
STU_012207,92.31041542015538
STU_012208,78.70060833650096
STU_012209,58.85561965750621
STU_012210,76.12829907129449
STU_012211,78.63254480793721
STU_012212,69.0857649263128
STU_012213,83.88075233194644
STU_012214,64.0872327172112
STU_012215,63.090354394384505
STU_012216,87.32728705162828
STU_012217,94.82272467152407
STU_012218,100.0
STU_012219,68.37477015289804
STU_012220,60.100177307170654
STU_012221,78.84047573623224
STU_012222,70.36195871884006
STU_012223,61.12196405737676
STU_012224,68.92249935256483
STU_012225,90.81217308993058
STU_012226,76.4985164765863
STU_012227,73.65489771684416
STU_012228,64.51573174865396
STU_012229,82.23987410462613
STU_012230,80.66212361261911
STU_012231,63.98721985486162
STU_012232,80.65436862368144
STU_012233,81.7925399486845
STU_012234,65.97633171480159
STU_012235,68.54142036198702
STU_012236,99.90241181728155
STU_012237,66.70783181511587
STU_012238,66.72602885242182
STU_012239,73.17671043642059
STU_012240,69.68493137312777
STU_012241,92.65526512086242
STU_012242,75.77085530643008
STU_012243,50.93895076424723
STU_012244,60.817562058762604
STU_012245,78.93893664719806
STU_012246,62.833658525603184
STU_012247,57.83215202597144
STU_012248,93.4378199828634
STU_012249,84.31002138005782
STU_012250,86.73452575745154
STU_012251,69.11491398102027
STU_012252,61.96812747423763
STU_012253,57.06603621003779
STU_012254,49.75580015701943
STU_012255,81.12669214632274
STU_012256,68.24646977581082
STU_012257,83.86660667542247
STU_012258,73.70280441617189
STU_012259,80.11490038810884
STU_012260,85.68200070855045
STU_012261,89.53467171398556
STU_012262,84.9470035724154
STU_012263,67.057003512705
STU_012264,61.56203865394634
STU_012265,67.44267034156223
STU_012266,97.95717497414792
STU_012267,91.1653292435181
STU_012268,53.8752348720731
STU_012269,87.50379211522998
STU_012270,68.47603540717189
STU_012271,73.98668258285917
STU_012272,72.8792909836607
STU_012273,69.44367528568102
STU_012274,64.57678515618804
STU_012275,93.31410267573588
STU_012276,68.80314365522497
STU_012277,75.57052863505281
STU_012278,65.78536289896194
STU_012279,76.78386159163693
STU_012280,72.64226566089229
STU_012281,57.84787904940553
STU_012282,92.58377797877206
STU_012283,91.33317267394372
STU_012284,65.06358655069977
STU_012285,78.25462852906432
STU_012286,76.60407701207994
STU_012287,93.93709009323176
STU_012288,81.64822072138027
STU_012289,92.73917002866199
STU_012290,81.81462184672547
STU_012291,65.36929808785916
STU_012292,76.56707763447285
STU_012293,69.94628297953498
STU_012294,85.51496664027357
STU_012295,75.4091011902971
STU_012296,78.19089024441024
STU_012297,79.41433281251783
STU_012298,70.34105277006691
STU_012299,89.92785354733999
STU_012300,55.734232958145924
STU_012301,87.68381955727249
STU_012302,78.97618155199686
STU_012303,61.365674771313465
STU_012304,49.33472203980858
STU_012305,95.27792972705112
STU_012306,69.40682871658407
STU_012307,70.25402952433066
STU_012308,88.14389405557131
STU_012309,72.04199419156072
STU_012310,73.50073191872434
STU_012311,82.01586743683805
STU_012312,54.224810319665195
STU_012313,71.84003396157009
STU_012314,97.06180579013926
STU_012315,89.26265850928166
STU_012316,70.68725921460548
STU_012317,99.29854852915592
STU_012318,80.01610332613296
STU_012319,78.89028871913378
STU_012320,61.4480631428455
STU_012321,64.58076314223855
STU_012322,92.8017714978498
STU_012323,61.76720909548192
STU_012324,91.10965937205576
STU_012325,67.22335303309711
STU_012326,75.25785126700487
STU_012327,65.75057083724283
STU_012328,63.98092834762144
STU_012329,96.23355922038306
STU_012330,91.38499283169364
STU_012331,82.09477709991285
STU_012332,68.70609512080149
STU_012333,83.51505390559355
STU_012334,71.89935705562785
STU_012335,66.73607553833207
STU_012336,92.0480799921232
STU_012337,88.4124711120291
STU_012338,65.82402896340648
STU_012339,84.95296359855071
STU_012340,64.46789235775118
STU_012341,55.00641382375218
STU_012342,90.95236460410824
STU_012343,85.35057702243486
STU_012344,62.98588489510894
STU_012345,68.64469006977512
STU_012346,72.8110985032155
STU_012347,95.41225855420258
STU_012348,78.89098172002385
STU_012349,68.32749631533977
STU_012350,80.84448496975435
STU_012351,85.58057068541592
STU_012352,83.96235301646547
STU_012353,93.66604226373843
STU_012354,58.86977257631887
STU_012355,81.56423628099914
STU_012356,82.74053900652946
STU_012357,70.895666287306
STU_012358,96.81449790721628
STU_012359,84.7455210372617
STU_012360,71.10843385107337
STU_012361,65.73586347240919
STU_012362,84.19092806860043
STU_012363,75.30040363858024
STU_012364,83.0141745125803
STU_012365,64.40612250306712
STU_012366,87.22974522941072
STU_012367,74.67888759671231
STU_012368,61.10286642790798
STU_012369,74.58717964170552
STU_012370,99.8789877136473
STU_012371,75.78442046916598
STU_012372,87.80462753463664
STU_012373,72.61468233067527
STU_012374,75.30212609805457
STU_012375,62.25478286084999
STU_012376,84.98966203667536
STU_012377,88.42827959939186
STU_012378,74.37379970766214
STU_012379,72.72908674342465
STU_012380,95.1872279387716
STU_012381,100.0
STU_012382,66.27998686083491
STU_012383,81.2775363158301
STU_012384,96.55782017940658
STU_012385,86.54434180091506
STU_012386,78.65117343305212
STU_012387,83.2348968194421
STU_012388,80.21074431937035
STU_012389,98.7354009451929
STU_012390,72.39879161821845
STU_012391,50.78985756413786
STU_012392,80.18798374704821
STU_012393,69.20778604590052
STU_012394,71.18954670514302
STU_012395,82.78044684923917
STU_012396,78.22700808747572
STU_012397,74.58077860399035
STU_012398,84.617075232791
STU_012399,76.73670430995027
STU_012400,78.86730315378855
STU_012401,92.56884226929868
STU_012402,100.0
STU_012403,48.94887477187321
STU_012404,70.64977546389525
STU_012405,63.94790156391572
STU_012406,66.10547591762533
STU_012407,94.47152797768902
STU_012408,83.69059210505566
STU_012409,68.95730388133978
STU_012410,47.111617674391724
STU_012411,90.26669410699384
STU_012412,72.58248366153545
STU_012413,57.21447721870797
STU_012414,98.09347836384171
STU_012415,89.97479709167534
STU_012416,90.63811010782764
STU_012417,57.27822934538326
STU_012418,86.3377569287056
STU_012419,72.16898347400165
STU_012420,53.7957349783684
STU_012421,71.54718653573194
STU_012422,84.20281107683846
STU_012423,80.95688615504929
STU_012424,84.48137765156115
STU_012425,52.14025354849838
STU_012426,83.21704698253953
STU_012427,65.73676222140944
STU_012428,84.5096525973453
STU_012429,58.91891691410518
STU_012430,71.35357458955009
STU_012431,68.54519449148565
STU_012432,63.39404652410538
STU_012433,56.57518942496762
STU_012434,92.35079845495389
STU_012435,66.25588805330094
STU_012436,72.19947397480732
STU_012437,89.3511345964435
STU_012438,58.76061205216163
STU_012439,77.40852431057385
STU_012440,78.66616101165883
STU_012441,94.09664754384761
STU_012442,99.88279111428004
STU_012443,64.86508139220902
STU_012444,85.07761335698495
STU_012445,69.61697282737472
STU_012446,86.8709261878991
STU_012447,94.6800111889117
STU_012448,72.49814679187281
STU_012449,78.85289808400896
STU_012450,72.65299379065253
STU_012451,86.86021651735314
STU_012452,78.98963659595303
STU_012453,95.23182402847914
STU_012454,85.97741853962016
STU_012455,72.42513796764794
STU_012456,91.7330305615246
STU_012457,67.03614954006919
STU_012458,80.45701255613207
STU_012459,57.46642903074532
STU_012460,84.31413333147266
STU_012461,77.17946072985116
STU_012462,70.84030490391567
STU_012463,81.8496316469449
STU_012464,76.98919946887591
STU_012465,74.96732315079463
STU_012466,72.88593186972346
STU_012467,74.33257987934584
STU_012468,82.13594151127137
STU_012469,88.76991593637052
STU_012470,50.98659329142437
STU_012471,54.361298356693894
STU_012472,97.44603539911972
STU_012473,71.68779039330737
STU_012474,65.25357456575499
STU_012475,68.6794256335246
STU_012476,51.260345233160166
STU_012477,97.88173474610417
STU_012478,71.91625927631391
STU_012479,65.00547393365017
STU_012480,77.70173656722086
STU_012481,89.70709792193031
STU_012482,68.56783358764852
STU_012483,60.865569435347965
STU_012484,68.39811007157257
STU_012485,75.01585608026856
STU_012486,71.46657679889617
STU_012487,68.27406555908141
STU_012488,72.09524933821804
STU_012489,79.56602099155693
STU_012490,90.99629537489268
STU_012491,64.43455064549413
STU_012492,61.659531646997095
STU_012493,58.169774685031136
STU_012494,72.0488307859484
STU_012495,71.76749283757708
STU_012496,77.37725385152636
STU_012497,87.90558590493397
STU_012498,68.30134681306014
STU_012499,77.36067154249565
STU_012500,79.84828798017887
STU_012501,96.5152286893634
STU_012502,80.92770701688835
STU_012503,83.88205870460122
STU_012504,76.0796228068138
STU_012505,81.25885033342425
STU_012506,66.19747459868066
STU_012507,87.11236770566461
STU_012508,68.46046286867788
STU_012509,81.80544445011323
STU_012510,73.98071583014658
STU_012511,73.42059320442547
STU_012512,78.18179280753189
STU_012513,66.6002380107696
STU_012514,100.0
STU_012515,88.44776091402176
STU_012516,80.52571692221848
STU_012517,100.0
STU_012518,54.74702261821552
STU_012519,77.12132196259634
STU_012520,69.42240524829639
STU_012521,96.59711034118872
STU_012522,96.97903798629297
STU_012523,82.79871683786126
STU_012524,97.83044286150738
STU_012525,89.67333769799293
STU_012526,98.33252711448135
STU_012527,86.90774336133481
STU_012528,61.887280844588716
STU_012529,99.21847830086097
STU_012530,75.70670748374985
STU_012531,80.08987038801875
STU_012532,69.98789296352189
STU_012533,91.3192942459967
STU_012534,57.672031758362024
STU_012535,88.25845576687583
STU_012536,70.62550496727374
STU_012537,53.351016487381074
STU_012538,61.38601638943011
STU_012539,83.37575044941647
STU_012540,70.34819231132795
STU_012541,100.0
STU_012542,100.0
STU_012543,73.73975260695855
STU_012544,77.33975165695045
STU_012545,65.81453814027347
STU_012546,78.27446393511056
STU_012547,100.0
STU_012548,52.62903626895431
STU_012549,70.75099963034884
STU_012550,89.25627106856133
STU_012551,91.19326508865944
STU_012552,74.28392414416629
STU_012553,79.61191681068998
STU_012554,66.1567510326053
STU_012555,51.39403233305639
STU_012556,64.96472800315324
STU_012557,76.16616716808193
STU_012558,68.7625539069064
STU_012559,90.2258575736941
STU_012560,72.97762896675957
STU_012561,60.21309938560354
STU_012562,64.62589202194428
STU_012563,82.70762211785271
STU_012564,90.136104712308
STU_012565,99.7863844477004
STU_012566,76.04517049245581
STU_012567,61.574577325098154
STU_012568,97.44104542606182
STU_012569,66.8092548261186
STU_012570,52.08151784195752
STU_012571,55.48867634531144
STU_012572,53.84663600708663
STU_012573,75.30152745529855
STU_012574,61.74612516886977
STU_012575,70.95322667665185
STU_012576,73.29576718598817
STU_012577,99.93038395852298
STU_012578,50.81604935436585
STU_012579,74.88920406464405
STU_012580,77.40367668703301
STU_012581,67.01799192118156
STU_012582,74.4080353020804
STU_012583,61.24247856666483
STU_012584,58.277355103493
STU_012585,73.4369773687639
STU_012586,74.30675370778232
STU_012587,70.3318652926053
STU_012588,69.46981670952673
STU_012589,49.38990665538794
STU_012590,65.10681670858574
STU_012591,68.96878546866618
STU_012592,97.85369024014929
STU_012593,94.58364935166259
STU_012594,51.3468103589244
STU_012595,63.853224817940614
STU_012596,81.91210771054712
STU_012597,70.98572468907636
STU_012598,69.92652018301192
STU_012599,74.03583523913473
STU_012600,71.77932078397421
STU_012601,72.74809407772118
STU_012602,65.98621281049408
STU_012603,91.21904246549603
STU_012604,74.33458749415064
STU_012605,71.55424665347834
STU_012606,67.32929071914123
STU_012607,60.40934516547246
STU_012608,79.30563683778774
STU_012609,66.80094028710018
STU_012610,74.99574439071162
STU_012611,67.77226709148866
STU_012612,62.8993548822972
STU_012613,95.10334057965225
STU_012614,74.42107232405242
STU_012615,76.51355929341531
STU_012616,84.93992626311199
STU_012617,62.571578643609044
STU_012618,89.41035750492159
STU_012619,84.2890529647079
STU_012620,76.82868113791591
STU_012621,93.86446855109097
STU_012622,91.22095265778626
STU_012623,90.14598606401557
STU_012624,83.73333693485972
STU_012625,84.96142966941332
STU_012626,93.7471581828938
STU_012627,85.05019334766256
STU_012628,69.42411055873009
STU_012629,84.90090803538823
STU_012630,68.7742148525434
STU_012631,66.62326905530881
STU_012632,63.02773338586567
STU_012633,80.32394802429246
STU_012634,89.1303859356191
STU_012635,80.51320962214186
STU_012636,71.92771286057508
STU_012637,80.92673493634847
STU_012638,84.01227964851198
STU_012639,96.36284358788686
STU_012640,83.26078913862894
STU_012641,69.22052166399615
STU_012642,64.84889692430461
STU_012643,77.5612016022735
STU_012644,80.01558480138247
STU_012645,54.45660945488677
STU_012646,88.5037905970561
STU_012647,82.84428673955372
STU_012648,66.3394257157993
STU_012649,80.5545773800615
STU_012650,85.81509050032162
STU_012651,79.9566995816116
STU_012652,99.4876038861552
STU_012653,90.13191847812452
STU_012654,81.83219919210335
STU_012655,70.22831833945314
STU_012656,74.91009018532702
STU_012657,94.98920576132889
STU_012658,85.17713135920614
STU_012659,81.94594122497469
STU_012660,73.58150351070445
STU_012661,89.80027823831153
STU_012662,95.14019306572423
STU_012663,68.40656141914636
STU_012664,53.05760770294345
STU_012665,91.45512577738936
STU_012666,61.710181103296236
STU_012667,87.54153218052434
STU_012668,75.89491339549289
STU_012669,64.04757950329724
STU_012670,61.84637768878068
STU_012671,69.30591422498384
STU_012672,61.32907969240946
STU_012673,57.69831661099431
STU_012674,61.01147110781935
STU_012675,73.95219848997054
STU_012676,96.54908506465189
STU_012677,57.922651097370434
STU_012678,71.50415459529843
STU_012679,79.5909241858447
STU_012680,78.92773592503798
STU_012681,72.92050620471372
STU_012682,87.67289026879398
STU_012683,78.50826485366137
STU_012684,83.95576828238568
STU_012685,97.27889576802647
STU_012686,69.85963666820726
STU_012687,83.28530409924429
STU_012688,85.95539703855238
STU_012689,72.59865001567977
STU_012690,62.28489464838724
STU_012691,77.12526509688223
STU_012692,78.55232356512563
STU_012693,85.19647259152897
STU_012694,61.24420042510168
STU_012695,70.28578172031945
STU_012696,65.34029690205162
STU_012697,80.49632685631771
STU_012698,65.25243755438807
STU_012699,74.8313817524389
STU_012700,68.0822485629337
STU_012701,100.0
STU_012702,73.25165640749975
STU_012703,66.27144272151038
STU_012704,74.28586647586178
STU_012705,64.14795211328777
STU_012706,72.55317610149186
STU_012707,95.82386382702764
STU_012708,54.84950834786821
STU_012709,66.615856840421
STU_012710,93.04123563388077
STU_012711,71.37991622096
STU_012712,64.31288506967755
STU_012713,64.68544688795862
STU_012714,88.62679504107221
STU_012715,72.10411400464007
STU_012716,78.07701958824163
STU_012717,68.85986656651771
STU_012718,83.86224757173828
STU_012719,62.011886110290476
STU_012720,80.84738057722481
STU_012721,77.3603820767226
STU_012722,50.251023420488664
STU_012723,79.98055838904483
STU_012724,90.02085691211087
STU_012725,57.99692074836998
STU_012726,53.73166238571069
STU_012727,65.79415027528417
STU_012728,89.74725058461851
STU_012729,61.17628002807249
STU_012730,86.00291740876764
STU_012731,99.25760851936683
STU_012732,79.82683494413041
STU_012733,55.03735684666538
STU_012734,89.17564972275476
STU_012735,61.84367635335962
STU_012736,100.0
STU_012737,71.29943595701818
STU_012738,79.61939019581172
STU_012739,77.40173155822079
STU_012740,89.21661553276762
STU_012741,50.61247473370629
STU_012742,67.89068850001686
STU_012743,80.541959564725
STU_012744,81.1723343608729
STU_012745,65.89105401471225
STU_012746,81.39732167981131
STU_012747,62.4208864729779
STU_012748,92.16273623368211
STU_012749,82.93303771289403
STU_012750,72.49169176996367
STU_012751,53.70940981350165
STU_012752,70.83345652568134
STU_012753,66.50245919337767
STU_012754,62.1707448093269
STU_012755,88.12200826824281
STU_012756,63.18074988002715
STU_012757,49.32470698919106
STU_012758,90.1038478148914
STU_012759,60.99520904787477
STU_012760,75.71457066586424
STU_012761,59.171104135610484
STU_012762,82.98289334472346
STU_012763,98.68306687585238
STU_012764,94.02836107328206
STU_012765,90.92215788775665
STU_012766,62.254720540551546
STU_012767,95.90944583575
STU_012768,84.80988715066742
STU_012769,69.10229217647408
STU_012770,54.64196632944361
STU_012771,54.37068396646438
STU_012772,99.08306266325424
STU_012773,63.92805177190978
STU_012774,77.89587469793797
STU_012775,64.23534899153844
STU_012776,77.0101265193544
STU_012777,49.41116163735098
STU_012778,69.80877730379842
STU_012779,75.73636338092082
STU_012780,73.17206399690032
STU_012781,86.25019722182682
STU_012782,52.4399319051682
STU_012783,98.71896166140459
STU_012784,52.237467297385024
STU_012785,74.75177149094658
STU_012786,53.10952501463997
STU_012787,71.14891410937804
STU_012788,93.73977416357505
STU_012789,76.69518705946483
STU_012790,98.16081103983859
STU_012791,83.24392669128753
STU_012792,68.15362525210656
STU_012793,88.24723171900621
STU_012794,74.93868638262659
STU_012795,93.0950292316718
STU_012796,70.49296269732415
STU_012797,63.04681933594671
STU_012798,96.76728260560917
STU_012799,82.39686554903486
STU_012800,51.323825532923806
STU_012801,67.77267163071356
STU_012802,70.1011551664761
STU_012803,91.09534647912612
STU_012804,65.57685508258277
STU_012805,76.80842384143963
STU_012806,80.43426335038593
STU_012807,62.78864447087356
STU_012808,81.19564123743581
STU_012809,83.7503715990358
STU_012810,86.37335058988711
STU_012811,81.72538343981806
STU_012812,69.91457460555533
STU_012813,78.06532532634375
STU_012814,66.95034414183533
STU_012815,67.48994234508682
STU_012816,82.44805152322127
STU_012817,68.69343387994817
STU_012818,86.23325521199212
STU_012819,54.069387575791396
STU_012820,84.33225747580407
STU_012821,71.97987721697292
STU_012822,86.89864648621489
STU_012823,77.11356616337821
STU_012824,79.54709080025538
STU_012825,57.46435564685007
STU_012826,85.73929566345326
STU_012827,61.64308299009467
STU_012828,88.24677785638008
STU_012829,73.29686309677771
STU_012830,79.29560775031456
STU_012831,68.95124206857827
STU_012832,97.82906402141316
STU_012833,86.83138444345467
STU_012834,73.10714593089624
STU_012835,69.09051716123238
STU_012836,82.8920126827717
STU_012837,65.72567761930824
STU_012838,64.52570449388492
STU_012839,67.75476895129646
STU_012840,88.25160275213436
STU_012841,70.22580911546757
STU_012842,73.67153468191732
STU_012843,77.9374747217184
STU_012844,78.08917120356499
STU_012845,64.41536307562484
STU_012846,72.85846609742562
STU_012847,74.68160754907171
STU_012848,73.79851638986267
STU_012849,86.70844752472573
STU_012850,78.25036051789186
STU_012851,83.5247326700115
STU_012852,87.68123194778745
STU_012853,61.41348157313503
STU_012854,84.51946241900694
STU_012855,81.40660851071915
STU_012856,70.75566854858587
STU_012857,99.76318375764717
STU_012858,86.19232522567809
STU_012859,64.56308548873756
STU_012860,83.85174058807029
STU_012861,65.77818560864476
STU_012862,73.81781148090421
STU_012863,96.66902614404106
STU_012864,76.81971309745039
STU_012865,63.757452765702105
STU_012866,73.58212019745898
STU_012867,89.85214956246253
STU_012868,82.39332772179591
STU_012869,64.10432826438378
STU_012870,83.11454133410406
STU_012871,85.96045616434745
STU_012872,85.2369557960273
STU_012873,60.68386271578477
STU_012874,74.98448625619187
STU_012875,70.85320141743841
STU_012876,52.70128114809813
STU_012877,75.46645032174396
STU_012878,96.82410490080191
STU_012879,77.83139525135287
STU_012880,84.49746827699842
STU_012881,97.66475995240425
STU_012882,87.27996440553545
STU_012883,64.77009702757087
STU_012884,80.02916133049634
STU_012885,75.05921906258317
STU_012886,55.40895637338028
STU_012887,69.50403505173497
STU_012888,68.1285514497282
STU_012889,69.174043731941
STU_012890,66.3488319958315
STU_012891,73.68183634416916
STU_012892,71.63500640954909
STU_012893,84.16500649013426
STU_012894,72.31081844592921
STU_012895,93.2520149011761
STU_012896,73.07910108804842
STU_012897,74.85633728700853
STU_012898,90.38650684656184
STU_012899,81.49463831762603
STU_012900,78.08706286123703
STU_012901,69.47494949048502
STU_012902,83.60915975485041
STU_012903,71.15219843137946
STU_012904,83.911948003875
STU_012905,62.88523731768136
STU_012906,99.15562043836078
STU_012907,52.982555951131616
STU_012908,88.73726657122717
STU_012909,66.56648996805744
STU_012910,32.57049404252951
STU_012911,80.64137175061605
STU_012912,52.572184023045395
STU_012913,59.917762795450685
STU_012914,72.0398625006266
STU_012915,58.1408090793156
STU_012916,66.10674173471149
STU_012917,95.4311477105926
STU_012918,55.03987573884533
STU_012919,95.25491144265686
STU_012920,79.4710479290504
STU_012921,61.30137067641563
STU_012922,76.83293280207047
STU_012923,63.92103481374744
STU_012924,74.55627519346717
STU_012925,73.3074123887701
STU_012926,63.89138735610382
STU_012927,87.29653537684287
STU_012928,62.35763980011387
STU_012929,66.35831478636752
STU_012930,69.65355928741963
STU_012931,87.8834936758289
STU_012932,66.76032112616663
STU_012933,67.64502910150166
STU_012934,67.49161405849529
STU_012935,68.44994538535256
STU_012936,67.23352284295561
STU_012937,72.62253618032506
STU_012938,94.22671375807704
STU_012939,48.06170166679655
STU_012940,74.90796791867089
STU_012941,57.908516436958564
STU_012942,75.38310299981156
STU_012943,68.40251076847441
STU_012944,80.67579283276255
STU_012945,91.94854434050932
STU_012946,57.88867973849402
STU_012947,73.95648436611272
STU_012948,88.3878230134276
STU_012949,99.04549672614853
STU_012950,78.98342337602101
STU_012951,85.87779887209726
STU_012952,68.98625654765475
STU_012953,82.49873840841738
STU_012954,80.13354611864777
STU_012955,86.51511130219464
STU_012956,72.01688845617375
STU_012957,68.33928715416101
STU_012958,79.28681830044768
STU_012959,79.61695023716989
STU_012960,79.74873837392673
STU_012961,83.51119339555026
STU_012962,59.0213904707051
STU_012963,66.23580396711655
STU_012964,88.01778509070492
STU_012965,74.76222707097172
STU_012966,73.9045159536653
STU_012967,67.08472042984755
STU_012968,75.90624770737213
STU_012969,74.11452307097262
STU_012970,57.108234553326525
STU_012971,76.51550078593746
STU_012972,79.41782634832043
STU_012973,53.59505558244772
STU_012974,57.26496619351356
STU_012975,57.100687404608585
STU_012976,84.18249510963827
STU_012977,78.7752445521185
STU_012978,93.39829691654651
STU_012979,68.11888674439854
STU_012980,67.61802586021825
STU_012981,90.61223069144741
STU_012982,69.30226844738851
STU_012983,94.31076795249581
STU_012984,60.24758271048355
STU_012985,64.0045111158138
STU_012986,63.89285515454672
STU_012987,52.42912478171516
STU_012988,89.08983655458016
STU_012989,96.73256374686721
STU_012990,59.469258093936844
STU_012991,69.77704025010395
STU_012992,51.79175286166249
STU_012993,100.0
STU_012994,77.37548394616698
STU_012995,64.03698363589051
STU_012996,57.40382623971537
STU_012997,83.28057215000938
STU_012998,78.3255611427068
STU_012999,90.8266919460049
STU_013000,91.88002590858657
STU_013001,98.58020846371812
STU_013002,83.95948184839536
STU_013003,79.42273401936043
STU_013004,89.0704576786594
STU_013005,78.6789046810284
STU_013006,74.51215796155847
STU_013007,75.13591870419134
STU_013008,86.94320981259838
STU_013009,81.14590257034943
STU_013010,74.77337303674268
STU_013011,54.50930600941052
STU_013012,57.60000872845194
STU_013013,87.79957001514644
STU_013014,84.1558559890951
STU_013015,80.54524395643072
STU_013016,59.97228437127684
STU_013017,90.79816745711886
STU_013018,80.5384308267767
STU_013019,90.38145618917733
STU_013020,61.19728963628765
STU_013021,69.96558765023869
STU_013022,99.31022812129237
STU_013023,76.24869724496989
STU_013024,88.7959316571255
STU_013025,71.56540922767729
STU_013026,72.35425980538079
STU_013027,73.24629805420453
STU_013028,81.66813250994676
STU_013029,73.03857727978641
STU_013030,75.62222494290688
STU_013031,68.13861876228373
STU_013032,100.0
STU_013033,69.12473093950096
STU_013034,98.6171964473393
STU_013035,94.35139770906987
STU_013036,55.27280190629599
STU_013037,86.96422653323049
STU_013038,74.20747562070319
STU_013039,83.30397577820709
STU_013040,99.59470816790596
STU_013041,78.7181742919253
STU_013042,62.211964985054536
STU_013043,94.73046206217673
STU_013044,69.1193183635482
STU_013045,85.76823546749146
STU_013046,62.795421718708695
STU_013047,76.14730115223294
STU_013048,92.63237667356219
STU_013049,81.93629909368966
STU_013050,78.76118691627929
STU_013051,90.18649322594898
STU_013052,69.30248697565237
STU_013053,72.00821004516656
STU_013054,64.37768758310392
STU_013055,89.38213857724969
STU_013056,83.57679170926997
STU_013057,52.6584606396234
STU_013058,59.231444007671854
STU_013059,92.08127090804325
STU_013060,62.94841124039004
STU_013061,62.682940044876894
STU_013062,99.94179034071392
STU_013063,86.62089969505567
STU_013064,62.32117206069414
STU_013065,54.570771023563964
STU_013066,100.0
STU_013067,76.84563925218733
STU_013068,90.19339637574312
STU_013069,96.69816573339114
STU_013070,63.58227596765896
STU_013071,82.10005977896385
STU_013072,84.5153232249662
STU_013073,70.72440893131923
STU_013074,72.64195199145689
STU_013075,51.98452722890323
STU_013076,82.46623201967117
STU_013077,92.12149106229634
STU_013078,71.2969730120138
STU_013079,87.83581600766391
STU_013080,72.82618867396278
STU_013081,75.3809098596988
STU_013082,59.2575056109976
STU_013083,63.079574852733934
STU_013084,72.74017157985364
STU_013085,80.35534515645926
STU_013086,79.76521922695699
STU_013087,62.88683967397481
STU_013088,81.26703097304144
STU_013089,65.74063959482928
STU_013090,97.55834491254797
STU_013091,63.814806672320984
STU_013092,66.95610319722928
STU_013093,86.2385794287317
STU_013094,87.171524726707
STU_013095,72.05720996973528
STU_013096,80.69188205952686
STU_013097,84.18562318098778
STU_013098,82.67688719570081
STU_013099,59.90591575908985
STU_013100,77.88042906956404
STU_013101,81.57177247892946
STU_013102,95.36463179572857
STU_013103,72.5045224599441
STU_013104,77.00056029674737
STU_013105,63.23831100096914
STU_013106,89.86511672434627
STU_013107,57.5555815638951
STU_013108,96.46678884943806
STU_013109,85.29020537326502
STU_013110,60.51402983153989
STU_013111,100.0
STU_013112,100.0
STU_013113,75.12705728550775
STU_013114,66.58484559937457
STU_013115,78.54855603876915
STU_013116,60.110530613317344
STU_013117,69.24007248458048
STU_013118,72.54720795418599
STU_013119,87.16815329683544
STU_013120,67.23531321028308
STU_013121,92.33246205713847
STU_013122,75.98339308473149
STU_013123,91.69199300274714
STU_013124,96.15960774501318
STU_013125,87.43893811073548
STU_013126,66.88878261815917
STU_013127,69.72327377211278
STU_013128,85.60032657683466
STU_013129,80.60333521513053
STU_013130,96.86500617867
STU_013131,47.376102103046485
STU_013132,86.08981183129352
STU_013133,97.20981806766058
STU_013134,67.73348344580066
STU_013135,68.6685576447084
STU_013136,65.92859149551778
STU_013137,86.25790131006218
STU_013138,70.37146010970244
STU_013139,79.50257856362626
STU_013140,100.0
STU_013141,76.51177598093085
STU_013142,58.80193259287648
STU_013143,76.90807406677975
STU_013144,62.088968085222305
STU_013145,62.41537148705897
STU_013146,54.697011754917064
STU_013147,78.97386355704248
STU_013148,78.00081235655539
STU_013149,84.87676880421803
STU_013150,79.17385345753672
STU_013151,76.63125947748361
STU_013152,85.0369520943046
STU_013153,71.6532999308118
STU_013154,78.80147972032441
STU_013155,98.15286404561209
STU_013156,76.60621610536596
STU_013157,73.79779926891928
STU_013158,87.56463049408256
STU_013159,82.1646444134451
STU_013160,65.47300260223152
STU_013161,63.35104175354466
STU_013162,58.63564098813923
STU_013163,91.31437311360098
STU_013164,66.99143884144605
STU_013165,70.16344031979554
STU_013166,47.71728776488642
STU_013167,94.28246258302153
STU_013168,73.93768948885251
STU_013169,74.47998701537745
STU_013170,73.48854598226592
STU_013171,79.3403243825987
STU_013172,63.842997529324705
STU_013173,87.51211359149572
STU_013174,62.16498358039229
STU_013175,55.333288918478786
STU_013176,93.66874075184779
STU_013177,63.906319619435344
STU_013178,87.70562698640164
STU_013179,68.99859544032557
STU_013180,90.29468870904174
STU_013181,83.15462070573064
STU_013182,68.78672786939882
STU_013183,78.05549058244526
STU_013184,73.09989058859776
STU_013185,70.14199839685105
STU_013186,56.83203663417832
STU_013187,66.26376607170693
STU_013188,92.96313300764211
STU_013189,100.0
STU_013190,78.6136477368953
STU_013191,94.95997917226269
STU_013192,79.12899229234282
STU_013193,81.92915783051504
STU_013194,99.18890752713556
STU_013195,86.65337040733755
STU_013196,80.13693731757061
STU_013197,52.75697203110144
STU_013198,68.73465370479877
STU_013199,78.16301581245156
STU_013200,52.075355159308316
STU_013201,80.98275964162549
STU_013202,63.141509341330305
STU_013203,72.87667205577074
STU_013204,62.17879938613133
STU_013205,79.98963155884108
STU_013206,65.601755472156
STU_013207,69.92659700499352
STU_013208,67.99516390773803
STU_013209,74.6894212134168
STU_013210,55.25025613090436
STU_013211,77.31365630715582
STU_013212,54.68601607460161
STU_013213,71.16461802576784
STU_013214,95.43054711372784
STU_013215,49.91272432220768
STU_013216,100.0
STU_013217,95.15204887699119
STU_013218,69.33007513679135
STU_013219,85.40790636423597
STU_013220,97.76576862564448
STU_013221,65.16131424209607
STU_013222,69.73222041249059
STU_013223,89.84766068117494
STU_013224,69.83175722043669
STU_013225,51.8997519213887
STU_013226,82.81617094617015
STU_013227,89.14570065732462
STU_013228,66.83370839175899
STU_013229,65.21855078275152
STU_013230,72.50501759311868
STU_013231,64.95786285267761
STU_013232,68.27351398207838
STU_013233,90.86945434201414
STU_013234,65.46563288423529
STU_013235,70.61874140980915
STU_013236,90.27699606129397
STU_013237,63.65256044650121
STU_013238,75.74454665053574
STU_013239,73.51621064474553
STU_013240,62.33934535164502
STU_013241,68.0554744290702
STU_013242,73.07096521826348
STU_013243,61.78568830050011
STU_013244,73.34987790476643
STU_013245,69.5325174833333
STU_013246,67.36735529030973
STU_013247,100.0
STU_013248,92.4059076884731
STU_013249,47.79036939986808
STU_013250,77.90031264851523
STU_013251,81.82620363009963
STU_013252,83.06258231285804
STU_013253,64.03436980018488
STU_013254,93.01585434109253
STU_013255,75.08909325331565
STU_013256,70.36635965724128
STU_013257,78.49684078466777
STU_013258,64.45520598404809
STU_013259,57.744094786687924
STU_013260,68.3522964328416
STU_013261,69.62857152014794
STU_013262,58.16165217129712
STU_013263,55.84022549795847
STU_013264,92.20216092872823
STU_013265,78.73058742778227
STU_013266,70.1170677683791
STU_013267,72.04361802458637
STU_013268,61.670115118800965
STU_013269,82.287962841787
STU_013270,97.58696903741117
STU_013271,64.41914632388777
STU_013272,79.7298837904799
STU_013273,65.54657184630726
STU_013274,75.55204479787326
STU_013275,64.0763671389589
STU_013276,57.89296017989618
STU_013277,63.78363240223199
STU_013278,63.23686950853989
STU_013279,57.5036876802884
STU_013280,90.89403592780228
STU_013281,93.21300291364211
STU_013282,94.05138665376464
STU_013283,75.6850341644942
STU_013284,76.92525549985265
STU_013285,73.29507945528663
STU_013286,66.52099422046945
STU_013287,95.64737434689346
STU_013288,83.85304094068982
STU_013289,96.52866421036698
STU_013290,79.04896814473125
STU_013291,86.85898756727973
STU_013292,84.7749726787327
STU_013293,75.13932306491776
STU_013294,86.79697286338897
STU_013295,69.45903234406313
STU_013296,81.56838131402941
STU_013297,76.11337933313607
STU_013298,55.70788706896231
STU_013299,86.17294044908263
STU_013300,73.36408436714656
STU_013301,87.6464991304349
STU_013302,85.10032560198977
STU_013303,88.52049716592964
STU_013304,83.43164551653496
STU_013305,68.75506694000477
STU_013306,65.26014793509569
STU_013307,78.9384399813287
STU_013308,97.72986972806794
STU_013309,70.13877310964413
STU_013310,61.90507673497059
STU_013311,90.84168636424405
STU_013312,53.72775693582945
STU_013313,68.46181877526095
STU_013314,72.04224749804925
STU_013315,67.20882501089439
STU_013316,78.37780246249548
STU_013317,72.99834546142075
STU_013318,51.63059671530202
STU_013319,73.84636097512676
STU_013320,78.7632962373914
STU_013321,78.1670926412915
STU_013322,100.0
STU_013323,94.88447260618706
STU_013324,82.78137440166266
STU_013325,78.93663228043461
STU_013326,76.36413905239098
STU_013327,73.6074542899752
STU_013328,68.10113075363202
STU_013329,87.39417313241225
STU_013330,63.18078853479331
STU_013331,74.28077712830417
STU_013332,68.68459323789878
STU_013333,62.559594341248555
STU_013334,69.52332791496463
STU_013335,65.75411746410583
STU_013336,83.51689385617641
STU_013337,51.00310491732247
STU_013338,67.74657915509489
STU_013339,71.26444085901576
STU_013340,93.87736410493817
STU_013341,71.93230475139873
STU_013342,86.15176277688047
STU_013343,71.80358890889643
STU_013344,78.19037745991645
STU_013345,65.5581149648116
STU_013346,96.60470433031067
STU_013347,80.340429116064
STU_013348,82.79369061847346
STU_013349,98.7324017743581
STU_013350,61.327334486633276
STU_013351,80.82006098206419
STU_013352,69.37881201605524
STU_013353,62.703575861982486
STU_013354,58.48067093601733
STU_013355,86.88708884263411
STU_013356,64.50584820728133
STU_013357,66.92243237525557
STU_013358,73.01554566949923
STU_013359,73.13117423839546
STU_013360,73.36041050896466
STU_013361,70.88765272656974
STU_013362,85.36343120707019
STU_013363,74.6048918318292
STU_013364,67.31692199380262
STU_013365,85.4679662521976
STU_013366,98.4539841926429
STU_013367,80.7233040067031
STU_013368,85.48823576332245
STU_013369,56.289646877241644
STU_013370,79.05179446636527
STU_013371,68.33690839730622
STU_013372,77.42035445089229
STU_013373,76.9339202973176
STU_013374,93.61719634878943
STU_013375,88.34954468749152
STU_013376,42.74593489197294
STU_013377,80.36160532883338
STU_013378,63.02430277749259
STU_013379,79.44863155725236
STU_013380,85.90355426300829
STU_013381,95.57971798304277
STU_013382,98.55023146260874
STU_013383,62.85608612741689
STU_013384,59.10134563471378
STU_013385,66.22668729012271
STU_013386,97.81778328739668
STU_013387,56.06606407433058
STU_013388,80.41738392577196
STU_013389,67.02403388308142
STU_013390,67.58661967317423
STU_013391,83.83894217439824
STU_013392,96.97795414894307
STU_013393,71.96294807632822
STU_013394,97.67848881201209
STU_013395,62.955436084727666
STU_013396,68.13836218452067
STU_013397,100.0
STU_013398,88.49654625487366
STU_013399,62.30802867975428
STU_013400,64.30305403179335
STU_013401,100.0
STU_013402,74.53584188492975
STU_013403,91.77696390276766
STU_013404,65.5839612906834
STU_013405,78.97073747702994
STU_013406,100.0
STU_013407,70.65619797701379
STU_013408,65.0396069024713
STU_013409,60.208558588806774
STU_013410,76.47116449306733
STU_013411,64.41566305734862
STU_013412,65.60876711565466
STU_013413,78.04613153579037
STU_013414,85.81625942321665
STU_013415,72.10802176384537
STU_013416,54.95379176682356
STU_013417,76.44844172216955
STU_013418,49.68011434895265
STU_013419,63.88386490616958
STU_013420,98.93987697760258
STU_013421,100.0
STU_013422,88.94227786114465
STU_013423,57.246735306165974
STU_013424,97.59040035673009
STU_013425,82.0357814653143
STU_013426,53.8331563371834
STU_013427,72.5984209878173
STU_013428,77.81266348899477
STU_013429,90.81473705913595
STU_013430,65.70774379192657
STU_013431,65.85695238783728
STU_013432,77.13415412504193
STU_013433,92.35553760164572
STU_013434,90.59771655629231
STU_013435,93.39338052980774
STU_013436,70.55296289962644
STU_013437,76.67965370773908
STU_013438,75.54046123198201
STU_013439,90.22500962910729
STU_013440,76.257999658587
STU_013441,95.70394197888771
STU_013442,97.25285104834616
STU_013443,67.35106709901574
STU_013444,86.58513592154651
STU_013445,79.31900637516082
STU_013446,92.79086380745025
STU_013447,85.1098772360997
STU_013448,83.79453649683147
STU_013449,74.80186864214365
STU_013450,96.36829041500921
STU_013451,74.49544640253652
STU_013452,76.66356841094463
STU_013453,79.28957981628132
STU_013454,68.43742379545296
STU_013455,98.48190195676091
STU_013456,69.19035152397456
STU_013457,68.1982134824114
STU_013458,72.65569918640855
STU_013459,59.116502773795254
STU_013460,58.29494457313511
STU_013461,74.57237971985577
STU_013462,57.32141054414174
STU_013463,80.82137676724582
STU_013464,59.43224736006254
STU_013465,63.90014970843758
STU_013466,89.6187868278315
STU_013467,59.351988221400845
STU_013468,90.40780212469222
STU_013469,76.53354225034505
STU_013470,89.35182576613829
STU_013471,85.3852227668005
STU_013472,81.21435229326853
STU_013473,66.78772302451264
STU_013474,79.82720170607779
STU_013475,86.73395605928177
STU_013476,76.74720498007073
STU_013477,65.24468259923256
STU_013478,79.9590926452464
STU_013479,70.91381034239059
STU_013480,83.435647203072
STU_013481,75.25829015479722
STU_013482,76.769405941857
STU_013483,77.09862885029798
STU_013484,83.89722035925195
STU_013485,92.65191692176705
STU_013486,54.50443984955153
STU_013487,77.43462458303418
STU_013488,81.75354843613349
STU_013489,71.17138223152415
STU_013490,76.19694749463338
STU_013491,84.58821480330752
STU_013492,81.05206776058532
STU_013493,64.51147538400284
STU_013494,73.06172378229952
STU_013495,83.45398620215602
STU_013496,84.99192024824107
STU_013497,51.322508872949115
STU_013498,70.41976860551694
STU_013499,80.39591221715872
STU_013500,65.25772230296862
STU_013501,84.81526720854531
STU_013502,78.74604322974541
STU_013503,70.26093734852422
STU_013504,86.41332573877803
STU_013505,70.00902761027425
STU_013506,94.88114752833867
STU_013507,62.92985779802315
STU_013508,72.33549792053785
STU_013509,85.87803512881972
STU_013510,69.02843411337848
STU_013511,84.04277373335084
STU_013512,67.86799772538899
STU_013513,50.496239870599226
STU_013514,87.45720647956719
STU_013515,72.48426390917237
STU_013516,100.0
STU_013517,78.50360358910878
STU_013518,72.05283638999444
STU_013519,100.0
STU_013520,68.2114151179253
STU_013521,62.60847625266427
STU_013522,66.1698952718869
STU_013523,93.58592248987834
STU_013524,78.1996232116232
STU_013525,72.30931287012694
STU_013526,78.68158296402663
STU_013527,66.73268669163099
STU_013528,54.520205639287745
STU_013529,97.61403934892164
STU_013530,71.28403472774666
STU_013531,95.87119243437826
STU_013532,58.66267629813182
STU_013533,74.03357109291147
STU_013534,91.46508581241841
STU_013535,96.59472769893935
STU_013536,85.42686305733886
STU_013537,75.50494924497158
STU_013538,95.7429594593221
STU_013539,67.35827671147108
STU_013540,100.0
STU_013541,67.72376033688647
STU_013542,84.23069570436947
STU_013543,70.58324820853338
STU_013544,74.57529782044672
STU_013545,85.30942707556183
STU_013546,97.51276092803427
STU_013547,98.33757725914465
STU_013548,78.93274918098126
STU_013549,65.41619310536218
STU_013550,73.9225206678446
STU_013551,69.06842772245972
STU_013552,80.43026263075697
STU_013553,72.93271900828658
STU_013554,71.9518807363302
STU_013555,59.919852354343504
STU_013556,85.74785367004333
STU_013557,67.29973036928969
STU_013558,67.36460220198794
STU_013559,83.20690448346593
STU_013560,51.372367492426214
STU_013561,70.57248785408399
STU_013562,90.7953869754958
STU_013563,83.39043121386577
STU_013564,57.67279722654601
STU_013565,81.87911777620222
STU_013566,70.20949900130212
STU_013567,94.89276905638796
STU_013568,73.45996046323467
STU_013569,74.01732116654446
STU_013570,71.1341596272402
STU_013571,71.7616637899982
STU_013572,59.22465292630677
STU_013573,65.62829727362474
STU_013574,75.89484855538541
STU_013575,57.61229875090305
STU_013576,69.04214611577657
STU_013577,62.65814401678486
STU_013578,74.96245666476523
STU_013579,72.40696824237008
STU_013580,85.21647379236774
STU_013581,55.94404864707827
STU_013582,80.26043217488231
STU_013583,70.99913999310334
STU_013584,70.57519516669441
STU_013585,60.43400997047873
STU_013586,62.63189799705154
STU_013587,97.32006683092531
STU_013588,69.18935237347539
STU_013589,74.65380511434174
STU_013590,77.30352841443658
STU_013591,90.55551224941081
STU_013592,100.0
STU_013593,95.60403535452333
STU_013594,69.12030772033691
STU_013595,62.356779835099246
STU_013596,83.86064575459783
STU_013597,63.7206071773592
STU_013598,74.21109519115062
STU_013599,71.78829116385297
STU_013600,98.36667193603691
STU_013601,66.75036463562142
STU_013602,65.44337536653046
STU_013603,95.49198311201464
STU_013604,66.38099409555467
STU_013605,89.122010380989
STU_013606,69.38913493636699
STU_013607,42.25447727108117
STU_013608,81.65811854567954
STU_013609,79.76286850653325
STU_013610,92.33784444983354
STU_013611,95.48013998850406
STU_013612,62.15762951914363
STU_013613,75.35091600512008
STU_013614,53.614164615266425
STU_013615,85.03589126856735
STU_013616,81.34095427710531
STU_013617,63.9595618492075
STU_013618,64.60884460204696
STU_013619,66.41117383033344
STU_013620,73.25219670037369
STU_013621,72.3563612003632
STU_013622,61.791422418228564
STU_013623,49.99854743719865
STU_013624,52.00650742846706
STU_013625,82.02346077016107
STU_013626,76.72302499530264
STU_013627,88.4896860082901
STU_013628,96.19367746023616
STU_013629,85.56100499743283
STU_013630,69.49419869775097
STU_013631,67.91279296655549
STU_013632,57.21472227786754
STU_013633,95.49035624236116
STU_013634,65.43906128904841
STU_013635,99.12203877943276
STU_013636,70.88360052750564
STU_013637,77.68586508100574
STU_013638,83.18629461589396
STU_013639,65.53571988689183
STU_013640,77.18288138476115
STU_013641,85.77316574937578
STU_013642,71.22427581729927
STU_013643,80.88317686572579
STU_013644,63.95019749848886
STU_013645,74.61775520020169
STU_013646,92.81006897357423
STU_013647,77.61603462342688
STU_013648,98.29400629775945
STU_013649,75.5880593994348
STU_013650,94.5995171953043
STU_013651,72.24246034265605
STU_013652,66.46720639195163
STU_013653,91.16290395176244
STU_013654,76.37785423470916
STU_013655,76.215601056766
STU_013656,99.69402542335587
STU_013657,64.26851003806149
STU_013658,82.26819034962753
STU_013659,65.94077985746064
STU_013660,65.52716118593477
STU_013661,75.02914903397755
STU_013662,83.65538063284383
STU_013663,75.11489547758926
STU_013664,90.58359446085416
STU_013665,79.12060054696593
STU_013666,79.99465162329852
STU_013667,59.11396929549038
STU_013668,92.49075130110768
STU_013669,62.574632154974736
STU_013670,87.1557953861871
STU_013671,100.0
STU_013672,68.64540112705993
STU_013673,96.1264126896407
STU_013674,77.42432219619667
STU_013675,63.02872824998275
STU_013676,77.49563287934919
STU_013677,86.43579760866704
STU_013678,70.29437239667584
STU_013679,65.93839684517265
STU_013680,54.73158790654705
STU_013681,98.06926992456957
STU_013682,42.82464365878579
STU_013683,56.986373527432875
STU_013684,75.78968282193776
STU_013685,84.19236779774866
STU_013686,92.14898125281103
STU_013687,73.99495069277835
STU_013688,64.92891837793142
STU_013689,97.96675836169783
STU_013690,89.97484732501172
STU_013691,66.43320487546444
STU_013692,62.022243518216925
STU_013693,87.9635039852283
STU_013694,75.90001721580064
STU_013695,70.09499921622684
STU_013696,99.69537572975275
STU_013697,69.5493630573862
STU_013698,63.60820703900514
STU_013699,67.3935582636681
STU_013700,80.12064212750555
STU_013701,82.64602688776432
STU_013702,92.672431765889
STU_013703,68.12660401259512
STU_013704,78.24912489841226
STU_013705,84.63297272271947
STU_013706,67.19426320076263
STU_013707,71.24989649321061
STU_013708,58.118227454711004
STU_013709,86.29765714278953
STU_013710,81.4521486304756
STU_013711,98.11454073126404
STU_013712,74.56199107901169
STU_013713,60.93765792379152
STU_013714,70.75828726490872
STU_013715,97.39282262524732
STU_013716,67.84326026343263
STU_013717,56.45348063678089
STU_013718,82.96111206255196
STU_013719,72.25448884979377
STU_013720,52.354772559370446
STU_013721,57.26277399445261
STU_013722,80.00654705249734
STU_013723,85.73331654090842
STU_013724,90.26119072255409
STU_013725,73.81684579857219
STU_013726,64.49679708866893
STU_013727,70.16667338447218
STU_013728,95.71363867262302
STU_013729,91.83413976541985
STU_013730,79.38839778428701
STU_013731,91.22140418630997
STU_013732,76.08833670481222
STU_013733,84.75388207888203
STU_013734,58.44751052191791
STU_013735,71.45526428799434
STU_013736,99.26210163211951
STU_013737,82.3959591990323
STU_013738,78.39928449162201
STU_013739,71.3064593977297
STU_013740,85.63611611153158
STU_013741,75.7969146396937
STU_013742,91.84765956242904
STU_013743,93.2564786897291
STU_013744,66.15651311359262
STU_013745,93.00523005130376
STU_013746,82.55685465512998
STU_013747,94.11071683648726
STU_013748,72.04945473269005
STU_013749,95.69188213740904
STU_013750,74.53705310599297
STU_013751,75.14140767532436
STU_013752,77.98135603082503
STU_013753,81.24988813208768
STU_013754,69.99663356040278
STU_013755,63.771896204508906
STU_013756,64.75166446599088
STU_013757,100.0
STU_013758,93.89459492565825
STU_013759,56.34455909855143
STU_013760,59.26518662477736
STU_013761,96.61422051774967
STU_013762,81.16025282627942
STU_013763,73.49896829182735
STU_013764,62.25759283906418
STU_013765,64.81081037099429
STU_013766,82.91482829273696
STU_013767,89.70201606828374
STU_013768,72.78423191225231
STU_013769,55.50514640529884
STU_013770,89.78234662474118
STU_013771,94.3517452727312
STU_013772,66.18571386900771
STU_013773,69.85751828424216
STU_013774,75.28369049530826
STU_013775,77.67194302444862
STU_013776,61.86165121994026
STU_013777,78.43887627639454
STU_013778,93.36045144210689
STU_013779,97.12093181710782
STU_013780,69.93709240494304
STU_013781,61.43573881003773
STU_013782,77.79764171815727
STU_013783,88.9484899045146
STU_013784,76.6428749561633
STU_013785,68.80927371162468
STU_013786,79.56567146862287
STU_013787,96.9436326309085
STU_013788,57.38474198251896
STU_013789,82.46447739855442
STU_013790,63.06195463259503
STU_013791,82.55828982772226
STU_013792,99.57392015987915
STU_013793,73.53310706535072
STU_013794,73.46050445769308
STU_013795,76.85416326729583
STU_013796,69.07161767569048
STU_013797,88.71784748503609
STU_013798,59.67028644606746
STU_013799,77.9485821765792
STU_013800,80.79974486790988
STU_013801,97.57988323105769
STU_013802,80.87604272497153
STU_013803,75.80304172378507
STU_013804,71.6525870879946
STU_013805,84.1535181185927
STU_013806,70.39686544243033
STU_013807,80.70917609795323
STU_013808,72.13261260856981
STU_013809,76.34833966688319
STU_013810,88.98803548192019
STU_013811,67.71310008978163
STU_013812,80.65127443109867
STU_013813,70.63010962735136
STU_013814,65.06722425575256
STU_013815,76.54819603797336
STU_013816,70.96176428079089
STU_013817,81.28877227897348
STU_013818,56.59001543425773
STU_013819,88.0818653459896
STU_013820,76.43244864973207
STU_013821,74.07331238965985
STU_013822,94.44042402498985
STU_013823,85.29428074039046
STU_013824,69.39215642929736
STU_013825,62.93410624844315
STU_013826,86.08706946276766
STU_013827,74.18319402367878
STU_013828,87.43620696381912
STU_013829,78.91497710940423
STU_013830,84.85232102610998
STU_013831,81.53956934378733
STU_013832,91.72819814682566
STU_013833,81.07824496780363
STU_013834,66.72249480757071
STU_013835,79.35926139590524
STU_013836,67.46066820074908
STU_013837,97.41486434574067
STU_013838,54.79519935133564
STU_013839,58.193512330946895
STU_013840,57.54383349544748
STU_013841,98.4469618276859
STU_013842,77.47761401424697
STU_013843,73.78318620680687
STU_013844,71.35344972892047
STU_013845,94.76189757206046
STU_013846,86.90814551841524
STU_013847,42.663423366267054
STU_013848,100.0
STU_013849,55.59986453410298
STU_013850,72.19264451325049
STU_013851,66.90591050626867
STU_013852,88.38256740091131
STU_013853,67.24440967265473
STU_013854,82.31370655751104
STU_013855,76.04483629666963
STU_013856,60.21586793917683
STU_013857,76.20146202409633
STU_013858,86.19556450303594
STU_013859,79.45783138269158
STU_013860,70.5207263246854
STU_013861,68.26791522621683
STU_013862,84.3174130625135
STU_013863,85.54416759577558
STU_013864,68.25086444756411
STU_013865,89.15842775304355
STU_013866,57.16020456013079
STU_013867,72.80688762575888
STU_013868,95.35449412433434
STU_013869,73.35190308073888
STU_013870,49.86203208831181
STU_013871,71.23827786830756
STU_013872,100.0
STU_013873,67.94970524630507
STU_013874,61.40498316534203
STU_013875,60.35081951060542
STU_013876,78.38213418010147
STU_013877,55.85525291424898
STU_013878,59.09771945363738
STU_013879,65.4400764391693
STU_013880,95.83139606004437
STU_013881,69.26533019108892
STU_013882,79.58667943720253
STU_013883,67.82646524664186
STU_013884,80.47757003459382
STU_013885,87.89721707350495
STU_013886,87.37806257864321
STU_013887,73.15170986752535
STU_013888,79.31323245161732
STU_013889,76.88658870812786
STU_013890,91.63061410220334
STU_013891,93.78168877129639
STU_013892,72.47694860543388
STU_013893,56.21034707937298
STU_013894,93.1129069897355
STU_013895,53.33811206969958
STU_013896,92.7177155462325
STU_013897,75.91490025288522
STU_013898,78.92340399678656
STU_013899,82.62095064914408
STU_013900,67.63640188798811
STU_013901,79.59833389979087
STU_013902,74.86447411819086
STU_013903,70.54181138894836
STU_013904,65.44879446619845
STU_013905,86.71668110814852
STU_013906,80.11901275525906
STU_013907,70.92904814878594
STU_013908,66.8835010641965
STU_013909,92.85001700977708
STU_013910,61.545005288152545
STU_013911,80.89121110526376
STU_013912,78.93939597282512
STU_013913,70.74089898065014
STU_013914,62.541550781679206
STU_013915,66.6625616983442
STU_013916,97.49998997263214
STU_013917,55.62289920332499
STU_013918,57.936022954386374
STU_013919,78.44097805678663
STU_013920,79.45193676178008
STU_013921,61.511856271635125
STU_013922,96.12451127484526
STU_013923,85.74694103478647
STU_013924,83.8996405482934
STU_013925,69.76736261220806
STU_013926,80.9382528565643
STU_013927,99.102966257587
STU_013928,43.71072356422748
STU_013929,66.8596472337374
STU_013930,69.65041995500195
STU_013931,63.333146796244286
STU_013932,70.83381983728705
STU_013933,53.82075350354024
STU_013934,68.7676096235913
STU_013935,75.47044696911848
STU_013936,88.52765775923274
STU_013937,80.25223047996695
STU_013938,74.99958342287485
STU_013939,68.10420394839079
STU_013940,63.34828012472936
STU_013941,66.08796263350307
STU_013942,100.0
STU_013943,60.57482687052611
STU_013944,89.72842149936064
STU_013945,76.12769683956644
STU_013946,98.54112603027285
STU_013947,77.50340555527282
STU_013948,77.8304382288693
STU_013949,45.230255738841535
STU_013950,90.24834494196982
STU_013951,55.14009322903607
STU_013952,96.69851608615446
STU_013953,71.09919340792935
STU_013954,47.14038578232247
STU_013955,66.04885894467623
STU_013956,77.43145401199064
STU_013957,76.8918917237524
STU_013958,71.32289767071346
STU_013959,68.84378221288392
STU_013960,77.58616243697202
STU_013961,79.91635731235122
STU_013962,64.37879373534358
STU_013963,64.0637620497306
STU_013964,78.13890159218911
STU_013965,61.27405507245394
STU_013966,67.26004192333897
STU_013967,68.69544669515426
STU_013968,95.16988459466039
STU_013969,50.37155450159968
STU_013970,87.76763680237553
STU_013971,63.87208309307644
STU_013972,70.5351919840333
STU_013973,67.76468403514309
STU_013974,91.92657775383894
STU_013975,83.82567408398445
STU_013976,69.07953090575859
STU_013977,85.17439135307012
STU_013978,93.74521996893552
STU_013979,86.76493012122623
STU_013980,75.75040678274985
STU_013981,74.44515187265903
STU_013982,68.06220954851304
STU_013983,76.8193870022864
STU_013984,66.46229605352917
STU_013985,83.8464820180688
STU_013986,76.92983813151139
STU_013987,94.28893627253541
STU_013988,68.86114030738081
STU_013989,67.18025394442213
STU_013990,65.30541963001247
STU_013991,77.51623606092917
STU_013992,79.33387104479968
STU_013993,76.2324660355787
STU_013994,75.12652819785335
STU_013995,61.89515851802723
STU_013996,73.43239599062755
STU_013997,97.0408720970472
STU_013998,61.25656880044357
STU_013999,74.1217858546023
STU_014000,74.9261644365671
STU_014001,64.30126238797455
STU_014002,62.01763468681301
STU_014003,73.35212689772587
STU_014004,63.211431834225905
STU_014005,67.48326488306624
STU_014006,69.68388411415941
STU_014007,85.79756311602735
STU_014008,61.242029731629714
STU_014009,100.0
STU_014010,70.28912981856746
STU_014011,80.58461355922594
STU_014012,97.15623731553168
STU_014013,50.45087193893352
STU_014014,90.05599359448588
STU_014015,80.97374864097034
STU_014016,63.87138657734918
STU_014017,81.04624122734508
STU_014018,75.82968599984858
STU_014019,87.51923676042865
STU_014020,83.2623875961164
STU_014021,93.68306528659122
STU_014022,68.49545620254048
STU_014023,60.8922415043353
STU_014024,74.86640537161064
STU_014025,80.12237322387716
STU_014026,78.36873925730886
STU_014027,100.0
STU_014028,88.70445068125623
STU_014029,75.14256715820127
STU_014030,73.75749098470376
STU_014031,71.8845352022783
STU_014032,73.59438654954123
STU_014033,69.39280570820678
STU_014034,92.90048067917536
STU_014035,95.52500865656702
STU_014036,52.381780752489426
STU_014037,63.57693291148999
STU_014038,86.40506638756509
STU_014039,88.5186492558766
STU_014040,74.40356221334169
STU_014041,73.88705935155106
STU_014042,67.3536229800008
STU_014043,69.2434717472318
STU_014044,100.0
STU_014045,74.95609112198537
STU_014046,67.34540453590807
STU_014047,89.75473632198012
STU_014048,63.786558602658246
STU_014049,82.57545678259463
STU_014050,76.69798403422618
STU_014051,73.14744561093762
STU_014052,79.29442756147623
STU_014053,87.52332252308507
STU_014054,84.36137071131043
STU_014055,100.0
STU_014056,85.53912428970109
STU_014057,65.21911071964792
STU_014058,77.92141078518853
STU_014059,60.43065077997754
STU_014060,81.79285736556595
STU_014061,69.12962000493951
STU_014062,88.67633337675426
STU_014063,71.92576625293056
STU_014064,69.54912265363468
STU_014065,61.26363665309506
STU_014066,44.40936644937756
STU_014067,91.77713880697677
STU_014068,70.16660427982995
STU_014069,75.5728483097173
STU_014070,77.92921077632317
STU_014071,39.20370513680041
STU_014072,71.19447457922519
STU_014073,78.3657847310001
STU_014074,72.61518893668288
STU_014075,73.66551945054746
STU_014076,66.77866000042309
STU_014077,53.93355202481543
STU_014078,51.58708740934938
STU_014079,82.24663928264208
STU_014080,84.2696281883482
STU_014081,100.0
STU_014082,79.82360342831346
STU_014083,62.49077852243268
STU_014084,74.84662849737357
STU_014085,100.0
STU_014086,59.83904881443729
STU_014087,73.1925912479594
STU_014088,77.67298749486152
STU_014089,74.2777763227037
STU_014090,64.77968818650668
STU_014091,87.85018438619362
STU_014092,68.09512253249157
STU_014093,73.31354465711232
STU_014094,61.22398561511336
STU_014095,78.51666597445507
STU_014096,83.95830522970752
STU_014097,84.22113490560139
STU_014098,68.11846498511228
STU_014099,71.20993921621513
STU_014100,69.44298532040646
STU_014101,77.38533017514169
STU_014102,85.4387537391111
STU_014103,71.33948283430888
STU_014104,89.70256629510794
STU_014105,45.493466339935736
STU_014106,70.65445471747674
STU_014107,82.65770225866707
STU_014108,77.23971095345317
STU_014109,80.15938695478937
STU_014110,85.70583258467434
STU_014111,88.8339260286192
STU_014112,61.168311741813554
STU_014113,61.05827727944387
STU_014114,66.3835760148671
STU_014115,76.16601733951586
STU_014116,98.20429071968552
STU_014117,66.91442540489147
STU_014118,89.80415064223331
STU_014119,68.02716255927217
STU_014120,65.54306024674821
STU_014121,61.30941348842698
STU_014122,58.37256374319351
STU_014123,58.05279827595624
STU_014124,57.69923717873656
STU_014125,85.44952790385719
STU_014126,64.70935989762789
STU_014127,67.59152673493983
STU_014128,58.085754245208996
STU_014129,86.72934825116465
STU_014130,78.99655917917696
STU_014131,88.54407467823246
STU_014132,77.38206176448162
STU_014133,69.70882864456563
STU_014134,45.00286807265654
STU_014135,74.54025632382769
STU_014136,75.46462290280965
STU_014137,98.16270532572236
STU_014138,53.83181253462189
STU_014139,75.19977148447165
STU_014140,77.9236914056539
STU_014141,90.97539778937825
STU_014142,72.33687135206712
STU_014143,88.2359820056222
STU_014144,98.11573419368486
STU_014145,66.35579017518725
STU_014146,93.01872862098205
STU_014147,78.43617010903442
STU_014148,85.5340486321086
STU_014149,74.98808704369394
STU_014150,63.792514700093875
STU_014151,96.15401506921255
STU_014152,81.5768789279575
STU_014153,57.55079845385637
STU_014154,78.07073817678149
STU_014155,68.1563634533752
STU_014156,91.95925490023902
STU_014157,81.53894964833508
STU_014158,81.16286902492277
STU_014159,82.87665064258121
STU_014160,93.05757727648873
STU_014161,79.33107374622148
STU_014162,96.64723305934544
STU_014163,71.95475820184308
STU_014164,54.118245014282536
STU_014165,95.23182434628626
STU_014166,67.26907939815719
STU_014167,81.10919986552771
STU_014168,71.17960680084443
STU_014169,54.4120408538105
STU_014170,80.13985029690926
STU_014171,80.6115051730016
STU_014172,79.24913640706254
STU_014173,66.84310504937514
STU_014174,80.05027731482866
STU_014175,79.80997430747098
STU_014176,67.65075210294322
STU_014177,77.88172549072695
STU_014178,71.59006460850978
STU_014179,82.88045265643663
STU_014180,79.22399253182226
STU_014181,75.664168107896
STU_014182,96.56976864606685
STU_014183,64.29373145152343
STU_014184,82.34465695669084
STU_014185,76.30481791398026
STU_014186,94.6889393129224
STU_014187,98.10528613939586
STU_014188,75.65057691103632
STU_014189,66.65310944484442
STU_014190,65.47560754553196
STU_014191,67.28189704879601
STU_014192,61.83815130550028
STU_014193,85.58840301027863
STU_014194,78.81254689915471
STU_014195,61.07544164430354
STU_014196,80.3661925891403
STU_014197,60.824650589196864
STU_014198,71.57858540885698
STU_014199,58.36818275757313
STU_014200,76.69786035778496
STU_014201,76.67547809716389
STU_014202,80.25279858493357
STU_014203,59.78405652838143
STU_014204,86.19797951996306
STU_014205,67.3224223642705
STU_014206,73.9071105497957
STU_014207,83.44445375738232
STU_014208,72.07733342125633
STU_014209,71.46918751493766
STU_014210,96.2328789658775
STU_014211,80.29500124706063
STU_014212,98.36678705064541
STU_014213,81.97767424031865
STU_014214,63.09275848252442
STU_014215,70.2321697393822
STU_014216,69.08848640358367
STU_014217,86.30994711431728
STU_014218,100.0
STU_014219,67.98351430202077
STU_014220,78.86925995447606
STU_014221,84.76111380151121
STU_014222,76.21546984216408
STU_014223,86.2817450509987
STU_014224,88.8278890818203
STU_014225,74.40494069313098
STU_014226,54.89969327676825
STU_014227,72.3717223842543
STU_014228,60.582854221801156
STU_014229,92.1844047929122
STU_014230,92.958806651192
STU_014231,79.70040505697379
STU_014232,75.4417419428415
STU_014233,55.62399853586314
STU_014234,100.0
STU_014235,75.65128722670968
STU_014236,71.81708486963349
STU_014237,90.60701131665233
STU_014238,47.98589690381581
STU_014239,88.90139452859154
STU_014240,71.78922059139546
STU_014241,81.32617255196564
STU_014242,89.45907839447418
STU_014243,65.94782278328591
STU_014244,76.80938542361963
STU_014245,81.51931676063492
STU_014246,73.72077091050944
STU_014247,64.12534317541852
STU_014248,89.78485330883704
STU_014249,77.66724904420437
STU_014250,81.1733824810977
STU_014251,75.19826294372791
STU_014252,64.1613595260062
STU_014253,86.61603306853463
STU_014254,70.14643514803609
STU_014255,96.13072073012125
STU_014256,66.91603691560489
STU_014257,72.51023492695973
STU_014258,85.91500199512457
STU_014259,66.12935814645985
STU_014260,84.8905885475905
STU_014261,82.6592567824662
STU_014262,75.59750647119847
STU_014263,61.47566006351143
STU_014264,84.98001460833389
STU_014265,65.63241053415607
STU_014266,86.59709646191334
STU_014267,96.35139616555745
STU_014268,94.71464142163805
STU_014269,76.36809336344662
STU_014270,70.7830469203868
STU_014271,60.31305753089227
STU_014272,74.23022040685287
STU_014273,72.25747386166451
STU_014274,66.00259894709983
STU_014275,88.04556643464699
STU_014276,65.72859310550858
STU_014277,94.76149343823103
STU_014278,59.6662237390333
STU_014279,95.33782157842344
STU_014280,58.91471350662542
STU_014281,88.75442457377117
STU_014282,70.65273217326015
STU_014283,56.61563572603073
STU_014284,84.72289881690597
STU_014285,94.69750344468466
STU_014286,65.00402092946074
STU_014287,82.16242994489052
STU_014288,49.388624632746
STU_014289,73.72120333183969
STU_014290,75.52644045811599
STU_014291,66.49727870906825
STU_014292,71.64489913759817
STU_014293,73.36589429914335
STU_014294,60.23536525017364
STU_014295,69.10574507267177
STU_014296,67.03514237982321
STU_014297,59.00505127686381
STU_014298,77.74510901144879
STU_014299,82.166104606923
STU_014300,91.42972025049043
STU_014301,59.70633744779691
STU_014302,100.0
STU_014303,88.29657102990468
STU_014304,63.015457053233106
STU_014305,78.60177971501933
STU_014306,70.9021792990216
STU_014307,100.0
STU_014308,70.10686549518822
STU_014309,93.04834665609162
STU_014310,73.05497959290801
STU_014311,100.0
STU_014312,74.5368909073213
STU_014313,70.19351960955277
STU_014314,65.27399779564851
STU_014315,82.76625762712129
STU_014316,74.74202579514478
STU_014317,69.14922654273795
STU_014318,76.92035491474037
STU_014319,62.152691592261476
STU_014320,77.03616317328127
STU_014321,66.26261695162722
STU_014322,95.11049733034719
STU_014323,80.77523424355252
STU_014324,77.76978239358824
STU_014325,80.95033518293643
STU_014326,83.45299982198983
STU_014327,67.88434432250469
STU_014328,52.196536497935085
STU_014329,90.8928422881715
STU_014330,54.07933445933138
STU_014331,61.0832188186307
STU_014332,60.760962511158134
STU_014333,75.6112678834271
STU_014334,94.24003715743672
STU_014335,79.31289395285057
STU_014336,94.68305756039153
STU_014337,78.89175744322857
STU_014338,67.12920841233033
STU_014339,62.968420071202914
STU_014340,67.44822150827605
STU_014341,93.70412202480975
STU_014342,56.73828312874683
STU_014343,76.24952590826086
STU_014344,45.13337832267674
STU_014345,74.01167745804003
STU_014346,89.18944627820494
STU_014347,66.94509319133263
STU_014348,71.0450521882514
STU_014349,68.2377285401381
STU_014350,69.25745850942684
STU_014351,70.36746011915476
STU_014352,91.17395363917613
STU_014353,90.54594503446145
STU_014354,88.75659002084713
STU_014355,64.22923758468097
STU_014356,48.56199073173056
STU_014357,83.71670437514666
STU_014358,58.03730962627225
STU_014359,74.2042999417394
STU_014360,57.177225130630035
STU_014361,69.28281392079154
STU_014362,100.0
STU_014363,47.03142028298379
STU_014364,78.83610912696227
STU_014365,62.70920472647944
STU_014366,75.42563694310877
STU_014367,72.97151827286528
STU_014368,86.34110239818308
STU_014369,87.80505026852819
STU_014370,94.77080872377691
STU_014371,79.95958489948065
STU_014372,86.19053220316708
STU_014373,72.03360017406864
STU_014374,78.52377860659229
STU_014375,77.14050858576786
STU_014376,91.07262318652391
STU_014377,83.18275594091656
STU_014378,98.73159804491398
STU_014379,79.07298447112794
STU_014380,81.34603598106928
STU_014381,46.985263392644356
STU_014382,79.07038125137076
STU_014383,72.45430023055947
STU_014384,85.67823384651084
STU_014385,92.33592139342733
STU_014386,62.713988012630665
STU_014387,75.81743177267708
STU_014388,69.42230635990565
STU_014389,74.81005559634379
STU_014390,67.3204832551128
STU_014391,47.67332881805423
STU_014392,89.97193078370017
STU_014393,90.93841573023059
STU_014394,73.07438924024854
STU_014395,96.88904648476722
STU_014396,91.52356358639163
STU_014397,79.83361107485884
STU_014398,100.0
STU_014399,73.89063169092955
STU_014400,95.39421531982
STU_014401,84.24616979281933
STU_014402,74.98267359716533
STU_014403,76.12647623076997
STU_014404,83.24701230724938
STU_014405,66.56794357732831
STU_014406,76.49720956876746
STU_014407,98.59430314061512
STU_014408,62.49029360992602
STU_014409,56.069513413172956
STU_014410,72.39600075902038
STU_014411,67.02576966245908
STU_014412,72.59227726644278
STU_014413,81.29353900889737
STU_014414,65.40914136690921
STU_014415,69.93204005241323
STU_014416,81.19308484838528
STU_014417,91.27623108698673
STU_014418,90.29198660289208
STU_014419,54.210725509204536
STU_014420,86.52605673313424
STU_014421,96.02382676004342
STU_014422,69.07466844254111
STU_014423,95.01697279189507
STU_014424,73.07794994575872
STU_014425,94.1526377529357
STU_014426,72.8056136111416
STU_014427,89.75166529338881
STU_014428,91.0143872941557
STU_014429,92.27577429722663
STU_014430,54.703926100662535
STU_014431,59.1044414395606
STU_014432,78.98043294709088
STU_014433,73.56352644887649
STU_014434,75.57270740740161
STU_014435,95.5063638292859
STU_014436,58.93241440264563
STU_014437,73.73612025307477
STU_014438,78.59179747078656
STU_014439,80.95746639156539
STU_014440,49.892815417723085
STU_014441,63.845025662446744
STU_014442,80.91799275858332
STU_014443,58.54917085509622
STU_014444,52.498754866642415
STU_014445,70.96276772725511
STU_014446,66.15005605291917
STU_014447,95.43869810921849
STU_014448,64.48656161512596
STU_014449,54.224226606713756
STU_014450,66.7321430158307
STU_014451,82.71042908807159
STU_014452,89.79351443216218
STU_014453,100.0
STU_014454,86.71475294524528
STU_014455,87.35813495001052
STU_014456,83.70480205522888
STU_014457,64.49948349272262
STU_014458,64.82466933498785
STU_014459,78.12996634235563
STU_014460,100.0
STU_014461,95.25663537872643
STU_014462,82.57801380682608
STU_014463,87.94027719059602
STU_014464,71.8256152800826
STU_014465,93.18585784056442
STU_014466,66.91752101034693
STU_014467,74.51847654022684
STU_014468,72.07272586809898
STU_014469,82.71227904041791
STU_014470,77.2368719128954
STU_014471,83.4450673302251
STU_014472,64.01673557014243
STU_014473,64.290755341679
STU_014474,83.03169719510393
STU_014475,61.43399808026921
STU_014476,74.61241981045178
STU_014477,95.2761447684602
STU_014478,79.96987405915326
STU_014479,97.87063928547016
STU_014480,79.4598173540412
STU_014481,89.46430188915349
STU_014482,53.36037924195309
STU_014483,93.59098844546786
STU_014484,49.02813382172688
STU_014485,75.25865629057256
STU_014486,88.53452656979411
STU_014487,80.46919256841042
STU_014488,70.93967958084397
STU_014489,49.473239695262635
STU_014490,92.69150926930314
STU_014491,81.3665328185531
STU_014492,78.98046949606268
STU_014493,61.17090173070745
STU_014494,86.88032101038101
STU_014495,71.16464901032805
STU_014496,69.44475227735967
STU_014497,65.297883615313
STU_014498,86.65648046840532
STU_014499,79.00237316687488
STU_014500,64.0345920629888
STU_014501,66.1474209847204
STU_014502,70.9902799345009
STU_014503,73.72570275558209
STU_014504,100.0
STU_014505,72.54531411101699
STU_014506,75.32558962667349
STU_014507,71.20753332993922
STU_014508,66.62838372135136
STU_014509,75.69790140311507
STU_014510,59.196398528212725
STU_014511,83.42984562899255
STU_014512,78.20835971830994
STU_014513,81.14234301973784
STU_014514,78.37632661252127
STU_014515,74.6941409826085
STU_014516,84.37891082804842
STU_014517,80.5912016921425
STU_014518,76.15020999314294
STU_014519,58.61397273897242
STU_014520,74.6665398689831
STU_014521,96.0086320898731
STU_014522,66.67581672525353
STU_014523,96.11454046385673
STU_014524,88.16931914022842
STU_014525,68.85278143109096
STU_014526,76.62873808947711
STU_014527,44.97769869932023
STU_014528,67.02808455645176
STU_014529,80.62164821216969
STU_014530,70.04454250651952
STU_014531,73.67229328774692
STU_014532,97.64697495200929
STU_014533,100.0
STU_014534,92.46769472367995
STU_014535,93.97267127848951
STU_014536,89.67716730000733
STU_014537,75.17352379167019
STU_014538,61.94189429826706
STU_014539,64.87416388054281
STU_014540,54.27575380362964
STU_014541,90.91234635495178
STU_014542,57.264254303686535
STU_014543,82.98172124594856
STU_014544,65.31072851433552
STU_014545,60.651221096866365
STU_014546,58.83218258272933
STU_014547,63.106289193285434
STU_014548,91.10200860771837
STU_014549,98.07548635610182
STU_014550,77.19774614876351
STU_014551,67.69198170832439
STU_014552,69.44709632790764
STU_014553,83.76398931302536
STU_014554,72.91538848051148
STU_014555,68.81823622028546
STU_014556,97.33518289838128
STU_014557,77.14872993736702
STU_014558,55.73685630969582
STU_014559,78.23540567469767
STU_014560,97.06131748079132
STU_014561,75.54185759546087
STU_014562,69.45736597334489
STU_014563,78.74845498042065
STU_014564,97.58467321536875
STU_014565,71.77240125576802
STU_014566,85.25912294339795
STU_014567,70.06922740482756
STU_014568,67.2530797388464
STU_014569,75.7862797031627
STU_014570,55.19912623173779
STU_014571,66.59107791285255
STU_014572,75.28963117729948
STU_014573,78.81925799585609
STU_014574,65.19517139144335
STU_014575,59.45998028215631
STU_014576,69.37309162917258
STU_014577,57.63979656319964
STU_014578,62.93964474421092
STU_014579,79.08959101544345
STU_014580,89.465206969049
STU_014581,88.09365303340616
STU_014582,83.31503393457852
STU_014583,72.88234226703355
STU_014584,77.62854346173101
STU_014585,69.65682508220799
STU_014586,91.4445932039781
STU_014587,57.47090975372652
STU_014588,78.90745509847926
STU_014589,57.30776631293159
STU_014590,66.21235966570796
STU_014591,92.25066328354765
STU_014592,75.86176678977105
STU_014593,93.05372316421617
STU_014594,94.71745680352439
STU_014595,50.65100371206296
STU_014596,100.0
STU_014597,72.97820602756399
STU_014598,61.00863849169172
STU_014599,80.15343980248252
STU_014600,56.20254519409741
STU_014601,79.42672728106362
STU_014602,93.19198948402413
STU_014603,56.188612712005984
STU_014604,86.47701280867989
STU_014605,100.0
STU_014606,58.248787515703114
STU_014607,81.11202015217876
STU_014608,58.985675864471716
STU_014609,83.16776899125246
STU_014610,81.25716983610286
STU_014611,79.44021505406165
STU_014612,55.95687009818437
STU_014613,68.40164332405242
STU_014614,93.41489234791234
STU_014615,73.22196769148799
STU_014616,93.01762012736167
STU_014617,65.29456770097606
STU_014618,85.96720913847815
STU_014619,76.62441267905876
STU_014620,89.24816726837383
STU_014621,59.107577128914464
STU_014622,96.06740947081565
STU_014623,69.53512914326076
STU_014624,79.7856919891238
STU_014625,70.45300749345371
STU_014626,87.09307636931796
STU_014627,65.21573703090728
STU_014628,55.482874767109344
STU_014629,81.15030744965071
STU_014630,70.67648201652234
STU_014631,62.66574383089487
STU_014632,66.70308828848694
STU_014633,66.2117091710198
STU_014634,95.10002086371544
STU_014635,57.658204487206
STU_014636,49.74525271194326
STU_014637,92.34304837382126
STU_014638,72.97985566476036
STU_014639,76.88174442489881
STU_014640,70.86856919274275
STU_014641,65.00290145829602
STU_014642,95.60320325512352
STU_014643,56.07964030698544
STU_014644,93.55500705856153
STU_014645,76.04594857896045
STU_014646,88.7199431401117
STU_014647,89.53302246795886
STU_014648,70.32010778000728
STU_014649,90.33425978809935
STU_014650,69.47155125997219
STU_014651,62.6405066615621
STU_014652,94.64005982516126
STU_014653,75.74426195582467
STU_014654,87.72747797874733
STU_014655,51.28945713395069
STU_014656,70.72765580759305
STU_014657,53.39384771091246
STU_014658,75.24457803166136
STU_014659,69.84062803089498
STU_014660,72.8608299783979
STU_014661,52.16171896716381
STU_014662,70.85531570018789
STU_014663,74.25616507533924
STU_014664,52.51983132280985
STU_014665,74.69133650078706
STU_014666,93.12626642379446
STU_014667,77.94165835138455
STU_014668,57.04826123513182
STU_014669,74.37353347983912
STU_014670,97.16388360067691
STU_014671,76.95614385015713
STU_014672,80.88382254962508
STU_014673,92.2518384137583
STU_014674,93.68378731406666
STU_014675,83.8787564690063
STU_014676,77.02449629380396
STU_014677,66.416361645447
STU_014678,66.78473112055465
STU_014679,61.173317496326604
STU_014680,45.49906911852652
STU_014681,90.17414292351617
STU_014682,49.0795188495129
STU_014683,67.04544397731632
STU_014684,60.3215224540895
STU_014685,66.51920807483711
STU_014686,78.9742909904148
STU_014687,85.1238902102193
STU_014688,95.64118745997904
STU_014689,66.53937056348514
STU_014690,61.01338058482523
STU_014691,81.09295505609714
STU_014692,94.3362145005006
STU_014693,70.60763290445055
STU_014694,75.00562503781622
STU_014695,100.0
STU_014696,47.331511399000384
STU_014697,77.25218507343398
STU_014698,92.44649066463515
STU_014699,65.42990505913298
STU_014700,91.86410394533385
STU_014701,68.92005075277747
STU_014702,88.26389817597735
STU_014703,80.48047035394808
STU_014704,95.51526492500578
STU_014705,82.72103349269705
STU_014706,82.6031635501527
STU_014707,97.50260822710008
STU_014708,97.53721749160026
STU_014709,75.04089001024403
STU_014710,53.770656416275244
STU_014711,75.28891639226828
STU_014712,79.14672608716879
STU_014713,45.74087831910178
STU_014714,81.46593266764172
STU_014715,76.35048766471249
STU_014716,61.60614474242081
STU_014717,59.70698254708326
STU_014718,63.82973520921463
STU_014719,91.79216011409692
STU_014720,80.81346247456577
STU_014721,52.52851941073524
STU_014722,66.02990644591972
STU_014723,96.01525813271164
STU_014724,88.9604495441034
STU_014725,71.59602865960578
STU_014726,64.71069826468624
STU_014727,58.91751832277697
STU_014728,94.55866980960074
STU_014729,81.18548833935782
STU_014730,55.88569343850945
STU_014731,63.42197637007624
STU_014732,82.79089560400823
STU_014733,73.96282282786177
STU_014734,63.81610932483569
STU_014735,100.0
STU_014736,75.71122931703538
STU_014737,73.45451122599394
STU_014738,71.62235031273951
STU_014739,87.55645498915008
STU_014740,76.41389211527927
STU_014741,78.62963620275723
STU_014742,93.34756246148322
STU_014743,97.96741542311153
STU_014744,65.53474323712732
STU_014745,82.92302434988879
STU_014746,46.399273223198364
STU_014747,77.6025942586151
STU_014748,99.91351171636471
STU_014749,91.21474687368938
STU_014750,81.55066682695838
STU_014751,94.12871084039469
STU_014752,77.29610237432863
STU_014753,58.6781671455225
STU_014754,98.97286315649808
STU_014755,65.98693508548699
STU_014756,68.07240248434829
STU_014757,74.28942188054322
STU_014758,100.0
STU_014759,68.66953975038348
STU_014760,77.57225709866401
STU_014761,75.81047511757379
STU_014762,100.0
STU_014763,81.35410459110693
STU_014764,99.23981182787918
STU_014765,74.82075229553769
STU_014766,80.3678134172789
STU_014767,71.07514269055545
STU_014768,67.49845312995708
STU_014769,97.07337181942975
STU_014770,78.15015406484068
STU_014771,77.85019489303824
STU_014772,69.40318572554337
STU_014773,85.59061065204159
STU_014774,91.99009084011901
STU_014775,75.1793318844698
STU_014776,77.41606597951181
STU_014777,74.77670809558339
STU_014778,79.12861324783181
STU_014779,77.46263344570008
STU_014780,59.521493254103994
STU_014781,83.36613353496283
STU_014782,86.62826687894164
STU_014783,90.5416885233856
STU_014784,89.32269478372544
STU_014785,83.74299933776419
STU_014786,83.5892033198648
STU_014787,76.65644952065009
STU_014788,94.5604640246294
STU_014789,75.82718198560234
STU_014790,80.09125987541086
STU_014791,65.22272504376177
STU_014792,56.73688320163036
STU_014793,69.11199603573269
STU_014794,63.090902730310866
STU_014795,78.64166798837879
STU_014796,73.83771653792348
STU_014797,73.21532634812272
STU_014798,91.24875034785128
STU_014799,89.61239866515794
STU_014800,83.2193300151882
STU_014801,92.44854413282847
STU_014802,56.788165760535584
STU_014803,88.64064206031138
STU_014804,80.34477276719984
STU_014805,76.28781071605154
STU_014806,76.91038937069614
STU_014807,66.35214026431646
STU_014808,73.69792823964575
STU_014809,52.94983992264708
STU_014810,95.5602661474807
STU_014811,98.2740934328221
STU_014812,73.67512425672416
STU_014813,61.85691655771856
STU_014814,69.50828760172539
STU_014815,54.1812057827378
STU_014816,81.63482000817575
STU_014817,82.78674955987907
STU_014818,49.495652010178816
STU_014819,76.34804893041336
STU_014820,69.24962073275097
STU_014821,57.345159621094766
STU_014822,98.36157953272718
STU_014823,65.97613925446679
STU_014824,94.24064416941033
STU_014825,78.01121504390932
STU_014826,93.36057804072783
STU_014827,62.49414072149698
STU_014828,74.88217314475409
STU_014829,74.34993413923573
STU_014830,79.70970005515069
STU_014831,80.96479455199695
STU_014832,65.10330114312977
STU_014833,60.778466648415325
STU_014834,81.19654032526367
STU_014835,75.43742304522567
STU_014836,84.04947200045106
STU_014837,75.25607468229643
STU_014838,74.27119617696384
STU_014839,83.07526449562653
STU_014840,77.97548116573452
STU_014841,99.88038806829351
STU_014842,51.286793794263545
STU_014843,73.50316489414436
STU_014844,94.61756012015476
STU_014845,66.30734312671888
STU_014846,83.34111353011647
STU_014847,79.93929284578806
STU_014848,58.65519512647913
STU_014849,63.36474060333947
STU_014850,69.31209931751954
STU_014851,83.5966309879633
STU_014852,79.47391532194715
STU_014853,70.02784428482178
STU_014854,62.78741279709186
STU_014855,74.78157567060885
STU_014856,70.83517647088973
STU_014857,82.73911410677181
STU_014858,65.44465596542337
STU_014859,87.17353406946998
STU_014860,50.35906697832662
STU_014861,85.37651836588068
STU_014862,93.00667242117584
STU_014863,67.32095052756391
STU_014864,73.79620837146375
STU_014865,68.40232633222702
STU_014866,67.2863302743697
STU_014867,71.20322991463091
STU_014868,100.0
STU_014869,100.0
STU_014870,73.46155608023324
STU_014871,73.95949198588838
STU_014872,81.71251468834484
STU_014873,65.67248765272153
STU_014874,73.52997055166006
STU_014875,83.68026146226197
STU_014876,55.9321282046909
STU_014877,69.22593154511492
STU_014878,59.91383375709503
STU_014879,77.6137216168112
STU_014880,84.32277473850533
STU_014881,75.83725387748466
STU_014882,70.06620887394895
STU_014883,76.81173149005366
STU_014884,66.24574097414508
STU_014885,82.74891880580066
STU_014886,68.9867111918582
STU_014887,75.40235356683067
STU_014888,86.43421131212376
STU_014889,70.73148464983451
STU_014890,92.40570152033239
STU_014891,73.40451262136227
STU_014892,88.32973301637563
STU_014893,66.1033897297916
STU_014894,75.72776778064416
STU_014895,58.42412451039853
STU_014896,77.2663979793158
STU_014897,81.04676881237289
STU_014898,83.06380689314221
STU_014899,56.989289936002834
STU_014900,98.22965139089413
STU_014901,84.9068459534604
STU_014902,84.30814280591797
STU_014903,88.75563647238566
STU_014904,77.03665545453221
STU_014905,90.58124260474924
STU_014906,80.78949200048918
STU_014907,52.16737455622294
STU_014908,77.71946419913368
STU_014909,79.8810360009402
STU_014910,71.56562519466426
STU_014911,98.69071366105914
STU_014912,78.27986129440535
STU_014913,75.30393353299152
STU_014914,51.24010322113602
STU_014915,57.771590046663434
STU_014916,69.60177410359732
STU_014917,98.34893359070222
STU_014918,83.39731896785058
STU_014919,53.15899715385598
STU_014920,92.89223765673229
STU_014921,63.99629446378339
STU_014922,56.14067050241524
STU_014923,73.36096021931144
STU_014924,84.07718970799525
STU_014925,97.3563987661903
STU_014926,83.25176125658302
STU_014927,78.6406590111448
STU_014928,60.14417186047673
STU_014929,80.90880754893274
STU_014930,82.11626462237075
STU_014931,91.42865875446961
STU_014932,57.66008796605307
STU_014933,78.16211897828012
STU_014934,66.17952879188961
STU_014935,77.00051391075434
STU_014936,86.25105523069931
STU_014937,83.74660628347696
STU_014938,100.0
STU_014939,79.40009223294884
STU_014940,94.30851806024815
STU_014941,62.86989230185819
STU_014942,93.94489886218302
STU_014943,62.84960474428941
STU_014944,74.89225203837199
STU_014945,61.98693988765373
STU_014946,71.69398201628735
STU_014947,70.87358411759311
STU_014948,85.38616371415466
STU_014949,67.9329621018876
STU_014950,92.52866176691616
STU_014951,72.2326019510394
STU_014952,73.83098476322283
STU_014953,95.98499384715367
STU_014954,92.99322495192227
STU_014955,93.70649126337784
STU_014956,81.85560849827091
STU_014957,76.878249867933
STU_014958,74.92851633326427
STU_014959,54.052055611156796
STU_014960,96.31767055344659
STU_014961,93.54127791023497
STU_014962,49.43808858302771
STU_014963,76.53678631522008
STU_014964,94.29597488326293
STU_014965,77.04298251569858
STU_014966,69.05048983765113
STU_014967,53.52708010403039
STU_014968,96.11350077571387
STU_014969,82.36902772200766
STU_014970,69.6906744994193
STU_014971,69.50995943205925
STU_014972,86.92854386909005
STU_014973,72.27563678055317
STU_014974,70.73382226525274
STU_014975,63.574542933140805
STU_014976,91.74767774036015
STU_014977,77.83321526961794
STU_014978,90.64690124793965
STU_014979,95.6592610042469
STU_014980,62.553305022144784
STU_014981,100.0
STU_014982,65.25642264509872
STU_014983,90.63526716318184
STU_014984,68.87786408223913
STU_014985,65.0975013395406
STU_014986,49.82053877702273
STU_014987,88.20845096796603
STU_014988,64.47115831072942
STU_014989,95.13557261292931
STU_014990,87.03803850633791
STU_014991,97.57345696179948
STU_014992,73.73021424821712
STU_014993,61.145444192073526
STU_014994,84.83432243470762
STU_014995,82.72164979348442
STU_014996,71.15365107826966
STU_014997,78.79520219948114
STU_014998,81.33133169549332
STU_014999,96.41857958514385
STU_015000,69.28882086570682
STU_015001,56.35178751052443
STU_015002,65.68516684777319
STU_015003,61.151220307976445
STU_015004,64.67800439162474
STU_015005,55.522622627873154
STU_015006,60.81426201162286
STU_015007,92.12860622080498
STU_015008,74.6133946781899
STU_015009,75.81686144796335
STU_015010,73.2489216367357
STU_015011,52.34930331265238
STU_015012,98.25887080711703
STU_015013,63.939784150385734
STU_015014,59.6320701445015
STU_015015,83.68121688618146
STU_015016,88.29180254885941
STU_015017,87.19135869084849
STU_015018,77.10294370939347
STU_015019,82.64345743366609
STU_015020,62.77311134792687
STU_015021,73.35869450311789
STU_015022,64.33321869330904
STU_015023,76.75000462048448
STU_015024,70.68882513309651
STU_015025,82.83059874133917
STU_015026,70.68180120208429
STU_015027,83.69013888870114
STU_015028,76.42586037173602
STU_015029,78.07996029930044
STU_015030,93.32126392136455
STU_015031,77.56405038715062
STU_015032,66.19200691970309
STU_015033,77.42445387921808
STU_015034,66.7888348554221
STU_015035,78.98217291874232
STU_015036,71.42893537887616
STU_015037,78.39192178016354
STU_015038,89.27999955205881
STU_015039,63.83452058411114
STU_015040,79.92701038387746
STU_015041,83.26267558004855
STU_015042,47.26804386292805
STU_015043,87.58283222001286
STU_015044,88.01320038510374
STU_015045,89.26527038894544
STU_015046,66.18231594027812
STU_015047,85.79501743025033
STU_015048,66.91798049874963
STU_015049,73.51263789301285
STU_015050,57.999960949515625
STU_015051,68.64097363100366
STU_015052,64.537710887083
STU_015053,66.89294163039764
STU_015054,92.45848327431207
STU_015055,81.20190149963473
STU_015056,62.42509318988085
STU_015057,97.21888915583295
STU_015058,58.77569590164045
STU_015059,94.4443040832224
STU_015060,70.96150529368455
STU_015061,73.54841770071191
STU_015062,73.28949290078288
STU_015063,67.75976721502037
STU_015064,63.16560931809387
STU_015065,90.58253546322754
STU_015066,88.08024989246098
STU_015067,70.4771238693684
STU_015068,69.79409442440937
STU_015069,72.63714728764337
STU_015070,72.33513615691344
STU_015071,75.76714414680988
STU_015072,100.0
STU_015073,67.80265033534408
STU_015074,66.45269415697183
STU_015075,90.54402462103273
STU_015076,74.85354377549484
STU_015077,65.16933818546158
STU_015078,68.93732605085421
STU_015079,100.0
STU_015080,65.38709014777815
STU_015081,99.92430086429941
STU_015082,61.48285608768329
STU_015083,82.95790898644506
STU_015084,65.08431857173835
STU_015085,80.72289742596412
STU_015086,70.04567302923061
STU_015087,57.30817587026981
STU_015088,91.2294699068332
STU_015089,80.83369505000901
STU_015090,87.28506822997306
STU_015091,72.25251131871254
STU_015092,75.72494166687304
STU_015093,94.54142881650866
STU_015094,69.6927136900488
STU_015095,76.03485219196789
STU_015096,86.8643851313146
STU_015097,81.64611747735933
STU_015098,69.36307864438396
STU_015099,60.56549590475096
STU_015100,85.77992870772485
STU_015101,74.33884106689106
STU_015102,79.60920734087438
STU_015103,100.0
STU_015104,71.92236750407938
STU_015105,92.34993758025979
STU_015106,73.87275250166957
STU_015107,74.32625199610824
STU_015108,77.34978276482602
STU_015109,76.02868387505353
STU_015110,84.20309930543452
STU_015111,62.491824504301846
STU_015112,82.0828249139368
STU_015113,66.42081020454229
STU_015114,85.55648967688383
STU_015115,62.286696689644344
STU_015116,88.28317372120817
STU_015117,67.07628654236132
STU_015118,56.15561486397826
STU_015119,81.06705632350582
STU_015120,86.63944815304622
STU_015121,61.44389479241817
STU_015122,100.0
STU_015123,69.38087555704807
STU_015124,87.47891526010305
STU_015125,76.40083731850814
STU_015126,74.42077406879558
STU_015127,93.4171292299342
STU_015128,76.54271851209724
STU_015129,66.28179303818523
STU_015130,71.92370669213207
STU_015131,84.18018133838335
STU_015132,86.0540494377185
STU_015133,95.9248064598353
STU_015134,83.88779963943674
STU_015135,83.77395279401819
STU_015136,73.5710780260645
STU_015137,72.69289908001747
STU_015138,68.45014774814922
STU_015139,81.25234226067951
STU_015140,95.69708786350544
STU_015141,67.16841339134197
STU_015142,78.04565850125631
STU_015143,97.49673409477509
STU_015144,85.00939464198396
STU_015145,60.44702888173734
STU_015146,95.79529693628069
STU_015147,75.2708499967997
STU_015148,74.27656656436363
STU_015149,63.02946022751597
STU_015150,46.30513206889496
STU_015151,55.78460192491437
STU_015152,74.21332771447095
STU_015153,62.03965877376103
STU_015154,80.99802594423343
STU_015155,88.59873180940492
STU_015156,74.09248887935175
STU_015157,62.30503812729539
STU_015158,94.18189797268955
STU_015159,54.73844043023851
STU_015160,86.75888279499804
STU_015161,60.790124656372555
STU_015162,80.75505160902746
STU_015163,77.99439905531571
STU_015164,42.219507832376905
STU_015165,83.77409024772516
STU_015166,96.7441354798409
STU_015167,83.38881925003865
STU_015168,62.92623845360241
STU_015169,89.47372669829923
STU_015170,72.32065480753681
STU_015171,89.8501453709701
STU_015172,60.91928630230188
STU_015173,77.62366349408693
STU_015174,96.96996756627144
STU_015175,74.00603556263277
STU_015176,100.0
STU_015177,76.20118926637072
STU_015178,63.5517068854607
STU_015179,75.9690132047843
STU_015180,62.58867654469257
STU_015181,78.53012750533833
STU_015182,84.08946984386867
STU_015183,81.30021512917358
STU_015184,71.30972811250469
STU_015185,82.87990987577237
STU_015186,75.54199529615842
STU_015187,58.62333680287102
STU_015188,69.90608181618254
STU_015189,87.41910931868432
STU_015190,95.6146011379011
STU_015191,79.9766726146742
STU_015192,100.0
STU_015193,78.51240476925008
STU_015194,84.39439053732669
STU_015195,84.0464389734478
STU_015196,73.96165193621475
STU_015197,73.6351105845863
STU_015198,83.19011643846086
STU_015199,69.21736794230247
STU_015200,69.63963587946151
STU_015201,80.60409152574476
STU_015202,66.5348945204754
STU_015203,61.29044341856894
STU_015204,79.91430501897995
STU_015205,78.79465828164064
STU_015206,74.34881434046054
STU_015207,88.87749500565849
STU_015208,74.06551040356555
STU_015209,82.65217999105255
STU_015210,87.5458748210219
STU_015211,46.58339249201746
STU_015212,96.33178988433454
STU_015213,72.26391325227587
STU_015214,95.6980418322409
STU_015215,77.44347259677002
STU_015216,96.00904841433109
STU_015217,56.49462452310692
STU_015218,73.00837319440939
STU_015219,76.71937475995645
STU_015220,47.65178406683049
STU_015221,85.97872099105
STU_015222,63.50191394878504
STU_015223,85.0148032298673
STU_015224,70.25577130256892
STU_015225,71.11266576885069
STU_015226,69.16208675295847
STU_015227,63.87472011311796
STU_015228,83.34562289180293
STU_015229,72.1065869288075
STU_015230,72.5935059751582
STU_015231,97.85873811565925
STU_015232,83.60345202131717
STU_015233,86.98880630590446
STU_015234,72.62823285291397
STU_015235,72.72384803361965
STU_015236,99.1054981732577
STU_015237,78.9437495362057
STU_015238,82.33747785861149
STU_015239,92.55264899542664
STU_015240,67.40707994867522
STU_015241,49.05325305505385
STU_015242,52.35848892661467
STU_015243,79.18114892522306
STU_015244,83.0542211027157
STU_015245,66.75346145036599
STU_015246,100.0
STU_015247,80.87255884281693
STU_015248,80.97223898127643
STU_015249,68.33796977441312
STU_015250,87.20068868096706
STU_015251,68.66697810205805
STU_015252,90.26592944716128
STU_015253,87.66906007683326
STU_015254,98.93469760764937
STU_015255,64.91026522334344
STU_015256,63.876593321798325
STU_015257,72.04593959160879
STU_015258,94.62460505673324
STU_015259,88.01889557853019
STU_015260,94.43843874441882
STU_015261,82.69237200138626
STU_015262,88.7595379535871
STU_015263,84.60973263152903
STU_015264,79.32691135735104
STU_015265,96.86815159879717
STU_015266,69.47199801979899
STU_015267,76.2295267819912
STU_015268,57.78545227551143
STU_015269,60.34750634901203
STU_015270,77.00953982050652
STU_015271,72.06180264756634
STU_015272,64.03418106581654
STU_015273,86.33852425777694
STU_015274,73.89391965223494
STU_015275,45.469610315942965
STU_015276,52.16036369400688
STU_015277,71.58120608391539
STU_015278,97.77607352003074
STU_015279,49.80846994852829
STU_015280,87.51259899151945
STU_015281,100.0
STU_015282,84.31872284340955
STU_015283,80.99846881787337
STU_015284,75.6178421849934
STU_015285,46.499010453035595
STU_015286,88.80246454345968
STU_015287,76.73492354285776
STU_015288,78.55053214242146
STU_015289,61.82529649876517
STU_015290,78.81794942490083
STU_015291,76.92402330748232
STU_015292,66.13038072083765
STU_015293,61.17241941506564
STU_015294,80.11044945593422
STU_015295,74.3587353827062
STU_015296,65.49350386034754
STU_015297,84.31596100171737
STU_015298,96.68315108426484
STU_015299,67.03920919664478
STU_015300,84.56587279348614
STU_015301,75.78679791188485
STU_015302,81.43936331391852
STU_015303,70.11163198062758
STU_015304,59.300522528286066
STU_015305,65.74936923461658
STU_015306,81.85272331985409
STU_015307,99.82582851217111
STU_015308,59.60134655871946
STU_015309,68.44840628409465
STU_015310,79.3582330484073
STU_015311,63.94245095958386
STU_015312,83.74721374687302
STU_015313,57.976638332667136
STU_015314,84.4552612601431
STU_015315,72.14192364110345
STU_015316,92.63736102764796
STU_015317,71.59686301795935
STU_015318,81.23729116942309
STU_015319,70.43808469070754
STU_015320,71.59943831298439
STU_015321,62.28735262069756
STU_015322,97.32430706376046
STU_015323,79.54919738414821
STU_015324,73.09195356397649
STU_015325,82.75667477774405
STU_015326,56.387063934348575
STU_015327,73.0577365665644
STU_015328,73.47673136850473
STU_015329,71.22241141935076
STU_015330,72.09344469941936
STU_015331,62.68367773146181
STU_015332,100.0
STU_015333,67.98808894806888
STU_015334,81.13909219623758
STU_015335,97.2942522580515
STU_015336,92.40994839106604
STU_015337,70.18720123537841
STU_015338,66.03252699262951
STU_015339,63.93356479015519
STU_015340,94.1635896949746
STU_015341,81.86271165223782
STU_015342,99.5709320331595
STU_015343,76.59158077430742
STU_015344,92.50851340144705
STU_015345,99.85208917388954
STU_015346,86.3611533526496
STU_015347,94.39149226149652
STU_015348,73.84786503483025
STU_015349,78.30300905814943
STU_015350,86.39719826827105
STU_015351,100.0
STU_015352,80.37756568347825
STU_015353,75.67247877181343
STU_015354,60.3198114564733
STU_015355,57.698255891589994
STU_015356,60.43699718565394
STU_015357,70.48464788278073
STU_015358,83.9324550069355
STU_015359,80.64983864050298
STU_015360,91.63559765812914
STU_015361,80.07570733777123
STU_015362,72.83222560122266
STU_015363,80.80803845855463
STU_015364,92.73294578979973
STU_015365,74.94817099258454
STU_015366,90.84226375946186
STU_015367,81.54225028327599
STU_015368,71.27537017197608
STU_015369,99.23063323324803
STU_015370,95.01950922864924
STU_015371,56.18654661429484
STU_015372,59.320374449772906
STU_015373,81.05212517466383
STU_015374,86.4593059482674
STU_015375,72.74173686995772
STU_015376,73.73589308287248
STU_015377,85.82212299578566
STU_015378,72.92374380506843
STU_015379,93.95944958598002
STU_015380,87.39466080434543
STU_015381,93.61209099438744
STU_015382,81.76869781923637
STU_015383,59.41179756143002
STU_015384,74.69088791520812
STU_015385,60.10784867502596
STU_015386,78.70739993836771
STU_015387,70.33613051159728
STU_015388,76.95762208304032
STU_015389,97.2475921468356
STU_015390,45.95905184610133
STU_015391,79.06390419283338
STU_015392,89.07438193665952
STU_015393,89.58599548602373
STU_015394,75.44608117055868
STU_015395,81.08477508558424
STU_015396,73.27476702459731
STU_015397,98.0223435703247
STU_015398,71.9742763169628
STU_015399,97.9173585919451
STU_015400,91.38201403606145
STU_015401,86.07600203092298
STU_015402,71.62761018404666
STU_015403,55.56691440425883
STU_015404,80.1368596005398
STU_015405,80.08545092761639
STU_015406,89.61503749166242
STU_015407,85.89015470429594
STU_015408,37.30252634810755
STU_015409,76.04530050339449
STU_015410,69.22156294788418
STU_015411,73.37448573599463
STU_015412,69.33865698295952
STU_015413,77.00772250073013
STU_015414,69.84539429635643
STU_015415,64.41215712883584
STU_015416,86.71296432941762
STU_015417,58.70425788595335
STU_015418,87.32403104602226
STU_015419,58.39380780844277
STU_015420,62.75586122286458
STU_015421,95.5970760492961
STU_015422,77.72608635738479
STU_015423,83.61752637075853
STU_015424,100.0
STU_015425,89.60553350140395
STU_015426,61.47980429937094
STU_015427,59.36461448654781
STU_015428,74.23402049116925
STU_015429,77.38532559014027
STU_015430,46.099986943549155
STU_015431,66.08213633280411
STU_015432,80.91748786868442
STU_015433,68.93353860544909
STU_015434,66.49883810582983
STU_015435,67.83475539264415
STU_015436,75.88003587466947
STU_015437,70.82360822179919
STU_015438,91.32238154302837
STU_015439,72.80150041290355
STU_015440,77.46775591683385
STU_015441,66.74170970870797
STU_015442,87.97594676482395
STU_015443,60.4729275282166
STU_015444,77.70960232102243
STU_015445,67.34204667387841
STU_015446,68.6421965422056
STU_015447,48.03608755525768
STU_015448,46.90816200724237
STU_015449,84.42807330014121
STU_015450,92.85587743317953
STU_015451,80.07189635374851
STU_015452,80.75713442038278
STU_015453,92.51037420192438
STU_015454,79.40365934298485
STU_015455,56.2342267998349
STU_015456,78.55868953807068
STU_015457,67.59451526712476
STU_015458,63.58059999793411
STU_015459,51.322083279503985
STU_015460,100.0
STU_015461,99.42502094991023
STU_015462,71.9218349295115
STU_015463,85.94155513999884
STU_015464,58.29427256635988
STU_015465,51.97470370866121
STU_015466,85.84729238115433
STU_015467,81.89978191475915
STU_015468,56.773784977193856
STU_015469,62.05077651481016
STU_015470,94.58197520602076
STU_015471,76.52689163649782
STU_015472,92.93870470088368
STU_015473,90.17430888512223
STU_015474,99.5470795040348
STU_015475,78.42555885165494
STU_015476,78.86124587681276
STU_015477,54.81877069516217
STU_015478,52.09336993676512
STU_015479,95.50175063137951
STU_015480,76.6249960385762
STU_015481,79.44200784914824
STU_015482,59.7718296270639
STU_015483,86.99699458558545
STU_015484,67.93632383900082
STU_015485,66.36991858138968
STU_015486,70.3649544908227
STU_015487,63.882439985430565
STU_015488,76.33397155109077
STU_015489,83.73667310456585
STU_015490,89.94986986494698
STU_015491,86.06546440197424
STU_015492,62.60662898150555
STU_015493,70.04622731696374
STU_015494,64.48673576255268
STU_015495,87.01092757645569
STU_015496,68.17017893409425
STU_015497,53.57003020041135
STU_015498,69.11843837800072
STU_015499,39.67737826935699
STU_015500,77.00242787262289
STU_015501,91.50742521072037
STU_015502,52.23077658855735
STU_015503,90.38234381376225
STU_015504,84.97698975723219
STU_015505,76.07490455848463
STU_015506,78.41270564521544
STU_015507,100.0
STU_015508,99.70827412843747
STU_015509,85.65103899654598
STU_015510,83.43234093171637
STU_015511,92.3269943868358
STU_015512,79.59504969190358
STU_015513,83.18626284121238
STU_015514,81.62727448775132
STU_015515,78.36255858607329
STU_015516,74.3320819619356
STU_015517,95.85900709709266
STU_015518,71.93310520661102
STU_015519,53.39528435265515
STU_015520,75.59521820022393
STU_015521,91.12354196244631
STU_015522,65.62266448238313
STU_015523,71.66800440644343
STU_015524,35.21869781812803
STU_015525,76.2305432338139
STU_015526,77.14008169342723
STU_015527,73.97536386833384
STU_015528,72.15882648245845
STU_015529,86.27559955767262
STU_015530,87.26830238200873
STU_015531,84.54294898944259
STU_015532,76.2508529765881
STU_015533,53.34182820667396
STU_015534,89.37723051915943
STU_015535,75.3640137406327
STU_015536,80.44514669647927
STU_015537,70.93766692974967
STU_015538,90.12117624892046
STU_015539,66.53637544204712
STU_015540,67.05960827850748
STU_015541,73.71765854551023
STU_015542,91.60416276233474
STU_015543,79.76604299744494
STU_015544,96.2528763207036
STU_015545,73.8322785531161
STU_015546,74.45848735907309
STU_015547,52.91303957185629
STU_015548,63.23311917130951
STU_015549,93.85137905735924
STU_015550,93.91990737760631
STU_015551,81.64897148460506
STU_015552,72.20033307582608
STU_015553,47.61289765870838
STU_015554,84.08665720749858
STU_015555,84.2088981153345
STU_015556,95.22598445011788
STU_015557,76.7827099416452
STU_015558,86.00743256575818
STU_015559,83.4874275501343
STU_015560,78.55166807698012
STU_015561,84.76459977676801
STU_015562,81.85025306323722
STU_015563,67.79765259010169
STU_015564,71.07842694045158
STU_015565,65.00798485138198
STU_015566,67.69337115682427
STU_015567,70.90031978555965
STU_015568,69.5881242377424
STU_015569,75.8224884387502
STU_015570,93.67319298326291
STU_015571,63.673053146761646
STU_015572,76.32192017746733
STU_015573,85.51030867799618
STU_015574,60.86104193476402
STU_015575,77.74119483896433
STU_015576,68.52276568675242
STU_015577,69.2107030653763
STU_015578,78.85709473986222
STU_015579,74.10572973754681
STU_015580,74.66158359426709
STU_015581,81.16645945981794
STU_015582,79.44968335819978
STU_015583,94.54689489979393
STU_015584,89.54201320619649
STU_015585,88.09339340226339
STU_015586,87.90364877163194
STU_015587,53.05632915732537
STU_015588,75.35616746937984
STU_015589,79.09573900705614
STU_015590,62.61184344584084
STU_015591,57.50245294755281
STU_015592,85.75577360204292
STU_015593,64.26851397604771
STU_015594,90.58127933119468
STU_015595,92.61594586315925
STU_015596,82.25127337956988
STU_015597,94.33564301535091
STU_015598,77.92798951783942
STU_015599,54.71116569364231
STU_015600,67.74313570379957
STU_015601,50.82674094565573
STU_015602,63.281190704705
STU_015603,80.6711362150098
STU_015604,82.634891317735
STU_015605,61.56285994473234
STU_015606,78.17496819642129
STU_015607,66.83707351284946
STU_015608,75.54904230400885
STU_015609,70.58131075866194
STU_015610,71.8253280508315
STU_015611,88.64697731717193
STU_015612,81.27699899194516
STU_015613,95.26964322881732
STU_015614,62.94789599485583
STU_015615,72.79426998626107
STU_015616,79.64727241377834
STU_015617,66.43900985509391
STU_015618,86.17529318081024
STU_015619,58.11426806643931
STU_015620,69.08700988045558
STU_015621,71.77707296423311
STU_015622,79.27049914637246
STU_015623,89.7100592865408
STU_015624,80.63996631943424
STU_015625,80.89662736644806
STU_015626,64.7168127042092
STU_015627,100.0
STU_015628,76.09603772157358
STU_015629,69.11887442548664
STU_015630,72.124617366657
STU_015631,68.70302735212638
STU_015632,92.66392538460923
STU_015633,87.7866789883391
STU_015634,72.52886746949852
STU_015635,97.66385053718349
STU_015636,71.75287249665598
STU_015637,51.42042156260147
STU_015638,73.61021283972252
STU_015639,97.65800472396778
STU_015640,68.81432150952828
STU_015641,57.439529742150775
STU_015642,100.0
STU_015643,81.45983609133808
STU_015644,94.53631983417449
STU_015645,56.10057997038318
STU_015646,99.17988678606116
STU_015647,70.610511836645
STU_015648,63.88950734117691
STU_015649,79.68369445434925
STU_015650,69.47009970512994
STU_015651,53.14297955508888
STU_015652,96.0546168759893
STU_015653,76.16416168260508
STU_015654,69.06770636900703
STU_015655,100.0
STU_015656,69.21666996193827
STU_015657,73.94990192683886
STU_015658,71.108760650265
STU_015659,73.13911924065401
STU_015660,90.79892377443907
STU_015661,42.91348964509403
STU_015662,67.18888784601724
STU_015663,90.67712765824083
STU_015664,55.3633578011207
STU_015665,79.71733620704062
STU_015666,80.73429994434312
STU_015667,95.61362235143689
STU_015668,81.45430686323009
STU_015669,77.34633041809396
STU_015670,64.13431741322937
STU_015671,84.8483084780543
STU_015672,90.5890650720963
STU_015673,82.0284887318356
STU_015674,81.89288723483126
STU_015675,87.08417829393615
STU_015676,52.15913268984582
STU_015677,83.92234663683394
STU_015678,99.61185350473315
STU_015679,79.44980929109254
STU_015680,77.80520199526407
STU_015681,80.29699654971468
STU_015682,87.59753796328327
STU_015683,61.22703892512034
STU_015684,65.06542591590335
STU_015685,80.11870455344851
STU_015686,73.260943400495
STU_015687,86.83054752217768
STU_015688,76.39981900192578
STU_015689,61.11902941512402
STU_015690,64.41187325085608
STU_015691,97.70735763568395
STU_015692,84.44256575730869
STU_015693,73.57090638356428
STU_015694,95.74825483481771
STU_015695,95.8878926244612
STU_015696,50.65349308746023
STU_015697,61.83512271765885
STU_015698,88.8834032290898
STU_015699,96.51550467261794
STU_015700,83.58305217292508
STU_015701,70.91698431251581
STU_015702,90.33649086790416
STU_015703,91.73093682103453
STU_015704,80.23326721564601
STU_015705,84.6111683404442
STU_015706,62.963711628180064
STU_015707,78.28748315649054
STU_015708,53.00768024623325
STU_015709,62.214830472222175
STU_015710,67.46100087858733
STU_015711,72.30680004551856
STU_015712,88.37838640213786
STU_015713,82.73149331123108
STU_015714,74.5373114113631
STU_015715,84.44826244499797
STU_015716,62.103661475637935
STU_015717,65.95327142649896
STU_015718,70.0763343590614
STU_015719,56.86905770723777
STU_015720,59.29565495643147
STU_015721,61.618909944026214
STU_015722,66.32924734326566
STU_015723,71.64231921513206
STU_015724,100.0
STU_015725,90.46393681712668
STU_015726,78.53721606196265
STU_015727,66.12608526123681
STU_015728,79.67334939328694
STU_015729,94.10093499113702
STU_015730,68.87125447753908
STU_015731,80.46628217665386
STU_015732,54.403168088634374
STU_015733,66.17187117364193
STU_015734,68.00377021254772
STU_015735,56.159014396986706
STU_015736,94.88150562468597
STU_015737,71.90534173399726
STU_015738,62.95335997533505
STU_015739,75.88983594517114
STU_015740,94.52212727431372
STU_015741,62.79185137323715
STU_015742,70.31227451937377
STU_015743,91.64636880329773
STU_015744,66.10825535582842
STU_015745,86.01903456353384
STU_015746,69.58166750951521
STU_015747,94.6992324324043
STU_015748,51.559444344294356
STU_015749,87.34225427429068
STU_015750,57.88966857870841
STU_015751,87.95124677953024
STU_015752,69.74543928320492
STU_015753,80.04027946386539
STU_015754,79.20515768766398
STU_015755,95.40734446809714
STU_015756,80.66260985423284
STU_015757,87.99643965901096
STU_015758,100.0
STU_015759,85.30623084141754
STU_015760,64.23303152903404
STU_015761,90.86500432684687
STU_015762,65.08586600863104
STU_015763,67.28336562418505
STU_015764,75.64848379962933
STU_015765,75.07268947778493
STU_015766,84.38323463031517
STU_015767,86.32249095684136
STU_015768,78.04529661063779
STU_015769,80.34351268603521
STU_015770,67.27320732307729
STU_015771,94.20482969465276
STU_015772,59.79360697247866
STU_015773,51.49655382670035
STU_015774,99.8681723834562
STU_015775,84.06572912130918
STU_015776,61.423843780804404
STU_015777,67.55384953039155
STU_015778,61.738661605212585
STU_015779,57.24842783686818
STU_015780,82.06144035031863
STU_015781,74.95011884923188
STU_015782,82.89499868045266
STU_015783,65.90245362383351
STU_015784,73.83748944583763
STU_015785,73.56294190532803
STU_015786,74.41064377328092
STU_015787,76.56646726261978
STU_015788,75.46833966833147
STU_015789,53.43778756958845
STU_015790,66.59624621640917
STU_015791,71.00990422646352
STU_015792,79.43417964494171
STU_015793,88.403091005875
STU_015794,88.80942468826373
STU_015795,68.6643727741419
STU_015796,91.49937286709753
STU_015797,81.54358122350193
STU_015798,85.20359710044643
STU_015799,90.78031741129007
STU_015800,65.54354134711474
STU_015801,78.19246713364168
STU_015802,58.270341688039096
STU_015803,68.74185080249723
STU_015804,81.79807170897311
STU_015805,49.33436928670805
STU_015806,98.8812433734968
STU_015807,76.35806170533417
STU_015808,68.03747912498035
STU_015809,50.20029115959589
STU_015810,85.72366960671842
STU_015811,100.0
STU_015812,81.0793794782604
STU_015813,91.76833115336049
STU_015814,68.30302171932559
STU_015815,61.46459491865403
STU_015816,92.53679589966582
STU_015817,69.73886789810994
STU_015818,65.9055400066853
STU_015819,56.15753284197812
STU_015820,66.12522162237622
STU_015821,75.20446585036994
STU_015822,65.11420808703424
STU_015823,76.40888978969197
STU_015824,85.28212622095563
STU_015825,53.94226097071252
STU_015826,55.81301159864029
STU_015827,68.9693402826147
STU_015828,72.84139180106774
STU_015829,85.90815879743116
STU_015830,90.85012127237277
STU_015831,72.36465806440876
STU_015832,89.20258477949156
STU_015833,90.90715933791617
STU_015834,44.91700638334227
STU_015835,76.13250580934053
STU_015836,74.45326209458662
STU_015837,81.66928516132342
STU_015838,72.84299682324536
STU_015839,88.30703994882225
STU_015840,66.9366268152778
STU_015841,58.41900891048907
STU_015842,94.24601128858714
STU_015843,85.20155601768052
STU_015844,89.38427117798953
STU_015845,68.3917095520947
STU_015846,64.16329185768129
STU_015847,77.69092509415762
STU_015848,88.71590085167288
STU_015849,96.37344741793076
STU_015850,58.55802969365839
STU_015851,71.2690885043277
STU_015852,62.25575809682145
STU_015853,75.66391137393482
STU_015854,93.67993900562814
STU_015855,93.7619417515285
STU_015856,76.43910760960054
STU_015857,83.02370554076886
STU_015858,63.65947467809389
STU_015859,71.84371216706091
STU_015860,67.58204984341099
STU_015861,69.44181241090635
STU_015862,66.29167203377072
STU_015863,95.75164203174491
STU_015864,54.568299442047454
STU_015865,61.728701298400374
STU_015866,77.17046108602727
STU_015867,37.88861629519894
STU_015868,70.63454610554611
STU_015869,89.84769932962314
STU_015870,77.02778204238595
STU_015871,74.5647867942431
STU_015872,46.2117407162115
STU_015873,95.19845142261386
STU_015874,70.42730343770569
STU_015875,80.67194580482398
STU_015876,63.45567481486291
STU_015877,97.22992020277738
STU_015878,82.68242797742172
STU_015879,97.1361624962982
STU_015880,82.91112747079562
STU_015881,97.26801193522714
STU_015882,66.62765777438526
STU_015883,77.33728186663417
STU_015884,88.5723176793079
STU_015885,66.02725319136272
STU_015886,92.17777380962386
STU_015887,99.16852624659609
STU_015888,62.19051967875117
STU_015889,88.03945068847483
STU_015890,92.95024871109455
STU_015891,86.37451351874431
STU_015892,57.07050137160652
STU_015893,58.418802285912506
STU_015894,54.64295036616771
STU_015895,61.75803520099177
STU_015896,67.38448820607157
STU_015897,86.73074360075964
STU_015898,74.81763510027636
STU_015899,89.03227675744635
STU_015900,70.09156208881757
STU_015901,70.32837411845418
STU_015902,71.74370137673101
STU_015903,83.18688697810427
STU_015904,77.8622007581509
STU_015905,87.37346695110519
STU_015906,69.98655160346158
STU_015907,100.0
STU_015908,63.967080007155886
STU_015909,73.37515212667377
STU_015910,78.5540923863429
STU_015911,60.27581711040288
STU_015912,83.98669230866551
STU_015913,65.58535613561057
STU_015914,65.43917642144666
STU_015915,86.34894207136271
STU_015916,62.104059887777765
STU_015917,53.33281874982706
STU_015918,77.88176234477879
STU_015919,89.44486506150264
STU_015920,83.5620220563514
STU_015921,94.20995010365532
STU_015922,56.51957918607759
STU_015923,91.8281592731093
STU_015924,75.0672452603875
STU_015925,68.6066126403732
STU_015926,79.43103287143701
STU_015927,74.4989817314239
STU_015928,72.11408510390653
STU_015929,87.225989741718
STU_015930,58.793978968243195
STU_015931,58.0544813022147
STU_015932,71.20065750033162
STU_015933,78.28304547342583
STU_015934,68.9013460883919
STU_015935,100.0
STU_015936,100.0
STU_015937,76.62272232821586
STU_015938,79.29488373582505
STU_015939,66.55076941004543
STU_015940,95.33519729575256
STU_015941,65.61558703338582
STU_015942,85.53909711765338
STU_015943,80.21821098137119
STU_015944,97.7989915277392
STU_015945,78.64818010018905
STU_015946,75.11966639555189
STU_015947,72.01070270630964
STU_015948,70.5457555251953
STU_015949,58.995046880398846
STU_015950,96.64013236184682
STU_015951,71.79807551738966
STU_015952,75.970363774862
STU_015953,66.39663603369854
STU_015954,79.22071152740362
STU_015955,76.05920606352208
STU_015956,84.15110391868748
STU_015957,55.187123030788484
STU_015958,67.96240023926468
STU_015959,91.9194860815198
STU_015960,70.22141265559026
STU_015961,82.63469580022016
STU_015962,81.60302011295508
STU_015963,76.49477897735466
STU_015964,64.5173290010497
STU_015965,84.08949815345477
STU_015966,55.34650519323877
STU_015967,81.15291549602254
STU_015968,82.92214507123273
STU_015969,67.22126988334219
STU_015970,77.09139343368045
STU_015971,68.09659983173809
STU_015972,85.53700170178544
STU_015973,64.78789063129621
STU_015974,87.06221641693647
STU_015975,55.46774548977811
STU_015976,49.24013590196307
STU_015977,61.44308225741277
STU_015978,70.89263089667944
STU_015979,86.92637056583479
STU_015980,86.68047106083861
STU_015981,95.3750977689844
STU_015982,94.36966051727823
STU_015983,80.59268454520037
STU_015984,83.31260252048347
STU_015985,72.54504464986594
STU_015986,45.36234482537929
STU_015987,76.20768771882592
STU_015988,67.18047978962963
STU_015989,77.71485291107822
STU_015990,59.60015412607285
STU_015991,72.06920481575685
STU_015992,44.67534362019525
STU_015993,76.63694920453118
STU_015994,72.11995313339699
STU_015995,100.0
STU_015996,78.62267054862733
STU_015997,71.34227750547605
STU_015998,78.20383040357608
STU_015999,84.68235812279474
STU_016000,83.68279398436587
STU_016001,91.13028945627033
STU_016002,88.60299818563968
STU_016003,92.86454327837497
STU_016004,86.98258565788578
STU_016005,46.85259148081524
STU_016006,63.318399707033095
STU_016007,80.27703428152853
STU_016008,90.298305133238
STU_016009,51.19970427047318
STU_016010,75.07303874154931
STU_016011,84.49281187602027
STU_016012,70.52159054646717
STU_016013,69.6975809112284
STU_016014,98.10834702164777
STU_016015,49.86921704165407
STU_016016,95.38838894452415
STU_016017,79.03255532612322
STU_016018,83.39116192445421
STU_016019,71.5871567495094
STU_016020,91.28962038136686
STU_016021,100.0
STU_016022,65.07158017501165
STU_016023,100.0
STU_016024,74.74471839048202
STU_016025,86.73349746872988
STU_016026,56.197151475486436
STU_016027,63.62838116490917
STU_016028,70.49330413635052
STU_016029,75.55081935884526
STU_016030,97.60570339855094
STU_016031,93.77865451125996
STU_016032,84.0969728917031
STU_016033,83.7297954020746
STU_016034,78.6746191047828
STU_016035,68.4471550323924
STU_016036,100.0
STU_016037,77.4961350393423
STU_016038,71.74378268773742
STU_016039,71.39135232294379
STU_016040,91.69960169269935
STU_016041,92.78420057418948
STU_016042,75.5011168065176
STU_016043,82.3508430927638
STU_016044,92.47212463721652
STU_016045,82.28860180670124
STU_016046,63.12155186379597
STU_016047,87.65658289981712
STU_016048,72.18939329626986
STU_016049,73.47666632575921
STU_016050,71.454172898198
STU_016051,81.31491062641663
STU_016052,96.48332494489375
STU_016053,77.9159459536062
STU_016054,68.36672169295936
STU_016055,77.67228931159826
STU_016056,74.27273642876398
STU_016057,76.77836258177459
STU_016058,77.18790933781624
STU_016059,72.98469952540549
STU_016060,75.15316531637467
STU_016061,56.14789075684742
STU_016062,70.55557304300854
STU_016063,80.81750216538052
STU_016064,63.87012350380575
STU_016065,78.58137041826949
STU_016066,84.43277528219141
STU_016067,59.582232557280875
STU_016068,99.13569235949399
STU_016069,77.64754218696241
STU_016070,69.14600440524644
STU_016071,64.49177613768063
STU_016072,86.30407128734568
STU_016073,80.69233008890427
STU_016074,85.93926985721487
STU_016075,99.71106041827373
STU_016076,64.7443748316854
STU_016077,65.6423635539145
STU_016078,82.09916336652167
STU_016079,84.4547575291244
STU_016080,72.94415679758347
STU_016081,65.38735292965866
STU_016082,85.08813812126013
STU_016083,98.26933068059633
STU_016084,72.0619849629731
STU_016085,50.496155371798324
STU_016086,94.80687696105363
STU_016087,73.3376277192946
STU_016088,75.46739899407864
STU_016089,86.30160824420625
STU_016090,87.81247696048374
STU_016091,65.8292314360355
STU_016092,71.96738117668829
STU_016093,78.32840909778132
STU_016094,76.91120457761437
STU_016095,73.77967646123511
STU_016096,88.39564427369537
STU_016097,69.72394930836772
STU_016098,59.030143072634175
STU_016099,84.06067395439203
STU_016100,74.89438009858539
STU_016101,61.72378478275012
STU_016102,84.04255290873316
STU_016103,53.756814133659574
STU_016104,82.94834598564188
STU_016105,64.67351294563802
STU_016106,61.80363768622275
STU_016107,77.09698289500648
STU_016108,71.2910355654762
STU_016109,66.4016731245716
STU_016110,67.45163720429287
STU_016111,86.39837638541333
STU_016112,79.66347907122896
STU_016113,58.03950487179081
STU_016114,73.0747897886292
STU_016115,82.79338017772626
STU_016116,95.84269150585666
STU_016117,78.45108650778091
STU_016118,65.21758508473769
STU_016119,82.92625881323977
STU_016120,80.42591601979137
STU_016121,67.40610008797309
STU_016122,73.94737779283625
STU_016123,87.50139085885316
STU_016124,92.42907317808366
STU_016125,89.47966156450384
STU_016126,78.12705829733068
STU_016127,83.4282190982592
STU_016128,95.50641033926406
STU_016129,67.22872927442502
STU_016130,97.7392873801443
STU_016131,81.95555480243732
STU_016132,71.76918462380497
STU_016133,75.9398362760169
STU_016134,71.65342431422171
STU_016135,59.72481755444263
STU_016136,90.47643815776705
STU_016137,80.55281196094549
STU_016138,79.90311791241028
STU_016139,99.21078626731781
STU_016140,87.5354524974117
STU_016141,86.40740140485329
STU_016142,86.52789626135845
STU_016143,56.94081403061277
STU_016144,79.29783590358207
STU_016145,78.69646422847296
STU_016146,86.58374858139021
STU_016147,89.11167086067323
STU_016148,64.67777997203359
STU_016149,54.88678392928737
STU_016150,93.293258343382
STU_016151,57.294128566071606
STU_016152,80.27327108459122
STU_016153,68.28153623295057
STU_016154,79.94383050984378
STU_016155,85.02181386610414
STU_016156,64.46633059963499
STU_016157,76.4396814264642
STU_016158,97.1673904671049
STU_016159,65.4983006672982
STU_016160,81.08875771029462
STU_016161,71.05229981176701
STU_016162,92.9534653218733
STU_016163,75.77685413610143
STU_016164,69.80534750849424
STU_016165,94.61008635649257
STU_016166,61.86790383418018
STU_016167,81.99442602952846
STU_016168,85.55840455820358
STU_016169,91.43371471821385
STU_016170,80.90954968019369
STU_016171,76.78144221953303
STU_016172,62.024261599407836
STU_016173,76.01186557032834
STU_016174,60.41795173634777
STU_016175,93.65992106049556
STU_016176,76.59153826698883
STU_016177,86.75925803964032
STU_016178,84.46852725556133
STU_016179,80.94526299777846
STU_016180,56.36631169520833
STU_016181,90.34189364137723
STU_016182,51.79879326531038
STU_016183,77.25252418559927
STU_016184,76.52306116481729
STU_016185,99.25982335100156
STU_016186,50.81421936833396
STU_016187,92.62709726147855
STU_016188,77.55970369591485
STU_016189,82.23484360978836
STU_016190,80.32636749059645
STU_016191,61.587102563674904
STU_016192,61.54766430771722
STU_016193,79.17443109966928
STU_016194,91.62555860094228
STU_016195,82.25379014241614
STU_016196,59.298909716024305
STU_016197,97.05661115495384
STU_016198,72.4624087046673
STU_016199,76.75840446252428
STU_016200,64.94430671537089
STU_016201,69.15347306777954
STU_016202,63.60446402388021
STU_016203,69.66950532115163
STU_016204,61.90391126942777
STU_016205,54.904767747844076
STU_016206,70.70158149491358
STU_016207,52.791867208914184
STU_016208,67.82641893707913
STU_016209,69.38667794455209
STU_016210,57.59829248288578
STU_016211,71.25633350410865
STU_016212,68.45879361310656
STU_016213,93.2665512106197
STU_016214,58.30057626384921
STU_016215,71.02072136745853
STU_016216,60.88452599278095
STU_016217,72.3735301981333
STU_016218,100.0
STU_016219,82.68543032523769
STU_016220,93.35862129899655
STU_016221,67.31657493273082
STU_016222,67.66362071901158
STU_016223,64.89394443891075
STU_016224,97.54421360554403
STU_016225,81.76649662760771
STU_016226,90.33236539372412
STU_016227,78.63523727145214
STU_016228,71.36580097232832
STU_016229,64.8600695116775
STU_016230,63.36769367020382
STU_016231,95.32710500124277
STU_016232,97.51100895758282
STU_016233,52.39314136650633
STU_016234,79.74813256011988
STU_016235,59.64030452703917
STU_016236,74.53832425969726
STU_016237,69.52040870638751
STU_016238,88.73205746386253
STU_016239,69.12091000275498
STU_016240,90.85324463216223
STU_016241,86.8675108389441
STU_016242,68.2337295507293
STU_016243,72.29334115875751
STU_016244,78.90218828162816
STU_016245,67.53731802488747
STU_016246,67.7079390774457
STU_016247,73.616092706649
STU_016248,73.24267827365748
STU_016249,67.05380135659277
STU_016250,88.34793496261308
STU_016251,53.23478246763893
STU_016252,85.88885207550629
STU_016253,85.37889622725824
STU_016254,84.34559015584972
STU_016255,71.24250048396243
STU_016256,47.547064074485554
STU_016257,78.80060897207346
STU_016258,80.7083821600667
STU_016259,72.9031239784471
STU_016260,72.9283196071556
STU_016261,97.40078295548041
STU_016262,83.90396711792646
STU_016263,59.97056817682332
STU_016264,54.72495809998708
STU_016265,96.97764632166297
STU_016266,90.51937566879793
STU_016267,72.48094721196398
STU_016268,80.62016734658934
STU_016269,94.7200472067588
STU_016270,71.49913564430483
STU_016271,72.6549535706987
STU_016272,82.71699554262733
STU_016273,75.68113567437295
STU_016274,60.971508894953075
STU_016275,71.60870382069373
STU_016276,58.09780530265721
STU_016277,86.20431474512957
STU_016278,80.54344675479288
STU_016279,79.83794980295905
STU_016280,75.68483472783485
STU_016281,82.02297082448189
STU_016282,70.27187735533603
STU_016283,65.42793511888433
STU_016284,85.19355879512223
STU_016285,59.91629113985512
STU_016286,64.76818903338057
STU_016287,89.97222836008672
STU_016288,93.36225381940434
STU_016289,76.00022032647102
STU_016290,64.54220836438495
STU_016291,75.28047284685493
STU_016292,73.52704021357137
STU_016293,80.39285218633307
STU_016294,67.99794914819535
STU_016295,83.77609084537913
STU_016296,71.927603421907
STU_016297,86.4545656974877
STU_016298,53.93649614839488
STU_016299,71.11577565548272
STU_016300,65.875344103212
STU_016301,56.69052394563327
STU_016302,67.38869036344381
STU_016303,79.43842384386349
STU_016304,85.48533226595148
STU_016305,87.54561222249507
STU_016306,75.8239053932196
STU_016307,66.58489267020485
STU_016308,61.403085485689175
STU_016309,87.49246742629299
STU_016310,77.94264530099835
STU_016311,58.88582201311972
STU_016312,66.20672150273138
STU_016313,100.0
STU_016314,89.42594819954755
STU_016315,60.71864959165798
STU_016316,95.07883826703338
STU_016317,81.45744472933065
STU_016318,73.46718349533998
STU_016319,65.3959220181426
STU_016320,65.55861343624952
STU_016321,62.57381828986111
STU_016322,94.4498988912951
STU_016323,75.17733173629635
STU_016324,55.46941249920692
STU_016325,74.47302536233087
STU_016326,78.54317480706257
STU_016327,85.19383312626071
STU_016328,69.68939045199897
STU_016329,67.24123636326937
STU_016330,66.77134224230187
STU_016331,71.84416538999075
STU_016332,87.34400560537998
STU_016333,85.97331653477265
STU_016334,63.56749526374262
STU_016335,73.08311322022409
STU_016336,67.84832018120963
STU_016337,64.97671895044762
STU_016338,74.57748815849665
STU_016339,78.58358972467411
STU_016340,87.59019084285322
STU_016341,88.08031033365981
STU_016342,75.8933353239812
STU_016343,74.9260821777927
STU_016344,93.27522827079362
STU_016345,81.11357631267254
STU_016346,86.95869634644433
STU_016347,50.83641009618838
STU_016348,64.3568651600187
STU_016349,88.78370982370762
STU_016350,61.85550281603015
STU_016351,70.26929888373067
STU_016352,79.5686710942808
STU_016353,71.34251000539622
STU_016354,51.912117836177586
STU_016355,74.93042253507764
STU_016356,69.50767839056968
STU_016357,63.87900654319846
STU_016358,75.55686176917351
STU_016359,86.61613351168603
STU_016360,77.41734994081081
STU_016361,73.51119726235915
STU_016362,79.95519665957372
STU_016363,69.91613884864749
STU_016364,71.3601140936674
STU_016365,78.52327011025338
STU_016366,72.50648653917577
STU_016367,83.85144213609315
STU_016368,54.47281906504399
STU_016369,68.27838354843858
STU_016370,44.51966897333736
STU_016371,61.460007097153664
STU_016372,93.31127265672856
STU_016373,84.92343610446514
STU_016374,71.33623047882386
STU_016375,77.30386113640701
STU_016376,91.64657683328761
STU_016377,56.19595701770231
STU_016378,81.50651188886621
STU_016379,60.83509667981767
STU_016380,86.84356361567193
STU_016381,62.7948399438017
STU_016382,74.58543217251507
STU_016383,54.76606043249437
STU_016384,93.28797546264818
STU_016385,92.89267428058024
STU_016386,76.17417837165421
STU_016387,69.38845037944517
STU_016388,60.348598536935114
STU_016389,77.6944295275178
STU_016390,78.73553747986315
STU_016391,99.48026210325568
STU_016392,80.66186505097124
STU_016393,78.1415872447668
STU_016394,94.24164446120037
STU_016395,63.009032929976414
STU_016396,93.03075418960114
STU_016397,64.6628298473685
STU_016398,60.03378914006974
STU_016399,70.1855183339015
STU_016400,83.91557481462578
STU_016401,72.56655817093547
STU_016402,94.63699112333929
STU_016403,63.32117322405081
STU_016404,69.94284096049407
STU_016405,66.07182696304167
STU_016406,67.4317170924885
STU_016407,95.371450342876
STU_016408,86.61329673701184
STU_016409,52.56858132109096
STU_016410,60.006747405134405
STU_016411,53.79903812738348
STU_016412,52.625922739762366
STU_016413,69.1292043210053
STU_016414,86.43523317925613
STU_016415,83.96745140718164
STU_016416,72.78931364903323
STU_016417,80.85302652481639
STU_016418,98.6431464646639
STU_016419,76.13786284076095
STU_016420,63.9747199738415
STU_016421,62.849359362736486
STU_016422,70.96293711047443
STU_016423,98.5896627385365
STU_016424,64.76723358118964
STU_016425,86.38034835390141
STU_016426,77.66452238630836
STU_016427,74.88690625792704
STU_016428,100.0
STU_016429,75.55755892162782
STU_016430,83.43120969070168
STU_016431,95.09899390757782
STU_016432,51.58050225429118
STU_016433,59.59735968929078
STU_016434,59.77542014703306
STU_016435,79.41946475654721
STU_016436,92.380181898819
STU_016437,79.23740238882785
STU_016438,75.37829469932211
STU_016439,76.12137475066442
STU_016440,65.52720173791471
STU_016441,93.43562037741873
STU_016442,93.48418454458803
STU_016443,69.91819792632913
STU_016444,75.38479656966372
STU_016445,74.73806920986078
STU_016446,65.37911521849381
STU_016447,65.4300428625503
STU_016448,71.44345209868791
STU_016449,79.45921763546448
STU_016450,72.05919502021317
STU_016451,90.42005897110754
STU_016452,85.3774214262048
STU_016453,63.826996976437655
STU_016454,67.89746865988913
STU_016455,49.19325316239144
STU_016456,74.7860156765289
STU_016457,88.46986157833416
STU_016458,76.25177756427436
STU_016459,77.11546076057421
STU_016460,78.40322854293323
STU_016461,59.69289940459478
STU_016462,82.49868883593737
STU_016463,79.58689227497672
STU_016464,79.01304486299789
STU_016465,83.53750746878792
STU_016466,68.65669531382942
STU_016467,79.87698373439548
STU_016468,64.81569678576437
STU_016469,52.93302389266486
STU_016470,87.84198259638737
STU_016471,57.16102366229012
STU_016472,84.96731418153445
STU_016473,77.83868381292648
STU_016474,69.35110710861153
STU_016475,100.0
STU_016476,95.20262426376833
STU_016477,90.65445853579786
STU_016478,89.15877458184788
STU_016479,69.00358134335612
STU_016480,79.36032605657067
STU_016481,74.419427985228
STU_016482,64.94656563545067
STU_016483,83.32742882796637
STU_016484,68.96283563555345
STU_016485,70.06251465998321
STU_016486,88.10839496073619
STU_016487,71.27914991484201
STU_016488,79.31341601026757
STU_016489,99.59625986386601
STU_016490,64.71370425496694
STU_016491,90.57027636743913
STU_016492,89.45379863857012
STU_016493,86.38627700930614
STU_016494,78.9859427573591
STU_016495,50.352242414610345
STU_016496,83.41738504202215
STU_016497,47.055744715720095
STU_016498,62.511757685570075
STU_016499,73.59776481927625
STU_016500,68.56134414453334
STU_016501,75.0343870743119
STU_016502,78.38768112676976
STU_016503,59.887187827886336
STU_016504,78.2618302039905
STU_016505,95.11726822278325
STU_016506,71.98207864100307
STU_016507,67.1174666691042
STU_016508,85.4638157160007
STU_016509,42.87480759211989
STU_016510,75.23575105901831
STU_016511,66.46142764997322
STU_016512,68.32947907634433
STU_016513,54.331176741605006
STU_016514,85.35335447227425
STU_016515,62.93944134515658
STU_016516,60.377794612312016
STU_016517,84.30097995163409
STU_016518,82.43972865957932
STU_016519,83.96317143183119
STU_016520,59.47981922323352
STU_016521,100.0
STU_016522,52.43170547665591
STU_016523,72.562555007776
STU_016524,73.61180937490839
STU_016525,44.01659846740232
STU_016526,100.0
STU_016527,57.274689998250466
STU_016528,66.99522773465358
STU_016529,72.59180080923862
STU_016530,80.91213842659438
STU_016531,96.31989185010077
STU_016532,100.0
STU_016533,76.35688227388508
STU_016534,87.08742825881052
STU_016535,61.90248394661819
STU_016536,84.6732296928925
STU_016537,80.83733111521512
STU_016538,60.95177081908231
STU_016539,71.41408663163011
STU_016540,77.73927723067106
STU_016541,99.7601630535865
STU_016542,57.478049112850094
STU_016543,62.940906779533755
STU_016544,83.90762875414926
STU_016545,95.00338078900697
STU_016546,65.34428733925576
STU_016547,100.0
STU_016548,91.87858087346991
STU_016549,84.4834887546169
STU_016550,67.54616847596465
STU_016551,78.34541976546997
STU_016552,87.45038520004562
STU_016553,68.46237111350804
STU_016554,90.75023926149439
STU_016555,72.44905192856656
STU_016556,79.94523538764156
STU_016557,71.54143772058316
STU_016558,74.72897264992417
STU_016559,83.91430464623522
STU_016560,62.58888945781155
STU_016561,79.23097593048111
STU_016562,76.54912648518993
STU_016563,73.81638077056614
STU_016564,70.1770867166906
STU_016565,78.0179115431068
STU_016566,86.57753815900494
STU_016567,73.44236595231197
STU_016568,69.32025104205012
STU_016569,59.452402066704835
STU_016570,65.67426007048249
STU_016571,87.88884202220063
STU_016572,57.160184466734904
STU_016573,56.373878697022676
STU_016574,97.47431338303274
STU_016575,65.5176280124112
STU_016576,81.11232377408669
STU_016577,86.05819993269853
STU_016578,85.14310767456477
STU_016579,86.60303126975002
STU_016580,85.9088664952255
STU_016581,96.18799389554268
STU_016582,64.65988246310341
STU_016583,87.26449975607318
STU_016584,96.73436409609556
STU_016585,85.10915426056606
STU_016586,79.03502967102736
STU_016587,72.97684327809846
STU_016588,73.23523530351675
STU_016589,66.19751855629667
STU_016590,76.06264569357828
STU_016591,61.42421859764589
STU_016592,86.75822958214485
STU_016593,87.65229303445383
STU_016594,44.02752560760036
STU_016595,80.82753340703498
STU_016596,90.9868665362824
STU_016597,56.176735700733104
STU_016598,85.76476004977178
STU_016599,48.25381362187083
STU_016600,52.1738295358917
STU_016601,82.81300735787885
STU_016602,55.491516280964206
STU_016603,53.544923946784685
STU_016604,88.90349811868003
STU_016605,92.35617901651112
STU_016606,68.8803217680112
STU_016607,43.337433626909935
STU_016608,89.48055060888166
STU_016609,78.41891163301065
STU_016610,82.66378601432343
STU_016611,60.25742727370657
STU_016612,93.83884398756541
STU_016613,81.63058964805688
STU_016614,67.69029964330005
STU_016615,93.40711164313107
STU_016616,88.01218390963403
STU_016617,94.25759250536481
STU_016618,71.73612249590585
STU_016619,88.21605746643381
STU_016620,54.170095561589505
STU_016621,80.12973053338929
STU_016622,75.82579566949666
STU_016623,80.65268970356587
STU_016624,96.74075930481797
STU_016625,81.32161977362037
STU_016626,55.838838681183184
STU_016627,98.97149537115537
STU_016628,91.12416775308215
STU_016629,51.701607995598195
STU_016630,73.19773494514949
STU_016631,65.37469574817183
STU_016632,69.28288604772686
STU_016633,78.81318015121121
STU_016634,67.88654528653218
STU_016635,91.6660952287128
STU_016636,82.66532395630112
STU_016637,67.35623538085413
STU_016638,68.11036215386828
STU_016639,66.25909708002483
STU_016640,100.0
STU_016641,82.80413256797208
STU_016642,56.85649813536
STU_016643,67.84575468475369
STU_016644,85.02622470950308
STU_016645,87.57188302280969
STU_016646,86.91708302692803
STU_016647,67.41766973203376
STU_016648,81.05395824639183
STU_016649,84.94819433760452
STU_016650,88.0904095817959
STU_016651,81.3202572517836
STU_016652,87.1725696245343
STU_016653,77.71934516354946
STU_016654,93.14328033519409
STU_016655,70.70843333778485
STU_016656,77.99385686037292
STU_016657,77.25356370885578
STU_016658,87.03704087082104
STU_016659,75.89980537126837
STU_016660,91.5902914344297
STU_016661,73.1404474537201
STU_016662,69.5286544838529
STU_016663,90.54006554984618
STU_016664,70.50097369368228
STU_016665,76.7360382568846
STU_016666,67.64405897288894
STU_016667,70.51158243562529
STU_016668,93.27581735284467
STU_016669,73.06334514396131
STU_016670,82.31024111901168
STU_016671,98.49942605682662
STU_016672,82.55116514005977
STU_016673,66.22851514164083
STU_016674,81.38613094786818
STU_016675,75.27868341257337
STU_016676,100.0
STU_016677,88.53310816915639
STU_016678,87.41133660928665
STU_016679,87.7157004797032
STU_016680,60.91954529073605
STU_016681,96.62988463047179
STU_016682,82.57697802073075
STU_016683,76.48973824631352
STU_016684,67.02679255799404
STU_016685,80.04665975068828
STU_016686,71.76814900463917
STU_016687,94.57967208767437
STU_016688,57.552752757715
STU_016689,72.16558043718432
STU_016690,55.86304048695422
STU_016691,78.48266225120516
STU_016692,75.24415067339694
STU_016693,63.87662459991974
STU_016694,85.72517775491103
STU_016695,77.85150970418606
STU_016696,75.3308555262227
STU_016697,74.1959862088384
STU_016698,80.07498683816989
STU_016699,68.47314538499346
STU_016700,73.82763916991588
STU_016701,77.18618015898173
STU_016702,82.36720546566032
STU_016703,89.3043584538566
STU_016704,87.15648160011028
STU_016705,89.71414316784364
STU_016706,71.97529221961503
STU_016707,83.67792034060489
STU_016708,89.27988703899209
STU_016709,45.25678048502576
STU_016710,76.5806758907975
STU_016711,61.37598713585895
STU_016712,50.864926240773464
STU_016713,95.46803052587558
STU_016714,96.18890136418486
STU_016715,65.22777720592703
STU_016716,73.18967504639734
STU_016717,89.96438952070204
STU_016718,52.67190998200738
STU_016719,92.77070416219408
STU_016720,96.2325992508772
STU_016721,78.85732055795401
STU_016722,73.20736404575455
STU_016723,72.04404808465131
STU_016724,74.08708707683087
STU_016725,70.80365084144135
STU_016726,65.03655926776746
STU_016727,66.70740645339806
STU_016728,57.890132661604014
STU_016729,77.13766900267015
STU_016730,87.03655137092872
STU_016731,65.96762956547997
STU_016732,89.76117909509179
STU_016733,87.90663226931296
STU_016734,55.30642419551833
STU_016735,83.5389959706283
STU_016736,60.52044982058035
STU_016737,66.95106098741533
STU_016738,78.75422899276738
STU_016739,83.01667283813977
STU_016740,69.83767570775788
STU_016741,76.9477231715571
STU_016742,89.90938265565501
STU_016743,72.17712867771394
STU_016744,61.590811168821595
STU_016745,66.11068895352238
STU_016746,57.70245003745532
STU_016747,88.26233694844677
STU_016748,75.02934119571144
STU_016749,53.163493132875445
STU_016750,90.81516617492068
STU_016751,85.02155294528292
STU_016752,62.09990395650058
STU_016753,75.97486479742099
STU_016754,100.0
STU_016755,78.27660765846105
STU_016756,76.89558027426787
STU_016757,79.45262048634812
STU_016758,53.88199561860219
STU_016759,98.66070723270657
STU_016760,70.33864752478864
STU_016761,77.2474451777954
STU_016762,70.11790077171062
STU_016763,77.67720513558575
STU_016764,66.03164146975223
STU_016765,86.01197565881546
STU_016766,86.97941631119807
STU_016767,83.82611748823341
STU_016768,89.32594600827073
STU_016769,46.41846693349714
STU_016770,57.44057476001218
STU_016771,68.33713640155867
STU_016772,89.34217024122833
STU_016773,69.8571542693348
STU_016774,80.80207824443096
STU_016775,73.18727925676095
STU_016776,92.10493540121522
STU_016777,49.56317620897063
STU_016778,78.86454031896413
STU_016779,72.33044658800723
STU_016780,87.21558407422117
STU_016781,50.86267842616201
STU_016782,84.47893414004321
STU_016783,69.24926037073453
STU_016784,92.41020642581657
STU_016785,90.51655010968767
STU_016786,72.50432433802487
STU_016787,65.71117745629796
STU_016788,91.34926190552747
STU_016789,74.13194818606581
STU_016790,82.27432172205147
STU_016791,68.57499754190727
STU_016792,75.69595966769856
STU_016793,78.98541637814773
STU_016794,74.43007960492248
STU_016795,76.2342467799803
STU_016796,86.61360770610767
STU_016797,67.33413988770118
STU_016798,74.39589061982434
STU_016799,88.47918613160053
STU_016800,69.7600353017376
STU_016801,63.86498967739097
STU_016802,66.96505243557394
STU_016803,94.2337536899858
STU_016804,95.08461329051659
STU_016805,58.181469467529936
STU_016806,78.67419830647339
STU_016807,82.45259946568177
STU_016808,82.28177780503003
STU_016809,91.12911194578734
STU_016810,49.530525061122304
STU_016811,78.41011392203535
STU_016812,71.48298130307582
STU_016813,76.43130998985421
STU_016814,87.9234907983725
STU_016815,66.70510828310327
STU_016816,76.21536079714079
STU_016817,100.0
STU_016818,54.761329975692774
STU_016819,83.32723833288378
STU_016820,75.14113480985823
STU_016821,76.61812024628799
STU_016822,73.69724934268933
STU_016823,100.0
STU_016824,79.24863362989997
STU_016825,86.99060925513196
STU_016826,72.43153692326908
STU_016827,79.94600449451454
STU_016828,71.99825810163397
STU_016829,85.43512292025189
STU_016830,71.57652784096625
STU_016831,85.86280314709762
STU_016832,66.68614561436762
STU_016833,66.11155658515221
STU_016834,83.10429136345817
STU_016835,73.77388481797121
STU_016836,80.7110945543288
STU_016837,98.27181042556327
STU_016838,87.39650291244709
STU_016839,68.85992582184988
STU_016840,78.65327692077673
STU_016841,95.07985057729262
STU_016842,73.59555259042868
STU_016843,67.37673096890336
STU_016844,87.18152070768771
STU_016845,69.35421154983254
STU_016846,65.96058991461128
STU_016847,75.38393716316543
STU_016848,59.10140676100878
STU_016849,68.58716857579341
STU_016850,73.63100164571792
STU_016851,65.99315135110605
STU_016852,87.2605824991227
STU_016853,86.98700510474877
STU_016854,90.21855273745277
STU_016855,77.5250577957809
STU_016856,96.78866720067819
STU_016857,69.27324056336812
STU_016858,57.16510738752754
STU_016859,99.4252576376159
STU_016860,98.46896464076707
STU_016861,79.61189477740818
STU_016862,90.54519921261814
STU_016863,96.68736757223428
STU_016864,50.94740144162559
STU_016865,82.76307071740295
STU_016866,72.91682688426495
STU_016867,93.73362216002565
STU_016868,76.37919733811565
STU_016869,83.2816549022243
STU_016870,63.03474000359516
STU_016871,57.31059629182006
STU_016872,77.45085938184017
STU_016873,92.42098851708737
STU_016874,70.12584372134852
STU_016875,83.91118734641192
STU_016876,61.26268662061044
STU_016877,100.0
STU_016878,58.9701496069133
STU_016879,90.75612445818979
STU_016880,86.1958526626396
STU_016881,67.315879840371
STU_016882,77.26454589194589
STU_016883,90.86518925017958
STU_016884,76.50442231613346
STU_016885,92.95269661333309
STU_016886,83.00984028000144
STU_016887,65.83560168323274
STU_016888,86.71676274594799
STU_016889,74.0575399762879
STU_016890,69.45202056960868
STU_016891,64.0825923768864
STU_016892,80.36464858974286
STU_016893,62.66093128840974
STU_016894,80.44421965971353
STU_016895,73.01925427815048
STU_016896,70.01519561064792
STU_016897,50.53278917539633
STU_016898,100.0
STU_016899,78.68564436058992
STU_016900,97.43587703494596
STU_016901,76.78941705081296
STU_016902,95.3882338601658
STU_016903,76.71845445136536
STU_016904,82.24738572078046
STU_016905,82.2283054680133
STU_016906,67.46848982369693
STU_016907,82.60729614100325
STU_016908,67.56032015469891
STU_016909,85.1860871159885
STU_016910,72.45376298754151
STU_016911,71.45172635130537
STU_016912,68.71345156312617
STU_016913,61.91449154091336
STU_016914,88.29286373447438
STU_016915,87.62615415570599
STU_016916,75.45663575972065
STU_016917,82.82898183987693
STU_016918,47.604282730887185
STU_016919,70.44150499746479
STU_016920,68.97422657482758
STU_016921,75.39814626034102
STU_016922,74.04237210839082
STU_016923,88.99509812538962
STU_016924,55.37013937354743
STU_016925,77.8005839527979
STU_016926,81.73081722382588
STU_016927,63.334695807246334
STU_016928,85.09353147426265
STU_016929,67.01230783967787
STU_016930,97.55381278326165
STU_016931,48.8676727256627
STU_016932,88.58176933623926
STU_016933,85.19393963095581
STU_016934,62.349399055002934
STU_016935,73.15770237697978
STU_016936,67.53847683061184
STU_016937,70.14921103638142
STU_016938,87.56987823762611
STU_016939,92.42742366776864
STU_016940,90.5560608949303
STU_016941,60.762536854799635
STU_016942,81.45045792136143
STU_016943,71.85017319734752
STU_016944,80.50744216923908
STU_016945,90.29314119582573
STU_016946,82.45175037570999
STU_016947,73.31960040205722
STU_016948,78.01105274843569
STU_016949,62.71569153866595
STU_016950,68.28637305564656
STU_016951,97.67636849813857
STU_016952,58.77322558339445
STU_016953,62.533515409965176
STU_016954,70.91835189505835
STU_016955,83.89779593892334
STU_016956,88.59356715254309
STU_016957,65.80618407676383
STU_016958,79.40557803484262
STU_016959,98.4306947233417
STU_016960,81.8115471070657
STU_016961,66.44833550989236
STU_016962,71.7288874850645
STU_016963,96.49580213743954
STU_016964,91.84995697371653
STU_016965,85.64609603255845
STU_016966,74.1210138540402
STU_016967,88.61337454805751
STU_016968,97.04001843960071
STU_016969,65.9559044469444
STU_016970,74.59130105964961
STU_016971,63.20029486294881
STU_016972,96.66637942166872
STU_016973,64.87004391967585
STU_016974,78.73824211475709
STU_016975,61.80293113738226
STU_016976,68.33106296837252
STU_016977,91.36964331093617
STU_016978,66.72204489437019
STU_016979,58.813692129703654
STU_016980,85.69193408783009
STU_016981,62.64105818273735
STU_016982,74.09920819952931
STU_016983,65.18099902365894
STU_016984,68.24055579512466
STU_016985,100.0
STU_016986,88.65084036269245
STU_016987,80.64934939715336
STU_016988,75.19372723847455
STU_016989,91.60836093963735
STU_016990,73.61582734718002
STU_016991,62.73050810471915
STU_016992,84.96162576049328
STU_016993,79.04298450770581
STU_016994,62.05120741763503
STU_016995,69.15037942977791
STU_016996,96.24187997816554
STU_016997,81.38900480399441
STU_016998,91.39619091674065
STU_016999,97.15923066892937
STU_017000,85.82328378900806
STU_017001,91.03295243133661
STU_017002,93.16594755549116
STU_017003,95.82389831497974
STU_017004,64.1104894974971
STU_017005,87.66168177066112
STU_017006,88.52950552858731
STU_017007,76.13919636223991
STU_017008,78.2972240032635
STU_017009,86.78016226610126
STU_017010,72.27017026238481
STU_017011,53.009208298366445
STU_017012,58.44086891271182
STU_017013,99.47341202682118
STU_017014,75.86430987932667
STU_017015,79.42609799292956
STU_017016,91.11947416888087
STU_017017,63.3415109700925
STU_017018,73.79917916496565
STU_017019,56.14440065778319
STU_017020,68.34958754457537
STU_017021,84.23574712044046
STU_017022,69.68751110800267
STU_017023,66.03175940101048
STU_017024,64.48919218264203
STU_017025,63.37814132932955
STU_017026,76.31622836372321
STU_017027,82.2333135580796
STU_017028,72.73913953377377
STU_017029,85.77857486556813
STU_017030,86.8548677254161
STU_017031,57.28181229782184
STU_017032,93.47430396890059
STU_017033,90.98339549972431
STU_017034,74.77777649941508
STU_017035,70.82107352309693
STU_017036,88.52213481429101
STU_017037,95.4174160587772
STU_017038,95.77858357510397
STU_017039,88.04612283277002
STU_017040,96.70957271605083
STU_017041,60.81369242773271
STU_017042,85.20080932378744
STU_017043,74.72938885109298
STU_017044,93.9887891692616
STU_017045,85.8419198011148
STU_017046,84.0493680242414
STU_017047,95.86542715635966
STU_017048,68.67271627494601
STU_017049,82.68793516446848
STU_017050,66.43543157880859
STU_017051,76.1046646003699
STU_017052,96.15898961542318
STU_017053,76.89324224410716
STU_017054,88.69959681059602
STU_017055,79.0952463752782
STU_017056,77.08276256001437
STU_017057,95.534572678029
STU_017058,76.31162632404462
STU_017059,60.41727345101188
STU_017060,64.37213290757263
STU_017061,95.41607237262221
STU_017062,61.20372984101523
STU_017063,73.39409814254358
STU_017064,66.30224793140422
STU_017065,94.47223617179748
STU_017066,63.584135747592256
STU_017067,95.8603530468309
STU_017068,64.66041083055953
STU_017069,78.1643275085251
STU_017070,82.14806934773955
STU_017071,78.45566404528381
STU_017072,75.27285056069604
STU_017073,89.63805982112798
STU_017074,83.32206168354215
STU_017075,90.12368255522695
STU_017076,57.62475763353778
STU_017077,92.2342652691762
STU_017078,65.65771615783774
STU_017079,62.80022992462273
STU_017080,57.0901883740677
STU_017081,71.3041209852325
STU_017082,86.86562591929304
STU_017083,66.16982518392837
STU_017084,49.62397769985448
STU_017085,65.45510730640602
STU_017086,87.89760595305249
STU_017087,68.59999460335322
STU_017088,95.20223371898955
STU_017089,61.18781930671135
STU_017090,81.68049801038887
STU_017091,65.68668699354637
STU_017092,87.99724851945248
STU_017093,51.655941009605044
STU_017094,80.63219864134454
STU_017095,51.61177456017798
STU_017096,62.37359365393995
STU_017097,64.36832980987447
STU_017098,46.53719189899013
STU_017099,73.37968524217251
STU_017100,84.90111838502816
STU_017101,79.7504523386796
STU_017102,75.71361732061374
STU_017103,78.29923997880427
STU_017104,84.82908183843843
STU_017105,68.2016595839699
STU_017106,60.18828263405311
STU_017107,52.152755232784784
STU_017108,80.47891138646423
STU_017109,74.55292893186117
STU_017110,68.95080151742982
STU_017111,86.8217443147844
STU_017112,85.95277787945011
STU_017113,59.18459030563784
STU_017114,76.20828353338767
STU_017115,78.66241672583551
STU_017116,100.0
STU_017117,51.373488173574486
STU_017118,84.10091495549258
STU_017119,81.38868194847348
STU_017120,83.00431579907601
STU_017121,71.48793992220513
STU_017122,99.0009081255094
STU_017123,61.01597597354005
STU_017124,71.62336952905652
STU_017125,68.25604416389452
STU_017126,80.01431564132471
STU_017127,58.53817227896698
STU_017128,68.51385840202133
STU_017129,65.03936489257322
STU_017130,73.95066971684405
STU_017131,66.93375679651948
STU_017132,77.84167204950776
STU_017133,78.94123539785141
STU_017134,97.98156859566394
STU_017135,58.24163321443631
STU_017136,83.27643218200352
STU_017137,61.29280035374523
STU_017138,78.41598836584387
STU_017139,88.7556069228465
STU_017140,76.56140073282519
STU_017141,89.91807204541747
STU_017142,92.38020841906948
STU_017143,54.22363844082826
STU_017144,91.07661042787183
STU_017145,91.00620376118243
STU_017146,93.74939913624766
STU_017147,95.00051464824477
STU_017148,72.5383580564274
STU_017149,65.94891139396026
STU_017150,56.09955072909082
STU_017151,79.77807465345526
STU_017152,77.02260133219792
STU_017153,84.18271140565778
STU_017154,81.28668026532539
STU_017155,57.458658325087754
STU_017156,57.388336043582996
STU_017157,70.03498092629324
STU_017158,90.97435269176762
STU_017159,62.00970953118889
STU_017160,54.13780121581519
STU_017161,85.25718747734506
STU_017162,70.30104257498223
STU_017163,74.33480163739996
STU_017164,92.3822701208837
STU_017165,64.90132883776998
STU_017166,69.93832257086468
STU_017167,70.30098086321313
STU_017168,75.01447658724848
STU_017169,92.4235143235492
STU_017170,84.40272695056545
STU_017171,91.3304549782707
STU_017172,72.21303539556034
STU_017173,60.55745695607793
STU_017174,60.11021750642925
STU_017175,100.0
STU_017176,80.86779926712447
STU_017177,72.5816101523338
STU_017178,89.34565712848828
STU_017179,86.36021770132234
STU_017180,70.71108423229668
STU_017181,82.61395237374964
STU_017182,64.59474771584868
STU_017183,95.78737355167092
STU_017184,85.72025363347038
STU_017185,94.61602534326899
STU_017186,67.41800147316633
STU_017187,87.44705843833188
STU_017188,75.20045718433097
STU_017189,57.709422248647506
STU_017190,89.82651180065741
STU_017191,68.2347337209903
STU_017192,65.48022219105798
STU_017193,57.318186553632344
STU_017194,89.01945686873296
STU_017195,67.65950395383035
STU_017196,80.05583858324101
STU_017197,77.57566255531975
STU_017198,69.51009287217967
STU_017199,76.87635408343817
STU_017200,63.16966292215136
STU_017201,71.33186132391847
STU_017202,86.57282627447023
STU_017203,72.78912591551689
STU_017204,66.77375897563317
STU_017205,89.9359524603314
STU_017206,75.84186999998037
STU_017207,97.97375480634545
STU_017208,61.58877905346
STU_017209,62.25280081274211
STU_017210,37.02946584006394
STU_017211,82.22695226400099
STU_017212,92.85390684974897
STU_017213,87.2686454867787
STU_017214,83.06694620677781
STU_017215,64.08189745736277
STU_017216,61.59417886672505
STU_017217,100.0
STU_017218,70.71406321058774
STU_017219,96.26353762942958
STU_017220,77.85707507204295
STU_017221,68.88309848705141
STU_017222,72.49010594558953
STU_017223,67.12750111145417
STU_017224,85.81700542545359
STU_017225,90.76198879725298
STU_017226,76.27438400901538
STU_017227,68.63475913741419
STU_017228,84.59874066438846
STU_017229,63.26549907181479
STU_017230,93.57991532891798
STU_017231,67.09417370382363
STU_017232,65.11447581305977
STU_017233,73.25561976473931
STU_017234,86.72660677835285
STU_017235,75.81788743542197
STU_017236,60.81937093819498
STU_017237,95.74540508049478
STU_017238,79.09428038805625
STU_017239,52.52773273406338
STU_017240,92.42170098297588
STU_017241,72.95235777745506
STU_017242,48.68110798412454
STU_017243,83.12914885789417
STU_017244,76.85143354233253
STU_017245,84.1588151996936
STU_017246,87.95893775267388
STU_017247,56.041008375705246
STU_017248,67.66094369438679
STU_017249,63.46954672629147
STU_017250,57.83946242351363
STU_017251,89.02274099829948
STU_017252,61.328062362886094
STU_017253,84.81891743407176
STU_017254,49.17589268918014
STU_017255,52.543257965510776
STU_017256,48.87562716181759
STU_017257,77.75205581042378
STU_017258,77.53705211626684
STU_017259,67.37614100850928
STU_017260,68.27118382517772
STU_017261,55.05035955294814
STU_017262,70.90316535303148
STU_017263,80.13700648030229
STU_017264,64.50915859838102
STU_017265,88.84383193354779
STU_017266,55.35569213141844
STU_017267,68.38320141691572
STU_017268,67.99214056908787
STU_017269,68.6863164412911
STU_017270,77.69958370918333
STU_017271,77.35197262634318
STU_017272,59.57784526583423
STU_017273,86.60351530495993
STU_017274,86.44173887943924
STU_017275,68.72276872042406
STU_017276,56.24385943515412
STU_017277,80.41483384164874
STU_017278,91.34250012225468
STU_017279,73.12721556702448
STU_017280,80.17923207187998
STU_017281,68.28481867727237
STU_017282,74.98503758499268
STU_017283,80.22549147643082
STU_017284,86.48146418101153
STU_017285,82.82210684268713
STU_017286,74.0068311103266
STU_017287,63.31093308077893
STU_017288,64.46564087184983
STU_017289,76.76688741886106
STU_017290,88.69266594945408
STU_017291,80.01114660911773
STU_017292,62.52150739430839
STU_017293,71.51744782306343
STU_017294,64.70578383321462
STU_017295,72.62556370577181
STU_017296,74.29404863159158
STU_017297,93.9707340469268
STU_017298,66.61323431366571
STU_017299,71.13039954925289
STU_017300,55.92531928764737
STU_017301,58.29704777546338
STU_017302,74.99928312322751
STU_017303,93.68387088014703
STU_017304,87.6191600149507
STU_017305,79.8765777737976
STU_017306,85.9715145853711
STU_017307,100.0
STU_017308,89.9868755095122
STU_017309,87.05871812406095
STU_017310,65.22328851823305
STU_017311,75.56670291821352
STU_017312,73.0982845938247
STU_017313,86.42890819755435
STU_017314,78.97396608561138
STU_017315,82.29486712381171
STU_017316,72.5881310315399
STU_017317,80.96801490345435
STU_017318,42.876177976210414
STU_017319,67.80359441941175
STU_017320,87.6659357498743
STU_017321,87.15161587404785
STU_017322,75.40466580828635
STU_017323,78.50652185530794
STU_017324,87.9419113326494
STU_017325,82.89252046645292
STU_017326,71.33586459261116
STU_017327,88.77182896413481
STU_017328,79.24134779165145
STU_017329,41.03263101978881
STU_017330,91.40631826071467
STU_017331,79.42254191164464
STU_017332,67.80927324861821
STU_017333,66.59807090202959
STU_017334,82.77644056390915
STU_017335,85.62780124080436
STU_017336,64.88885656327344
STU_017337,85.36469439437234
STU_017338,83.46659743991088
STU_017339,96.90604486863334
STU_017340,78.82000204799603
STU_017341,86.93497445142543
STU_017342,64.86334186328418
STU_017343,84.63045048127991
STU_017344,64.41260040576795
STU_017345,69.68307237337672
STU_017346,64.96843123744559
STU_017347,92.17518782823578
STU_017348,76.78584329486797
STU_017349,83.47379199556076
STU_017350,54.690107119137735
STU_017351,62.02886204651162
STU_017352,59.53506823897498
STU_017353,62.20986834454104
STU_017354,88.75742771414548
STU_017355,60.33795367163036
STU_017356,68.52027816740038
STU_017357,59.165502490912054
STU_017358,63.49506065024123
STU_017359,86.76908727221604
STU_017360,100.0
STU_017361,98.26357829556544
STU_017362,64.66867521539662
STU_017363,85.77345533740245
STU_017364,87.1437605158796
STU_017365,83.10682235423671
STU_017366,88.3276265551061
STU_017367,100.0
STU_017368,61.25787215652004
STU_017369,54.27553664096319
STU_017370,81.8853796184839
STU_017371,85.57445080711088
STU_017372,88.69383032285238
STU_017373,61.66159677071471
STU_017374,49.017027235391716
STU_017375,83.49478861657755
STU_017376,73.10664240797534
STU_017377,67.82020635044546
STU_017378,85.73372316686547
STU_017379,63.03282250185026
STU_017380,62.95213596401582
STU_017381,59.702347323658046
STU_017382,83.03960178328454
STU_017383,82.74974943300563
STU_017384,66.59884084606888
STU_017385,70.75146677309584
STU_017386,73.20925961312506
STU_017387,82.06691560973417
STU_017388,67.00609964708762
STU_017389,83.14191009437923
STU_017390,76.95597694169466
STU_017391,80.86353427679913
STU_017392,67.37921725224791
STU_017393,65.85445636058651
STU_017394,69.97757799270563
STU_017395,59.18347640673126
STU_017396,79.76919660069684
STU_017397,76.67122167958232
STU_017398,81.0781000690975
STU_017399,89.04055923513442
STU_017400,45.17066593822202
STU_017401,42.72962724190547
STU_017402,92.98590133692126
STU_017403,59.43191804569105
STU_017404,76.68020466700582
STU_017405,60.52165640591858
STU_017406,64.6163237016162
STU_017407,65.52574863684488
STU_017408,82.30330232655379
STU_017409,78.97091752145332
STU_017410,77.9943243994651
STU_017411,60.51265668358008
STU_017412,81.54266683882256
STU_017413,82.30513892879193
STU_017414,82.0722036010125
STU_017415,52.74375241260667
STU_017416,62.54065135382823
STU_017417,75.69587755372683
STU_017418,91.23572799709186
STU_017419,67.41196438457335
STU_017420,83.34610534582293
STU_017421,82.88399573256146
STU_017422,81.39076156665088
STU_017423,71.68298565524113
STU_017424,54.5890774489804
STU_017425,75.30368416212153
STU_017426,64.35289547273095
STU_017427,78.88586507956852
STU_017428,72.13130673046288
STU_017429,60.53498068705754
STU_017430,99.14904230358704
STU_017431,68.78046797341283
STU_017432,96.00121070647293
STU_017433,84.67319117165843
STU_017434,73.78424129641519
STU_017435,81.80755006740083
STU_017436,72.79648662153275
STU_017437,82.57831314901111
STU_017438,99.37771004825291
STU_017439,61.88194027517231
STU_017440,86.68035950563205
STU_017441,56.699909457601244
STU_017442,80.90395984843643
STU_017443,88.3962333771471
STU_017444,76.93305611982248
STU_017445,94.95030275106605
STU_017446,87.4537789637798
STU_017447,66.73778371608789
STU_017448,79.97651842882772
STU_017449,87.14031543616477
STU_017450,82.1335535250094
STU_017451,73.1580099653523
STU_017452,79.66046468379068
STU_017453,91.04213074388687
STU_017454,57.361492149830696
STU_017455,91.19718405998584
STU_017456,76.86921540510161
STU_017457,67.0472445504021
STU_017458,64.15711030649969
STU_017459,85.59961112739022
STU_017460,69.44581111237862
STU_017461,87.96401010006406
STU_017462,80.15276186878847
STU_017463,93.79018181046544
STU_017464,73.60823814314492
STU_017465,84.6359677528721
STU_017466,75.28436130474574
STU_017467,56.44083122646896
STU_017468,83.03363592988948
STU_017469,95.89836021839085
STU_017470,88.88926855176314
STU_017471,83.62043012260482
STU_017472,68.29049392767709
STU_017473,97.79624649495577
STU_017474,34.91058057858024
STU_017475,59.52709372189014
STU_017476,72.81975828015737
STU_017477,62.17638844752871
STU_017478,52.821018415256646
STU_017479,79.86305618339671
STU_017480,98.50483087597233
STU_017481,91.7123389645968
STU_017482,82.71848086328383
STU_017483,87.73125990483987
STU_017484,85.42233813602321
STU_017485,87.90004830810688
STU_017486,71.59411801077437
STU_017487,91.08038313144391
STU_017488,57.33922311539119
STU_017489,60.936388524286784
STU_017490,96.23108343435149
STU_017491,71.5250357775832
STU_017492,58.44051691908072
STU_017493,78.13249105406359
STU_017494,73.83383975927661
STU_017495,54.36957280862143
STU_017496,79.61588418495693
STU_017497,89.46929783174346
STU_017498,57.65935068801164
STU_017499,89.05526925084447
STU_017500,88.67751137452385
STU_017501,77.69447654527926
STU_017502,85.11002770503103
STU_017503,70.15884776766529
STU_017504,82.02602243661741
STU_017505,80.18579330606408
STU_017506,74.27587797923539
STU_017507,57.534808043693104
STU_017508,63.10063556518345
STU_017509,83.22221862349853
STU_017510,97.28591049526678
STU_017511,74.02508055952104
STU_017512,69.6692896298379
STU_017513,76.64699741392455
STU_017514,72.43857379610965
STU_017515,78.19578248409567
STU_017516,97.09448261858063
STU_017517,81.34221982186591
STU_017518,83.24431534743583
STU_017519,87.27497115978407
STU_017520,99.33790223911055
STU_017521,58.02790460437096
STU_017522,75.31486607839514
STU_017523,79.35107489202095
STU_017524,58.678149646606826
STU_017525,67.91951702316153
STU_017526,76.14811090373487
STU_017527,73.60021166085502
STU_017528,69.83208216500995
STU_017529,99.7205027373247
STU_017530,82.56587474811198
STU_017531,91.67054336003466
STU_017532,62.01436306215328
STU_017533,66.98221412848552
STU_017534,57.901603895310465
STU_017535,74.80709027341561
STU_017536,83.2086930862451
STU_017537,93.42032221785925
STU_017538,90.11571397166992
STU_017539,72.6404572022487
STU_017540,95.9206978391797
STU_017541,51.79375615499054
STU_017542,73.66542607916028
STU_017543,79.51662703886382
STU_017544,95.61731179604014
STU_017545,70.17322668025805
STU_017546,67.65620861976595
STU_017547,95.17413459935588
STU_017548,77.1914541207632
STU_017549,96.736962313257
STU_017550,76.21090434844582
STU_017551,96.08029843500003
STU_017552,49.07401601598582
STU_017553,81.97801925590397
STU_017554,57.31403893880683
STU_017555,68.94156300752046
STU_017556,66.55948758839196
STU_017557,52.13147407815228
STU_017558,47.45501452423082
STU_017559,83.1636951641652
STU_017560,73.62049547491276
STU_017561,95.75089771949081
STU_017562,62.67807972670471
STU_017563,63.84156719462455
STU_017564,68.80569113654445
STU_017565,66.93178178667375
STU_017566,85.38408504488257
STU_017567,65.29835023165806
STU_017568,71.21969091669686
STU_017569,71.71046124514376
STU_017570,100.0
STU_017571,91.56958626973409
STU_017572,84.36068645455478
STU_017573,72.9021924724612
STU_017574,82.8304925820956
STU_017575,91.76649927546927
STU_017576,92.76141026723893
STU_017577,63.75258612700904
STU_017578,78.90699220019974
STU_017579,76.44475143318188
STU_017580,78.33225213040689
STU_017581,74.36333675688697
STU_017582,77.40930625705445
STU_017583,91.94132484560353
STU_017584,59.60500545765202
STU_017585,53.34425739292686
STU_017586,83.26052298167679
STU_017587,65.58526015251618
STU_017588,68.50982875825619
STU_017589,94.65507340487123
STU_017590,73.02061516658617
STU_017591,87.09083548878682
STU_017592,66.11701439443846
STU_017593,58.683979071733305
STU_017594,57.02191251614361
STU_017595,93.80730434628457
STU_017596,71.82026316309438
STU_017597,92.13289001887267
STU_017598,44.81841305781512
STU_017599,66.3233734725996
STU_017600,78.32783464042302
STU_017601,67.85259494688363
STU_017602,67.93284684230598
STU_017603,91.01776891671304
STU_017604,83.14549046786142
STU_017605,71.536033166143
STU_017606,93.54590889642179
STU_017607,78.13938387557775
STU_017608,92.92130623115574
STU_017609,78.20971611531533
STU_017610,73.10067047296216
STU_017611,73.6136544672564
STU_017612,97.00337435674581
STU_017613,82.24470687697644
STU_017614,87.89034497473044
STU_017615,66.96430566801067
STU_017616,86.87768777758157
STU_017617,89.99891571016384
STU_017618,42.85317908424027
STU_017619,62.05296517690881
STU_017620,75.86353582201127
STU_017621,82.34895043284271
STU_017622,98.46041387771291
STU_017623,55.93709552940902
STU_017624,67.3068066460173
STU_017625,68.07465607204524
STU_017626,54.53904541832154
STU_017627,61.70346894815593
STU_017628,72.2507034442815
STU_017629,68.97454731640454
STU_017630,58.3334925837172
STU_017631,51.701839773544805
STU_017632,78.38571303876158
STU_017633,72.1572324026586
STU_017634,77.8041414543938
STU_017635,77.633934231599
STU_017636,70.10241494692566
STU_017637,91.91528714903168
STU_017638,67.45153736744528
STU_017639,86.9551641569769
STU_017640,97.54382273063047
STU_017641,100.0
STU_017642,58.659213408262715
STU_017643,62.41228428402614
STU_017644,78.40028898562555
STU_017645,78.31421723426404
STU_017646,71.17349679880925
STU_017647,58.39234691754842
STU_017648,85.22541388753122
STU_017649,93.91059098596133
STU_017650,95.96461269604343
STU_017651,66.37740603077042
STU_017652,73.78820299588897
STU_017653,99.2797920880655
STU_017654,74.54769775693973
STU_017655,83.61119319671396
STU_017656,82.68719625066373
STU_017657,51.107125311668234
STU_017658,71.9808465832935
STU_017659,100.0
STU_017660,77.2938903643628
STU_017661,75.7561828066641
STU_017662,64.14999881053274
STU_017663,78.7629362770779
STU_017664,82.45717389072861
STU_017665,73.21936437497209
STU_017666,75.87973117353654
STU_017667,70.755888119234
STU_017668,73.21159421818213
STU_017669,70.09553639215068
STU_017670,47.490735351289445
STU_017671,70.4926782538069
STU_017672,56.987190894449256
STU_017673,72.61450666807328
STU_017674,72.62872016523386
STU_017675,69.36283787117968
STU_017676,69.86551937162093
STU_017677,81.37638169193723
STU_017678,81.82300044905122
STU_017679,88.94631065794766
STU_017680,65.75972425903572
STU_017681,83.04858734214083
STU_017682,68.57608016272394
STU_017683,76.109070030384
STU_017684,83.14709293282213
STU_017685,69.08367480970747
STU_017686,65.71783889590829
STU_017687,72.75749016480404
STU_017688,71.027325711591
STU_017689,88.80978896042197
STU_017690,65.25018218723277
STU_017691,71.35519291936663
STU_017692,73.29323871702279
STU_017693,72.52371055907054
STU_017694,77.46507536937362
STU_017695,94.39178584337378
STU_017696,86.95914543829369
STU_017697,42.22925996357808
STU_017698,50.69016352708163
STU_017699,95.92303512212831
STU_017700,49.73166067281397
STU_017701,54.15247929028149
STU_017702,88.47038859590558
STU_017703,84.1972173059698
STU_017704,68.05161309068602
STU_017705,58.34595822114777
STU_017706,81.37413610382312
STU_017707,51.76480985983178
STU_017708,94.53015528445327
STU_017709,87.91117321240444
STU_017710,82.97373993581044
STU_017711,100.0
STU_017712,71.65385720553732
STU_017713,69.89928837180769
STU_017714,86.55979807472434
STU_017715,72.4705518694403
STU_017716,55.987084561785394
STU_017717,72.8825545768104
STU_017718,92.96070825938006
STU_017719,69.44026929399578
STU_017720,71.02658935016095
STU_017721,78.67827552938414
STU_017722,100.0
STU_017723,73.35585608690374
STU_017724,73.70309147430174
STU_017725,90.36405748348515
STU_017726,93.28145030397125
STU_017727,79.66108482983006
STU_017728,83.66012098609053
STU_017729,67.2000639784709
STU_017730,59.384853960689185
STU_017731,56.70731521260706
STU_017732,86.98694957223267
STU_017733,63.951623959917974
STU_017734,68.04676571423268
STU_017735,61.54617688843565
STU_017736,70.44497989663842
STU_017737,60.871894996167725
STU_017738,94.40841849862613
STU_017739,88.1023803438177
STU_017740,75.340269879971
STU_017741,89.21165352273866
STU_017742,80.91602971852983
STU_017743,83.80916924040571
STU_017744,83.78008552094929
STU_017745,85.44144739327231
STU_017746,84.17806996110795
STU_017747,70.61495086967825
STU_017748,64.18237846300194
STU_017749,65.24639429828943
STU_017750,83.97288935189952
STU_017751,79.31573417984657
STU_017752,84.07373852078662
STU_017753,97.03694655005037
STU_017754,90.43641742346767
STU_017755,87.4238359213249
STU_017756,82.43538110695101
STU_017757,52.499799221624315
STU_017758,64.81075396622249
STU_017759,80.01051281238226
STU_017760,96.35582591625247
STU_017761,64.77267525904004
STU_017762,100.0
STU_017763,95.1998628120059
STU_017764,55.243129452703144
STU_017765,92.29313959111047
STU_017766,77.25604104646443
STU_017767,60.21245758187188
STU_017768,61.92910661045532
STU_017769,86.64735672092353
STU_017770,74.67204455504812
STU_017771,52.408872446790184
STU_017772,71.13284839704889
STU_017773,57.87851729047269
STU_017774,100.0
STU_017775,82.35088371063156
STU_017776,89.02535459892762
STU_017777,81.7736754491541
STU_017778,82.66081590893752
STU_017779,56.7184099538885
STU_017780,71.61265096558203
STU_017781,80.44915013141751
STU_017782,76.42021235602792
STU_017783,66.20822986224523
STU_017784,77.43416192509147
STU_017785,87.33976950508428
STU_017786,75.51143658953839
STU_017787,83.41805036138547
STU_017788,74.2035356550903
STU_017789,88.03456730905431
STU_017790,54.58809182124406
STU_017791,92.73124057195979
STU_017792,64.41209120224987
STU_017793,76.47394148744075
STU_017794,67.52565856473521
STU_017795,73.03838753172737
STU_017796,79.43381227919285
STU_017797,87.1829699113211
STU_017798,91.04071144480878
STU_017799,99.2641160872599
STU_017800,85.87832085099595
STU_017801,73.6765689249212
STU_017802,98.1027807008389
STU_017803,64.72966717555968
STU_017804,74.43119959754586
STU_017805,74.09795740409189
STU_017806,66.95726932488662
STU_017807,94.59680894277392
STU_017808,66.13399210929956
STU_017809,87.46752322441775
STU_017810,100.0
STU_017811,72.15332638582088
STU_017812,80.82781945145034
STU_017813,79.40173039289914
STU_017814,71.25305729165052
STU_017815,69.8671057396248
STU_017816,58.02322521663652
STU_017817,54.82210707999799
STU_017818,89.55258197895635
STU_017819,88.94662880163486
STU_017820,82.6274301194819
STU_017821,71.41688453130428
STU_017822,87.72993599737694
STU_017823,94.44647517325734
STU_017824,54.195135939214964
STU_017825,77.06713064810526
STU_017826,84.06352786207385
STU_017827,86.930014829875
STU_017828,58.03381331490773
STU_017829,63.21157757993363
STU_017830,66.18492026882559
STU_017831,89.04644143861717
STU_017832,84.30515497225267
STU_017833,56.61406275330941
STU_017834,78.94852797160941
STU_017835,68.27573864272475
STU_017836,78.28923308053689
STU_017837,66.81492103416923
STU_017838,67.06688384166691
STU_017839,95.1743371106858
STU_017840,71.81587881765427
STU_017841,95.6569695570119
STU_017842,78.46710758414831
STU_017843,81.83494160095782
STU_017844,67.95737318093157
STU_017845,93.75288823959455
STU_017846,93.713652721604
STU_017847,48.51906163171026
STU_017848,64.26462012147888
STU_017849,56.65905556756105
STU_017850,68.86562439255485
STU_017851,60.469299140242924
STU_017852,90.08463317422131
STU_017853,74.78431025275154
STU_017854,97.71973678764233
STU_017855,50.575665408738544
STU_017856,82.93555326539422
STU_017857,79.55741818568411
STU_017858,76.24562360916218
STU_017859,63.05274388218493
STU_017860,83.04182199461158
STU_017861,83.51896670008557
STU_017862,69.877435176825
STU_017863,89.51105203405132
STU_017864,79.77331359019503
STU_017865,67.59451655832484
STU_017866,78.41705242144835
STU_017867,64.84789190075972
STU_017868,96.67178083204718
STU_017869,64.54509899351399
STU_017870,83.62020908344273
STU_017871,96.0468842954152
STU_017872,68.99793658349644
STU_017873,93.78185640278367
STU_017874,79.10695119920923
STU_017875,70.69851513433652
STU_017876,66.13985568192912
STU_017877,53.36598189764856
STU_017878,90.58656491326795
STU_017879,56.95557584238514
STU_017880,91.87429696546617
STU_017881,72.76544512772273
STU_017882,72.06592438483476
STU_017883,94.0979391675592
STU_017884,60.81325598813662
STU_017885,66.31642016838683
STU_017886,79.58525581408705
STU_017887,54.70233978810805
STU_017888,63.18087579670471
STU_017889,100.0
STU_017890,100.0
STU_017891,77.31154322126079
STU_017892,54.216840951425624
STU_017893,80.2783440535834
STU_017894,61.02025991163465
STU_017895,67.84643117537335
STU_017896,78.43641635574885
STU_017897,60.460891305298205
STU_017898,86.2549641859733
STU_017899,83.13102585290684
STU_017900,68.00720990177446
STU_017901,92.47056279469166
STU_017902,67.29187785114547
STU_017903,71.68027365852545
STU_017904,78.73651255225369
STU_017905,76.39158836112657
STU_017906,72.86814831182468
STU_017907,75.41786929473756
STU_017908,70.59582146682916
STU_017909,73.46466166425058
STU_017910,72.66406070136445
STU_017911,61.82088886256879
STU_017912,95.60475069456731
STU_017913,90.24650230362967
STU_017914,67.33748985716923
STU_017915,73.13935760609283
STU_017916,77.08276343453389
STU_017917,79.62362156174655
STU_017918,77.34413240058393
STU_017919,89.53652946339976
STU_017920,78.52963622626964
STU_017921,82.13677489054733
STU_017922,75.6228540190302
STU_017923,70.6952791053156
STU_017924,70.66009355862175
STU_017925,68.12650622442192
STU_017926,74.32164535226548
STU_017927,100.0
STU_017928,81.53889858760519
STU_017929,84.47528080583686
STU_017930,79.1887391978801
STU_017931,61.39533871623889
STU_017932,98.01880149021471
STU_017933,97.53544245625702
STU_017934,91.56075095832252
STU_017935,78.78755586467035
STU_017936,53.21744941435885
STU_017937,83.487044169064
STU_017938,64.57713827495068
STU_017939,90.13262267959863
STU_017940,76.93374015513376
STU_017941,73.74157309305927
STU_017942,69.44650618024488
STU_017943,53.64136944035414
STU_017944,63.51579076085382
STU_017945,85.43921835634058
STU_017946,61.59379666494695
STU_017947,61.28319861329895
STU_017948,81.26500781782565
STU_017949,54.86467072998631
STU_017950,54.96052189820445
STU_017951,65.439160957333
STU_017952,90.99427368969579
STU_017953,73.42473605609632
STU_017954,98.76331836109698
STU_017955,65.29126698415338
STU_017956,70.00682220872133
STU_017957,63.62902926275521
STU_017958,48.08599541728305
STU_017959,87.46928847268757
STU_017960,79.46940170850755
STU_017961,92.18647584650897
STU_017962,59.22581508463668
STU_017963,62.90081960155858
STU_017964,49.14414985471202
STU_017965,96.7508029156086
STU_017966,74.90375192127262
STU_017967,81.83744181824714
STU_017968,98.17409507479437
STU_017969,77.13554299908532
STU_017970,53.701253520958275
STU_017971,57.911604264226746
STU_017972,68.92589509276483
STU_017973,66.00438865622245
STU_017974,81.06117590461487
STU_017975,63.4038478317796
STU_017976,69.7788664772786
STU_017977,89.1783236395012
STU_017978,70.7316067428055
STU_017979,69.5583348799455
STU_017980,59.95648071027037
STU_017981,95.96864432733473
STU_017982,69.09480198859318
STU_017983,80.01973408710055
STU_017984,69.3633145382851
STU_017985,61.22535338241482
STU_017986,64.48094813964333
STU_017987,81.90743168069264
STU_017988,65.40045550981043
STU_017989,74.5201345931887
STU_017990,74.20021420615174
STU_017991,78.77406388451308
STU_017992,48.57240432970017
STU_017993,99.43624702458516
STU_017994,87.12088697744464
STU_017995,81.4040268248407
STU_017996,56.61403479855525
STU_017997,75.25753107754022
STU_017998,86.49353006918912
STU_017999,86.73558835305653
STU_018000,95.75582822264485
STU_018001,76.8275253263663
STU_018002,48.39488223218069
STU_018003,70.15247032711838
STU_018004,77.19467332853625
STU_018005,73.59040143843575
STU_018006,74.39371034877576
STU_018007,98.67468954343755
STU_018008,91.50195665431067
STU_018009,83.30741748920396
STU_018010,83.34007261522285
STU_018011,86.83604714231375
STU_018012,67.7309321637147
STU_018013,82.55075775148791
STU_018014,72.30244354358403
STU_018015,76.57423612732444
STU_018016,81.94907748362193
STU_018017,77.16534633023464
STU_018018,98.85684848644544
STU_018019,65.55977639343047
STU_018020,79.12203517419427
STU_018021,69.47343264752541
STU_018022,93.97815095592327
STU_018023,81.99062426107358
STU_018024,44.988241735551874
STU_018025,78.299754778655
STU_018026,69.66463865754442
STU_018027,80.56876023614915
STU_018028,100.0
STU_018029,69.47849736773388
STU_018030,90.1297650528771
STU_018031,88.56354975496686
STU_018032,73.03746045837867
STU_018033,90.6690950731792
STU_018034,75.49348729085906
STU_018035,92.31352395367273
STU_018036,79.0341913259453
STU_018037,43.25310942329799
STU_018038,64.87534318114547
STU_018039,80.08711590623018
STU_018040,75.25611948383067
STU_018041,64.40775726258148
STU_018042,67.26102302415433
STU_018043,90.84627057511312
STU_018044,74.04935594474374
STU_018045,77.28914196884938
STU_018046,85.95375847745221
STU_018047,55.739380429638636
STU_018048,97.5656086951586
STU_018049,88.65375575941704
STU_018050,87.95777461562314
STU_018051,65.1829134021611
STU_018052,65.56425969590673
STU_018053,67.95519860494628
STU_018054,44.72648013567631
STU_018055,100.0
STU_018056,38.57135213093353
STU_018057,68.33325426469341
STU_018058,92.14860964594317
STU_018059,94.88269749574356
STU_018060,63.09997441953445
STU_018061,75.37292726576736
STU_018062,83.75653044911607
STU_018063,70.64658176851431
STU_018064,81.81818964799476
STU_018065,85.43775044127653
STU_018066,90.42584680086227
STU_018067,90.29175863673584
STU_018068,81.11107606276352
STU_018069,77.87543711512242
STU_018070,83.1445450164316
STU_018071,95.28673912753376
STU_018072,81.00843092540919
STU_018073,56.39506104165536
STU_018074,73.15689422426212
STU_018075,69.22278453319052
STU_018076,66.9187274124279
STU_018077,53.027414375838035
STU_018078,69.05646024075685
STU_018079,79.61087775898552
STU_018080,89.7329672241219
STU_018081,74.85107837421685
STU_018082,77.67284150846517
STU_018083,96.32282290726826
STU_018084,64.21840877663291
STU_018085,71.68493337570483
STU_018086,88.6260785654458
STU_018087,72.60750267513585
STU_018088,64.95980498100701
STU_018089,57.318759047237876
STU_018090,67.09569865346563
STU_018091,78.21467045683875
STU_018092,72.50434650006542
STU_018093,66.47596898885604
STU_018094,72.99149231373342
STU_018095,77.1045978187063
STU_018096,55.7761087700154
STU_018097,89.4202690571726
STU_018098,62.71237517318598
STU_018099,70.44176439399808
STU_018100,91.44828351612381
STU_018101,80.75207988179002
STU_018102,58.478326286691924
STU_018103,97.31995258522701
STU_018104,63.200558224017655
STU_018105,60.203268533902886
STU_018106,75.61517117215807
STU_018107,76.32344051720358
STU_018108,70.4123555610777
STU_018109,88.6557562688783
STU_018110,79.97911818327647
STU_018111,78.78438807632293
STU_018112,68.01345962213419
STU_018113,59.31068724772254
STU_018114,90.20972775163385
STU_018115,72.17047470609806
STU_018116,63.94172073746071
STU_018117,85.35496482692602
STU_018118,74.4721061435213
STU_018119,96.94584337628436
STU_018120,68.24318280675814
STU_018121,100.0
STU_018122,77.66715805258275
STU_018123,73.36845125710978
STU_018124,82.00781039961275
STU_018125,69.51185918009439
STU_018126,52.41049150220948
STU_018127,66.5702277739142
STU_018128,48.4177418076669
STU_018129,81.07753663490375
STU_018130,92.70687499314595
STU_018131,75.77038199603516
STU_018132,97.09029772279789
STU_018133,79.74312046085635
STU_018134,100.0
STU_018135,100.0
STU_018136,47.45185237327903
STU_018137,63.84180415285323
STU_018138,94.41101302379863
STU_018139,74.52320784414908
STU_018140,50.47142417509056
STU_018141,72.52825040258273
STU_018142,80.55576039308256
STU_018143,59.190297933113406
STU_018144,60.04254410137932
STU_018145,72.86103754603704
STU_018146,54.428727587316594
STU_018147,90.46119486330223
STU_018148,76.03899359682615
STU_018149,60.87465407832346
STU_018150,82.11656900370288
STU_018151,68.08609116314744
STU_018152,56.06711394073977
STU_018153,82.51196846135375
STU_018154,68.498780984086
STU_018155,92.50548305089265
STU_018156,100.0
STU_018157,54.55026836354841
STU_018158,63.1291166883709
STU_018159,71.4098185239569
STU_018160,67.32812214174643
STU_018161,85.5801999914419
STU_018162,63.16980922101304
STU_018163,97.90614411795302
STU_018164,71.04457234508665
STU_018165,54.3083432021936
STU_018166,81.01766648775634
STU_018167,75.15320532822756
STU_018168,79.88043966859126
STU_018169,65.62085076097122
STU_018170,49.66649290218304
STU_018171,62.4540117778413
STU_018172,82.74986181116091
STU_018173,67.31637359887358
STU_018174,82.14847425509991
STU_018175,73.0102278186408
STU_018176,80.73614242531158
STU_018177,78.97235405089877
STU_018178,72.25687097117832
STU_018179,68.88416382646517
STU_018180,91.30773136328573
STU_018181,76.40911436425216
STU_018182,74.64009649064411
STU_018183,77.75132787594671
STU_018184,63.574937184369894
STU_018185,66.44526802584883
STU_018186,90.34444575086471
STU_018187,60.956226118351644
STU_018188,88.2168048826911
STU_018189,74.6827959264194
STU_018190,71.21504442615327
STU_018191,74.32224843984082
STU_018192,74.35536696398522
STU_018193,74.75124992509406
STU_018194,72.79772016768403
STU_018195,82.77127624238291
STU_018196,56.98716406449303
STU_018197,91.93423334126751
STU_018198,78.04647221885747
STU_018199,74.74186425639513
STU_018200,87.0131818157423
STU_018201,73.58739523367862
STU_018202,44.42278419659909
STU_018203,77.64901331467031
STU_018204,74.5141981801459
STU_018205,69.25307503218522
STU_018206,74.312870706868
STU_018207,76.22563410894654
STU_018208,78.70117091155359
STU_018209,58.102694145000115
STU_018210,85.45840802320161
STU_018211,100.0
STU_018212,70.76751721359607
STU_018213,53.05715064557123
STU_018214,79.25587704842819
STU_018215,75.23189495197207
STU_018216,77.85378681471775
STU_018217,58.267975663255456
STU_018218,72.49251138875422
STU_018219,85.93264148265399
STU_018220,80.56987708005192
STU_018221,95.92474700420946
STU_018222,90.88176072867788
STU_018223,82.42727886462883
STU_018224,79.17993336025573
STU_018225,74.60390211861254
STU_018226,77.59245267850822
STU_018227,73.08899568827482
STU_018228,79.57119509164927
STU_018229,74.42199709258159
STU_018230,82.67031774588784
STU_018231,74.64840005416181
STU_018232,60.185451376474234
STU_018233,61.63903315941829
STU_018234,92.38659860008897
STU_018235,80.10766251120782
STU_018236,99.79755811876261
STU_018237,55.20154465302832
STU_018238,67.96974403822976
STU_018239,87.78793908152555
STU_018240,55.84034137984121
STU_018241,91.61681428991511
STU_018242,71.46444333365572
STU_018243,80.40963253282047
STU_018244,94.83129217353891
STU_018245,71.3914606027101
STU_018246,74.92315157802709
STU_018247,56.14578264030216
STU_018248,74.60746332915126
STU_018249,72.26586037102497
STU_018250,73.17837958074664
STU_018251,72.00189561630805
STU_018252,92.79578601909051
STU_018253,55.78825770818315
STU_018254,90.93002670377406
STU_018255,72.61334324379736
STU_018256,93.78918843031526
STU_018257,78.20454368380362
STU_018258,81.44594413584721
STU_018259,83.17686818931264
STU_018260,81.77111720627224
STU_018261,71.79354820332479
STU_018262,55.72528165701716
STU_018263,80.82487433763654
STU_018264,78.647073240369
STU_018265,79.37926243149244
STU_018266,86.52215185936535
STU_018267,71.89317011221269
STU_018268,81.25968892878721
STU_018269,65.9303050634139
STU_018270,64.93212584240169
STU_018271,71.89282032109071
STU_018272,45.85790046806329
STU_018273,98.19057331403599
STU_018274,69.11381106865348
STU_018275,86.27561522072504
STU_018276,86.35070050874354
STU_018277,84.18005011119837
STU_018278,77.99753062587965
STU_018279,54.445070434551106
STU_018280,85.54590401919043
STU_018281,98.79563053864
STU_018282,72.0328312031736
STU_018283,59.83647332218733
STU_018284,67.75775244825192
STU_018285,90.80867852835196
STU_018286,69.77396503344288
STU_018287,91.91681990658007
STU_018288,66.23478087940259
STU_018289,89.1749142149728
STU_018290,70.33618234058085
STU_018291,71.92244530015415
STU_018292,79.52603429374226
STU_018293,72.95612585936017
STU_018294,82.7792280381757
STU_018295,50.51544034140933
STU_018296,87.16503663080304
STU_018297,77.86937440999048
STU_018298,98.25293162596483
STU_018299,60.82853885117746
STU_018300,85.11005047121282
STU_018301,63.44139563276612
STU_018302,68.84351608753528
STU_018303,98.08818312283466
STU_018304,63.907957232587066
STU_018305,57.45927733652265
STU_018306,63.3196587167005
STU_018307,76.4523542289285
STU_018308,85.43498448688307
STU_018309,66.95235610774436
STU_018310,90.41541339614656
STU_018311,67.29070697421041
STU_018312,70.22977240051505
STU_018313,87.02598700429259
STU_018314,68.88632298155053
STU_018315,96.23316746742132
STU_018316,70.0204015452029
STU_018317,88.03843573349756
STU_018318,58.44101459391088
STU_018319,58.73825335911259
STU_018320,86.84388990164194
STU_018321,90.66433357122509
STU_018322,76.07347067257868
STU_018323,100.0
STU_018324,58.058912343223696
STU_018325,77.18748950335888
STU_018326,80.3101214130028
STU_018327,81.0807258476695
STU_018328,72.8964411355899
STU_018329,70.19328933656685
STU_018330,51.71278555527948
STU_018331,86.95939965422467
STU_018332,91.46006183300385
STU_018333,60.229830832199035
STU_018334,86.66049419046604
STU_018335,56.97825807216712
STU_018336,77.74037866662417
STU_018337,70.06084335868965
STU_018338,69.73708213355299
STU_018339,85.27546975666458
STU_018340,85.50684007190404
STU_018341,67.59745105906356
STU_018342,60.948130169348644
STU_018343,56.78983743046966
STU_018344,88.54505697101774
STU_018345,70.80287817627979
STU_018346,69.82370608752811
STU_018347,75.04145945579177
STU_018348,98.31385754195995
STU_018349,80.11772686939253
STU_018350,86.40726515548646
STU_018351,78.2902695383494
STU_018352,82.54474952597107
STU_018353,81.08346066833934
STU_018354,97.95269993765581
STU_018355,71.13250444611643
STU_018356,72.76434425778353
STU_018357,69.59072884671092
STU_018358,75.76611704902977
STU_018359,100.0
STU_018360,90.93555865041824
STU_018361,48.432134829367115
STU_018362,69.19554150615564
STU_018363,47.17685599078028
STU_018364,92.09606308416497
STU_018365,92.9883612564175
STU_018366,58.42299076552848
STU_018367,83.55567812072474
STU_018368,62.01588302374884
STU_018369,82.02485930019398
STU_018370,57.16532478285214
STU_018371,91.49488471618677
STU_018372,87.02733038653493
STU_018373,64.10560575858055
STU_018374,74.34735400011199
STU_018375,67.63516379774964
STU_018376,83.10124604038478
STU_018377,91.20647015187026
STU_018378,93.28597182329125
STU_018379,52.836896698733426
STU_018380,86.8759112934396
STU_018381,74.37113569296773
STU_018382,92.58796652569407
STU_018383,87.39282920645914
STU_018384,65.45335897763292
STU_018385,96.9415136712519
STU_018386,75.40001061077929
STU_018387,82.11718923307888
STU_018388,97.0528365992376
STU_018389,64.9931917664247
STU_018390,54.771406572042736
STU_018391,73.159308989676
STU_018392,100.0
STU_018393,76.62228002321278
STU_018394,80.0742407340175
STU_018395,75.06586829262463
STU_018396,62.94089248644123
STU_018397,72.28103877814507
STU_018398,86.83689044962419
STU_018399,100.0
STU_018400,70.8283182974402
STU_018401,81.81165423693184
STU_018402,79.7819013807586
STU_018403,91.00479650986816
STU_018404,89.27269991975426
STU_018405,86.37728113973321
STU_018406,67.74604384658787
STU_018407,99.100384253008
STU_018408,83.40073598856938
STU_018409,61.19894335934413
STU_018410,93.74436299454705
STU_018411,70.66414644793957
STU_018412,74.28084034169633
STU_018413,92.42410614692949
STU_018414,100.0
STU_018415,73.01642094221587
STU_018416,80.32507353686117
STU_018417,62.78038273338594
STU_018418,93.99280018492527
STU_018419,75.89189897174933
STU_018420,88.46711292954404
STU_018421,93.69639718172212
STU_018422,89.12165671055351
STU_018423,83.7248997119224
STU_018424,57.33973025140299
STU_018425,94.54302438607506
STU_018426,79.97732213821213
STU_018427,83.40914258563818
STU_018428,72.93570197443252
STU_018429,91.35507878590771
STU_018430,63.699476046212496
STU_018431,79.56610870022762
STU_018432,97.3533935891453
STU_018433,70.67372481433344
STU_018434,78.08259548234976
STU_018435,68.57083730638921
STU_018436,74.87745886887261
STU_018437,87.61995874972393
STU_018438,67.91964842572435
STU_018439,100.0
STU_018440,76.28706459147485
STU_018441,72.58542731882619
STU_018442,77.03491089340238
STU_018443,59.241923306114074
STU_018444,70.07489890189585
STU_018445,93.92194058619867
STU_018446,79.04618747712964
STU_018447,91.57067018885073
STU_018448,68.30074848524056
STU_018449,98.20505869513084
STU_018450,68.41336504076465
STU_018451,68.15229060778567
STU_018452,56.76893380079266
STU_018453,68.69833621829241
STU_018454,53.370393646776655
STU_018455,49.608636599694854
STU_018456,72.00815186168441
STU_018457,59.906190730611485
STU_018458,74.61584186277494
STU_018459,58.85704050302587
STU_018460,72.36399695148417
STU_018461,93.51321342453205
STU_018462,54.92155543448196
STU_018463,79.23179863097134
STU_018464,67.26228412418808
STU_018465,83.48435601845492
STU_018466,62.328115099740735
STU_018467,84.94027813385257
STU_018468,77.18690985619533
STU_018469,79.05600702494178
STU_018470,86.27373737285761
STU_018471,85.81517665644115
STU_018472,60.04444553542697
STU_018473,83.19559230793512
STU_018474,86.61499782166337
STU_018475,76.43058243008025
STU_018476,77.10718094923855
STU_018477,47.51968479395267
STU_018478,100.0
STU_018479,89.5008882059872
STU_018480,84.10922164682974
STU_018481,68.28993640373409
STU_018482,64.86737385384572
STU_018483,89.45442555408582
STU_018484,85.23837139609361
STU_018485,64.47839240164322
STU_018486,77.83702824516621
STU_018487,57.85613673049207
STU_018488,73.69013209871414
STU_018489,59.127598089784485
STU_018490,70.29749805448988
STU_018491,83.82496997473754
STU_018492,73.10967657727072
STU_018493,84.82503974588538
STU_018494,76.62598470671801
STU_018495,84.44887762667767
STU_018496,65.09741423538871
STU_018497,92.23059217244851
STU_018498,72.1836189396716
STU_018499,70.14435999488667
STU_018500,78.32794318729256
STU_018501,100.0
STU_018502,66.19847622128458
STU_018503,48.31158311080011
STU_018504,100.0
STU_018505,73.41099522549536
STU_018506,81.04475576653753
STU_018507,70.67701954724923
STU_018508,80.51011618804907
STU_018509,57.25408509724021
STU_018510,83.10371301212282
STU_018511,76.56703469222144
STU_018512,83.53164587541534
STU_018513,80.90780467703838
STU_018514,58.08915702814006
STU_018515,65.7735807087607
STU_018516,60.98778715524121
STU_018517,83.77714735163204
STU_018518,57.62138189468604
STU_018519,55.11428500514536
STU_018520,89.89206850977865
STU_018521,75.45095512708676
STU_018522,82.5445450999173
STU_018523,85.5530422327496
STU_018524,92.41641922809924
STU_018525,71.11210861072496
STU_018526,59.85929130572066
STU_018527,85.17141729507057
STU_018528,85.82921307319877
STU_018529,71.34788635892676
STU_018530,72.7815958049963
STU_018531,82.64687110990656
STU_018532,68.67998182356726
STU_018533,68.82365610761292
STU_018534,59.892803459156426
STU_018535,90.29112397860571
STU_018536,99.75302650742523
STU_018537,85.52990005590722
STU_018538,75.17635152837958
STU_018539,56.32787896428251
STU_018540,77.45087081085241
STU_018541,67.83152499786665
STU_018542,95.0299926306494
STU_018543,77.03517827277935
STU_018544,78.50766963934389
STU_018545,71.58586069561014
STU_018546,94.53064567190735
STU_018547,71.4483072229259
STU_018548,90.84354764903003
STU_018549,86.17721163204303
STU_018550,76.83622001653299
STU_018551,74.82643282330906
STU_018552,65.70055371757667
STU_018553,61.73558571159367
STU_018554,66.92151315104024
STU_018555,58.958004402943786
STU_018556,80.85196628842395
STU_018557,60.01384553737671
STU_018558,65.61488177192291
STU_018559,68.9705166564448
STU_018560,81.11272834916201
STU_018561,84.04984963190307
STU_018562,81.92191843956421
STU_018563,75.96590503772916
STU_018564,77.9081448801877
STU_018565,66.27160058541487
STU_018566,69.2628724822986
STU_018567,90.70114356638047
STU_018568,83.0272272160587
STU_018569,84.83454593308032
STU_018570,69.09322955221424
STU_018571,86.64602609588897
STU_018572,61.11199239531
STU_018573,90.08733659774478
STU_018574,73.70414986585527
STU_018575,71.73242651030755
STU_018576,76.90023311850024
STU_018577,69.7879693080646
STU_018578,79.5659673985087
STU_018579,52.57678169394091
STU_018580,98.83225358597818
STU_018581,69.64450519742337
STU_018582,76.23880034951421
STU_018583,93.25248485403813
STU_018584,83.6126789159531
STU_018585,68.45131544063723
STU_018586,90.28421683747374
STU_018587,94.86897487859602
STU_018588,53.45733398887137
STU_018589,81.89225194055274
STU_018590,71.26448066127145
STU_018591,89.33183205316313
STU_018592,46.05183376225607
STU_018593,85.08995752296882
STU_018594,65.70909145277228
STU_018595,74.42217779759198
STU_018596,61.694983234651936
STU_018597,75.61612857087347
STU_018598,64.3671954419439
STU_018599,56.64291062188512
STU_018600,82.05720727937748
STU_018601,68.7710905593542
STU_018602,69.39776212332771
STU_018603,69.41167639286044
STU_018604,74.18964064310205
STU_018605,46.76477670643791
STU_018606,69.72670393312029
STU_018607,86.4936458994451
STU_018608,93.18004778525962
STU_018609,87.04103707732295
STU_018610,100.0
STU_018611,66.88965139920283
STU_018612,72.52120977335363
STU_018613,81.61490615653004
STU_018614,73.43920866478359
STU_018615,54.311642969205124
STU_018616,85.75850500598587
STU_018617,69.31586254481914
STU_018618,63.938232026505105
STU_018619,68.93241545887149
STU_018620,89.45287073574227
STU_018621,60.81677168463258
STU_018622,79.7966808114054
STU_018623,73.93530114914944
STU_018624,77.49432773661232
STU_018625,83.34903837262883
STU_018626,70.23291739818966
STU_018627,69.0827877598698
STU_018628,63.40473208579164
STU_018629,69.34883698245704
STU_018630,62.49936744221935
STU_018631,90.9161636436315
STU_018632,92.16545270184332
STU_018633,71.21217231313142
STU_018634,65.53068639433312
STU_018635,67.12718886177518
STU_018636,82.1283058354427
STU_018637,69.1595587798212
STU_018638,99.25290232887627
STU_018639,92.73080380979658
STU_018640,73.22581065967978
STU_018641,56.12725366388567
STU_018642,81.58557732419715
STU_018643,67.50439831460298
STU_018644,66.67259167862356
STU_018645,93.32451210621483
STU_018646,66.31819410960068
STU_018647,99.64506105365206
STU_018648,54.71356338833726
STU_018649,57.44842708371146
STU_018650,77.20662200928226
STU_018651,64.4465991471491
STU_018652,84.11292296961207
STU_018653,78.97817244862976
STU_018654,79.67214478443266
STU_018655,69.13610741718355
STU_018656,69.49131003668722
STU_018657,90.9107707919174
STU_018658,79.9597591253728
STU_018659,80.3465617533767
STU_018660,75.18727188340915
STU_018661,57.17386080765296
STU_018662,61.56960712621695
STU_018663,74.0452184774842
STU_018664,46.7014042535494
STU_018665,65.49363642158326
STU_018666,63.234475944978726
STU_018667,67.97197675182203
STU_018668,48.64993131592274
STU_018669,75.94891872856029
STU_018670,75.09728914037044
STU_018671,59.94658617996296
STU_018672,76.90067143763522
STU_018673,64.0189161202442
STU_018674,65.76307478411292
STU_018675,74.24289544466365
STU_018676,64.72375007753571
STU_018677,69.12594646351349
STU_018678,88.46525432236467
STU_018679,88.40837203168252
STU_018680,58.66788429162705
STU_018681,83.66681906423747
STU_018682,92.42668245826218
STU_018683,76.27205573353126
STU_018684,86.69138490905254
STU_018685,69.6808052128003
STU_018686,89.39594938799127
STU_018687,72.06297822483897
STU_018688,67.87092873447213
STU_018689,85.52885251111121
STU_018690,72.16534318091652
STU_018691,67.69470470776312
STU_018692,73.4340510447627
STU_018693,72.35404118720786
STU_018694,86.38781917275693
STU_018695,76.98381064868633
STU_018696,67.90888446796995
STU_018697,79.36744329519928
STU_018698,88.54448914751936
STU_018699,62.732531096684596
STU_018700,100.0
STU_018701,70.85325660248601
STU_018702,83.10124746441996
STU_018703,74.69184336199739
STU_018704,90.17509134224089
STU_018705,73.84703723793723
STU_018706,90.41826257387625
STU_018707,65.24476799448502
STU_018708,70.44531587663415
STU_018709,96.70342040987464
STU_018710,79.91618711571444
STU_018711,61.282374742651584
STU_018712,93.7998580691866
STU_018713,70.28234687619437
STU_018714,73.42519532120974
STU_018715,100.0
STU_018716,64.9002319029964
STU_018717,73.0928547963753
STU_018718,62.79812838808556
STU_018719,82.83693630913633
STU_018720,71.60477084492474
STU_018721,92.11124646818517
STU_018722,55.97510368784979
STU_018723,58.341969175708556
STU_018724,67.36004655933516
STU_018725,77.74116990702285
STU_018726,69.88459144265461
STU_018727,84.13666802686676
STU_018728,76.18747319432474
STU_018729,91.90270449348893
STU_018730,83.87874311482439
STU_018731,67.07885992284801
STU_018732,77.29904991789789
STU_018733,92.7732026879501
STU_018734,73.72218027346342
STU_018735,76.1314462980628
STU_018736,65.74170843851414
STU_018737,76.1052978204319
STU_018738,77.31935346191689
STU_018739,75.94317783742692
STU_018740,70.15001704555097
STU_018741,50.39162033693738
STU_018742,96.79717649308844
STU_018743,63.67679067701593
STU_018744,100.0
STU_018745,74.02758406745468
STU_018746,68.65255383731555
STU_018747,89.12902772622883
STU_018748,52.94591503752824
STU_018749,55.12243592348875
STU_018750,86.21357507951578
STU_018751,86.519772924851
STU_018752,58.3691323003907
STU_018753,60.79155124320406
STU_018754,93.60446435704681
STU_018755,91.1079265745891
STU_018756,69.15360859542349
STU_018757,87.66005443791653
STU_018758,91.29622910125777
STU_018759,93.06326888421663
STU_018760,69.79846171743924
STU_018761,71.98680319454718
STU_018762,81.22797181312403
STU_018763,65.00120720366061
STU_018764,81.61704659452033
STU_018765,77.20141941389933
STU_018766,64.99621010323978
STU_018767,84.38295201782604
STU_018768,74.7019701114951
STU_018769,53.97337812481502
STU_018770,82.48223979717388
STU_018771,70.20688478236882
STU_018772,92.21981274959978
STU_018773,78.7036174181756
STU_018774,61.307153593433384
STU_018775,82.48940695355623
STU_018776,81.60296041581543
STU_018777,56.42850188662196
STU_018778,96.67917498190397
STU_018779,91.28369029355237
STU_018780,63.386726742207614
STU_018781,93.28690838390517
STU_018782,98.93004454021823
STU_018783,79.30457202658228
STU_018784,81.67644337282033
STU_018785,82.05192325502627
STU_018786,73.93268845277842
STU_018787,55.291092749088286
STU_018788,65.22599697476095
STU_018789,72.89212710447623
STU_018790,92.59620500403628
STU_018791,70.73832283142168
STU_018792,60.643519664273256
STU_018793,64.4583808214701
STU_018794,66.40836955184261
STU_018795,94.78352851866768
STU_018796,57.37021552097676
STU_018797,63.88922314525131
STU_018798,64.4524210215036
STU_018799,80.65052536427527
STU_018800,82.85306027529795
STU_018801,87.8340811721933
STU_018802,67.20741672803142
STU_018803,65.03540401875159
STU_018804,59.864218296480644
STU_018805,64.78859804746456
STU_018806,81.42658469146485
STU_018807,75.80387282198475
STU_018808,64.27639680581383
STU_018809,87.42830692881302
STU_018810,79.50369329866274
STU_018811,50.46410149931046
STU_018812,82.12817999445761
STU_018813,70.35032644577896
STU_018814,48.192830448093034
STU_018815,87.4818558966942
STU_018816,66.95585635818477
STU_018817,71.59415134897803
STU_018818,84.94981369950509
STU_018819,71.16441101331469
STU_018820,91.50901440982211
STU_018821,79.94778786030244
STU_018822,75.83112458772865
STU_018823,98.33708114746713
STU_018824,64.3791922575537
STU_018825,75.13160368546176
STU_018826,69.63468060880206
STU_018827,74.23838417935141
STU_018828,66.40418205400526
STU_018829,57.213531587554854
STU_018830,85.02897608189845
STU_018831,89.90302710901358
STU_018832,83.10693455516342
STU_018833,59.49045839440926
STU_018834,55.086588621977114
STU_018835,65.41552505614212
STU_018836,80.84272239693777
STU_018837,73.38634762037321
STU_018838,62.54284577600873
STU_018839,88.02364814016443
STU_018840,84.41175545949535
STU_018841,87.53987757248058
STU_018842,77.84393834846597
STU_018843,78.79072492570953
STU_018844,71.28326107643831
STU_018845,82.42135313804911
STU_018846,99.42492907959716
STU_018847,97.55592905695786
STU_018848,80.6196806489765
STU_018849,72.72390207714824
STU_018850,74.06292589319872
STU_018851,63.00518626952561
STU_018852,54.72804661800538
STU_018853,63.820961923252796
STU_018854,77.52766780033208
STU_018855,76.31082663844873
STU_018856,62.67036141783954
STU_018857,87.16046827228337
STU_018858,81.51560200253303
STU_018859,95.69418481298685
STU_018860,69.99379715875855
STU_018861,81.73669968831845
STU_018862,92.63726468093839
STU_018863,66.43355521442302
STU_018864,62.798882689642554
STU_018865,77.53806484399374
STU_018866,71.25320705364351
STU_018867,65.92861745886256
STU_018868,78.0692748362097
STU_018869,72.94644589093491
STU_018870,89.36002766805436
STU_018871,97.65410045775967
STU_018872,82.17422362308017
STU_018873,72.6326011188181
STU_018874,91.6910474768392
STU_018875,99.00406978090494
STU_018876,66.26954607331314
STU_018877,57.84083138852179
STU_018878,93.3849737496936
STU_018879,83.82607103703819
STU_018880,78.89575791781257
STU_018881,64.89269434554961
STU_018882,74.50144154377324
STU_018883,70.4932513172975
STU_018884,92.59496023515707
STU_018885,57.5782946385753
STU_018886,89.06030584224841
STU_018887,67.64260738879221
STU_018888,88.74975816231586
STU_018889,61.333960082391954
STU_018890,47.087175420388526
STU_018891,74.70419867589648
STU_018892,81.32558435755607
STU_018893,80.06231042068067
STU_018894,99.47211640137334
STU_018895,74.25496610264011
STU_018896,86.90749789194777
STU_018897,70.25488468823195
STU_018898,63.92610876894163
STU_018899,70.01591626665831
STU_018900,71.55322783929023
STU_018901,81.88745993884909
STU_018902,94.87465690610883
STU_018903,86.63675968432617
STU_018904,75.55970006226477
STU_018905,64.33601411885171
STU_018906,80.02444307296341
STU_018907,73.34109510121766
STU_018908,69.41757707908124
STU_018909,79.86663032215924
STU_018910,70.42080345932064
STU_018911,59.642601186849646
STU_018912,87.89830469806705
STU_018913,68.00617926299614
STU_018914,69.48598837096884
STU_018915,76.41338061571238
STU_018916,62.76978340429788
STU_018917,84.8437720898795
STU_018918,91.03880172339439
STU_018919,77.6649467975308
STU_018920,55.79477037650597
STU_018921,71.7202203447738
STU_018922,65.49938150782083
STU_018923,99.27892193094742
STU_018924,66.30294067234294
STU_018925,73.28168152240798
STU_018926,83.11418860894888
STU_018927,75.68595966508077
STU_018928,72.99591812897212
STU_018929,73.14004826823896
STU_018930,60.22877787773615
STU_018931,59.06558654961158
STU_018932,50.861073531602486
STU_018933,72.49384427644128
STU_018934,80.75036844575601
STU_018935,68.73908081063188
STU_018936,71.84538261618918
STU_018937,88.9669958101484
STU_018938,86.70154846507795
STU_018939,67.94891854304089
STU_018940,83.15668515261308
STU_018941,86.08753378152873
STU_018942,56.56356673010847
STU_018943,75.61523738097068
STU_018944,74.59547849657346
STU_018945,78.2532839852501
STU_018946,84.39253063222463
STU_018947,68.01875288405746
STU_018948,70.35169642288528
STU_018949,70.95242813951138
STU_018950,82.00718876293588
STU_018951,67.80859797262681
STU_018952,63.4214761065858
STU_018953,75.80214757146362
STU_018954,84.05985570429209
STU_018955,76.29020460880967
STU_018956,61.52495087448507
STU_018957,73.46971933843699
STU_018958,83.03490510975475
STU_018959,76.58166575097445
STU_018960,75.69482054067458
STU_018961,76.52691082355366
STU_018962,79.55416730493803
STU_018963,89.03903956794124
STU_018964,69.48110442192426
STU_018965,88.73167029993027
STU_018966,94.70967221412121
STU_018967,94.14521862695479
STU_018968,76.3693823184905
STU_018969,75.90877415547696
STU_018970,89.09417728916866
STU_018971,61.76995335596766
STU_018972,77.74300954673802
STU_018973,91.15850375769229
STU_018974,65.30175776325572
STU_018975,86.5334089292179
STU_018976,73.84592053624866
STU_018977,90.46790159838491
STU_018978,81.70349031778154
STU_018979,58.954642884206415
STU_018980,76.32287935335255
STU_018981,54.479716113156215
STU_018982,80.83593087349162
STU_018983,74.6985002650451
STU_018984,70.61628660284276
STU_018985,75.98603669832546
STU_018986,79.00692503853503
STU_018987,82.84021055674292
STU_018988,71.27589714740984
STU_018989,80.87776948289424
STU_018990,84.25348037639479
STU_018991,66.00752890180719
STU_018992,81.91508944334952
STU_018993,77.80110150854854
STU_018994,87.0300487023363
STU_018995,96.32861553925795
STU_018996,63.72848009371636
STU_018997,74.46663350107659
STU_018998,79.47660470784362
STU_018999,93.64756210807529
STU_019000,77.44208834248364
STU_019001,61.828188810184166
STU_019002,72.81429921378746
STU_019003,91.10193594972478
STU_019004,78.67870446177335
STU_019005,95.53058675814057
STU_019006,90.22596971694502
STU_019007,100.0
STU_019008,75.95636041875197
STU_019009,100.0
STU_019010,45.99716829635548
STU_019011,80.66907810203054
STU_019012,73.97347713223208
STU_019013,59.159266996224545
STU_019014,100.0
STU_019015,51.255128029317696
STU_019016,65.84759592128022
STU_019017,98.08857698254383
STU_019018,70.32125762751063
STU_019019,70.96120604901333
STU_019020,97.4607210088264
STU_019021,44.32226415682241
STU_019022,72.43139214785572
STU_019023,87.78698959359964
STU_019024,77.86086582777176
STU_019025,94.09716445295292
STU_019026,99.67024392439352
STU_019027,76.64329366434973
STU_019028,59.27306327175921
STU_019029,61.76135320816201
STU_019030,74.37620332564833
STU_019031,84.40537819154792
STU_019032,86.22410450255033
STU_019033,79.08035562698535
STU_019034,65.54292544457873
STU_019035,84.48940215901258
STU_019036,95.26626489050219
STU_019037,84.67201415844578
STU_019038,64.82941519304364
STU_019039,82.48137124256348
STU_019040,71.97676109335849
STU_019041,78.65029997872816
STU_019042,82.622675282767
STU_019043,87.74694741992218
STU_019044,81.32192294920263
STU_019045,74.13314439696592
STU_019046,62.65340545961614
STU_019047,51.77325239775264
STU_019048,89.63284898199586
STU_019049,58.82094433057189
STU_019050,88.23147575811457
STU_019051,63.70900971349815
STU_019052,72.81763828190145
STU_019053,75.5242525728649
STU_019054,69.39494765600244
STU_019055,48.95782970436382
STU_019056,86.39176981382846
STU_019057,83.04054620097348
STU_019058,82.92129648767411
STU_019059,49.519829932189204
STU_019060,67.70597640673817
STU_019061,51.45003134865382
STU_019062,87.41248751643657
STU_019063,72.37949953792977
STU_019064,64.27108575637027
STU_019065,95.26954883800302
STU_019066,60.74906075713731
STU_019067,79.94992245966645
STU_019068,65.92509852543758
STU_019069,60.4563946067982
STU_019070,70.25220705515542
STU_019071,65.15167688026017
STU_019072,100.0
STU_019073,62.83289128272658
STU_019074,68.15116641520902
STU_019075,65.4112786567825
STU_019076,58.507070676620344
STU_019077,97.65553433481793
STU_019078,94.99360413515849
STU_019079,89.27652856159987
STU_019080,55.9349926793865
STU_019081,81.53687104026336
STU_019082,86.34423195639353
STU_019083,60.0123811257055
STU_019084,56.130921463351385
STU_019085,59.939435677626534
STU_019086,48.59284332383676
STU_019087,75.37200387176256
STU_019088,74.98207563197957
STU_019089,85.45070389728015
STU_019090,91.20320495827575
STU_019091,81.21583871527896
STU_019092,84.29547099003594
STU_019093,74.66954032450107
STU_019094,84.24225090140322
STU_019095,74.6217849035692
STU_019096,81.86668106914512
STU_019097,82.52776409672458
STU_019098,55.614833571765054
STU_019099,66.56238396753167
STU_019100,73.71703331110074
STU_019101,60.42422448925856
STU_019102,75.38394539695202
STU_019103,85.71838932027664
STU_019104,61.13113706628053
STU_019105,64.63586405276386
STU_019106,62.67228789896376
STU_019107,90.43524184958196
STU_019108,68.98476280220783
STU_019109,99.38972390499525
STU_019110,93.66999542482387
STU_019111,74.62965248202939
STU_019112,99.32370998921593
STU_019113,83.52073948034354
STU_019114,96.13141071206454
STU_019115,83.6061598010595
STU_019116,84.15509548148445
STU_019117,61.575834550259366
STU_019118,75.46340347665435
STU_019119,72.95962995915563
STU_019120,65.63444332958125
STU_019121,93.54561259313095
STU_019122,79.25638874034057
STU_019123,67.3678844210057
STU_019124,96.26457804281878
STU_019125,74.32113116258881
STU_019126,72.81528799744079
STU_019127,69.16839968433715
STU_019128,87.14579837254495
STU_019129,60.60794591788874
STU_019130,58.710713480792975
STU_019131,81.82762510757263
STU_019132,87.69590091647068
STU_019133,55.76209308966159
STU_019134,67.5421773880973
STU_019135,98.93844261031208
STU_019136,94.7309213908449
STU_019137,62.54631428990729
STU_019138,84.83954797651285
STU_019139,89.09109904180652
STU_019140,83.173495162128
STU_019141,95.45678209519929
STU_019142,82.73374508608516
STU_019143,77.39412146555213
STU_019144,74.16889957354883
STU_019145,71.07072734522885
STU_019146,92.7126588966522
STU_019147,70.84540045333657
STU_019148,97.53084139738527
STU_019149,77.09178077360609
STU_019150,77.78585334842843
STU_019151,94.49338381407176
STU_019152,49.050129775170376
STU_019153,68.05676060136607
STU_019154,87.12555172008955
STU_019155,100.0
STU_019156,80.52252134451878
STU_019157,90.72331286843371
STU_019158,55.053140555284244
STU_019159,70.33622127530747
STU_019160,63.582220608674795
STU_019161,59.86738082415646
STU_019162,62.38051225840809
STU_019163,73.06365158605917
STU_019164,69.05380199798178
STU_019165,74.18789697666422
STU_019166,90.09338082536294
STU_019167,87.72284127580349
STU_019168,84.22239312725716
STU_019169,74.66846560045698
STU_019170,85.55848454369581
STU_019171,72.47774438271917
STU_019172,84.54324799971894
STU_019173,79.54220930360047
STU_019174,59.30525523999179
STU_019175,74.30650865082085
STU_019176,76.49393005983646
STU_019177,96.53487087531232
STU_019178,37.018620650595544
STU_019179,74.82468820492099
STU_019180,77.47216151654118
STU_019181,92.9937962463711
STU_019182,58.350525004486876
STU_019183,95.72465480356618
STU_019184,88.13038042326905
STU_019185,89.9147245841005
STU_019186,97.23784878239732
STU_019187,71.79574587589715
STU_019188,95.88889476222032
STU_019189,88.12296063915159
STU_019190,73.14389584597004
STU_019191,64.11554753929855
STU_019192,97.14466493223291
STU_019193,67.53089874775637
STU_019194,71.47353035562358
STU_019195,83.6913951569099
STU_019196,82.09510266374897
STU_019197,91.56394292440419
STU_019198,71.38949009136871
STU_019199,100.0
STU_019200,69.72230865320168
STU_019201,89.30181616478735
STU_019202,77.59986269453361
STU_019203,54.27905943740202
STU_019204,58.44694346548032
STU_019205,80.82641733753817
STU_019206,50.31845289986879
STU_019207,65.34346742039173
STU_019208,72.15028361687914
STU_019209,71.34617674658192
STU_019210,66.17485336448958
STU_019211,66.49596340058378
STU_019212,68.51830093617315
STU_019213,70.44979797222982
STU_019214,79.6016339947104
STU_019215,97.22119024791672
STU_019216,64.36354684042655
STU_019217,73.0070339356724
STU_019218,49.7106763627345
STU_019219,80.86129692826519
STU_019220,72.88752005672487
STU_019221,63.95347563988936
STU_019222,80.23742379020491
STU_019223,77.17782846864097
STU_019224,91.55439156406511
STU_019225,54.98981860940166
STU_019226,57.42495067399368
STU_019227,66.19231346590834
STU_019228,61.89550483966437
STU_019229,74.90207218149283
STU_019230,66.99339467694338
STU_019231,81.52113808904798
STU_019232,90.95899445188373
STU_019233,59.42964723425086
STU_019234,67.23567303710567
STU_019235,80.74695904159434
STU_019236,82.17580076212782
STU_019237,73.9228677467148
STU_019238,74.04958168609537
STU_019239,83.6816700701881
STU_019240,79.44229331071126
STU_019241,96.81914625109148
STU_019242,66.25133347129929
STU_019243,87.4301291763847
STU_019244,77.16104423232717
STU_019245,52.780750879461294
STU_019246,60.79625720937728
STU_019247,92.86958764419559
STU_019248,82.21924975572442
STU_019249,96.40049358961402
STU_019250,62.86532150917276
STU_019251,93.90179202050027
STU_019252,72.43648560188738
STU_019253,60.61455643032769
STU_019254,50.57444021172678
STU_019255,65.16448295685568
STU_019256,93.42801334257277
STU_019257,62.176306055370645
STU_019258,53.02828678593783
STU_019259,72.30101614017832
STU_019260,82.34669704781516
STU_019261,71.23009133786428
STU_019262,85.88404484376647
STU_019263,70.9319125525617
STU_019264,71.8796172081963
STU_019265,89.09980244995643
STU_019266,81.7912325063217
STU_019267,54.26575518806766
STU_019268,70.2376485011924
STU_019269,81.67637822658064
STU_019270,84.21936508454043
STU_019271,51.77573121269501
STU_019272,65.7538222833612
STU_019273,96.83545090855003
STU_019274,100.0
STU_019275,100.0
STU_019276,59.82782605414695
STU_019277,98.4915813747464
STU_019278,86.04616553368078
STU_019279,74.66676401361634
STU_019280,61.247036790128604
STU_019281,90.02988839542091
STU_019282,63.314225314982295
STU_019283,100.0
STU_019284,82.9626366396603
STU_019285,73.3630065649802
STU_019286,92.14198826945346
STU_019287,75.88735500007037
STU_019288,58.33169406720776
STU_019289,86.91653004439713
STU_019290,78.60905167969933
STU_019291,76.75181286120272
STU_019292,77.92392542192107
STU_019293,63.15343026446339
STU_019294,75.09431287699151
STU_019295,59.43467356094075
STU_019296,67.68228827508105
STU_019297,79.65551774571824
STU_019298,90.53052537174875
STU_019299,92.30357840280197
STU_019300,80.47817033567338
STU_019301,72.49857354450495
STU_019302,82.89466113493867
STU_019303,66.14325984992871
STU_019304,90.36012556879592
STU_019305,69.32754237695904
STU_019306,56.884121893352656
STU_019307,61.85628435622144
STU_019308,52.16870837664135
STU_019309,73.19055351561782
STU_019310,87.16756880672772
STU_019311,88.93337409790162
STU_019312,66.53098357101959
STU_019313,83.8675306557289
STU_019314,86.74829962787426
STU_019315,76.18674475637795
STU_019316,92.66229324528092
STU_019317,72.19102411281236
STU_019318,81.62294380247408
STU_019319,88.42022845899274
STU_019320,98.98067309949917
STU_019321,72.18701005971957
STU_019322,87.90647345928073
STU_019323,69.33448806046181
STU_019324,90.24393965224652
STU_019325,77.43579333326898
STU_019326,94.80131320470312
STU_019327,94.45656208142
STU_019328,97.23961940836189
STU_019329,90.79615829712611
STU_019330,77.01247504859997
STU_019331,75.08505152873838
STU_019332,68.66731561286642
STU_019333,84.44440151321744
STU_019334,60.50013640891576
STU_019335,66.55249072257484
STU_019336,66.94511666218187
STU_019337,96.75097244283214
STU_019338,63.881187147720624
STU_019339,89.75519651014201
STU_019340,100.0
STU_019341,74.94296295736049
STU_019342,60.966769767404216
STU_019343,71.46722893244655
STU_019344,62.50436205872717
STU_019345,68.48594078918015
STU_019346,74.82415272965389
STU_019347,52.95124812016647
STU_019348,94.45118570994389
STU_019349,80.74512854542871
STU_019350,59.01111370433122
STU_019351,93.73300956291973
STU_019352,82.08069312140753
STU_019353,86.80230326642837
STU_019354,68.78255656678387
STU_019355,77.17049935868884
STU_019356,57.20372102441926
STU_019357,60.23079668257124
STU_019358,79.46293449039055
STU_019359,84.31511173242416
STU_019360,61.761078793178044
STU_019361,89.16811578184911
STU_019362,61.22949936052868
STU_019363,70.96904112054538
STU_019364,74.68426964457768
STU_019365,88.18448005639567
STU_019366,97.25294291328106
STU_019367,100.0
STU_019368,73.03619916342056
STU_019369,76.1106643289676
STU_019370,75.0446150088097
STU_019371,81.08736791756394
STU_019372,70.77318506326334
STU_019373,59.01851234958707
STU_019374,66.1354224397752
STU_019375,79.89383597196374
STU_019376,95.70070576710279
STU_019377,93.22839094034187
STU_019378,66.67298875764828
STU_019379,54.06664966680834
STU_019380,89.19994426415747
STU_019381,66.44332463489627
STU_019382,67.77549679430395
STU_019383,83.32583339618427
STU_019384,66.11242505095264
STU_019385,82.45227008019327
STU_019386,66.20829203349312
STU_019387,56.37190527601534
STU_019388,65.53384976877093
STU_019389,99.23755577410313
STU_019390,43.9254551078768
STU_019391,77.43203786454406
STU_019392,78.35914997327797
STU_019393,75.26255442392485
STU_019394,71.43977271642338
STU_019395,79.64100098940156
STU_019396,99.34315853042231
STU_019397,70.18077898985243
STU_019398,60.42493257677204
STU_019399,57.721192936141776
STU_019400,95.51972479055422
STU_019401,66.68230802268923
STU_019402,70.72443324586229
STU_019403,88.97912374371415
STU_019404,83.32845058713106
STU_019405,79.88311348745462
STU_019406,69.58620025304842
STU_019407,63.646614341468776
STU_019408,80.77761006421609
STU_019409,74.29125125421112
STU_019410,70.6027202774328
STU_019411,85.78645659105524
STU_019412,61.44555069452798
STU_019413,71.04856992336138
STU_019414,69.77212521811856
STU_019415,83.55539905454407
STU_019416,81.47772006055001
STU_019417,91.60317451134748
STU_019418,94.1257085325173
STU_019419,71.35272081253872
STU_019420,74.33224870627274
STU_019421,84.68775473770265
STU_019422,79.0411770003673
STU_019423,73.03509607424502
STU_019424,93.93414212791166
STU_019425,58.50806056377752
STU_019426,80.74024941220364
STU_019427,88.13374905988043
STU_019428,92.712716653596
STU_019429,68.87791143035835
STU_019430,84.03496670920381
STU_019431,50.58497325597065
STU_019432,77.26180184690757
STU_019433,64.33275181390619
STU_019434,54.33054123700943
STU_019435,100.0
STU_019436,64.51934160014741
STU_019437,95.98485145744132
STU_019438,80.24625564135836
STU_019439,56.69674718442517
STU_019440,68.6430273357419
STU_019441,82.28939430480852
STU_019442,74.83498783935931
STU_019443,61.23617322010931
STU_019444,95.80266678704803
STU_019445,91.18361859990563
STU_019446,52.056803674258006
STU_019447,75.62355932187434
STU_019448,72.20508404753662
STU_019449,63.21483022288052
STU_019450,74.43380049584479
STU_019451,65.64982103595892
STU_019452,85.66815720561425
STU_019453,84.17422056217458
STU_019454,73.26573341671069
STU_019455,70.2215050060046
STU_019456,70.36381323863442
STU_019457,66.41918655197777
STU_019458,69.17684430330225
STU_019459,59.68105575265241
STU_019460,90.65863985409676
STU_019461,93.05451739899516
STU_019462,98.10827074564479
STU_019463,66.87084732575191
STU_019464,72.31712479721897
STU_019465,67.8127487997498
STU_019466,71.18560927906464
STU_019467,70.86409290995459
STU_019468,87.06162863151937
STU_019469,72.13254911813367
STU_019470,89.59062701488777
STU_019471,95.31353369312637
STU_019472,88.41036902458306
STU_019473,87.74006599383979
STU_019474,63.92156297854379
STU_019475,61.57856997343937
STU_019476,93.99783425057231
STU_019477,64.92407177582054
STU_019478,68.97413489988074
STU_019479,70.68330348951638
STU_019480,94.2149237026764
STU_019481,70.12489964497048
STU_019482,71.17901526991147
STU_019483,70.76448518005444
STU_019484,84.16742904387065
STU_019485,59.5809000494881
STU_019486,36.660931497131315
STU_019487,68.53236333247794
STU_019488,95.15431191918186
STU_019489,64.10474221649689
STU_019490,76.2067496601678
STU_019491,60.46269366619063
STU_019492,71.17658259768461
STU_019493,64.60064890105268
STU_019494,57.68486956361959
STU_019495,96.23372307770786
STU_019496,94.3891553378751
STU_019497,54.0443282351079
STU_019498,91.37290694083345
STU_019499,92.3391547705312
STU_019500,88.7641918785982
STU_019501,84.97248880054426
STU_019502,61.57223835915582
STU_019503,68.44751464681316
STU_019504,94.45166926348365
STU_019505,59.6439823365361
STU_019506,79.11359799109076
STU_019507,88.46016258531374
STU_019508,96.5322000694724
STU_019509,95.94249070478986
STU_019510,92.96343597021206
STU_019511,55.70949602682526
STU_019512,84.50776484011132
STU_019513,67.08147467609082
STU_019514,55.54701001583133
STU_019515,59.48508241371244
STU_019516,82.41640250985498
STU_019517,63.87566081816702
STU_019518,66.28118107531205
STU_019519,65.1546662226724
STU_019520,83.97095711439724
STU_019521,64.9547327357588
STU_019522,77.1562149570867
STU_019523,95.55772916408739
STU_019524,81.0909815901073
STU_019525,83.80867835732334
STU_019526,75.14553314260414
STU_019527,74.28107178198933
STU_019528,69.52742468120287
STU_019529,88.19241172247163
STU_019530,89.15124761041008
STU_019531,93.98691527756456
STU_019532,48.1578365317067
STU_019533,77.65100078712817
STU_019534,71.00402536026436
STU_019535,71.40975246154252
STU_019536,66.57116940392797
STU_019537,55.72431154408955
STU_019538,75.05493486549162
STU_019539,73.96960403583843
STU_019540,61.25037098016783
STU_019541,75.5242787077807
STU_019542,100.0
STU_019543,100.0
STU_019544,72.86930387451386
STU_019545,87.76867832641686
STU_019546,52.85583102617032
STU_019547,67.18225094366981
STU_019548,89.7080560312817
STU_019549,91.47198675240843
STU_019550,99.75738164946699
STU_019551,81.3609982506213
STU_019552,72.52905844626801
STU_019553,72.90823369811436
STU_019554,63.41709220848759
STU_019555,99.11011385589345
STU_019556,69.77573678689676
STU_019557,99.58122034559138
STU_019558,56.13729194775071
STU_019559,87.18237126176449
STU_019560,77.20424228142426
STU_019561,41.7238351203798
STU_019562,96.76072766866075
STU_019563,75.33712746747032
STU_019564,65.80022529542235
STU_019565,60.74317741687472
STU_019566,81.30897563424034
STU_019567,82.6369389657651
STU_019568,69.83416839988728
STU_019569,61.564421052216986
STU_019570,73.03120464572294
STU_019571,45.966991155351096
STU_019572,68.61879852220827
STU_019573,70.11514087102356
STU_019574,79.92849402006617
STU_019575,80.61339990515653
STU_019576,93.6387705850301
STU_019577,65.06518825811904
STU_019578,65.8852784000025
STU_019579,69.48002082382628
STU_019580,64.02803387275253
STU_019581,99.92854373355162
STU_019582,74.07116590856484
STU_019583,73.398630727445
STU_019584,65.14378699416739
STU_019585,82.37170079520659
STU_019586,71.11803774806707
STU_019587,90.53907083528898
STU_019588,77.12665210127143
STU_019589,66.30837754925011
STU_019590,99.83445539223194
STU_019591,94.77671010670412
STU_019592,72.60435696753217
STU_019593,65.45338966061779
STU_019594,93.51204320875686
STU_019595,73.05302549597795
STU_019596,93.60629242640452
STU_019597,68.78140390729988
STU_019598,77.19834771100295
STU_019599,66.02417106060201
STU_019600,98.09863507605024
STU_019601,80.17244006889197
STU_019602,75.13014899059218
STU_019603,92.70055492541138
STU_019604,91.15435118567666
STU_019605,77.7320539552582
STU_019606,82.89610018863678
STU_019607,58.74097232284969
STU_019608,76.75777326556955
STU_019609,89.26217700273281
STU_019610,60.47284538905184
STU_019611,68.99084910981995
STU_019612,59.71068006036616
STU_019613,58.928343292605774
STU_019614,63.98827315850173
STU_019615,95.42310568505377
STU_019616,71.85751882796794
STU_019617,76.12735754380975
STU_019618,63.3986319043733
STU_019619,88.97218000883339
STU_019620,75.02391984318106
STU_019621,73.36159195581914
STU_019622,78.69901510747928
STU_019623,74.0362905939112
STU_019624,98.89784390409349
STU_019625,36.97349927175301
STU_019626,85.14018071975877
STU_019627,93.09605585911366
STU_019628,70.58807120780318
STU_019629,80.81607544130401
STU_019630,93.69305693943404
STU_019631,63.636471029654665
STU_019632,95.02377179086466
STU_019633,90.20036315925385
STU_019634,85.70170848547167
STU_019635,73.48089983146187
STU_019636,64.48334591869117
STU_019637,76.88772207394383
STU_019638,65.57299324662165
STU_019639,68.94967296365817
STU_019640,80.64298196475438
STU_019641,93.25287520667351
STU_019642,76.89286687521226
STU_019643,88.02934421968388
STU_019644,71.85635103217626
STU_019645,72.45460806908308
STU_019646,71.6596565904623
STU_019647,80.17126549718037
STU_019648,60.502120309776515
STU_019649,61.01838389514191
STU_019650,73.20630073596976
STU_019651,74.94095809300767
STU_019652,69.97274401612415
STU_019653,70.32514799776695
STU_019654,54.096536966320286
STU_019655,59.213319747857284
STU_019656,48.97211993135676
STU_019657,77.14210857592775
STU_019658,68.00194286965167
STU_019659,79.42691938541415
STU_019660,67.43042410852775
STU_019661,84.26031575306233
STU_019662,67.10791734349601
STU_019663,73.81522734010164
STU_019664,62.98689205939152
STU_019665,85.8139778246109
STU_019666,88.16755502332002
STU_019667,73.62887376915906
STU_019668,52.54011313050752
STU_019669,66.23928639826251
STU_019670,85.4675897223474
STU_019671,53.34343037637291
STU_019672,82.59228979889664
STU_019673,75.40553927273129
STU_019674,78.54012922070532
STU_019675,82.34851169214251
STU_019676,82.57763131447669
STU_019677,85.23802532658871
STU_019678,100.0
STU_019679,92.95152172919084
STU_019680,81.61969527006369
STU_019681,93.45616148111209
STU_019682,93.10935298896334
STU_019683,70.54897671806363
STU_019684,66.00834321867258
STU_019685,93.19198057977287
STU_019686,84.61472836143423
STU_019687,64.45353806575207
STU_019688,83.03178229400805
STU_019689,67.71612872417691
STU_019690,78.83536469159529
STU_019691,62.76168879185799
STU_019692,56.85602817150702
STU_019693,98.50473496627066
STU_019694,81.1911903331214
STU_019695,58.749155643684404
STU_019696,62.24159667085065
STU_019697,94.2710793011752
STU_019698,90.53730252323794
STU_019699,84.70187477983575
STU_019700,82.69366532175412
STU_019701,78.00088896712485
STU_019702,75.75454046084198
STU_019703,79.14804464579383
STU_019704,74.00331351412585
STU_019705,62.54685078319519
STU_019706,89.02424219976454
STU_019707,61.22244906915532
STU_019708,78.64454639222737
STU_019709,71.84191765471137
STU_019710,63.76047307330886
STU_019711,96.29004117490555
STU_019712,49.054621938623846
STU_019713,92.56096089772856
STU_019714,62.795351025795526
STU_019715,91.351577286505
STU_019716,86.9053868912828
STU_019717,94.36041082566821
STU_019718,70.83998225409823
STU_019719,95.72547797777015
STU_019720,95.36870077778417
STU_019721,56.308418981377066
STU_019722,71.4563794848317
STU_019723,80.28822137024507
STU_019724,71.96475287463525
STU_019725,86.36744080738642
STU_019726,60.19877692258558
STU_019727,90.59719765447895
STU_019728,79.56466507169546
STU_019729,68.37648961655903
STU_019730,74.39897551784246
STU_019731,62.76051604799421
STU_019732,90.21246741242857
STU_019733,78.07301755212879
STU_019734,75.28536850585161
STU_019735,81.37553960718431
STU_019736,98.69882766157485
STU_019737,96.21889174467529
STU_019738,86.32412768387978
STU_019739,68.07682238877626
STU_019740,73.09815103072877
STU_019741,100.0
STU_019742,70.92290380090314
STU_019743,82.19920577568405
STU_019744,76.39867065514679
STU_019745,83.95131681801678
STU_019746,93.1641683171969
STU_019747,79.41308702401581
STU_019748,61.90696994075422
STU_019749,65.91879673329947
STU_019750,74.58554840586598
STU_019751,71.62985654773217
STU_019752,61.58101100809178
STU_019753,90.11199347206285
STU_019754,70.13668653016457
STU_019755,80.14606752789788
STU_019756,53.77965380460734
STU_019757,87.11125568631124
STU_019758,59.083415128788815
STU_019759,73.3471399875538
STU_019760,80.22625325129734
STU_019761,68.63655801373658
STU_019762,89.57735493805977
STU_019763,70.18769962609281
STU_019764,62.796170999596114
STU_019765,91.27099351198679
STU_019766,66.8324003045031
STU_019767,51.7532365816177
STU_019768,83.07209702567035
STU_019769,65.64522696210399
STU_019770,77.47261862564446
STU_019771,94.68795095600352
STU_019772,68.54066285018911
STU_019773,89.44291887980796
STU_019774,51.794597190851334
STU_019775,89.61027446028027
STU_019776,65.20025954399804
STU_019777,74.96654544588063
STU_019778,72.08522341382586
STU_019779,73.0918670485778
STU_019780,86.40752091633163
STU_019781,55.2352978604659
STU_019782,73.69628091193967
STU_019783,62.50870626411549
STU_019784,80.2965774570394
STU_019785,76.08413307614619
STU_019786,54.31503775857024
STU_019787,78.38383748760974
STU_019788,76.37895928208161
STU_019789,79.55973440496908
STU_019790,64.74816512205071
STU_019791,51.447467037612995
STU_019792,80.41662397220257
STU_019793,64.9159087625085
STU_019794,84.59673333269049
STU_019795,72.20059751329902
STU_019796,85.02329255609764
STU_019797,46.79168773353673
STU_019798,93.2253420738044
STU_019799,77.75161652687694
STU_019800,53.67553388966999
STU_019801,81.07472282693438
STU_019802,94.05424185190772
STU_019803,66.40157979491859
STU_019804,74.68482451050228
STU_019805,72.02190196360593
STU_019806,62.60630447640365
STU_019807,60.340491295009855
STU_019808,64.2393536544625
STU_019809,92.91292383307405
STU_019810,68.00486803863525
STU_019811,66.56885580112763
STU_019812,86.7314630422311
STU_019813,73.16558050458929
STU_019814,81.33372760222233
STU_019815,90.55399727931608
STU_019816,75.28485155219228
STU_019817,91.7473051106509
STU_019818,69.48920101943744
STU_019819,98.09668935065646
STU_019820,60.02279290398138
STU_019821,84.91488213366716
STU_019822,63.38909557979889
STU_019823,79.23019085956149
STU_019824,99.74144592692207
STU_019825,78.88065427187699
STU_019826,84.70545225582684
STU_019827,81.63146886709983
STU_019828,81.65562913153774
STU_019829,72.89081934836179
STU_019830,96.20643841477582
STU_019831,85.03935200599307
STU_019832,90.9986597254046
STU_019833,74.68940046488464
STU_019834,73.5838731006597
STU_019835,66.65535286471484
STU_019836,85.38634133184189
STU_019837,72.44595489316093
STU_019838,78.80714299880113
STU_019839,81.9412936482381
STU_019840,61.73922017119341
STU_019841,61.77229106863815
STU_019842,76.38086318392955
STU_019843,65.98877811700677
STU_019844,72.95289745921949
STU_019845,73.56430733845735
STU_019846,97.23793187743618
STU_019847,100.0
STU_019848,69.26677065338424
STU_019849,94.36726033664581
STU_019850,75.4649622632863
STU_019851,99.02065317673916
STU_019852,63.03641894957476
STU_019853,88.01340088371977
STU_019854,78.84819707538864
STU_019855,77.76710449474994
STU_019856,69.48145600711092
STU_019857,81.72879731397381
STU_019858,97.82772607412049
STU_019859,92.69741197937986
STU_019860,82.79491882408706
STU_019861,64.89735032677461
STU_019862,68.91360347069178
STU_019863,74.1122888633229
STU_019864,80.9363005282664
STU_019865,92.87765218060892
STU_019866,91.81158366252066
STU_019867,76.23140781509758
STU_019868,80.0541090333833
STU_019869,72.17353350303765
STU_019870,74.06321084824907
STU_019871,91.70858658480311
STU_019872,100.0
STU_019873,76.88684939181844
STU_019874,53.91592475966151
STU_019875,79.64686686081396
STU_019876,98.37532939386998
STU_019877,63.980691111918006
STU_019878,61.31103374046317
STU_019879,91.54644278496612
STU_019880,52.455716091770874
STU_019881,71.04100876521204
STU_019882,94.93040656840192
STU_019883,59.670209994657405
STU_019884,68.4907539933362
STU_019885,79.47057429216831
STU_019886,71.7609446505547
STU_019887,100.0
STU_019888,59.733063297233016
STU_019889,84.56342510430196
STU_019890,77.4477357074214
STU_019891,75.53593694708704
STU_019892,69.40946934641
STU_019893,93.18791240205225
STU_019894,62.69794324403219
STU_019895,75.55892305689378
STU_019896,81.57950058369468
STU_019897,79.00613600640503
STU_019898,74.48813579229393
STU_019899,83.48005481889479
STU_019900,82.64294263819757
STU_019901,74.90586503303433
STU_019902,74.6654029524297
STU_019903,84.62598021664249
STU_019904,68.78276956963404
STU_019905,77.22916350720031
STU_019906,68.84389119483485
STU_019907,64.7585018335156
STU_019908,51.69918600553688
STU_019909,63.42805093875221
STU_019910,96.77695938567989
STU_019911,99.69359165354706
STU_019912,66.21893867645781
STU_019913,79.96439594493131
STU_019914,58.75888161426769
STU_019915,80.64021257022839
STU_019916,64.14813365956411
STU_019917,66.69895223548602
STU_019918,95.14349500629058
STU_019919,70.23118745808272
STU_019920,91.79049188740294
STU_019921,77.11833286579898
STU_019922,97.51125285781953
STU_019923,63.482511283251284
STU_019924,98.70056705483276
STU_019925,85.35863887635088
STU_019926,67.84082009045582
STU_019927,82.50127325944102
STU_019928,79.17105968993226
STU_019929,87.54240294071018
STU_019930,67.86286693090481
STU_019931,95.71111474405413
STU_019932,84.74917802558835
STU_019933,60.52598080792687
STU_019934,88.42541588115748
STU_019935,54.33858707257018
STU_019936,90.51297853760884
STU_019937,82.24698437976596
STU_019938,68.88957676385583
STU_019939,86.86543604261337
STU_019940,89.98440505392009
STU_019941,72.74963448672437
STU_019942,73.47508042146544
STU_019943,81.54175451158596
STU_019944,96.16576343892586
STU_019945,79.43706762020138
STU_019946,89.64475153069411
STU_019947,69.34932521122816
STU_019948,82.77045416424096
STU_019949,74.8714016205708
STU_019950,70.76932443244735
STU_019951,66.70855660206104
STU_019952,59.305223045864466
STU_019953,71.2698851986589
STU_019954,80.59001730182591
STU_019955,65.56891668349192
STU_019956,61.1156980874982
STU_019957,78.8251731209769
STU_019958,77.37177007269835
STU_019959,78.93846582517955
STU_019960,65.38637172019159
STU_019961,69.0230110968722
STU_019962,76.74421010721035
STU_019963,60.582198306162866
STU_019964,69.02964828276997
STU_019965,65.74992748647239
STU_019966,82.1102385542478
STU_019967,96.63538829040516
STU_019968,73.13970190142875
STU_019969,52.90500420197916
STU_019970,92.60117096968612
STU_019971,89.54852163988656
STU_019972,71.38868392110383
STU_019973,75.08701033939326
STU_019974,87.92335731854584
STU_019975,74.1208448064709
STU_019976,74.68894362080133
STU_019977,66.81518277683729
STU_019978,56.52689689539501
STU_019979,52.907666716642
STU_019980,61.158792219114225
STU_019981,100.0
STU_019982,74.8468610861496
STU_019983,88.12853381357947
STU_019984,95.57083217205371
STU_019985,84.3468694966856
STU_019986,94.97335757484845
STU_019987,83.43627163802775
STU_019988,66.36987859439559
STU_019989,68.86704483937974
STU_019990,79.03289577916138
STU_019991,78.13436353722402
STU_019992,86.17095236681573
STU_019993,84.36271818084965
STU_019994,51.168809674963676
STU_019995,77.1806878115728
STU_019996,61.684103130638114
STU_019997,85.13944501256172
STU_019998,55.289545785986164
STU_019999,91.19952210622402
STU_020000,73.73371098298038
