student_id,career_success_score
STU_010001,58.041368591545236
STU_010002,75.30208667134738
STU_010003,72.85772358447845
STU_010004,96.12005058216104
STU_010005,78.55934661862696
STU_010006,77.20801204135799
STU_010007,78.17662207292817
STU_010008,81.18146122604159
STU_010009,71.57995597603481
STU_010010,59.993778303031576
STU_010011,93.13948077936628
STU_010012,77.32254435335695
STU_010013,85.61041279062206
STU_010014,91.21768444779622
STU_010015,50.20284545015595
STU_010016,68.46222828609388
STU_010017,60.24578815147156
STU_010018,59.04679244377563
STU_010019,89.61666257351112
STU_010020,69.92982332998814
STU_010021,83.6914145641426
STU_010022,95.80312035977613
STU_010023,93.58101152238541
STU_010024,67.4157184367316
STU_010025,80.89851217730853
STU_010026,86.76661804007473
STU_010027,77.0385128404132
STU_010028,84.63418735581944
STU_010029,95.36882438572479
STU_010030,62.20927830435608
STU_010031,66.11583526190601
STU_010032,92.92676761629058
STU_010033,64.88975387473249
STU_010034,89.78663033622747
STU_010035,79.43658695423855
STU_010036,65.27812583684486
STU_010037,68.48806587451509
STU_010038,92.16233071223073
STU_010039,65.1067834838093
STU_010040,81.45461571792808
STU_010041,91.48077470175882
STU_010042,61.90388622692538
STU_010043,83.14159300823957
STU_010044,74.5552733465753
STU_010045,80.26101296562582
STU_010046,57.19487443384235
STU_010047,69.5050831609847
STU_010048,81.2158808733529
STU_010049,52.746086717365046
STU_010050,63.32393592781956
STU_010051,71.4678073078953
STU_010052,67.84902403334499
STU_010053,60.68598329089804
STU_010054,70.88522793069727
STU_010055,64.84954298179125
STU_010056,63.957265073553955
STU_010057,64.73764464692331
STU_010058,96.37637207415742
STU_010059,88.53767519397765
STU_010060,71.51597368319663
STU_010061,43.587416503039755
STU_010062,78.37189447846156
STU_010063,60.72612579639742
STU_010064,83.50520185339003
STU_010065,57.48496075658854
STU_010066,62.34430976489324
STU_010067,92.59277905927377
STU_010068,60.3805788770947
STU_010069,64.76845292582234
STU_010070,60.55577859027741
STU_010071,95.08998124622421
STU_010072,71.88792748504643
STU_010073,95.69733028454442
STU_010074,59.864123253353746
STU_010075,75.18306136464916
STU_010076,95.35112081159551
STU_010077,85.2321252611012
STU_010078,85.70671410609657
STU_010079,80.42866074361103
STU_010080,77.2567974628505
STU_010081,62.23231573370538
STU_010082,76.59518120241592
STU_010083,76.4474647741985
STU_010084,75.86587451321807
STU_010085,74.87161487778815
STU_010086,77.5111469295934
STU_010087,72.42943362778468
STU_010088,64.45034910054369
STU_010089,83.52758212020814
STU_010090,78.57170840624374
STU_010091,58.723335797444484
STU_010092,70.78638023289398
STU_010093,63.456333430855864
STU_010094,87.92535925916611
STU_010095,58.221945897442325
STU_010096,78.88502448216667
STU_010097,69.38882079344273
STU_010098,85.5587217014986
STU_010099,69.54645345186654
STU_010100,71.24558795573546
STU_010101,79.07097130506098
STU_010102,68.80507876479395
STU_010103,91.03222302483452
STU_010104,55.06938318617066
STU_010105,96.42509836770208
STU_010106,51.7658146331231
STU_010107,80.66316316210403
STU_010108,79.33446419337619
STU_010109,69.65782648585238
STU_010110,78.33399298325611
STU_010111,88.80539958220916
STU_010112,80.14063966016997
STU_010113,73.4212561699295
STU_010114,77.81197200610089
STU_010115,81.18781935582194
STU_010116,89.04869502046537
STU_010117,77.36214853280323
STU_010118,91.35983022030292
STU_010119,69.94535841128463
STU_010120,68.06440373843786
STU_010121,80.61018687606972
STU_010122,75.09084665062234
STU_010123,90.2453373941463
STU_010124,68.94922977907083
STU_010125,80.77473051540032
STU_010126,67.245084142731
STU_010127,59.87371809863201
STU_010128,93.0592399740102
STU_010129,81.99735643496841
STU_010130,70.73417463623139
STU_010131,64.85149666945415
STU_010132,74.50659721209718
STU_010133,75.69276537445056
STU_010134,67.36643647160348
STU_010135,43.35454277385401
STU_010136,70.91960372177394
STU_010137,59.29363951129449
STU_010138,78.68999390805737
STU_010139,81.47370603588374
STU_010140,81.72004773000809
STU_010141,62.7995784293971
STU_010142,83.63236697996399
STU_010143,72.61331348672388
STU_010144,75.03101178075605
STU_010145,90.48528122674257
STU_010146,77.34639608173714
STU_010147,58.13089685422385
STU_010148,55.05798650501963
STU_010149,61.80187674701422
STU_010150,90.4939866020636
STU_010151,76.02662728333067
STU_010152,80.71758056734774
STU_010153,74.1693851467254
STU_010154,80.96728200822832
STU_010155,63.904881421929986
STU_010156,91.7487071750619
STU_010157,100.0
STU_010158,72.23474537909418
STU_010159,90.18301580597426
STU_010160,67.25274805405147
STU_010161,94.29515836834149
STU_010162,100.0
STU_010163,79.95628128417525
STU_010164,72.29860843571134
STU_010165,72.65173893400654
STU_010166,87.90935822238896
STU_010167,84.14633604498418
STU_010168,75.71305627760091
STU_010169,68.13369277416842
STU_010170,87.08035455599364
STU_010171,70.75932743573985
STU_010172,100.0
STU_010173,68.22676817474687
STU_010174,76.73337248914311
STU_010175,79.11194470832689
STU_010176,68.46516889311621
STU_010177,88.98545177592698
STU_010178,82.43640326170362
STU_010179,83.33408484122819
STU_010180,79.28363518566314
STU_010181,70.38796545099481
STU_010182,70.85494067004984
STU_010183,77.21571260733178
STU_010184,78.73584137157223
STU_010185,66.21776213193961
STU_010186,85.04463928708586
STU_010187,63.61591046161555
STU_010188,90.36850971098981
STU_010189,70.02334632046966
STU_010190,59.506646666094944
STU_010191,45.33414955772775
STU_010192,82.62889736738586
STU_010193,57.45085990803323
STU_010194,83.42520078464996
STU_010195,84.3004169697705
STU_010196,67.75628441251621
STU_010197,76.09416246612332
STU_010198,80.11712103936945
STU_010199,96.07241086340986
STU_010200,73.71264820393358
STU_010201,96.06683477818086
STU_010202,81.76443692127611
STU_010203,70.68456722827159
STU_010204,90.38517979962188
STU_010205,84.86576136974608
STU_010206,89.8290737789666
STU_010207,52.31240801558688
STU_010208,72.2199477677616
STU_010209,62.27015046921753
STU_010210,87.01342024818901
STU_010211,75.67461258863817
STU_010212,90.76365991019213
STU_010213,89.10147829787721
STU_010214,64.35390263825005
STU_010215,73.55147944607491
STU_010216,60.662294584180955
STU_010217,79.80115975628865
STU_010218,58.772343397617334
STU_010219,79.03420619450368
STU_010220,69.42844219403347
STU_010221,80.93306250573264
STU_010222,57.93753503268391
STU_010223,72.60650902335237
STU_010224,100.0
STU_010225,61.828110880885404
STU_010226,85.50898610452555
STU_010227,59.79559010695449
STU_010228,89.8330412191858
STU_010229,76.99888151044622
STU_010230,62.48613022092887
STU_010231,54.58802198933486
STU_010232,93.45926223837292
STU_010233,63.399705904590405
STU_010234,80.3926234241195
STU_010235,48.62914474260812
STU_010236,90.79228314959491
STU_010237,82.9954415947281
STU_010238,75.05857953841267
STU_010239,50.56721039906793
STU_010240,71.81695932388453
STU_010241,81.12908673560003
STU_010242,77.38326370201294
STU_010243,62.4048337137266
STU_010244,85.85321408514682
STU_010245,60.442934450723534
STU_010246,49.50521151143518
STU_010247,93.07573577208184
STU_010248,82.68181902044282
STU_010249,69.72919851909919
STU_010250,97.56190081692432
STU_010251,76.74310614897263
STU_010252,100.0
STU_010253,59.19950101795236
STU_010254,98.09201270178025
STU_010255,67.79554324652148
STU_010256,61.58925907407757
STU_010257,75.22830950243375
STU_010258,80.30127242558196
STU_010259,80.41390815179712
STU_010260,66.43245347922226
STU_010261,63.5963352349312
STU_010262,57.10558225078974
STU_010263,55.56120310733986
STU_010264,100.0
STU_010265,67.60383554088935
STU_010266,77.78471693090763
STU_010267,62.61838805467377
STU_010268,84.0106891458679
STU_010269,76.52924111436232
STU_010270,91.97112309324608
STU_010271,84.79569122534119
STU_010272,63.14309202202274
STU_010273,80.54749579930366
STU_010274,60.15573835044768
STU_010275,86.12561985067575
STU_010276,64.37342782219437
STU_010277,82.60612469380962
STU_010278,85.51235764163283
STU_010279,67.44465878222852
STU_010280,67.2673350406661
STU_010281,59.07169473797826
STU_010282,64.09585471503539
STU_010283,80.3059139902233
STU_010284,67.22523514282572
STU_010285,57.30879778995661
STU_010286,75.9274110025168
STU_010287,89.53072558412538
STU_010288,62.77856293500424
STU_010289,54.06792695097914
STU_010290,79.8605663618664
STU_010291,51.13809119079451
STU_010292,83.72981818661233
STU_010293,67.51118896653296
STU_010294,59.63295192042068
STU_010295,68.90217014780612
STU_010296,83.96670834627172
STU_010297,84.68836709837572
STU_010298,94.05332407312642
STU_010299,92.93445122942542
STU_010300,60.31378553117289
STU_010301,79.81329902593379
STU_010302,86.39355682155892
STU_010303,75.25697021663197
STU_010304,61.894924808780246
STU_010305,85.25771036539008
STU_010306,64.55498801391082
STU_010307,72.01544982780054
STU_010308,74.85753450370453
STU_010309,71.02676928982139
STU_010310,58.32777804341339
STU_010311,65.84003654274011
STU_010312,79.63810223159777
STU_010313,75.75663630635772
STU_010314,84.56007905916987
STU_010315,87.12095796113067
STU_010316,88.13524981433167
STU_010317,87.74933408463419
STU_010318,73.82181228673531
STU_010319,89.73567604886001
STU_010320,93.73198158539529
STU_010321,68.6185321587432
STU_010322,93.61987900728704
STU_010323,71.11715654041544
STU_010324,91.98255000807853
STU_010325,94.48144280111754
STU_010326,82.16330219263483
STU_010327,66.63617286275333
STU_010328,82.6016901912335
STU_010329,89.02878125542682
STU_010330,82.5253643676764
STU_010331,97.56609825648201
STU_010332,63.86776920780087
STU_010333,100.0
STU_010334,71.72264979929066
STU_010335,96.05445011439834
STU_010336,57.970890457530075
STU_010337,64.17882200104269
STU_010338,73.03296487936096
STU_010339,76.89664822846515
STU_010340,64.92877563028784
STU_010341,97.80178177013683
STU_010342,61.50461614018416
STU_010343,62.58281847795486
STU_010344,74.20109270016972
STU_010345,81.79285963910077
STU_010346,83.86809573396545
STU_010347,53.08316145981893
STU_010348,58.786747816952975
STU_010349,84.77956806789679
STU_010350,83.33157645523713
STU_010351,72.73816647783073
STU_010352,70.41514423627217
STU_010353,93.6009673617318
STU_010354,71.46304140528184
STU_010355,74.96121929498665
STU_010356,86.00307038269926
STU_010357,91.37906188460445
STU_010358,75.43499101647338
STU_010359,61.50962573509409
STU_010360,68.25203374809018
STU_010361,98.82015988460503
STU_010362,76.46879134455682
STU_010363,76.28893350243405
STU_010364,96.64307140024539
STU_010365,87.28776845473823
STU_010366,96.48646157840663
STU_010367,71.94198056844195
STU_010368,66.95223876747693
STU_010369,88.75846094067722
STU_010370,82.70398123447029
STU_010371,68.54159456537533
STU_010372,78.04400846383348
STU_010373,70.38358688228992
STU_010374,78.09224912072156
STU_010375,95.24780592767014
STU_010376,54.02062736596949
STU_010377,78.24606376542006
STU_010378,76.88580450929501
STU_010379,67.96741331451334
STU_010380,67.53821121404229
STU_010381,65.63103826554945
STU_010382,91.60116681459425
STU_010383,80.82039921623512
STU_010384,88.16026009062513
STU_010385,78.9166964586272
STU_010386,62.91390369412675
STU_010387,61.480420278705296
STU_010388,95.86713834426241
STU_010389,68.21909526881437
STU_010390,58.7839181913778
STU_010391,61.81371558206001
STU_010392,76.40786566362283
STU_010393,81.7300822785357
STU_010394,76.17129004418096
STU_010395,73.49398242086966
STU_010396,82.25121342012851
STU_010397,87.86317664921809
STU_010398,89.43324372632905
STU_010399,60.375175967771035
STU_010400,72.93266139359127
STU_010401,49.62569337478862
STU_010402,77.29744956540742
STU_010403,76.31663371860975
STU_010404,87.66007777088535
STU_010405,79.24099190264144
STU_010406,73.45026489403384
STU_010407,93.05580414186633
STU_010408,66.51570924961342
STU_010409,94.19226329880405
STU_010410,66.39496670778888
STU_010411,88.45433037078635
STU_010412,96.5573755963774
STU_010413,83.6513064770742
STU_010414,89.78230606444217
STU_010415,87.99825819938928
STU_010416,81.73547721501231
STU_010417,98.17994516184069
STU_010418,72.7379048465503
STU_010419,88.99825776550233
STU_010420,85.65267241697805
STU_010421,80.85512409273956
STU_010422,78.57683700490162
STU_010423,73.56728558004923
STU_010424,56.10996397283103
STU_010425,60.112624504001644
STU_010426,76.19483582688636
STU_010427,61.823624074903826
STU_010428,75.02734758202536
STU_010429,54.956441180190005
STU_010430,81.96763274610909
STU_010431,51.104038600709714
STU_010432,71.098661796975
STU_010433,72.19787660297831
STU_010434,85.91525590690497
STU_010435,61.35120428769628
STU_010436,78.7889153826606
STU_010437,52.775442539794376
STU_010438,100.0
STU_010439,67.68919824631267
STU_010440,87.39908791205993
STU_010441,53.94305843638092
STU_010442,74.66767491922053
STU_010443,82.11097829254909
STU_010444,66.46732453830263
STU_010445,70.98952132333025
STU_010446,46.36219869269678
STU_010447,78.33940649967073
STU_010448,71.8733083036005
STU_010449,73.34178948943858
STU_010450,61.939188744497315
STU_010451,92.67323259144902
STU_010452,81.86966243485381
STU_010453,67.67827482351831
STU_010454,69.44914299967866
STU_010455,47.39746484048403
STU_010456,84.68438675110146
STU_010457,77.02400719315204
STU_010458,86.04627966135074
STU_010459,76.14336789034884
STU_010460,68.9565499689894
STU_010461,68.6498251626988
STU_010462,59.939393020840434
STU_010463,87.48107013770195
STU_010464,85.87730774324514
STU_010465,54.894020149013
STU_010466,66.75035312178157
STU_010467,78.71264568502303
STU_010468,74.97756246330928
STU_010469,76.49351552272503
STU_010470,69.14699687091448
STU_010471,96.89682847368584
STU_010472,55.27622390701199
STU_010473,83.61977663136844
STU_010474,81.17123519291717
STU_010475,77.88623705928256
STU_010476,62.513476704254956
STU_010477,72.80797012470283
STU_010478,94.54306400934067
STU_010479,63.13456099478254
STU_010480,68.99597071887622
STU_010481,61.70693468073566
STU_010482,73.04024855961607
STU_010483,89.97374802122388
STU_010484,77.89062432441801
STU_010485,49.346724763497804
STU_010486,73.06122372436661
STU_010487,94.20278474278601
STU_010488,82.5565308155764
STU_010489,83.39728919777136
STU_010490,80.93913711615858
STU_010491,73.93911448455538
STU_010492,73.61199092326257
STU_010493,73.71619938908144
STU_010494,59.39146187576141
STU_010495,42.277551574487326
STU_010496,96.60046681699279
STU_010497,62.68367545375804
STU_010498,71.48924056354033
STU_010499,64.36974882343574
STU_010500,70.55927020350344
STU_010501,77.58581699565109
STU_010502,68.55054948904878
STU_010503,77.33456242494155
STU_010504,66.96770407595425
STU_010505,63.45295742300681
STU_010506,86.16830761493623
STU_010507,65.422707386242
STU_010508,63.06166396752549
STU_010509,76.99970836038754
STU_010510,48.74031576775565
STU_010511,59.744502007563256
STU_010512,72.22898975784639
STU_010513,92.34122036999187
STU_010514,74.01444531257397
STU_010515,86.40192677275974
STU_010516,81.56237813317543
STU_010517,98.16150429111543
STU_010518,52.55597505979011
STU_010519,87.76769875320791
STU_010520,87.0354036462378
STU_010521,99.5854863366996
STU_010522,73.02759252767699
STU_010523,79.7484742606903
STU_010524,87.79982839845532
STU_010525,72.61576710908167
STU_010526,57.689405326635516
STU_010527,81.92584398776937
STU_010528,84.57911712403123
STU_010529,52.016996087071625
STU_010530,75.94640107989166
STU_010531,68.87497158980071
STU_010532,60.83627292945924
STU_010533,80.85749039827945
STU_010534,80.40671047834067
STU_010535,86.26737137748938
STU_010536,75.33032025987806
STU_010537,75.51135432705192
STU_010538,80.8358701784758
STU_010539,64.55436557639611
STU_010540,49.955052400547885
STU_010541,89.5429658404404
STU_010542,99.49677837480186
STU_010543,83.02173559691647
STU_010544,73.09191499610253
STU_010545,83.03990483412159
STU_010546,74.81171636623243
STU_010547,79.4750892058621
STU_010548,100.0
STU_010549,65.64407185456203
STU_010550,78.88684077164189
STU_010551,61.169324063029194
STU_010552,98.12268772628167
STU_010553,99.63461284475336
STU_010554,87.27536024667596
STU_010555,76.59145946934213
STU_010556,61.932341184092124
STU_010557,75.99753599794074
STU_010558,73.9543529950383
STU_010559,72.55479401180713
STU_010560,76.29333668521538
STU_010561,97.14665449330002
STU_010562,59.14483594688062
STU_010563,64.43954134308392
STU_010564,61.33088391110043
STU_010565,86.37800606682359
STU_010566,64.61544950892558
STU_010567,72.41317823606944
STU_010568,79.41705822575803
STU_010569,91.1291712931647
STU_010570,56.23158465449252
STU_010571,94.17920842556522
STU_010572,72.24960418156553
STU_010573,95.0281871340425
STU_010574,73.9110444267404
STU_010575,67.2988462487203
STU_010576,54.27837684731699
STU_010577,66.55008475851281
STU_010578,67.62155888142385
STU_010579,80.39485172355327
STU_010580,59.75767761054237
STU_010581,50.80792190773374
STU_010582,80.08387763570646
STU_010583,77.34813824528007
STU_010584,93.3648774450066
STU_010585,74.51291664023861
STU_010586,99.77166455697602
STU_010587,70.48033734007996
STU_010588,73.46880421655885
STU_010589,99.10932340441755
STU_010590,87.70041137943203
STU_010591,72.5567882533555
STU_010592,94.3121887678024
STU_010593,85.65368457027569
STU_010594,53.34187627479134
STU_010595,74.57747468508121
STU_010596,75.95846463918119
STU_010597,59.53333834611189
STU_010598,91.13335733239525
STU_010599,64.81405261062112
STU_010600,70.90993837011793
STU_010601,81.07558103146843
STU_010602,72.10971338646638
STU_010603,82.11957418685876
STU_010604,72.46314511549784
STU_010605,61.58919079201887
STU_010606,91.94655560900713
STU_010607,85.19047874465066
STU_010608,66.29839202113953
STU_010609,77.63951696934106
STU_010610,77.66269341138974
STU_010611,85.29668694817676
STU_010612,58.163543394043785
STU_010613,95.5586143746909
STU_010614,100.0
STU_010615,88.56013732598757
STU_010616,88.80590047590846
STU_010617,59.110934539856856
STU_010618,81.76702051457772
STU_010619,99.78225793205957
STU_010620,67.19351663625389
STU_010621,71.58557265468939
STU_010622,59.02926858553032
STU_010623,87.11938236814862
STU_010624,61.65212233211534
STU_010625,68.88521825357338
STU_010626,86.2097271562043
STU_010627,90.07699377169475
STU_010628,59.99079305604711
STU_010629,83.3501697675328
STU_010630,78.10019516639564
STU_010631,90.72119068264621
STU_010632,66.74853120675226
STU_010633,76.59048929543718
STU_010634,73.18868645641508
STU_010635,63.52869385593164
STU_010636,83.08229460624264
STU_010637,66.08282122400765
STU_010638,69.18024591874156
STU_010639,68.7638470279447
STU_010640,58.22445559881945
STU_010641,66.52532931035677
STU_010642,96.59507595863498
STU_010643,90.14477308203601
STU_010644,75.9206637065895
STU_010645,78.8838514428738
STU_010646,98.40120517260931
STU_010647,67.52679473645648
STU_010648,72.9612912582627
STU_010649,73.38973598601224
STU_010650,86.35143922699713
STU_010651,80.47358979076989
STU_010652,67.06776455542102
STU_010653,87.10798283781605
STU_010654,87.59597822807561
STU_010655,86.64431627766555
STU_010656,80.84191150550471
STU_010657,77.60532003542107
STU_010658,72.86938460769503
STU_010659,90.8627156929536
STU_010660,93.39822090896698
STU_010661,71.30591716345431
STU_010662,99.02179299261492
STU_010663,70.3489484835822
STU_010664,73.64468799912997
STU_010665,60.94730834764134
STU_010666,95.86834243608672
STU_010667,88.50843686381924
STU_010668,67.19216438364809
STU_010669,77.13137104346322
STU_010670,88.89427910524208
STU_010671,67.53451344581393
STU_010672,56.77661599013219
STU_010673,88.77192681618666
STU_010674,97.93736268650365
STU_010675,93.32018398684495
STU_010676,78.0068529550112
STU_010677,79.78007257791432
STU_010678,76.93301912796473
STU_010679,70.53723022919654
STU_010680,87.77926883956391
STU_010681,81.00576675408558
STU_010682,51.70945504744756
STU_010683,71.07571574713775
STU_010684,76.39341158839923
STU_010685,84.6249965218315
STU_010686,78.83157941498746
STU_010687,63.398703754412736
STU_010688,93.93431868519285
STU_010689,90.03083996303678
STU_010690,100.0
STU_010691,77.62648946738986
STU_010692,90.32645545100465
STU_010693,69.28941755968421
STU_010694,68.10855579779793
STU_010695,62.55590162028082
STU_010696,54.55243747185616
STU_010697,72.6395160001983
STU_010698,89.44157527018811
STU_010699,85.44708237830773
STU_010700,91.85466054980834
STU_010701,83.97688372223146
STU_010702,68.5711000928532
STU_010703,97.71328137496381
STU_010704,100.0
STU_010705,78.75245743000413
STU_010706,89.48795388308682
STU_010707,74.29940435518542
STU_010708,78.18371189282902
STU_010709,67.34149157263303
STU_010710,58.03256113017
STU_010711,98.05201759923382
STU_010712,53.94957156043648
STU_010713,90.50114114276653
STU_010714,64.08478758097311
STU_010715,81.46778560530237
STU_010716,54.67298957095688
STU_010717,82.95728835564795
STU_010718,80.08755781837367
STU_010719,84.42348482801876
STU_010720,51.032414344642724
STU_010721,68.73997777509126
STU_010722,100.0
STU_010723,71.73630650176793
STU_010724,81.06673434712535
STU_010725,66.98012833425838
STU_010726,65.54876860986496
STU_010727,55.550440088229045
STU_010728,71.27795491492505
STU_010729,91.97009697632778
STU_010730,94.76195583996639
STU_010731,67.51477641792894
STU_010732,74.40003100200302
STU_010733,97.35874000160402
STU_010734,83.10998944437863
STU_010735,72.65950881722264
STU_010736,68.35179228460527
STU_010737,69.00147917446014
STU_010738,68.63193286039562
STU_010739,71.07636120107271
STU_010740,66.77869613544662
STU_010741,81.52261824738328
STU_010742,66.93627724772006
STU_010743,96.08860133825823
STU_010744,75.55545028927665
STU_010745,63.30646740438647
STU_010746,70.57439838768491
STU_010747,87.50707923505873
STU_010748,73.85788567705148
STU_010749,89.54325846092622
STU_010750,78.65255977266466
STU_010751,73.02819334476689
STU_010752,68.04255227879192
STU_010753,75.54496408764518
STU_010754,85.85912714337732
STU_010755,63.38389522304487
STU_010756,88.95301504949924
STU_010757,58.709272082944985
STU_010758,80.97283302134372
STU_010759,92.50316720332712
STU_010760,81.25971865481395
STU_010761,74.21763411100197
STU_010762,74.61380098344569
STU_010763,64.00036915611506
STU_010764,55.736381600328386
STU_010765,80.9174710413861
STU_010766,62.09282712903192
STU_010767,69.64641764933413
STU_010768,55.030493528609156
STU_010769,90.37559081864403
STU_010770,68.71042770450867
STU_010771,48.81150284157966
STU_010772,68.23051530102215
STU_010773,85.96955811070723
STU_010774,87.11598906560424
STU_010775,93.0233958691307
STU_010776,44.147141957791014
STU_010777,78.39303564952051
STU_010778,56.177851814964725
STU_010779,61.840372951933034
STU_010780,82.24310809973252
STU_010781,79.24105841486485
STU_010782,83.19900772816423
STU_010783,51.17589534023833
STU_010784,68.82130493015603
STU_010785,82.77680046897055
STU_010786,80.83674776029116
STU_010787,71.6297415981683
STU_010788,69.47857761489553
STU_010789,99.9081144806235
STU_010790,62.65540454684701
STU_010791,59.22704564417403
STU_010792,94.12647911940236
STU_010793,84.85157967338586
STU_010794,59.830858216971635
STU_010795,82.04233835374922
STU_010796,77.55585022079246
STU_010797,57.521654800331405
STU_010798,63.142662103708744
STU_010799,83.38373948462657
STU_010800,64.08135649512295
STU_010801,65.71398058545036
STU_010802,82.9949480293254
STU_010803,74.27117712057498
STU_010804,54.58613503857828
STU_010805,72.86026799491324
STU_010806,84.12785819375333
STU_010807,93.80211765026466
STU_010808,70.87560461590813
STU_010809,100.0
STU_010810,85.01259417009479
STU_010811,75.51471233112957
STU_010812,86.23687331514748
STU_010813,94.14189951919354
STU_010814,68.64354103394496
STU_010815,90.59283618360952
STU_010816,100.0
STU_010817,85.53761352725603
STU_010818,85.80970874063429
STU_010819,82.26854471139363
STU_010820,95.6225623041167
STU_010821,98.21350933540508
STU_010822,63.72292117896782
STU_010823,91.06423604443376
STU_010824,89.4794132619217
STU_010825,82.74994657312969
STU_010826,82.62680219138865
STU_010827,61.07729809707977
STU_010828,69.4928027879011
STU_010829,71.80245788471811
STU_010830,75.18731709427274
STU_010831,89.06229452335694
STU_010832,95.884471958633
STU_010833,83.43255943556969
STU_010834,69.48135064864071
STU_010835,81.26666411678434
STU_010836,82.8290476158144
STU_010837,79.58997563138574
STU_010838,92.40574779110331
STU_010839,68.50133507607204
STU_010840,78.20621563716578
STU_010841,85.80913964611459
STU_010842,90.98717830739436
STU_010843,70.87212595894344
STU_010844,54.886411310295124
STU_010845,91.40918511038448
STU_010846,81.1565010736603
STU_010847,100.0
STU_010848,75.83753868607073
STU_010849,76.06384112877497
STU_010850,61.153226899924334
STU_010851,91.98387390968917
STU_010852,66.0365180945144
STU_010853,86.83306889554939
STU_010854,88.1637868897882
STU_010855,65.70846042245785
STU_010856,57.27947720496314
STU_010857,67.14124820435586
STU_010858,53.405740636951975
STU_010859,70.65311043455134
STU_010860,94.33125353793109
STU_010861,72.87881975961432
STU_010862,66.77808752702639
STU_010863,76.82548694834145
STU_010864,88.85284391964791
STU_010865,76.18353189094378
STU_010866,89.54711950161406
STU_010867,53.94443387224762
STU_010868,64.42659425812694
STU_010869,78.81285139859308
STU_010870,63.635008925484954
STU_010871,85.4166715039903
STU_010872,84.32830309671056
STU_010873,48.1369755457492
STU_010874,65.34935164384106
STU_010875,85.46580134027744
STU_010876,70.04019266171338
STU_010877,72.47027438279605
STU_010878,76.55277863710965
STU_010879,63.97604454742067
STU_010880,83.12243188319819
STU_010881,93.57220609500368
STU_010882,75.93484767696008
STU_010883,79.40456661207139
STU_010884,61.50505330815925
STU_010885,67.27699615426681
STU_010886,96.88266673341093
STU_010887,58.79989550422291
STU_010888,85.09265227017073
STU_010889,92.71852115782255
STU_010890,77.79267680458105
STU_010891,96.61656510721075
STU_010892,80.53063733259154
STU_010893,71.88420046518686
STU_010894,87.79434242469871
STU_010895,68.19261015001422
STU_010896,72.46569157628655
STU_010897,67.42848622811906
STU_010898,84.76505574858501
STU_010899,60.26942769372501
STU_010900,66.55010327821117
STU_010901,65.08815186109145
STU_010902,90.57940072165604
STU_010903,55.272338166009604
STU_010904,75.54759328934661
STU_010905,66.18617172291474
STU_010906,53.73094046431863
STU_010907,97.18832903101035
STU_010908,86.07310302598779
STU_010909,87.80563120095228
STU_010910,82.62599208719925
STU_010911,82.71906850346885
STU_010912,93.43224252819974
STU_010913,78.92128273269773
STU_010914,91.23532333474296
STU_010915,75.32368376144922
STU_010916,67.80230021836226
STU_010917,83.73193927798215
STU_010918,78.38335964904044
STU_010919,88.28858878999367
STU_010920,71.80346929358144
STU_010921,80.65253054584674
STU_010922,75.61522035589796
STU_010923,90.80095795173457
STU_010924,95.408180801699
STU_010925,66.17515963138425
STU_010926,93.5224627057468
STU_010927,63.615677246104916
STU_010928,74.52519712238646
STU_010929,70.21964878096568
STU_010930,92.68572785570377
STU_010931,72.65083998239675
STU_010932,86.35381169996423
STU_010933,76.67064591427336
STU_010934,86.65412639199988
STU_010935,72.46252017169
STU_010936,62.23038017710346
STU_010937,72.54234856767192
STU_010938,61.491511936398695
STU_010939,80.46548777202801
STU_010940,51.121964846820774
STU_010941,97.41032584513357
STU_010942,80.09953101049972
STU_010943,57.10251041839348
STU_010944,59.660315766269306
STU_010945,74.35735828739078
STU_010946,85.05858180096519
STU_010947,72.47140831575466
STU_010948,91.09081147675765
STU_010949,93.5900938867342
STU_010950,65.21996714869634
STU_010951,72.96760111606085
STU_010952,63.035878553133266
STU_010953,87.59584863493728
STU_010954,54.53605056769466
STU_010955,63.835866594072876
STU_010956,98.09496934002118
STU_010957,83.52642227342653
STU_010958,72.79824469467101
STU_010959,85.59867091418647
STU_010960,84.14536919209637
STU_010961,74.18420265823829
STU_010962,89.03738786526702
STU_010963,72.55609754201515
STU_010964,79.78938411671919
STU_010965,64.5359871904321
STU_010966,55.82933545384421
STU_010967,76.498193257236
STU_010968,66.95586594494237
STU_010969,57.134653761002056
STU_010970,86.91980005145074
STU_010971,71.59650701427668
STU_010972,74.61852950738452
STU_010973,73.98149936440406
STU_010974,64.14591328255624
STU_010975,76.40917566995815
STU_010976,82.10935644332226
STU_010977,86.83358595166956
STU_010978,99.2673454789145
STU_010979,74.91654447397748
STU_010980,79.64547350752176
STU_010981,87.4924652394323
STU_010982,70.71577208081084
STU_010983,70.252593633323
STU_010984,72.41847208603274
STU_010985,54.62169634677239
STU_010986,92.52193895880528
STU_010987,90.9852972224103
STU_010988,66.71646457511777
STU_010989,85.63560828356223
STU_010990,82.5630337301376
STU_010991,61.06786143543594
STU_010992,78.68861082401263
STU_010993,75.287154634521
STU_010994,84.03683746388225
STU_010995,100.0
STU_010996,58.19035117781486
STU_010997,70.91295914699072
STU_010998,70.97509809321792
STU_010999,69.34500995700455
STU_011000,77.49103522987198
STU_011001,60.56908875333582
STU_011002,81.05884407168276
STU_011003,64.06355830496778
STU_011004,80.66765674543596
STU_011005,70.98027902940716
STU_011006,82.6198505601009
STU_011007,67.49157100596807
STU_011008,82.86155020575445
STU_011009,98.54524172026677
STU_011010,96.00381340595048
STU_011011,64.85231924289711
STU_011012,81.84010548850081
STU_011013,56.3839293876656
STU_011014,63.002163129878205
STU_011015,92.15115838608921
STU_011016,62.77136193120877
STU_011017,80.61856550768705
STU_011018,86.42899893814199
STU_011019,63.53586828105304
STU_011020,91.5683167723245
STU_011021,67.2056510927226
STU_011022,86.52841021480887
STU_011023,75.99104083619255
STU_011024,78.71187517256018
STU_011025,66.16831170779044
STU_011026,76.82523839254773
STU_011027,72.82536730274052
STU_011028,90.18025797984583
STU_011029,81.31376822616045
STU_011030,63.80067933608092
STU_011031,60.542441870386796
STU_011032,63.172604930810024
STU_011033,58.798724254292296
STU_011034,71.90648720005044
STU_011035,85.96208244241552
STU_011036,95.34416691638272
STU_011037,93.87089969326118
STU_011038,82.34295354009816
STU_011039,58.09599845013832
STU_011040,76.82602893774687
STU_011041,57.74522029346362
STU_011042,64.74478936827911
STU_011043,67.38914704320923
STU_011044,62.657849235455465
STU_011045,95.0099538961927
STU_011046,79.82919239814859
STU_011047,82.1205115301378
STU_011048,65.86825804720874
STU_011049,83.05346251398774
STU_011050,77.16617360457846
STU_011051,88.28344228014893
STU_011052,100.0
STU_011053,51.3197935650863
STU_011054,71.08301599242915
STU_011055,63.76581374374263
STU_011056,57.98547464639598
STU_011057,90.41412890888279
STU_011058,100.0
STU_011059,100.0
STU_011060,69.89931681008602
STU_011061,64.00985397762602
STU_011062,63.78788320219695
STU_011063,86.85600307085282
STU_011064,71.20425813286036
STU_011065,74.0698853460917
STU_011066,73.46645210619863
STU_011067,88.09957049353065
STU_011068,94.39680837407653
STU_011069,93.08052953638781
STU_011070,69.66920690755559
STU_011071,89.66406793174072
STU_011072,93.8761913900008
STU_011073,75.73386174895538
STU_011074,89.76068647640076
STU_011075,71.38710605411885
STU_011076,97.83357364856072
STU_011077,75.4300236532812
STU_011078,71.46597657337031
STU_011079,66.35148507481418
STU_011080,61.1409422435853
STU_011081,86.7382740366858
STU_011082,54.1702498132052
STU_011083,90.186897742466
STU_011084,73.32103040997774
STU_011085,88.90041106216628
STU_011086,64.64743334464
STU_011087,78.90108621785106
STU_011088,75.11626059421482
STU_011089,87.52490306209451
STU_011090,88.14071384116576
STU_011091,81.03761179315032
STU_011092,65.22768259427171
STU_011093,79.42079503438708
STU_011094,59.11659138864909
STU_011095,80.61510702899794
STU_011096,62.7036535476334
STU_011097,90.6811748539993
STU_011098,87.175072870884
STU_011099,86.34465012735932
STU_011100,60.7103185368145
STU_011101,60.88753330709547
STU_011102,79.26965849923462
STU_011103,67.11451039953197
STU_011104,94.47834632462525
STU_011105,77.37387346512482
STU_011106,84.37810336504279
STU_011107,58.36087714508896
STU_011108,84.63995858362519
STU_011109,94.64815546272092
STU_011110,98.74620302202176
STU_011111,79.93495440061479
STU_011112,77.10620257961483
STU_011113,84.69363798916989
STU_011114,87.87999184938428
STU_011115,92.5847042445412
STU_011116,84.36700828317333
STU_011117,68.58771162327825
STU_011118,72.52574237838964
STU_011119,78.49031575413363
STU_011120,79.24575058508084
STU_011121,71.31330369840578
STU_011122,62.20530401362524
STU_011123,98.34400273951383
STU_011124,63.45950930165776
STU_011125,100.0
STU_011126,87.01391961568578
STU_011127,77.51864148626643
STU_011128,69.25537918595188
STU_011129,84.99664093675725
STU_011130,61.12238421494422
STU_011131,85.16254612417752
STU_011132,71.87080185830419
STU_011133,80.42327263687432
STU_011134,55.45151253034798
STU_011135,53.58329761617622
STU_011136,92.53248135040411
STU_011137,78.04176205925268
STU_011138,100.0
STU_011139,72.33014566963708
STU_011140,82.7493234697391
STU_011141,53.24205286185521
STU_011142,92.31890510953428
STU_011143,84.71890349952669
STU_011144,68.80050270922845
STU_011145,62.519917930645214
STU_011146,67.58810043755525
STU_011147,91.22334834167083
STU_011148,91.04298856407223
STU_011149,86.87357150004502
STU_011150,80.63382177610401
STU_011151,96.06114754662173
STU_011152,62.08370055686716
STU_011153,75.43660540132446
STU_011154,75.0236218291165
STU_011155,69.70124179675344
STU_011156,80.65263968218228
STU_011157,57.17035222999489
STU_011158,69.6593780746645
STU_011159,68.86847495072068
STU_011160,56.46420425342537
STU_011161,92.86400314334509
STU_011162,70.60119119499049
STU_011163,71.617184649857
STU_011164,85.23648683738404
STU_011165,78.70269879157183
STU_011166,75.79675200468272
STU_011167,68.34658790583751
STU_011168,81.98133287080765
STU_011169,88.68208412189898
STU_011170,64.17946905841703
STU_011171,71.31249810447962
STU_011172,98.03633986356549
STU_011173,92.7107918230089
STU_011174,73.56176665350911
STU_011175,63.411285932311685
STU_011176,78.8424954491615
STU_011177,75.66113091014458
STU_011178,85.77502963227695
STU_011179,86.76259105193814
STU_011180,70.69808895835335
STU_011181,79.75782092484042
STU_011182,91.62275713813466
STU_011183,58.00687680079599
STU_011184,78.39843857812815
STU_011185,78.17462679419941
STU_011186,48.65097120976023
STU_011187,86.8951464659784
STU_011188,74.8223090766341
STU_011189,49.736187212676654
STU_011190,80.62780150954238
STU_011191,96.27162242044528
STU_011192,80.48318123769263
STU_011193,72.49878607246312
STU_011194,86.47554045727776
STU_011195,79.75717200989244
STU_011196,89.1717972100924
STU_011197,98.99684553246318
STU_011198,77.95457579713239
STU_011199,89.44806633961907
STU_011200,75.47281739726203
STU_011201,50.673888055527904
STU_011202,62.135838808644465
STU_011203,81.96317624703119
STU_011204,89.87099605709298
STU_011205,85.93202553257959
STU_011206,84.12167844826146
STU_011207,61.76789522669608
STU_011208,72.5309970376668
STU_011209,76.33398625527767
STU_011210,72.22424864854521
STU_011211,77.11592293246196
STU_011212,73.27058284602643
STU_011213,86.37185092466319
STU_011214,56.988817262859165
STU_011215,92.63002058356531
STU_011216,62.211799089220314
STU_011217,100.0
STU_011218,64.43678775293353
STU_011219,84.59728972920652
STU_011220,67.77713722728433
STU_011221,80.92355856616726
STU_011222,87.5551038721218
STU_011223,66.71975768454384
STU_011224,99.52918001393508
STU_011225,50.98508722145019
STU_011226,83.34092929489665
STU_011227,61.95487840503792
STU_011228,95.46570301879922
STU_011229,80.19634189703834
STU_011230,82.97365118245189
STU_011231,92.66855055233378
STU_011232,85.61424996909122
STU_011233,71.04186636918132
STU_011234,75.06760113541867
STU_011235,97.24778811269043
STU_011236,65.29162035372167
STU_011237,63.03735318748248
STU_011238,65.78322810019576
STU_011239,79.94649982261176
STU_011240,85.3642394582051
STU_011241,98.04443430406667
STU_011242,63.058693009939844
STU_011243,65.15244389539814
STU_011244,55.37767509946096
STU_011245,70.99069076232334
STU_011246,75.63761544683496
STU_011247,84.16257502829777
STU_011248,72.04554428856099
STU_011249,70.2059368316125
STU_011250,70.45540159122976
STU_011251,75.8224838983028
STU_011252,76.0222917056879
STU_011253,76.4393953776109
STU_011254,96.24874425479827
STU_011255,86.80997072020338
STU_011256,76.01070276483586
STU_011257,51.75431152482478
STU_011258,81.46406745970171
STU_011259,76.54245901515097
STU_011260,100.0
STU_011261,67.91953921372618
STU_011262,88.13960932554903
STU_011263,55.42760521859137
STU_011264,48.25155154689618
STU_011265,76.28977731912964
STU_011266,79.159993671927
STU_011267,88.04361658003742
STU_011268,68.38604598450033
STU_011269,85.58786623892811
STU_011270,74.56143348426437
STU_011271,77.9602631983214
STU_011272,89.13350501993011
STU_011273,74.06099421704216
STU_011274,84.10231572729346
STU_011275,72.75493270833206
STU_011276,83.34112831150775
STU_011277,76.4813381803258
STU_011278,70.52891079813676
STU_011279,99.28096452124387
STU_011280,79.15702004831095
STU_011281,70.40904665430932
STU_011282,87.71900567337936
STU_011283,78.70470318299883
STU_011284,59.43268696008427
STU_011285,93.66786255467203
STU_011286,80.41352345909947
STU_011287,77.6829029076826
STU_011288,68.81742909993852
STU_011289,67.68799709830418
STU_011290,67.42210177144355
STU_011291,85.60221401301125
STU_011292,46.96396709530998
STU_011293,87.57579324152641
STU_011294,71.10201231932928
STU_011295,80.17996887993436
STU_011296,95.53027206220719
STU_011297,71.03857764263581
STU_011298,57.172249506955424
STU_011299,85.31063789645879
STU_011300,90.61909476011579
STU_011301,100.0
STU_011302,70.88502019733949
STU_011303,79.5997880800663
STU_011304,85.38514805349311
STU_011305,70.58255598485505
STU_011306,75.64208098373987
STU_011307,64.48534949525344
STU_011308,53.5464361830226
STU_011309,78.86783109968198
STU_011310,51.15456727813001
STU_011311,80.07253586891723
STU_011312,68.86679074279701
STU_011313,84.84004819866212
STU_011314,61.29493425265959
STU_011315,80.22432253441649
STU_011316,61.681370316807225
STU_011317,75.23472300069105
STU_011318,60.607525694481474
STU_011319,86.45625821414524
STU_011320,59.21012507651271
STU_011321,89.70380367654012
STU_011322,62.096971282414145
STU_011323,51.0907477931101
STU_011324,60.90290100884788
STU_011325,59.64627091421156
STU_011326,77.93720666914072
STU_011327,79.21028553019582
STU_011328,86.75685188691978
STU_011329,60.27633171017986
STU_011330,53.190842125948095
STU_011331,61.43603311940096
STU_011332,88.1438009291343
STU_011333,65.67021460716323
STU_011334,85.48227792309692
STU_011335,69.81251428077488
STU_011336,59.680329251441606
STU_011337,78.84585597052836
STU_011338,93.2335600820021
STU_011339,74.54226422579765
STU_011340,73.66238630022892
STU_011341,99.3113126444515
STU_011342,82.85950244600451
STU_011343,84.74294783481105
STU_011344,45.83052561659924
STU_011345,68.65152142933186
STU_011346,71.5328436161739
STU_011347,98.09267687072992
STU_011348,77.77991315207784
STU_011349,100.0
STU_011350,67.62610488525576
STU_011351,74.68735543615333
STU_011352,85.37680095108443
STU_011353,69.15390710017519
STU_011354,91.94905629877732
STU_011355,68.42719008490761
STU_011356,82.99646134927593
STU_011357,68.40189780494566
STU_011358,94.07672751558064
STU_011359,100.0
STU_011360,100.0
STU_011361,66.34784585575935
STU_011362,76.94802940128092
STU_011363,99.95034274409974
STU_011364,87.57336658682595
STU_011365,65.92051334935164
STU_011366,86.50640355154565
STU_011367,71.99949547036155
STU_011368,83.53173485034819
STU_011369,71.54570899431076
STU_011370,79.42688904887096
STU_011371,69.71756587869493
STU_011372,94.05965956796814
STU_011373,62.26995979002382
STU_011374,72.82557851695415
STU_011375,87.46330484075175
STU_011376,53.39506083108319
STU_011377,100.0
STU_011378,88.49691357753636
STU_011379,83.7750688139756
STU_011380,73.72808723297655
STU_011381,63.31034418719824
STU_011382,79.16307832256992
STU_011383,93.85426896817421
STU_011384,66.20022975753353
STU_011385,82.04920766079127
STU_011386,72.34076852417897
STU_011387,61.33907330542627
STU_011388,62.33862112565325
STU_011389,59.06538089187731
STU_011390,90.22239297821726
STU_011391,61.99065273249374
STU_011392,71.4137762078918
STU_011393,75.86824536376199
STU_011394,83.16547664060444
STU_011395,83.48055264388026
STU_011396,88.75668811072093
STU_011397,67.78217606321238
STU_011398,100.0
STU_011399,70.5519314201781
STU_011400,73.46819303806595
STU_011401,72.60093797252881
STU_011402,75.13801248122908
STU_011403,77.83534997722577
STU_011404,100.0
STU_011405,79.64359517189624
STU_011406,84.8709253454131
STU_011407,95.87859889499816
STU_011408,75.04426347315126
STU_011409,86.81051357225714
STU_011410,69.30277027067517
STU_011411,92.8475206843333
STU_011412,76.67000064284397
STU_011413,62.96551568744532
STU_011414,90.19097276220435
STU_011415,76.02616621386105
STU_011416,95.78206622612535
STU_011417,78.94767225709285
STU_011418,63.00929864397935
STU_011419,74.51321053110058
STU_011420,90.1766664965639
STU_011421,90.52144824167797
STU_011422,74.54141451585812
STU_011423,66.13059729967931
STU_011424,70.75833002209518
STU_011425,69.9786328410363
STU_011426,99.39140857029977
STU_011427,67.21382291080047
STU_011428,93.15021809050474
STU_011429,76.2094511626543
STU_011430,74.64797565612407
STU_011431,77.33123050012179
STU_011432,67.25095768253607
STU_011433,94.12746944095822
STU_011434,95.08649255077083
STU_011435,76.99736992308175
STU_011436,87.52745595813798
STU_011437,63.346329892441744
STU_011438,69.23715799168743
STU_011439,73.23979983417091
STU_011440,69.08435756622147
STU_011441,81.46523812130908
STU_011442,74.6394823760021
STU_011443,68.13506248055928
STU_011444,76.68298723094335
STU_011445,70.10489451689087
STU_011446,56.9508980150648
STU_011447,88.88254605216164
STU_011448,64.1104548924587
STU_011449,71.64154102732965
STU_011450,77.86186955141577
STU_011451,80.31615693320967
STU_011452,68.94477253194142
STU_011453,73.55808799413634
STU_011454,64.151647033033
STU_011455,53.49743105607492
STU_011456,91.35647002730202
STU_011457,69.5996828331213
STU_011458,99.98116689496175
STU_011459,73.32786713438689
STU_011460,84.65391146882958
STU_011461,79.40827152132158
STU_011462,81.73348158329063
STU_011463,82.78768229531167
STU_011464,78.41825519615186
STU_011465,68.73420115841455
STU_011466,85.56627737698996
STU_011467,72.10236258271672
STU_011468,67.16420412222345
STU_011469,70.62337467213653
STU_011470,95.44453356605449
STU_011471,59.78955010445625
STU_011472,68.42378761882023
STU_011473,78.49401818767959
STU_011474,89.11207373968651
STU_011475,86.58648594019064
STU_011476,90.5552890907368
STU_011477,100.0
STU_011478,49.8983097599962
STU_011479,65.95628185320624
STU_011480,100.0
STU_011481,69.91487219738092
STU_011482,58.987427868095494
STU_011483,95.96739276627949
STU_011484,76.18266462847969
STU_011485,78.56352781841397
STU_011486,61.69097082746336
STU_011487,82.31690486736309
STU_011488,74.69103103874255
STU_011489,69.2299235266516
STU_011490,80.21751442451051
STU_011491,60.08184762440879
STU_011492,79.55973634459984
STU_011493,96.53571487428549
STU_011494,83.971997993706
STU_011495,85.2399931770058
STU_011496,95.55671195458851
STU_011497,72.41601906513489
STU_011498,75.27343407584917
STU_011499,81.42652006802979
STU_011500,74.84827697660748
STU_011501,65.02490986556475
STU_011502,51.101592095821616
STU_011503,88.82867327616918
STU_011504,62.39009000190854
STU_011505,70.2129383193483
STU_011506,57.00055660665144
STU_011507,67.89490132752331
STU_011508,84.35877125325268
STU_011509,68.81671323092601
STU_011510,80.00635602868735
STU_011511,97.14315658171739
STU_011512,52.4203641863174
STU_011513,81.57665099015865
STU_011514,78.19682412638068
STU_011515,68.23895652021058
STU_011516,83.32511275693506
STU_011517,84.88361598551037
STU_011518,98.67835748216699
STU_011519,61.00285179165931
STU_011520,48.72861134019114
STU_011521,50.0704746572636
STU_011522,100.0
STU_011523,75.85064714674361
STU_011524,85.9363460075379
STU_011525,99.70656761702222
STU_011526,81.21289720021585
STU_011527,87.72220583258249
STU_011528,87.47610813164988
STU_011529,80.34395492298485
STU_011530,62.61631150094304
STU_011531,80.26738792261371
STU_011532,73.30559261545372
STU_011533,76.82702762773967
STU_011534,75.41714504843043
STU_011535,67.01028177567557
STU_011536,62.25877861669211
STU_011537,55.47745206182616
STU_011538,70.94139763736764
STU_011539,72.77898153350725
STU_011540,77.91836409953434
STU_011541,83.18471075293394
STU_011542,64.01133002568854
STU_011543,82.8787891134836
STU_011544,84.48708716158366
STU_011545,91.41340176209276
STU_011546,61.59121014403343
STU_011547,89.92620705890363
STU_011548,82.35111898933742
STU_011549,63.84601308140781
STU_011550,84.37553714590852
STU_011551,71.60149812200459
STU_011552,56.7197277136998
STU_011553,73.64258807238772
STU_011554,80.16190309761635
STU_011555,83.50149643501801
STU_011556,100.0
STU_011557,66.03937483492163
STU_011558,100.0
STU_011559,91.3602144946893
STU_011560,98.6667752362366
STU_011561,70.65108787454767
STU_011562,100.0
STU_011563,95.21296972216246
STU_011564,60.3251644841846
STU_011565,73.3115913948124
STU_011566,70.60231373151726
STU_011567,64.55058902667392
STU_011568,58.00135443728853
STU_011569,76.26871345757584
STU_011570,99.70673490646436
STU_011571,77.87052446182294
STU_011572,89.78568017936414
STU_011573,73.8058231281273
STU_011574,68.38575945019798
STU_011575,71.12165977921414
STU_011576,78.48431235742989
STU_011577,63.4024770458435
STU_011578,70.0886578330451
STU_011579,70.90489391970796
STU_011580,89.56675098017205
STU_011581,63.480679673689906
STU_011582,85.88902225967702
STU_011583,65.90618918073339
STU_011584,87.78877366797431
STU_011585,84.60297349577286
STU_011586,81.36506198946402
STU_011587,93.32795596686749
STU_011588,90.32903378320896
STU_011589,86.32897328354508
STU_011590,68.84040915687929
STU_011591,61.18853156070512
STU_011592,91.02101095438636
STU_011593,76.76270129038537
STU_011594,94.81718643757625
STU_011595,88.80922054817177
STU_011596,81.5737827624747
STU_011597,68.2500386734675
STU_011598,78.408651335712
STU_011599,62.41648810854416
STU_011600,60.00160180841148
STU_011601,72.44041254492072
STU_011602,88.79783639089214
STU_011603,63.2247542235258
STU_011604,84.06846876314138
STU_011605,84.75828174904511
STU_011606,65.04296779537296
STU_011607,93.88331168015664
STU_011608,88.65420687951723
STU_011609,66.75172348566144
STU_011610,81.70871159698365
STU_011611,57.704663976562514
STU_011612,80.26947210612042
STU_011613,69.34657797275925
STU_011614,59.68365400980314
STU_011615,87.36485155057748
STU_011616,91.06034944863141
STU_011617,68.10869561052166
STU_011618,68.79695821592179
STU_011619,77.83279961839749
STU_011620,64.93965332800437
STU_011621,72.99713701512222
STU_011622,73.88837699491347
STU_011623,54.812666527371086
STU_011624,86.41599876808573
STU_011625,98.97370323442487
STU_011626,76.57426360777842
STU_011627,67.92621027869686
STU_011628,65.61980455879312
STU_011629,68.45726212335865
STU_011630,94.27424567730488
STU_011631,53.50958041711644
STU_011632,61.179867996883786
STU_011633,100.0
STU_011634,49.41959940851319
STU_011635,93.8912295440384
STU_011636,63.66259139865414
STU_011637,75.08245482056638
STU_011638,82.94678016003395
STU_011639,90.86330934855087
STU_011640,84.46994977872117
STU_011641,78.23894422706661
STU_011642,76.72472911510849
STU_011643,62.99719739212923
STU_011644,90.63063203265763
STU_011645,98.2306369357373
STU_011646,76.97407995908829
STU_011647,77.58643305917434
STU_011648,80.32309727343718
STU_011649,81.75275559845679
STU_011650,84.57321759802345
STU_011651,65.74190445339681
STU_011652,57.4964239954365
STU_011653,100.0
STU_011654,65.55100574122619
STU_011655,71.02894794436087
STU_011656,63.736626163839674
STU_011657,39.744752036939076
STU_011658,100.0
STU_011659,63.17603435800956
STU_011660,84.72995048644844
STU_011661,99.75971192023067
STU_011662,84.7394492239331
STU_011663,93.93206254213386
STU_011664,88.69410632571959
STU_011665,66.14718178288206
STU_011666,73.0945387713202
STU_011667,61.6999145694071
STU_011668,77.68488329347912
STU_011669,63.876631741841166
STU_011670,91.05466652825369
STU_011671,75.02073494208271
STU_011672,89.50419111135226
STU_011673,73.70634644091672
STU_011674,65.55210065870293
STU_011675,86.353013571623
STU_011676,72.40987878367297
STU_011677,78.53072238484812
STU_011678,52.30541186208326
STU_011679,94.8796564945581
STU_011680,89.7304986575918
STU_011681,95.8816536161179
STU_011682,45.88071648726224
STU_011683,73.49510950435247
STU_011684,61.72941072885367
STU_011685,60.7463768321003
STU_011686,74.48753536313463
STU_011687,87.22158755766603
STU_011688,86.6469730635513
STU_011689,68.97525872441449
STU_011690,71.31609898951659
STU_011691,98.03123200202121
STU_011692,79.10303412743362
STU_011693,87.74246363374655
STU_011694,91.50782159640721
STU_011695,92.58969250332834
STU_011696,92.8796958643468
STU_011697,67.3519234122866
STU_011698,68.48838259472795
STU_011699,81.41305027702558
STU_011700,66.60771582247011
STU_011701,74.33023562253763
STU_011702,84.47723218281705
STU_011703,89.62385466762181
STU_011704,78.7057860971895
STU_011705,77.86249068490535
STU_011706,86.83290030009269
STU_011707,68.84785232681786
STU_011708,74.45321145607261
STU_011709,86.03066482351986
STU_011710,82.55417599869875
STU_011711,83.23179540535031
STU_011712,58.80700396222886
STU_011713,95.95718425768439
STU_011714,75.88675054951754
STU_011715,84.40111441000755
STU_011716,85.44328712811364
STU_011717,70.03882953455526
STU_011718,87.44217923538245
STU_011719,77.10968634834806
STU_011720,99.57107441002515
STU_011721,66.45777783820235
STU_011722,67.77860251291766
STU_011723,71.06985187854818
STU_011724,94.01416573868735
STU_011725,78.73434673811177
STU_011726,52.577373185672975
STU_011727,59.13956334151923
STU_011728,56.04400043300821
STU_011729,81.0952380512554
STU_011730,74.03786912730911
STU_011731,95.55281073590403
STU_011732,85.21264156131666
STU_011733,79.32832399474592
STU_011734,89.4774583314074
STU_011735,75.24397230326251
STU_011736,67.66383504601518
STU_011737,71.81213033378437
STU_011738,88.23604527553093
STU_011739,91.454790393547
STU_011740,84.65206648729814
STU_011741,77.46541115928845
STU_011742,62.84969814512087
STU_011743,58.596817197882146
STU_011744,72.23046287873497
STU_011745,63.466831122965814
STU_011746,70.83656370442212
STU_011747,83.74029039410375
STU_011748,73.83624837205276
STU_011749,75.37186397015364
STU_011750,96.23156269708575
STU_011751,69.08464419499751
STU_011752,63.746176351172714
STU_011753,50.55439764030946
STU_011754,78.46584464246526
STU_011755,77.44060266155768
STU_011756,86.40674952653596
STU_011757,78.73885566610365
STU_011758,96.13463078901637
STU_011759,71.0055768291291
STU_011760,86.5102861974663
STU_011761,88.15347420960653
STU_011762,76.57555606051729
STU_011763,80.71293016635752
STU_011764,65.3693791470775
STU_011765,80.2527208690047
STU_011766,49.77268814877023
STU_011767,60.07756564372616
STU_011768,87.92667736256168
STU_011769,58.303806493669974
STU_011770,96.38470657448687
STU_011771,66.56311645671872
STU_011772,65.83136141096628
STU_011773,64.17466761034471
STU_011774,62.15905489817125
STU_011775,76.67897526355173
STU_011776,68.54873420209891
STU_011777,69.96650954210581
STU_011778,91.6601735059897
STU_011779,79.20896033455253
STU_011780,70.88965669621261
STU_011781,61.04478852549859
STU_011782,87.07830319045964
STU_011783,72.09416662562754
STU_011784,73.66477820575726
STU_011785,65.42770919748831
STU_011786,80.75604489441585
STU_011787,68.80693377713393
STU_011788,70.47034711408983
STU_011789,60.47029807083807
STU_011790,81.86328668140553
STU_011791,91.35169442916018
STU_011792,78.81518209212096
STU_011793,62.93327971386255
STU_011794,57.64732523315561
STU_011795,62.92123102359362
STU_011796,99.69049700604826
STU_011797,66.60205005013522
STU_011798,66.42281915611457
STU_011799,100.0
STU_011800,69.22150813522268
STU_011801,86.40364297624114
STU_011802,88.69876716495423
STU_011803,75.4011100885851
STU_011804,74.37009595619065
STU_011805,67.69841498352682
STU_011806,67.31596658314166
STU_011807,81.48242978316296
STU_011808,87.55623268889502
STU_011809,87.61125581957472
STU_011810,89.09912862037746
STU_011811,91.04013908792656
STU_011812,69.40638666986058
STU_011813,72.22931509480601
STU_011814,90.75939014470532
STU_011815,69.7813805859877
STU_011816,81.94073494345824
STU_011817,95.96184226275196
STU_011818,76.09352463667821
STU_011819,74.29812969342484
STU_011820,75.12926757514629
STU_011821,73.00043866715345
STU_011822,99.25761864797443
STU_011823,72.60201003708927
STU_011824,71.10927441547217
STU_011825,82.38060579668351
STU_011826,71.15882071154878
STU_011827,73.26259729596353
STU_011828,73.0182200636323
STU_011829,71.87038346898868
STU_011830,67.84574310808121
STU_011831,65.37788759499351
STU_011832,66.99917402168853
STU_011833,62.76868337600482
STU_011834,62.034132661818774
STU_011835,78.16956628448645
STU_011836,75.83194035423692
STU_011837,72.48946666582573
STU_011838,68.77707642329656
STU_011839,88.97640495882987
STU_011840,84.11641865213791
STU_011841,80.91333179296188
STU_011842,61.60182850352148
STU_011843,57.32156703963613
STU_011844,86.47475651418446
STU_011845,68.94924256721958
STU_011846,92.4605446812444
STU_011847,74.57152027519791
STU_011848,98.50883862983608
STU_011849,75.52091963001959
STU_011850,68.604923743192
STU_011851,94.3033459930958
STU_011852,91.1970280198693
STU_011853,83.73456860312079
STU_011854,80.80813282062698
STU_011855,90.0010972258346
STU_011856,81.56055681533464
STU_011857,79.30869800650338
STU_011858,81.9076888010746
STU_011859,70.5972836092124
STU_011860,71.20058418080254
STU_011861,65.3103220302448
STU_011862,70.34844528241722
STU_011863,97.28424034847131
STU_011864,52.802957626474026
STU_011865,83.45715434268043
STU_011866,60.10787063486961
STU_011867,86.61459468716635
STU_011868,82.1581358882602
STU_011869,77.86550660798966
STU_011870,86.8733528778727
STU_011871,64.76429888977434
STU_011872,66.01301406224997
STU_011873,81.52455559166235
STU_011874,66.11186137338449
STU_011875,60.54611652246465
STU_011876,66.4486030588837
STU_011877,93.18601039054742
STU_011878,59.398326750845584
STU_011879,79.72185184968792
STU_011880,59.756654502780265
STU_011881,57.14976920123475
STU_011882,83.01818709766542
STU_011883,60.770470090431886
STU_011884,66.18396567770581
STU_011885,58.64780834721726
STU_011886,74.52437694502558
STU_011887,75.78762110135756
STU_011888,75.57512376661009
STU_011889,44.04928507897575
STU_011890,58.40160056053516
STU_011891,83.63982459441648
STU_011892,100.0
STU_011893,88.98011394893643
STU_011894,73.76317533463455
STU_011895,91.37141837151037
STU_011896,58.365396823437784
STU_011897,66.06191648374023
STU_011898,100.0
STU_011899,56.64243135021817
STU_011900,77.51224662794358
STU_011901,77.63828025606668
STU_011902,52.02051433043946
STU_011903,74.11488212042784
STU_011904,77.61876590144658
STU_011905,70.7838984469676
STU_011906,81.43554036275823
STU_011907,86.70609143466947
STU_011908,92.92618449440583
STU_011909,50.245988139057665
STU_011910,85.99711226812659
STU_011911,71.03416719951778
STU_011912,89.11917112078606
STU_011913,73.59014924760466
STU_011914,92.55043580531284
STU_011915,85.26842243985207
STU_011916,72.0566094807217
STU_011917,87.34487545968065
STU_011918,79.98674810450939
STU_011919,100.0
STU_011920,74.33692149395665
STU_011921,67.68587662707634
STU_011922,78.2277353694869
STU_011923,62.24768886285162
STU_011924,69.81949143952902
STU_011925,39.17031287553142
STU_011926,71.37304725178527
STU_011927,70.84219675293853
STU_011928,71.28648242585199
STU_011929,77.94540895030678
STU_011930,84.73242789704541
STU_011931,90.11456066587493
STU_011932,66.12187381291449
STU_011933,54.777849158102434
STU_011934,82.46775072634864
STU_011935,54.86658506981813
STU_011936,90.4970693212787
STU_011937,69.56125576906668
STU_011938,57.201548532908504
STU_011939,92.43124701369733
STU_011940,79.86435059970124
STU_011941,80.51261574520996
STU_011942,90.4241337251432
STU_011943,71.75987867848625
STU_011944,66.91069449924282
STU_011945,76.40313935750046
STU_011946,97.83364277563113
STU_011947,83.92902947390986
STU_011948,63.06541349532958
STU_011949,79.88558218280279
STU_011950,75.76112724237808
STU_011951,93.03597807259092
STU_011952,68.06241252860144
STU_011953,53.25448748940247
STU_011954,92.72896205590615
STU_011955,60.77820852080123
STU_011956,92.90430028616109
STU_011957,62.35733446088023
STU_011958,95.3722659857046
STU_011959,75.95196445872351
STU_011960,90.16465635893654
STU_011961,92.1499579449012
STU_011962,76.5791959950433
STU_011963,88.90226648544099
STU_011964,73.38271321489052
STU_011965,79.44229381706923
STU_011966,94.00692838582836
STU_011967,55.011949164341154
STU_011968,89.40413800549933
STU_011969,56.30579753555695
STU_011970,84.09322405006245
STU_011971,51.81835564722815
STU_011972,90.77682123498062
STU_011973,68.3917113995159
STU_011974,97.64850443660666
STU_011975,74.62530234338423
STU_011976,65.79186439990234
STU_011977,84.57662836370761
STU_011978,65.73472701025905
STU_011979,78.19444536016206
STU_011980,76.77435459934487
STU_011981,81.25275857196289
STU_011982,96.51477005060407
STU_011983,68.639398217167
STU_011984,82.3658406539262
STU_011985,77.52752664067398
STU_011986,70.08757940605462
STU_011987,57.941945851630834
STU_011988,78.91115539346458
STU_011989,71.54444286945532
STU_011990,91.0232569884755
STU_011991,64.22960731974557
STU_011992,42.891638451616274
STU_011993,71.35671772491416
STU_011994,62.773759336139435
STU_011995,70.65946355957064
STU_011996,72.99815280570552
STU_011997,89.95333295908266
STU_011998,92.74973212038014
STU_011999,99.74207855645933
STU_012000,86.88385124772788
STU_012001,86.28218194454688
STU_012002,71.03594039364651
STU_012003,76.677146389462
STU_012004,70.2737641037438
STU_012005,78.39742920420949
STU_012006,91.70194856648983
STU_012007,64.64735144193399
STU_012008,77.18533019611792
STU_012009,70.70576803151894
STU_012010,44.06576591895791
STU_012011,61.88959944873697
STU_012012,72.85430327267939
STU_012013,69.38021114198222
STU_012014,52.38880104686467
STU_012015,69.3516191646149
STU_012016,51.98549688142322
STU_012017,76.59482854942802
STU_012018,85.97725564156441
STU_012019,92.26997846189177
STU_012020,58.94403551075026
STU_012021,62.58693185091757
STU_012022,70.6919114321714
STU_012023,75.99388663821621
STU_012024,96.4864594637697
STU_012025,87.86183407876247
STU_012026,72.28196296367246
STU_012027,92.72424445232492
STU_012028,92.16922620141048
STU_012029,62.362454064794775
STU_012030,86.58952346581259
STU_012031,92.41098257799948
STU_012032,68.60657920190317
STU_012033,69.3877065200738
STU_012034,94.31206472109866
STU_012035,69.87023719654923
STU_012036,67.93243437240135
STU_012037,80.91666163997269
STU_012038,62.617138879939304
STU_012039,69.40486765026247
STU_012040,95.92140617132897
STU_012041,71.40059543476795
STU_012042,86.51740620758274
STU_012043,71.8954276148378
STU_012044,71.48040466148919
STU_012045,54.6386596796975
STU_012046,84.94489270277073
STU_012047,97.33328170793594
STU_012048,55.85886433631984
STU_012049,73.2697046747253
STU_012050,75.80935019783236
STU_012051,35.60399720503598
STU_012052,88.82357594228131
STU_012053,82.72838425921509
STU_012054,71.11798250448828
STU_012055,81.55859542335358
STU_012056,96.59122938267443
STU_012057,90.80007170194702
STU_012058,64.98149630825134
STU_012059,61.074143238667155
STU_012060,71.97740478973176
STU_012061,61.11261109960773
STU_012062,92.86388552477793
STU_012063,55.44285238816371
STU_012064,63.84482943646104
STU_012065,85.67725766221741
STU_012066,73.89084295488573
STU_012067,79.33035430440071
STU_012068,66.60562705434714
STU_012069,68.49012370927792
STU_012070,81.27498296226753
STU_012071,77.16078133792747
STU_012072,71.60604971273341
STU_012073,87.21434073541751
STU_012074,85.4424922297405
STU_012075,53.963398785949934
STU_012076,64.24496128166763
STU_012077,64.8523894078367
STU_012078,68.95310359553632
STU_012079,80.6115784606327
STU_012080,75.70256197724039
STU_012081,51.82326684174925
STU_012082,91.40823629527898
STU_012083,68.30663226779826
STU_012084,77.29956960418573
STU_012085,95.3345566186037
STU_012086,82.29148737049347
STU_012087,77.17506148118872
STU_012088,77.43627145853237
STU_012089,75.27420581689724
STU_012090,91.95989765669857
STU_012091,84.72187567612207
STU_012092,79.36600632057448
STU_012093,78.0564696544426
STU_012094,79.5569585884669
STU_012095,64.77224866727903
STU_012096,79.28645909221977
STU_012097,80.56337909497049
STU_012098,66.33388163730422
STU_012099,79.92841008663895
STU_012100,89.9010963988514
STU_012101,92.88174625581858
STU_012102,69.01727288326838
STU_012103,77.54339701649518
STU_012104,57.94392613677829
STU_012105,88.96456343794509
STU_012106,90.75970665466401
STU_012107,82.010026189009
STU_012108,88.35748081304568
STU_012109,75.85027493200182
STU_012110,74.55342822869552
STU_012111,49.93200662809777
STU_012112,80.90596350128928
STU_012113,89.92034301926256
STU_012114,71.35497912120486
STU_012115,74.72822676760083
STU_012116,71.80162627369364
STU_012117,94.31328258436525
STU_012118,66.46454320832389
STU_012119,91.62665882870485
STU_012120,64.85487191817832
STU_012121,71.11191283898083
STU_012122,67.97130635220543
STU_012123,81.87695123187464
STU_012124,72.12087070846282
STU_012125,79.64838376882082
STU_012126,73.71917025779078
STU_012127,73.76405480451865
STU_012128,74.58965924482908
STU_012129,75.62016467281204
STU_012130,64.8039934289348
STU_012131,51.97709481522804
STU_012132,81.7067656926256
STU_012133,79.19067605129132
STU_012134,64.24637661210737
STU_012135,64.36091601102176
STU_012136,54.44856457355513
STU_012137,67.53211339486259
STU_012138,57.528674705178744
STU_012139,70.46808120912415
STU_012140,77.26881728754886
STU_012141,63.29804444916975
STU_012142,78.00411050889119
STU_012143,99.32795760589148
STU_012144,80.64368359024732
STU_012145,75.626555762743
STU_012146,78.36553041444851
STU_012147,67.32743011707387
STU_012148,72.10693128371345
STU_012149,79.43924577480382
STU_012150,80.30116677631877
STU_012151,84.80512536617104
STU_012152,58.09485960372041
STU_012153,74.03813376498864
STU_012154,79.4738574213884
STU_012155,64.14759636694939
STU_012156,75.54293803002591
STU_012157,83.90622681846712
STU_012158,87.36200450769502
STU_012159,84.99866213470419
STU_012160,93.22969732324529
STU_012161,97.08542003792083
STU_012162,82.94897161979478
STU_012163,99.25500447919404
STU_012164,42.84871205088678
STU_012165,70.79941864961064
STU_012166,65.72150673135279
STU_012167,92.29130492865853
STU_012168,58.637594734325035
STU_012169,63.897564266308315
STU_012170,67.58394113560351
STU_012171,79.3070961870205
STU_012172,91.35571954475233
STU_012173,93.54475938417528
STU_012174,83.88196278185085
STU_012175,83.39829233806971
STU_012176,68.35080960575567
STU_012177,73.80429693083767
STU_012178,88.33987071522658
STU_012179,67.27996931737427
STU_012180,81.0140833275048
STU_012181,93.48117679587865
STU_012182,74.93765722882182
STU_012183,89.63306425863401
STU_012184,73.18912393106153
STU_012185,74.5918355831811
STU_012186,92.23666434926484
STU_012187,50.215536952935665
STU_012188,59.719201901252646
STU_012189,60.58199945251695
STU_012190,91.11215160603336
STU_012191,71.3259420211214
STU_012192,72.01380296621605
STU_012193,65.35184633685452
STU_012194,74.80421586734079
STU_012195,64.73694088327278
STU_012196,49.12757600701662
STU_012197,90.70585545996225
STU_012198,66.68970440178803
STU_012199,79.38720419589944
STU_012200,55.99809390804364
STU_012201,71.50480753942696
STU_012202,81.59836693912246
STU_012203,88.62958248302111
STU_012204,69.21808082729014
STU_012205,74.5661819459593
STU_012206,86.62085705722654
STU_012207,91.40453756127982
STU_012208,74.34794415729866
STU_012209,60.93325943674344
STU_012210,76.49940985755156
STU_012211,75.90730956625104
STU_012212,69.46528376948544
STU_012213,86.89805595980349
STU_012214,63.081119243958966
STU_012215,62.985488824057754
STU_012216,84.36526094944512
STU_012217,93.24233592305254
STU_012218,100.0
STU_012219,69.18816101434234
STU_012220,60.615964786966344
STU_012221,75.05680776018886
STU_012222,68.99898557700526
STU_012223,62.90154735761613
STU_012224,70.22514281176637
STU_012225,89.22214456215536
STU_012226,75.37924237664572
STU_012227,72.50862763612214
STU_012228,63.628535828671204
STU_012229,81.65416904214122
STU_012230,80.47501931232087
STU_012231,64.44738744778859
STU_012232,80.73228799957911
STU_012233,81.18002114614323
STU_012234,65.64446881192207
STU_012235,70.14121302933522
STU_012236,99.25839497656148
STU_012237,70.94499875846783
STU_012238,66.79215927904363
STU_012239,74.23915299600236
STU_012240,72.26589322669696
STU_012241,90.61241607865558
STU_012242,76.56301007264527
STU_012243,50.842804461460844
STU_012244,59.26380297359285
STU_012245,73.21509436807808
STU_012246,64.00045778578239
STU_012247,58.22121406686648
STU_012248,91.17252524662352
STU_012249,82.99995611828191
STU_012250,85.51660560914002
STU_012251,70.55760545009204
STU_012252,61.50728762735506
STU_012253,59.83182648948558
STU_012254,52.07671157303008
STU_012255,79.6933807321633
STU_012256,67.2939648066862
STU_012257,80.98093998199865
STU_012258,74.50897834016693
STU_012259,77.86842721897982
STU_012260,84.3390609259016
STU_012261,86.5387541322837
STU_012262,83.58201836761803
STU_012263,66.20332541228268
STU_012264,61.56505650947633
STU_012265,68.59793332901117
STU_012266,98.04404237588435
STU_012267,89.43918249672726
STU_012268,55.05698283934918
STU_012269,82.50464842780131
STU_012270,69.72546037817021
STU_012271,74.26624817739177
STU_012272,75.02017732453389
STU_012273,67.9234045004074
STU_012274,61.0994245790468
STU_012275,90.37143990120586
STU_012276,69.68156600598925
STU_012277,75.2735921950702
STU_012278,65.67986934765904
STU_012279,75.81065791398544
STU_012280,75.38765746282976
STU_012281,56.23236197279089
STU_012282,90.7028710494687
STU_012283,91.01192311109035
STU_012284,66.66250668393906
STU_012285,76.0463591495383
STU_012286,76.00801957677542
STU_012287,92.55898699916449
STU_012288,78.63069529467555
STU_012289,92.56156549919461
STU_012290,81.20749543370553
STU_012291,68.1726625948071
STU_012292,75.62772139288575
STU_012293,72.36869199588944
STU_012294,83.79130524713054
STU_012295,78.65196715942687
STU_012296,76.1503409722992
STU_012297,72.13433104477151
STU_012298,71.43258250176238
STU_012299,82.94890739956905
STU_012300,55.794980683774455
STU_012301,85.9248218916153
STU_012302,79.66319792451677
STU_012303,62.87713184674354
STU_012304,50.14623990033365
STU_012305,100.0
STU_012306,71.77459396820984
STU_012307,68.75118304337306
STU_012308,85.90014121166502
STU_012309,72.27718687822714
STU_012310,74.67597182542062
STU_012311,82.59472372326407
STU_012312,57.55187482178138
STU_012313,73.72916427560554
STU_012314,98.63864076321111
STU_012315,87.9387999076506
STU_012316,70.29454213617817
STU_012317,98.25525434535953
STU_012318,80.70042559469499
STU_012319,80.32522230266186
STU_012320,63.561014043046
STU_012321,64.80531405307637
STU_012322,95.47791249501157
STU_012323,61.19443295478681
STU_012324,87.85604494443378
STU_012325,65.83663285801882
STU_012326,74.56758451685747
STU_012327,61.202231525242595
STU_012328,64.1104895184668
STU_012329,95.18445389122148
STU_012330,86.62144205391716
STU_012331,81.46567296064129
STU_012332,68.67932217080553
STU_012333,84.98235750035381
STU_012334,73.59477375563634
STU_012335,66.14339246664838
STU_012336,88.97871044863561
STU_012337,89.90113650086309
STU_012338,68.04865024280554
STU_012339,83.40488383041975
STU_012340,63.91997629643045
STU_012341,55.72784482874732
STU_012342,89.79191443489671
STU_012343,88.26833463895994
STU_012344,60.209325948470145
STU_012345,64.2093972742451
STU_012346,69.95471996603999
STU_012347,93.1646610474065
STU_012348,78.2987561626198
STU_012349,68.20504012640824
STU_012350,84.02319726605351
STU_012351,86.73415339788498
STU_012352,84.20991167541888
STU_012353,95.36900200055709
STU_012354,61.520995077362684
STU_012355,85.25373000479169
STU_012356,81.80325909660606
STU_012357,72.76339800511343
STU_012358,97.12950934757427
STU_012359,83.54943891398463
STU_012360,69.14181872332627
STU_012361,59.9241548647613
STU_012362,83.21162795704548
STU_012363,76.17004340550389
STU_012364,79.80947401813387
STU_012365,64.83577184714729
STU_012366,84.25405990183992
STU_012367,78.59609850427618
STU_012368,61.98935129771131
STU_012369,73.42394669804398
STU_012370,98.21268714082805
STU_012371,73.28741322688848
STU_012372,90.54841784069869
STU_012373,76.21467212779024
STU_012374,76.2690829702636
STU_012375,63.14421229092456
STU_012376,83.37328421431897
STU_012377,86.30917164250378
STU_012378,74.73374275346539
STU_012379,74.05882664645276
STU_012380,93.41317372389489
STU_012381,100.0
STU_012382,69.58772057984089
STU_012383,83.19236470203403
STU_012384,96.24600836663984
STU_012385,87.71594344786125
STU_012386,79.7585123490367
STU_012387,83.22043953938817
STU_012388,88.83990376990776
STU_012389,99.25061728698637
STU_012390,74.4167543224506
STU_012391,49.698443315308836
STU_012392,74.96656372685696
STU_012393,70.66435849683226
STU_012394,72.11473767454709
STU_012395,82.93109039137204
STU_012396,82.17621104416256
STU_012397,74.13863689765088
STU_012398,85.7854513880409
STU_012399,79.22467564083348
STU_012400,81.86081443009624
STU_012401,92.76812907263484
STU_012402,100.0
STU_012403,50.14163465771954
STU_012404,74.42512630523758
STU_012405,65.09177200848268
STU_012406,66.60346519707232
STU_012407,93.24175659575019
STU_012408,85.59348655135786
STU_012409,69.60201725162347
STU_012410,47.41709982975295
STU_012411,94.15126793678519
STU_012412,72.30668602919127
STU_012413,56.71684329724795
STU_012414,98.32795696908899
STU_012415,88.84439144058027
STU_012416,90.83798258559943
STU_012417,59.1648172050144
STU_012418,85.93162302862373
STU_012419,73.1195303160137
STU_012420,55.00814961238158
STU_012421,69.50939198457704
STU_012422,83.18699009161594
STU_012423,75.82489337547054
STU_012424,86.9679984147172
STU_012425,51.80839170031221
STU_012426,85.27206513713223
STU_012427,65.34931737249556
STU_012428,85.03566903804604
STU_012429,59.60184246112682
STU_012430,71.90006358856105
STU_012431,68.47652160689447
STU_012432,61.034564831216805
STU_012433,58.89940296742531
STU_012434,89.63528870635615
STU_012435,67.02158943053594
STU_012436,72.40498201743065
STU_012437,89.90278094512675
STU_012438,60.911429018694875
STU_012439,77.6620091052188
STU_012440,71.85837245992195
STU_012441,92.59855776803501
STU_012442,100.0
STU_012443,62.87501416134559
STU_012444,86.0291853836065
STU_012445,71.54494740019103
STU_012446,85.43740191222486
STU_012447,92.58882255934736
STU_012448,72.54969286516177
STU_012449,79.77429813590757
STU_012450,73.74539887109228
STU_012451,86.85788199295646
STU_012452,79.49855483829631
STU_012453,92.9934205331718
STU_012454,83.40528166465393
STU_012455,71.94225743320129
STU_012456,90.36477167334579
STU_012457,68.27675180871125
STU_012458,81.83165138609314
STU_012459,56.66510258508764
STU_012460,87.38565982366897
STU_012461,80.39608932298935
STU_012462,72.04897070744931
STU_012463,80.37995690868719
STU_012464,76.09901308465642
STU_012465,75.12929862790878
STU_012466,67.72331757916702
STU_012467,75.42682520993858
STU_012468,84.69083238530663
STU_012469,85.49623180926977
STU_012470,50.83871952196944
STU_012471,55.208364460550875
STU_012472,94.85358997098623
STU_012473,71.48695977481563
STU_012474,65.12024892555804
STU_012475,69.23998441265769
STU_012476,51.35171771173597
STU_012477,96.99628587332862
STU_012478,72.49424417063646
STU_012479,64.88442337437928
STU_012480,77.11542198974509
STU_012481,88.03621314645035
STU_012482,70.46727187615443
STU_012483,63.73140584238256
STU_012484,71.43814403258116
STU_012485,76.6816900652155
STU_012486,69.84509198958358
STU_012487,69.32892396190775
STU_012488,73.00092662121929
STU_012489,82.1532399861095
STU_012490,88.80823110428035
STU_012491,60.12668573639043
STU_012492,60.65311254621629
STU_012493,57.56982655581502
STU_012494,75.51496125820833
STU_012495,72.53558250622797
STU_012496,78.28450144658612
STU_012497,91.05268122109635
STU_012498,73.32675538828121
STU_012499,75.27614732575059
STU_012500,80.78796765396788
STU_012501,95.19860478887479
STU_012502,83.63623421051476
STU_012503,82.86781777310932
STU_012504,74.53859480326344
STU_012505,85.53701492597601
STU_012506,67.4401608120105
STU_012507,85.83265037703924
STU_012508,68.66831160351887
STU_012509,83.5267539507467
STU_012510,73.03600816225949
STU_012511,75.74172357158824
STU_012512,78.15105468233578
STU_012513,67.89931543032901
STU_012514,100.0
STU_012515,89.3414851994992
STU_012516,84.29681215480088
STU_012517,97.68115628224729
STU_012518,58.427316021791476
STU_012519,78.41174749121515
STU_012520,71.34123338014194
STU_012521,98.80744231054271
STU_012522,96.47346502644604
STU_012523,79.01867864012851
STU_012524,95.55027072107778
STU_012525,90.42266832704627
STU_012526,97.89141763457042
STU_012527,88.41565161387112
STU_012528,65.27895952872122
STU_012529,99.29867633732516
STU_012530,79.80358867977553
STU_012531,77.12136586405641
STU_012532,69.99243849250514
STU_012533,87.86932445164958
STU_012534,57.83074462173728
STU_012535,82.53470643681459
STU_012536,72.67385438308898
STU_012537,53.52791615917614
STU_012538,61.723593598983996
STU_012539,84.45965790865102
STU_012540,70.31630249344413
STU_012541,99.23343272609941
STU_012542,100.0
STU_012543,74.31843786636013
STU_012544,78.29257156581026
STU_012545,65.62431312964382
STU_012546,79.67713394428989
STU_012547,100.0
STU_012548,51.91348121679721
STU_012549,72.80878841569253
STU_012550,93.78849686387352
STU_012551,87.60634191780574
STU_012552,74.07164709225238
STU_012553,78.13168703924869
STU_012554,65.13537121088933
STU_012555,50.93128260141445
STU_012556,64.5442432686396
STU_012557,79.5714576124114
STU_012558,68.47824376473312
STU_012559,93.9205206814564
STU_012560,69.35453736271056
STU_012561,62.093122670525545
STU_012562,65.06028772727868
STU_012563,82.29529924261143
STU_012564,91.1396844207465
STU_012565,100.0
STU_012566,77.94407212324201
STU_012567,62.89593152614765
STU_012568,95.8609068056372
STU_012569,67.42927460557131
STU_012570,52.82802872397571
STU_012571,57.21018272800431
STU_012572,53.9728643802268
STU_012573,74.74153136987943
STU_012574,62.972514936953075
STU_012575,72.50206286357843
STU_012576,73.68010523242938
STU_012577,99.7519141409049
STU_012578,51.74197241106927
STU_012579,80.12954110585243
STU_012580,73.2066598705658
STU_012581,67.87449280712345
STU_012582,70.34165234814716
STU_012583,65.40356463009408
STU_012584,58.911133778407724
STU_012585,71.18484016516699
STU_012586,76.18462640590784
STU_012587,68.08732298091833
STU_012588,71.6642745712361
STU_012589,48.294706936631634
STU_012590,67.34185314062037
STU_012591,69.04595537738088
STU_012592,96.77910904722123
STU_012593,96.08708604661112
STU_012594,50.41329522361963
STU_012595,65.00462195550412
STU_012596,81.66599863253118
STU_012597,71.02118692891138
STU_012598,71.13319538737221
STU_012599,68.9477861026575
STU_012600,70.21714765993873
STU_012601,72.98369277274384
STU_012602,68.00945507148631
STU_012603,88.4520962431145
STU_012604,78.7441003878972
STU_012605,77.09083825939197
STU_012606,70.79507606418775
STU_012607,59.216948705797186
STU_012608,80.75488337008073
STU_012609,62.19033332223291
STU_012610,74.08169079170236
STU_012611,67.27653649742305
STU_012612,63.551218206283664
STU_012613,92.05638231731035
STU_012614,74.94260846334274
STU_012615,74.3252882444253
STU_012616,85.11525411582004
STU_012617,61.40541054962783
STU_012618,89.03975694241748
STU_012619,83.72401802848061
STU_012620,76.65584176586341
STU_012621,91.76126373779361
STU_012622,93.79439643396096
STU_012623,91.11610651093326
STU_012624,85.23149683660135
STU_012625,89.00822164924685
STU_012626,93.18658029865747
STU_012627,86.01625534254168
STU_012628,69.95252564824686
STU_012629,81.88778507290608
STU_012630,72.03997623905201
STU_012631,68.46950484310439
STU_012632,63.83635808996014
STU_012633,75.74871157163392
STU_012634,88.89958319122896
STU_012635,77.31919909224311
STU_012636,76.37223359626003
STU_012637,80.47269998134634
STU_012638,82.26402436477318
STU_012639,93.53355037665946
STU_012640,80.49684052035519
STU_012641,70.34354975513753
STU_012642,68.15897146779238
STU_012643,81.79819565746882
STU_012644,82.45239729016777
STU_012645,53.82337758507655
STU_012646,85.51708461627857
STU_012647,84.38320820428682
STU_012648,66.59526942883204
STU_012649,81.80509630601385
STU_012650,84.16719915263948
STU_012651,75.22224239493801
STU_012652,99.95016627447566
STU_012653,88.51139116880994
STU_012654,81.12381698105656
STU_012655,71.71481199957249
STU_012656,79.42852709682226
STU_012657,91.22037722762545
STU_012658,87.09370624422519
STU_012659,81.67322382380078
STU_012660,74.53199537865987
STU_012661,89.1198757843537
STU_012662,94.27260583732556
STU_012663,67.04281071365557
STU_012664,52.707242531146626
STU_012665,92.18596962058923
STU_012666,60.22731458692701
STU_012667,84.18789506737689
STU_012668,78.08385416059737
STU_012669,65.48517799078715
STU_012670,61.243810265663065
STU_012671,67.62275940511356
STU_012672,59.62128513532966
STU_012673,57.18855975776085
STU_012674,60.33812612023621
STU_012675,70.123414060859
STU_012676,96.8303581109521
STU_012677,60.94660931771012
STU_012678,72.0241853176066
STU_012679,78.70374102970072
STU_012680,76.51344899670337
STU_012681,71.94826561210081
STU_012682,86.3431507568107
STU_012683,79.39457615867683
STU_012684,84.32091835495618
STU_012685,98.01069101215316
STU_012686,71.34062142635288
STU_012687,78.90555920717397
STU_012688,83.62015800970865
STU_012689,72.60057470668131
STU_012690,65.62893371163851
STU_012691,74.91717935868881
STU_012692,79.7119803441131
STU_012693,82.75926472305235
STU_012694,59.660670941859124
STU_012695,70.26788851323225
STU_012696,65.13504516666237
STU_012697,79.40208321752718
STU_012698,64.36594742478759
STU_012699,74.42169842307432
STU_012700,69.25041021600434
STU_012701,100.0
STU_012702,74.5567894742886
STU_012703,68.8636674597616
STU_012704,73.33214346209745
STU_012705,66.81198867638352
STU_012706,70.67763534246464
STU_012707,96.48852770340402
STU_012708,54.06664107819427
STU_012709,67.43996877858149
STU_012710,93.39039652761201
STU_012711,66.13256789170052
STU_012712,66.06223789681412
STU_012713,62.75385559752282
STU_012714,90.134149868295
STU_012715,76.1719159027679
STU_012716,75.04297220345961
STU_012717,67.42206255204421
STU_012718,85.23967593124422
STU_012719,59.536325141328376
STU_012720,79.93414333040322
STU_012721,78.13645265249541
STU_012722,53.37734920182857
STU_012723,80.89700808211552
STU_012724,91.1498464271306
STU_012725,58.23129485526662
STU_012726,53.81147901514653
STU_012727,69.61049246978432
STU_012728,84.42567155292784
STU_012729,62.25254308408073
STU_012730,84.97968010107911
STU_012731,97.93473356660905
STU_012732,82.49584963554267
STU_012733,56.437910221942566
STU_012734,85.4092352848393
STU_012735,65.25439042691687
STU_012736,100.0
STU_012737,76.17174591046012
STU_012738,78.01799750125429
STU_012739,81.36913994272155
STU_012740,90.22456297299416
STU_012741,49.63451682382384
STU_012742,66.50898450981701
STU_012743,77.12849918773288
STU_012744,85.3208591096474
STU_012745,65.04501140347989
STU_012746,81.23075030234642
STU_012747,62.25333285329541
STU_012748,89.08623661837586
STU_012749,86.02827859251904
STU_012750,74.4254460396937
STU_012751,52.05157016787971
STU_012752,72.20933730042856
STU_012753,65.24462423717341
STU_012754,60.62970883203634
STU_012755,91.18450797364814
STU_012756,61.174032035894385
STU_012757,48.796269873897145
STU_012758,91.06281487168953
STU_012759,59.98058020898163
STU_012760,76.1827772033907
STU_012761,62.3267762365064
STU_012762,85.68628892309147
STU_012763,95.57213948094055
STU_012764,92.46599972889739
STU_012765,88.61076902688737
STU_012766,62.75017473790627
STU_012767,95.24984679852716
STU_012768,84.75768979826132
STU_012769,72.65019622750789
STU_012770,54.103063171757206
STU_012771,54.42776281373985
STU_012772,99.74573033081838
STU_012773,65.39754209176513
STU_012774,76.03684421371891
STU_012775,74.96875510310946
STU_012776,76.85130755070264
STU_012777,51.11026125023844
STU_012778,69.76231495791313
STU_012779,73.76849685031812
STU_012780,74.61932560804351
STU_012781,87.21857243887266
STU_012782,54.61799302925147
STU_012783,99.16027631685826
STU_012784,52.028861896386964
STU_012785,76.13721929945842
STU_012786,51.90803241772536
STU_012787,67.75571704173697
STU_012788,94.50445387023944
STU_012789,79.53306742950073
STU_012790,96.93510824076549
STU_012791,83.5688898470013
STU_012792,69.62029615577278
STU_012793,89.54104909425735
STU_012794,76.26054483744704
STU_012795,93.36997046126669
STU_012796,70.94426904100021
STU_012797,63.869841753880436
STU_012798,97.49545460827252
STU_012799,86.76812586713413
STU_012800,52.30550675717089
STU_012801,67.53254826010217
STU_012802,72.5279218043529
STU_012803,90.81908165229953
STU_012804,58.88553185275857
STU_012805,73.20692784401226
STU_012806,83.09284399922484
STU_012807,65.17616384947189
STU_012808,82.93225813212543
STU_012809,81.9958064487858
STU_012810,86.87098338729388
STU_012811,79.06993274451976
STU_012812,73.53264753606375
STU_012813,78.49133010898726
STU_012814,67.08332539287923
STU_012815,67.10882129676517
STU_012816,82.03611793076766
STU_012817,70.64691021237448
STU_012818,86.85192631026794
STU_012819,56.129158592163165
STU_012820,84.72068653803622
STU_012821,71.34433213586789
STU_012822,81.97878995249401
STU_012823,77.74185113916708
STU_012824,80.80307694362187
STU_012825,57.401070869101204
STU_012826,88.6437765779782
STU_012827,60.42434213202984
STU_012828,90.98146326191677
STU_012829,73.97860693919166
STU_012830,79.01618539651851
STU_012831,70.78183717700848
STU_012832,98.02289152681995
STU_012833,85.18405794179199
STU_012834,73.49427946091365
STU_012835,71.21321452827041
STU_012836,80.60720187434222
STU_012837,65.37557016850599
STU_012838,63.8198777807242
STU_012839,66.64393605723075
STU_012840,89.75177387503477
STU_012841,71.85510522592445
STU_012842,79.23249846258258
STU_012843,76.98100757672975
STU_012844,77.95842299900424
STU_012845,62.50752940716422
STU_012846,72.43830124076838
STU_012847,75.18146447544072
STU_012848,74.79104155598127
STU_012849,87.25647348715938
STU_012850,78.97796794411133
STU_012851,85.51366179264812
STU_012852,91.04535221683209
STU_012853,61.21170513133182
STU_012854,82.04533829606041
STU_012855,80.44576993736864
STU_012856,71.12840764246941
STU_012857,99.09116427854592
STU_012858,85.47400307258944
STU_012859,62.9966305169073
STU_012860,82.60930916299142
STU_012861,66.40198287144062
STU_012862,73.76822083378971
STU_012863,96.15421650723736
STU_012864,77.77522378907378
STU_012865,64.56681283763209
STU_012866,73.57313228750803
STU_012867,91.06690287371644
STU_012868,84.91663948918942
STU_012869,64.4718283152256
STU_012870,84.16609906909284
STU_012871,86.42008116212006
STU_012872,86.09662037831414
STU_012873,63.62906035417564
STU_012874,76.91519783507755
STU_012875,74.11099892807113
STU_012876,52.45791377780893
STU_012877,82.47046409026956
STU_012878,98.6490601191596
STU_012879,77.40248534479497
STU_012880,83.18520324464029
STU_012881,97.89798144721446
STU_012882,90.09166766655285
STU_012883,64.00976750668268
STU_012884,79.58531406401305
STU_012885,77.41509970490898
STU_012886,55.53891988796915
STU_012887,74.45604186392274
STU_012888,68.50992156660638
STU_012889,71.75122228804642
STU_012890,68.3867704968761
STU_012891,72.48306502966761
STU_012892,70.94476832590932
STU_012893,85.44417769506082
STU_012894,73.10586688724626
STU_012895,92.3969617184624
STU_012896,73.9383216530229
STU_012897,72.84968348221807
STU_012898,89.7583052318699
STU_012899,84.1315635471015
STU_012900,80.07217720084422
STU_012901,68.8411690643584
STU_012902,88.48705113629069
STU_012903,68.0635843315958
STU_012904,82.3338420781323
STU_012905,62.55352338529414
STU_012906,99.77540191847356
STU_012907,54.42187831931529
STU_012908,87.51569338984784
STU_012909,69.71044411884465
STU_012910,31.602179201567054
STU_012911,81.82539250099983
STU_012912,50.59862631485824
STU_012913,63.72677104140628
STU_012914,73.97488857953856
STU_012915,58.621614132767675
STU_012916,64.0910479220602
STU_012917,93.13305439577553
STU_012918,55.65953127863166
STU_012919,94.97958089837644
STU_012920,78.73820237145145
STU_012921,59.04001405444293
STU_012922,73.62541637570125
STU_012923,63.2775165558069
STU_012924,73.14161246075341
STU_012925,73.25237254087098
STU_012926,58.195064478843655
STU_012927,89.90565206015785
STU_012928,62.06893765469185
STU_012929,65.99248669948437
STU_012930,67.89281214865017
STU_012931,88.78088132709706
STU_012932,64.83470028159283
STU_012933,68.17268608021148
STU_012934,69.11388293411004
STU_012935,68.04487111858322
STU_012936,66.18323663118883
STU_012937,72.5034276557236
STU_012938,93.61791224236163
STU_012939,48.1795634870527
STU_012940,69.84444383295946
STU_012941,58.78532232687028
STU_012942,79.67671878414176
STU_012943,71.49123722425067
STU_012944,78.7401729772331
STU_012945,89.76294487469383
STU_012946,57.04816786954528
STU_012947,74.97105304619654
STU_012948,87.28762802505565
STU_012949,98.20573738006956
STU_012950,78.80496503379618
STU_012951,84.7492300169188
STU_012952,69.29669005271302
STU_012953,87.05605079458724
STU_012954,79.01300864028683
STU_012955,91.12643696563822
STU_012956,70.39000402303026
STU_012957,68.70199226180287
STU_012958,76.93011833766056
STU_012959,79.32013289922911
STU_012960,76.45421660318924
STU_012961,79.50756527403658
STU_012962,60.18225953596846
STU_012963,66.18651768560521
STU_012964,91.24865565897487
STU_012965,76.85725536500163
STU_012966,71.58078954427704
STU_012967,66.98420577894312
STU_012968,76.1180092066831
STU_012969,75.12693802812555
STU_012970,56.21858653151751
STU_012971,78.45860026990445
STU_012972,77.66453142314231
STU_012973,52.65110742395801
STU_012974,58.316365323290384
STU_012975,60.33584338892865
STU_012976,84.67065854034472
STU_012977,78.67405173342826
STU_012978,91.68007611823015
STU_012979,70.66924495013765
STU_012980,69.99723307936978
STU_012981,88.24969094782013
STU_012982,69.84219133056925
STU_012983,96.29645226451811
STU_012984,57.38876537973749
STU_012985,65.67478626639573
STU_012986,64.01384123108754
STU_012987,49.93722533384246
STU_012988,84.66785659723091
STU_012989,95.60599719118437
STU_012990,60.75861514357237
STU_012991,69.87514089498612
STU_012992,52.5408900829534
STU_012993,100.0
STU_012994,79.10643957322752
STU_012995,65.0442298237417
STU_012996,60.2166697091287
STU_012997,84.88114939733892
STU_012998,80.02450221078662
STU_012999,91.53234319922319
STU_013000,90.3853668777292
STU_013001,96.63580875766695
STU_013002,87.96276281614828
STU_013003,80.00725019538201
STU_013004,85.10444065832965
STU_013005,76.68794260876173
STU_013006,78.83464418156649
STU_013007,78.03041327658944
STU_013008,86.02983901597563
STU_013009,82.9585262044806
STU_013010,77.21172216505096
STU_013011,56.55912909611095
STU_013012,56.625750998690876
STU_013013,89.22879853808321
STU_013014,87.59149901071163
STU_013015,87.56536559944257
STU_013016,62.72880657891544
STU_013017,89.68127032963382
STU_013018,76.81092451474282
STU_013019,88.12317383463133
STU_013020,58.73525501430997
STU_013021,73.95544635110943
STU_013022,98.86889803504761
STU_013023,76.49435162513537
STU_013024,87.22688942982916
STU_013025,72.43851644878146
STU_013026,68.95269890533598
STU_013027,75.61518520016354
STU_013028,78.99726066584216
STU_013029,75.63160672367995
STU_013030,72.16599576593025
STU_013031,69.81938543142616
STU_013032,100.0
STU_013033,69.94374518558683
STU_013034,98.64413960067138
STU_013035,92.43519636386901
STU_013036,54.75070486190239
STU_013037,87.5931964992153
STU_013038,75.41234376593995
STU_013039,85.52643014111317
STU_013040,99.07090880764864
STU_013041,81.38871345850336
STU_013042,60.048881452730804
STU_013043,91.99245983649114
STU_013044,65.52869197974884
STU_013045,85.4097932624986
STU_013046,63.64298065198466
STU_013047,75.21743742351433
STU_013048,93.59230125567814
STU_013049,79.85056441656745
STU_013050,80.37493548115674
STU_013051,92.06313596807664
STU_013052,67.16959846951347
STU_013053,71.22275010720668
STU_013054,66.98204994071051
STU_013055,91.33428947162275
STU_013056,80.79184988422921
STU_013057,53.57627513700201
STU_013058,56.08819463561542
STU_013059,88.2787389518772
STU_013060,64.45118441606135
STU_013061,66.32258591635069
STU_013062,99.36152671911421
STU_013063,84.17556681707065
STU_013064,64.92498224553201
STU_013065,54.58893485309674
STU_013066,100.0
STU_013067,77.29205335511904
STU_013068,91.69100125475998
STU_013069,98.38031093807875
STU_013070,61.359104785966544
STU_013071,81.94660540835979
STU_013072,86.5008725759146
STU_013073,70.43658703224816
STU_013074,73.33157680288899
STU_013075,52.535996203912134
STU_013076,82.88195141293876
STU_013077,90.68790352752693
STU_013078,75.39776115290412
STU_013079,86.3261118537363
STU_013080,73.22392283694703
STU_013081,76.8787916576735
STU_013082,58.773290521675264
STU_013083,61.16442491500112
STU_013084,72.0538203153203
STU_013085,82.24389379250142
STU_013086,73.87911556354834
STU_013087,63.48647753310024
STU_013088,78.92316141826284
STU_013089,65.7753319352061
STU_013090,95.49416281455206
STU_013091,63.697762605508444
STU_013092,66.44858375304933
STU_013093,85.21603025786439
STU_013094,85.87577648627979
STU_013095,73.69676374712724
STU_013096,80.12988285458071
STU_013097,81.77561763380379
STU_013098,82.58247085707895
STU_013099,60.36341352811501
STU_013100,77.63876251385082
STU_013101,86.8240630713079
STU_013102,92.21505878566778
STU_013103,73.11444562737887
STU_013104,79.75457262715229
STU_013105,64.37721687750818
STU_013106,84.17412624693259
STU_013107,57.399406212723754
STU_013108,96.33885584842196
STU_013109,87.49656781810694
STU_013110,59.116691410018795
STU_013111,100.0
STU_013112,100.0
STU_013113,72.83744619513293
STU_013114,65.39608462947929
STU_013115,78.18050539455812
STU_013116,61.93337248177518
STU_013117,63.82488841245481
STU_013118,72.50620940033937
STU_013119,83.74176521012629
STU_013120,67.80025816833817
STU_013121,90.37522530052729
STU_013122,77.41526496543489
STU_013123,90.75574128043539
STU_013124,95.30414144638877
STU_013125,89.08990356900283
STU_013126,68.61254159930168
STU_013127,71.02023424271545
STU_013128,85.48588842769931
STU_013129,79.86144674417449
STU_013130,95.26140685442881
STU_013131,50.7037925522434
STU_013132,79.62698390214089
STU_013133,96.66110123488241
STU_013134,68.15373393780334
STU_013135,65.26780964782283
STU_013136,65.3492830633072
STU_013137,77.88202254651918
STU_013138,65.28199549541667
STU_013139,76.3653913098614
STU_013140,98.06526397057519
STU_013141,79.29439333234075
STU_013142,58.24414948088603
STU_013143,77.09740513027408
STU_013144,64.00112638646344
STU_013145,60.583996417267336
STU_013146,52.969954886054325
STU_013147,80.35473275865728
STU_013148,71.57747238011723
STU_013149,85.92919496527401
STU_013150,78.70767146126005
STU_013151,78.57037105966418
STU_013152,87.11433739701553
STU_013153,72.40155362838345
STU_013154,82.1105307867744
STU_013155,96.3916916170379
STU_013156,82.88613789065607
STU_013157,73.93795262236509
STU_013158,83.09049139332973
STU_013159,80.89549566600347
STU_013160,66.12204896304554
STU_013161,63.25738150671232
STU_013162,58.74138595485843
STU_013163,88.54466054749648
STU_013164,67.75568605220684
STU_013165,68.51025243953683
STU_013166,47.40468585569457
STU_013167,92.5200428670131
STU_013168,77.9110564347775
STU_013169,76.10282368112266
STU_013170,74.62472966049289
STU_013171,82.41619933269136
STU_013172,63.81917734254699
STU_013173,86.05415281450432
STU_013174,63.333772093796014
STU_013175,56.17921121941834
STU_013176,94.65956483448255
STU_013177,64.55464630750629
STU_013178,84.62103052648386
STU_013179,72.50810284764574
STU_013180,89.79095433239377
STU_013181,84.31737755463334
STU_013182,71.94966972798088
STU_013183,79.10550113652621
STU_013184,74.51360051358719
STU_013185,70.89780105539714
STU_013186,58.78211665455483
STU_013187,65.27849906674643
STU_013188,90.7721941972308
STU_013189,100.0
STU_013190,79.91918392788781
STU_013191,94.7585452702122
STU_013192,81.02008502971084
STU_013193,86.2009844612528
STU_013194,95.66527671089577
STU_013195,86.33719396706388
STU_013196,79.66218679338738
STU_013197,53.55337614601084
STU_013198,68.03428107516933
STU_013199,76.47908797680132
STU_013200,53.26167820150374
STU_013201,81.73279286183079
STU_013202,62.6967988212996
STU_013203,70.36684419738978
STU_013204,62.446984786564016
STU_013205,76.69019500401795
STU_013206,68.26621088434116
STU_013207,68.629391787825
STU_013208,71.55759493638939
STU_013209,76.32670995212412
STU_013210,54.71113419970282
STU_013211,76.99288761242528
STU_013212,56.004244508947465
STU_013213,74.55406935112855
STU_013214,93.57893245766044
STU_013215,51.35287152785135
STU_013216,100.0
STU_013217,95.57406007954762
STU_013218,68.55187294362614
STU_013219,82.06445067080826
STU_013220,96.60745331344177
STU_013221,60.67578197259012
STU_013222,61.5962342050605
STU_013223,84.78094271192549
STU_013224,70.64230232523202
STU_013225,53.712812486970265
STU_013226,81.88634965529754
STU_013227,85.5662692979748
STU_013228,69.44069967570158
STU_013229,67.56128007195176
STU_013230,73.2281195366454
STU_013231,66.66873230589545
STU_013232,70.49153708758723
STU_013233,89.58894389792107
STU_013234,66.09907364777001
STU_013235,68.5578628104661
STU_013236,90.3051255268881
STU_013237,62.671667986695965
STU_013238,77.24099413793495
STU_013239,73.4757150092522
STU_013240,64.74394588911852
STU_013241,67.25759432244715
STU_013242,71.33430535473809
STU_013243,58.55098375185824
STU_013244,76.49383451741548
STU_013245,69.15075600294588
STU_013246,67.01411191535811
STU_013247,100.0
STU_013248,92.96011866357742
STU_013249,47.991840821327955
STU_013250,76.3704057579479
STU_013251,81.07398227853258
STU_013252,84.57801112684771
STU_013253,66.97593804358516
STU_013254,95.43956218329788
STU_013255,76.38602512342324
STU_013256,71.29249008053306
STU_013257,79.21235401591653
STU_013258,67.60971969882476
STU_013259,58.52807602485845
STU_013260,67.29892054335744
STU_013261,70.77639925843508
STU_013262,61.05269145838476
STU_013263,58.48511059086695
STU_013264,90.88420579604019
STU_013265,76.02311712114921
STU_013266,69.47342613329145
STU_013267,70.96496682254238
STU_013268,61.88973435818272
STU_013269,83.17259316753398
STU_013270,96.03720156504498
STU_013271,64.78401664067276
STU_013272,79.6934689745152
STU_013273,64.94860532912426
STU_013274,77.71202027654617
STU_013275,63.54447732181687
STU_013276,59.810843287462916
STU_013277,65.44225954095884
STU_013278,61.118421544588884
STU_013279,60.513861517795725
STU_013280,88.8707331899574
STU_013281,95.99872167328913
STU_013282,92.64823172325919
STU_013283,75.32454716237716
STU_013284,76.53464927282396
STU_013285,73.59215275830343
STU_013286,71.3778145736151
STU_013287,94.1417440759597
STU_013288,82.96143345572693
STU_013289,92.94565585358885
STU_013290,82.31865170339982
STU_013291,85.02724921070325
STU_013292,81.46687462485966
STU_013293,76.67907268339947
STU_013294,87.42692930729707
STU_013295,69.21415059075265
STU_013296,81.90301916332746
STU_013297,78.38836083616802
STU_013298,57.208841975633824
STU_013299,86.41488963410008
STU_013300,75.00745905552148
STU_013301,86.95356312648249
STU_013302,86.72495797264905
STU_013303,89.27609311457651
STU_013304,81.47385670518965
STU_013305,70.62043717184643
STU_013306,65.09646358770549
STU_013307,78.32120326767776
STU_013308,95.58957003265083
STU_013309,71.52741442385269
STU_013310,54.00665645900402
STU_013311,90.18322326685723
STU_013312,54.28780240628371
STU_013313,66.46730891305376
STU_013314,63.37866686643012
STU_013315,67.26464244211905
STU_013316,82.01240480722558
STU_013317,73.77184477758391
STU_013318,53.16472463634955
STU_013319,74.20576658529089
STU_013320,81.25603349231451
STU_013321,78.44336397935987
STU_013322,99.88947306773444
STU_013323,98.88741804922246
STU_013324,79.12759963961722
STU_013325,79.66952082089207
STU_013326,77.73704032120108
STU_013327,75.55316232385982
STU_013328,66.68997111867864
STU_013329,85.59909850700743
STU_013330,64.1116513969537
STU_013331,76.04238613265412
STU_013332,68.62370942326869
STU_013333,60.1813361944847
STU_013334,72.29957503325984
STU_013335,64.77934050624329
STU_013336,82.9772267327562
STU_013337,53.626869959056265
STU_013338,62.913353473853114
STU_013339,72.34661422624602
STU_013340,94.20259314292221
STU_013341,70.40793132855923
STU_013342,83.13304871564783
STU_013343,71.16520886393826
STU_013344,77.88841946824748
STU_013345,67.59386093211984
STU_013346,95.93715800817348
STU_013347,80.5913773476742
STU_013348,85.16087379671006
STU_013349,99.73942505282756
STU_013350,61.768682053709085
STU_013351,84.65069698199855
STU_013352,75.06149521601355
STU_013353,64.10682679749343
STU_013354,58.67629396715047
STU_013355,90.67510016124376
STU_013356,65.48972713892373
STU_013357,65.73682419293935
STU_013358,71.49846713489413
STU_013359,74.8581838238355
STU_013360,74.02881583830387
STU_013361,67.0803531378659
STU_013362,84.99783155433562
STU_013363,75.69130146047554
STU_013364,66.00174016462293
STU_013365,88.57553595418796
STU_013366,99.06318272241745
STU_013367,81.00514385202588
STU_013368,83.67535833249244
STU_013369,58.98026270988239
STU_013370,83.56386294574973
STU_013371,69.82294579279001
STU_013372,76.32932707061863
STU_013373,76.13648203928047
STU_013374,91.93770742588268
STU_013375,90.25822445724135
STU_013376,41.938298523096385
STU_013377,83.32581553733678
STU_013378,60.39122240799035
STU_013379,78.66791542236707
STU_013380,82.38505263266447
STU_013381,97.83819976872202
STU_013382,100.0
STU_013383,61.881254470014966
STU_013384,59.094615129652006
STU_013385,70.52158704239864
STU_013386,97.69483856145061
STU_013387,55.80724880017618
STU_013388,82.81675380511113
STU_013389,65.83999759039563
STU_013390,68.77108193709965
STU_013391,85.81530851346348
STU_013392,96.61605103813417
STU_013393,68.66964963862891
STU_013394,100.0
STU_013395,61.48395276314861
STU_013396,66.64117853531998
STU_013397,100.0
STU_013398,89.64212117271916
STU_013399,62.851506019486756
STU_013400,63.86784453084934
STU_013401,100.0
STU_013402,78.63991281369167
STU_013403,92.06764835700399
STU_013404,67.13609259621866
STU_013405,76.64209871539303
STU_013406,99.04436837654794
STU_013407,71.44571223035206
STU_013408,69.1167941067876
STU_013409,58.43586900128642
STU_013410,77.23240686561388
STU_013411,65.50933812099925
STU_013412,67.30298841112965
STU_013413,78.08645729728505
STU_013414,87.80199801828687
STU_013415,72.39792677527328
STU_013416,54.47002835737021
STU_013417,74.19736380880393
STU_013418,50.53222614651904
STU_013419,63.67592899561541
STU_013420,98.11619944208016
STU_013421,99.38385351207025
STU_013422,90.52952832295517
STU_013423,58.0118751703086
STU_013424,98.2247443963485
STU_013425,86.43850067717666
STU_013426,52.65012096937153
STU_013427,65.59933458458703
STU_013428,75.29984476280441
STU_013429,88.94052001601007
STU_013430,66.58903244792243
STU_013431,68.60966209762536
STU_013432,77.82665498234599
STU_013433,94.12461853073378
STU_013434,90.00874909399397
STU_013435,91.75030766628996
STU_013436,70.71976492555139
STU_013437,73.10843468311613
STU_013438,80.35515360661212
STU_013439,89.45998419823663
STU_013440,76.89456092265388
STU_013441,96.91909883803478
STU_013442,97.05111810414306
STU_013443,68.36663587314783
STU_013444,84.57722131213562
STU_013445,80.42712845912243
STU_013446,88.69987898664351
STU_013447,82.9468550523984
STU_013448,82.60801892539345
STU_013449,74.83878826381
STU_013450,95.88250379840474
STU_013451,70.6980129672903
STU_013452,76.15727230972648
STU_013453,79.0691712244132
STU_013454,71.2353869577175
STU_013455,97.76704747637437
STU_013456,69.9476229379201
STU_013457,70.52365874440021
STU_013458,74.1121493658969
STU_013459,58.96479235975741
STU_013460,58.80511397167812
STU_013461,73.44962789718222
STU_013462,58.57121995689283
STU_013463,85.20773310047605
STU_013464,56.72714659158285
STU_013465,63.233214358964396
STU_013466,86.24579180934484
STU_013467,59.66403449070417
STU_013468,93.00204181244486
STU_013469,77.80421347281852
STU_013470,88.55909595952475
STU_013471,80.24874837127108
STU_013472,80.37254168688732
STU_013473,66.60945454337514
STU_013474,74.10178979463689
STU_013475,87.57325291271006
STU_013476,78.08567390451964
STU_013477,65.64454657421162
STU_013478,79.44541956273295
STU_013479,71.23366766507264
STU_013480,84.92710148215698
STU_013481,80.83121013975091
STU_013482,80.584042930386
STU_013483,78.57534659769426
STU_013484,85.81495523030549
STU_013485,94.55301514385712
STU_013486,50.769934134310375
STU_013487,78.33296660297275
STU_013488,83.47419241155202
STU_013489,72.74288707229077
STU_013490,74.47809229612423
STU_013491,87.84850321208464
STU_013492,78.9550039748183
STU_013493,63.872972826514
STU_013494,74.32242283405901
STU_013495,83.09087851263867
STU_013496,86.93637793770142
STU_013497,52.745739374557076
STU_013498,71.93667614602236
STU_013499,81.48739163950631
STU_013500,66.00681470840901
STU_013501,83.34696599226972
STU_013502,81.60561328037339
STU_013503,70.9209062424625
STU_013504,91.48857238209874
STU_013505,71.30947124879478
STU_013506,94.35551997099972
STU_013507,63.327167564418225
STU_013508,75.27630475311341
STU_013509,84.5215888469264
STU_013510,64.64286317658066
STU_013511,79.49721580803477
STU_013512,66.90507510467317
STU_013513,53.464290642063055
STU_013514,85.04095373824464
STU_013515,75.66608777796543
STU_013516,100.0
STU_013517,81.45455365200499
STU_013518,73.42700864317266
STU_013519,100.0
STU_013520,70.45936278348263
STU_013521,63.600779700062986
STU_013522,64.46711303134943
STU_013523,99.2406361244207
STU_013524,80.74665995912478
STU_013525,73.31211665458271
STU_013526,79.19122956194869
STU_013527,66.44366139570005
STU_013528,56.228588843534816
STU_013529,96.94163310922815
STU_013530,65.8715072567666
STU_013531,93.23849853691468
STU_013532,59.7582491614327
STU_013533,73.97176793842874
STU_013534,89.83551274094351
STU_013535,96.54745337299701
STU_013536,82.92987545542633
STU_013537,77.04474377780483
STU_013538,94.25077187810038
STU_013539,68.34615252841645
STU_013540,100.0
STU_013541,65.66235496185644
STU_013542,86.79108696635011
STU_013543,72.9312814396061
STU_013544,73.38546534593954
STU_013545,86.23913376743926
STU_013546,96.22321856972667
STU_013547,98.26339966617222
STU_013548,79.9032026511679
STU_013549,63.7017592111847
STU_013550,77.6682592332852
STU_013551,66.93959678422648
STU_013552,82.99281015992092
STU_013553,71.3715531362079
STU_013554,73.09856809361757
STU_013555,61.085786930966876
STU_013556,85.51094268966777
STU_013557,69.34417637382901
STU_013558,67.3207696334596
STU_013559,86.91896408872972
STU_013560,51.83735852868376
STU_013561,71.60261526897288
STU_013562,87.65834336057725
STU_013563,85.9744834371071
STU_013564,56.48794293951371
STU_013565,79.47314646209281
STU_013566,71.20508983244005
STU_013567,93.60108255607065
STU_013568,72.29002385882997
STU_013569,73.84559842258429
STU_013570,71.82795081785318
STU_013571,74.69454948550984
STU_013572,59.95397040516872
STU_013573,64.59048526422846
STU_013574,74.1222961227455
STU_013575,56.59230136468021
STU_013576,71.12241344143888
STU_013577,63.277377332430234
STU_013578,71.69440739092471
STU_013579,73.50533054248677
STU_013580,85.0460934497759
STU_013581,56.231234646104625
STU_013582,78.70131071290356
STU_013583,66.85204463559148
STU_013584,74.35708632610066
STU_013585,64.30545975378969
STU_013586,60.64929456388694
STU_013587,96.34452825456641
STU_013588,68.66256648886717
STU_013589,74.5130867116113
STU_013590,80.0635433239323
STU_013591,89.11382302314236
STU_013592,99.13836403525602
STU_013593,97.89431386817813
STU_013594,70.9532042536492
STU_013595,64.92800945649469
STU_013596,84.32735756196047
STU_013597,63.07173342593285
STU_013598,75.82991499671536
STU_013599,69.81605759454028
STU_013600,96.0792122047491
STU_013601,73.22418172290377
STU_013602,64.75332123910636
STU_013603,94.17218309034376
STU_013604,65.9309213743403
STU_013605,90.42709440309307
STU_013606,67.72418101742869
STU_013607,42.597681790759246
STU_013608,78.39846111572349
STU_013609,78.81467261233513
STU_013610,92.81906582672633
STU_013611,94.57706222487033
STU_013612,64.26795716499795
STU_013613,76.68750245761782
STU_013614,54.305780690970344
STU_013615,80.03366439614935
STU_013616,78.85792866716817
STU_013617,65.55170619856736
STU_013618,60.33023187914685
STU_013619,65.37312953276742
STU_013620,71.40851898931983
STU_013621,74.70036112780902
STU_013622,62.76769921403657
STU_013623,51.78417294695052
STU_013624,52.61858688410737
STU_013625,84.1945972984555
STU_013626,76.15937574802831
STU_013627,86.25165565819123
STU_013628,93.75972618474749
STU_013629,79.05402907231444
STU_013630,66.63250320762288
STU_013631,68.08526927880635
STU_013632,56.49766441330715
STU_013633,94.65532736952369
STU_013634,65.81675095320786
STU_013635,98.79559740937677
STU_013636,70.69695312551477
STU_013637,79.63541778049996
STU_013638,76.6715869866878
STU_013639,66.93685348767772
STU_013640,76.69861963090209
STU_013641,86.17780532389884
STU_013642,70.07623073715563
STU_013643,82.22446541797814
STU_013644,60.56129267430824
STU_013645,74.64319309053144
STU_013646,88.29443609106367
STU_013647,84.84335901298878
STU_013648,98.31172110422685
STU_013649,74.3511598331804
STU_013650,93.65944501193296
STU_013651,71.89617051830486
STU_013652,65.40359431237427
STU_013653,87.94201699421035
STU_013654,78.78480868921797
STU_013655,74.53630403178896
STU_013656,98.05456998320248
STU_013657,65.31569480073249
STU_013658,82.60922676606197
STU_013659,68.12095998933741
STU_013660,67.19948189552126
STU_013661,76.87554580063127
STU_013662,84.45624130149952
STU_013663,75.54758470146723
STU_013664,90.67709275564513
STU_013665,77.74400780296173
STU_013666,85.49785403344484
STU_013667,60.898232762047535
STU_013668,90.94632475101822
STU_013669,62.5490472490748
STU_013670,85.88564796586358
STU_013671,100.0
STU_013672,70.71184768665503
STU_013673,95.29121387373405
STU_013674,75.76309238140603
STU_013675,65.4665506574529
STU_013676,75.54321294665664
STU_013677,83.94228135248918
STU_013678,72.32452908038255
STU_013679,67.67596788425797
STU_013680,54.15365277529332
STU_013681,98.79061560984115
STU_013682,43.580286964019045
STU_013683,56.204602893177864
STU_013684,73.86500748140432
STU_013685,84.52035266101454
STU_013686,89.36374901635624
STU_013687,80.68791913659697
STU_013688,63.08664934226594
STU_013689,97.5860713883952
STU_013690,87.09279969611865
STU_013691,66.91759130449886
STU_013692,63.55413895452375
STU_013693,88.63255141295498
STU_013694,75.46878136513482
STU_013695,69.80660732729403
STU_013696,100.0
STU_013697,68.76845024377488
STU_013698,63.36965952064209
STU_013699,69.16600083896303
STU_013700,82.79498727089974
STU_013701,80.71401239432993
STU_013702,91.49154900804115
STU_013703,68.52909433062169
STU_013704,77.2942884309022
STU_013705,82.10983208128434
STU_013706,62.39769552378987
STU_013707,68.20412636152527
STU_013708,57.69560285695319
STU_013709,87.9561190911015
STU_013710,80.33093931154463
STU_013711,98.44196593440105
STU_013712,74.41661725374131
STU_013713,62.29466538591373
STU_013714,72.3114878536341
STU_013715,97.66533735860315
STU_013716,69.10074144839786
STU_013717,55.78006414636876
STU_013718,83.09560296089533
STU_013719,74.86028843395678
STU_013720,54.353072277656736
STU_013721,58.046385226214966
STU_013722,77.68312856553575
STU_013723,80.07204603664135
STU_013724,88.71985074203114
STU_013725,66.93785635735071
STU_013726,65.5438872296545
STU_013727,64.91863209464992
STU_013728,95.24770105304498
STU_013729,90.10151496590197
STU_013730,77.91453419866342
STU_013731,88.29250801427932
STU_013732,77.20983943684881
STU_013733,85.57925572614369
STU_013734,59.53467982440749
STU_013735,74.72469183335122
STU_013736,99.07632092035368
STU_013737,86.50753560321255
STU_013738,75.31954440583195
STU_013739,71.67364905674734
STU_013740,80.09913701817905
STU_013741,76.63686821278102
STU_013742,92.99950335442588
STU_013743,91.93960822669365
STU_013744,62.06490798185786
STU_013745,92.19011519693487
STU_013746,88.35487481988574
STU_013747,94.5061727393998
STU_013748,71.89135663708309
STU_013749,96.07218140689653
STU_013750,70.65907786546371
STU_013751,73.90111675778195
STU_013752,79.03651003886995
STU_013753,82.35016795427421
STU_013754,72.9717567156973
STU_013755,65.87727823534198
STU_013756,69.33243698719795
STU_013757,100.0
STU_013758,94.58445045604314
STU_013759,59.047284544784326
STU_013760,57.98525003774512
STU_013761,95.33153439476776
STU_013762,73.07198324663739
STU_013763,76.53504377277406
STU_013764,63.02250200227306
STU_013765,63.67714978987724
STU_013766,82.95275069801114
STU_013767,83.40290728234785
STU_013768,69.9451272898355
STU_013769,53.76890409343011
STU_013770,89.19511808006125
STU_013771,94.03218143301541
STU_013772,65.66796441470264
STU_013773,71.10290523856507
STU_013774,76.66113809692307
STU_013775,75.26322699030268
STU_013776,61.35273820402732
STU_013777,73.39529367324575
STU_013778,88.36728854372066
STU_013779,96.69770897470515
STU_013780,71.98801465957254
STU_013781,60.656935576148925
STU_013782,75.83427568973747
STU_013783,88.4978726017205
STU_013784,75.81779085730179
STU_013785,68.72491793070627
STU_013786,77.27227106189892
STU_013787,97.07271663366856
STU_013788,59.59203755548105
STU_013789,85.52892189422369
STU_013790,65.67564600336146
STU_013791,79.74050630449759
STU_013792,100.0
STU_013793,72.81834839956312
STU_013794,74.71508789038938
STU_013795,76.62073208100645
STU_013796,69.73338453729154
STU_013797,89.36173203658416
STU_013798,58.71249986113676
STU_013799,77.75547497430064
STU_013800,83.23260217394395
STU_013801,98.46846529710152
STU_013802,82.83129001822577
STU_013803,72.09490459229065
STU_013804,74.72759754311426
STU_013805,92.37311030484207
STU_013806,70.05824384696199
STU_013807,74.80698170916644
STU_013808,72.70946904086084
STU_013809,77.93738863646516
STU_013810,85.00750051619471
STU_013811,70.53437689138855
STU_013812,77.33750542014583
STU_013813,67.53600044089764
STU_013814,64.35272777807134
STU_013815,77.48414312425652
STU_013816,68.59340235320738
STU_013817,82.95282213086944
STU_013818,55.82087921286809
STU_013819,84.06081574392516
STU_013820,76.22747212221338
STU_013821,69.50168088528685
STU_013822,95.53162330916061
STU_013823,89.1738265908164
STU_013824,70.3581114852904
STU_013825,62.33977014604798
STU_013826,84.08085518867466
STU_013827,76.28158687277089
STU_013828,89.3399092674621
STU_013829,79.57360058211852
STU_013830,83.80996777212141
STU_013831,80.8433293649121
STU_013832,88.36200591266798
STU_013833,82.63990109102551
STU_013834,68.52669728232024
STU_013835,80.93888081771856
STU_013836,66.60436451943605
STU_013837,96.07470738928781
STU_013838,55.28449373220734
STU_013839,59.696430148765415
STU_013840,58.96642042759507
STU_013841,98.85225952206505
STU_013842,78.59466706092161
STU_013843,74.26270557913861
STU_013844,70.33890979057692
STU_013845,90.5343144793234
STU_013846,84.06582434821648
STU_013847,43.428490380918106
STU_013848,100.0
STU_013849,56.30371263343564
STU_013850,69.75939224158911
STU_013851,65.1498726200951
STU_013852,87.21412377390628
STU_013853,66.90473730702354
STU_013854,85.911287712352
STU_013855,73.91774329176711
STU_013856,58.05108771724406
STU_013857,76.44356142553936
STU_013858,84.59211523913845
STU_013859,76.89105346858827
STU_013860,71.88352367454678
STU_013861,69.95535283355336
STU_013862,81.6663869853643
STU_013863,81.18132106073075
STU_013864,69.93060376086531
STU_013865,90.3218482789517
STU_013866,54.87577299001914
STU_013867,75.96999991924761
STU_013868,92.35387393405844
STU_013869,70.54501559631693
STU_013870,49.87859076264391
STU_013871,72.33589756371553
STU_013872,100.0
STU_013873,70.08409746133003
STU_013874,68.4438228919113
STU_013875,62.93772492746817
STU_013876,76.12000633096054
STU_013877,57.78842804014445
STU_013878,62.39168877195985
STU_013879,62.55453278375132
STU_013880,96.28066266983335
STU_013881,69.82820195124182
STU_013882,83.91872011591053
STU_013883,67.41262988141193
STU_013884,79.74590497539411
STU_013885,86.80719880047086
STU_013886,85.11536588820853
STU_013887,75.88140666301908
STU_013888,78.00842169340177
STU_013889,79.00190069629372
STU_013890,92.61487717075983
STU_013891,92.42193278376482
STU_013892,73.51777328458236
STU_013893,57.25514283649509
STU_013894,93.85640889409004
STU_013895,53.26632920218751
STU_013896,92.24971061729009
STU_013897,79.29085453722435
STU_013898,79.04335096934695
STU_013899,84.06720522476007
STU_013900,67.76585869935836
STU_013901,77.55314862561065
STU_013902,73.34918951380435
STU_013903,72.8707295516408
STU_013904,68.08930019323735
STU_013905,87.97631047632426
STU_013906,78.80541528967392
STU_013907,65.62933191860192
STU_013908,65.22204826364943
STU_013909,88.57059033492048
STU_013910,64.35837713123017
STU_013911,82.38803333745733
STU_013912,78.34683011262281
STU_013913,73.07580562197415
STU_013914,62.748150252750094
STU_013915,67.1347759455085
STU_013916,94.28345411526338
STU_013917,52.23212503568691
STU_013918,52.25781773314842
STU_013919,80.53629470602485
STU_013920,78.46099112736304
STU_013921,61.04902438241536
STU_013922,94.6050542469523
STU_013923,90.50253766046758
STU_013924,83.83712446279111
STU_013925,68.3816561125123
STU_013926,77.65792020544988
STU_013927,99.33598023040832
STU_013928,44.04197458994042
STU_013929,61.000468677435094
STU_013930,69.84565584378815
STU_013931,64.2173136719935
STU_013932,65.44733289176406
STU_013933,54.12755614028869
STU_013934,64.40237776405259
STU_013935,75.90867148170567
STU_013936,88.66943223549592
STU_013937,80.03380977906457
STU_013938,76.0330790378973
STU_013939,65.25390956761782
STU_013940,64.98191931854808
STU_013941,67.47196979447531
STU_013942,100.0
STU_013943,61.97408814534702
STU_013944,88.25928036521782
STU_013945,74.54833356817909
STU_013946,98.32591524233695
STU_013947,79.88783255524126
STU_013948,76.50748960405184
STU_013949,52.386886316895556
STU_013950,87.56841490394052
STU_013951,55.218913504169706
STU_013952,93.94082212241572
STU_013953,71.04323382197862
STU_013954,48.63864113549052
STU_013955,62.050776242761245
STU_013956,79.13331846646065
STU_013957,79.01617616852809
STU_013958,71.83765502250172
STU_013959,71.27927796108474
STU_013960,78.04025208736228
STU_013961,74.16345828363642
STU_013962,65.56274859743826
STU_013963,66.10410698872674
STU_013964,77.4508367446391
STU_013965,63.44266367462369
STU_013966,69.63470209734115
STU_013967,68.28644189865429
STU_013968,94.07803507570827
STU_013969,49.75086921701731
STU_013970,90.85250033241637
STU_013971,63.19461463646765
STU_013972,73.06548300069971
STU_013973,70.65449798462762
STU_013974,93.62987729888746
STU_013975,87.88527590215566
STU_013976,67.88103487427696
STU_013977,83.61961776276205
STU_013978,93.5639389754884
STU_013979,86.84570130713891
STU_013980,76.38615533423021
STU_013981,74.11132776457336
STU_013982,66.27329400551503
STU_013983,76.28299022271747
STU_013984,65.45719847505941
STU_013985,85.62205372866124
STU_013986,67.82243138620244
STU_013987,93.76598712285482
STU_013988,69.5469398387012
STU_013989,64.34194687732904
STU_013990,68.56636041359143
STU_013991,80.83115547302351
STU_013992,78.89519615834348
STU_013993,76.47644105856304
STU_013994,74.47034642630142
STU_013995,58.9458504483408
STU_013996,70.12342253311866
STU_013997,95.45726553475419
STU_013998,61.72040584209865
STU_013999,75.71841264835916
STU_014000,75.80949070623856
STU_014001,63.93951313422322
STU_014002,60.67801166954933
STU_014003,68.8721777230054
STU_014004,62.89519012920752
STU_014005,67.58314616606309
STU_014006,66.57154243818601
STU_014007,82.03507262966644
STU_014008,60.94241836042729
STU_014009,98.12832802034492
STU_014010,70.18156238529589
STU_014011,80.4777487094032
STU_014012,94.89953941663941
STU_014013,50.96201663536162
STU_014014,88.73867399481456
STU_014015,82.22061729793404
STU_014016,64.92659090100223
STU_014017,81.29180345422311
STU_014018,75.61475596095838
STU_014019,89.22744611785264
STU_014020,83.03370460263278
STU_014021,92.34242628839259
STU_014022,68.5987883888501
STU_014023,62.84061409090222
STU_014024,75.38328299273505
STU_014025,81.03416972027262
STU_014026,75.63751605868738
STU_014027,100.0
STU_014028,85.35001425811991
STU_014029,77.1596283590048
STU_014030,76.17444064066294
STU_014031,73.49017463218313
STU_014032,70.19395391650552
STU_014033,70.95745018317814
STU_014034,90.98073861776228
STU_014035,94.9135450524128
STU_014036,53.2364052279864
STU_014037,61.60429193768233
STU_014038,84.27782878782274
STU_014039,86.95381257650192
STU_014040,68.48192376834334
STU_014041,74.28764724170756
STU_014042,69.56603116026484
STU_014043,70.4152184690398
STU_014044,100.0
STU_014045,79.48826245568605
STU_014046,66.21547300675098
STU_014047,89.94873970303726
STU_014048,62.47428099925759
STU_014049,84.47546777471288
STU_014050,80.83711683299175
STU_014051,73.33992217681785
STU_014052,79.00633491309614
STU_014053,88.21141126934359
STU_014054,87.87673293709292
STU_014055,100.0
STU_014056,82.60584943604613
STU_014057,65.36489582431211
STU_014058,77.09015183892424
STU_014059,62.86012163045368
STU_014060,77.77644752903657
STU_014061,69.00855120850665
STU_014062,87.08126513310205
STU_014063,70.99888268048805
STU_014064,67.1464007754879
STU_014065,60.554473666468674
STU_014066,44.942658817460355
STU_014067,94.27166288105595
STU_014068,70.41454390819125
STU_014069,78.21101981298915
STU_014070,73.85955732609776
STU_014071,39.49214065592036
STU_014072,71.40824773775131
STU_014073,80.60117773798676
STU_014074,73.69205217207076
STU_014075,71.23891599303934
STU_014076,65.73305254303604
STU_014077,58.649224488567725
STU_014078,53.59493765754938
STU_014079,78.84920410471084
STU_014080,87.96890467652737
STU_014081,100.0
STU_014082,81.43094794052612
STU_014083,62.90140140483305
STU_014084,75.61652605212626
STU_014085,100.0
STU_014086,59.55408654267198
STU_014087,68.70660090918156
STU_014088,72.42222844086973
STU_014089,71.1625726722838
STU_014090,66.57568223995659
STU_014091,87.59664778170611
STU_014092,69.94081783251889
STU_014093,71.11555825118272
STU_014094,62.76755437892354
STU_014095,78.24500570279113
STU_014096,84.04552844552742
STU_014097,87.11250888149397
STU_014098,67.29355600361558
STU_014099,70.47071854048704
STU_014100,65.23300671211871
STU_014101,78.37139275479922
STU_014102,80.36087023853369
STU_014103,72.24001320170147
STU_014104,93.35643028415676
STU_014105,45.677290342352805
STU_014106,71.17191329089246
STU_014107,86.45875364178065
STU_014108,80.55657794839759
STU_014109,80.31033744076439
STU_014110,84.96210322348838
STU_014111,88.13984681385641
STU_014112,61.34449374556003
STU_014113,59.15160203725609
STU_014114,65.72642193680497
STU_014115,76.46057552829144
STU_014116,99.10983969760963
STU_014117,67.18595932647327
STU_014118,94.77702913675924
STU_014119,69.45283331010702
STU_014120,67.47029687689809
STU_014121,60.43420477010851
STU_014122,59.42621064237234
STU_014123,60.82292271911214
STU_014124,56.74342964378174
STU_014125,83.02293658260679
STU_014126,65.33082842902401
STU_014127,69.90906665699015
STU_014128,55.773606155965446
STU_014129,87.0828974333765
STU_014130,80.68966549035753
STU_014131,91.2010606212886
STU_014132,79.6312519508718
STU_014133,71.54328439700127
STU_014134,45.21168027312414
STU_014135,74.70466635073642
STU_014136,73.15953883170421
STU_014137,97.59987114719715
STU_014138,53.8704437939634
STU_014139,75.60245395904664
STU_014140,75.62876825786718
STU_014141,91.55862763763868
STU_014142,74.20319673883154
STU_014143,84.87571367850748
STU_014144,99.03345058435924
STU_014145,68.36341251292217
STU_014146,95.82233681871901
STU_014147,80.85277427804643
STU_014148,93.42033595150193
STU_014149,77.30184885263415
STU_014150,63.81760084494538
STU_014151,94.45388360562008
STU_014152,88.95397859239387
STU_014153,58.5300343773031
STU_014154,79.1276786054431
STU_014155,70.25565239514336
STU_014156,90.58665419519212
STU_014157,78.74911939482281
STU_014158,78.46947267425162
STU_014159,80.70211035806548
STU_014160,92.50513329022264
STU_014161,79.89718832955425
STU_014162,96.10963635617153
STU_014163,74.70972082224372
STU_014164,53.270678503603335
STU_014165,95.05031344348656
STU_014166,67.65464589153056
STU_014167,82.0611551339544
STU_014168,66.97849060628101
STU_014169,55.255630298557946
STU_014170,82.19094959053487
STU_014171,81.69821195219805
STU_014172,82.24943890433445
STU_014173,65.71480417939323
STU_014174,79.17799223604639
STU_014175,80.5987860949751
STU_014176,65.67502924128829
STU_014177,77.44405654379743
STU_014178,73.79926100391809
STU_014179,84.35466775000444
STU_014180,79.14127562260414
STU_014181,75.30872546374412
STU_014182,95.73683615578346
STU_014183,64.02280631149404
STU_014184,83.36755131663739
STU_014185,78.47740353623749
STU_014186,94.22201788896345
STU_014187,95.35797430745491
STU_014188,80.1540933386121
STU_014189,69.13546719011116
STU_014190,69.76399717235128
STU_014191,67.55530371195574
STU_014192,63.198859039700835
STU_014193,84.32498262178565
STU_014194,71.0269964363686
STU_014195,60.44885587983595
STU_014196,83.54113337513147
STU_014197,62.14657844328908
STU_014198,70.89148048276299
STU_014199,58.54347503008819
STU_014200,76.17336214580992
STU_014201,75.75836701742983
STU_014202,81.17994194831432
STU_014203,59.286310449845445
STU_014204,88.8695937687051
STU_014205,69.27047969616622
STU_014206,74.21031952936386
STU_014207,79.98513924675989
STU_014208,70.79153195740335
STU_014209,69.85335393120417
STU_014210,92.36404495739336
STU_014211,79.1142113026556
STU_014212,97.75683257693387
STU_014213,79.55877950773888
STU_014214,63.644018120507724
STU_014215,69.75779130898442
STU_014216,69.69726861631705
STU_014217,86.60228757351379
STU_014218,100.0
STU_014219,67.16962466210897
STU_014220,74.75537983981928
STU_014221,79.20818372784939
STU_014222,78.65525899148518
STU_014223,83.2965933962054
STU_014224,91.81001462311426
STU_014225,77.43959771914261
STU_014226,56.46476690807852
STU_014227,74.37174070594499
STU_014228,61.555902010442736
STU_014229,88.03127699934545
STU_014230,89.35007890821922
STU_014231,78.20985539353859
STU_014232,77.17376144484504
STU_014233,56.57044641466592
STU_014234,100.0
STU_014235,76.19360621215776
STU_014236,72.53760757088875
STU_014237,84.86187040979664
STU_014238,49.01922777603186
STU_014239,88.11419207244253
STU_014240,73.42380695502415
STU_014241,80.4354375673517
STU_014242,90.96290742789932
STU_014243,66.23126877720574
STU_014244,76.17087887729086
STU_014245,83.57729233531447
STU_014246,75.27612987165313
STU_014247,65.0312782746631
STU_014248,88.75435944306781
STU_014249,78.43787058367975
STU_014250,82.12302217457604
STU_014251,78.54889954120873
STU_014252,64.15563448814365
STU_014253,87.96030481185099
STU_014254,70.54203251917721
STU_014255,95.52421095075758
STU_014256,65.00732978845565
STU_014257,73.3149878721911
STU_014258,86.64387613127643
STU_014259,67.35181039116128
STU_014260,87.10955144425559
STU_014261,81.99209423388362
STU_014262,77.50183407810695
STU_014263,59.79866795921573
STU_014264,88.34170952169164
STU_014265,67.87155716110352
STU_014266,83.69403226889685
STU_014267,96.63989629004885
STU_014268,92.83999272023307
STU_014269,73.48364700932049
STU_014270,71.96796967449987
STU_014271,59.75274580822023
STU_014272,70.68101972511221
STU_014273,69.54039793707247
STU_014274,67.70150022119388
STU_014275,85.97940429973099
STU_014276,65.75568488352238
STU_014277,92.04790409997193
STU_014278,63.22470995432772
STU_014279,91.33302463253696
STU_014280,53.87453288245613
STU_014281,92.05618995826318
STU_014282,68.77877916517872
STU_014283,57.18068996377865
STU_014284,86.82523268096563
STU_014285,93.80292839683536
STU_014286,66.9665054637228
STU_014287,83.03644282362932
STU_014288,48.55306832894744
STU_014289,74.05961418064624
STU_014290,76.17356979307372
STU_014291,68.36094043436029
STU_014292,73.4777425462026
STU_014293,70.77215857274251
STU_014294,61.37098002048259
STU_014295,69.1749752953115
STU_014296,63.756897255275554
STU_014297,57.356470882128015
STU_014298,72.87292761599929
STU_014299,81.03954559433295
STU_014300,90.39069744766611
STU_014301,58.12709900306365
STU_014302,100.0
STU_014303,94.62016148270523
STU_014304,64.1620083684879
STU_014305,79.29448960384916
STU_014306,71.19315797656816
STU_014307,100.0
STU_014308,72.63032320656538
STU_014309,89.58548306524114
STU_014310,71.72942179292852
STU_014311,100.0
STU_014312,73.71314245386179
STU_014313,71.61335396148618
STU_014314,65.40859285165878
STU_014315,81.13911596324994
STU_014316,75.14108021352493
STU_014317,69.2001508364862
STU_014318,73.25981001101842
STU_014319,62.15401425843305
STU_014320,75.65399849600841
STU_014321,66.70927344645864
STU_014322,94.20612037107244
STU_014323,83.81770013590662
STU_014324,82.36621478016008
STU_014325,83.81073432428407
STU_014326,81.67502542564341
STU_014327,68.67048105309061
STU_014328,53.75633685348328
STU_014329,93.10483889566049
STU_014330,55.026333400936494
STU_014331,62.155474594402335
STU_014332,59.570412273680866
STU_014333,65.13253607294212
STU_014334,93.38507249205699
STU_014335,80.03029514630818
STU_014336,91.54898176083962
STU_014337,79.36193953080308
STU_014338,66.57360507925713
STU_014339,63.53573663331852
STU_014340,61.520870634822614
STU_014341,92.7904327982437
STU_014342,57.264883258453715
STU_014343,74.36844831026087
STU_014344,46.221913180924005
STU_014345,75.22817468652775
STU_014346,85.92595465599928
STU_014347,66.53144451928796
STU_014348,74.27744520422479
STU_014349,66.38960357740729
STU_014350,70.88061988617798
STU_014351,73.18682003548382
STU_014352,90.44979643784573
STU_014353,94.62413802483694
STU_014354,87.05075497766772
STU_014355,62.01399282735687
STU_014356,51.55657106725455
STU_014357,85.82601419903713
STU_014358,58.444953346534085
STU_014359,74.22786222098817
STU_014360,58.27319098441381
STU_014361,72.90528929372252
STU_014362,100.0
STU_014363,48.38847880372676
STU_014364,81.67953288197589
STU_014365,63.440468814535734
STU_014366,75.18267550246422
STU_014367,74.35625825416844
STU_014368,86.62355068259095
STU_014369,88.0034786310147
STU_014370,94.89060009948356
STU_014371,74.35946658573138
STU_014372,86.28317544277176
STU_014373,68.82390802530185
STU_014374,76.18923922114891
STU_014375,78.20924296231273
STU_014376,90.62963554750473
STU_014377,85.1646944732555
STU_014378,98.22507215705943
STU_014379,75.62588836800946
STU_014380,83.54719843430402
STU_014381,49.37349536987272
STU_014382,76.55561084680446
STU_014383,72.55497425857166
STU_014384,86.60191327469316
STU_014385,90.92060504885919
STU_014386,64.01993786851511
STU_014387,78.7014100656085
STU_014388,68.72599080439738
STU_014389,76.59531959878696
STU_014390,67.28714275892071
STU_014391,47.12187984458676
STU_014392,86.38126776068432
STU_014393,92.7519418082227
STU_014394,72.1501175277832
STU_014395,95.96498794832114
STU_014396,92.12348810003516
STU_014397,78.80735352372285
STU_014398,100.0
STU_014399,70.02571998374107
STU_014400,93.11999642608075
STU_014401,84.01898059890146
STU_014402,75.69367070110096
STU_014403,75.24362114651235
STU_014404,81.81480948825539
STU_014405,67.33166066474766
STU_014406,77.18617479083852
STU_014407,99.38535161968761
STU_014408,62.445167957685605
STU_014409,55.145868813033374
STU_014410,75.89959658465828
STU_014411,66.0458589591855
STU_014412,74.46148494081801
STU_014413,81.01093607467712
STU_014414,65.81784016127452
STU_014415,71.63554698388869
STU_014416,76.80874587754857
STU_014417,93.58268631648748
STU_014418,91.8860130413607
STU_014419,56.23464709754368
STU_014420,90.12794165384156
STU_014421,96.08611948916501
STU_014422,71.52639797031577
STU_014423,94.50762050860664
STU_014424,74.99860860172858
STU_014425,99.3137287583732
STU_014426,70.35456560575165
STU_014427,83.76299158459157
STU_014428,92.87777926466187
STU_014429,95.85923606292636
STU_014430,54.707072439563774
STU_014431,58.803096426539284
STU_014432,72.84964172480115
STU_014433,60.816474575962005
STU_014434,74.99155598651137
STU_014435,96.95076473451635
STU_014436,60.595066390173955
STU_014437,76.08295837476045
STU_014438,78.28141058333722
STU_014439,84.10820499592016
STU_014440,49.80187625667452
STU_014441,61.646221037761606
STU_014442,78.26875481949605
STU_014443,55.74800471250964
STU_014444,51.98919396264763
STU_014445,69.75809376502912
STU_014446,67.21574105938431
STU_014447,93.28724373486651
STU_014448,63.52647480775629
STU_014449,53.683502001546465
STU_014450,69.12810492561229
STU_014451,83.63750858885591
STU_014452,89.54478237079543
STU_014453,100.0
STU_014454,88.20822404623345
STU_014455,88.91910930705616
STU_014456,81.9051069373688
STU_014457,62.97812002965462
STU_014458,65.76977833585255
STU_014459,81.24726411374957
STU_014460,100.0
STU_014461,93.76631720502992
STU_014462,84.61998963148801
STU_014463,84.86008379262108
STU_014464,75.4195173456054
STU_014465,94.37933258420892
STU_014466,68.36790458153621
STU_014467,77.02174340310651
STU_014468,77.15339719512758
STU_014469,87.66174657699597
STU_014470,74.15240230608566
STU_014471,79.42454109478344
STU_014472,64.45233131274982
STU_014473,67.04541866529816
STU_014474,87.05280385810131
STU_014475,61.05041877567197
STU_014476,66.73803842916172
STU_014477,93.11958534230524
STU_014478,83.50009593579853
STU_014479,97.49695455336706
STU_014480,79.82793077063032
STU_014481,88.55201945899735
STU_014482,53.2077876454361
STU_014483,93.11965580162331
STU_014484,49.273296406519805
STU_014485,76.04079891788139
STU_014486,89.58663608298446
STU_014487,80.26283766423498
STU_014488,70.55893443040017
STU_014489,49.34546728083572
STU_014490,90.65170443304301
STU_014491,82.14934094268443
STU_014492,78.41401460795335
STU_014493,61.18097353300977
STU_014494,85.68133274788408
STU_014495,69.98254766191361
STU_014496,72.70934017318174
STU_014497,65.0504714895363
STU_014498,86.13558273325572
STU_014499,81.23939657732828
STU_014500,65.84341022821087
STU_014501,71.64083348711183
STU_014502,70.90610293717761
STU_014503,74.21450443840136
STU_014504,100.0
STU_014505,74.17531479313703
STU_014506,74.8873133226073
STU_014507,72.12330271686095
STU_014508,64.71756130658558
STU_014509,78.83041341185653
STU_014510,58.90747702446483
STU_014511,85.03414780504052
STU_014512,74.25172672614443
STU_014513,81.82868428992892
STU_014514,79.11551389865507
STU_014515,75.30155128784634
STU_014516,81.28551351369283
STU_014517,77.13854239778512
STU_014518,76.5168021128488
STU_014519,59.21479232269009
STU_014520,75.5101168646467
STU_014521,95.55282213662505
STU_014522,65.49255193348522
STU_014523,95.59913416475493
STU_014524,88.70366306442975
STU_014525,71.24859882942667
STU_014526,77.93057960198075
STU_014527,46.123915046170275
STU_014528,66.41358590756823
STU_014529,83.32254151639364
STU_014530,69.61357845192856
STU_014531,72.27150087133228
STU_014532,94.68551171555501
STU_014533,100.0
STU_014534,93.7724323710811
STU_014535,93.52318427036778
STU_014536,87.00847772568581
STU_014537,78.4192849565177
STU_014538,61.17735348154267
STU_014539,65.90959475204129
STU_014540,54.46982859647558
STU_014541,88.29726373242389
STU_014542,57.48116051452981
STU_014543,83.9100835287761
STU_014544,66.34435757426346
STU_014545,60.22157384218218
STU_014546,57.47081381501073
STU_014547,63.689574144758936
STU_014548,93.42528601403635
STU_014549,95.58524526660078
STU_014550,79.98455535937822
STU_014551,68.75333584230479
STU_014552,69.2070851452396
STU_014553,83.3460281506528
STU_014554,75.26751810887103
STU_014555,69.77267540970013
STU_014556,93.82736223912613
STU_014557,75.59377739411886
STU_014558,58.87004297919232
STU_014559,81.95181509518454
STU_014560,95.99754236599199
STU_014561,75.25832071237949
STU_014562,73.13483009384619
STU_014563,77.28820769100467
STU_014564,94.42287773264208
STU_014565,62.07494182336215
STU_014566,85.57150659282694
STU_014567,69.71245820507251
STU_014568,66.246970489864
STU_014569,76.62518271268158
STU_014570,55.79168017854111
STU_014571,64.43536633556121
STU_014572,75.91333825725766
STU_014573,79.40649879506282
STU_014574,63.755385753546506
STU_014575,58.41925094553426
STU_014576,67.82374128811455
STU_014577,57.78137606734903
STU_014578,61.71063117098134
STU_014579,78.7714573025319
STU_014580,86.54792780995129
STU_014581,89.64122750012275
STU_014582,83.23198635625305
STU_014583,70.64556903799004
STU_014584,80.47495777414903
STU_014585,73.7625375111982
STU_014586,87.96622257903917
STU_014587,60.95696754202139
STU_014588,78.9975104350003
STU_014589,58.24443694620898
STU_014590,66.95253261050345
STU_014591,86.73168496376178
STU_014592,76.17261111649685
STU_014593,93.14844606749111
STU_014594,92.60120220784255
STU_014595,52.03508823724445
STU_014596,100.0
STU_014597,71.51431958660596
STU_014598,63.820322579862676
STU_014599,79.08188197457731
STU_014600,56.61638202381846
STU_014601,77.75116395217279
STU_014602,92.74193935179292
STU_014603,52.618144334877854
STU_014604,87.18535585651088
STU_014605,100.0
STU_014606,59.037965244118936
STU_014607,76.82482182267609
STU_014608,58.924448903998424
STU_014609,81.78172327991136
STU_014610,85.14565020992643
STU_014611,77.33487742494988
STU_014612,57.348453823022965
STU_014613,67.29940831023423
STU_014614,87.87528438066154
STU_014615,75.17491207982567
STU_014616,92.84679777706008
STU_014617,64.0280422399585
STU_014618,83.38189190947675
STU_014619,76.24466758345541
STU_014620,85.19669863091627
STU_014621,59.89699865279265
STU_014622,96.84067546374288
STU_014623,72.64245467466253
STU_014624,81.63783879648103
STU_014625,70.09969085390101
STU_014626,89.9814446893003
STU_014627,65.09987861730892
STU_014628,56.78541078977425
STU_014629,82.16140708770307
STU_014630,71.79489917415188
STU_014631,62.86339836468254
STU_014632,69.28048972710158
STU_014633,68.42496404154652
STU_014634,95.11616018504027
STU_014635,59.78837676946823
STU_014636,46.61854941366771
STU_014637,92.28285577395519
STU_014638,69.38491052418935
STU_014639,76.92614491042866
STU_014640,68.38333671791725
STU_014641,60.95134241855125
STU_014642,91.99112212479598
STU_014643,55.961627068513835
STU_014644,90.97531353425802
STU_014645,81.925714120956
STU_014646,87.9338134761164
STU_014647,91.04359173627438
STU_014648,73.451635686404
STU_014649,91.64336305596771
STU_014650,69.60656519831831
STU_014651,63.58764223678724
STU_014652,92.50953046358688
STU_014653,78.55026889496554
STU_014654,86.87091203684567
STU_014655,53.107285618899425
STU_014656,68.1953020397657
STU_014657,56.712461486946225
STU_014658,78.99740152136947
STU_014659,69.77449198685854
STU_014660,72.32437422902184
STU_014661,52.6791062503342
STU_014662,72.00630512053894
STU_014663,74.43841674803377
STU_014664,53.303010090593816
STU_014665,78.01257677535204
STU_014666,92.71439236957406
STU_014667,79.2580588238499
STU_014668,57.12555633369462
STU_014669,77.69298482945126
STU_014670,98.42845789573535
STU_014671,78.81532865611051
STU_014672,82.58893279350691
STU_014673,94.0453362025752
STU_014674,92.74845971030378
STU_014675,84.0771960223858
STU_014676,75.2710753959866
STU_014677,65.23872274811572
STU_014678,68.57457637021015
STU_014679,59.86028990795087
STU_014680,47.1393237212583
STU_014681,89.76920377830936
STU_014682,47.39604972369461
STU_014683,67.42243467768854
STU_014684,62.06695513260766
STU_014685,65.41997333419184
STU_014686,79.63558308945937
STU_014687,85.59053476500331
STU_014688,93.54222421937075
STU_014689,66.77079698047646
STU_014690,60.73401959386305
STU_014691,85.2308474815491
STU_014692,93.26180274838006
STU_014693,72.94982919889773
STU_014694,75.05536697605758
STU_014695,100.0
STU_014696,46.74568273106872
STU_014697,73.06033764229068
STU_014698,94.44791291023662
STU_014699,66.28357987289017
STU_014700,89.46790040652446
STU_014701,66.24420408813135
STU_014702,87.9164363338979
STU_014703,79.5986111950568
STU_014704,94.77913650554825
STU_014705,79.90220161946463
STU_014706,84.80411992983983
STU_014707,96.5798856948922
STU_014708,95.34191926285821
STU_014709,77.45891731120929
STU_014710,53.41415556590005
STU_014711,72.88613154931286
STU_014712,78.27774808354938
STU_014713,46.03257967801107
STU_014714,85.22209534580004
STU_014715,77.64334590465924
STU_014716,63.82007406387916
STU_014717,59.32068017572771
STU_014718,66.44239708617339
STU_014719,92.50261031701608
STU_014720,85.61872140577407
STU_014721,52.8893814111257
STU_014722,67.48991864273057
STU_014723,95.51874504013934
STU_014724,91.88850552695656
STU_014725,71.26041323731039
STU_014726,62.396131267631134
STU_014727,59.08011946279173
STU_014728,93.71757741980002
STU_014729,83.16090884782048
STU_014730,57.04507760413243
STU_014731,65.37467487344935
STU_014732,75.91329517318519
STU_014733,76.91637644672548
STU_014734,62.81560040727633
STU_014735,100.0
STU_014736,76.03014403497865
STU_014737,76.00991546970752
STU_014738,73.5824484618192
STU_014739,85.18796954042647
STU_014740,78.14681050517072
STU_014741,82.73550106986673
STU_014742,95.25034543743475
STU_014743,98.24380059731901
STU_014744,66.95951165615497
STU_014745,81.17207877122385
STU_014746,45.508836755546554
STU_014747,70.94572286553222
STU_014748,97.06130464974103
STU_014749,96.4044010563037
STU_014750,81.57797063210823
STU_014751,93.3076696985166
STU_014752,77.17308044578192
STU_014753,61.60934557897231
STU_014754,99.52259426090589
STU_014755,67.88931008531371
STU_014756,66.23552134808637
STU_014757,73.55678545299982
STU_014758,99.4131938761229
STU_014759,73.23416355372453
STU_014760,74.56865284973392
STU_014761,78.12232510912929
STU_014762,100.0
STU_014763,82.00814775197992
STU_014764,99.83390019988717
STU_014765,77.58908582765548
STU_014766,78.93644499836282
STU_014767,68.89064889923839
STU_014768,65.7037362155167
STU_014769,96.06204140677919
STU_014770,78.06732686523401
STU_014771,72.15805113771562
STU_014772,70.57252893898003
STU_014773,85.50670953952171
STU_014774,94.44153869221051
STU_014775,78.6232333164892
STU_014776,74.50524446826368
STU_014777,78.72757703688359
STU_014778,82.30081191118268
STU_014779,81.18603151568986
STU_014780,58.99289527056851
STU_014781,84.17532926276121
STU_014782,88.63431572171179
STU_014783,94.11393516694541
STU_014784,94.27029385224958
STU_014785,82.43197923476153
STU_014786,81.9294835371888
STU_014787,77.97049910109497
STU_014788,94.00815110354094
STU_014789,75.10849983039046
STU_014790,78.36486307671166
STU_014791,66.22718573568739
STU_014792,59.56621464360533
STU_014793,71.5261670457686
STU_014794,61.9006136541046
STU_014795,75.88813859036132
STU_014796,75.7446756646082
STU_014797,74.394359909584
STU_014798,89.63186801939942
STU_014799,90.80038479557898
STU_014800,81.77155385538998
STU_014801,89.92330623623982
STU_014802,58.81350334086318
STU_014803,90.13790552176783
STU_014804,79.91792689452728
STU_014805,76.38964025037932
STU_014806,75.94428277818496
STU_014807,66.03715035619783
STU_014808,68.29031573931466
STU_014809,51.72282756445442
STU_014810,91.09472429280586
STU_014811,98.30009827948518
STU_014812,72.40971976728596
STU_014813,60.36531726180948
STU_014814,68.54961345292756
STU_014815,54.27182721195423
STU_014816,81.81648888709014
STU_014817,83.80991410680963
STU_014818,51.23203884207733
STU_014819,78.66272817108783
STU_014820,70.51002294186398
STU_014821,59.1224427322415
STU_014822,96.48224961777828
STU_014823,65.96571394377348
STU_014824,95.31288483385505
STU_014825,79.53189908130031
STU_014826,93.58897606229141
STU_014827,62.19184780660574
STU_014828,75.97756117620125
STU_014829,75.91487210122384
STU_014830,81.47773580718984
STU_014831,85.32580550230169
STU_014832,66.29117805940174
STU_014833,61.95703546236517
STU_014834,79.402884927748
STU_014835,77.65865778595911
STU_014836,83.41133193397152
STU_014837,74.38285747479685
STU_014838,74.15651910916878
STU_014839,83.64095598997153
STU_014840,79.14963771422629
STU_014841,100.0
STU_014842,53.316637871965774
STU_014843,73.38891347541323
STU_014844,92.74532365215343
STU_014845,68.07507310836323
STU_014846,82.28203002381755
STU_014847,77.63241969704626
STU_014848,58.957719550982496
STU_014849,59.51354174355856
STU_014850,73.35800575352883
STU_014851,81.82717087241862
STU_014852,82.56012607931926
STU_014853,66.65699910923254
STU_014854,63.68854883077042
STU_014855,76.63862888969236
STU_014856,69.58162666964378
STU_014857,81.87115271222066
STU_014858,66.11513648221371
STU_014859,87.57733546216195
STU_014860,52.51498329720249
STU_014861,87.39701817276547
STU_014862,96.19058914761506
STU_014863,68.04591240479952
STU_014864,76.47388939946615
STU_014865,70.14025502157702
STU_014866,70.29478714637561
STU_014867,74.13111427458557
STU_014868,100.0
STU_014869,98.53288735935585
STU_014870,72.88056986654647
STU_014871,76.41107587103559
STU_014872,82.03073934165228
STU_014873,67.47749666889271
STU_014874,71.90716850933967
STU_014875,82.90374378103678
STU_014876,59.09296373154929
STU_014877,68.73315951858527
STU_014878,63.05734204571435
STU_014879,79.6283368629199
STU_014880,83.16910482053804
STU_014881,77.72572399303922
STU_014882,69.58248415457791
STU_014883,76.53202350923652
STU_014884,68.03868376809615
STU_014885,81.04979864236564
STU_014886,64.60685831437321
STU_014887,77.69447465039607
STU_014888,87.60216576210563
STU_014889,71.19447596597945
STU_014890,95.73690851274392
STU_014891,74.76927206989464
STU_014892,87.296561676376
STU_014893,65.38909512722557
STU_014894,76.79788613827796
STU_014895,61.97621113331813
STU_014896,79.82322988557067
STU_014897,79.41545382567838
STU_014898,82.53332634244359
STU_014899,57.78880998434511
STU_014900,94.27376947642729
STU_014901,82.42704473971168
STU_014902,86.8329562119427
STU_014903,88.61511394634206
STU_014904,79.28649777953784
STU_014905,91.15417343236365
STU_014906,79.95365658114743
STU_014907,53.89503156139854
STU_014908,79.2410449743771
STU_014909,80.42906804441208
STU_014910,71.80278150526937
STU_014911,96.88915688984768
STU_014912,79.46277601950615
STU_014913,74.05543178794505
STU_014914,52.36941560620139
STU_014915,57.37202896409255
STU_014916,68.93563148293903
STU_014917,98.30402996901074
STU_014918,83.70608072352728
STU_014919,53.802619350801585
STU_014920,93.13799520070894
STU_014921,65.00618712946566
STU_014922,54.30721579042867
STU_014923,75.45983302043372
STU_014924,82.90332343738692
STU_014925,97.42519184067982
STU_014926,80.96456095802111
STU_014927,78.39824676469111
STU_014928,59.531681362415185
STU_014929,83.72693541234092
STU_014930,80.6550572627057
STU_014931,90.64587795484105
STU_014932,58.52482205928635
STU_014933,78.54083428260644
STU_014934,66.68348143346651
STU_014935,79.12743945181055
STU_014936,84.96964433445204
STU_014937,77.18205893924953
STU_014938,100.0
STU_014939,76.05374806386823
STU_014940,89.98779417154557
STU_014941,64.32308907127543
STU_014942,92.19732217801891
STU_014943,62.489663292837655
STU_014944,72.51929104756054
STU_014945,63.70944783395434
STU_014946,69.81282713196647
STU_014947,71.41336311571214
STU_014948,87.53724758771583
STU_014949,67.74129312807804
STU_014950,90.83222835703454
STU_014951,73.89730504295493
STU_014952,75.83962521307163
STU_014953,95.6666913993096
STU_014954,93.79340335802289
STU_014955,94.94491237275062
STU_014956,80.7712888263602
STU_014957,79.0405114458504
STU_014958,71.42936429440118
STU_014959,55.77860248541586
STU_014960,91.51238560507932
STU_014961,91.92012764553766
STU_014962,51.02919015791181
STU_014963,76.74530492162779
STU_014964,94.1081062851319
STU_014965,77.734488633316
STU_014966,69.33840688594354
STU_014967,50.8148222152512
STU_014968,93.71621398119758
STU_014969,78.30030432580702
STU_014970,69.88062289808255
STU_014971,71.21361700303869
STU_014972,87.78366712638638
STU_014973,76.13032392706043
STU_014974,69.19295147472022
STU_014975,70.48313480532337
STU_014976,88.7692881330272
STU_014977,84.99721012848798
STU_014978,88.0353652948667
STU_014979,94.73281292847757
STU_014980,63.32859973399387
STU_014981,100.0
STU_014982,63.540398926523494
STU_014983,90.00769731826573
STU_014984,66.69770632881635
STU_014985,64.55336044493582
STU_014986,50.95871357673139
STU_014987,90.28841706002984
STU_014988,64.1212576714242
STU_014989,100.0
STU_014990,84.52968763586932
STU_014991,97.44572482785236
STU_014992,72.54042479587923
STU_014993,60.367268703704084
STU_014994,91.00461998020612
STU_014995,85.98077012667473
STU_014996,71.71702106080713
STU_014997,77.93172389294806
STU_014998,83.39799285847019
STU_014999,94.93845845052371
STU_015000,71.53386334590473
STU_015001,56.46005550475208
STU_015002,64.96844644388895
STU_015003,58.79009597836727
STU_015004,65.18383401338046
STU_015005,58.54709964041524
STU_015006,63.85499521669391
STU_015007,87.24826156072486
STU_015008,74.56074433087129
STU_015009,80.49826902126779
STU_015010,74.4591231362778
STU_015011,53.46736603670877
STU_015012,94.05719802634687
STU_015013,64.93532791887866
STU_015014,58.34687147495302
STU_015015,87.37540121486225
STU_015016,84.69286971507171
STU_015017,88.3236163367277
STU_015018,81.85485594722013
STU_015019,83.7590465481678
STU_015020,61.90037992407987
STU_015021,74.67346095259151
STU_015022,64.65335338479572
STU_015023,75.65953493788828
STU_015024,76.03133702950669
STU_015025,80.62600206940752
STU_015026,69.71012189153281
STU_015027,82.35501377007684
STU_015028,76.69688176997388
STU_015029,77.50468531005902
STU_015030,93.96267282451223
STU_015031,76.18323087825732
STU_015032,67.81292793171488
STU_015033,78.00019318550706
STU_015034,69.09269366862824
STU_015035,81.18166650038027
STU_015036,73.67446027685396
STU_015037,78.35443595429675
STU_015038,90.83589263842718
STU_015039,63.03903398052368
STU_015040,80.5090472262128
STU_015041,79.18849662563119
STU_015042,50.2621088616814
STU_015043,85.60592462084534
STU_015044,89.7817683494377
STU_015045,87.85501945727577
STU_015046,66.68383610312338
STU_015047,83.58447500326767
STU_015048,66.53204979437581
STU_015049,73.35196666009386
STU_015050,59.76561750489908
STU_015051,67.58790448623297
STU_015052,61.948620984406645
STU_015053,66.20653573614004
STU_015054,93.85893003277214
STU_015055,79.60674029520075
STU_015056,64.70907229440718
STU_015057,97.72888988103914
STU_015058,61.44928286787138
STU_015059,98.49856312079496
STU_015060,72.65895221558861
STU_015061,75.21023540392972
STU_015062,70.75295764121812
STU_015063,67.41009627888445
STU_015064,64.66484317674805
STU_015065,94.36099211352803
STU_015066,85.37446810315774
STU_015067,71.36081290014586
STU_015068,65.55357220120305
STU_015069,74.24765171948877
STU_015070,73.20552434452998
STU_015071,77.97658708203261
STU_015072,100.0
STU_015073,68.80669227440549
STU_015074,67.31536822300262
STU_015075,92.8812441523011
STU_015076,71.56251858065988
STU_015077,66.46311608913618
STU_015078,69.8219421482405
STU_015079,100.0
STU_015080,62.93636866896044
STU_015081,98.26140932251832
STU_015082,62.38172224981217
STU_015083,77.55640394960746
STU_015084,63.77031928870338
STU_015085,75.09681320225961
STU_015086,67.88811144370428
STU_015087,58.474275467458824
STU_015088,92.13837059224458
STU_015089,73.81523019318199
STU_015090,86.46412605356481
STU_015091,74.54907297746875
STU_015092,76.42163490604952
STU_015093,93.01483489702414
STU_015094,69.22335056959975
STU_015095,71.20153195689738
STU_015096,87.47977412551725
STU_015097,80.49538449941603
STU_015098,71.6914113067287
STU_015099,59.10497905692845
STU_015100,85.18618158732535
STU_015101,73.76947509847226
STU_015102,77.49585104503458
STU_015103,100.0
STU_015104,74.20758139995226
STU_015105,92.74565127068931
STU_015106,70.6985863176725
STU_015107,71.83500549354332
STU_015108,76.79471765951574
STU_015109,78.96134423324123
STU_015110,83.59036569128781
STU_015111,60.65766565475076
STU_015112,78.8247298957179
STU_015113,71.45911226479825
STU_015114,86.27392054699678
STU_015115,61.73650907389269
STU_015116,91.9826361873684
STU_015117,67.9918809306899
STU_015118,56.79028779680324
STU_015119,82.95475704312777
STU_015120,85.55040947559034
STU_015121,60.57340868814582
STU_015122,100.0
STU_015123,70.78084436053622
STU_015124,88.323372113546
STU_015125,77.12213367241715
STU_015126,72.36318562575781
STU_015127,92.35738417834915
STU_015128,78.80175055087958
STU_015129,66.59342335170871
STU_015130,71.18600579766289
STU_015131,86.17254322066346
STU_015132,88.19490875655457
STU_015133,95.21179383661043
STU_015134,82.90698614610666
STU_015135,86.2707218524889
STU_015136,74.12074049297152
STU_015137,75.61449466088706
STU_015138,69.89162702142531
STU_015139,83.17713121142421
STU_015140,92.20493562106995
STU_015141,67.60594761888049
STU_015142,74.62762719034632
STU_015143,94.61148063371564
STU_015144,81.00379990224417
STU_015145,61.938702239436466
STU_015146,94.1600378716712
STU_015147,78.08482805339139
STU_015148,72.30441454997128
STU_015149,63.479623454852316
STU_015150,48.466507001494904
STU_015151,60.707830878284696
STU_015152,73.38210958349218
STU_015153,63.006539671074094
STU_015154,80.93426534232741
STU_015155,85.59233613716947
STU_015156,74.09027951023549
STU_015157,59.98561130952051
STU_015158,92.60661139836961
STU_015159,53.769349752638455
STU_015160,89.09329201162123
STU_015161,60.11652572695155
STU_015162,79.62649618780853
STU_015163,83.98317868013953
STU_015164,43.051544288706594
STU_015165,83.65451673784918
STU_015166,98.88901499254119
STU_015167,81.30047712575359
STU_015168,62.93599523609795
STU_015169,86.26740447863182
STU_015170,75.15327397410096
STU_015171,90.68107254936118
STU_015172,61.64088648673286
STU_015173,76.75573969645177
STU_015174,94.76213668915219
STU_015175,74.46898320539727
STU_015176,100.0
STU_015177,78.30841579190889
STU_015178,63.98534200631266
STU_015179,78.0671640298926
STU_015180,62.27309445448898
STU_015181,79.7220691173203
STU_015182,84.66894319369881
STU_015183,79.65017237612935
STU_015184,71.71253818908076
STU_015185,81.68075686763288
STU_015186,77.83205549016765
STU_015187,60.023904965365645
STU_015188,71.89689118952326
STU_015189,92.93734145636256
STU_015190,95.24695211472083
STU_015191,76.25269591470409
STU_015192,100.0
STU_015193,76.3042905535521
STU_015194,86.1361517532398
STU_015195,88.97683608576821
STU_015196,74.95440571487131
STU_015197,77.33595576142588
STU_015198,83.094685163202
STU_015199,73.32849521340566
STU_015200,70.76936656364593
STU_015201,80.95585736751637
STU_015202,68.38163068464172
STU_015203,60.85964227746523
STU_015204,80.42600171598565
STU_015205,79.10217712912522
STU_015206,68.4060911306295
STU_015207,87.23275442646532
STU_015208,74.84855799083118
STU_015209,81.5338409388825
STU_015210,86.7239158055751
STU_015211,46.34423380183944
STU_015212,96.1995762713147
STU_015213,68.19678863142535
STU_015214,95.67049854649508
STU_015215,71.49470815667564
STU_015216,91.16947981340375
STU_015217,57.65910286806995
STU_015218,74.42000757918862
STU_015219,77.93031950633672
STU_015220,45.568908686191165
STU_015221,83.04267712922137
STU_015222,65.64406579988807
STU_015223,84.30731005663205
STU_015224,73.83820073568569
STU_015225,75.58391717628285
STU_015226,66.51085207345146
STU_015227,64.1226124051609
STU_015228,83.23228090323667
STU_015229,68.95506567331427
STU_015230,73.24777689359607
STU_015231,97.87250219107955
STU_015232,83.52809306464326
STU_015233,89.21635593596939
STU_015234,72.47834946890566
STU_015235,72.63664916037044
STU_015236,98.95348847526768
STU_015237,80.09330230416126
STU_015238,80.64194617840268
STU_015239,92.14672313821222
STU_015240,68.10150619509496
STU_015241,48.87126754915879
STU_015242,52.52964542678457
STU_015243,78.45400262767349
STU_015244,77.94478744540308
STU_015245,67.373271706096
STU_015246,100.0
STU_015247,82.24629439015749
STU_015248,81.45806167199893
STU_015249,66.65700238275582
STU_015250,88.65795241269211
STU_015251,68.03471931606049
STU_015252,88.98917887020436
STU_015253,88.13723760707776
STU_015254,99.99828448291066
STU_015255,65.07774600809732
STU_015256,62.82543493622422
STU_015257,72.37032081828647
STU_015258,93.32319221631053
STU_015259,83.86793239965422
STU_015260,93.95089503509493
STU_015261,82.3922462015862
STU_015262,85.50655410677258
STU_015263,83.13539264129172
STU_015264,81.1677774650872
STU_015265,95.33868940742845
STU_015266,75.6762347940319
STU_015267,76.87627325561616
STU_015268,56.84101350067681
STU_015269,60.257999864615684
STU_015270,72.30263957298712
STU_015271,75.55419246876315
STU_015272,64.94117119522781
STU_015273,87.32303092008809
STU_015274,74.72830359805593
STU_015275,46.08225670352557
STU_015276,53.481027452265714
STU_015277,71.39511099226749
STU_015278,99.3508328949325
STU_015279,50.8075064164547
STU_015280,87.96618141948402
STU_015281,100.0
STU_015282,86.74852932691205
STU_015283,84.72394002617906
STU_015284,78.26622459866755
STU_015285,44.039426664275375
STU_015286,81.69827540567067
STU_015287,75.02558622187132
STU_015288,78.70843389485131
STU_015289,59.74035318822501
STU_015290,80.7199685275151
STU_015291,79.23747145772609
STU_015292,66.20440141191602
STU_015293,60.74332004913139
STU_015294,81.69116119337718
STU_015295,75.27659601903916
STU_015296,69.37649974617872
STU_015297,85.8946125964433
STU_015298,96.21465509611274
STU_015299,65.55102508273596
STU_015300,85.53446464339368
STU_015301,77.38987274143177
STU_015302,80.39958681514999
STU_015303,65.24524109491537
STU_015304,60.74442585723482
STU_015305,65.8555652045869
STU_015306,80.45248341128527
STU_015307,98.83274571710042
STU_015308,59.45569445122024
STU_015309,69.9096721124801
STU_015310,80.06605831357321
STU_015311,63.95874956540461
STU_015312,78.87932656623275
STU_015313,58.64412584743931
STU_015314,87.29694907797197
STU_015315,73.22293348577172
STU_015316,94.30552804570564
STU_015317,71.73385673767565
STU_015318,82.58303602159685
STU_015319,72.12843831639535
STU_015320,74.40845606977588
STU_015321,62.8760737907844
STU_015322,97.90515663594093
STU_015323,80.74455691693048
STU_015324,74.47547896510278
STU_015325,81.02038376566907
STU_015326,61.11609623263741
STU_015327,74.7972749071411
STU_015328,72.4649110986631
STU_015329,68.4927508809067
STU_015330,75.72827568777694
STU_015331,66.52536048079315
STU_015332,100.0
STU_015333,68.1340759165512
STU_015334,78.88772292230516
STU_015335,96.74208292792852
STU_015336,89.22177833722131
STU_015337,68.88291854630408
STU_015338,65.23361548155425
STU_015339,62.81093313799641
STU_015340,93.79626442384085
STU_015341,83.14657729963457
STU_015342,100.0
STU_015343,81.61948427381877
STU_015344,96.29089764788392
STU_015345,99.96421783406298
STU_015346,84.20626696639266
STU_015347,94.26115496391776
STU_015348,75.89049884046972
STU_015349,80.53376846265763
STU_015350,86.33844540310415
STU_015351,100.0
STU_015352,83.39203351705328
STU_015353,73.20685009200021
STU_015354,61.64672013800594
STU_015355,57.695112970861615
STU_015356,61.2371371374071
STU_015357,72.99941189654484
STU_015358,81.22908887772093
STU_015359,82.78025222813505
STU_015360,88.51134853182974
STU_015361,81.45386235773482
STU_015362,73.17381179539379
STU_015363,82.68408390592045
STU_015364,88.27181011552238
STU_015365,75.49718034167941
STU_015366,93.80917556343937
STU_015367,84.21077812457804
STU_015368,74.49740692648709
STU_015369,99.17242542104819
STU_015370,91.74451697298815
STU_015371,56.66362215620511
STU_015372,60.15931515625684
STU_015373,83.90429192368737
STU_015374,86.78982172375115
STU_015375,68.90159112418382
STU_015376,72.94257678912362
STU_015377,88.89765936283189
STU_015378,73.52241513509247
STU_015379,96.09728869816225
STU_015380,90.94212466232713
STU_015381,89.35130964044917
STU_015382,82.61316928027227
STU_015383,60.63278693201899
STU_015384,76.74307035795077
STU_015385,60.87494753965723
STU_015386,74.55717305877201
STU_015387,64.72738811140708
STU_015388,75.96538886173211
STU_015389,99.08827155021964
STU_015390,45.664358445219435
STU_015391,79.76261930941078
STU_015392,88.90253735347181
STU_015393,90.5466466558512
STU_015394,75.98828840786447
STU_015395,82.63990416436755
STU_015396,74.15463590225343
STU_015397,98.51435063863057
STU_015398,72.92578506536894
STU_015399,98.54719096012943
STU_015400,89.73733215067027
STU_015401,89.25267544479772
STU_015402,75.07210614183188
STU_015403,57.34822216307152
STU_015404,80.49610147334194
STU_015405,81.51109819311972
STU_015406,84.0311725929303
STU_015407,81.26073066441208
STU_015408,37.13436659094104
STU_015409,74.79553144814676
STU_015410,66.25470968667594
STU_015411,73.01876658775112
STU_015412,68.84108481272162
STU_015413,77.97441677405936
STU_015414,70.87621411463124
STU_015415,67.03521172826328
STU_015416,86.6161560518917
STU_015417,59.731344350454776
STU_015418,84.4266990413371
STU_015419,54.447891855777584
STU_015420,68.11145489082443
STU_015421,94.35280450191912
STU_015422,79.34655377595878
STU_015423,84.8297308171048
STU_015424,100.0
STU_015425,88.03030275230077
STU_015426,63.56804442836771
STU_015427,59.28680431145921
STU_015428,74.50813126515288
STU_015429,78.624480462017
STU_015430,39.908454933615886
STU_015431,64.16477898832096
STU_015432,86.09193441581225
STU_015433,71.56960584117967
STU_015434,66.75193274375613
STU_015435,64.40152407990429
STU_015436,79.26228912639247
STU_015437,79.00857155878161
STU_015438,91.89644089939549
STU_015439,74.34893224891196
STU_015440,80.96251068021375
STU_015441,66.78807868057689
STU_015442,88.2937909220854
STU_015443,60.86120738242883
STU_015444,73.04408925979845
STU_015445,67.6144258133094
STU_015446,70.17820574071013
STU_015447,48.0982417071973
STU_015448,47.56675347580542
STU_015449,75.10745454883076
STU_015450,87.65259106518124
STU_015451,78.19012815261611
STU_015452,82.09171555641466
STU_015453,92.07158535621824
STU_015454,82.37060931472209
STU_015455,56.981869193967356
STU_015456,77.56841719531397
STU_015457,68.19808931020017
STU_015458,65.49771892012778
STU_015459,51.55226184064608
STU_015460,100.0
STU_015461,99.54144588833282
STU_015462,70.97220666364136
STU_015463,85.30648974291081
STU_015464,57.56905189327475
STU_015465,52.0015215348959
STU_015466,88.50135170944878
STU_015467,85.4991473078272
STU_015468,60.03206461525324
STU_015469,62.419378600228086
STU_015470,90.04093021774423
STU_015471,78.90497709666604
STU_015472,89.44625574651248
STU_015473,90.55890266551071
STU_015474,97.69652204092793
STU_015475,79.46625945844805
STU_015476,76.91059145834444
STU_015477,55.018678469750974
STU_015478,53.199706671864455
STU_015479,93.56456664148659
STU_015480,65.32492379254079
STU_015481,81.22576669325468
STU_015482,60.30821990067003
STU_015483,90.1955577892587
STU_015484,68.05441706009496
STU_015485,69.23129629660724
STU_015486,72.61848153755489
STU_015487,66.16704544856036
STU_015488,77.23962280387104
STU_015489,85.30834291163985
STU_015490,90.4350271071804
STU_015491,82.56810885981707
STU_015492,62.17605377194438
STU_015493,68.97376958906503
STU_015494,65.15524861514221
STU_015495,86.13050170895774
STU_015496,67.38169257961742
STU_015497,54.83559330487505
STU_015498,68.864918212079
STU_015499,39.435708837539956
STU_015500,76.10754982848624
STU_015501,86.81980922461193
STU_015502,53.889118519125766
STU_015503,85.24105866174102
STU_015504,84.12752782882393
STU_015505,76.50976193453327
STU_015506,71.14313763911568
STU_015507,100.0
STU_015508,100.0
STU_015509,84.52934904656489
STU_015510,84.7279436959409
STU_015511,88.98318127368836
STU_015512,85.29864022499652
STU_015513,81.93708433669855
STU_015514,88.41921626932154
STU_015515,79.08889579608456
STU_015516,72.98494598177794
STU_015517,96.34357473589773
STU_015518,71.08613959328369
STU_015519,53.87817998895341
STU_015520,80.71165416264961
STU_015521,86.40481393044594
STU_015522,65.573740537887
STU_015523,67.841757449838
STU_015524,35.277336553033024
STU_015525,78.18718323392171
STU_015526,76.3426379903752
STU_015527,72.21940422459411
STU_015528,71.53398238088974
STU_015529,84.90029706789132
STU_015530,87.16638172918837
STU_015531,84.986616211885
STU_015532,76.63199984718044
STU_015533,56.33932863973611
STU_015534,89.81443780614018
STU_015535,75.12753386405284
STU_015536,82.70117159621344
STU_015537,70.66704241873686
STU_015538,88.89649830216973
STU_015539,66.75732723885453
STU_015540,68.34265077071285
STU_015541,74.12980829261141
STU_015542,90.11164963668718
STU_015543,78.66844838504613
STU_015544,96.6407163535271
STU_015545,75.00802720360772
STU_015546,76.23333307112843
STU_015547,53.866456300757925
STU_015548,62.41061770431909
STU_015549,91.67805671088436
STU_015550,93.7363672672623
STU_015551,82.52152330375372
STU_015552,75.10852371426265
STU_015553,47.36449497705309
STU_015554,79.2315737955084
STU_015555,80.0840778057725
STU_015556,93.99422316706948
STU_015557,78.48689016970143
STU_015558,89.21975324415008
STU_015559,85.52590564707981
STU_015560,81.53679166715993
STU_015561,87.37216289934925
STU_015562,81.57771314411764
STU_015563,68.56131855178553
STU_015564,71.7469737760206
STU_015565,67.81152632730883
STU_015566,67.67839359108588
STU_015567,76.53023411357255
STU_015568,68.54950550919777
STU_015569,74.18142160863495
STU_015570,94.81410047637169
STU_015571,62.610131142709506
STU_015572,75.09289667079757
STU_015573,85.29232531544854
STU_015574,62.37703953120089
STU_015575,68.47064166899916
STU_015576,70.76676861934989
STU_015577,70.14883271806002
STU_015578,78.52251916149932
STU_015579,74.06654658325135
STU_015580,71.58067335519439
STU_015581,82.38197006500886
STU_015582,85.09206968733864
STU_015583,91.06024128114163
STU_015584,88.91512266486725
STU_015585,90.89089753120734
STU_015586,89.3936150368744
STU_015587,53.150847441127794
STU_015588,72.5393575226306
STU_015589,79.87972171951972
STU_015590,62.30677116124676
STU_015591,58.80222838687736
STU_015592,86.00756445397856
STU_015593,65.7647824759341
STU_015594,92.87724353641205
STU_015595,90.34956476975958
STU_015596,81.91239620813448
STU_015597,92.99399581435875
STU_015598,76.59233315741382
STU_015599,52.97310071591073
STU_015600,65.94826307759028
STU_015601,52.31940691099079
STU_015602,63.36451520454603
STU_015603,76.8075871916501
STU_015604,83.78048423259196
STU_015605,61.60489061784197
STU_015606,77.01497452809812
STU_015607,66.99825307064431
STU_015608,69.41388663415347
STU_015609,73.20606564697181
STU_015610,69.45360517960621
STU_015611,83.96064338078212
STU_015612,84.89273838389438
STU_015613,95.22805150953239
STU_015614,63.877278987832
STU_015615,70.60330840922873
STU_015616,78.87561600218584
STU_015617,65.55163170101721
STU_015618,88.63668622121656
STU_015619,58.1797871604177
STU_015620,69.75890614167281
STU_015621,70.02813404352014
STU_015622,80.04079643846529
STU_015623,87.16751710594002
STU_015624,80.5006109264767
STU_015625,81.27241236956885
STU_015626,62.48870037669444
STU_015627,100.0
STU_015628,76.92970728496135
STU_015629,71.49005991695935
STU_015630,72.94225918932183
STU_015631,66.27595598918852
STU_015632,91.96674239833959
STU_015633,87.78390931554168
STU_015634,70.03724394825898
STU_015635,96.19599553673274
STU_015636,71.50594800959104
STU_015637,53.12705615315022
STU_015638,71.96010979464833
STU_015639,96.1302808575193
STU_015640,66.78703205568195
STU_015641,60.927932496496624
STU_015642,99.61123558447562
STU_015643,81.67586856075118
STU_015644,92.28247299018523
STU_015645,58.18734553544675
STU_015646,97.99616970426753
STU_015647,70.63619605908744
STU_015648,63.37337766361411
STU_015649,79.28429140515854
STU_015650,67.67745486286664
STU_015651,53.702992779655
STU_015652,94.81560043557477
STU_015653,72.9275826446178
STU_015654,67.60142716471748
STU_015655,100.0
STU_015656,70.12401180532098
STU_015657,72.99838605486899
STU_015658,69.75235299293576
STU_015659,71.87681129502063
STU_015660,90.31364696450613
STU_015661,39.49239031024623
STU_015662,71.52958424714427
STU_015663,91.0489056294287
STU_015664,56.98486250236052
STU_015665,82.07944211095486
STU_015666,77.4842983384818
STU_015667,92.78421598008043
STU_015668,82.59461162613108
STU_015669,78.4376905431512
STU_015670,63.53673260961547
STU_015671,87.19098130694785
STU_015672,87.03984011159206
STU_015673,82.117821484671
STU_015674,80.03638551385401
STU_015675,85.80122673443796
STU_015676,51.23165449601243
STU_015677,82.37500542787924
STU_015678,100.0
STU_015679,75.97595646999841
STU_015680,76.24547027837986
STU_015681,81.20671046410285
STU_015682,85.74711336742935
STU_015683,62.910905935936825
STU_015684,62.44454931027762
STU_015685,81.9442872605173
STU_015686,68.11070212600316
STU_015687,85.97942924704545
STU_015688,79.63478676684912
STU_015689,63.282387202016835
STU_015690,62.32322270286646
STU_015691,97.3986033278125
STU_015692,87.52283765522671
STU_015693,75.05630995513997
STU_015694,97.71116917032816
STU_015695,96.02639318833346
STU_015696,49.02801675200128
STU_015697,61.56608723584986
STU_015698,85.68938933369256
STU_015699,96.61746347725723
STU_015700,85.99283082140137
STU_015701,70.22538422181711
STU_015702,89.73955304414255
STU_015703,88.35256292827998
STU_015704,76.42849371386365
STU_015705,78.985995424381
STU_015706,63.88656167750271
STU_015707,72.1643380260711
STU_015708,51.07770690267485
STU_015709,63.4669183114147
STU_015710,66.83103596138876
STU_015711,72.60517831371396
STU_015712,86.58669510268403
STU_015713,84.2979457603156
STU_015714,71.90627335613632
STU_015715,84.71060200248874
STU_015716,63.92687607921084
STU_015717,64.3609775407057
STU_015718,69.24002979470724
STU_015719,57.71078272759526
STU_015720,57.16366171487256
STU_015721,61.30197469334084
STU_015722,67.88548728739448
STU_015723,71.72440866119919
STU_015724,98.38057165561264
STU_015725,90.97051742086721
STU_015726,79.55474360687647
STU_015727,68.15537551811177
STU_015728,82.6661706232967
STU_015729,93.12327176123071
STU_015730,66.23694873877137
STU_015731,79.33184052761777
STU_015732,56.03655621323889
STU_015733,64.98977174866174
STU_015734,67.24891552671214
STU_015735,57.08205323145684
STU_015736,93.75969634565867
STU_015737,73.42775455743306
STU_015738,63.42722338316335
STU_015739,73.33660245865919
STU_015740,93.57629379561747
STU_015741,65.51730061662892
STU_015742,71.2152699027183
STU_015743,89.34184604946215
STU_015744,65.35353536173352
STU_015745,79.53713413024208
STU_015746,68.23306088900313
STU_015747,96.82619380801613
STU_015748,51.869434843622486
STU_015749,86.46930001762678
STU_015750,60.390629005644875
STU_015751,88.59677930119362
STU_015752,71.94991172181061
STU_015753,80.46995667751068
STU_015754,80.60969673499993
STU_015755,90.9656178112339
STU_015756,79.2832282413741
STU_015757,86.57041713933552
STU_015758,100.0
STU_015759,86.69325531039428
STU_015760,67.2859349585169
STU_015761,87.8632483314452
STU_015762,69.5676660775717
STU_015763,67.41669283151163
STU_015764,76.06917448743428
STU_015765,80.64044326278758
STU_015766,83.35889357134144
STU_015767,84.24527354084657
STU_015768,74.94328732268349
STU_015769,82.06856808053087
STU_015770,67.8744367029963
STU_015771,90.83760011493493
STU_015772,59.39895616677329
STU_015773,51.56127358900799
STU_015774,99.19093474197606
STU_015775,78.36609147713347
STU_015776,64.50000625477345
STU_015777,68.5157735227498
STU_015778,61.985072609623415
STU_015779,55.9123327864534
STU_015780,80.77740387385492
STU_015781,72.64487285549569
STU_015782,85.25775496286555
STU_015783,66.46960086449457
STU_015784,76.4619756944858
STU_015785,74.73591061863056
STU_015786,74.74668281813064
STU_015787,75.05921182879375
STU_015788,75.75888425876775
STU_015789,53.05308386249125
STU_015790,69.11301377151996
STU_015791,73.21911962709251
STU_015792,78.48320995920767
STU_015793,86.65051317206334
STU_015794,88.87094837623742
STU_015795,65.47116369515125
STU_015796,89.40546213211942
STU_015797,84.7617676740225
STU_015798,88.923901524591
STU_015799,87.3777842112538
STU_015800,66.36351625574567
STU_015801,76.13041819025901
STU_015802,55.94112590570891
STU_015803,73.08311251043202
STU_015804,79.29841559150329
STU_015805,50.8207881332553
STU_015806,97.29211800194568
STU_015807,74.48671615524206
STU_015808,68.60963663926194
STU_015809,49.53425903366815
STU_015810,87.7336746424769
STU_015811,100.0
STU_015812,84.79115255793525
STU_015813,92.53967569168881
STU_015814,68.66175030575317
STU_015815,61.86974204496882
STU_015816,91.17386820103577
STU_015817,70.69203824397054
STU_015818,67.56991280642129
STU_015819,54.68414518834508
STU_015820,68.08861115030889
STU_015821,73.41223322549428
STU_015822,64.92134184379628
STU_015823,74.3753300918808
STU_015824,85.93357003868151
STU_015825,53.09077878819349
STU_015826,57.35092469555358
STU_015827,65.6926829326633
STU_015828,72.34179021357069
STU_015829,85.63939510070139
STU_015830,91.6181603054496
STU_015831,74.01436578328575
STU_015832,92.3039466634081
STU_015833,93.84777443075333
STU_015834,45.739496470289176
STU_015835,78.08837082650632
STU_015836,75.49409810062411
STU_015837,75.72196786430358
STU_015838,73.28362157913958
STU_015839,88.08360095789753
STU_015840,66.74532848758415
STU_015841,59.775849245882
STU_015842,92.43962725851786
STU_015843,88.8866513373408
STU_015844,91.63103177462969
STU_015845,67.69095420459507
STU_015846,61.096332516260944
STU_015847,76.10378898994762
STU_015848,82.03914898301899
STU_015849,94.21399466703072
STU_015850,56.11954850060385
STU_015851,71.42837540998238
STU_015852,63.23615717231968
STU_015853,76.29523078481654
STU_015854,92.34818352888743
STU_015855,92.44773405369304
STU_015856,73.76607106562462
STU_015857,83.03168129250358
STU_015858,63.94601969480317
STU_015859,72.74056546409835
STU_015860,68.20141638168445
STU_015861,72.59506672853388
STU_015862,66.90080061000747
STU_015863,95.31931959488512
STU_015864,53.20178802293566
STU_015865,60.83334062468401
STU_015866,75.93653849402465
STU_015867,40.2013576602996
STU_015868,68.88510941637686
STU_015869,87.58039520115001
STU_015870,76.90189533735736
STU_015871,74.36138024068384
STU_015872,46.51397016916444
STU_015873,98.90555620812972
STU_015874,72.7498392044296
STU_015875,82.67034124276098
STU_015876,66.8560114780384
STU_015877,97.01578809073065
STU_015878,82.53949385788397
STU_015879,98.23747833815735
STU_015880,81.16515255106395
STU_015881,98.09822707513123
STU_015882,67.12989835089296
STU_015883,78.684244060917
STU_015884,85.03770203745383
STU_015885,62.15123929543489
STU_015886,92.00519985343043
STU_015887,98.88572452594958
STU_015888,63.49806225476896
STU_015889,90.81793198119662
STU_015890,90.35800059327374
STU_015891,89.33541952402452
STU_015892,56.79472983681379
STU_015893,56.37957495677445
STU_015894,53.69145743402297
STU_015895,60.268433599155856
STU_015896,71.09179448636421
STU_015897,88.61688407721026
STU_015898,71.77479879502192
STU_015899,91.25742251184735
STU_015900,72.0603671365697
STU_015901,71.00930203729939
STU_015902,72.95295907906765
STU_015903,86.85727663482766
STU_015904,80.81593570021869
STU_015905,89.1103168091238
STU_015906,67.75794644453369
STU_015907,100.0
STU_015908,64.72555730157531
STU_015909,74.41978506930258
STU_015910,78.18678566407884
STU_015911,61.85016103758653
STU_015912,79.73710028221379
STU_015913,69.37438683766521
STU_015914,62.40015348029482
STU_015915,87.83804704296804
STU_015916,62.05081422482342
STU_015917,52.68346413813268
STU_015918,80.05409741396247
STU_015919,88.33711092945192
STU_015920,78.47239725671838
STU_015921,93.33892690835278
STU_015922,56.59290689430521
STU_015923,91.80992107881107
STU_015924,75.10334021200063
STU_015925,68.91795374831985
STU_015926,78.11087047048822
STU_015927,70.67349912481724
STU_015928,75.65308834070674
STU_015929,85.82753595520632
STU_015930,58.81056611680546
STU_015931,60.415766787486774
STU_015932,74.40053750547793
STU_015933,79.10956148400446
STU_015934,70.51889053399762
STU_015935,100.0
STU_015936,100.0
STU_015937,81.11073189309842
STU_015938,79.61004696839268
STU_015939,67.40886170900835
STU_015940,93.83828947568074
STU_015941,66.98308629559985
STU_015942,87.14155887818873
STU_015943,82.89624057482487
STU_015944,98.9281307254957
STU_015945,74.08661744006442
STU_015946,79.71848044711514
STU_015947,73.0425125715152
STU_015948,66.03579746055523
STU_015949,59.06264000229717
STU_015950,97.62613745919231
STU_015951,72.5788539362949
STU_015952,74.23666684901603
STU_015953,71.17780932778334
STU_015954,80.58824971594483
STU_015955,76.8317984637557
STU_015956,83.24233480159205
STU_015957,54.704303603178374
STU_015958,67.31476498451018
STU_015959,89.98769680976986
STU_015960,69.10057017149967
STU_015961,88.8178069558442
STU_015962,80.82103459511802
STU_015963,74.9612554397481
STU_015964,65.65235104566676
STU_015965,85.82889455127534
STU_015966,53.5443834979987
STU_015967,79.34303414444817
STU_015968,84.7275649617801
STU_015969,65.52895147585284
STU_015970,74.74987515609976
STU_015971,66.50210536283078
STU_015972,85.54104257978145
STU_015973,65.73028337611461
STU_015974,89.12299093495136
STU_015975,51.79056475479329
STU_015976,49.56021561830754
STU_015977,62.08372952457775
STU_015978,75.97099290043589
STU_015979,82.32233433505152
STU_015980,90.18252854521282
STU_015981,94.61072478225158
STU_015982,96.6362781924383
STU_015983,81.42274223444245
STU_015984,86.32087729987742
STU_015985,71.75151703369116
STU_015986,45.10138028199662
STU_015987,68.85118611592624
STU_015988,67.20502393012583
STU_015989,71.88706433183287
STU_015990,57.407716355517856
STU_015991,75.45049502229179
STU_015992,49.92446767330791
STU_015993,72.8570282528629
STU_015994,73.33601189066238
STU_015995,99.20641611491166
STU_015996,80.95557295093431
STU_015997,64.77611217726115
STU_015998,79.72022093286493
STU_015999,86.00928879234674
STU_016000,84.03817924306877
STU_016001,89.09030730961048
STU_016002,88.61489534167644
STU_016003,97.20536450950272
STU_016004,84.34722840638011
STU_016005,47.972959789898496
STU_016006,65.51100802277475
STU_016007,80.77821831871373
STU_016008,89.66789420801584
STU_016009,53.14474012273225
STU_016010,72.40857050835733
STU_016011,84.91284969545622
STU_016012,76.63037377682753
STU_016013,69.04333244765803
STU_016014,97.30331137541316
STU_016015,49.684728480486335
STU_016016,92.68604172448624
STU_016017,77.84116888296484
STU_016018,80.10243541344457
STU_016019,71.25475859872328
STU_016020,90.98146264352445
STU_016021,100.0
STU_016022,68.52322762956501
STU_016023,100.0
STU_016024,74.46173138716676
STU_016025,89.4578531333702
STU_016026,58.21226968839841
STU_016027,65.0110026314101
STU_016028,70.9044226544916
STU_016029,74.58539197444121
STU_016030,97.20329823788968
STU_016031,93.49204171346585
STU_016032,89.0015276749753
STU_016033,86.46335223705876
STU_016034,80.40945425689564
STU_016035,67.28312382912515
STU_016036,100.0
STU_016037,77.85052006927995
STU_016038,72.95678772171345
STU_016039,73.12280492418628
STU_016040,94.70199352765223
STU_016041,91.3634289720878
STU_016042,79.06875513652774
STU_016043,82.27684916696575
STU_016044,90.20574206026944
STU_016045,84.2892641620189
STU_016046,65.10876135708659
STU_016047,86.05561140548774
STU_016048,67.67051243441217
STU_016049,74.96778008639399
STU_016050,73.65679518917628
STU_016051,81.93719825752885
STU_016052,93.43673696486779
STU_016053,78.7612443493152
STU_016054,68.47744240140462
STU_016055,79.41067412523539
STU_016056,74.3560518588182
STU_016057,75.85417361539385
STU_016058,78.32359845501087
STU_016059,75.51397377352741
STU_016060,74.59640274751013
STU_016061,52.88576722979333
STU_016062,69.94004253774567
STU_016063,76.29749887166923
STU_016064,63.97532907944935
STU_016065,76.43456720080232
STU_016066,82.82931164337138
STU_016067,60.98964682843183
STU_016068,97.23268471747417
STU_016069,80.25901988460629
STU_016070,74.57394639945326
STU_016071,66.84359542105568
STU_016072,86.33406899222145
STU_016073,77.41161136699174
STU_016074,84.6416197461501
STU_016075,98.77695545193373
STU_016076,61.998620156265716
STU_016077,68.24633127454035
STU_016078,81.42192296384843
STU_016079,82.4898724400429
STU_016080,70.92584062431133
STU_016081,64.80950102721451
STU_016082,86.34783385442884
STU_016083,98.36899025221645
STU_016084,72.52113725727399
STU_016085,52.48538896334526
STU_016086,91.71267457807576
STU_016087,72.8902824069745
STU_016088,75.4604027254215
STU_016089,84.66315531416511
STU_016090,89.60724535840465
STU_016091,60.72512674797915
STU_016092,75.80043812960305
STU_016093,75.09550465226057
STU_016094,74.47197282206089
STU_016095,74.22880027468644
STU_016096,81.97480479360034
STU_016097,69.43287415283115
STU_016098,62.13502898228768
STU_016099,81.21423784697492
STU_016100,75.49471868911091
STU_016101,62.76910571148631
STU_016102,78.95391227801774
STU_016103,54.610744436721475
STU_016104,80.64837766815081
STU_016105,63.57183125721944
STU_016106,63.18119806446895
STU_016107,75.28627125113081
STU_016108,68.07719705036833
STU_016109,66.01132323104724
STU_016110,66.47114773046853
STU_016111,82.78714218682072
STU_016112,78.51202416465375
STU_016113,57.21934644657071
STU_016114,74.28647569231744
STU_016115,82.14286009225152
STU_016116,96.1056326700733
STU_016117,80.952743569646
STU_016118,68.89184182184619
STU_016119,82.94678788631099
STU_016120,86.78928825331678
STU_016121,68.43057665526729
STU_016122,73.45162593920054
STU_016123,86.56827024923271
STU_016124,93.85161564710883
STU_016125,91.97399718368952
STU_016126,81.0046416108007
STU_016127,82.0558796199284
STU_016128,94.76983624106214
STU_016129,65.67149803603635
STU_016130,98.59725661003857
STU_016131,84.3042953520076
STU_016132,71.93894532356657
STU_016133,75.55940229067076
STU_016134,73.66631191156519
STU_016135,60.382614301127326
STU_016136,90.23662258019137
STU_016137,79.95923961971809
STU_016138,74.44571655713041
STU_016139,97.6732514481232
STU_016140,84.78424018501575
STU_016141,86.63385213791292
STU_016142,84.8522831784073
STU_016143,57.18002931864809
STU_016144,77.66851989566621
STU_016145,80.08205571998676
STU_016146,84.23565232229488
STU_016147,86.654302391444
STU_016148,63.47770006760501
STU_016149,55.21626155673693
STU_016150,89.76656074257627
STU_016151,58.37353583928241
STU_016152,80.23094655559713
STU_016153,68.58267184530797
STU_016154,78.98199744687035
STU_016155,84.87333607517367
STU_016156,65.6872121372194
STU_016157,78.95126149122908
STU_016158,97.00442950917233
STU_016159,62.059192190868814
STU_016160,75.78347752513068
STU_016161,71.84835328925908
STU_016162,94.02594785691073
STU_016163,76.02522200668808
STU_016164,62.98517898898104
STU_016165,92.93660354108749
STU_016166,61.364929961839074
STU_016167,79.72331705151467
STU_016168,86.28446276103699
STU_016169,92.29434704009358
STU_016170,80.41206150472189
STU_016171,76.15544619008257
STU_016172,60.72159039967474
STU_016173,69.19513819051494
STU_016174,60.603183327497305
STU_016175,91.78239889890827
STU_016176,75.80209011171021
STU_016177,85.85622898839037
STU_016178,82.73941482254267
STU_016179,81.01508792817401
STU_016180,57.703005953252415
STU_016181,89.26166014994809
STU_016182,51.892723857690186
STU_016183,77.46307331566402
STU_016184,76.47070278781985
STU_016185,98.70659127677769
STU_016186,52.2112116503711
STU_016187,92.34974875430571
STU_016188,78.27809594898868
STU_016189,81.24780465751813
STU_016190,80.58689593575158
STU_016191,59.53227285572152
STU_016192,63.21170045990815
STU_016193,82.7128480885736
STU_016194,88.12755009027744
STU_016195,82.68155813156537
STU_016196,59.49046124882192
STU_016197,97.03998543752394
STU_016198,71.23192358185365
STU_016199,80.94519547171302
STU_016200,65.3417635865727
STU_016201,67.7821930304834
STU_016202,64.02895079169939
STU_016203,70.36046638921214
STU_016204,62.40657885249946
STU_016205,54.31299909056829
STU_016206,71.02883542936742
STU_016207,52.15491564259908
STU_016208,69.19009586828798
STU_016209,69.49819933231359
STU_016210,59.062346941952185
STU_016211,70.89470012098964
STU_016212,66.8130105693457
STU_016213,91.68748372491963
STU_016214,57.56360558026346
STU_016215,72.01837835039458
STU_016216,59.743915367706876
STU_016217,71.94880736420828
STU_016218,100.0
STU_016219,82.30003951939723
STU_016220,90.5330433571845
STU_016221,67.70711024087828
STU_016222,65.5949627362354
STU_016223,64.98715511778825
STU_016224,95.93455860959175
STU_016225,76.50551238532293
STU_016226,87.06799628138485
STU_016227,75.48240434972439
STU_016228,73.45878973601606
STU_016229,64.50386014250883
STU_016230,63.17487972495593
STU_016231,93.13867387118879
STU_016232,97.40324226268488
STU_016233,53.450704777935
STU_016234,81.6281266516863
STU_016235,57.56419395059669
STU_016236,74.5001122331325
STU_016237,70.72126401766845
STU_016238,86.14723390357575
STU_016239,66.24998873943153
STU_016240,90.14248937685903
STU_016241,87.72007488357312
STU_016242,70.08523757541619
STU_016243,79.16071069405322
STU_016244,78.13595465732259
STU_016245,69.01575653880425
STU_016246,69.30250474095561
STU_016247,77.12562218751579
STU_016248,73.1931874989667
STU_016249,70.07579377982842
STU_016250,86.98943343367962
STU_016251,50.73123719141759
STU_016252,82.47408976594168
STU_016253,86.96823457504007
STU_016254,85.27612583322545
STU_016255,70.33921965579627
STU_016256,47.21407735187293
STU_016257,83.97194596860867
STU_016258,82.26117687429044
STU_016259,74.33605470950195
STU_016260,72.78271867432495
STU_016261,95.24974656381818
STU_016262,83.71914212299866
STU_016263,57.456206535343156
STU_016264,52.75360074556903
STU_016265,95.92600851361267
STU_016266,89.0608277737939
STU_016267,72.64816602657629
STU_016268,80.52257367658193
STU_016269,94.81974527875448
STU_016270,72.87347223145517
STU_016271,71.10947305217529
STU_016272,84.65124330526594
STU_016273,76.31791847970446
STU_016274,58.630779492307866
STU_016275,71.90412307267837
STU_016276,57.956514977372464
STU_016277,86.93761051205949
STU_016278,77.8599359641749
STU_016279,79.40539025145776
STU_016280,74.66984125456062
STU_016281,80.49076580650495
STU_016282,70.67776181696081
STU_016283,64.16351535989506
STU_016284,86.62601392080417
STU_016285,61.589910084890164
STU_016286,62.788114944971966
STU_016287,86.08589024469488
STU_016288,91.41825193313484
STU_016289,77.75361489513416
STU_016290,64.17855691029678
STU_016291,76.21639147952023
STU_016292,71.42890960439172
STU_016293,81.79839068477602
STU_016294,68.47749201708415
STU_016295,89.12023749170976
STU_016296,69.80170472386376
STU_016297,84.8037856300391
STU_016298,49.25475323778285
STU_016299,67.84982338425696
STU_016300,68.25786872184378
STU_016301,58.388031073577956
STU_016302,69.38511695496605
STU_016303,76.86538536429784
STU_016304,83.4778627455698
STU_016305,90.0567051708341
STU_016306,79.9164708892122
STU_016307,68.77547670576787
STU_016308,66.23259846893039
STU_016309,87.40839040988044
STU_016310,78.5661559601088
STU_016311,59.93640730875059
STU_016312,65.05201986245787
STU_016313,99.52448973123347
STU_016314,90.38642250111377
STU_016315,59.37210420817327
STU_016316,93.87397297979561
STU_016317,82.01473443616871
STU_016318,75.96879677840481
STU_016319,66.62768074905865
STU_016320,61.491664179588426
STU_016321,63.58329741718344
STU_016322,94.98529586275507
STU_016323,72.15592039490406
STU_016324,53.855293768296384
STU_016325,74.75286797685635
STU_016326,78.58104188891156
STU_016327,84.66799438310315
STU_016328,72.14980545099608
STU_016329,70.00082341426514
STU_016330,68.36251977132413
STU_016331,74.5355904811356
STU_016332,86.17962633588682
STU_016333,89.5926516401586
STU_016334,64.43591738711089
STU_016335,71.80138358791545
STU_016336,64.18451454203222
STU_016337,64.40628861369564
STU_016338,73.80669181930696
STU_016339,82.01627078835516
STU_016340,89.83291043632323
STU_016341,86.01940627849616
STU_016342,75.66419487204314
STU_016343,72.50930816738952
STU_016344,89.10409565296872
STU_016345,82.22233665611219
STU_016346,84.57393615425079
STU_016347,54.788330822207236
STU_016348,65.50893589013481
STU_016349,86.07375351498604
STU_016350,61.46951464175455
STU_016351,72.02892693094525
STU_016352,76.04924657224021
STU_016353,70.00624796173048
STU_016354,53.708789054832664
STU_016355,77.00257527364812
STU_016356,74.01897393196897
STU_016357,64.01716017457959
STU_016358,76.98176315635533
STU_016359,90.1373617388293
STU_016360,75.98123364768222
STU_016361,75.06761170958934
STU_016362,77.30701597391192
STU_016363,69.83173210757477
STU_016364,69.82611430327422
STU_016365,82.93637614688622
STU_016366,74.95601874515734
STU_016367,77.53629453385233
STU_016368,55.78661994556809
STU_016369,68.17370985293009
STU_016370,43.744232663141766
STU_016371,62.384811389151224
STU_016372,91.35435134388939
STU_016373,83.31871595539147
STU_016374,71.38212045761769
STU_016375,77.02443946841724
STU_016376,92.18298036732746
STU_016377,57.05136577185146
STU_016378,85.79849496876912
STU_016379,58.95632360941022
STU_016380,86.16053912492893
STU_016381,62.65922970860547
STU_016382,79.0225945279596
STU_016383,57.765594156910595
STU_016384,91.67761154833237
STU_016385,91.46557097867478
STU_016386,71.70856875178723
STU_016387,67.12069936937269
STU_016388,62.219902330392266
STU_016389,75.39874826370249
STU_016390,79.56307982202017
STU_016391,99.5889692799155
STU_016392,82.32265568465444
STU_016393,75.98272151209011
STU_016394,95.63043681589872
STU_016395,62.986043257571026
STU_016396,86.72227277498425
STU_016397,68.43983744104298
STU_016398,62.72662177432238
STU_016399,71.25221985450415
STU_016400,83.67300845870385
STU_016401,73.16753297245879
STU_016402,92.25596976776859
STU_016403,63.12567288806204
STU_016404,70.5449559180163
STU_016405,65.0912768603713
STU_016406,67.21817266035573
STU_016407,94.04075468842606
STU_016408,86.29645861688799
STU_016409,53.03474934925252
STU_016410,60.94897894065873
STU_016411,55.602142193037025
STU_016412,51.912469858461534
STU_016413,68.54767499018686
STU_016414,84.93507327666654
STU_016415,84.98996093478412
STU_016416,76.41977358282652
STU_016417,82.53755628787441
STU_016418,100.0
STU_016419,72.10271569865614
STU_016420,67.23809027514821
STU_016421,62.51285307327895
STU_016422,65.15501588417115
STU_016423,97.36728748551923
STU_016424,67.09228372514636
STU_016425,83.38018983640669
STU_016426,73.96012646194488
STU_016427,76.54447176997179
STU_016428,96.53267888695383
STU_016429,76.53060840859345
STU_016430,83.75355335711465
STU_016431,95.30151476098908
STU_016432,50.18829418927957
STU_016433,58.98000447830628
STU_016434,58.30192540786764
STU_016435,77.39112770973048
STU_016436,95.08576472198632
STU_016437,76.63401744906363
STU_016438,76.59031808617378
STU_016439,78.46361315415677
STU_016440,65.21186811707108
STU_016441,92.87155354053883
STU_016442,92.13673906081922
STU_016443,72.46455460296511
STU_016444,75.99890601663105
STU_016445,77.64725777755933
STU_016446,66.97934544203409
STU_016447,64.48259300007828
STU_016448,72.21326043392159
STU_016449,79.47314198225092
STU_016450,71.62244861859342
STU_016451,88.1486186619843
STU_016452,85.82801788530355
STU_016453,64.99672822436236
STU_016454,66.22445905960421
STU_016455,50.98393695339335
STU_016456,72.3896924989664
STU_016457,86.34624861301465
STU_016458,76.59990914318014
STU_016459,75.40398165021715
STU_016460,79.53360377576755
STU_016461,58.341119692119854
STU_016462,87.31918264502971
STU_016463,76.85709026739025
STU_016464,78.67451853387504
STU_016465,82.39359054330319
STU_016466,69.28295417644837
STU_016467,79.73866273974683
STU_016468,64.39064146218342
STU_016469,52.36954041055105
STU_016470,83.66398644665806
STU_016471,58.48970334995857
STU_016472,76.84680097206342
STU_016473,78.09705967875738
STU_016474,68.80662949372142
STU_016475,100.0
STU_016476,94.56689051715324
STU_016477,89.65126275994899
STU_016478,84.10995050472971
STU_016479,65.35592667293467
STU_016480,74.03848152116475
STU_016481,75.91753305918662
STU_016482,65.8407561919783
STU_016483,84.8676699206024
STU_016484,69.22418980599602
STU_016485,69.81702331439107
STU_016486,84.09129686459042
STU_016487,70.63522227561633
STU_016488,79.5470175524404
STU_016489,98.7437430276709
STU_016490,69.09445013286948
STU_016491,87.42598315821468
STU_016492,87.66919326077371
STU_016493,86.11639631743157
STU_016494,74.25035501359896
STU_016495,49.14535345347036
STU_016496,83.41474375175412
STU_016497,45.56697617366989
STU_016498,64.57415459277215
STU_016499,76.25727331560934
STU_016500,71.83525852784638
STU_016501,73.93620741217968
STU_016502,80.87111879253769
STU_016503,58.65217003980472
STU_016504,75.18797836245838
STU_016505,92.97663696976221
STU_016506,72.61715169934047
STU_016507,66.90693242987817
STU_016508,85.53971865953598
STU_016509,42.53010001961931
STU_016510,69.6749407308919
STU_016511,68.20375475289086
STU_016512,69.62941505164034
STU_016513,55.80828562918577
STU_016514,88.35757199521152
STU_016515,63.26458789578119
STU_016516,58.91288373732133
STU_016517,81.13141800060778
STU_016518,80.42756836898107
STU_016519,83.89373153149347
STU_016520,60.534244976039986
STU_016521,100.0
STU_016522,52.55858369962003
STU_016523,73.27819735575575
STU_016524,71.27020344754234
STU_016525,44.8110816456072
STU_016526,100.0
STU_016527,57.2965220502577
STU_016528,69.84170253820815
STU_016529,71.87846328504288
STU_016530,80.80707899305946
STU_016531,97.17316273293747
STU_016532,100.0
STU_016533,77.3025014668323
STU_016534,86.96645379497203
STU_016535,64.3252658059665
STU_016536,82.82512067174082
STU_016537,80.83721537244011
STU_016538,59.578596104015475
STU_016539,77.09247761971221
STU_016540,77.94352737958755
STU_016541,99.7702368326955
STU_016542,60.331546969143226
STU_016543,60.14375727759953
STU_016544,86.32762723868717
STU_016545,93.9713771518352
STU_016546,65.75855153746257
STU_016547,100.0
STU_016548,92.98174053001199
STU_016549,84.10856517700266
STU_016550,67.32957406936713
STU_016551,78.5107036589554
STU_016552,86.89941266370239
STU_016553,67.72945203556037
STU_016554,88.57304625201957
STU_016555,72.19621483563458
STU_016556,78.46377392085925
STU_016557,71.50965634489533
STU_016558,71.31662817706285
STU_016559,78.40069148983824
STU_016560,62.934621033395985
STU_016561,80.97467218049053
STU_016562,76.41868457017858
STU_016563,78.92010055722541
STU_016564,70.8503750264358
STU_016565,79.64901664932975
STU_016566,89.24491942511396
STU_016567,71.69927057934784
STU_016568,71.74557561760886
STU_016569,56.85826595480136
STU_016570,66.34219430457127
STU_016571,90.29428234584039
STU_016572,57.950361050878996
STU_016573,56.025548382060784
STU_016574,96.92561803873448
STU_016575,66.5118682085636
STU_016576,80.52358289459394
STU_016577,86.32215646549409
STU_016578,84.45512064505846
STU_016579,84.42698224793318
STU_016580,91.19882067306254
STU_016581,97.59987935963292
STU_016582,65.57710526264628
STU_016583,88.13810403754965
STU_016584,95.81390227513916
STU_016585,87.47276534834097
STU_016586,77.46149114775054
STU_016587,76.40730727191763
STU_016588,70.99114775310596
STU_016589,67.4888292938864
STU_016590,73.65048395979531
STU_016591,55.88296360536042
STU_016592,79.55025291007198
STU_016593,84.12417961892731
STU_016594,43.150997886124664
STU_016595,75.41383378034541
STU_016596,89.33345825318479
STU_016597,55.60722138233954
STU_016598,85.34623357218351
STU_016599,47.04670156202236
STU_016600,50.257797069122425
STU_016601,80.67150609107142
STU_016602,56.33138248681328
STU_016603,52.54776444984718
STU_016604,83.3358136950919
STU_016605,93.16262864804364
STU_016606,68.82118888824397
STU_016607,49.06629974828631
STU_016608,88.3682635505487
STU_016609,80.57858804514294
STU_016610,83.1077052563368
STU_016611,61.56910814115784
STU_016612,91.63321540534785
STU_016613,79.21109155028336
STU_016614,67.51886603500483
STU_016615,94.69998942593068
STU_016616,85.60718047463077
STU_016617,93.09248600730459
STU_016618,73.76901441448149
STU_016619,90.82424812424635
STU_016620,54.793797908829305
STU_016621,82.5296617510511
STU_016622,77.77745478959181
STU_016623,76.66983757213069
STU_016624,95.047492697815
STU_016625,77.33588637937112
STU_016626,58.296310418560395
STU_016627,98.38294715142472
STU_016628,88.50270227766583
STU_016629,52.56720581605206
STU_016630,72.04715401038061
STU_016631,67.5885928045292
STU_016632,67.98469804577938
STU_016633,79.60450002136976
STU_016634,64.33797111448584
STU_016635,89.83056694493138
STU_016636,82.49181664780058
STU_016637,66.72859490732235
STU_016638,68.46472326033893
STU_016639,64.48845499858413
STU_016640,100.0
STU_016641,82.14821859617476
STU_016642,56.1538304192289
STU_016643,69.14248698797958
STU_016644,80.3848193777189
STU_016645,80.73463118032906
STU_016646,82.66922272217727
STU_016647,68.83810300140536
STU_016648,76.85730869198414
STU_016649,85.18652080637719
STU_016650,90.14820967510128
STU_016651,81.70932112117931
STU_016652,89.49282594423748
STU_016653,80.22323750582237
STU_016654,92.88594169212027
STU_016655,70.80360055035482
STU_016656,79.72577453044539
STU_016657,83.55889211717823
STU_016658,87.49360748254729
STU_016659,78.46859206170211
STU_016660,91.65239044666339
STU_016661,71.4791543787684
STU_016662,68.61081463465091
STU_016663,89.53361023499423
STU_016664,70.02440446105187
STU_016665,76.26966352836477
STU_016666,69.2768726928111
STU_016667,70.77025038409892
STU_016668,95.5646605783806
STU_016669,72.39134257973653
STU_016670,82.8119731263195
STU_016671,99.89308782951866
STU_016672,85.32131842995864
STU_016673,67.25403292821903
STU_016674,78.46606090249423
STU_016675,74.38191431325724
STU_016676,100.0
STU_016677,90.62077251305806
STU_016678,87.26775941167752
STU_016679,89.4015150355697
STU_016680,59.133462979470906
STU_016681,95.91189492273801
STU_016682,84.11904539546454
STU_016683,72.3373597690701
STU_016684,67.49839208261585
STU_016685,76.8310448876849
STU_016686,74.36148285967391
STU_016687,93.7273688189172
STU_016688,59.94551881280597
STU_016689,71.14085064262862
STU_016690,56.40897728904042
STU_016691,77.20070723004979
STU_016692,75.74911776338499
STU_016693,69.24189200494315
STU_016694,83.65817049353664
STU_016695,78.46367880653318
STU_016696,75.20205401206844
STU_016697,73.52811633868588
STU_016698,80.33722072225669
STU_016699,63.318777790925914
STU_016700,74.02877262368114
STU_016701,75.01930226066511
STU_016702,81.73207898169369
STU_016703,88.52202351315412
STU_016704,85.91559561554932
STU_016705,83.53053146118431
STU_016706,73.40097578784876
STU_016707,80.8208120447376
STU_016708,85.56310689583935
STU_016709,45.40295926966179
STU_016710,75.95031463996712
STU_016711,62.598560170295215
STU_016712,52.141552742362705
STU_016713,95.96793937513269
STU_016714,97.80076349939236
STU_016715,65.36082006275288
STU_016716,69.25009264684701
STU_016717,86.85154121553487
STU_016718,51.72748860893394
STU_016719,90.57664375533709
STU_016720,93.77414115961754
STU_016721,78.27663798399085
STU_016722,74.43001438330509
STU_016723,70.1171904106437
STU_016724,72.98561459696313
STU_016725,71.00324476036371
STU_016726,60.69625754497725
STU_016727,66.99699355618274
STU_016728,57.37803733264394
STU_016729,77.98393633040664
STU_016730,85.46666631867814
STU_016731,65.86015782138092
STU_016732,88.24297985576278
STU_016733,84.87576061928429
STU_016734,57.225275737781416
STU_016735,81.41205667778314
STU_016736,57.97624671254203
STU_016737,67.75633080175172
STU_016738,76.56167256659862
STU_016739,85.09260479179977
STU_016740,69.20935827844288
STU_016741,76.92237589093749
STU_016742,92.91526521424312
STU_016743,73.84621977263913
STU_016744,64.42013711766992
STU_016745,66.14027331528686
STU_016746,56.17864503469151
STU_016747,84.65739244801854
STU_016748,78.41514476075385
STU_016749,54.75755733313341
STU_016750,89.78680792825759
STU_016751,84.92215330038812
STU_016752,61.67893990862988
STU_016753,78.33042870018133
STU_016754,100.0
STU_016755,75.72698966006556
STU_016756,79.02780513932765
STU_016757,83.62061603123813
STU_016758,54.16863711211044
STU_016759,98.98333082122245
STU_016760,71.71742543459786
STU_016761,76.96332229140295
STU_016762,69.664794909674
STU_016763,79.70496807722401
STU_016764,65.14772569089298
STU_016765,89.41269456139959
STU_016766,88.37336570683362
STU_016767,82.53280074738288
STU_016768,87.73911544925693
STU_016769,49.525605541329625
STU_016770,54.86271254771571
STU_016771,61.72591739808328
STU_016772,92.18886460176893
STU_016773,69.57052797507384
STU_016774,79.45395646933159
STU_016775,73.66965707613909
STU_016776,91.98362678048521
STU_016777,48.86977201014335
STU_016778,78.490767907281
STU_016779,72.71833687351243
STU_016780,84.75448701271051
STU_016781,51.99776382891091
STU_016782,83.7942150101295
STU_016783,68.82577284687864
STU_016784,93.42700442641893
STU_016785,90.31703585770136
STU_016786,70.22789609472572
STU_016787,66.5966702104084
STU_016788,90.09243515963858
STU_016789,74.39288578203531
STU_016790,86.48332689808893
STU_016791,71.53396293670176
STU_016792,73.39898757263848
STU_016793,81.00639461307293
STU_016794,76.34806590204369
STU_016795,73.93042166533013
STU_016796,84.92963551176203
STU_016797,65.71879360516515
STU_016798,75.90784204154471
STU_016799,86.05481276180545
STU_016800,66.73737342563209
STU_016801,60.74715617887132
STU_016802,66.26859016779132
STU_016803,94.3996403282765
STU_016804,92.93358212124673
STU_016805,55.89322794350768
STU_016806,77.59434537293242
STU_016807,76.8505129313899
STU_016808,83.96113519439032
STU_016809,86.11762502088085
STU_016810,50.21603116243733
STU_016811,74.04840643095663
STU_016812,72.22054851886534
STU_016813,74.53421509239851
STU_016814,86.77643619763487
STU_016815,66.61764478003609
STU_016816,73.24855336045748
STU_016817,100.0
STU_016818,56.45857873505079
STU_016819,86.06791990547052
STU_016820,77.61513357810637
STU_016821,77.5694715817516
STU_016822,78.04318306549234
STU_016823,100.0
STU_016824,79.92178191491905
STU_016825,84.52634802587731
STU_016826,70.24135302561479
STU_016827,78.3976546198517
STU_016828,71.23660005868429
STU_016829,82.06760791771868
STU_016830,73.88129129279692
STU_016831,83.83649674961026
STU_016832,70.2391716864916
STU_016833,67.56351103429891
STU_016834,83.77285086475982
STU_016835,76.50468023262384
STU_016836,81.00100343267775
STU_016837,96.01117244863632
STU_016838,91.0426082751032
STU_016839,67.92886500609362
STU_016840,78.99788728309244
STU_016841,93.73813464338045
STU_016842,73.67908703553461
STU_016843,70.14523227370469
STU_016844,89.1870371307157
STU_016845,73.33057775101841
STU_016846,65.90948517855634
STU_016847,72.95889617651373
STU_016848,59.04600547381134
STU_016849,68.62772996953902
STU_016850,75.43147528664645
STU_016851,68.60894749035191
STU_016852,88.25317873133687
STU_016853,86.01062391915768
STU_016854,85.39921655946003
STU_016855,76.85755828555153
STU_016856,94.82457632014206
STU_016857,69.28172469916043
STU_016858,57.52292811770067
STU_016859,99.80363384623007
STU_016860,98.90466026101134
STU_016861,77.14250713825238
STU_016862,92.02559011495251
STU_016863,97.6524675303648
STU_016864,52.587695854360774
STU_016865,85.14597790521091
STU_016866,70.67139026506936
STU_016867,93.85428224553604
STU_016868,74.16281975779512
STU_016869,89.2533914001502
STU_016870,67.40959831211015
STU_016871,59.462507563669426
STU_016872,77.66913017508915
STU_016873,90.02795013442663
STU_016874,70.2122994703796
STU_016875,85.22054618976823
STU_016876,60.24893221726296
STU_016877,100.0
STU_016878,60.43290872033388
STU_016879,87.84648027427741
STU_016880,87.22947858403884
STU_016881,65.54781852469392
STU_016882,75.54807295875749
STU_016883,92.14343349008962
STU_016884,68.20692468545934
STU_016885,90.74064971751187
STU_016886,81.68158531370325
STU_016887,68.17388685686096
STU_016888,85.78453632066615
STU_016889,74.49758237688096
STU_016890,70.67330279391132
STU_016891,68.37712948520354
STU_016892,81.69750816752025
STU_016893,62.77803510404054
STU_016894,81.7850533131868
STU_016895,71.42894331247258
STU_016896,67.33458108162776
STU_016897,51.521963355517784
STU_016898,99.14164484762519
STU_016899,81.69408458542209
STU_016900,97.03358501197351
STU_016901,76.88242744084347
STU_016902,93.26072516482105
STU_016903,76.95970582892436
STU_016904,84.66386622828533
STU_016905,87.81450745155146
STU_016906,68.69742927240358
STU_016907,87.45144027561872
STU_016908,69.41794167050608
STU_016909,85.54091225455608
STU_016910,72.74827138021962
STU_016911,73.05145013953525
STU_016912,69.5566666534415
STU_016913,58.41332272364517
STU_016914,87.98775946307609
STU_016915,88.33237867729154
STU_016916,76.34233093483509
STU_016917,84.81651517499674
STU_016918,48.19462942691455
STU_016919,71.68881357132817
STU_016920,68.78332341569629
STU_016921,77.43554726872688
STU_016922,71.6383799260463
STU_016923,85.13791619944843
STU_016924,56.25209776621012
STU_016925,78.1407924842881
STU_016926,74.30010632843904
STU_016927,64.11801055116526
STU_016928,80.2606592859228
STU_016929,69.46705139131276
STU_016930,96.20456930472878
STU_016931,49.684737223840216
STU_016932,84.24244933735339
STU_016933,85.07351556106764
STU_016934,62.98387371335525
STU_016935,72.63015016021167
STU_016936,64.56536215039287
STU_016937,71.340945984807
STU_016938,89.98531872139723
STU_016939,92.78984828210886
STU_016940,88.09272914032329
STU_016941,58.88136390511088
STU_016942,79.36885305624477
STU_016943,72.06347325330506
STU_016944,82.40242664576002
STU_016945,87.75838695573273
STU_016946,83.52437722342616
STU_016947,73.41983245722449
STU_016948,79.06190344624233
STU_016949,59.729340411456874
STU_016950,69.10911759789144
STU_016951,96.68685335149776
STU_016952,60.61177279889064
STU_016953,64.70605765832639
STU_016954,68.19742223739505
STU_016955,88.42216970597875
STU_016956,88.24052893930799
STU_016957,66.68397285232386
STU_016958,76.85534983193332
STU_016959,97.92734039824506
STU_016960,80.67491637989356
STU_016961,67.5043801419484
STU_016962,75.72217381516111
STU_016963,91.67357561540882
STU_016964,91.69765707014915
STU_016965,91.33389178528333
STU_016966,76.42633094674284
STU_016967,92.09580516939005
STU_016968,96.12541655230854
STU_016969,60.29741997327811
STU_016970,75.7160798884993
STU_016971,61.7156512070989
STU_016972,96.50599733578089
STU_016973,67.9517387631152
STU_016974,79.32013596728592
STU_016975,61.00224204755334
STU_016976,68.4424642246407
STU_016977,86.4988114653936
STU_016978,67.18864581238446
STU_016979,56.361448637336366
STU_016980,84.23380663771658
STU_016981,60.86853850958187
STU_016982,74.92397927662178
STU_016983,63.17360465988568
STU_016984,70.60810065652008
STU_016985,100.0
STU_016986,89.69989143523202
STU_016987,83.19729069968193
STU_016988,73.8986898202304
STU_016989,84.72876645378841
STU_016990,73.6570083166127
STU_016991,64.43781607674832
STU_016992,81.64091244169667
STU_016993,81.60693631838825
STU_016994,64.12556215655093
STU_016995,67.99529192641647
STU_016996,94.96532987673996
STU_016997,83.96907969380793
STU_016998,91.47067713169872
STU_016999,97.60055442797537
STU_017000,86.05794727300827
STU_017001,84.81633355779053
STU_017002,93.4724668042281
STU_017003,94.67252622624208
STU_017004,64.4793261938182
STU_017005,85.63851518550624
STU_017006,83.86294574860678
STU_017007,70.67876400882145
STU_017008,79.27429862041232
STU_017009,86.4851358372615
STU_017010,72.5946782193885
STU_017011,52.35034717334955
STU_017012,57.16100463438197
STU_017013,100.0
STU_017014,77.4800191079056
STU_017015,83.35504781629989
STU_017016,90.45736942880889
STU_017017,63.516969521124594
STU_017018,74.93409755246363
STU_017019,58.49234141451459
STU_017020,69.45578331508925
STU_017021,80.63899070350365
STU_017022,72.38782819157338
STU_017023,59.80943749413021
STU_017024,59.46639372331502
STU_017025,62.89274604618264
STU_017026,75.37691486953636
STU_017027,77.57871344223929
STU_017028,73.06474343211296
STU_017029,88.15513144887225
STU_017030,89.26955225552211
STU_017031,55.81577719240603
STU_017032,94.89701986940429
STU_017033,90.25552234293254
STU_017034,76.74335436325768
STU_017035,72.63804967011495
STU_017036,87.24351923376781
STU_017037,93.5466727697731
STU_017038,94.30602009260247
STU_017039,89.04360347425285
STU_017040,99.58538836234868
STU_017041,60.94566734233206
STU_017042,84.2279213199213
STU_017043,74.55878234748714
STU_017044,94.21250754390226
STU_017045,85.8169078065488
STU_017046,81.54187825839871
STU_017047,95.81941947661491
STU_017048,71.10814567510215
STU_017049,85.2733330082316
STU_017050,66.23958181731194
STU_017051,77.22867254408615
STU_017052,94.74662217381868
STU_017053,81.2141677864267
STU_017054,89.23947847195994
STU_017055,81.59436929027379
STU_017056,79.61860628268053
STU_017057,97.79916938742956
STU_017058,77.92658066274029
STU_017059,61.34371238817374
STU_017060,66.58422437078157
STU_017061,94.39465245137083
STU_017062,61.86733103391768
STU_017063,75.97496167489658
STU_017064,66.1670703319834
STU_017065,93.12154670193625
STU_017066,62.551894431833325
STU_017067,93.14776942746997
STU_017068,70.06025124684865
STU_017069,82.58106985934634
STU_017070,79.83971584831122
STU_017071,80.01270209867488
STU_017072,73.87725905094891
STU_017073,92.50721068329054
STU_017074,87.92239176075003
STU_017075,91.63085257314955
STU_017076,62.098772766251685
STU_017077,89.15494029729601
STU_017078,68.80786997495659
STU_017079,62.240901523121366
STU_017080,53.82890443329676
STU_017081,72.77837438176924
STU_017082,85.20921297013187
STU_017083,67.58107625804742
STU_017084,50.28388437356387
STU_017085,64.92484847043737
STU_017086,89.76458534083059
STU_017087,70.79346061626012
STU_017088,94.73758329023092
STU_017089,61.36843728273684
STU_017090,85.48117300629215
STU_017091,65.83931211740695
STU_017092,86.25254321273682
STU_017093,52.76651973054375
STU_017094,77.98652601277115
STU_017095,52.25753033863536
STU_017096,61.73861881516713
STU_017097,60.70663364637613
STU_017098,46.86875390406074
STU_017099,74.2583694678346
STU_017100,82.23847089577457
STU_017101,78.61838188931767
STU_017102,76.98886931664113
STU_017103,81.06405413050148
STU_017104,84.52770339449742
STU_017105,67.03426896230795
STU_017106,63.823607525886494
STU_017107,50.59641857857185
STU_017108,84.39454598543337
STU_017109,72.20717026858375
STU_017110,68.85412166609893
STU_017111,84.83355987561097
STU_017112,86.93638839091469
STU_017113,60.65657837179091
STU_017114,76.32786790252635
STU_017115,80.11849552737095
STU_017116,99.55425236020871
STU_017117,52.262208205083525
STU_017118,84.8205657544842
STU_017119,81.05672930026853
STU_017120,85.31420968852736
STU_017121,74.61725383952567
STU_017122,97.64671961528458
STU_017123,62.500002883338425
STU_017124,73.83711913935197
STU_017125,67.8385266648271
STU_017126,83.04192486261991
STU_017127,61.237386649275614
STU_017128,73.05466426143937
STU_017129,64.42703134186657
STU_017130,77.08546902485573
STU_017131,69.10703252976027
STU_017132,76.59707050995334
STU_017133,79.1477047259821
STU_017134,97.69268140014952
STU_017135,61.662741962346246
STU_017136,84.14625199075297
STU_017137,61.05377060088479
STU_017138,83.4833998712715
STU_017139,92.03278424661222
STU_017140,77.82349542829769
STU_017141,88.11123922838766
STU_017142,91.06713109173623
STU_017143,52.48455312119105
STU_017144,90.58414300242758
STU_017145,90.18282667385922
STU_017146,93.7062141036445
STU_017147,96.50868216259764
STU_017148,73.14880584124643
STU_017149,68.10536609665337
STU_017150,57.57998735929837
STU_017151,79.25290333153845
STU_017152,73.93759153206807
STU_017153,82.53517184522754
STU_017154,80.96143604003116
STU_017155,58.43259660608616
STU_017156,56.0599197218944
STU_017157,69.98313267534098
STU_017158,86.0031253034415
STU_017159,62.29186632181078
STU_017160,54.53107046036193
STU_017161,79.76037172611166
STU_017162,70.47932895291034
STU_017163,74.63364729026358
STU_017164,90.720365115646
STU_017165,66.28708514153936
STU_017166,73.0942196509903
STU_017167,71.06706598466425
STU_017168,77.45868567647133
STU_017169,91.42550524792084
STU_017170,88.09927722797495
STU_017171,92.0677348495554
STU_017172,73.24620960494876
STU_017173,61.93254686755227
STU_017174,60.896534041032936
STU_017175,100.0
STU_017176,80.5146731094555
STU_017177,74.70630628010835
STU_017178,88.32338005823034
STU_017179,80.81473756857997
STU_017180,72.18685749112088
STU_017181,84.2062385405057
STU_017182,70.7138493602165
STU_017183,95.60381668277184
STU_017184,85.08318176304414
STU_017185,95.2939592618343
STU_017186,66.33943676567186
STU_017187,90.23639914164488
STU_017188,76.33595075913101
STU_017189,60.54592687953686
STU_017190,84.57146545561238
STU_017191,70.35961648123956
STU_017192,64.81927018704026
STU_017193,60.790259272624866
STU_017194,86.14676933170483
STU_017195,67.51581834395168
STU_017196,78.29095565624908
STU_017197,78.89998987233568
STU_017198,75.0343541591059
STU_017199,73.39414147927346
STU_017200,64.74032003956148
STU_017201,71.78409417032253
STU_017202,85.8446969440484
STU_017203,77.7595187134502
STU_017204,66.26710525544397
STU_017205,88.22166837079924
STU_017206,76.99615826682854
STU_017207,96.13622895464566
STU_017208,61.72933141689386
STU_017209,59.296466426808735
STU_017210,37.290316910714445
STU_017211,85.01117653438007
STU_017212,94.3197061099581
STU_017213,89.02720857873693
STU_017214,83.44167178570416
STU_017215,62.42292188535966
STU_017216,63.08512059106913
STU_017217,100.0
STU_017218,72.89274690299139
STU_017219,94.18278210542374
STU_017220,76.63862985329858
STU_017221,70.05144429694829
STU_017222,63.49545562570205
STU_017223,70.35352299172209
STU_017224,85.14220561045617
STU_017225,92.73655879313087
STU_017226,77.87367207546984
STU_017227,71.56172327748183
STU_017228,81.88818989855915
STU_017229,67.07752806593747
STU_017230,94.43900966091527
STU_017231,71.4232112876227
STU_017232,69.62611989347107
STU_017233,74.60120510077758
STU_017234,87.67158459805464
STU_017235,77.68393298101333
STU_017236,62.43159711194875
STU_017237,91.09587825848503
STU_017238,78.76403156723944
STU_017239,51.97778522190184
STU_017240,94.76858578584103
STU_017241,71.7914772025502
STU_017242,48.86560223493038
STU_017243,83.2163467549087
STU_017244,73.92248168548926
STU_017245,87.3726843513635
STU_017246,84.51823780318047
STU_017247,57.032705128024276
STU_017248,66.74284435629659
STU_017249,64.24462117061266
STU_017250,59.297982739288926
STU_017251,87.02562238693524
STU_017252,62.633671145813
STU_017253,89.43846469007944
STU_017254,49.165069098875875
STU_017255,58.13848543483156
STU_017256,48.88602951669811
STU_017257,81.01673146262284
STU_017258,78.01063760208149
STU_017259,67.68197512368248
STU_017260,68.29913116728619
STU_017261,57.61787992216152
STU_017262,72.3717024583836
STU_017263,76.932590285943
STU_017264,67.35526167165878
STU_017265,89.37398362056375
STU_017266,54.027772563954066
STU_017267,67.890489359847
STU_017268,70.32702076618791
STU_017269,68.32587517844823
STU_017270,78.26416801974985
STU_017271,79.00198843761876
STU_017272,63.19760982245681
STU_017273,85.35629444827151
STU_017274,86.25434907876266
STU_017275,69.48922939893498
STU_017276,56.7015832206395
STU_017277,78.59600757908265
STU_017278,93.24623044450433
STU_017279,72.21545152229992
STU_017280,81.11998346557174
STU_017281,67.6736312509962
STU_017282,75.59960614326201
STU_017283,82.27143324906274
STU_017284,91.67654758937836
STU_017285,84.4797136844353
STU_017286,73.68119280593828
STU_017287,63.35873904288364
STU_017288,66.04435650273851
STU_017289,76.92922961939863
STU_017290,85.4346612009615
STU_017291,81.49257533204863
STU_017292,65.17402672684207
STU_017293,72.26896663516334
STU_017294,63.38914172871198
STU_017295,71.96748988088629
STU_017296,73.86106115735771
STU_017297,95.093263036723
STU_017298,65.89542608432788
STU_017299,72.67229140058427
STU_017300,55.6121666467661
STU_017301,60.51873978403778
STU_017302,74.54001146927774
STU_017303,91.87704143020638
STU_017304,85.05592841049908
STU_017305,76.99519555609106
STU_017306,81.94294224756672
STU_017307,99.54764137083694
STU_017308,91.27007028209174
STU_017309,86.27686526253927
STU_017310,64.86171994935816
STU_017311,76.71286379429691
STU_017312,68.70918774321427
STU_017313,90.55145202371563
STU_017314,77.59019033775652
STU_017315,84.96714483020563
STU_017316,72.45812497298998
STU_017317,82.41658756814691
STU_017318,42.17296584359366
STU_017319,67.06064951666306
STU_017320,90.60215937091365
STU_017321,83.58267121418697
STU_017322,77.93961278293061
STU_017323,79.54700796028831
STU_017324,83.89599455013284
STU_017325,83.0979950659302
STU_017326,69.74815485788216
STU_017327,85.04139558973583
STU_017328,77.75844550289347
STU_017329,39.56177622409657
STU_017330,87.16975942382501
STU_017331,80.69383833326194
STU_017332,67.5282123645201
STU_017333,67.83082198245894
STU_017334,80.13128119264454
STU_017335,87.79180567077374
STU_017336,63.78926171898504
STU_017337,79.46623670694946
STU_017338,81.59995737286194
STU_017339,100.0
STU_017340,80.09114091833338
STU_017341,87.72423413874698
STU_017342,64.31861694015836
STU_017343,83.86175189064986
STU_017344,62.12726191904592
STU_017345,68.76769381966146
STU_017346,63.20617668239153
STU_017347,93.88498750700849
STU_017348,73.46649543433892
STU_017349,81.08329913815334
STU_017350,55.619851281626524
STU_017351,62.952062938019225
STU_017352,60.86918301010337
STU_017353,57.99647689734106
STU_017354,82.73092910013467
STU_017355,59.76756498260456
STU_017356,68.84851062969793
STU_017357,60.05540503645918
STU_017358,62.98591751327636
STU_017359,86.80986805707425
STU_017360,99.48891479962926
STU_017361,96.91774331717056
STU_017362,66.4960484252499
STU_017363,87.45892937145648
STU_017364,91.03915027638563
STU_017365,84.1386297489887
STU_017366,83.83370456905575
STU_017367,100.0
STU_017368,63.29129163948444
STU_017369,50.6819217800099
STU_017370,84.10629269329121
STU_017371,79.67052632274354
STU_017372,82.47801799739221
STU_017373,62.032621727873604
STU_017374,48.85118578472659
STU_017375,85.34538285679173
STU_017376,73.46812175158328
STU_017377,67.60584260665681
STU_017378,78.0311315577634
STU_017379,62.89009686617483
STU_017380,61.97003187110448
STU_017381,58.90299382406914
STU_017382,84.56784582058907
STU_017383,81.17433652106334
STU_017384,66.69535017035331
STU_017385,65.83649631330002
STU_017386,73.68267254996357
STU_017387,82.1431407100628
STU_017388,64.71744696692878
STU_017389,79.87406088760832
STU_017390,76.27799998000403
STU_017391,80.53818628346576
STU_017392,66.98302178460953
STU_017393,60.98482477028099
STU_017394,69.99924552334615
STU_017395,57.1058810258993
STU_017396,80.9654005771516
STU_017397,79.45502542619056
STU_017398,79.9145166615965
STU_017399,84.56385893168624
STU_017400,45.91486418594967
STU_017401,43.630942846999226
STU_017402,95.66648946572353
STU_017403,61.50827403621358
STU_017404,67.85766999714613
STU_017405,63.863461613364066
STU_017406,67.66574928259102
STU_017407,62.91214697016264
STU_017408,78.773960992774
STU_017409,77.9623347551546
STU_017410,75.05355567935926
STU_017411,60.0603243934744
STU_017412,79.3550388165604
STU_017413,86.19885190058028
STU_017414,78.9770945622607
STU_017415,55.32055575622204
STU_017416,67.01657459338207
STU_017417,74.84682527255876
STU_017418,86.5184101959207
STU_017419,67.58265128509656
STU_017420,82.82771757732861
STU_017421,80.51991802054334
STU_017422,79.26099474065786
STU_017423,71.62573985454492
STU_017424,54.7353575098751
STU_017425,79.95100186522961
STU_017426,65.75157615814561
STU_017427,77.29064728919039
STU_017428,72.47865145737691
STU_017429,60.98180482242022
STU_017430,99.89466729274271
STU_017431,69.25323499463403
STU_017432,95.55617967591276
STU_017433,85.82350582864444
STU_017434,77.01974601842446
STU_017435,81.82420987018608
STU_017436,71.58929697742339
STU_017437,77.47445637147982
STU_017438,99.64195545296818
STU_017439,68.86285461930052
STU_017440,87.5020134281775
STU_017441,50.42665986480793
STU_017442,75.29255933725744
STU_017443,83.28481064206304
STU_017444,77.78493918557362
STU_017445,92.58062309661884
STU_017446,87.6354724758066
STU_017447,65.71112405009947
STU_017448,76.0736993838491
STU_017449,85.2090271221664
STU_017450,82.87367540325917
STU_017451,71.8440428300224
STU_017452,77.99915746565097
STU_017453,88.80126604007523
STU_017454,56.838173979668554
STU_017455,89.96114112186123
STU_017456,76.76854461271475
STU_017457,67.43994883830982
STU_017458,64.80332756054362
STU_017459,81.18193728706397
STU_017460,68.93009699047387
STU_017461,89.1791815750086
STU_017462,79.96036955619945
STU_017463,93.56670956805068
STU_017464,74.57980290903782
STU_017465,80.45406337034095
STU_017466,75.55822338367685
STU_017467,56.33435274524527
STU_017468,85.36567882778203
STU_017469,94.80674297103042
STU_017470,87.15198389826237
STU_017471,86.2936943146799
STU_017472,67.3106782835501
STU_017473,99.56117835043005
STU_017474,36.945051963142774
STU_017475,60.75526095452796
STU_017476,69.30739808616389
STU_017477,63.76846531907951
STU_017478,51.429488161257936
STU_017479,78.51001392822546
STU_017480,96.14758336186635
STU_017481,90.9998178904334
STU_017482,85.36881278678746
STU_017483,88.05005256527679
STU_017484,87.52218055622643
STU_017485,89.82193044963174
STU_017486,71.08226506820525
STU_017487,89.32340587618029
STU_017488,57.61868770030222
STU_017489,62.466821511128614
STU_017490,95.02355314849743
STU_017491,71.66579745176347
STU_017492,58.817869640791606
STU_017493,76.21488956014838
STU_017494,79.16254071460439
STU_017495,53.262701267857125
STU_017496,76.77031786752784
STU_017497,88.84725421221526
STU_017498,57.229040816027236
STU_017499,88.92788651228253
STU_017500,85.46932405988305
STU_017501,76.23380613929379
STU_017502,87.25492620450815
STU_017503,67.16068292714941
STU_017504,82.97911869671869
STU_017505,79.42399007515588
STU_017506,79.40633934057107
STU_017507,57.54255953303014
STU_017508,65.13000313109931
STU_017509,82.68994466696694
STU_017510,97.1808661352432
STU_017511,74.13176991467593
STU_017512,71.11473244922217
STU_017513,78.18323174292817
STU_017514,73.85048062814384
STU_017515,79.19888405110902
STU_017516,96.29849297245201
STU_017517,85.27494842504015
STU_017518,80.54060003168713
STU_017519,87.64601908323397
STU_017520,99.22346726444093
STU_017521,60.04885880458264
STU_017522,76.82720000714434
STU_017523,78.73440811940512
STU_017524,59.30497016402629
STU_017525,70.70841240269755
STU_017526,75.91689573290442
STU_017527,77.75938142901688
STU_017528,71.80978983185454
STU_017529,99.94631574060608
STU_017530,81.54641416039925
STU_017531,88.08843658743363
STU_017532,60.443668394986474
STU_017533,66.80565670548592
STU_017534,57.65259332951748
STU_017535,75.43863981860451
STU_017536,84.55087572328485
STU_017537,97.12986810940548
STU_017538,91.64649657717422
STU_017539,74.23110381534559
STU_017540,97.13279329399796
STU_017541,55.04427585714678
STU_017542,71.84797235476678
STU_017543,78.96873287434701
STU_017544,94.84652102872668
STU_017545,69.82255067230447
STU_017546,68.67471312278083
STU_017547,95.54927826331449
STU_017548,78.31934011458449
STU_017549,98.21470819713747
STU_017550,76.48711372960672
STU_017551,96.44602038255603
STU_017552,49.268030586923985
STU_017553,84.57393331048152
STU_017554,59.62732056764334
STU_017555,68.74373180428888
STU_017556,70.8545832442422
STU_017557,53.19083150219589
STU_017558,48.03297198376412
STU_017559,83.38686750669669
STU_017560,69.39731735875037
STU_017561,94.39890916605341
STU_017562,59.85731810514482
STU_017563,65.12856187357073
STU_017564,69.81267453785351
STU_017565,69.63013582595997
STU_017566,80.68795766080439
STU_017567,66.34689230237589
STU_017568,70.16203359439459
STU_017569,72.52020486483048
STU_017570,99.1411523443843
STU_017571,90.84473057371162
STU_017572,80.04420040501198
STU_017573,74.38343840706855
STU_017574,83.92760017978438
STU_017575,88.34191962213282
STU_017576,91.96636940359784
STU_017577,63.615838490886226
STU_017578,78.85326555146207
STU_017579,73.57437883578484
STU_017580,81.25474039755764
STU_017581,77.1720563482656
STU_017582,79.44101046327208
STU_017583,92.26318438704809
STU_017584,58.57779283177649
STU_017585,51.885179305007085
STU_017586,81.3549208317045
STU_017587,62.99900408398291
STU_017588,67.56533381210804
STU_017589,93.21039787921382
STU_017590,73.89857077610372
STU_017591,92.31941011552377
STU_017592,64.64670715759136
STU_017593,58.68236916844812
STU_017594,56.21063469554859
STU_017595,95.62511922199425
STU_017596,71.67464202758745
STU_017597,90.27403918416869
STU_017598,45.24479799330712
STU_017599,65.88599377821586
STU_017600,77.33435643088794
STU_017601,66.58410288853597
STU_017602,62.880854778893
STU_017603,87.64569662496365
STU_017604,83.03732238704535
STU_017605,68.60245015436722
STU_017606,91.60864632649047
STU_017607,77.20916679892598
STU_017608,91.61542270028508
STU_017609,76.64656327492634
STU_017610,74.8953750240293
STU_017611,73.533445877927
STU_017612,95.83070684119409
STU_017613,80.71968807308969
STU_017614,89.34211615447444
STU_017615,68.28212592248548
STU_017616,87.42893479207646
STU_017617,87.5948633868377
STU_017618,43.74618889391236
STU_017619,63.44639726378844
STU_017620,71.69498516024981
STU_017621,81.35463237120263
STU_017622,98.09595789837863
STU_017623,56.9873258281646
STU_017624,69.36732130882486
STU_017625,65.79688280428172
STU_017626,55.875509765668646
STU_017627,54.867759486976105
STU_017628,74.20173968042575
STU_017629,68.98004234105397
STU_017630,60.63611208939855
STU_017631,52.92618247388613
STU_017632,76.84010189411187
STU_017633,74.57953009372072
STU_017634,82.01656335707307
STU_017635,77.5569321301502
STU_017636,70.3690988573053
STU_017637,92.90851215444128
STU_017638,69.97701851990556
STU_017639,84.21871462837802
STU_017640,94.19466803389034
STU_017641,99.99241067266485
STU_017642,61.10595205262896
STU_017643,64.83515945674448
STU_017644,77.7362231380868
STU_017645,78.89734694827794
STU_017646,71.45249476271049
STU_017647,62.14574537508132
STU_017648,85.62292424420622
STU_017649,93.26568136010495
STU_017650,94.66021220562135
STU_017651,68.50947008613096
STU_017652,73.10355097739019
STU_017653,98.84504368222414
STU_017654,76.12162761661307
STU_017655,82.00525086172576
STU_017656,83.32011597968163
STU_017657,51.5050970421229
STU_017658,66.98270058191142
STU_017659,100.0
STU_017660,77.53829031572364
STU_017661,77.39908730587126
STU_017662,65.04048079669741
STU_017663,77.88218855935224
STU_017664,80.88938333059623
STU_017665,71.01118522170685
STU_017666,77.28321656982972
STU_017667,73.34130364312173
STU_017668,71.28179110294067
STU_017669,70.59713736829605
STU_017670,46.49042756504389
STU_017671,65.68547677475439
STU_017672,60.014372499136435
STU_017673,68.98472537818637
STU_017674,73.26349157675666
STU_017675,70.10739732494203
STU_017676,70.10862505525942
STU_017677,81.97656301245135
STU_017678,82.637388428474
STU_017679,89.81664142096156
STU_017680,70.99926770665189
STU_017681,84.61480691297174
STU_017682,72.87676024596372
STU_017683,77.82099830570029
STU_017684,84.3409939156551
STU_017685,70.29603620832911
STU_017686,64.32300266890287
STU_017687,72.53653571162765
STU_017688,71.78405298446394
STU_017689,89.11452522863675
STU_017690,68.72482537326687
STU_017691,71.76878790652071
STU_017692,74.89654929780431
STU_017693,66.13512886219486
STU_017694,74.83266372399547
STU_017695,95.90550984972275
STU_017696,79.97251536432753
STU_017697,43.60549609959584
STU_017698,50.15218210755612
STU_017699,95.33907432270331
STU_017700,51.43630337259208
STU_017701,53.4826839440758
STU_017702,85.17267221440943
STU_017703,84.88113963742495
STU_017704,62.00185097206253
STU_017705,56.43450588563574
STU_017706,81.09902821564191
STU_017707,53.13769817992487
STU_017708,94.01276474196816
STU_017709,89.34590544741299
STU_017710,85.63233459482629
STU_017711,100.0
STU_017712,73.97146648912887
STU_017713,68.86060199207104
STU_017714,85.25543026408947
STU_017715,68.933338556086
STU_017716,55.967880596824166
STU_017717,72.95502420800068
STU_017718,92.18477756811973
STU_017719,69.35299782165345
STU_017720,72.06138715670038
STU_017721,77.8714482254681
STU_017722,100.0
STU_017723,72.11782874265248
STU_017724,73.78126252618114
STU_017725,92.83823114115646
STU_017726,92.98868046073568
STU_017727,83.23027588748805
STU_017728,83.68622963446633
STU_017729,68.85555750833664
STU_017730,58.34952471371294
STU_017731,58.365532796468536
STU_017732,84.24355310185146
STU_017733,64.82801832650598
STU_017734,72.61922999314386
STU_017735,63.287119132067396
STU_017736,72.65868208433223
STU_017737,62.104760961508546
STU_017738,93.69461324936653
STU_017739,84.21082635255578
STU_017740,74.43885036623408
STU_017741,89.81344665299036
STU_017742,82.64890396042173
STU_017743,89.08068066199029
STU_017744,82.98832350445551
STU_017745,85.99722961599147
STU_017746,84.90099302244408
STU_017747,66.64880739687958
STU_017748,67.41861411819914
STU_017749,65.67551165031784
STU_017750,84.80662430975637
STU_017751,79.31177319696533
STU_017752,76.59751040307972
STU_017753,97.47213158369513
STU_017754,92.7312811705938
STU_017755,88.28799228114167
STU_017756,84.72131580381672
STU_017757,53.39963127827339
STU_017758,64.81448821862347
STU_017759,77.49832513421264
STU_017760,93.22309406938561
STU_017761,66.18557612358991
STU_017762,99.4289552134607
STU_017763,92.84743120499625
STU_017764,53.50846956244436
STU_017765,93.93510032042524
STU_017766,76.4965577160573
STU_017767,62.288501347421885
STU_017768,62.24488816179184
STU_017769,88.31579163080303
STU_017770,73.15878410023664
STU_017771,56.074410371356336
STU_017772,74.97308559528622
STU_017773,59.8896789423763
STU_017774,100.0
STU_017775,83.04002185273879
STU_017776,85.52080771527085
STU_017777,78.96783626719946
STU_017778,80.65990962477534
STU_017779,55.33866003050245
STU_017780,70.59520630676579
STU_017781,78.67981061258169
STU_017782,73.24859122497419
STU_017783,65.18360722491653
STU_017784,78.44291620723082
STU_017785,90.07489573710583
STU_017786,74.20011214652351
STU_017787,84.41799606993996
STU_017788,73.85256407822891
STU_017789,86.41209665013929
STU_017790,55.31506875648474
STU_017791,91.53509932847281
STU_017792,66.35503367402625
STU_017793,64.65811531619433
STU_017794,67.08739657971104
STU_017795,67.80754506648536
STU_017796,80.95493277009986
STU_017797,87.95879846347212
STU_017798,93.31594581629822
STU_017799,99.47054763462103
STU_017800,87.4427780087635
STU_017801,74.26268537241191
STU_017802,94.50168536335734
STU_017803,65.85362392905225
STU_017804,78.87544682522386
STU_017805,71.44901586789629
STU_017806,68.54326869097112
STU_017807,94.18593125199975
STU_017808,68.52121356218483
STU_017809,81.90681745233537
STU_017810,100.0
STU_017811,69.01733263064781
STU_017812,83.24145823457174
STU_017813,80.49047635216498
STU_017814,68.39426200625705
STU_017815,67.65613463495467
STU_017816,59.00806321253744
STU_017817,54.02338695332716
STU_017818,89.92717406279061
STU_017819,88.702942128873
STU_017820,83.44071447332195
STU_017821,71.23615362344567
STU_017822,91.61301004609588
STU_017823,92.46994743667517
STU_017824,55.4494407296329
STU_017825,76.8366884212284
STU_017826,82.19856831541651
STU_017827,84.54333572483938
STU_017828,58.398048200548146
STU_017829,65.64512475238712
STU_017830,72.42621527032922
STU_017831,84.46734487903535
STU_017832,83.59137140801428
STU_017833,55.879958740400006
STU_017834,81.73103748707403
STU_017835,67.94656726368115
STU_017836,79.83050355198196
STU_017837,68.41472357571067
STU_017838,63.54939249321312
STU_017839,94.82719465265059
STU_017840,72.68213105186375
STU_017841,93.68537281753615
STU_017842,80.4810555168674
STU_017843,83.85564512246803
STU_017844,63.15471358691387
STU_017845,95.44736361582214
STU_017846,89.53205471877924
STU_017847,48.66575601548155
STU_017848,62.62833640544157
STU_017849,54.83349613279549
STU_017850,70.74766100300376
STU_017851,61.63811835644841
STU_017852,88.52534961453922
STU_017853,71.71005203486803
STU_017854,96.83730312547405
STU_017855,51.906186736066026
STU_017856,85.30842091072716
STU_017857,81.3118929643244
STU_017858,75.9151179301725
STU_017859,62.987334241274425
STU_017860,81.47027300110446
STU_017861,87.6250048052041
STU_017862,72.05945149365783
STU_017863,92.88873736146353
STU_017864,80.10322783634648
STU_017865,70.34577755331368
STU_017866,79.81058237307627
STU_017867,64.00062932170502
STU_017868,95.07546723062708
STU_017869,62.178946794964716
STU_017870,82.35253283970852
STU_017871,94.08695576865115
STU_017872,69.32448843485534
STU_017873,92.76580769930489
STU_017874,78.57681194692096
STU_017875,72.24313225308057
STU_017876,69.90295367481502
STU_017877,51.369049404254646
STU_017878,88.94628737525926
STU_017879,55.575186151284754
STU_017880,95.36289464956516
STU_017881,74.1818648712871
STU_017882,70.33421619113238
STU_017883,94.86414458894988
STU_017884,59.15990046121608
STU_017885,66.79936891034134
STU_017886,79.2716613188182
STU_017887,55.12711689170303
STU_017888,62.30895714667521
STU_017889,100.0
STU_017890,100.0
STU_017891,78.91656331101633
STU_017892,53.91152379911543
STU_017893,84.42837283824718
STU_017894,59.851302887457564
STU_017895,69.35932340305023
STU_017896,78.54916474795354
STU_017897,62.02643397588651
STU_017898,82.69896025970752
STU_017899,81.68573963663684
STU_017900,69.04899130522384
STU_017901,91.03917515733943
STU_017902,67.73546949647064
STU_017903,72.45792017586452
STU_017904,82.13356858829371
STU_017905,76.80800890152611
STU_017906,66.94086575090361
STU_017907,75.35977048836315
STU_017908,71.74058939421043
STU_017909,71.01735950980655
STU_017910,72.9037275195181
STU_017911,62.96048688853
STU_017912,95.45593486632164
STU_017913,85.96806648255065
STU_017914,68.19821454533769
STU_017915,74.51594842077017
STU_017916,78.09607704371827
STU_017917,81.74493896747674
STU_017918,78.3456076065034
STU_017919,87.31955818472534
STU_017920,80.03004082723653
STU_017921,85.0581061808971
STU_017922,73.47811039266887
STU_017923,65.93145888658732
STU_017924,75.53174688796277
STU_017925,72.05840606519828
STU_017926,77.06608794705386
STU_017927,100.0
STU_017928,83.29304038838075
STU_017929,87.16901308331055
STU_017930,76.92621284414219
STU_017931,62.471671259082946
STU_017932,98.80479523408103
STU_017933,96.74971791718248
STU_017934,91.83454503689646
STU_017935,76.89599531173542
STU_017936,51.442321849147746
STU_017937,80.19820717621795
STU_017938,64.64412401109072
STU_017939,88.42281412359294
STU_017940,74.57429711785241
STU_017941,66.71301363904419
STU_017942,69.34600833361104
STU_017943,55.52339040669718
STU_017944,65.50548756506383
STU_017945,86.1712990074833
STU_017946,64.22222682398115
STU_017947,60.504682210740384
STU_017948,76.79779821353088
STU_017949,57.39502771267233
STU_017950,52.866727167823576
STU_017951,67.89840818303863
STU_017952,92.80952154865548
STU_017953,72.72137972964099
STU_017954,100.0
STU_017955,68.67268141265889
STU_017956,69.6818541946036
STU_017957,64.68481182994154
STU_017958,49.99289768396522
STU_017959,84.59753793600086
STU_017960,78.6581927759304
STU_017961,90.94040026267524
STU_017962,59.531203502719634
STU_017963,66.50577155907112
STU_017964,50.60488275888474
STU_017965,94.27872238693026
STU_017966,75.56842059018987
STU_017967,77.33517041327329
STU_017968,94.22187213452841
STU_017969,77.90179015210093
STU_017970,55.73901657985445
STU_017971,58.151755213581396
STU_017972,70.55020976388904
STU_017973,66.54719066998085
STU_017974,79.22453976856468
STU_017975,62.345008132381096
STU_017976,68.55482798960597
STU_017977,93.08869355916002
STU_017978,67.24767344126373
STU_017979,71.28432815419114
STU_017980,60.02833749942389
STU_017981,97.26820773283924
STU_017982,68.71777408865445
STU_017983,84.57976936015267
STU_017984,69.12880859163718
STU_017985,65.72237405271116
STU_017986,67.28629305334164
STU_017987,81.05635617119273
STU_017988,63.82154029275755
STU_017989,74.9787818137702
STU_017990,72.7770332923445
STU_017991,78.56527775816397
STU_017992,48.32177217101826
STU_017993,99.11775798913432
STU_017994,91.63833644498689
STU_017995,79.24799719282818
STU_017996,56.11975473195076
STU_017997,72.37965659362959
STU_017998,83.17126925719053
STU_017999,86.44709612859938
STU_018000,94.93262818730197
STU_018001,76.73694303107006
STU_018002,48.890365251799246
STU_018003,69.29248822206978
STU_018004,78.72400167138247
STU_018005,73.0332152384081
STU_018006,67.60184598940039
STU_018007,98.38015847891116
STU_018008,89.70304784067804
STU_018009,85.3555300883375
STU_018010,79.78792695816612
STU_018011,87.31990032588622
STU_018012,67.9788312929781
STU_018013,84.50953389080462
STU_018014,70.73563499796431
STU_018015,73.0402138740587
STU_018016,76.01302252035075
STU_018017,77.30123187771923
STU_018018,100.0
STU_018019,68.0681871709223
STU_018020,73.40298288104802
STU_018021,70.63096334250407
STU_018022,93.04349029081804
STU_018023,81.34924304406834
STU_018024,43.64251729806507
STU_018025,77.5100864351966
STU_018026,73.0293144702945
STU_018027,82.08705232508864
STU_018028,100.0
STU_018029,71.4150985217474
STU_018030,90.69396474914612
STU_018031,86.97476222546308
STU_018032,70.94782035950642
STU_018033,89.36885200939776
STU_018034,75.22881413038102
STU_018035,90.90156849925329
STU_018036,76.47773015935641
STU_018037,45.07388925897568
STU_018038,63.458478046232244
STU_018039,80.8491061098524
STU_018040,75.46379129379179
STU_018041,62.2192262600888
STU_018042,64.07527880401351
STU_018043,92.43247801951533
STU_018044,76.15326891644806
STU_018045,74.35737647638666
STU_018046,81.51971267592191
STU_018047,57.94069968398849
STU_018048,97.7455838870552
STU_018049,86.44278533327771
STU_018050,87.1194365392177
STU_018051,64.98171527612038
STU_018052,65.95592003581248
STU_018053,66.24221772656486
STU_018054,44.426830263469526
STU_018055,99.58664948875895
STU_018056,39.91219064278249
STU_018057,62.442206925144404
STU_018058,94.30274959398474
STU_018059,93.15742652289248
STU_018060,60.71485360906856
STU_018061,79.43356499867227
STU_018062,81.66941213568902
STU_018063,69.32814236560131
STU_018064,83.20013177898858
STU_018065,83.36508703281102
STU_018066,92.11579284141607
STU_018067,93.64455820984819
STU_018068,81.90791849491391
STU_018069,77.35038251295921
STU_018070,84.60180095989708
STU_018071,95.74939803336332
STU_018072,82.51754681519152
STU_018073,57.48289434016113
STU_018074,68.47344340955866
STU_018075,69.92364529582372
STU_018076,68.15123829752328
STU_018077,55.69717433866077
STU_018078,72.46538169739537
STU_018079,83.35743773234177
STU_018080,92.19263229330168
STU_018081,75.89498416545297
STU_018082,79.68935190720681
STU_018083,96.66297043405145
STU_018084,64.41561403995182
STU_018085,71.43202431185155
STU_018086,87.37126523774663
STU_018087,74.08519026489688
STU_018088,67.13246353578873
STU_018089,58.51886796197908
STU_018090,65.21804843748414
STU_018091,78.95878830579935
STU_018092,75.3001760307702
STU_018093,61.690317330335105
STU_018094,71.63815660362765
STU_018095,77.74917261277201
STU_018096,57.16003175292226
STU_018097,86.18866996386038
STU_018098,62.450173632189276
STU_018099,70.11127643233385
STU_018100,93.15174346845666
STU_018101,79.91147943963692
STU_018102,57.695012750448655
STU_018103,95.86309056144704
STU_018104,59.81928242238645
STU_018105,60.5440443198926
STU_018106,75.59977533937445
STU_018107,74.89657430544278
STU_018108,71.44408906128119
STU_018109,88.89795910352565
STU_018110,77.69043504950767
STU_018111,80.43788262432447
STU_018112,68.27068328610477
STU_018113,60.82833099396515
STU_018114,91.61301176749852
STU_018115,74.86856476489089
STU_018116,65.3730455343669
STU_018117,83.80944019236004
STU_018118,71.4356691339223
STU_018119,95.93662239610954
STU_018120,63.08286365520097
STU_018121,98.53401643192272
STU_018122,80.50481562265709
STU_018123,72.06243426676748
STU_018124,86.35008737162636
STU_018125,68.53849266169767
STU_018126,52.37066402351499
STU_018127,66.18738097238297
STU_018128,47.80843558097508
STU_018129,76.93333692945319
STU_018130,91.5839973337057
STU_018131,70.21040460932684
STU_018132,99.22497558867752
STU_018133,85.52769848504204
STU_018134,100.0
STU_018135,100.0
STU_018136,49.148121116243246
STU_018137,64.4137633560153
STU_018138,92.88049313996783
STU_018139,79.90526220450451
STU_018140,50.70878489266312
STU_018141,67.23486418799123
STU_018142,78.45412465359354
STU_018143,61.86107395522561
STU_018144,60.082527502016816
STU_018145,73.31242691675362
STU_018146,51.83370744110215
STU_018147,89.05718559238859
STU_018148,78.14940290867051
STU_018149,60.206405080540435
STU_018150,82.37546834754895
STU_018151,68.85177695806227
STU_018152,56.67190059185554
STU_018153,82.10896107085938
STU_018154,59.57933768909582
STU_018155,90.75076061366235
STU_018156,99.35406741893412
STU_018157,54.341657228562106
STU_018158,64.06340053416511
STU_018159,72.27545957735343
STU_018160,60.55564203006316
STU_018161,86.90296462052646
STU_018162,64.70550063547407
STU_018163,95.70648780663728
STU_018164,71.50079987483086
STU_018165,54.785997741816686
STU_018166,74.59598783436387
STU_018167,74.46152776685682
STU_018168,80.32007525991743
STU_018169,66.03622204620127
STU_018170,48.3905600640437
STU_018171,62.93281081237259
STU_018172,84.32281351479122
STU_018173,68.21660096075198
STU_018174,80.39861136939297
STU_018175,72.39600870627712
STU_018176,79.70154937030452
STU_018177,76.21898798557729
STU_018178,72.70918608557304
STU_018179,69.0454802785111
STU_018180,91.80949188098646
STU_018181,73.49765302176701
STU_018182,75.5356817281954
STU_018183,77.24547344452223
STU_018184,58.50548644779816
STU_018185,66.37507864275503
STU_018186,94.10748640459569
STU_018187,61.74874714239171
STU_018188,92.23137991978061
STU_018189,72.36776459247194
STU_018190,71.51813001450235
STU_018191,77.50762233456848
STU_018192,75.55770107845939
STU_018193,77.09380234068274
STU_018194,71.13244669903493
STU_018195,83.17430592551433
STU_018196,57.202597147247076
STU_018197,89.78937833283456
STU_018198,78.40039244583748
STU_018199,75.3517623409811
STU_018200,84.59449016277232
STU_018201,76.11859559096055
STU_018202,44.97225045443755
STU_018203,78.11517627126771
STU_018204,73.70085549291474
STU_018205,70.1953022702176
STU_018206,71.20911137252429
STU_018207,75.5298491409374
STU_018208,75.6279199711823
STU_018209,58.00483935933984
STU_018210,85.60877993889184
STU_018211,100.0
STU_018212,71.59676121212324
STU_018213,54.547159803260556
STU_018214,79.39279570391811
STU_018215,72.8683487723417
STU_018216,78.55330060354979
STU_018217,58.20442356596896
STU_018218,72.56467290660424
STU_018219,85.4290017276493
STU_018220,82.19115500824782
STU_018221,95.42812735298557
STU_018222,90.12057862466955
STU_018223,82.91882729556403
STU_018224,80.89941302686569
STU_018225,71.78976115403937
STU_018226,79.82714551099318
STU_018227,73.23396869668629
STU_018228,82.34899368965787
STU_018229,69.69326675655275
STU_018230,87.09048539890759
STU_018231,73.46808054162776
STU_018232,60.41165386424127
STU_018233,60.826340509509386
STU_018234,92.92020769329824
STU_018235,82.97616754850182
STU_018236,100.0
STU_018237,55.0424027234552
STU_018238,70.35266678722661
STU_018239,88.21153921271615
STU_018240,56.99412646142492
STU_018241,91.16475825690195
STU_018242,71.59684108917003
STU_018243,82.04606694747612
STU_018244,93.00081348116888
STU_018245,71.67787500554104
STU_018246,73.9655079493331
STU_018247,56.281001601918945
STU_018248,74.10908177031963
STU_018249,73.58906587849607
STU_018250,73.18677586151759
STU_018251,70.81970584674211
STU_018252,94.04465387529679
STU_018253,56.84247426783092
STU_018254,88.41774279915413
STU_018255,75.88640907030259
STU_018256,90.76094381055825
STU_018257,77.42976803445937
STU_018258,82.83977054461175
STU_018259,85.16427324550195
STU_018260,88.08151534674347
STU_018261,71.74215224795435
STU_018262,57.11626281405119
STU_018263,79.8998040578763
STU_018264,79.90205199964382
STU_018265,81.5978828061391
STU_018266,88.83821745957123
STU_018267,69.2491252111686
STU_018268,79.8515150413915
STU_018269,65.65166168158416
STU_018270,65.6131090480265
STU_018271,69.50024169980465
STU_018272,45.793671831176766
STU_018273,98.53023656210412
STU_018274,65.01489194739787
STU_018275,87.54794723122635
STU_018276,86.78020949075321
STU_018277,80.13180086970644
STU_018278,77.637763748668
STU_018279,55.22474344211629
STU_018280,83.268770033795
STU_018281,98.91295324241166
STU_018282,69.81472917924768
STU_018283,61.764815943980665
STU_018284,69.3474883039277
STU_018285,89.3119296923464
STU_018286,64.48665019550492
STU_018287,92.95702019408216
STU_018288,65.2922406381566
STU_018289,89.86569230433986
STU_018290,65.49240919474605
STU_018291,73.16686842691371
STU_018292,80.23156153945084
STU_018293,73.10841011711717
STU_018294,81.49805002493692
STU_018295,51.60153523076624
STU_018296,83.54472315424067
STU_018297,82.9183568229964
STU_018298,97.56708864998336
STU_018299,63.992380146488586
STU_018300,82.31883130917856
STU_018301,65.66856212262988
STU_018302,69.08554957759526
STU_018303,99.57087938949826
STU_018304,64.51528417351217
STU_018305,57.09606878509747
STU_018306,65.42500708548611
STU_018307,76.66374261013559
STU_018308,85.12291758913551
STU_018309,67.04513053464044
STU_018310,89.82763461820207
STU_018311,71.508620779695
STU_018312,70.50683577256366
STU_018313,88.46096724151762
STU_018314,67.62242076811995
STU_018315,93.95003992050378
STU_018316,73.29664943699947
STU_018317,85.68128654688358
STU_018318,59.30947969172268
STU_018319,60.36815324792161
STU_018320,88.7936169635378
STU_018321,89.10262113022567
STU_018322,75.71368949744667
STU_018323,100.0
STU_018324,59.519252392760194
STU_018325,75.77526215135902
STU_018326,74.05926545740093
STU_018327,83.78704564228723
STU_018328,76.33800828463252
STU_018329,70.6582824428378
STU_018330,49.01463906117614
STU_018331,82.60155714773259
STU_018332,90.32494610378674
STU_018333,61.425356157503536
STU_018334,85.61021587851617
STU_018335,57.42895546065686
STU_018336,74.46555874570221
STU_018337,70.3426889948479
STU_018338,71.18845442270472
STU_018339,83.32962996375319
STU_018340,85.31502010522675
STU_018341,66.9935549199974
STU_018342,62.315008191491856
STU_018343,59.36199846332127
STU_018344,85.05131383198857
STU_018345,70.36474874996826
STU_018346,71.7623997886846
STU_018347,71.50462624950224
STU_018348,98.35209097771991
STU_018349,79.88928875918702
STU_018350,84.92883404678446
STU_018351,78.4553105911534
STU_018352,86.92425500428654
STU_018353,83.98427865324115
STU_018354,98.0855262341172
STU_018355,71.10153074777539
STU_018356,71.43986542706628
STU_018357,70.10325057499054
STU_018358,76.63266223252471
STU_018359,100.0
STU_018360,92.97188250987546
STU_018361,49.009239995434356
STU_018362,67.46931531145643
STU_018363,47.92713403651223
STU_018364,88.33097169046732
STU_018365,89.97531841903202
STU_018366,56.37389492098964
STU_018367,82.02403618256486
STU_018368,63.89853397807428
STU_018369,83.93424294155949
STU_018370,58.86192042621355
STU_018371,88.19331584143018
STU_018372,86.07419699065659
STU_018373,62.79806287975977
STU_018374,74.10760363355784
STU_018375,70.86133256425916
STU_018376,84.43357011926207
STU_018377,84.41652763680543
STU_018378,91.6868121096833
STU_018379,51.68837573226611
STU_018380,85.22637906353945
STU_018381,73.90425249097346
STU_018382,91.44378493590747
STU_018383,89.09063817122217
STU_018384,66.21167772199493
STU_018385,97.11469835040484
STU_018386,73.899316487329
STU_018387,82.35357775891976
STU_018388,94.48059353511168
STU_018389,64.6401356639382
STU_018390,55.40021527396078
STU_018391,79.38298778105974
STU_018392,100.0
STU_018393,76.74367816942458
STU_018394,83.36182616392337
STU_018395,76.13952581362844
STU_018396,60.74159894985293
STU_018397,67.90709935619289
STU_018398,83.55301316912528
STU_018399,100.0
STU_018400,71.48857336549545
STU_018401,82.30692810396818
STU_018402,76.48958916209509
STU_018403,88.34987995796476
STU_018404,86.93048533068962
STU_018405,89.25828596709549
STU_018406,65.73109875214394
STU_018407,99.28576660279218
STU_018408,81.20888611300079
STU_018409,57.748236978075
STU_018410,94.73328689949051
STU_018411,70.12795797542046
STU_018412,77.26352023242916
STU_018413,90.45816875101139
STU_018414,96.51216988765825
STU_018415,73.54359681482103
STU_018416,80.70247276393175
STU_018417,62.44692192752761
STU_018418,94.78742929553869
STU_018419,77.54756392949048
STU_018420,89.91187236474366
STU_018421,93.93143184969742
STU_018422,86.59546509429762
STU_018423,83.83930301561278
STU_018424,55.71525769918915
STU_018425,93.55637966063227
STU_018426,75.0036474975692
STU_018427,79.08432735255585
STU_018428,80.67052406654246
STU_018429,94.24516112268472
STU_018430,63.62167909433211
STU_018431,79.62873814989597
STU_018432,96.08615626249305
STU_018433,70.4756021934747
STU_018434,80.75448963352005
STU_018435,67.63363415347386
STU_018436,74.76543637781226
STU_018437,86.58213007107813
STU_018438,63.58588579507148
STU_018439,100.0
STU_018440,77.86692893026662
STU_018441,73.21996586622188
STU_018442,76.63769546244568
STU_018443,57.60390565285161
STU_018444,65.4511241244007
STU_018445,94.34000237269514
STU_018446,82.42361924511545
STU_018447,93.41298331998176
STU_018448,68.5236202390156
STU_018449,97.25704028251931
STU_018450,71.3902250756808
STU_018451,67.9166593423187
STU_018452,58.157525312620415
STU_018453,67.09551758194709
STU_018454,51.06317271385446
STU_018455,50.034685531665005
STU_018456,75.91160910869559
STU_018457,59.62408889559359
STU_018458,70.8009872227406
STU_018459,59.36217511262612
STU_018460,75.8074613349864
STU_018461,90.05218428871822
STU_018462,54.510102703353745
STU_018463,80.23317551053381
STU_018464,61.54351928212756
STU_018465,79.5446343041304
STU_018466,63.11602019447684
STU_018467,84.04021543440514
STU_018468,74.81541325416794
STU_018469,78.05230325148128
STU_018470,88.07628212908442
STU_018471,86.09323338025104
STU_018472,60.38187928939349
STU_018473,82.32254527472197
STU_018474,88.1259963461728
STU_018475,76.5067966662727
STU_018476,77.40455955166455
STU_018477,48.43903627917974
STU_018478,100.0
STU_018479,91.86502477501423
STU_018480,84.28333576400303
STU_018481,67.75887617435656
STU_018482,64.70007488456258
STU_018483,90.09944181741693
STU_018484,87.9942555519135
STU_018485,66.24186090813933
STU_018486,68.77389059946343
STU_018487,58.31439968174704
STU_018488,72.32203658856501
STU_018489,60.13382025384267
STU_018490,68.19565514788039
STU_018491,82.95881192582294
STU_018492,73.79311689936968
STU_018493,84.17230338615349
STU_018494,77.96381638139735
STU_018495,83.23486098628817
STU_018496,64.65533855803783
STU_018497,91.64337363720288
STU_018498,69.52345977502375
STU_018499,69.19479616313103
STU_018500,79.02512301829174
STU_018501,100.0
STU_018502,66.74822008558851
STU_018503,46.957766800724976
STU_018504,98.70712539821656
STU_018505,70.19771701008577
STU_018506,82.99626397174114
STU_018507,73.14880165210495
STU_018508,79.6865452464261
STU_018509,60.46495112881085
STU_018510,85.26622062826945
STU_018511,78.04320955190097
STU_018512,75.9034002983288
STU_018513,83.12256832057746
STU_018514,57.19751491506494
STU_018515,67.46063940661237
STU_018516,62.00080232577735
STU_018517,85.50682086378939
STU_018518,59.3521245475477
STU_018519,57.32665715805228
STU_018520,84.56009036645224
STU_018521,75.03496401207698
STU_018522,81.369715834793
STU_018523,85.87165819018624
STU_018524,92.5370479296862
STU_018525,69.92213322392445
STU_018526,61.469685739297546
STU_018527,84.43932662592758
STU_018528,85.94197417339736
STU_018529,73.2440140879539
STU_018530,73.17673002759243
STU_018531,87.00401563168215
STU_018532,67.27781387311492
STU_018533,69.76721486239627
STU_018534,59.14200336155659
STU_018535,90.64732695243525
STU_018536,99.45479474486733
STU_018537,84.23530213831285
STU_018538,73.93223650920638
STU_018539,57.16237472848943
STU_018540,77.7975959465382
STU_018541,69.70336246999037
STU_018542,94.23591753543656
STU_018543,74.07462552747597
STU_018544,72.41516996601162
STU_018545,71.15291281052549
STU_018546,93.16439445194858
STU_018547,74.21561669127419
STU_018548,91.89485757804503
STU_018549,87.8546669019184
STU_018550,76.76703549393523
STU_018551,75.39178044229041
STU_018552,67.83543194979316
STU_018553,65.4123034373679
STU_018554,62.483022116995784
STU_018555,58.1623560630777
STU_018556,78.16983143989665
STU_018557,65.78705575752363
STU_018558,66.2009160689471
STU_018559,69.33391143223432
STU_018560,79.3434619836512
STU_018561,77.40648466054076
STU_018562,83.8470736874158
STU_018563,76.042001074234
STU_018564,82.24268948626478
STU_018565,66.22295874939253
STU_018566,69.29446222604722
STU_018567,92.0179514144584
STU_018568,84.94865136515998
STU_018569,81.50416840840003
STU_018570,70.03331306148993
STU_018571,84.49382000873418
STU_018572,62.903805923942514
STU_018573,83.7271781659955
STU_018574,73.75108585733705
STU_018575,72.7321043486718
STU_018576,78.26720683808435
STU_018577,67.89648490753197
STU_018578,80.63614879186585
STU_018579,52.72026234220749
STU_018580,99.12661768520687
STU_018581,71.15501110959752
STU_018582,81.80118603026156
STU_018583,91.70070993402615
STU_018584,85.09339573058205
STU_018585,70.59874740512008
STU_018586,93.710218960332
STU_018587,95.69300696098355
STU_018588,55.3516061661731
STU_018589,83.17772427161202
STU_018590,72.94386721853081
STU_018591,89.25703958521231
STU_018592,44.71568355859835
STU_018593,83.59986932551232
STU_018594,66.87817114351535
STU_018595,74.13240461717014
STU_018596,62.63677720127247
STU_018597,74.04694164997602
STU_018598,66.65410463932895
STU_018599,56.69837240297481
STU_018600,84.75501894199516
STU_018601,66.1333922798478
STU_018602,69.74669751859533
STU_018603,70.58553565330168
STU_018604,74.3905709153814
STU_018605,47.52065018834581
STU_018606,72.06557328800872
STU_018607,89.12293545713685
STU_018608,93.5865704550865
STU_018609,89.02112816925336
STU_018610,100.0
STU_018611,64.57148975448766
STU_018612,72.62422945111965
STU_018613,82.69879825378582
STU_018614,74.19496256715475
STU_018615,53.93179189795714
STU_018616,80.69235009923374
STU_018617,69.10137019204643
STU_018618,65.47750428284081
STU_018619,70.42201342716507
STU_018620,90.18668698427217
STU_018621,62.708561550347326
STU_018622,82.78517970275328
STU_018623,66.01323150904778
STU_018624,76.94955655575609
STU_018625,82.36041115722236
STU_018626,69.00319565271744
STU_018627,69.86573573417746
STU_018628,64.1356182595705
STU_018629,69.90325471372611
STU_018630,61.2493289772691
STU_018631,94.67455859477829
STU_018632,88.87422512999328
STU_018633,69.36443930005808
STU_018634,67.5645273143545
STU_018635,69.4239327411068
STU_018636,77.02868150277683
STU_018637,70.49979054319341
STU_018638,99.98634106401516
STU_018639,90.89457750168464
STU_018640,71.77351740244075
STU_018641,60.19608711177135
STU_018642,80.85259223112988
STU_018643,72.8307381881744
STU_018644,58.285827974326594
STU_018645,94.63450382820862
STU_018646,65.61339415531526
STU_018647,99.50029478454813
STU_018648,54.77402262722701
STU_018649,59.23750150861043
STU_018650,74.98809936804767
STU_018651,65.97849295075774
STU_018652,83.06916988444839
STU_018653,80.5709069064622
STU_018654,79.24140169328841
STU_018655,62.86110834583907
STU_018656,74.53059767865273
STU_018657,93.04123642786764
STU_018658,82.20600179834679
STU_018659,82.45945773680876
STU_018660,76.9539050879244
STU_018661,58.38284364772888
STU_018662,59.23699645936654
STU_018663,79.23519267098061
STU_018664,47.52365428662498
STU_018665,68.91748565858092
STU_018666,62.59824766247168
STU_018667,60.34892981601812
STU_018668,50.1235378702574
STU_018669,75.30890566027512
STU_018670,72.07218411955179
STU_018671,60.89882013513824
STU_018672,77.39622333834038
STU_018673,63.10595978920635
STU_018674,66.1205119565495
STU_018675,75.06153469439491
STU_018676,66.10057931079342
STU_018677,69.22114740432934
STU_018678,88.87507350735561
STU_018679,87.1399960477885
STU_018680,59.70003652631281
STU_018681,86.3284223656521
STU_018682,89.7802668877835
STU_018683,79.51121226540985
STU_018684,86.24684831464528
STU_018685,71.53976818616093
STU_018686,85.85729425773619
STU_018687,74.58688869669845
STU_018688,67.32301764042799
STU_018689,84.80452320382108
STU_018690,70.55153946406155
STU_018691,69.08091687795184
STU_018692,74.64094596095303
STU_018693,70.18148953314368
STU_018694,88.85294238289254
STU_018695,76.58816996634084
STU_018696,70.25585639744901
STU_018697,77.95225796164371
STU_018698,85.97380658437906
STU_018699,65.57724964294638
STU_018700,100.0
STU_018701,72.0836261597648
STU_018702,84.60614578963383
STU_018703,65.82426606688759
STU_018704,88.95907725436837
STU_018705,73.59813711204737
STU_018706,88.0268610636105
STU_018707,64.86730273483195
STU_018708,68.14511250150649
STU_018709,94.43903328609139
STU_018710,80.96059694911642
STU_018711,62.632139205361014
STU_018712,90.91719132108933
STU_018713,70.31278264229218
STU_018714,77.10801647288787
STU_018715,100.0
STU_018716,64.81891909543432
STU_018717,71.11188422690785
STU_018718,54.74128809079013
STU_018719,82.43966100582641
STU_018720,69.05919526385124
STU_018721,89.05346743006328
STU_018722,59.019827576060855
STU_018723,60.26174367752337
STU_018724,70.73302370695319
STU_018725,79.51756872566784
STU_018726,71.15158523431987
STU_018727,87.39992975669661
STU_018728,74.48822383654006
STU_018729,89.13485250614636
STU_018730,85.20783934455001
STU_018731,65.6939250532245
STU_018732,76.06548333234821
STU_018733,89.85423108284013
STU_018734,77.43714739627154
STU_018735,79.99189469900065
STU_018736,61.336112342458705
STU_018737,75.46161953200225
STU_018738,73.43139154228675
STU_018739,79.62912650949056
STU_018740,69.5699265498439
STU_018741,49.82356395598907
STU_018742,95.24103751925674
STU_018743,61.280881193178175
STU_018744,100.0
STU_018745,78.38980450727769
STU_018746,71.40935658921035
STU_018747,86.25736778778695
STU_018748,51.31045585610963
STU_018749,55.047926744106704
STU_018750,86.08045211391823
STU_018751,88.12913027318801
STU_018752,57.85942232907293
STU_018753,60.31042760978419
STU_018754,92.62760190404771
STU_018755,92.12304138367608
STU_018756,70.90389900100335
STU_018757,89.54984139905233
STU_018758,90.84582236591115
STU_018759,88.555221641353
STU_018760,71.5381664271975
STU_018761,71.0387189554207
STU_018762,78.71284991368388
STU_018763,63.84135272897748
STU_018764,82.40624275610884
STU_018765,77.11824145416657
STU_018766,65.54021395237436
STU_018767,81.88966486970958
STU_018768,75.80670005332153
STU_018769,53.60642279038286
STU_018770,80.96102001521588
STU_018771,70.97153033800043
STU_018772,92.11137764461033
STU_018773,79.79418752819002
STU_018774,63.75248743040432
STU_018775,82.26656534110462
STU_018776,84.55500940697218
STU_018777,55.52855034943957
STU_018778,98.18599816349278
STU_018779,92.76346639275218
STU_018780,65.02460778669166
STU_018781,91.66910271487612
STU_018782,99.4171015768241
STU_018783,81.53579956845263
STU_018784,80.21450143042838
STU_018785,87.89500202498306
STU_018786,70.78438385235532
STU_018787,58.86538532458192
STU_018788,67.69724697146263
STU_018789,72.08097510728854
STU_018790,92.23865234005783
STU_018791,72.56843265374016
STU_018792,60.694743325937125
STU_018793,61.62683050964431
STU_018794,65.16980515249229
STU_018795,94.86933713228197
STU_018796,57.146018797508674
STU_018797,66.08621687113454
STU_018798,64.4800995920252
STU_018799,79.89182740621357
STU_018800,82.10588254827009
STU_018801,85.98501198887423
STU_018802,68.80829080007453
STU_018803,63.80839552340065
STU_018804,59.94198414232651
STU_018805,66.71123878394323
STU_018806,86.38925449667305
STU_018807,79.29794257026155
STU_018808,69.6163627732521
STU_018809,85.92171669067834
STU_018810,79.75261588561104
STU_018811,51.29933523094184
STU_018812,81.90424726751314
STU_018813,71.05489464666059
STU_018814,48.7693846006898
STU_018815,90.0902787376486
STU_018816,66.42172514549836
STU_018817,73.15518195054024
STU_018818,83.45032428301299
STU_018819,71.20751360946116
STU_018820,91.86599876053161
STU_018821,82.80994591769277
STU_018822,77.38128212987566
STU_018823,97.2124130251954
STU_018824,64.51802735336355
STU_018825,70.89723902868506
STU_018826,71.70160598356695
STU_018827,72.48775661893033
STU_018828,67.53350543495709
STU_018829,57.092692741812726
STU_018830,86.65335305478216
STU_018831,86.34072154431789
STU_018832,84.37303736142364
STU_018833,58.47167134866146
STU_018834,55.065777442186764
STU_018835,61.51022525132823
STU_018836,81.74053448597175
STU_018837,72.17152183778938
STU_018838,63.634471844449635
STU_018839,84.67489846002775
STU_018840,83.76467656644449
STU_018841,86.52528357414285
STU_018842,77.799540228818
STU_018843,76.69901707894104
STU_018844,72.1183795473453
STU_018845,80.01995178283283
STU_018846,100.0
STU_018847,100.0
STU_018848,79.26940158557079
STU_018849,72.31752801813286
STU_018850,74.49191355286354
STU_018851,64.74722192512345
STU_018852,55.79066992833571
STU_018853,63.14848816515044
STU_018854,68.43454532233497
STU_018855,78.90458666387107
STU_018856,68.17678519840572
STU_018857,84.6638154547448
STU_018858,82.18842403727696
STU_018859,92.15809768652464
STU_018860,71.25568584061348
STU_018861,75.23832378123684
STU_018862,92.35804955383071
STU_018863,68.26757059193044
STU_018864,61.737181348834895
STU_018865,79.43045884797037
STU_018866,72.28422415046478
STU_018867,64.7326537577673
STU_018868,80.28178381699468
STU_018869,75.7302873273012
STU_018870,89.60448822461717
STU_018871,97.97109955799056
STU_018872,80.17388057574462
STU_018873,71.3436375679522
STU_018874,90.53153470581744
STU_018875,98.36471701231429
STU_018876,64.65724548851286
STU_018877,57.610723992560025
STU_018878,94.44754196393751
STU_018879,85.25862184254024
STU_018880,78.48371855405382
STU_018881,64.59002409897346
STU_018882,75.16745867020865
STU_018883,75.2108782990512
STU_018884,88.74008782034086
STU_018885,55.86112472980756
STU_018886,85.81948333944665
STU_018887,67.21252579880894
STU_018888,94.64935697986147
STU_018889,65.90794801512064
STU_018890,47.86547826175736
STU_018891,74.55281625747351
STU_018892,80.4675413208726
STU_018893,83.93587787046471
STU_018894,100.0
STU_018895,76.18504418229783
STU_018896,84.65362751856088
STU_018897,71.685524359451
STU_018898,63.35176702901754
STU_018899,70.29692349563116
STU_018900,74.11008735783996
STU_018901,83.18539720427052
STU_018902,94.73948593015515
STU_018903,89.35773988049702
STU_018904,76.72114451086509
STU_018905,65.61845050156727
STU_018906,80.46645296402167
STU_018907,73.17823026213601
STU_018908,70.1393047932196
STU_018909,77.11005161244218
STU_018910,74.60965725423131
STU_018911,58.954540453902354
STU_018912,84.92611661414294
STU_018913,68.61795228860501
STU_018914,69.38054662283172
STU_018915,76.95247248630152
STU_018916,61.41532305956508
STU_018917,82.44646985852708
STU_018918,93.43471701131563
STU_018919,80.87163652084757
STU_018920,54.96677426129779
STU_018921,72.62863355610416
STU_018922,64.19122474283326
STU_018923,99.52885892459811
STU_018924,66.4564101694541
STU_018925,75.22230815380456
STU_018926,81.8395650002231
STU_018927,77.20718434357657
STU_018928,68.7122936703221
STU_018929,72.43849956115416
STU_018930,57.70653241830502
STU_018931,62.995580043941544
STU_018932,51.649462028164386
STU_018933,72.71203247562265
STU_018934,80.53312627242269
STU_018935,69.49141678619635
STU_018936,70.22943941943242
STU_018937,84.38899410062965
STU_018938,81.03387834707823
STU_018939,67.0632674112679
STU_018940,81.88794629644151
STU_018941,86.19666670464531
STU_018942,57.149536604866626
STU_018943,75.8345646441166
STU_018944,74.12177426050519
STU_018945,79.44217278270816
STU_018946,83.6577542049368
STU_018947,68.87788516379261
STU_018948,68.20779176755289
STU_018949,71.34054087721867
STU_018950,83.88359525886835
STU_018951,66.6766116546464
STU_018952,63.06693317176259
STU_018953,73.98580754857906
STU_018954,80.43722095993726
STU_018955,75.72931082732181
STU_018956,61.00299419924288
STU_018957,73.8487714959367
STU_018958,80.10803163886456
STU_018959,81.02525106335165
STU_018960,73.87444009431003
STU_018961,67.98058567198703
STU_018962,79.05551037867178
STU_018963,89.56736136402472
STU_018964,71.67465085545777
STU_018965,86.121586215387
STU_018966,94.2135320838795
STU_018967,93.69390466611003
STU_018968,75.64866822173948
STU_018969,74.62617321609102
STU_018970,89.03326876007083
STU_018971,57.114013696729735
STU_018972,75.84345860003229
STU_018973,91.83278365367715
STU_018974,60.755650126801925
STU_018975,83.9768247817665
STU_018976,73.80700408505206
STU_018977,90.19985369726678
STU_018978,80.94129570055549
STU_018979,61.77162135163812
STU_018980,77.11910662293087
STU_018981,58.61050520741708
STU_018982,79.3691873301495
STU_018983,74.68472014333602
STU_018984,73.97712867790227
STU_018985,78.7449972141585
STU_018986,82.150511324385
STU_018987,80.83634905975205
STU_018988,77.63773724822468
STU_018989,83.49521386335967
STU_018990,89.39325418989536
STU_018991,66.18179368435037
STU_018992,78.57857313320544
STU_018993,75.40218116829391
STU_018994,81.42318298982583
STU_018995,96.76643787000589
STU_018996,64.98808285428973
STU_018997,70.28806400147496
STU_018998,72.83151552705581
STU_018999,92.01988827553708
STU_019000,72.30234006436808
STU_019001,62.35677836041601
STU_019002,71.06899594482435
STU_019003,83.35297008896683
STU_019004,80.46937064126043
STU_019005,95.56859324827826
STU_019006,88.9204497770575
STU_019007,100.0
STU_019008,77.3237317911661
STU_019009,100.0
STU_019010,47.90200342578726
STU_019011,81.1005487431671
STU_019012,74.07529916589009
STU_019013,61.56032945984769
STU_019014,100.0
STU_019015,53.140373897381764
STU_019016,64.7266174587436
STU_019017,94.77259557510924
STU_019018,71.01662490310044
STU_019019,73.99271223434428
STU_019020,97.43301411441988
STU_019021,42.991714063939135
STU_019022,65.6291603214836
STU_019023,89.68291110428038
STU_019024,72.17986378517307
STU_019025,94.71483446859008
STU_019026,98.94826804171005
STU_019027,78.99093746512779
STU_019028,60.549229647801724
STU_019029,60.324342100911586
STU_019030,71.84891124603983
STU_019031,86.04344137100509
STU_019032,83.29864205746503
STU_019033,79.65751045480454
STU_019034,68.22318644596523
STU_019035,84.07853278225936
STU_019036,90.13877747149
STU_019037,84.90643924329568
STU_019038,67.17816597370265
STU_019039,76.84234410747798
STU_019040,73.43451767938186
STU_019041,78.97010935186462
STU_019042,82.5844451215284
STU_019043,92.06035625663701
STU_019044,85.6838769071284
STU_019045,73.87918606181397
STU_019046,64.65064654084975
STU_019047,52.497075445013614
STU_019048,89.20767897925052
STU_019049,58.69366275094366
STU_019050,83.54888375091389
STU_019051,63.997417962107306
STU_019052,70.61318972633559
STU_019053,76.23992017496295
STU_019054,71.20629205700905
STU_019055,50.605146309735325
STU_019056,85.63446088978917
STU_019057,80.02080524125086
STU_019058,82.34434173927102
STU_019059,50.4757154707776
STU_019060,67.76015809793181
STU_019061,51.84348522780324
STU_019062,86.9198729260066
STU_019063,72.35035304953625
STU_019064,62.307782498432665
STU_019065,94.80402192602291
STU_019066,60.71874905396
STU_019067,79.312049267854
STU_019068,66.54976498463043
STU_019069,59.64105015593715
STU_019070,72.10059216936159
STU_019071,63.803878697734774
STU_019072,99.47866712550453
STU_019073,64.83029637528409
STU_019074,67.93745617749198
STU_019075,67.14296113883466
STU_019076,59.73342113931453
STU_019077,96.82010168100078
STU_019078,93.80477105881926
STU_019079,88.09014534115936
STU_019080,55.41636029578852
STU_019081,80.56755357026634
STU_019082,89.01061427199112
STU_019083,59.08242431765337
STU_019084,56.91397079707411
STU_019085,61.50281796692247
STU_019086,48.15517883104387
STU_019087,75.99578333451768
STU_019088,74.9884141751651
STU_019089,79.81474132872248
STU_019090,89.37464440347374
STU_019091,80.01567247641287
STU_019092,78.83129282310634
STU_019093,76.37387231475118
STU_019094,84.62745611409555
STU_019095,75.1274964669202
STU_019096,81.70402648973577
STU_019097,84.50022289781695
STU_019098,56.28509731780305
STU_019099,69.1352953659605
STU_019100,67.80925412935503
STU_019101,61.551227090716765
STU_019102,78.59953672773032
STU_019103,85.27426405873146
STU_019104,62.962846203634086
STU_019105,62.26296602737166
STU_019106,63.90062670560729
STU_019107,89.45213192490017
STU_019108,70.85287000260249
STU_019109,99.06759693900989
STU_019110,93.97748985584728
STU_019111,75.78306643047586
STU_019112,99.10559128367328
STU_019113,81.84787545218657
STU_019114,96.14359920391932
STU_019115,82.62347421119333
STU_019116,83.90834881270072
STU_019117,62.81170763453946
STU_019118,78.51983644830415
STU_019119,73.06308590071514
STU_019120,62.43200268243238
STU_019121,93.89861420083594
STU_019122,82.38018473601389
STU_019123,66.42438118520064
STU_019124,95.28764011583529
STU_019125,73.7885514659236
STU_019126,75.07105591420348
STU_019127,68.64745290723842
STU_019128,86.094657654131
STU_019129,61.42315656336867
STU_019130,58.4356494988421
STU_019131,79.9149058619385
STU_019132,92.83076806450624
STU_019133,56.36020741272616
STU_019134,70.21100788629762
STU_019135,98.09009563596302
STU_019136,92.78828097232636
STU_019137,61.920437864459345
STU_019138,88.82854318030795
STU_019139,85.17356416980526
STU_019140,82.86809033110065
STU_019141,91.38624785835914
STU_019142,80.69759370468785
STU_019143,80.61032582701255
STU_019144,75.44479461152218
STU_019145,71.51424534642122
STU_019146,91.84555856496408
STU_019147,74.3590406069087
STU_019148,92.67663268644263
STU_019149,81.96416142385291
STU_019150,76.62453126588309
STU_019151,93.24786660931042
STU_019152,47.78960926542031
STU_019153,68.65043892452046
STU_019154,90.71404854897779
STU_019155,100.0
STU_019156,79.38495766381493
STU_019157,86.17061890380566
STU_019158,52.91411223178429
STU_019159,70.37794663632755
STU_019160,62.27736702133707
STU_019161,60.33497209465494
STU_019162,62.98279232327812
STU_019163,75.31496630697812
STU_019164,72.15111421799543
STU_019165,79.07177962819804
STU_019166,93.50928332624288
STU_019167,87.24371430001915
STU_019168,87.0248113076758
STU_019169,69.58927302437698
STU_019170,88.28686587797453
STU_019171,74.7715425021032
STU_019172,84.02570517691268
STU_019173,77.06053368793657
STU_019174,57.83861180640662
STU_019175,75.01459392193516
STU_019176,76.63287283850204
STU_019177,95.42461875150723
STU_019178,39.512659069946565
STU_019179,77.12048853750946
STU_019180,71.0268469615541
STU_019181,94.40594169765006
STU_019182,59.106536462648016
STU_019183,94.89860906363312
STU_019184,85.30435910039233
STU_019185,92.04862363435933
STU_019186,98.98232810840163
STU_019187,73.9997468668925
STU_019188,91.6250551206074
STU_019189,88.05235148520805
STU_019190,72.1850525026877
STU_019191,64.3082568939686
STU_019192,94.49777315052762
STU_019193,65.54441206259929
STU_019194,70.20326087265902
STU_019195,82.76812598987246
STU_019196,79.29980916926401
STU_019197,93.56692477153308
STU_019198,72.53678841847568
STU_019199,100.0
STU_019200,71.75322090316567
STU_019201,87.06609469605435
STU_019202,78.99228466163025
STU_019203,54.218536083632515
STU_019204,58.61008850523376
STU_019205,80.18642009672521
STU_019206,50.46448193600048
STU_019207,67.83311409387235
STU_019208,71.84037491843598
STU_019209,72.21072773844568
STU_019210,65.74840262636536
STU_019211,69.10964538110899
STU_019212,69.52708272851963
STU_019213,69.51143671042709
STU_019214,74.24714284680346
STU_019215,97.0969389670421
STU_019216,66.41273838946763
STU_019217,73.54363448714935
STU_019218,49.72039266509554
STU_019219,81.21806712218958
STU_019220,73.72393280574535
STU_019221,64.99539066937538
STU_019222,84.16886867377491
STU_019223,80.94886673938251
STU_019224,93.92554568387756
STU_019225,57.31686437249763
STU_019226,56.14666507124394
STU_019227,67.54592485059678
STU_019228,58.739839152596396
STU_019229,76.46965479888122
STU_019230,65.68691388375612
STU_019231,79.78861249263579
STU_019232,87.07847908699696
STU_019233,58.04837641368367
STU_019234,68.20467977456964
STU_019235,83.57405741195146
STU_019236,79.12284194496738
STU_019237,72.66351553891461
STU_019238,73.93098650884447
STU_019239,81.87994860608323
STU_019240,78.73313988392592
STU_019241,97.25470543160317
STU_019242,65.44765294524521
STU_019243,85.7574682824123
STU_019244,78.11604163569957
STU_019245,52.53194108714865
STU_019246,61.50915064041644
STU_019247,91.7988521579567
STU_019248,84.87758189334767
STU_019249,95.18459625959198
STU_019250,62.39361227703172
STU_019251,92.96202573273976
STU_019252,71.97802992512646
STU_019253,62.25413646966153
STU_019254,54.91536413371844
STU_019255,66.16042659651711
STU_019256,88.35683438538464
STU_019257,62.73324281207458
STU_019258,54.342738035643386
STU_019259,72.93822114328358
STU_019260,79.1242039502062
STU_019261,68.24095271475552
STU_019262,86.66905122646762
STU_019263,72.84977872963482
STU_019264,71.1688206336795
STU_019265,89.45426641495719
STU_019266,82.91145691509959
STU_019267,56.64485341674104
STU_019268,71.84151686221614
STU_019269,83.82421303940659
STU_019270,83.78608621802974
STU_019271,49.454046999068666
STU_019272,66.50219638577968
STU_019273,95.27208873881541
STU_019274,100.0
STU_019275,100.0
STU_019276,60.75345872005422
STU_019277,97.56331726124597
STU_019278,83.24218774127826
STU_019279,75.02097331830402
STU_019280,61.869892295925105
STU_019281,88.57745800456308
STU_019282,63.817567346218965
STU_019283,100.0
STU_019284,82.32815965017566
STU_019285,73.93899588844658
STU_019286,90.17841849895528
STU_019287,76.73829441268194
STU_019288,59.836401852374976
STU_019289,85.34200628370152
STU_019290,78.7827533236833
STU_019291,79.16362380253528
STU_019292,77.87189551713612
STU_019293,62.86748004630908
STU_019294,72.4160541808483
STU_019295,60.163584584574565
STU_019296,69.36046849075639
STU_019297,79.9218971616072
STU_019298,85.76212199503442
STU_019299,88.31154760041395
STU_019300,80.66703164309364
STU_019301,69.61402433435651
STU_019302,76.238933288623
STU_019303,67.174861811413
STU_019304,90.57695332003351
STU_019305,72.7495809600108
STU_019306,60.55655029821755
STU_019307,63.777833754841794
STU_019308,53.79275104333257
STU_019309,71.1123172909005
STU_019310,88.0160749970628
STU_019311,92.02998086999952
STU_019312,69.24390123565496
STU_019313,83.19483849300335
STU_019314,87.91375630361145
STU_019315,73.03489477303148
STU_019316,90.39655527464937
STU_019317,75.7767284943678
STU_019318,83.25201883320965
STU_019319,86.81480857812761
STU_019320,98.74170080346184
STU_019321,73.17708966710684
STU_019322,89.4966613718534
STU_019323,68.28500908541285
STU_019324,89.50931668038189
STU_019325,75.38219203449609
STU_019326,92.28389128865211
STU_019327,95.36670765206603
STU_019328,97.40050612346343
STU_019329,89.71324417502291
STU_019330,79.70763540863788
STU_019331,79.03406605940503
STU_019332,69.02574115366505
STU_019333,84.33778674930002
STU_019334,61.04891932081168
STU_019335,65.7658753498828
STU_019336,67.64852859787894
STU_019337,95.84831908043618
STU_019338,66.56864468648926
STU_019339,89.88384825530008
STU_019340,99.84497843038272
STU_019341,76.41797698359827
STU_019342,61.033152632537636
STU_019343,69.46034945257333
STU_019344,62.82684811476578
STU_019345,67.82108433537277
STU_019346,74.87301826861037
STU_019347,53.461609761514666
STU_019348,93.89300701702228
STU_019349,81.31535949368495
STU_019350,59.99213126664317
STU_019351,90.60570939463885
STU_019352,79.71277793807663
STU_019353,81.8998914004913
STU_019354,68.49346571187417
STU_019355,77.01905751999868
STU_019356,55.876781453606526
STU_019357,57.425464063081066
STU_019358,78.30689724786426
STU_019359,86.68668346666438
STU_019360,62.45370743563748
STU_019361,88.02350110249608
STU_019362,61.1893366048716
STU_019363,71.95343598097588
STU_019364,77.59909671806716
STU_019365,86.3144124376854
STU_019366,96.30745454437107
STU_019367,100.0
STU_019368,74.64280717047298
STU_019369,77.4697576265119
STU_019370,72.87949998197769
STU_019371,84.27494721330284
STU_019372,72.25905824390823
STU_019373,60.9781949507321
STU_019374,67.43302525217865
STU_019375,82.36657337542788
STU_019376,97.38676189025193
STU_019377,91.4298046617124
STU_019378,66.94269986879735
STU_019379,53.63058863870943
STU_019380,88.51670341818894
STU_019381,67.17392169979063
STU_019382,69.06493616182553
STU_019383,81.2564414927758
STU_019384,66.73488403236792
STU_019385,83.72265318605744
STU_019386,69.3818486270658
STU_019387,57.25642299353557
STU_019388,68.24657173756364
STU_019389,99.71285720414102
STU_019390,44.784261565457705
STU_019391,77.07700343595208
STU_019392,82.8477422397263
STU_019393,74.06862541113233
STU_019394,69.28799852470331
STU_019395,78.48985982090423
STU_019396,99.35975403667649
STU_019397,72.56913738385809
STU_019398,59.4552679890505
STU_019399,57.816081396651704
STU_019400,92.97422652328427
STU_019401,67.68716265212754
STU_019402,69.39805626719891
STU_019403,85.16909609413565
STU_019404,84.79598519700008
STU_019405,79.96879113395974
STU_019406,68.79102569557847
STU_019407,64.10395363998157
STU_019408,82.50436212320673
STU_019409,74.83262331267466
STU_019410,71.22856848663508
STU_019411,82.71531505495248
STU_019412,63.32821137980301
STU_019413,68.10217727009562
STU_019414,70.71649520419216
STU_019415,85.45425718408741
STU_019416,81.89784520962738
STU_019417,86.80818922912806
STU_019418,94.56749566157423
STU_019419,71.80517369549581
STU_019420,75.11819972999284
STU_019421,80.34584210365011
STU_019422,77.14002853932347
STU_019423,68.87182112193257
STU_019424,91.11848641284703
STU_019425,59.75623385691575
STU_019426,81.83969008499308
STU_019427,87.7275221986099
STU_019428,91.05353444090349
STU_019429,70.31836822992938
STU_019430,84.00162833430774
STU_019431,53.29595144169387
STU_019432,77.92861529662224
STU_019433,63.817369891302775
STU_019434,53.70569686794571
STU_019435,100.0
STU_019436,60.14043330686859
STU_019437,93.08550447183013
STU_019438,78.64352970163935
STU_019439,57.05697255336362
STU_019440,67.76389092560424
STU_019441,80.26108102215133
STU_019442,76.16415095316853
STU_019443,61.684875644699616
STU_019444,92.36364247675718
STU_019445,89.37507431464648
STU_019446,51.67726275841702
STU_019447,77.07608341579004
STU_019448,69.31443001383968
STU_019449,62.799986698320765
STU_019450,69.84255803776298
STU_019451,64.97568032386111
STU_019452,85.15851394044887
STU_019453,83.33084629444416
STU_019454,74.11505156212323
STU_019455,70.47189954675696
STU_019456,74.65880668814263
STU_019457,64.85269512100993
STU_019458,69.6906278491758
STU_019459,63.60205587314819
STU_019460,89.89967797260465
STU_019461,95.28228558835167
STU_019462,96.91438967440098
STU_019463,67.17897306812476
STU_019464,72.55696521755152
STU_019465,68.12479292893018
STU_019466,69.59154305575098
STU_019467,72.33438704389887
STU_019468,89.96543084580786
STU_019469,71.0791987412
STU_019470,88.80145451595445
STU_019471,94.6678561596895
STU_019472,85.69985077033544
STU_019473,88.63732831135124
STU_019474,60.888570374495785
STU_019475,59.35230454425755
STU_019476,94.47671392106395
STU_019477,64.22174562797204
STU_019478,72.74905206242444
STU_019479,73.19352239367242
STU_019480,90.10635050982359
STU_019481,69.25309842423849
STU_019482,75.30163239309071
STU_019483,72.10861177852993
STU_019484,79.64619860439718
STU_019485,62.01855196896963
STU_019486,35.62489701870868
STU_019487,66.09553298189621
STU_019488,95.69716386629635
STU_019489,66.05926521430763
STU_019490,75.56277363104337
STU_019491,61.792636982356974
STU_019492,70.00924597017814
STU_019493,63.942043965113044
STU_019494,55.265236560030836
STU_019495,94.91094987558867
STU_019496,93.35773712128736
STU_019497,54.51723012765364
STU_019498,89.16622057073012
STU_019499,93.25366935733905
STU_019500,88.50364808777888
STU_019501,86.43000336272955
STU_019502,63.380303841700325
STU_019503,69.49027164177724
STU_019504,93.97308337785799
STU_019505,60.4665603573793
STU_019506,81.51437580581914
STU_019507,91.33763902115702
STU_019508,94.0483563680957
STU_019509,97.30966947159213
STU_019510,88.27649869789504
STU_019511,55.20498069462752
STU_019512,79.14146866392302
STU_019513,65.8805775502893
STU_019514,54.18601519558028
STU_019515,61.21446064888366
STU_019516,86.16641704267177
STU_019517,65.32649602371166
STU_019518,67.1412441014359
STU_019519,65.5555629462107
STU_019520,82.71814543341381
STU_019521,64.71609073388015
STU_019522,76.94415562730273
STU_019523,94.9882953415673
STU_019524,80.33850792151895
STU_019525,83.41307674394942
STU_019526,69.4498944322045
STU_019527,72.42570708854919
STU_019528,70.54892428014884
STU_019529,90.63168932577538
STU_019530,90.19857764780245
STU_019531,93.15449217833937
STU_019532,47.031093302307276
STU_019533,81.97107011861993
STU_019534,74.83072231527663
STU_019535,70.53505640189746
STU_019536,66.99563565375473
STU_019537,54.280087100867185
STU_019538,75.47954615604951
STU_019539,71.56340936124741
STU_019540,59.97060616589997
STU_019541,76.84764437492804
STU_019542,99.68265932620233
STU_019543,100.0
STU_019544,74.37657106757248
STU_019545,87.54097547790866
STU_019546,55.30013028195175
STU_019547,66.16755841285426
STU_019548,87.09533906786197
STU_019549,88.64551510900095
STU_019550,98.66923969901603
STU_019551,76.73007505887821
STU_019552,73.20207089246665
STU_019553,69.8442879721415
STU_019554,58.81337214034281
STU_019555,98.03232292377967
STU_019556,74.18781500529069
STU_019557,99.07472030532023
STU_019558,56.766974298951254
STU_019559,87.3558441380528
STU_019560,80.40268837857914
STU_019561,41.38661496558786
STU_019562,96.2327964757085
STU_019563,75.77701208568398
STU_019564,70.12328303879912
STU_019565,60.324106325851545
STU_019566,83.10190822553353
STU_019567,80.10333229348146
STU_019568,67.83212789057043
STU_019569,62.77878561916785
STU_019570,72.70415312627142
STU_019571,45.052702833237966
STU_019572,65.37467721456083
STU_019573,71.98377109074548
STU_019574,77.05231475161591
STU_019575,81.15994175598213
STU_019576,89.37175475551999
STU_019577,66.46874493722702
STU_019578,65.47187233165542
STU_019579,70.76064516210684
STU_019580,65.11189616081131
STU_019581,100.0
STU_019582,76.17800373781441
STU_019583,72.34029512571666
STU_019584,68.61349493673625
STU_019585,84.02059677735642
STU_019586,72.21469968467767
STU_019587,88.3324088809831
STU_019588,74.35022814535147
STU_019589,64.1529487702493
STU_019590,100.0
STU_019591,93.16846335735512
STU_019592,73.32361899902284
STU_019593,66.3281845898713
STU_019594,92.99797022126651
STU_019595,74.19798485937605
STU_019596,93.08573400379166
STU_019597,70.49437781239135
STU_019598,77.96060372642188
STU_019599,65.37537494922312
STU_019600,98.23856782317037
STU_019601,78.88577837148591
STU_019602,74.32194095898214
STU_019603,96.37795374871641
STU_019604,91.56212436835736
STU_019605,75.16227753464132
STU_019606,83.62992555533017
STU_019607,56.693997004043986
STU_019608,73.00096731668063
STU_019609,89.27200828823224
STU_019610,60.03645742882687
STU_019611,70.8131284237935
STU_019612,58.92435149158767
STU_019613,60.05241134606402
STU_019614,68.52858712907306
STU_019615,93.64372030197035
STU_019616,71.0709726842635
STU_019617,76.1732735577229
STU_019618,61.83058779812913
STU_019619,91.97796119274122
STU_019620,75.78591875038983
STU_019621,73.02809058024077
STU_019622,80.99773281394698
STU_019623,73.97444202066362
STU_019624,97.58617028493691
STU_019625,35.649918372623404
STU_019626,85.9198087546266
STU_019627,91.34649042077108
STU_019628,71.29652688697372
STU_019629,80.2411860385284
STU_019630,96.00033164287363
STU_019631,62.966472770642284
STU_019632,94.74751766328453
STU_019633,91.45354424747694
STU_019634,83.70400638736821
STU_019635,75.10798378297058
STU_019636,66.46879225581738
STU_019637,76.66464623699929
STU_019638,65.94706709417949
STU_019639,63.575605966687746
STU_019640,80.98635938151065
STU_019641,92.33229535183077
STU_019642,79.10908273373958
STU_019643,91.38888683296973
STU_019644,71.58768196866697
STU_019645,73.22668502566967
STU_019646,73.59449994710918
STU_019647,77.5630630545254
STU_019648,57.14481107330219
STU_019649,61.43449746721329
STU_019650,71.06902337219026
STU_019651,71.25526772367517
STU_019652,69.33685370654786
STU_019653,71.21289193251528
STU_019654,56.11032548175913
STU_019655,59.90417264589313
STU_019656,50.563327022130785
STU_019657,70.73264756635906
STU_019658,72.31261196511696
STU_019659,76.3159550702125
STU_019660,67.66101520805393
STU_019661,79.25819980133578
STU_019662,68.71260056434535
STU_019663,76.3001944280701
STU_019664,63.1943688491741
STU_019665,85.24694583371051
STU_019666,90.83991623479936
STU_019667,75.1863652431278
STU_019668,52.853559408537926
STU_019669,68.98561997540378
STU_019670,82.72918259964955
STU_019671,55.68712065300923
STU_019672,79.69040135478235
STU_019673,72.68736411842167
STU_019674,79.94603145101003
STU_019675,75.3604947810106
STU_019676,79.15399137124804
STU_019677,86.93638383324412
STU_019678,100.0
STU_019679,89.39321647896563
STU_019680,83.14956616179991
STU_019681,93.37231952139894
STU_019682,89.69379356420751
STU_019683,71.30184394805433
STU_019684,64.10270742029329
STU_019685,94.1703742577127
STU_019686,85.02255698931597
STU_019687,64.13461977927807
STU_019688,83.94736624192088
STU_019689,72.633087794847
STU_019690,80.4352966322401
STU_019691,64.8955468898042
STU_019692,56.088144755792996
STU_019693,98.47015139355659
STU_019694,81.07589143951164
STU_019695,55.70284196349456
STU_019696,64.78562365607367
STU_019697,93.44117126823554
STU_019698,90.51101784396093
STU_019699,79.30861410473307
STU_019700,82.92919122997569
STU_019701,70.91976784900841
STU_019702,76.301293257196
STU_019703,82.4157957237044
STU_019704,75.77868773337019
STU_019705,64.16265117502813
STU_019706,88.00922150777544
STU_019707,61.539918058858504
STU_019708,78.01656808007321
STU_019709,71.36587189026851
STU_019710,62.60011502527099
STU_019711,96.69693413648864
STU_019712,50.897811765257494
STU_019713,91.05464953254813
STU_019714,63.11698675673534
STU_019715,89.88073815668326
STU_019716,84.09962131593443
STU_019717,90.68747389444448
STU_019718,70.30430829432184
STU_019719,95.47089097678857
STU_019720,93.37888431402169
STU_019721,57.564980281017306
STU_019722,71.80089668374853
STU_019723,80.47029644818394
STU_019724,73.00629108979064
STU_019725,87.77918789607179
STU_019726,62.98167957292096
STU_019727,90.62057178290632
STU_019728,75.9692321127161
STU_019729,69.93071833809721
STU_019730,70.14346201511827
STU_019731,63.88815090657005
STU_019732,85.52544322755574
STU_019733,79.5713221092178
STU_019734,74.97321137523662
STU_019735,82.79458743855423
STU_019736,99.72798706745884
STU_019737,94.16172911649294
STU_019738,86.20892732127504
STU_019739,68.40695748727552
STU_019740,70.21176867598135
STU_019741,100.0
STU_019742,74.34837540925545
STU_019743,83.88355318453897
STU_019744,74.18590223126448
STU_019745,85.94781161118563
STU_019746,92.45003636883125
STU_019747,78.82956184808711
STU_019748,60.888643597957156
STU_019749,64.06415549722699
STU_019750,73.00750128169932
STU_019751,72.14376070487333
STU_019752,59.74234928095341
STU_019753,88.75285723239145
STU_019754,71.76198254954305
STU_019755,80.30333608520434
STU_019756,53.85825003181482
STU_019757,82.69564509878462
STU_019758,59.83919203140791
STU_019759,75.51384511290296
STU_019760,80.1907359959566
STU_019761,67.00280616648766
STU_019762,89.72079029336138
STU_019763,71.88289852004402
STU_019764,59.75683119462905
STU_019765,89.74749872100074
STU_019766,67.25687449713851
STU_019767,52.6134295462271
STU_019768,84.68419157775354
STU_019769,64.73752247325133
STU_019770,79.29149349209436
STU_019771,90.11936480235022
STU_019772,72.2800407004832
STU_019773,82.8486090526369
STU_019774,51.496857651148936
STU_019775,91.5453178748489
STU_019776,61.00719313608386
STU_019777,73.77871940376306
STU_019778,72.6260841682652
STU_019779,73.01988175509382
STU_019780,82.38974541111608
STU_019781,54.74198304112646
STU_019782,72.23519723807308
STU_019783,64.70284498438801
STU_019784,76.7725442352896
STU_019785,74.21701880090662
STU_019786,54.86234433841645
STU_019787,72.48195329010261
STU_019788,76.31521746157475
STU_019789,78.91827509561513
STU_019790,63.47180949461916
STU_019791,52.164729248037006
STU_019792,78.79601773472707
STU_019793,64.85334169326191
STU_019794,82.53792049025893
STU_019795,71.68146134087723
STU_019796,86.62275457950693
STU_019797,47.266558068974376
STU_019798,89.68644807053043
STU_019799,79.61402659646939
STU_019800,53.72837180291447
STU_019801,79.61818633430129
STU_019802,92.06444399366305
STU_019803,66.25002462139508
STU_019804,79.07467406240136
STU_019805,72.09095455145872
STU_019806,62.64866789524589
STU_019807,60.14851399413094
STU_019808,65.5818836877092
STU_019809,94.35974599102067
STU_019810,66.88617070090716
STU_019811,68.17535747497476
STU_019812,85.25104809451786
STU_019813,73.17447005097253
STU_019814,84.75035461648179
STU_019815,88.16328201220148
STU_019816,74.75065227517965
STU_019817,95.12250088500386
STU_019818,68.83555438642232
STU_019819,100.0
STU_019820,61.63643538158484
STU_019821,78.94695171437242
STU_019822,62.32167583485743
STU_019823,79.48969408120846
STU_019824,100.0
STU_019825,77.64956430571543
STU_019826,83.7543633868941
STU_019827,83.32553991351499
STU_019828,84.75924019732614
STU_019829,74.37190048821891
STU_019830,94.54337859289367
STU_019831,85.65498995777646
STU_019832,90.01964020324124
STU_019833,75.61834465912051
STU_019834,73.7692949285
STU_019835,69.74943631183174
STU_019836,88.51547495078921
STU_019837,72.45418866475156
STU_019838,78.44770847198458
STU_019839,80.00450536621881
STU_019840,62.70574228310611
STU_019841,63.52058740841446
STU_019842,69.66491708283928
STU_019843,66.07912876009227
STU_019844,74.00505034981923
STU_019845,76.32460478819274
STU_019846,97.35322035323082
STU_019847,100.0
STU_019848,68.9225675508076
STU_019849,92.93273998044145
STU_019850,74.15984604319895
STU_019851,100.0
STU_019852,64.74991351499065
STU_019853,80.77787385374734
STU_019854,81.32592680402252
STU_019855,76.95399219160556
STU_019856,70.45640347334802
STU_019857,84.41409924733836
STU_019858,100.0
STU_019859,95.08302709969946
STU_019860,88.03147331883423
STU_019861,63.603975464542735
STU_019862,69.27671437268913
STU_019863,75.62462041983778
STU_019864,83.78525788608236
STU_019865,88.16699528492305
STU_019866,89.4570480735252
STU_019867,81.41996535435679
STU_019868,82.09678190200162
STU_019869,73.68751707760698
STU_019870,74.10469255396687
STU_019871,93.29916725450536
STU_019872,100.0
STU_019873,77.16604855512658
STU_019874,54.57376125493803
STU_019875,77.95082788198607
STU_019876,98.50040516944739
STU_019877,63.26619428940879
STU_019878,61.1022840757069
STU_019879,90.63026640909685
STU_019880,53.12357368579121
STU_019881,70.01816125594141
STU_019882,93.34463300642591
STU_019883,60.07301817685849
STU_019884,66.03021758957505
STU_019885,83.18189544012222
STU_019886,75.11747700678953
STU_019887,99.50127035561817
STU_019888,59.33289771337355
STU_019889,85.7655065198849
STU_019890,78.45539057108438
STU_019891,74.83865707412065
STU_019892,71.56139028782073
STU_019893,92.35594056056041
STU_019894,61.38886081581546
STU_019895,75.20067104269066
STU_019896,82.76742119378838
STU_019897,77.79526217210987
STU_019898,74.0602462080823
STU_019899,82.02492894624163
STU_019900,80.76617832672318
STU_019901,74.68246993649527
STU_019902,79.29537767033855
STU_019903,85.69601159625813
STU_019904,69.91312997603123
STU_019905,79.1282066631
STU_019906,66.82928073517795
STU_019907,58.756130057384695
STU_019908,51.857481354302685
STU_019909,65.59363952113742
STU_019910,94.07299944900855
STU_019911,100.0
STU_019912,68.1433237962054
STU_019913,81.76696031667785
STU_019914,59.224753940603016
STU_019915,79.21034024771618
STU_019916,65.92271431277041
STU_019917,68.57319829899184
STU_019918,93.29618316868991
STU_019919,70.25169723188262
STU_019920,93.14470160218559
STU_019921,74.83740778354161
STU_019922,95.79793039044182
STU_019923,59.786779411800126
STU_019924,95.87628462146202
STU_019925,89.69757257407194
STU_019926,68.04573125004512
STU_019927,80.69770921402454
STU_019928,80.81732844884507
STU_019929,82.97981599980353
STU_019930,69.01659502938648
STU_019931,96.31854608487916
STU_019932,85.46599678450158
STU_019933,59.3925939227631
STU_019934,90.58227105583711
STU_019935,55.87201982211516
STU_019936,88.8803487978141
STU_019937,85.11451077091648
STU_019938,68.33367324695936
STU_019939,87.3039785787399
STU_019940,84.47810101298856
STU_019941,70.91739458208846
STU_019942,70.60282230698327
STU_019943,83.57129918425014
STU_019944,96.81799047699228
STU_019945,80.84376764779995
STU_019946,85.664271653341
STU_019947,71.14215030307825
STU_019948,84.41065639404545
STU_019949,79.49712621237737
STU_019950,71.41596547468775
STU_019951,67.99357908478825
STU_019952,60.749669797553175
STU_019953,65.60604435095374
STU_019954,81.0563023552229
STU_019955,63.723643799326496
STU_019956,61.40376702455098
STU_019957,75.62517615421741
STU_019958,77.26546995213934
STU_019959,78.50366596432261
STU_019960,67.55040814156375
STU_019961,69.42832812457341
STU_019962,82.51119203793287
STU_019963,59.7256741542636
STU_019964,69.38290998473582
STU_019965,64.86747991324445
STU_019966,82.43161577632998
STU_019967,94.85681653302393
STU_019968,74.42972939769703
STU_019969,54.05105281348203
STU_019970,95.10408457018464
STU_019971,90.25455275995319
STU_019972,73.91973136971458
STU_019973,76.5874793706144
STU_019974,88.79713997459214
STU_019975,74.05473354030414
STU_019976,77.6567973020496
STU_019977,67.2371834392049
STU_019978,56.420790103979144
STU_019979,55.81224100638872
STU_019980,62.20993901460859
STU_019981,100.0
STU_019982,77.27249971253454
STU_019983,90.38834674573417
STU_019984,95.1254323402766
STU_019985,83.12058253311449
STU_019986,93.74406238900019
STU_019987,85.08513171182162
STU_019988,70.30546852537188
STU_019989,71.37821218653093
STU_019990,81.45192082820645
STU_019991,84.21822805358212
STU_019992,83.54946926020493
STU_019993,86.37586447975971
STU_019994,51.223353422478546
STU_019995,77.3528706203264
STU_019996,63.61385101621577
STU_019997,82.53715471138375
STU_019998,56.65650572988791
STU_019999,88.38459852588137
STU_020000,76.17603017831891
