student_id,career_success_score
STU_010001,56.133527708897915
STU_010002,67.92138106250366
STU_010003,73.72008352931155
STU_010004,97.59216001539971
STU_010005,78.55984023539591
STU_010006,74.0432390209871
STU_010007,78.17670273624084
STU_010008,80.77599513999576
STU_010009,71.72540812041868
STU_010010,62.16652691331605
STU_010011,91.48512515737106
STU_010012,80.40745015522191
STU_010013,83.5283265091687
STU_010014,88.57108102671984
STU_010015,50.13352245169354
STU_010016,72.45441320398014
STU_010017,62.57784983906383
STU_010018,57.952303763630695
STU_010019,85.55472379640089
STU_010020,71.16443767217297
STU_010021,83.30089364478263
STU_010022,94.41175046350926
STU_010023,94.91137946518622
STU_010024,68.51790523062367
STU_010025,84.59563708238105
STU_010026,81.72223351520665
STU_010027,75.8865157602005
STU_010028,85.68546711967804
STU_010029,92.72382446901128
STU_010030,66.04324148866483
STU_010031,65.25797675750206
STU_010032,91.45701586409362
STU_010033,60.06219550026697
STU_010034,88.60793293135859
STU_010035,80.69478438426101
STU_010036,67.8610584804692
STU_010037,62.795751221001936
STU_010038,89.52744977838434
STU_010039,70.45745896736452
STU_010040,83.32375572892968
STU_010041,90.40285716312233
STU_010042,62.13541671114315
STU_010043,84.42372074055476
STU_010044,76.28675762127165
STU_010045,81.66701423904762
STU_010046,60.30797932440686
STU_010047,65.47560058710225
STU_010048,79.93290419297605
STU_010049,50.64595018062949
STU_010050,63.34979268805105
STU_010051,73.74217335860318
STU_010052,70.37002454338136
STU_010053,63.303280868024046
STU_010054,69.87762601530727
STU_010055,65.73949667703424
STU_010056,64.36976354305928
STU_010057,65.05626478494143
STU_010058,95.06507170858679
STU_010059,89.16335922417495
STU_010060,75.83842672615552
STU_010061,42.05853362491541
STU_010062,78.77242234001193
STU_010063,58.280198500887835
STU_010064,84.22132565348555
STU_010065,55.967814836408586
STU_010066,65.92851925434682
STU_010067,91.53482365098677
STU_010068,59.12205947066872
STU_010069,66.21139057793067
STU_010070,54.929679457469376
STU_010071,92.57006423157593
STU_010072,71.44204888623716
STU_010073,95.1708777296761
STU_010074,57.53662591763339
STU_010075,72.96419470864144
STU_010076,95.90394767953265
STU_010077,85.1186508421735
STU_010078,86.49610331452962
STU_010079,84.8904548289835
STU_010080,77.68591837642701
STU_010081,62.096275062601165
STU_010082,74.66179289307043
STU_010083,78.20716466015841
STU_010084,69.82523730302493
STU_010085,73.96818024247084
STU_010086,80.3405327684239
STU_010087,70.0132837842171
STU_010088,64.38788679043125
STU_010089,86.12440998681936
STU_010090,78.801268085133
STU_010091,59.5550378165625
STU_010092,69.3488955596049
STU_010093,64.71374609834575
STU_010094,87.09460138218657
STU_010095,57.54242976697677
STU_010096,80.4404807188462
STU_010097,69.92423814558866
STU_010098,85.38466764429442
STU_010099,73.62201241471364
STU_010100,72.54150969349335
STU_010101,73.31305371479583
STU_010102,69.27397360352583
STU_010103,91.62875722830435
STU_010104,54.47504813873795
STU_010105,97.09010144792471
STU_010106,51.12221844033915
STU_010107,75.7241052568212
STU_010108,78.75247536882182
STU_010109,67.15386220954163
STU_010110,79.81076865955983
STU_010111,81.47419070279278
STU_010112,81.25218558669955
STU_010113,69.27469605061867
STU_010114,79.66454364232511
STU_010115,77.67262858612801
STU_010116,87.54069398010239
STU_010117,77.56966811737828
STU_010118,90.54455182361512
STU_010119,71.98688908464246
STU_010120,69.12927612456389
STU_010121,79.58468270968322
STU_010122,74.22551182943161
STU_010123,90.71918679359553
STU_010124,72.76948123719032
STU_010125,84.45548572772358
STU_010126,68.06223122170579
STU_010127,62.47280049310379
STU_010128,89.17992892737978
STU_010129,84.64956882569811
STU_010130,67.38025692829241
STU_010131,63.20165682351342
STU_010132,74.80119978212859
STU_010133,73.68247848112622
STU_010134,68.97875962078201
STU_010135,44.20725288348529
STU_010136,70.81044967903807
STU_010137,56.8442170579648
STU_010138,82.56578083779272
STU_010139,81.04982502127046
STU_010140,77.01252337372411
STU_010141,63.111891845603886
STU_010142,84.04264559336133
STU_010143,71.60047492236559
STU_010144,70.53523877448909
STU_010145,91.75935325506063
STU_010146,78.9021204235304
STU_010147,58.90630157097139
STU_010148,58.690200313768514
STU_010149,63.72973831230398
STU_010150,92.7220058464409
STU_010151,69.77693952293144
STU_010152,85.82969009688992
STU_010153,76.0355588198383
STU_010154,81.99532988076517
STU_010155,66.46565302130936
STU_010156,92.9800815599442
STU_010157,100.0
STU_010158,70.11713385123768
STU_010159,91.49090440453485
STU_010160,67.3051696013041
STU_010161,94.34792342838043
STU_010162,100.0
STU_010163,80.19485303364372
STU_010164,73.61511751521492
STU_010165,75.03533209932682
STU_010166,90.23558394059236
STU_010167,81.22018620935361
STU_010168,75.98014631827535
STU_010169,70.19563854543819
STU_010170,88.21233310410138
STU_010171,72.44858554469793
STU_010172,96.43032912929027
STU_010173,67.90143569975254
STU_010174,77.31418361512067
STU_010175,83.49497540968228
STU_010176,69.38602668428915
STU_010177,88.83981627274623
STU_010178,83.15711080612823
STU_010179,83.18925449131342
STU_010180,80.91145877404949
STU_010181,70.69054379887253
STU_010182,72.2183082908048
STU_010183,73.1386929696953
STU_010184,78.89560794456271
STU_010185,65.59619270260663
STU_010186,80.50863638020591
STU_010187,63.62754218020972
STU_010188,92.15482690326078
STU_010189,72.82602978383788
STU_010190,59.998291879021856
STU_010191,43.92693956533681
STU_010192,79.86564097229751
STU_010193,56.990821734325145
STU_010194,83.19101513095592
STU_010195,80.67403028766581
STU_010196,67.76252035007498
STU_010197,72.69528356461052
STU_010198,77.24924813575075
STU_010199,93.44289498350905
STU_010200,79.13734408011608
STU_010201,98.77870891570169
STU_010202,81.27561718529894
STU_010203,70.95214916255131
STU_010204,90.84367387986609
STU_010205,83.26100835169649
STU_010206,87.71970635853492
STU_010207,49.46048211363454
STU_010208,72.28723338583866
STU_010209,61.49948458786261
STU_010210,83.76988636174134
STU_010211,74.7407832872831
STU_010212,92.50193193215625
STU_010213,86.17388375929542
STU_010214,65.95841538869792
STU_010215,70.26794926091648
STU_010216,57.84756328032199
STU_010217,76.7535193080438
STU_010218,59.04503134694671
STU_010219,78.81890496658262
STU_010220,72.89387346165739
STU_010221,85.29616157339473
STU_010222,61.0978471452496
STU_010223,71.59334352042626
STU_010224,99.48637707797135
STU_010225,62.89606905084787
STU_010226,87.14645350025052
STU_010227,60.59282099775818
STU_010228,92.71766298732908
STU_010229,77.11647297202022
STU_010230,64.92022984953469
STU_010231,52.85539735862752
STU_010232,96.20075057493342
STU_010233,63.94206940260656
STU_010234,81.11677041563259
STU_010235,45.802074435983
STU_010236,90.4996873483102
STU_010237,85.1394347993552
STU_010238,75.4635591797235
STU_010239,51.90979927661224
STU_010240,70.97542043378596
STU_010241,83.34523054916028
STU_010242,81.33400353962146
STU_010243,60.226941302742716
STU_010244,88.22747997719631
STU_010245,61.825892763744775
STU_010246,47.491730752359196
STU_010247,89.98789685872406
STU_010248,77.267144808988
STU_010249,68.44896269981061
STU_010250,94.74729140006268
STU_010251,77.06133032708003
STU_010252,100.0
STU_010253,59.75225917164959
STU_010254,96.9686186513214
STU_010255,68.64088775849123
STU_010256,61.2881122053458
STU_010257,75.07355023934376
STU_010258,79.88248535363728
STU_010259,82.53785943091842
STU_010260,60.06714465868009
STU_010261,65.86113678341455
STU_010262,56.90128447048092
STU_010263,56.27776321046835
STU_010264,100.0
STU_010265,66.6281670920861
STU_010266,76.87072570741715
STU_010267,63.368611044937126
STU_010268,81.74242249176339
STU_010269,79.53189391393417
STU_010270,90.0590094430697
STU_010271,79.42961211855871
STU_010272,64.24058897680491
STU_010273,73.99028389689686
STU_010274,58.88502686418975
STU_010275,86.46445817401775
STU_010276,66.6905686359296
STU_010277,79.90761165137161
STU_010278,87.86431463847697
STU_010279,67.80012657277986
STU_010280,69.36712719940816
STU_010281,62.58875600587403
STU_010282,63.19853157068398
STU_010283,83.13880566514037
STU_010284,67.31051382895323
STU_010285,57.60783078726418
STU_010286,74.10135306485074
STU_010287,88.75678603296414
STU_010288,59.72122203946944
STU_010289,54.1409551501717
STU_010290,84.20572877159142
STU_010291,50.113376971411164
STU_010292,81.8107318759105
STU_010293,69.81634185775467
STU_010294,62.97945893980555
STU_010295,70.30251542636903
STU_010296,84.45594641150254
STU_010297,87.98756736107558
STU_010298,91.50009651662783
STU_010299,90.08780333082835
STU_010300,62.0865910174947
STU_010301,82.20669748441799
STU_010302,84.80332776101275
STU_010303,75.41611193866046
STU_010304,61.567006090770285
STU_010305,77.38654715880224
STU_010306,68.13210196899986
STU_010307,66.87442586706344
STU_010308,79.1238934408623
STU_010309,69.03820873579059
STU_010310,59.29533653471373
STU_010311,66.68528123909819
STU_010312,76.24609287404127
STU_010313,75.42501307095853
STU_010314,84.61032627420268
STU_010315,89.04815648311629
STU_010316,89.85738518462655
STU_010317,88.29197912482405
STU_010318,73.03890741519885
STU_010319,91.46278845700962
STU_010320,94.22752089073049
STU_010321,67.47213614130163
STU_010322,93.83590390051756
STU_010323,72.93276191670084
STU_010324,88.24605964104465
STU_010325,92.0530721123887
STU_010326,80.62786793474706
STU_010327,73.43456609272856
STU_010328,83.48982158488758
STU_010329,90.71788456021561
STU_010330,85.55268254073484
STU_010331,95.8010114234735
STU_010332,65.62185673233556
STU_010333,100.0
STU_010334,77.99351860502634
STU_010335,92.71195287562904
STU_010336,58.82738989114561
STU_010337,61.65222071518217
STU_010338,76.0889823272601
STU_010339,78.14276991115452
STU_010340,69.26843990234488
STU_010341,95.4888399486907
STU_010342,62.46739640086386
STU_010343,60.80537163389128
STU_010344,79.04965035938606
STU_010345,79.99758870847762
STU_010346,84.17402961943283
STU_010347,51.424973506414574
STU_010348,66.15846841942358
STU_010349,85.90410145520053
STU_010350,81.26132213265484
STU_010351,73.23806912293615
STU_010352,74.52966437938427
STU_010353,92.63144134454305
STU_010354,74.34206010932527
STU_010355,75.57640603956321
STU_010356,84.65108700065412
STU_010357,94.21491454450926
STU_010358,79.83345373726281
STU_010359,63.98909924451688
STU_010360,68.06897052731122
STU_010361,95.72846578612206
STU_010362,77.8417573761036
STU_010363,77.71804805296561
STU_010364,97.6214149905318
STU_010365,85.91084958841748
STU_010366,94.75018689072
STU_010367,73.02232104164811
STU_010368,65.87728908632727
STU_010369,91.7297566796985
STU_010370,82.67432761750774
STU_010371,73.91661717805054
STU_010372,73.05676874761953
STU_010373,70.60991009150642
STU_010374,76.87344597220013
STU_010375,97.26154787597233
STU_010376,52.185639381941776
STU_010377,78.92054717069146
STU_010378,76.23371089168782
STU_010379,67.82504134245842
STU_010380,62.156488327389624
STU_010381,61.573177329108304
STU_010382,90.50737820119397
STU_010383,79.46927941750954
STU_010384,92.76877626959912
STU_010385,78.00875505377597
STU_010386,59.74107781306677
STU_010387,62.11138681918186
STU_010388,91.99948314459877
STU_010389,69.61677500146709
STU_010390,54.08779704292766
STU_010391,60.79213266774969
STU_010392,78.4910893761551
STU_010393,82.05026377850679
STU_010394,77.21384430036507
STU_010395,80.91813137401864
STU_010396,81.84603309586363
STU_010397,88.40972830734337
STU_010398,90.36776673762878
STU_010399,61.12420105170095
STU_010400,69.94224527308177
STU_010401,53.38137894115305
STU_010402,76.06823129821348
STU_010403,76.36600195338349
STU_010404,84.20234130716116
STU_010405,82.3217713607398
STU_010406,75.02457244283748
STU_010407,92.34242716808632
STU_010408,67.17780577621097
STU_010409,93.25530916901243
STU_010410,65.15090954231121
STU_010411,87.49542498273108
STU_010412,95.64290853473089
STU_010413,84.42429206371018
STU_010414,87.29120274141059
STU_010415,87.01768454971686
STU_010416,82.18149303323024
STU_010417,99.07354084279359
STU_010418,72.42299730753545
STU_010419,90.34973912281286
STU_010420,84.97289186732222
STU_010421,81.84939272105811
STU_010422,71.9335770991232
STU_010423,74.89510633042757
STU_010424,55.13137489777645
STU_010425,61.68707590713193
STU_010426,75.95756876716395
STU_010427,68.14345623338978
STU_010428,72.8861267297392
STU_010429,54.07647829590201
STU_010430,81.60200561294475
STU_010431,57.59388312871373
STU_010432,65.16198465389427
STU_010433,74.36486499811834
STU_010434,87.2115894294647
STU_010435,64.26667837675403
STU_010436,82.18035568557413
STU_010437,49.6409740516266
STU_010438,99.39968087485877
STU_010439,70.1616694103353
STU_010440,86.2211576005613
STU_010441,55.361143004808234
STU_010442,71.71090682601876
STU_010443,79.35711706220626
STU_010444,64.4907648075255
STU_010445,70.22431134001862
STU_010446,44.87141103426228
STU_010447,78.87753366662778
STU_010448,73.98995943155043
STU_010449,71.01945579242984
STU_010450,64.17894673573969
STU_010451,89.19254646956034
STU_010452,80.67019595873145
STU_010453,72.71850683166633
STU_010454,72.67131693571737
STU_010455,48.22566374101647
STU_010456,86.81350558165252
STU_010457,76.94579049750556
STU_010458,87.9965962750345
STU_010459,77.32204521112259
STU_010460,68.19248750142947
STU_010461,67.77217996958889
STU_010462,56.54706771469559
STU_010463,82.64944194702318
STU_010464,86.69008763373063
STU_010465,54.58043021652847
STU_010466,68.83023066805266
STU_010467,73.42267711376232
STU_010468,75.06242143167248
STU_010469,73.19626267287315
STU_010470,71.51828174982194
STU_010471,94.05411668100786
STU_010472,56.355296910930036
STU_010473,87.77040823636443
STU_010474,82.26633771529617
STU_010475,77.01844345648387
STU_010476,66.8695248607424
STU_010477,72.06116027947954
STU_010478,97.29809821110219
STU_010479,63.94570015939125
STU_010480,67.20391404025906
STU_010481,60.80147199959962
STU_010482,71.09166374884973
STU_010483,91.04687044935287
STU_010484,74.0283206970305
STU_010485,49.762971707997266
STU_010486,74.7626952515232
STU_010487,94.55518504672276
STU_010488,81.9428540024227
STU_010489,83.00238153431022
STU_010490,85.09402072758718
STU_010491,79.14215309059925
STU_010492,73.48790554703646
STU_010493,77.00728421455668
STU_010494,59.715615057996374
STU_010495,42.18262479074814
STU_010496,93.94191804192545
STU_010497,63.97556435032144
STU_010498,73.52889187513348
STU_010499,64.81632042899503
STU_010500,67.7947657401206
STU_010501,75.57488097944764
STU_010502,66.64895212865422
STU_010503,79.82374912299231
STU_010504,67.19602094435865
STU_010505,63.35426792704382
STU_010506,80.99566886665849
STU_010507,69.23625786266975
STU_010508,62.1154227195707
STU_010509,79.67668769123341
STU_010510,45.74611859070188
STU_010511,60.45637447975648
STU_010512,70.67799789669347
STU_010513,92.30656767149978
STU_010514,75.21809008055114
STU_010515,82.63553857270034
STU_010516,79.89597850372577
STU_010517,96.12283767097365
STU_010518,54.00809603048876
STU_010519,90.39387925399828
STU_010520,89.87096398196488
STU_010521,96.37220122707114
STU_010522,75.89582081156291
STU_010523,83.05957992786311
STU_010524,87.80630716792831
STU_010525,73.92242823729475
STU_010526,57.275553651769414
STU_010527,82.19500074808688
STU_010528,85.21282201027827
STU_010529,50.855537563484944
STU_010530,78.34618641103171
STU_010531,68.6831306187819
STU_010532,59.68530855414032
STU_010533,80.69585207632754
STU_010534,82.34177735267588
STU_010535,83.51038203057291
STU_010536,75.86701600266775
STU_010537,77.3767418742515
STU_010538,75.37265786523808
STU_010539,67.08108859279524
STU_010540,54.03345680381021
STU_010541,89.1343629885114
STU_010542,100.0
STU_010543,83.193217868465
STU_010544,72.26747496776235
STU_010545,84.99006523227865
STU_010546,70.70119407106401
STU_010547,80.71467205932825
STU_010548,99.5232589444716
STU_010549,67.23160437485724
STU_010550,81.23070563307756
STU_010551,64.46455127757591
STU_010552,95.71646984865474
STU_010553,100.0
STU_010554,87.80109666523249
STU_010555,78.85105926991818
STU_010556,64.70821746808214
STU_010557,77.70744883762981
STU_010558,77.74347612544884
STU_010559,73.58183068962843
STU_010560,79.02089028103354
STU_010561,96.2959795811094
STU_010562,60.90005479600939
STU_010563,64.40260227457883
STU_010564,61.75066646362515
STU_010565,85.2508496850175
STU_010566,65.51728093402413
STU_010567,71.42117914598202
STU_010568,79.0729132964054
STU_010569,93.86608832040136
STU_010570,59.260502348147384
STU_010571,93.31753929119151
STU_010572,75.18448767689273
STU_010573,94.82617045266376
STU_010574,77.58260499346956
STU_010575,71.33176231226949
STU_010576,55.280062677769116
STU_010577,68.15994883701205
STU_010578,69.48883713625749
STU_010579,78.76485542071734
STU_010580,61.046821349706086
STU_010581,50.70741767209954
STU_010582,75.18208990590188
STU_010583,75.47221008132988
STU_010584,93.90233023714096
STU_010585,74.3830226853387
STU_010586,98.25438185635954
STU_010587,72.69017660198313
STU_010588,76.1388491449997
STU_010589,95.2576846925274
STU_010590,91.4693277949859
STU_010591,73.00610272373297
STU_010592,94.02388668286017
STU_010593,85.37436481722911
STU_010594,52.94170836631448
STU_010595,79.09933611277589
STU_010596,74.74436325315291
STU_010597,57.14005023860324
STU_010598,91.06734728080457
STU_010599,65.83397841055857
STU_010600,70.80052162552823
STU_010601,83.10342185672897
STU_010602,72.70428328888156
STU_010603,85.35191134886705
STU_010604,71.56940457337487
STU_010605,63.424647589575585
STU_010606,88.960233523435
STU_010607,86.73806400909965
STU_010608,71.17780118853516
STU_010609,72.00028700250598
STU_010610,75.42925145081185
STU_010611,88.41648412636007
STU_010612,56.93942906125201
STU_010613,95.21846573031462
STU_010614,100.0
STU_010615,90.30831069166547
STU_010616,89.96244594355647
STU_010617,60.29508534367373
STU_010618,80.82462175078616
STU_010619,97.2034800228557
STU_010620,65.8788195488458
STU_010621,70.28560985796067
STU_010622,60.10538397024284
STU_010623,82.47975128676313
STU_010624,64.59204882580606
STU_010625,71.81286709037687
STU_010626,90.0397073401711
STU_010627,87.09087394811147
STU_010628,63.47547125017665
STU_010629,83.74706922072501
STU_010630,78.8499387857006
STU_010631,92.41865922110986
STU_010632,66.82063137580207
STU_010633,75.30934375812748
STU_010634,76.46640727771917
STU_010635,63.85072266414275
STU_010636,87.04504410761152
STU_010637,68.30415794845808
STU_010638,69.67123707474641
STU_010639,76.18227913118592
STU_010640,58.79592039135222
STU_010641,67.87776280590201
STU_010642,94.43439079244342
STU_010643,90.11443106709152
STU_010644,79.75454231781927
STU_010645,80.2093630509545
STU_010646,94.82024974570518
STU_010647,70.56695938470816
STU_010648,73.95456513011263
STU_010649,76.62558981085765
STU_010650,84.41121853948455
STU_010651,80.6150937292598
STU_010652,67.45207919049335
STU_010653,87.69823267387127
STU_010654,88.23113137785074
STU_010655,88.45838356225872
STU_010656,76.74270673659387
STU_010657,76.82046674317706
STU_010658,73.1112812071127
STU_010659,93.59627406554546
STU_010660,89.10576429102115
STU_010661,74.90155985321834
STU_010662,98.4375480457788
STU_010663,71.78606174350504
STU_010664,76.23674952935161
STU_010665,66.10548021434491
STU_010666,92.80294823901058
STU_010667,83.54284485075536
STU_010668,67.75871318312765
STU_010669,76.72633503871819
STU_010670,88.83636402645442
STU_010671,63.75974325935428
STU_010672,56.16144107857741
STU_010673,84.88584191267162
STU_010674,95.17704117971945
STU_010675,90.61165033643985
STU_010676,71.42257656206867
STU_010677,78.75192605358785
STU_010678,71.33134126369572
STU_010679,73.76806827096532
STU_010680,88.94503319301492
STU_010681,83.7369300570924
STU_010682,51.24852529179158
STU_010683,74.75596685426974
STU_010684,78.97610941955418
STU_010685,86.38695863205658
STU_010686,79.98853679387484
STU_010687,63.695278936795305
STU_010688,95.15745091169867
STU_010689,88.81603855830286
STU_010690,97.34078598787085
STU_010691,76.61768986827475
STU_010692,89.69785436563805
STU_010693,71.09775778291119
STU_010694,68.33786847034776
STU_010695,64.09864838323081
STU_010696,53.44661964291795
STU_010697,76.47285565763693
STU_010698,91.03646901858333
STU_010699,80.99562743387173
STU_010700,87.3688626847844
STU_010701,80.93470114233688
STU_010702,70.36736189278578
STU_010703,93.03604014959686
STU_010704,98.76449751433486
STU_010705,79.166132702384
STU_010706,90.71424370089608
STU_010707,77.19805002384985
STU_010708,79.47867019188344
STU_010709,66.50727362521584
STU_010710,57.458371993494666
STU_010711,97.82093710702287
STU_010712,53.70786092427644
STU_010713,91.87969206514518
STU_010714,63.527231551357026
STU_010715,81.05578347680321
STU_010716,55.2575395184934
STU_010717,84.39570098456414
STU_010718,80.24706440308373
STU_010719,82.26585371553277
STU_010720,51.08133457840562
STU_010721,70.23808090143895
STU_010722,98.18421287121046
STU_010723,74.83293814250288
STU_010724,80.13003310102098
STU_010725,66.25177357059334
STU_010726,67.4682952151828
STU_010727,45.921417790603996
STU_010728,73.19234228259768
STU_010729,92.84120666878852
STU_010730,94.88857598799552
STU_010731,67.91291270261817
STU_010732,71.53834989800099
STU_010733,95.30375206712804
STU_010734,84.96404371214976
STU_010735,69.95781423546842
STU_010736,66.78590466468444
STU_010737,65.41393769105746
STU_010738,68.85787524917487
STU_010739,72.75719092582301
STU_010740,69.5193637798434
STU_010741,76.32098054655283
STU_010742,68.03123469289365
STU_010743,95.7163447443699
STU_010744,75.02414582761112
STU_010745,64.70157399418282
STU_010746,71.58838180161712
STU_010747,87.77965242498985
STU_010748,76.94812898171779
STU_010749,84.05022044615336
STU_010750,78.94371162569944
STU_010751,72.89147681659075
STU_010752,71.76666969530072
STU_010753,79.34080586356897
STU_010754,84.57519330553608
STU_010755,64.45259141705989
STU_010756,90.36715678427866
STU_010757,57.630129812806196
STU_010758,84.7177311419612
STU_010759,92.21877885258031
STU_010760,82.14502890980638
STU_010761,73.98309061227393
STU_010762,74.20510105181712
STU_010763,64.22010661307071
STU_010764,53.69882288494493
STU_010765,83.38140423166317
STU_010766,64.38106947202016
STU_010767,71.83267855732419
STU_010768,52.70033552452274
STU_010769,86.34253205204934
STU_010770,69.41205464165121
STU_010771,46.40335005805098
STU_010772,71.18675519256354
STU_010773,86.2813049442926
STU_010774,86.59526666649386
STU_010775,93.27885176837873
STU_010776,48.9907715263305
STU_010777,79.42566710257131
STU_010778,57.807601936183346
STU_010779,62.42390825668709
STU_010780,76.39039054266964
STU_010781,81.13335961956523
STU_010782,83.353849713029
STU_010783,51.682610298728996
STU_010784,71.81723250540868
STU_010785,83.44460941677107
STU_010786,79.60508331862097
STU_010787,73.23251998024655
STU_010788,67.59064013398708
STU_010789,98.21710914795017
STU_010790,62.44480396552628
STU_010791,59.78858613655026
STU_010792,92.05852491505668
STU_010793,87.35259384764753
STU_010794,60.80650607586222
STU_010795,77.18632733075984
STU_010796,80.77885567884543
STU_010797,57.29325500327926
STU_010798,61.92573702843369
STU_010799,87.4804327036143
STU_010800,63.08479403265259
STU_010801,67.51294887672893
STU_010802,84.36622145774672
STU_010803,78.19923089270313
STU_010804,58.29542217754067
STU_010805,75.02840917035036
STU_010806,84.69690022212907
STU_010807,95.67474143121412
STU_010808,68.2807575336759
STU_010809,98.06595009808126
STU_010810,86.04580006548443
STU_010811,74.93145549394498
STU_010812,82.46053539715744
STU_010813,97.4961938656737
STU_010814,71.31483709819196
STU_010815,86.07450883229659
STU_010816,99.28025264042026
STU_010817,86.79045834007728
STU_010818,81.55039950052623
STU_010819,84.4562991757243
STU_010820,96.66955150608774
STU_010821,96.5481149871314
STU_010822,64.26474523129588
STU_010823,95.04104775497618
STU_010824,87.53261476142228
STU_010825,88.82601473552772
STU_010826,83.20125005539974
STU_010827,57.065652859748184
STU_010828,69.61391457033213
STU_010829,67.8646235821683
STU_010830,75.71131404372422
STU_010831,93.94054096157785
STU_010832,94.84041466392861
STU_010833,84.38732889238287
STU_010834,70.47384295350385
STU_010835,80.7460095158553
STU_010836,85.07752469694341
STU_010837,73.34101924564219
STU_010838,92.20583961374429
STU_010839,68.70851348946772
STU_010840,81.9719216452677
STU_010841,87.41446266459899
STU_010842,90.82981484903749
STU_010843,74.32211805601526
STU_010844,57.8664845379811
STU_010845,90.29628831137995
STU_010846,81.00157372436612
STU_010847,100.0
STU_010848,78.37898439469946
STU_010849,76.82435818420136
STU_010850,63.553156308548665
STU_010851,93.22504529182848
STU_010852,68.32793759619261
STU_010853,89.43234633793301
STU_010854,86.29201024912996
STU_010855,70.7215849815444
STU_010856,58.13996542158564
STU_010857,65.4361351311282
STU_010858,54.40841022641867
STU_010859,66.08157573528584
STU_010860,95.93430602780931
STU_010861,77.53281812781536
STU_010862,67.59465856272703
STU_010863,76.40840842711013
STU_010864,87.40348178067383
STU_010865,76.61108767796107
STU_010866,90.2321091912843
STU_010867,56.56734056489482
STU_010868,65.57757527515247
STU_010869,79.92832160291667
STU_010870,66.4101966205082
STU_010871,88.58479951580273
STU_010872,87.7850648881446
STU_010873,50.557489916490525
STU_010874,66.38841351228768
STU_010875,86.19768246994208
STU_010876,72.39257251454244
STU_010877,74.66115737296957
STU_010878,76.73442209420388
STU_010879,65.97781581944895
STU_010880,84.24982822628786
STU_010881,96.88768445536519
STU_010882,79.9137749217703
STU_010883,84.41995251343477
STU_010884,60.50878897464153
STU_010885,69.3066649947897
STU_010886,97.76225828466721
STU_010887,57.99134389909128
STU_010888,88.9101794612672
STU_010889,93.94289490702943
STU_010890,78.18497258567895
STU_010891,94.79583477045534
STU_010892,83.95994761373473
STU_010893,73.28334111074538
STU_010894,85.88005434394394
STU_010895,69.3989598270314
STU_010896,74.74586547385302
STU_010897,68.30897413951476
STU_010898,86.98800354976217
STU_010899,63.571385383274574
STU_010900,67.70098706095543
STU_010901,64.09309446000287
STU_010902,90.09176907077304
STU_010903,57.16754233345745
STU_010904,72.12878278934674
STU_010905,66.30116354781963
STU_010906,55.833384774179734
STU_010907,96.20011788805806
STU_010908,89.79154820723005
STU_010909,86.78682645402196
STU_010910,83.60493212477232
STU_010911,78.87697851649938
STU_010912,92.25133306668343
STU_010913,79.16287499855561
STU_010914,89.14923293824323
STU_010915,75.38259212089372
STU_010916,66.99827307679462
STU_010917,78.25318089767887
STU_010918,79.8353501108411
STU_010919,89.10458521928419
STU_010920,72.10219232796096
STU_010921,80.86110798085207
STU_010922,78.93839055926455
STU_010923,91.20005145192147
STU_010924,91.95885141837614
STU_010925,68.45926200002584
STU_010926,91.66739559763928
STU_010927,62.34637363536039
STU_010928,78.2512422952282
STU_010929,71.47844314238195
STU_010930,91.56061690951513
STU_010931,73.38659229275363
STU_010932,84.77592870741333
STU_010933,78.90694294619816
STU_010934,89.85193241390996
STU_010935,71.27834693951601
STU_010936,69.49004545411445
STU_010937,74.34085173262208
STU_010938,60.01500996476353
STU_010939,81.4113816055349
STU_010940,53.42155754502161
STU_010941,92.07174456015628
STU_010942,82.4117341453523
STU_010943,57.44790302759376
STU_010944,61.49981380590842
STU_010945,74.09939658637057
STU_010946,79.29805049380347
STU_010947,74.95570700026533
STU_010948,85.6914582593509
STU_010949,93.44291719426342
STU_010950,67.36208108492745
STU_010951,75.46129078250326
STU_010952,63.63034479346345
STU_010953,88.37155467508202
STU_010954,53.912301104009515
STU_010955,62.24730126602639
STU_010956,95.90788090748072
STU_010957,85.65781118926813
STU_010958,69.5121761165978
STU_010959,88.51104055388905
STU_010960,84.26127725771451
STU_010961,74.786827756233
STU_010962,89.71635397045554
STU_010963,69.5539971150029
STU_010964,78.80462324336222
STU_010965,64.76617102076908
STU_010966,59.772754562488146
STU_010967,71.34153412831914
STU_010968,68.72527744866736
STU_010969,61.124891816405366
STU_010970,81.7041535513847
STU_010971,74.56776723147362
STU_010972,72.92768746238505
STU_010973,75.88010064251509
STU_010974,63.896185235802065
STU_010975,80.75761920506244
STU_010976,81.43792969980016
STU_010977,86.8433928647901
STU_010978,95.70433351472843
STU_010979,74.83641129083924
STU_010980,80.03362972630194
STU_010981,87.35826127878558
STU_010982,69.79814012309753
STU_010983,72.6468578386296
STU_010984,75.68861209322209
STU_010985,53.97720250602281
STU_010986,93.32567852178045
STU_010987,91.31799988636834
STU_010988,68.5308563657409
STU_010989,86.22665115155655
STU_010990,82.75620185568104
STU_010991,62.19338152183795
STU_010992,77.26545599054202
STU_010993,72.11237801785052
STU_010994,78.71236429906394
STU_010995,98.99748771629451
STU_010996,58.1828907889751
STU_010997,68.3489985303496
STU_010998,68.612660489305
STU_010999,67.76796370660091
STU_011000,77.9037692253084
STU_011001,59.636521838324086
STU_011002,80.66701740370786
STU_011003,60.378431292258895
STU_011004,81.29953736442391
STU_011005,72.53823862921837
STU_011006,83.8497136394491
STU_011007,66.43911095548123
STU_011008,79.53766097886742
STU_011009,94.10181943441007
STU_011010,97.10106938325184
STU_011011,69.13899777500527
STU_011012,81.53099013778271
STU_011013,55.26123575781652
STU_011014,60.706271517144245
STU_011015,94.57441300975336
STU_011016,65.54062857475797
STU_011017,74.99870026187057
STU_011018,88.86267092949214
STU_011019,64.61635998270441
STU_011020,90.88782084616315
STU_011021,68.27916630295024
STU_011022,85.750053726765
STU_011023,70.92154906787309
STU_011024,81.2029491067371
STU_011025,68.56125254162215
STU_011026,77.20153837887975
STU_011027,77.37787133343978
STU_011028,91.00926171785464
STU_011029,84.3715770337507
STU_011030,63.08361699994441
STU_011031,63.01082432423705
STU_011032,64.00657153974367
STU_011033,57.3588431283329
STU_011034,75.23582043480252
STU_011035,84.06205342823449
STU_011036,95.65700415415917
STU_011037,94.7505438906816
STU_011038,82.49686959828367
STU_011039,57.72062781631674
STU_011040,78.60550946046382
STU_011041,57.99516954522783
STU_011042,64.48008308589657
STU_011043,64.93777994513131
STU_011044,60.83001666560075
STU_011045,95.32509457004355
STU_011046,81.4993039427445
STU_011047,83.29339369786906
STU_011048,62.158685440653294
STU_011049,84.55208387279555
STU_011050,77.95007973108528
STU_011051,86.84094115805846
STU_011052,97.80077876746323
STU_011053,54.03959974527763
STU_011054,70.37032105365246
STU_011055,64.412790083914
STU_011056,59.213216532282374
STU_011057,87.43144745306262
STU_011058,100.0
STU_011059,100.0
STU_011060,70.23189246959018
STU_011061,66.41821836472876
STU_011062,62.499730520341345
STU_011063,81.79116426217158
STU_011064,70.69599315671441
STU_011065,73.38727565818316
STU_011066,71.8091838353923
STU_011067,87.04790571638624
STU_011068,96.78016814304345
STU_011069,94.26925047970403
STU_011070,70.24469752923964
STU_011071,90.85707701989705
STU_011072,93.93386044164022
STU_011073,77.30579784217356
STU_011074,88.36834658445747
STU_011075,74.35517856883746
STU_011076,96.01376539391606
STU_011077,74.62310504087999
STU_011078,72.36578131611846
STU_011079,66.87995540849319
STU_011080,60.84243747200859
STU_011081,88.41621917487154
STU_011082,54.17608279374967
STU_011083,94.2176181390682
STU_011084,77.38456590069931
STU_011085,91.38254188873107
STU_011086,64.779241445573
STU_011087,71.27578940276332
STU_011088,75.53720851999762
STU_011089,87.07192964999544
STU_011090,86.7559765290969
STU_011091,80.13573770172218
STU_011092,64.09385546098608
STU_011093,80.489337279998
STU_011094,59.710587990635176
STU_011095,82.2874979352575
STU_011096,65.63457425600895
STU_011097,89.32461200340123
STU_011098,90.22923268443256
STU_011099,86.65831661805602
STU_011100,63.44293801175645
STU_011101,64.25133141320835
STU_011102,78.80163847469294
STU_011103,68.4054691072208
STU_011104,93.96268517469912
STU_011105,74.84175399939177
STU_011106,81.59833668366383
STU_011107,58.927627448392386
STU_011108,81.44528739731732
STU_011109,90.44607289304844
STU_011110,96.6881815179853
STU_011111,74.28996701071084
STU_011112,80.29523664778293
STU_011113,85.19868153648619
STU_011114,85.80298621069065
STU_011115,88.38918572383639
STU_011116,80.66157172039728
STU_011117,71.05939945833245
STU_011118,72.5231921057713
STU_011119,79.31012204105255
STU_011120,78.75835779256057
STU_011121,72.7871421229761
STU_011122,64.33274567555387
STU_011123,94.81813064049865
STU_011124,65.1327217480275
STU_011125,98.44613732889718
STU_011126,83.00880966692272
STU_011127,76.1976280261084
STU_011128,70.80863384258944
STU_011129,88.40000087237831
STU_011130,64.17466836865555
STU_011131,83.75800539436824
STU_011132,72.22909402044209
STU_011133,82.55648955955539
STU_011134,52.519836962636134
STU_011135,52.83019059016125
STU_011136,88.05049633266921
STU_011137,77.54814228732876
STU_011138,100.0
STU_011139,71.55433603595553
STU_011140,84.8406544701999
STU_011141,51.483524696394895
STU_011142,89.06765373184632
STU_011143,80.75785523866409
STU_011144,67.38603547807689
STU_011145,61.912881788339924
STU_011146,67.52997880802587
STU_011147,93.38902416443415
STU_011148,88.24148958267833
STU_011149,84.80203737394459
STU_011150,85.78056899312888
STU_011151,94.11118433022355
STU_011152,61.35650463306449
STU_011153,72.98267212493595
STU_011154,75.9450118262238
STU_011155,71.4154328897766
STU_011156,76.27582132927216
STU_011157,57.930061856395845
STU_011158,71.15657588432357
STU_011159,69.75138070355179
STU_011160,57.041779572224534
STU_011161,87.38468324510974
STU_011162,70.5075381995394
STU_011163,72.44311028502746
STU_011164,87.14281607924147
STU_011165,76.48570378898043
STU_011166,77.80959144885186
STU_011167,65.42974582108396
STU_011168,82.64222345665203
STU_011169,88.28593932465546
STU_011170,65.15254099333418
STU_011171,74.66997716398964
STU_011172,95.91993242543074
STU_011173,93.89749345690112
STU_011174,73.44886902728624
STU_011175,64.78546979712553
STU_011176,79.2334474848336
STU_011177,72.56379159742572
STU_011178,88.13841730278943
STU_011179,85.61796835920536
STU_011180,71.49795537833863
STU_011181,79.01657857297599
STU_011182,95.16214130375417
STU_011183,55.38393602271171
STU_011184,77.55871991087092
STU_011185,80.51822355182529
STU_011186,49.239018254141115
STU_011187,84.6889029162966
STU_011188,75.559126123681
STU_011189,47.56450811011402
STU_011190,84.0530176551107
STU_011191,95.21744895804112
STU_011192,79.74824708757959
STU_011193,75.05490457285602
STU_011194,90.32664343942984
STU_011195,81.52568730407182
STU_011196,84.47488348712284
STU_011197,98.20904032257175
STU_011198,81.61222722173122
STU_011199,92.31506937713189
STU_011200,76.90222852941747
STU_011201,49.301468070849694
STU_011202,62.16152653574122
STU_011203,78.1121644407556
STU_011204,83.86333048241838
STU_011205,89.47115301082971
STU_011206,83.69791662993549
STU_011207,57.29112389772038
STU_011208,75.07950954957637
STU_011209,79.84132586103017
STU_011210,72.27543440461244
STU_011211,80.93558483484661
STU_011212,72.21543050180371
STU_011213,84.55588778494885
STU_011214,60.00707761522616
STU_011215,91.99241518509234
STU_011216,62.18110809285549
STU_011217,97.88844778708389
STU_011218,68.4981839600284
STU_011219,87.07257127380653
STU_011220,67.1938252952524
STU_011221,83.35989065010344
STU_011222,86.8707046717181
STU_011223,69.19901330082735
STU_011224,98.65102403771613
STU_011225,51.86382381691402
STU_011226,81.4863992519707
STU_011227,57.87484587297739
STU_011228,93.26819804528614
STU_011229,79.7777722327447
STU_011230,80.48196736166634
STU_011231,93.55942618087877
STU_011232,87.62713670250872
STU_011233,77.60559843124257
STU_011234,80.78119786115387
STU_011235,90.6247787439234
STU_011236,67.11828887443875
STU_011237,62.482420321394535
STU_011238,65.36313829512684
STU_011239,82.9256381457976
STU_011240,84.93134397286036
STU_011241,95.77829710658149
STU_011242,64.61292645827018
STU_011243,67.06724649766736
STU_011244,53.040705818568625
STU_011245,75.2135416433748
STU_011246,80.03907888256131
STU_011247,85.84258813974884
STU_011248,74.01922379400735
STU_011249,74.12148635288149
STU_011250,72.36767482229394
STU_011251,73.94837325007477
STU_011252,75.00641461332867
STU_011253,78.13942624203673
STU_011254,97.79777398178132
STU_011255,84.43299213536275
STU_011256,77.07867983516442
STU_011257,51.7302293011773
STU_011258,78.15403851607907
STU_011259,76.15988948344967
STU_011260,100.0
STU_011261,65.08570258317032
STU_011262,84.52857078521347
STU_011263,60.22038576607362
STU_011264,51.46341728225767
STU_011265,79.62766457528495
STU_011266,81.05627243751599
STU_011267,91.10103245256252
STU_011268,63.814030741779504
STU_011269,87.50446497582249
STU_011270,76.2370744428382
STU_011271,81.6305564152426
STU_011272,88.6161075754213
STU_011273,75.55797165858347
STU_011274,85.18285181855363
STU_011275,71.6528000574634
STU_011276,84.58570957429816
STU_011277,75.76331782266945
STU_011278,70.86844315974764
STU_011279,97.59759157050823
STU_011280,75.07457429258118
STU_011281,69.4425687452552
STU_011282,91.39659584385385
STU_011283,77.19687415610744
STU_011284,59.993202547580985
STU_011285,89.8144633445836
STU_011286,81.22154840313766
STU_011287,74.38885552296446
STU_011288,72.0783871411843
STU_011289,64.49891049653027
STU_011290,70.318896377709
STU_011291,79.07503485802822
STU_011292,45.5335204938053
STU_011293,90.09691770803607
STU_011294,72.28207251381284
STU_011295,78.56591544357093
STU_011296,96.72199986249689
STU_011297,75.39181989769217
STU_011298,57.82209086268446
STU_011299,84.19718114847808
STU_011300,87.94180401016084
STU_011301,100.0
STU_011302,70.51458973227389
STU_011303,83.91646421375708
STU_011304,84.20561020192496
STU_011305,69.86610614758152
STU_011306,77.58972492623914
STU_011307,62.77986119979927
STU_011308,54.51819801466071
STU_011309,81.64681932726833
STU_011310,52.00230777811776
STU_011311,83.74009941119024
STU_011312,69.59226011568762
STU_011313,88.94576257966875
STU_011314,62.37232946244809
STU_011315,80.84658486935194
STU_011316,61.98780278385126
STU_011317,77.89350808849737
STU_011318,62.04920153477575
STU_011319,87.27768105321064
STU_011320,58.82628510903234
STU_011321,84.79404093421124
STU_011322,59.24337109261055
STU_011323,52.26362283458927
STU_011324,61.22873438263104
STU_011325,60.72258422552875
STU_011326,79.53264166974179
STU_011327,81.82724442214491
STU_011328,91.0922593987388
STU_011329,59.83520999974277
STU_011330,52.58662501703478
STU_011331,60.743872891758166
STU_011332,86.83474742293681
STU_011333,69.03026035335782
STU_011334,89.64999514121739
STU_011335,68.33242530939
STU_011336,64.12804652326848
STU_011337,81.37742059109704
STU_011338,90.52859473040242
STU_011339,70.29477419275939
STU_011340,72.67638404922093
STU_011341,97.01797447492507
STU_011342,83.13773515622529
STU_011343,85.96939588818444
STU_011344,46.11566929248302
STU_011345,69.82805882975788
STU_011346,72.79312838925877
STU_011347,98.90103662155089
STU_011348,80.03627261233234
STU_011349,100.0
STU_011350,65.50602979998342
STU_011351,74.0361411726437
STU_011352,83.27995464239855
STU_011353,70.57716692844268
STU_011354,93.25558545604649
STU_011355,69.12577307401877
STU_011356,81.0976786320782
STU_011357,69.76429500088862
STU_011358,93.30127787517046
STU_011359,100.0
STU_011360,100.0
STU_011361,66.42804126413178
STU_011362,80.69521118998196
STU_011363,100.0
STU_011364,87.38947934078863
STU_011365,65.37007366990467
STU_011366,87.20616366710763
STU_011367,74.4267941142921
STU_011368,87.39949641995116
STU_011369,70.70953619135534
STU_011370,82.89154811851822
STU_011371,72.49919597483654
STU_011372,91.30152327933823
STU_011373,65.00538734418721
STU_011374,75.43631530889184
STU_011375,87.0037681481559
STU_011376,52.47167633190105
STU_011377,100.0
STU_011378,87.95254486462943
STU_011379,82.28390866535825
STU_011380,76.33854356414659
STU_011381,61.17540243224488
STU_011382,80.00909905162574
STU_011383,93.05321632510324
STU_011384,70.31227669011675
STU_011385,82.38356715848002
STU_011386,73.69322442068417
STU_011387,55.57451605097678
STU_011388,65.24539391269444
STU_011389,58.83094756252151
STU_011390,85.17130061948349
STU_011391,54.31756809143907
STU_011392,71.54421712593359
STU_011393,71.69083716674574
STU_011394,82.39825038681974
STU_011395,84.68122869765484
STU_011396,89.04618087907416
STU_011397,68.41528175065808
STU_011398,100.0
STU_011399,71.29138683661884
STU_011400,75.17808661658458
STU_011401,70.84065260363127
STU_011402,75.78684513066138
STU_011403,78.77254408313055
STU_011404,99.92038048114298
STU_011405,80.12335744552996
STU_011406,86.800502198088
STU_011407,91.95346408311134
STU_011408,79.45661657904984
STU_011409,84.85145129829024
STU_011410,74.34940133278222
STU_011411,91.8267221135526
STU_011412,76.33119668264996
STU_011413,64.2825121672975
STU_011414,91.35194579536218
STU_011415,79.60918700279322
STU_011416,93.00928444865117
STU_011417,80.08834607810411
STU_011418,63.50256651760019
STU_011419,73.30340915421738
STU_011420,89.58147554251039
STU_011421,87.34292883979722
STU_011422,74.28488805752497
STU_011423,67.8780093327659
STU_011424,73.2176786943124
STU_011425,70.8182966438425
STU_011426,98.27542855935098
STU_011427,67.80753966413538
STU_011428,90.26539500296201
STU_011429,76.58581048123092
STU_011430,77.27515549787773
STU_011431,79.59863841630612
STU_011432,65.98918161338526
STU_011433,91.58953611541207
STU_011434,93.0693914480251
STU_011435,72.96359820932362
STU_011436,89.77480313779488
STU_011437,64.27120661191525
STU_011438,64.89654312629443
STU_011439,74.54408146881882
STU_011440,67.40858040238511
STU_011441,78.52288559125927
STU_011442,78.19117114060737
STU_011443,70.09208534868921
STU_011444,77.35786578167375
STU_011445,71.52798496844193
STU_011446,56.52332530669899
STU_011447,92.70880587350055
STU_011448,62.59233665406641
STU_011449,74.28199690998605
STU_011450,80.81680730113237
STU_011451,78.48909856773021
STU_011452,69.85455558124211
STU_011453,68.92950736530639
STU_011454,68.25774001690533
STU_011455,54.34318458729368
STU_011456,91.7339453249709
STU_011457,69.79849484237057
STU_011458,97.2925540907081
STU_011459,72.9988366123746
STU_011460,86.81715615115894
STU_011461,79.95797073504565
STU_011462,81.51831148281428
STU_011463,82.75216981047811
STU_011464,73.27661645738749
STU_011465,71.49957341787407
STU_011466,80.65051072111571
STU_011467,79.42104632673052
STU_011468,64.78401588945988
STU_011469,71.48853237679829
STU_011470,92.95979544157365
STU_011471,64.05690762670427
STU_011472,71.79481571907682
STU_011473,78.3537679793276
STU_011474,89.28118699294231
STU_011475,88.81088661259443
STU_011476,93.53991333928508
STU_011477,99.32236961676756
STU_011478,52.022155089536994
STU_011479,65.39623291581749
STU_011480,96.30197520649168
STU_011481,70.05304702417381
STU_011482,58.62320462618399
STU_011483,93.69795013672902
STU_011484,77.25220191817841
STU_011485,78.82266655706128
STU_011486,59.43117291026158
STU_011487,83.01338873989289
STU_011488,79.18039170514847
STU_011489,67.78002795925978
STU_011490,79.4093217813992
STU_011491,59.159985514804596
STU_011492,79.66558508283305
STU_011493,94.59245090746388
STU_011494,83.54548275118321
STU_011495,81.57606246320059
STU_011496,89.49886314888283
STU_011497,77.50141085168649
STU_011498,79.7180904959468
STU_011499,82.57432449531134
STU_011500,75.17045127494652
STU_011501,61.799316815278814
STU_011502,51.589262695635625
STU_011503,89.17277490941271
STU_011504,60.60552400756115
STU_011505,69.89224902297069
STU_011506,58.52270566955892
STU_011507,69.07418761756517
STU_011508,80.54468992404684
STU_011509,68.20123904274575
STU_011510,81.13675945115114
STU_011511,93.31716469183667
STU_011512,53.57573399309488
STU_011513,79.66768551252754
STU_011514,78.53092080979219
STU_011515,68.83560594948241
STU_011516,83.71005099604574
STU_011517,85.17638191587426
STU_011518,95.05527645599989
STU_011519,62.80572178336145
STU_011520,48.33287703539713
STU_011521,50.43366978169752
STU_011522,100.0
STU_011523,76.57127737359963
STU_011524,86.8181448451052
STU_011525,100.0
STU_011526,83.91616006398002
STU_011527,91.53124006418263
STU_011528,87.56761909267676
STU_011529,82.33706705092612
STU_011530,67.04216109764805
STU_011531,79.67709943256438
STU_011532,77.73704766417559
STU_011533,81.05051342141257
STU_011534,76.33067244202883
STU_011535,69.59623585779053
STU_011536,58.91319678393062
STU_011537,53.021244737369926
STU_011538,73.42247448175699
STU_011539,72.86317800187516
STU_011540,80.3081755077475
STU_011541,80.98443521900687
STU_011542,65.95087052099677
STU_011543,78.26736202143462
STU_011544,84.42928697430901
STU_011545,91.34899331548598
STU_011546,60.55043008382942
STU_011547,92.58306228002252
STU_011548,80.61742375306453
STU_011549,64.41945347008844
STU_011550,83.7516628311534
STU_011551,71.70741218760992
STU_011552,56.58658556260197
STU_011553,73.15321596323372
STU_011554,82.68448734337252
STU_011555,85.42349138993086
STU_011556,98.79285340801158
STU_011557,62.20729403738283
STU_011558,97.99269586656851
STU_011559,93.71153397520514
STU_011560,100.0
STU_011561,71.82596988148167
STU_011562,98.49571884920425
STU_011563,94.66307911833806
STU_011564,61.20218859296901
STU_011565,76.00888119385641
STU_011566,70.40410705494463
STU_011567,60.823514546648234
STU_011568,57.88135142392614
STU_011569,83.16116564848826
STU_011570,97.64300048203438
STU_011571,78.6536760675193
STU_011572,88.51831520103859
STU_011573,72.90088798417163
STU_011574,69.47094846930523
STU_011575,68.89532548259336
STU_011576,78.32293269925994
STU_011577,62.982830471158394
STU_011578,68.06869664113631
STU_011579,71.59271494199831
STU_011580,90.22720732277598
STU_011581,64.03069149596392
STU_011582,82.90082866974043
STU_011583,68.92903514420254
STU_011584,90.0966021709293
STU_011585,82.05653689554055
STU_011586,82.99816878091468
STU_011587,92.41860042048302
STU_011588,92.95838931118324
STU_011589,86.44854602902987
STU_011590,70.8116532813689
STU_011591,62.49349867889319
STU_011592,91.4236452405845
STU_011593,76.81869209264974
STU_011594,96.93519639794746
STU_011595,87.90514398731752
STU_011596,78.02493638501193
STU_011597,68.65731601581078
STU_011598,80.6377710900443
STU_011599,62.904472462893324
STU_011600,60.97751861994249
STU_011601,72.33022654287144
STU_011602,88.35150686161408
STU_011603,61.61190551463777
STU_011604,86.0903216985243
STU_011605,82.96468871845805
STU_011606,66.60317688365652
STU_011607,94.84982986089348
STU_011608,88.53611536209534
STU_011609,66.42772486192827
STU_011610,82.86684068833733
STU_011611,55.98931083130772
STU_011612,83.02449595458921
STU_011613,67.97611872930457
STU_011614,60.961522093697425
STU_011615,89.81183386819419
STU_011616,87.60672365089903
STU_011617,69.65820543064513
STU_011618,71.06361370422849
STU_011619,80.75535569569115
STU_011620,57.44663414833896
STU_011621,71.8064373094482
STU_011622,74.4025015542871
STU_011623,56.34940383355471
STU_011624,89.18322440622511
STU_011625,97.51379740703734
STU_011626,82.18245262339325
STU_011627,69.06809248540887
STU_011628,71.16253263247754
STU_011629,71.69644545516805
STU_011630,95.07457385618835
STU_011631,56.391060981529
STU_011632,63.35973951650197
STU_011633,100.0
STU_011634,48.453163649989584
STU_011635,95.02884139529763
STU_011636,63.05815148633101
STU_011637,71.56520423832879
STU_011638,82.66558239411391
STU_011639,90.8246595217914
STU_011640,88.64251334799455
STU_011641,76.43168222646926
STU_011642,79.16500890560057
STU_011643,63.775860376029414
STU_011644,93.06886074580679
STU_011645,97.08081085667689
STU_011646,77.00543275985164
STU_011647,76.98592383692866
STU_011648,76.43189088935587
STU_011649,82.18935527480772
STU_011650,82.83008753843185
STU_011651,66.57198982558153
STU_011652,57.919535160498604
STU_011653,100.0
STU_011654,66.63616350966886
STU_011655,72.6744686730055
STU_011656,61.84320624064246
STU_011657,42.42561600131843
STU_011658,98.80850566364657
STU_011659,63.442925938739165
STU_011660,81.58607825980769
STU_011661,98.84690518745956
STU_011662,86.37238417334424
STU_011663,91.11594411182514
STU_011664,93.1247626577261
STU_011665,66.25544913812018
STU_011666,71.63732188798822
STU_011667,61.72114605176115
STU_011668,79.89041697340457
STU_011669,67.10878099068589
STU_011670,87.00379161771306
STU_011671,78.9367899080629
STU_011672,89.66055757174479
STU_011673,74.60869123691558
STU_011674,65.5086471280016
STU_011675,88.32315063669026
STU_011676,71.78386115423044
STU_011677,78.75376285196305
STU_011678,54.607712652171664
STU_011679,93.81129462122881
STU_011680,90.70961500032183
STU_011681,97.92279595841593
STU_011682,43.864475591959064
STU_011683,73.81607534629443
STU_011684,62.5692300187056
STU_011685,62.795114499121816
STU_011686,72.93465623936333
STU_011687,88.35474055990342
STU_011688,88.5034130123903
STU_011689,73.31742657639856
STU_011690,71.24217563039907
STU_011691,95.66043517584457
STU_011692,82.17408013163626
STU_011693,90.69254061182266
STU_011694,94.38952468974406
STU_011695,91.62991644515678
STU_011696,88.76073036310919
STU_011697,70.50065746666901
STU_011698,68.71040856115026
STU_011699,83.2177360025049
STU_011700,61.1328384164822
STU_011701,70.49128800410216
STU_011702,82.99492077379553
STU_011703,85.55225941881031
STU_011704,80.47547902633623
STU_011705,75.57595640676523
STU_011706,88.0586986819625
STU_011707,69.23292173607979
STU_011708,76.78163120293465
STU_011709,85.21139081781894
STU_011710,83.61934254131376
STU_011711,78.36683273253317
STU_011712,56.27747480621166
STU_011713,95.03858878875143
STU_011714,75.99045598791429
STU_011715,84.06372873050593
STU_011716,81.82198152080936
STU_011717,73.31255007937601
STU_011718,84.04741201042997
STU_011719,76.53287857754276
STU_011720,94.43469527467408
STU_011721,66.22873888150698
STU_011722,66.84352889137713
STU_011723,74.0923811357281
STU_011724,90.87016944410273
STU_011725,80.2403376280486
STU_011726,56.361021040983545
STU_011727,61.93914965807393
STU_011728,57.22698795868357
STU_011729,78.07015425725443
STU_011730,73.26886863085839
STU_011731,94.45399437758115
STU_011732,91.61539046286939
STU_011733,79.14744735133581
STU_011734,91.31951931282168
STU_011735,79.25293245170545
STU_011736,70.12959772333569
STU_011737,67.6055310381182
STU_011738,87.82828866751991
STU_011739,89.8234831817476
STU_011740,86.36456567403827
STU_011741,79.05724458357636
STU_011742,67.70791325708117
STU_011743,60.03308867465087
STU_011744,72.86899623798459
STU_011745,63.81500319546765
STU_011746,69.94333831309062
STU_011747,85.96956249831395
STU_011748,68.6422197415163
STU_011749,75.50708051341252
STU_011750,97.15808507240641
STU_011751,71.66883845017878
STU_011752,60.65024087434754
STU_011753,48.88924480220899
STU_011754,77.97654305017056
STU_011755,74.10566088035911
STU_011756,83.19416620954357
STU_011757,74.8869692142541
STU_011758,98.11144864295463
STU_011759,70.53081492559866
STU_011760,84.29455721437765
STU_011761,89.07622309224308
STU_011762,73.86631636654914
STU_011763,81.93539074403012
STU_011764,67.12055238754067
STU_011765,79.67269310229928
STU_011766,45.7747731125083
STU_011767,61.56841213791622
STU_011768,87.20799972903819
STU_011769,61.02044388560745
STU_011770,93.22364885655563
STU_011771,69.9359636888714
STU_011772,65.20370027675779
STU_011773,63.994079285708956
STU_011774,64.47466638461154
STU_011775,77.20694241492912
STU_011776,66.91010532682685
STU_011777,72.56343344541827
STU_011778,89.45858920489022
STU_011779,82.77717945917352
STU_011780,71.89798589814833
STU_011781,59.10564592837612
STU_011782,88.46450174622572
STU_011783,71.57027415803081
STU_011784,73.2458095668945
STU_011785,66.83364203263838
STU_011786,82.94998578361651
STU_011787,66.48877581807825
STU_011788,71.19532790797273
STU_011789,60.49651040565304
STU_011790,82.76930953148856
STU_011791,90.99702745459246
STU_011792,78.56618741388482
STU_011793,62.62717664358507
STU_011794,59.8436348079608
STU_011795,63.856032946349515
STU_011796,96.17191313738678
STU_011797,71.36974857973233
STU_011798,67.12798552628973
STU_011799,99.17380481259897
STU_011800,68.25931527542971
STU_011801,85.12173882651776
STU_011802,91.14340514747778
STU_011803,74.54029188916826
STU_011804,74.81997801846312
STU_011805,71.15087461839984
STU_011806,69.277216310955
STU_011807,83.6893492748118
STU_011808,87.95342281762348
STU_011809,89.6511361723351
STU_011810,90.55343229436318
STU_011811,91.95796865146528
STU_011812,70.98747356104992
STU_011813,70.56008737173802
STU_011814,93.91026510296527
STU_011815,70.42041837754618
STU_011816,78.62390070113887
STU_011817,93.65518532211311
STU_011818,78.358716860071
STU_011819,76.78687287785473
STU_011820,72.83977623565573
STU_011821,75.95771738377995
STU_011822,98.88609869407256
STU_011823,73.74077803149649
STU_011824,74.06493637795901
STU_011825,80.78481251982025
STU_011826,70.648668221706
STU_011827,76.12730798075303
STU_011828,74.57567453639953
STU_011829,74.9078956601226
STU_011830,67.26152655005986
STU_011831,66.93669138075279
STU_011832,68.96338948942365
STU_011833,64.95658560960516
STU_011834,63.73142520327989
STU_011835,80.92561970682452
STU_011836,75.73213913750683
STU_011837,73.12730786694179
STU_011838,70.1484544378868
STU_011839,87.94731192831253
STU_011840,84.67255524998342
STU_011841,81.8705237844754
STU_011842,61.027348289687495
STU_011843,55.31678946629158
STU_011844,84.31961951359234
STU_011845,69.5043095875971
STU_011846,87.39738637155878
STU_011847,74.01302614777293
STU_011848,95.43866761887045
STU_011849,78.8541491924351
STU_011850,69.5008242056923
STU_011851,91.98050374433097
STU_011852,90.68067935559542
STU_011853,86.183099322365
STU_011854,76.09106015144845
STU_011855,90.62657869893471
STU_011856,85.0541564922795
STU_011857,80.1570874451553
STU_011858,87.67982974485142
STU_011859,72.5378716052137
STU_011860,72.99695328243045
STU_011861,64.86719117755787
STU_011862,69.99195210733069
STU_011863,95.5518807543128
STU_011864,51.10161214150439
STU_011865,81.45666588247643
STU_011866,63.67446084547578
STU_011867,85.95551842137868
STU_011868,83.34579887008304
STU_011869,74.17047879997129
STU_011870,89.47946129878378
STU_011871,63.37387019136111
STU_011872,67.16577744625795
STU_011873,81.34606318233389
STU_011874,68.7723878569895
STU_011875,61.86454811433605
STU_011876,68.05713122161548
STU_011877,88.83022614784969
STU_011878,57.802467595589206
STU_011879,79.6740619014927
STU_011880,58.96712548087028
STU_011881,53.38133979171185
STU_011882,84.714007266126
STU_011883,52.84730431960147
STU_011884,65.32023110619392
STU_011885,58.14410705614487
STU_011886,70.41832227457246
STU_011887,79.49972311301389
STU_011888,76.95844430711773
STU_011889,45.602622022098686
STU_011890,58.143853256146464
STU_011891,83.07572551554733
STU_011892,98.52677724275699
STU_011893,90.33992006110645
STU_011894,73.14194149688518
STU_011895,94.94080454295242
STU_011896,60.10515197013294
STU_011897,65.09399092998096
STU_011898,100.0
STU_011899,57.00289280981526
STU_011900,80.71480537445034
STU_011901,79.16394662548363
STU_011902,55.80979166289008
STU_011903,74.39630385422606
STU_011904,79.33851330504237
STU_011905,74.06938118390683
STU_011906,83.61792574213473
STU_011907,86.53752827847634
STU_011908,90.68087182628155
STU_011909,49.846108003384686
STU_011910,85.50163456513664
STU_011911,74.473196835433
STU_011912,89.2743735840946
STU_011913,75.8763517530366
STU_011914,88.6306185903764
STU_011915,90.4320769645536
STU_011916,70.79953792515126
STU_011917,88.6493593525611
STU_011918,79.39868902263221
STU_011919,100.0
STU_011920,75.91376779692834
STU_011921,68.44470777023922
STU_011922,77.26128168717719
STU_011923,61.14793063369866
STU_011924,70.43684732699963
STU_011925,41.71625849846649
STU_011926,73.15995746120696
STU_011927,72.43866105988322
STU_011928,70.81392557492029
STU_011929,81.37021593377499
STU_011930,87.28570116846848
STU_011931,85.3882278580881
STU_011932,67.15678517459638
STU_011933,53.76804343157781
STU_011934,80.21191224470485
STU_011935,49.38837058398118
STU_011936,87.06402255819967
STU_011937,71.67121502991536
STU_011938,58.43459907691796
STU_011939,92.68667103728205
STU_011940,79.95901422433786
STU_011941,78.9094672615386
STU_011942,92.76873694299636
STU_011943,76.79892930822363
STU_011944,69.27734052887209
STU_011945,73.86092458252438
STU_011946,98.0455299329048
STU_011947,84.54950088738195
STU_011948,67.46534684489903
STU_011949,81.97545780363103
STU_011950,75.78195960527466
STU_011951,90.40889178421068
STU_011952,70.27453653981028
STU_011953,48.771679176513366
STU_011954,91.12701955653515
STU_011955,59.211280693331744
STU_011956,91.42533606887935
STU_011957,58.8038970939906
STU_011958,95.30590821821272
STU_011959,77.57336880621246
STU_011960,92.2945393915691
STU_011961,90.8228438970628
STU_011962,78.52131095606742
STU_011963,93.28250195613666
STU_011964,74.62496468713364
STU_011965,76.2466705399153
STU_011966,91.25706702394073
STU_011967,53.66626684268909
STU_011968,88.52061635644415
STU_011969,54.11618960567286
STU_011970,82.25119930354768
STU_011971,55.38021540691577
STU_011972,85.73937129401034
STU_011973,70.50494477204896
STU_011974,92.82236301212697
STU_011975,76.67563791892731
STU_011976,64.47252377044884
STU_011977,86.62775058211912
STU_011978,61.28962499148399
STU_011979,76.50534399390979
STU_011980,78.73316287341551
STU_011981,79.4181504800073
STU_011982,93.34845822350971
STU_011983,69.36485141144946
STU_011984,81.40620465640612
STU_011985,82.06994759745135
STU_011986,69.6653140514717
STU_011987,58.1722907892851
STU_011988,75.26789814054376
STU_011989,68.41436130251381
STU_011990,92.04443724788094
STU_011991,66.42810903712312
STU_011992,45.24159206800057
STU_011993,70.8449950082841
STU_011994,62.64759966782935
STU_011995,71.19102839827397
STU_011996,74.64829034758078
STU_011997,86.86277581052644
STU_011998,95.30173459304362
STU_011999,100.0
STU_012000,89.73088377967727
STU_012001,88.14801722271525
STU_012002,73.67110453682061
STU_012003,75.33238706648434
STU_012004,69.6209611057081
STU_012005,79.53579163193481
STU_012006,91.15885337165571
STU_012007,61.73638416035992
STU_012008,80.82543104570243
STU_012009,68.80753271284858
STU_012010,44.41935994785389
STU_012011,61.22129247110261
STU_012012,69.66391552835316
STU_012013,70.13803958584187
STU_012014,55.216362168610914
STU_012015,69.23065652113418
STU_012016,53.97765585750023
STU_012017,77.32283011889228
STU_012018,86.42655982672287
STU_012019,94.9271206070385
STU_012020,62.40324862613801
STU_012021,61.86060968764954
STU_012022,67.47179250057167
STU_012023,73.45856671989534
STU_012024,92.3029441493749
STU_012025,89.52162526031736
STU_012026,66.9190293919851
STU_012027,91.00286578523833
STU_012028,94.35521830142417
STU_012029,63.395789521977015
STU_012030,85.96385063364258
STU_012031,94.33734684966866
STU_012032,68.38821201772792
STU_012033,69.16434081930574
STU_012034,95.75486226175303
STU_012035,69.98943111646972
STU_012036,67.42763200333687
STU_012037,77.30134849445868
STU_012038,60.33262778566724
STU_012039,72.02811682860192
STU_012040,95.48116762416663
STU_012041,72.73825424088722
STU_012042,88.7222342136043
STU_012043,71.79104716640092
STU_012044,72.18274531326517
STU_012045,53.52572693594286
STU_012046,80.61883396882948
STU_012047,96.00043337221986
STU_012048,57.13174895451617
STU_012049,73.87759137054634
STU_012050,74.63659688741396
STU_012051,37.142465580301014
STU_012052,85.06717973934083
STU_012053,82.3087916597655
STU_012054,67.88929196752453
STU_012055,78.17235884570024
STU_012056,96.03862677701493
STU_012057,88.01054039592495
STU_012058,62.950903250554475
STU_012059,57.72163694311067
STU_012060,74.44486378250886
STU_012061,62.574672396781054
STU_012062,90.03603874271371
STU_012063,58.389174846271295
STU_012064,62.941453620087465
STU_012065,83.07870098040488
STU_012066,71.55522543004425
STU_012067,74.88006025172079
STU_012068,64.47296154548445
STU_012069,67.855660540477
STU_012070,78.72040502013084
STU_012071,79.90583428458511
STU_012072,70.51864001888403
STU_012073,89.92185582708977
STU_012074,87.67109144913343
STU_012075,54.94822641532762
STU_012076,65.9958961507859
STU_012077,66.49746847989347
STU_012078,68.01998070197125
STU_012079,72.97287806630004
STU_012080,78.26105638876899
STU_012081,50.122537379475524
STU_012082,91.47546407489244
STU_012083,66.34765797446649
STU_012084,77.10432614269932
STU_012085,93.83226822326709
STU_012086,82.6393300643538
STU_012087,76.90524844961527
STU_012088,76.71259446729825
STU_012089,74.3147940775377
STU_012090,94.17840277670624
STU_012091,88.54089737651027
STU_012092,80.6765714000513
STU_012093,80.01539160259404
STU_012094,80.35343351820184
STU_012095,68.20479806948134
STU_012096,77.93654941064787
STU_012097,80.71590985148917
STU_012098,65.28116043239125
STU_012099,76.32164451491805
STU_012100,91.0933777230706
STU_012101,92.05137761747605
STU_012102,71.00347822726198
STU_012103,77.50126960739928
STU_012104,63.079665531969084
STU_012105,84.00061290984651
STU_012106,91.39628563631464
STU_012107,81.68344304229397
STU_012108,90.73158797404463
STU_012109,76.27637597446471
STU_012110,75.10710648564735
STU_012111,48.63505709694451
STU_012112,85.8178524780649
STU_012113,84.54766091404818
STU_012114,68.60744553950627
STU_012115,76.66486986536228
STU_012116,70.94690427723565
STU_012117,93.39703112577288
STU_012118,68.62875297908083
STU_012119,89.16184860341508
STU_012120,65.67913705047323
STU_012121,72.74682294801138
STU_012122,65.19204491951196
STU_012123,79.45184984864946
STU_012124,71.99417116097082
STU_012125,81.83742408034908
STU_012126,73.37995281774953
STU_012127,78.09490903375922
STU_012128,75.29342166380019
STU_012129,77.24818053247417
STU_012130,60.34186464090446
STU_012131,50.44098725063615
STU_012132,80.61100126945216
STU_012133,81.92781484359035
STU_012134,61.442967461176515
STU_012135,65.69540139026243
STU_012136,53.918296706478294
STU_012137,67.9768435453334
STU_012138,55.79045043480468
STU_012139,69.23885976935453
STU_012140,76.98686237003274
STU_012141,65.40943757467245
STU_012142,79.75551179427181
STU_012143,99.8158740260285
STU_012144,80.92338275991858
STU_012145,76.96348321811143
STU_012146,78.45963613248833
STU_012147,68.90720846015591
STU_012148,76.24600021698309
STU_012149,79.14746736711793
STU_012150,77.88339406389758
STU_012151,82.72428278718671
STU_012152,52.544993439145365
STU_012153,72.07184495380088
STU_012154,77.43722162726262
STU_012155,63.278565850725585
STU_012156,72.32913052356727
STU_012157,82.51292907135934
STU_012158,88.47715620398697
STU_012159,84.55872097313802
STU_012160,95.45951269042939
STU_012161,96.12295597301289
STU_012162,84.43384111587937
STU_012163,98.84077608096885
STU_012164,42.376367342876904
STU_012165,69.0344275375346
STU_012166,68.53371409074207
STU_012167,93.67636308069156
STU_012168,62.136674331404166
STU_012169,57.722192533107275
STU_012170,71.05132865277128
STU_012171,79.81025484522847
STU_012172,88.43687275284168
STU_012173,88.46531404367053
STU_012174,84.73275906770195
STU_012175,80.49041009422861
STU_012176,69.49794067563963
STU_012177,70.26153931845346
STU_012178,88.5824488696429
STU_012179,68.25927972134416
STU_012180,82.56447250909697
STU_012181,95.22403460619518
STU_012182,76.39155086172048
STU_012183,89.14730633669214
STU_012184,75.64800042419223
STU_012185,76.21777747587993
STU_012186,92.68702378007568
STU_012187,49.76806561134171
STU_012188,60.09514462842725
STU_012189,59.40556340549958
STU_012190,86.98955781772364
STU_012191,72.59650554181067
STU_012192,71.49216410195184
STU_012193,64.70044803590677
STU_012194,77.59932998814517
STU_012195,66.44560963513216
STU_012196,50.650112678914056
STU_012197,85.77546577381833
STU_012198,71.29162372658068
STU_012199,80.89405388076977
STU_012200,58.53954158633442
STU_012201,72.88234202936741
STU_012202,82.47647475384304
STU_012203,87.74767068695118
STU_012204,73.18755797495274
STU_012205,75.82947367372199
STU_012206,85.08768239269445
STU_012207,90.20981910289824
STU_012208,76.85571266278174
STU_012209,62.83417773636196
STU_012210,76.42114516108575
STU_012211,77.97957198254056
STU_012212,70.59705132766497
STU_012213,82.21882180626343
STU_012214,63.86775261964499
STU_012215,62.94337454255775
STU_012216,81.56446060057004
STU_012217,91.85352199627073
STU_012218,99.83378276776943
STU_012219,70.44669220921615
STU_012220,58.60492076911635
STU_012221,75.38571262270023
STU_012222,64.88819938530926
STU_012223,65.59417916466556
STU_012224,70.96361142489745
STU_012225,84.87931261684673
STU_012226,77.01349871271573
STU_012227,74.97383163924448
STU_012228,62.41528493470909
STU_012229,84.7133955647333
STU_012230,82.09300584122767
STU_012231,64.35982599216688
STU_012232,81.19840168180711
STU_012233,81.05154174276223
STU_012234,65.25743491235167
STU_012235,69.8707408894949
STU_012236,96.51137580662781
STU_012237,74.51845638780303
STU_012238,67.94288452414689
STU_012239,74.54902653103471
STU_012240,76.08219866752762
STU_012241,85.22787802765659
STU_012242,75.38284057730895
STU_012243,48.766007806753066
STU_012244,58.89092583799061
STU_012245,68.6481404555998
STU_012246,65.9960164609185
STU_012247,59.22753001975987
STU_012248,89.12331032956857
STU_012249,86.06163015749169
STU_012250,86.31838059583154
STU_012251,71.18988638925255
STU_012252,62.23055872951896
STU_012253,61.270296261254785
STU_012254,55.06033400598286
STU_012255,79.98113640055948
STU_012256,68.58623780787156
STU_012257,82.08426286403721
STU_012258,75.8172790730749
STU_012259,77.76065785656166
STU_012260,88.40445441991125
STU_012261,82.42348634024631
STU_012262,82.83091341493909
STU_012263,67.95675479383237
STU_012264,63.69066939281737
STU_012265,67.93170229320914
STU_012266,96.54849759840755
STU_012267,91.42550344344676
STU_012268,57.40500232503145
STU_012269,78.00764599107026
STU_012270,72.48007479831777
STU_012271,77.0730693300673
STU_012272,73.7259048468895
STU_012273,70.81889489901107
STU_012274,64.61640160139528
STU_012275,89.98074204810192
STU_012276,72.14875439194599
STU_012277,79.47650274594308
STU_012278,67.87187906204011
STU_012279,80.85924576850013
STU_012280,75.31908292946952
STU_012281,56.670855214773816
STU_012282,89.1653049782801
STU_012283,92.0439166922221
STU_012284,68.92548360044789
STU_012285,77.8459695500053
STU_012286,76.19182957645604
STU_012287,92.33641818079391
STU_012288,81.28774319287211
STU_012289,89.65179649600756
STU_012290,86.20916818438782
STU_012291,73.42756962286066
STU_012292,77.5789343862076
STU_012293,72.25331331630701
STU_012294,85.59946910238673
STU_012295,78.05639592043838
STU_012296,78.43644837791679
STU_012297,73.90728903911541
STU_012298,70.79778514689885
STU_012299,83.69562674904009
STU_012300,57.77673442443262
STU_012301,85.32964891492485
STU_012302,82.11864377608958
STU_012303,60.56396178192543
STU_012304,48.89330360964738
STU_012305,95.11407676151805
STU_012306,75.96343242312489
STU_012307,70.4876784463403
STU_012308,88.06279685819814
STU_012309,64.63768814210302
STU_012310,76.26403354309093
STU_012311,80.63107803828504
STU_012312,57.16264457410195
STU_012313,73.15259307126196
STU_012314,96.68307258504831
STU_012315,89.89443617828951
STU_012316,71.08432728196512
STU_012317,97.47196482617399
STU_012318,83.90382487023818
STU_012319,81.99039904449933
STU_012320,64.63111013024685
STU_012321,62.2718031753964
STU_012322,92.64570247564767
STU_012323,62.49863889236234
STU_012324,82.0337966169968
STU_012325,66.41465139586734
STU_012326,71.23766572860984
STU_012327,61.08643287802401
STU_012328,65.40681709983244
STU_012329,92.1738040318744
STU_012330,85.1740488054063
STU_012331,80.53091876617303
STU_012332,70.6814465089445
STU_012333,87.02503720687898
STU_012334,73.40781626603527
STU_012335,65.38312155794597
STU_012336,85.50766272883413
STU_012337,94.38257225513368
STU_012338,69.90106808145013
STU_012339,88.50264319400596
STU_012340,65.31562164451049
STU_012341,56.163546148952754
STU_012342,85.91881550109528
STU_012343,89.79587555382287
STU_012344,60.7502891229654
STU_012345,64.22831760804635
STU_012346,73.31413069412538
STU_012347,94.56244402986424
STU_012348,81.77446780662873
STU_012349,68.94362753302198
STU_012350,84.05568260323358
STU_012351,89.205301572276
STU_012352,82.13061592867297
STU_012353,93.52157992800332
STU_012354,64.2875146279212
STU_012355,89.09306458066118
STU_012356,81.46488190122525
STU_012357,65.66665540195066
STU_012358,93.61719086706333
STU_012359,85.79002202605349
STU_012360,74.70277017085206
STU_012361,61.24424735728759
STU_012362,79.00720862717843
STU_012363,76.80235292691668
STU_012364,81.21780298210926
STU_012365,68.0669637465804
STU_012366,85.20904806975115
STU_012367,74.47630661325752
STU_012368,61.109959792140955
STU_012369,68.4095578573013
STU_012370,99.41896325800144
STU_012371,71.41417270977065
STU_012372,86.68769457524095
STU_012373,74.16232064801872
STU_012374,77.02838091908754
STU_012375,65.97108969636243
STU_012376,84.25286286210259
STU_012377,84.7133285067084
STU_012378,74.72972710078504
STU_012379,74.18757494135602
STU_012380,92.54789364406818
STU_012381,100.0
STU_012382,68.40834489834509
STU_012383,86.6966191462364
STU_012384,100.0
STU_012385,89.21225430707874
STU_012386,82.41920188788455
STU_012387,83.02422047009776
STU_012388,83.80365772991627
STU_012389,99.86440775224324
STU_012390,76.21202024842353
STU_012391,46.96490908816234
STU_012392,74.01297240946639
STU_012393,70.26117126926663
STU_012394,71.79836861090675
STU_012395,86.42327641658495
STU_012396,81.14223600803695
STU_012397,73.80810162719769
STU_012398,83.0328753048052
STU_012399,82.58119870962695
STU_012400,74.67256984927026
STU_012401,88.97101170915477
STU_012402,97.75430469275665
STU_012403,51.54270934980351
STU_012404,76.50640344498642
STU_012405,64.286864969216
STU_012406,65.78551120196528
STU_012407,91.1632216616636
STU_012408,85.85149782098428
STU_012409,72.87773182673038
STU_012410,50.094292457490944
STU_012411,89.50664479252501
STU_012412,72.1701693796957
STU_012413,61.174551992251864
STU_012414,94.73613913730682
STU_012415,89.22734205171945
STU_012416,89.65817185867442
STU_012417,60.48118760316814
STU_012418,87.02469804869385
STU_012419,73.33831890757781
STU_012420,56.45786630357286
STU_012421,70.37506192083441
STU_012422,83.31540217723017
STU_012423,70.68268224501566
STU_012424,87.58790976341753
STU_012425,53.316236815196966
STU_012426,85.88593976681604
STU_012427,71.50085858941353
STU_012428,85.7523331071969
STU_012429,59.49082249589317
STU_012430,71.45254719161325
STU_012431,67.69876921188516
STU_012432,59.92397633246684
STU_012433,57.7597316586195
STU_012434,90.79515141818335
STU_012435,70.90444338179142
STU_012436,73.98396724025034
STU_012437,91.0959033168903
STU_012438,63.78077773908915
STU_012439,79.20422569703723
STU_012440,66.82034015433572
STU_012441,89.44167712005832
STU_012442,99.35554447913306
STU_012443,63.240526449321806
STU_012444,85.28224218843067
STU_012445,72.58220882115454
STU_012446,86.13184249743742
STU_012447,91.21344050161473
STU_012448,77.91694171817548
STU_012449,80.43062054353227
STU_012450,70.6642071498884
STU_012451,88.7724040359804
STU_012452,78.89356238158005
STU_012453,94.671064699677
STU_012454,85.0021715507939
STU_012455,74.07932877467267
STU_012456,85.27276073760413
STU_012457,69.02944327065288
STU_012458,76.9946333516485
STU_012459,56.97351466126419
STU_012460,86.03778869957509
STU_012461,79.01611875384191
STU_012462,72.219835821505
STU_012463,80.93819362043209
STU_012464,76.47883363033316
STU_012465,75.85316091833798
STU_012466,69.88601655582924
STU_012467,78.93016284480544
STU_012468,86.99891629354286
STU_012469,86.23579950062347
STU_012470,51.78034931342913
STU_012471,54.70104813444207
STU_012472,93.01529575727109
STU_012473,72.86811559221819
STU_012474,66.0422655317013
STU_012475,70.76155362870009
STU_012476,52.49100624053867
STU_012477,96.14402347766972
STU_012478,75.41490932802773
STU_012479,68.09214879690717
STU_012480,80.62197453570393
STU_012481,89.74590324653208
STU_012482,69.68945768168841
STU_012483,64.26719496833938
STU_012484,73.98430236626604
STU_012485,79.65377581488424
STU_012486,73.51976332046206
STU_012487,67.7095131254507
STU_012488,68.8012614195088
STU_012489,84.30099424846233
STU_012490,90.14897332532705
STU_012491,60.38292290093858
STU_012492,63.62648842583502
STU_012493,60.588897630779684
STU_012494,71.47722556399385
STU_012495,72.22951495896885
STU_012496,82.08595044775154
STU_012497,89.89375841925441
STU_012498,73.71979457430125
STU_012499,75.27328278334858
STU_012500,85.74597862623742
STU_012501,95.0699008356518
STU_012502,83.01420490023683
STU_012503,84.76113609125392
STU_012504,78.41207093119253
STU_012505,82.92627328921057
STU_012506,68.62803153980879
STU_012507,82.57126449005946
STU_012508,68.64409141111827
STU_012509,86.31708426639175
STU_012510,73.3769093778721
STU_012511,75.47318528434768
STU_012512,80.27329396658047
STU_012513,66.72489979729917
STU_012514,100.0
STU_012515,91.26816990506963
STU_012516,84.91255557328928
STU_012517,97.92350088709973
STU_012518,56.21053993045017
STU_012519,82.27598247899671
STU_012520,72.38893131443052
STU_012521,92.83662788263862
STU_012522,98.99334429658794
STU_012523,80.255268001432
STU_012524,96.34764263902466
STU_012525,93.01078618984874
STU_012526,96.48175736486722
STU_012527,91.53134142282616
STU_012528,63.33835046792114
STU_012529,97.10265931803656
STU_012530,81.3212750678428
STU_012531,75.8810250494831
STU_012532,71.61842750025737
STU_012533,84.26666059500782
STU_012534,59.93015762724456
STU_012535,84.21469195578848
STU_012536,73.58130701810092
STU_012537,52.22073749768033
STU_012538,63.61381509499116
STU_012539,84.61261516701612
STU_012540,72.53018837225943
STU_012541,99.46310503404783
STU_012542,99.83986126518165
STU_012543,78.41818346265354
STU_012544,82.87933141470221
STU_012545,68.47357060755557
STU_012546,78.93303325390092
STU_012547,100.0
STU_012548,46.2413616165491
STU_012549,70.60943126142007
STU_012550,95.94293681365824
STU_012551,88.89057330240126
STU_012552,72.28199269932416
STU_012553,77.86096341836571
STU_012554,68.53188630506922
STU_012555,53.03364619476836
STU_012556,65.45469750087447
STU_012557,82.18041183852665
STU_012558,69.6444054768669
STU_012559,91.69111776718758
STU_012560,68.46766199508293
STU_012561,66.36415922481842
STU_012562,65.13118640336371
STU_012563,83.08940538579358
STU_012564,95.4187540356367
STU_012565,100.0
STU_012566,78.6262520989858
STU_012567,65.56030823853781
STU_012568,93.37513126191416
STU_012569,70.83909587080298
STU_012570,54.26165151286166
STU_012571,53.62764490347877
STU_012572,52.350691136560734
STU_012573,76.12598862617952
STU_012574,63.440240176088686
STU_012575,65.76721882286293
STU_012576,79.02240625555426
STU_012577,95.81379659274589
STU_012578,51.90603153432544
STU_012579,75.97938398611078
STU_012580,66.37867899158366
STU_012581,66.80558393683314
STU_012582,72.0659264287513
STU_012583,66.11968265103503
STU_012584,58.883197927846076
STU_012585,71.51927843454541
STU_012586,70.83836407884064
STU_012587,71.63006488214988
STU_012588,71.48719114374853
STU_012589,48.42260523192611
STU_012590,68.29400099896593
STU_012591,73.60196928062481
STU_012592,95.07288228949443
STU_012593,95.79156259946394
STU_012594,50.67581761942354
STU_012595,69.07629815434987
STU_012596,79.35602894270252
STU_012597,69.76987227178287
STU_012598,72.46789470275118
STU_012599,69.28655370399596
STU_012600,72.65045971542476
STU_012601,75.67676729025514
STU_012602,67.00125459760841
STU_012603,86.05148176547485
STU_012604,80.38772372798428
STU_012605,81.9102095714404
STU_012606,69.6793058220928
STU_012607,60.287429000689926
STU_012608,81.0230293162712
STU_012609,57.18129140433132
STU_012610,72.5662230512557
STU_012611,67.929426334788
STU_012612,62.44546697545349
STU_012613,92.0604499806334
STU_012614,78.04639407299526
STU_012615,75.6818677487147
STU_012616,83.48213404118292
STU_012617,63.965634223800166
STU_012618,86.1092313926964
STU_012619,84.63239756242537
STU_012620,79.19935256169533
STU_012621,90.39633868684116
STU_012622,91.23667437401346
STU_012623,93.42796319392033
STU_012624,84.7236695062789
STU_012625,88.0012265727959
STU_012626,88.47169421375015
STU_012627,85.28107710519991
STU_012628,69.77962592589988
STU_012629,79.39554168491645
STU_012630,74.40545419667242
STU_012631,70.91991839217268
STU_012632,62.690566266462525
STU_012633,71.52682378656533
STU_012634,89.99627341691136
STU_012635,75.79302249705803
STU_012636,71.53558199311573
STU_012637,79.36856017370552
STU_012638,83.53383330269638
STU_012639,94.30784596932278
STU_012640,82.2277763437725
STU_012641,72.06636790905006
STU_012642,67.73168403792229
STU_012643,81.51114652951657
STU_012644,82.72022102356144
STU_012645,54.01144934637364
STU_012646,85.63956274640543
STU_012647,78.40535929024361
STU_012648,67.57771948072025
STU_012649,77.73053100662851
STU_012650,76.8769309329231
STU_012651,74.61619642382126
STU_012652,99.02057842185613
STU_012653,92.3949301065613
STU_012654,81.45868998071523
STU_012655,73.22026156899462
STU_012656,83.55134936770898
STU_012657,93.2840783392397
STU_012658,84.02426092948753
STU_012659,81.87346975388792
STU_012660,77.16229158904736
STU_012661,90.31343150648337
STU_012662,88.86498757480916
STU_012663,70.03795382232877
STU_012664,54.49914226026602
STU_012665,92.23040909590125
STU_012666,60.09837366416711
STU_012667,76.90416982276605
STU_012668,73.20185588426371
STU_012669,63.88672972959608
STU_012670,61.99774135237573
STU_012671,68.15262126854066
STU_012672,57.107705892768806
STU_012673,58.19461823055993
STU_012674,60.25458243280529
STU_012675,71.28381063300758
STU_012676,92.82260172256115
STU_012677,60.16492800327447
STU_012678,71.60233206493432
STU_012679,77.53204823620565
STU_012680,72.20562068461365
STU_012681,75.71928912831315
STU_012682,88.48633626455903
STU_012683,82.12953051959128
STU_012684,83.17752855495283
STU_012685,94.83641763219902
STU_012686,72.9348651423961
STU_012687,80.28821727015246
STU_012688,84.07771418209418
STU_012689,70.34896663190172
STU_012690,67.5079083345511
STU_012691,74.37344616020569
STU_012692,77.37743871373276
STU_012693,78.77535004686641
STU_012694,58.49076339788845
STU_012695,71.46303134865732
STU_012696,66.13711419860954
STU_012697,80.41559402804499
STU_012698,65.94881958473871
STU_012699,79.73859363482819
STU_012700,69.39313185978692
STU_012701,100.0
STU_012702,78.02402116428514
STU_012703,70.28886759958284
STU_012704,73.05810465727048
STU_012705,64.80329442151607
STU_012706,71.62104200047526
STU_012707,96.78997530555769
STU_012708,53.926078791990776
STU_012709,69.79565597099165
STU_012710,95.37234141995665
STU_012711,67.54135619208523
STU_012712,69.32421010181746
STU_012713,61.53491309159391
STU_012714,89.11126139755999
STU_012715,75.27532173316104
STU_012716,78.95555892895688
STU_012717,70.77627030088722
STU_012718,83.42541751055367
STU_012719,59.98541010471463
STU_012720,79.43198083450359
STU_012721,79.62279841864043
STU_012722,51.85910095828231
STU_012723,80.19220998137436
STU_012724,90.32515378936588
STU_012725,59.56308938735774
STU_012726,53.78481224824815
STU_012727,64.134798334942
STU_012728,84.7709071174383
STU_012729,66.17575963088268
STU_012730,86.25395347613055
STU_012731,95.86217219817274
STU_012732,84.00989312429022
STU_012733,55.86135336418269
STU_012734,83.77689370991123
STU_012735,62.29725226189919
STU_012736,100.0
STU_012737,70.97662041175224
STU_012738,78.32089738057624
STU_012739,83.75397780609912
STU_012740,90.17667860467554
STU_012741,49.24810063819186
STU_012742,67.1815047004585
STU_012743,77.69283601439683
STU_012744,83.71989300971278
STU_012745,57.65342141797783
STU_012746,83.87932310971306
STU_012747,63.8556084436305
STU_012748,89.53928693476433
STU_012749,85.11178917538575
STU_012750,69.62163114797534
STU_012751,53.614408183446315
STU_012752,73.91334562434007
STU_012753,61.92165054057618
STU_012754,60.003474227899865
STU_012755,89.5443798050475
STU_012756,60.48212047158123
STU_012757,48.810348164161354
STU_012758,86.7381259182084
STU_012759,60.27753770579535
STU_012760,74.14185789947065
STU_012761,62.338384892649294
STU_012762,86.92748248901829
STU_012763,97.20816198744319
STU_012764,95.35633277963063
STU_012765,89.063135378391
STU_012766,62.24868030559858
STU_012767,94.16615179962166
STU_012768,86.88953709059312
STU_012769,74.31418021768238
STU_012770,53.983886402386176
STU_012771,56.82395636514511
STU_012772,97.80797479016758
STU_012773,66.5718349837702
STU_012774,71.31197811248292
STU_012775,66.64082009263822
STU_012776,75.05356562175788
STU_012777,49.28359097147225
STU_012778,69.20857858089049
STU_012779,71.54203786403208
STU_012780,73.71998766121096
STU_012781,89.87653893032177
STU_012782,54.751528924765
STU_012783,97.3408702668797
STU_012784,48.948563753198385
STU_012785,73.01183236387229
STU_012786,52.74052112575549
STU_012787,68.45985434697062
STU_012788,93.13451683344053
STU_012789,76.19285563333774
STU_012790,95.90457704588923
STU_012791,76.9423239548835
STU_012792,71.38837220590463
STU_012793,91.32924879354715
STU_012794,77.727507361993
STU_012795,93.51062835620172
STU_012796,73.67890992982181
STU_012797,64.50011432749103
STU_012798,97.85191489149355
STU_012799,87.46320829132816
STU_012800,54.91598357962906
STU_012801,68.58959229378085
STU_012802,73.43287657954397
STU_012803,91.3171869579103
STU_012804,58.63941637443283
STU_012805,70.77686480628338
STU_012806,79.9906909035063
STU_012807,67.8575789134587
STU_012808,85.37573501653641
STU_012809,82.65501088034392
STU_012810,85.30997549726229
STU_012811,77.28352127623998
STU_012812,72.26234516718729
STU_012813,79.57714011406833
STU_012814,67.12465347012808
STU_012815,66.23439606813223
STU_012816,83.94517384953618
STU_012817,71.081719780614
STU_012818,86.34307986857785
STU_012819,57.48035160731574
STU_012820,84.26744235374342
STU_012821,74.3775853092017
STU_012822,84.57155200149383
STU_012823,79.04456560613292
STU_012824,81.7088937315281
STU_012825,58.260058653616966
STU_012826,84.43566658846693
STU_012827,61.2131611149603
STU_012828,92.31349124540787
STU_012829,73.17532601570777
STU_012830,71.31972583313087
STU_012831,69.78600209659328
STU_012832,94.41865311637508
STU_012833,84.7481953288865
STU_012834,76.39090911012444
STU_012835,75.1091857922882
STU_012836,84.6049427047092
STU_012837,65.75590732431849
STU_012838,65.20308023266402
STU_012839,65.38691346590312
STU_012840,89.71013377223582
STU_012841,69.96319221487683
STU_012842,72.61758845444393
STU_012843,82.39118198141158
STU_012844,77.18874660388089
STU_012845,65.23152995708396
STU_012846,73.32265698894396
STU_012847,75.59362375444006
STU_012848,75.47120863817719
STU_012849,86.70730345100543
STU_012850,80.82542826667093
STU_012851,83.71135932067092
STU_012852,89.96250606327577
STU_012853,62.136953981537445
STU_012854,80.87932302702657
STU_012855,84.2269171891218
STU_012856,71.50579133964703
STU_012857,97.31798959608454
STU_012858,85.9941802059652
STU_012859,60.89808837639113
STU_012860,84.95415699394648
STU_012861,69.70043565030709
STU_012862,73.3453656954506
STU_012863,93.31220500107655
STU_012864,78.1191605812219
STU_012865,67.36839625840312
STU_012866,76.32178340047525
STU_012867,87.71323238434235
STU_012868,85.9227362246589
STU_012869,66.76498899697825
STU_012870,81.06015460709851
STU_012871,83.04474095025599
STU_012872,87.97007194595575
STU_012873,63.31778178991078
STU_012874,75.13100256580448
STU_012875,73.41845819619836
STU_012876,45.9387057914562
STU_012877,82.27934725679427
STU_012878,98.85646927346193
STU_012879,83.38995742279485
STU_012880,86.32262581346293
STU_012881,95.85517127486145
STU_012882,91.2330676188002
STU_012883,66.22677347505788
STU_012884,84.90793566332528
STU_012885,76.59841732032426
STU_012886,56.73706086961425
STU_012887,77.90520632893706
STU_012888,70.52833128126422
STU_012889,72.01043807692632
STU_012890,70.22075034859765
STU_012891,71.31128249935148
STU_012892,71.57425043798307
STU_012893,87.55543737569828
STU_012894,71.955643942448
STU_012895,89.11965045929985
STU_012896,75.75844618611264
STU_012897,76.98159336464762
STU_012898,93.61844868026193
STU_012899,85.85270224513775
STU_012900,85.1769458281842
STU_012901,74.29497099017766
STU_012902,87.05105865330987
STU_012903,65.32131806128258
STU_012904,82.91819120800935
STU_012905,64.2062478030614
STU_012906,96.98113961279456
STU_012907,52.40385112831382
STU_012908,86.0002500775665
STU_012909,72.26440680559533
STU_012910,34.27021249041932
STU_012911,82.71226357958562
STU_012912,51.93473302285521
STU_012913,67.18122984777145
STU_012914,74.23834897993572
STU_012915,58.42533292115165
STU_012916,63.784672440681604
STU_012917,86.45187762935367
STU_012918,58.79391790249384
STU_012919,98.1636872584154
STU_012920,76.70806977297146
STU_012921,62.617243207718175
STU_012922,75.61139569335582
STU_012923,62.29988999098418
STU_012924,77.4798472007838
STU_012925,77.10123696814864
STU_012926,63.893098808963664
STU_012927,85.9580298414438
STU_012928,65.07862696421016
STU_012929,63.56539270901354
STU_012930,67.71734624651694
STU_012931,89.90321351774327
STU_012932,68.206042583706
STU_012933,70.76062044680106
STU_012934,66.95893786002888
STU_012935,67.35767056199587
STU_012936,70.35145783471046
STU_012937,72.32259221955216
STU_012938,96.589082035941
STU_012939,45.50654642953974
STU_012940,73.54021433264428
STU_012941,61.3575360470911
STU_012942,78.57746499301847
STU_012943,71.69487772441937
STU_012944,79.0589754944082
STU_012945,92.78053884538795
STU_012946,58.35931420854925
STU_012947,73.96881194908289
STU_012948,88.34398213767966
STU_012949,95.48862046669917
STU_012950,80.90204659838815
STU_012951,84.30829023081708
STU_012952,71.93759981805438
STU_012953,81.91352370382725
STU_012954,80.30817180678531
STU_012955,87.14332983887769
STU_012956,71.33107629622877
STU_012957,69.43767744273181
STU_012958,75.47403748642616
STU_012959,79.34510779623892
STU_012960,76.98658047206703
STU_012961,80.37226073232995
STU_012962,60.342389289165325
STU_012963,65.39372778957929
STU_012964,90.89144904779208
STU_012965,77.49017055395481
STU_012966,74.69429156416835
STU_012967,64.34532310252169
STU_012968,76.50836783035207
STU_012969,78.98759530165073
STU_012970,55.73171262573602
STU_012971,79.05982839003377
STU_012972,78.77817064424286
STU_012973,53.22297899206447
STU_012974,61.39930522309306
STU_012975,58.478000422695445
STU_012976,84.17173048795519
STU_012977,76.98281093344927
STU_012978,91.70978775927932
STU_012979,70.74882531172452
STU_012980,69.38919550592614
STU_012981,88.24491858138038
STU_012982,70.19392302851226
STU_012983,99.37232195724933
STU_012984,55.591587060273596
STU_012985,64.48530802856125
STU_012986,64.37088125948979
STU_012987,51.782930482174784
STU_012988,82.1774474211246
STU_012989,94.44630732641451
STU_012990,64.30464127992234
STU_012991,70.33389316335426
STU_012992,57.071767182707205
STU_012993,100.0
STU_012994,78.99649468249329
STU_012995,63.89472970269104
STU_012996,59.738838495899984
STU_012997,87.2378411821262
STU_012998,82.48916796618984
STU_012999,91.96490170659867
STU_013000,92.37002214144339
STU_013001,98.39375311823582
STU_013002,90.72935794060938
STU_013003,80.18822496615238
STU_013004,83.84402058299203
STU_013005,78.61361431873239
STU_013006,78.68286144850278
STU_013007,78.57357149055721
STU_013008,88.10663376537717
STU_013009,81.96053672248456
STU_013010,76.48580310625023
STU_013011,57.77378358514437
STU_013012,54.56159805180907
STU_013013,93.9180562104012
STU_013014,87.88404372869084
STU_013015,81.77914857137145
STU_013016,62.249648161569056
STU_013017,86.51960600307018
STU_013018,78.0732261002902
STU_013019,85.03644135162725
STU_013020,55.59509033910181
STU_013021,71.68700395918884
STU_013022,99.12917342940997
STU_013023,77.20837560727733
STU_013024,89.21686048866079
STU_013025,71.6592286559561
STU_013026,70.40032974172208
STU_013027,74.89116267396528
STU_013028,80.89847465450407
STU_013029,74.35338288109577
STU_013030,74.93692679075116
STU_013031,65.86785766635326
STU_013032,100.0
STU_013033,72.37361458138885
STU_013034,98.10572639587838
STU_013035,87.40706764851238
STU_013036,58.8537254012332
STU_013037,85.33277696255377
STU_013038,77.00744926141796
STU_013039,87.28794432044586
STU_013040,95.1623146167502
STU_013041,76.75762777554019
STU_013042,60.569710768100165
STU_013043,91.74648196507815
STU_013044,64.72768657229635
STU_013045,88.4969936253928
STU_013046,63.91287633895308
STU_013047,70.59379614115292
STU_013048,93.81779220528226
STU_013049,80.25443745397699
STU_013050,81.41763509486623
STU_013051,92.23612611942025
STU_013052,70.56329077575094
STU_013053,74.32755044022193
STU_013054,69.83585463560063
STU_013055,86.87429448916207
STU_013056,76.77363636819163
STU_013057,53.090663890195955
STU_013058,55.9759943276291
STU_013059,82.85700375619385
STU_013060,65.27046689258995
STU_013061,59.72481980842216
STU_013062,99.32324779548178
STU_013063,85.3467832228639
STU_013064,64.9866131456555
STU_013065,55.39952211184743
STU_013066,98.75360447943727
STU_013067,80.70198998321743
STU_013068,92.25922788747353
STU_013069,99.51438266928781
STU_013070,65.30560619382032
STU_013071,81.79653825520927
STU_013072,87.84731330340165
STU_013073,70.87899505356162
STU_013074,75.19377793131599
STU_013075,51.959085072099654
STU_013076,80.81433723929138
STU_013077,93.3242315627131
STU_013078,78.6643618176513
STU_013079,86.94019533070056
STU_013080,74.48828045264419
STU_013081,75.97011451462133
STU_013082,59.237972291593685
STU_013083,59.594963127050846
STU_013084,72.69922834657261
STU_013085,77.90028485259815
STU_013086,76.57378135230715
STU_013087,62.71603685490907
STU_013088,78.92103231526545
STU_013089,65.90563825951769
STU_013090,95.93874975231441
STU_013091,65.43813418887376
STU_013092,68.42722230872063
STU_013093,85.76443259545525
STU_013094,90.96468811963723
STU_013095,71.71697020859169
STU_013096,76.9690291599295
STU_013097,82.4303126632186
STU_013098,85.56350449176115
STU_013099,63.82363966810216
STU_013100,73.25980256665194
STU_013101,82.53341836735409
STU_013102,92.61664147169199
STU_013103,72.35837297490794
STU_013104,83.21596599344586
STU_013105,65.25693299050339
STU_013106,86.80461601879247
STU_013107,57.269866902233055
STU_013108,91.25988816006239
STU_013109,90.58481576328967
STU_013110,60.00386059829219
STU_013111,100.0
STU_013112,100.0
STU_013113,75.64894329837438
STU_013114,68.50028092557633
STU_013115,79.5288115032705
STU_013116,61.59784927948062
STU_013117,63.38534265930687
STU_013118,71.45760764956137
STU_013119,84.91085554620338
STU_013120,69.99976413119724
STU_013121,88.1606250493684
STU_013122,77.42301564126771
STU_013123,90.46174971353747
STU_013124,96.31783764760999
STU_013125,88.6773127094865
STU_013126,69.26975238105496
STU_013127,71.55072060080865
STU_013128,86.75469868549301
STU_013129,78.23066380110677
STU_013130,97.80588776539014
STU_013131,50.4296309313522
STU_013132,78.11637176424975
STU_013133,93.91688619933535
STU_013134,68.06481237225988
STU_013135,63.488921665509785
STU_013136,64.37704074275761
STU_013137,77.46402229805958
STU_013138,68.05446488488104
STU_013139,76.61942373987763
STU_013140,100.0
STU_013141,77.51896683363931
STU_013142,56.728620523605386
STU_013143,72.63249080364939
STU_013144,65.46604035137932
STU_013145,58.94075306794561
STU_013146,54.200347095203966
STU_013147,80.17529282511342
STU_013148,70.81004417515193
STU_013149,83.02964300937309
STU_013150,81.09992951753357
STU_013151,79.73051701793175
STU_013152,89.83084535285406
STU_013153,75.91870521025619
STU_013154,74.46414996071114
STU_013155,96.00527549927592
STU_013156,80.04462014861122
STU_013157,77.46932404228099
STU_013158,82.5384907019927
STU_013159,82.22067791636934
STU_013160,67.60619376862941
STU_013161,64.07257920742444
STU_013162,62.397730215131396
STU_013163,86.83360867255661
STU_013164,69.68815559743712
STU_013165,70.39013408299517
STU_013166,48.41895052329236
STU_013167,88.64424916710021
STU_013168,74.86360476966792
STU_013169,76.71980493615297
STU_013170,77.83168987359798
STU_013171,81.62678117756157
STU_013172,67.56564472252585
STU_013173,89.05939959792823
STU_013174,69.00636569970948
STU_013175,56.761716753901
STU_013176,93.50266827820101
STU_013177,65.31219609074867
STU_013178,83.6050103602089
STU_013179,73.78254557476501
STU_013180,88.16611103339287
STU_013181,86.0914541742593
STU_013182,69.58605619537948
STU_013183,81.77759385548691
STU_013184,74.9826263027821
STU_013185,71.95764097372486
STU_013186,60.0352778437003
STU_013187,65.63826549690596
STU_013188,92.12565092659347
STU_013189,99.47895745244404
STU_013190,84.75167802071356
STU_013191,97.69577401999305
STU_013192,85.22814353955238
STU_013193,87.03866290240926
STU_013194,94.80890812957054
STU_013195,89.90909193274642
STU_013196,79.59889614461815
STU_013197,54.728673409092934
STU_013198,70.66008998078135
STU_013199,79.48147312440716
STU_013200,55.102738113707424
STU_013201,85.34606735119888
STU_013202,61.614132266430076
STU_013203,70.28433589570136
STU_013204,62.09288423256482
STU_013205,79.01445871461937
STU_013206,68.65134356809195
STU_013207,69.58687056439821
STU_013208,72.33296856236348
STU_013209,78.111768026316
STU_013210,58.262187686156835
STU_013211,75.40796745183135
STU_013212,59.56864756981553
STU_013213,69.1047047712012
STU_013214,88.86548216875795
STU_013215,50.688199618128564
STU_013216,100.0
STU_013217,92.37651500649629
STU_013218,68.90408637861675
STU_013219,82.52463625101242
STU_013220,95.29764283013034
STU_013221,58.383972826601614
STU_013222,60.891894287019255
STU_013223,83.12990912750203
STU_013224,71.1809360009784
STU_013225,50.48774633117384
STU_013226,78.62098581231646
STU_013227,84.03220328462078
STU_013228,69.21548903342425
STU_013229,62.377249112633066
STU_013230,72.78342533251683
STU_013231,69.81239118420775
STU_013232,69.12700397828382
STU_013233,93.97574752691885
STU_013234,68.63483838115476
STU_013235,68.69643828913169
STU_013236,91.52485646808802
STU_013237,64.75305112851002
STU_013238,77.56396480279304
STU_013239,75.74756037732965
STU_013240,59.894246031716555
STU_013241,69.77924343115161
STU_013242,71.98121884084529
STU_013243,59.874941162465596
STU_013244,73.97156551182502
STU_013245,68.27131062546191
STU_013246,64.44843935570456
STU_013247,98.48922727055363
STU_013248,93.32326526765567
STU_013249,47.991575716498474
STU_013250,72.07904831794076
STU_013251,82.32721829473246
STU_013252,87.58166608082527
STU_013253,68.05783864033697
STU_013254,92.97184003099457
STU_013255,79.97815714499885
STU_013256,73.54443979252098
STU_013257,82.6495402045242
STU_013258,64.91698605084257
STU_013259,57.6183358297652
STU_013260,69.44432429681699
STU_013261,70.42284094762618
STU_013262,61.13266988206571
STU_013263,63.314040162570045
STU_013264,89.4483719779235
STU_013265,75.9885485284118
STU_013266,71.04454427840197
STU_013267,70.36209701537412
STU_013268,62.93085471929646
STU_013269,80.94543289389881
STU_013270,93.36593850408647
STU_013271,66.25881930220008
STU_013272,83.93516249344447
STU_013273,65.76842581006869
STU_013274,77.41074238413316
STU_013275,62.99852612574934
STU_013276,60.34233789714147
STU_013277,65.14253249661022
STU_013278,63.9175095657361
STU_013279,56.15236658665166
STU_013280,87.71321541935178
STU_013281,93.29724387028713
STU_013282,89.57361757147063
STU_013283,76.3169236541621
STU_013284,78.0821574577115
STU_013285,73.72373084564035
STU_013286,66.68607076971861
STU_013287,93.61247312397992
STU_013288,83.81435735241915
STU_013289,92.93252430972672
STU_013290,83.77611359006454
STU_013291,89.49777620963843
STU_013292,76.16607156776764
STU_013293,77.64801707895491
STU_013294,87.66298313038409
STU_013295,75.7362589901578
STU_013296,77.88541411760765
STU_013297,79.12848717273062
STU_013298,56.67320938162576
STU_013299,86.19643404528605
STU_013300,76.0592796788382
STU_013301,87.54273730541102
STU_013302,84.18006053919277
STU_013303,88.69821453435206
STU_013304,85.14590986078686
STU_013305,71.96304403594901
STU_013306,63.76955316400371
STU_013307,79.90374605399343
STU_013308,96.21471196837796
STU_013309,71.52525543737079
STU_013310,55.650081758919214
STU_013311,88.16524807714325
STU_013312,53.236263042597095
STU_013313,66.5294527372729
STU_013314,60.339490635483756
STU_013315,65.3196303609414
STU_013316,79.49591915457052
STU_013317,76.07531961064956
STU_013318,56.177626681221135
STU_013319,70.72153580580894
STU_013320,83.49035644079937
STU_013321,79.76269833611471
STU_013322,97.82959181988478
STU_013323,97.33751415802125
STU_013324,78.05857237896838
STU_013325,79.88555406755304
STU_013326,71.41893309706637
STU_013327,74.42073579624844
STU_013328,66.99008553026673
STU_013329,81.70635875020922
STU_013330,65.34926015736026
STU_013331,67.5856571431803
STU_013332,68.93372115811604
STU_013333,57.99250165073336
STU_013334,71.92506956709734
STU_013335,65.40674051639928
STU_013336,81.35214183396323
STU_013337,58.98211680935458
STU_013338,63.64982813879623
STU_013339,71.18985568816082
STU_013340,92.35735399854815
STU_013341,72.50601777274372
STU_013342,81.10052242879075
STU_013343,69.41213496230861
STU_013344,74.76315102984371
STU_013345,72.10595480316756
STU_013346,92.38488021267572
STU_013347,80.46492604122659
STU_013348,86.6082769291731
STU_013349,98.17418048056041
STU_013350,61.41381718239038
STU_013351,82.95447633453574
STU_013352,69.74202503587907
STU_013353,64.22191364067142
STU_013354,63.46258203122407
STU_013355,90.52625065289267
STU_013356,63.63719619565089
STU_013357,66.47489254880107
STU_013358,72.29671448058045
STU_013359,78.387975436523
STU_013360,74.1176870681262
STU_013361,71.61794278823064
STU_013362,82.76482839241194
STU_013363,76.4025614230672
STU_013364,67.375683268197
STU_013365,85.5039807703779
STU_013366,96.31658174918984
STU_013367,84.17908597880296
STU_013368,84.75065916938202
STU_013369,55.833731412386385
STU_013370,83.55438806659603
STU_013371,76.96863075081983
STU_013372,74.85644844393282
STU_013373,76.18362647541608
STU_013374,88.49212668142349
STU_013375,92.83468644921376
STU_013376,45.57641939143012
STU_013377,83.27416982078945
STU_013378,62.40822595982882
STU_013379,77.74120331840153
STU_013380,85.25796002874324
STU_013381,95.98158587347405
STU_013382,99.52648230341536
STU_013383,62.957654171834875
STU_013384,59.382934154904234
STU_013385,66.911236055648
STU_013386,94.42795854930256
STU_013387,59.62600423687081
STU_013388,84.70759018410492
STU_013389,65.02901683967245
STU_013390,68.1071775527159
STU_013391,87.77443446632893
STU_013392,96.66203517133366
STU_013393,68.67036614157234
STU_013394,100.0
STU_013395,63.30825119648232
STU_013396,68.76842136819585
STU_013397,100.0
STU_013398,91.14327918283173
STU_013399,60.7922961873226
STU_013400,67.46448290164716
STU_013401,100.0
STU_013402,80.29297746369569
STU_013403,96.38383272177994
STU_013404,65.48933971720417
STU_013405,77.93031652934046
STU_013406,99.72956205031232
STU_013407,70.96167991020484
STU_013408,68.90399122208754
STU_013409,60.46543243667683
STU_013410,75.33177676226573
STU_013411,63.39942689978652
STU_013412,64.97523551058775
STU_013413,73.68182565867204
STU_013414,89.61391786668584
STU_013415,75.52590814521206
STU_013416,55.14538869148134
STU_013417,73.04328533238481
STU_013418,52.18005144472348
STU_013419,63.41613742366749
STU_013420,96.24019128837267
STU_013421,100.0
STU_013422,89.94757478601491
STU_013423,57.04946549032814
STU_013424,97.98613789304869
STU_013425,81.80120969690275
STU_013426,55.65517371575653
STU_013427,67.85777401773913
STU_013428,76.56496327936415
STU_013429,92.9826417586063
STU_013430,67.99951574868663
STU_013431,62.41825410470935
STU_013432,77.35979989557471
STU_013433,94.32158565939869
STU_013434,88.93348346392662
STU_013435,94.37332594013003
STU_013436,70.01669919481492
STU_013437,70.31025782115772
STU_013438,80.68151601089002
STU_013439,89.47100371320836
STU_013440,76.05224499625427
STU_013441,97.11873275298468
STU_013442,96.15659698672893
STU_013443,67.51614609053173
STU_013444,78.36508732043158
STU_013445,78.49922498804611
STU_013446,87.89566364233669
STU_013447,85.57861299892386
STU_013448,79.21135593191555
STU_013449,81.98032589348134
STU_013450,91.29302116340281
STU_013451,68.85917472076405
STU_013452,74.92547061967952
STU_013453,82.2451651767554
STU_013454,73.5868718695342
STU_013455,95.18654838306236
STU_013456,69.1512594843972
STU_013457,67.60886957649662
STU_013458,70.59345722583954
STU_013459,58.881503948174995
STU_013460,60.31295865388222
STU_013461,71.64077415963655
STU_013462,60.13252289734724
STU_013463,85.0741000586442
STU_013464,57.09424006076138
STU_013465,61.75918633205314
STU_013466,85.89598380187378
STU_013467,62.69237625051922
STU_013468,92.86953649063362
STU_013469,80.63016275830046
STU_013470,89.94462514998794
STU_013471,81.47524262202042
STU_013472,82.56240093529853
STU_013473,66.72341028092849
STU_013474,76.96376901762137
STU_013475,86.89450553957496
STU_013476,79.47455980117512
STU_013477,66.81835910515098
STU_013478,78.672642381686
STU_013479,71.20972601101134
STU_013480,84.72170381426307
STU_013481,79.5230745816736
STU_013482,80.98254061531806
STU_013483,79.32256840179753
STU_013484,88.95148033074133
STU_013485,94.52439742769201
STU_013486,52.51168970368124
STU_013487,76.64780078269918
STU_013488,79.85752091641652
STU_013489,77.621425401539
STU_013490,75.15226904352018
STU_013491,86.36502434474794
STU_013492,79.74088145187442
STU_013493,65.3248181909689
STU_013494,77.91339843420133
STU_013495,84.33265218117094
STU_013496,86.58735667657203
STU_013497,53.511898463684574
STU_013498,73.18288514596512
STU_013499,83.42972207927001
STU_013500,65.37149929247887
STU_013501,85.14634289453683
STU_013502,81.45485962376097
STU_013503,71.80494038850664
STU_013504,88.50144602112168
STU_013505,73.78056297324373
STU_013506,91.31754871283228
STU_013507,65.79704676748565
STU_013508,72.55460462198245
STU_013509,81.50982377701337
STU_013510,67.90780617371286
STU_013511,80.63130903727291
STU_013512,60.62563782489242
STU_013513,51.26115062010315
STU_013514,84.87824733739885
STU_013515,71.36723734178742
STU_013516,100.0
STU_013517,82.47461688588704
STU_013518,75.54168423879781
STU_013519,98.78505613499462
STU_013520,72.18600524554127
STU_013521,66.9600454390239
STU_013522,67.38083553384733
STU_013523,96.75280989254736
STU_013524,80.31508100002677
STU_013525,72.45488007799331
STU_013526,76.74329573318902
STU_013527,68.27588993837487
STU_013528,55.40368853809815
STU_013529,95.31272478744538
STU_013530,68.45261399556394
STU_013531,93.58373878383884
STU_013532,59.55655266943004
STU_013533,76.24666430621747
STU_013534,87.95075412636908
STU_013535,95.66705423765126
STU_013536,84.99777957523617
STU_013537,77.33546468838205
STU_013538,92.03548152743458
STU_013539,68.60062606926806
STU_013540,100.0
STU_013541,62.66519473959632
STU_013542,86.74397540464156
STU_013543,72.20666205852541
STU_013544,73.77127409872129
STU_013545,88.06815693059322
STU_013546,93.73404900285061
STU_013547,98.18072094968704
STU_013548,82.63151239794217
STU_013549,60.27466512765526
STU_013550,79.05898756119984
STU_013551,70.56315712694573
STU_013552,85.90877052763967
STU_013553,71.91643621887106
STU_013554,75.30442016979738
STU_013555,63.86640419471327
STU_013556,86.43105415408246
STU_013557,71.46951887640978
STU_013558,67.01602514586658
STU_013559,87.78607630109218
STU_013560,55.111420447571675
STU_013561,70.93044081257304
STU_013562,91.2413698212093
STU_013563,87.75716375277489
STU_013564,56.553034935662964
STU_013565,79.62557303118513
STU_013566,71.69642940342987
STU_013567,92.06791355107013
STU_013568,74.74338517565515
STU_013569,74.15337050939304
STU_013570,73.41197001382925
STU_013571,75.32348161901812
STU_013572,60.9549165593706
STU_013573,65.86349002372648
STU_013574,76.38094876557808
STU_013575,57.62880855989993
STU_013576,73.2007705578853
STU_013577,63.75099429845472
STU_013578,69.7241751892567
STU_013579,73.8967532568295
STU_013580,84.98740696887413
STU_013581,57.32345968832061
STU_013582,72.84845992472074
STU_013583,70.08209438486354
STU_013584,75.37794645919512
STU_013585,65.23271470808753
STU_013586,64.37289870702106
STU_013587,95.85377088298715
STU_013588,70.84778115659412
STU_013589,77.06844361996939
STU_013590,82.9932617801749
STU_013591,86.95280226924854
STU_013592,97.73889307854643
STU_013593,94.91520071621125
STU_013594,69.12980124048033
STU_013595,64.96165284817334
STU_013596,85.55669528283283
STU_013597,66.823650768598
STU_013598,79.86895363848615
STU_013599,72.49707342839105
STU_013600,95.84595815969874
STU_013601,68.36526496284522
STU_013602,66.79741898314234
STU_013603,90.15689776838977
STU_013604,64.632594559845
STU_013605,91.1836303294181
STU_013606,67.82233167129657
STU_013607,44.275709375407466
STU_013608,77.11188825400342
STU_013609,80.68148893205262
STU_013610,92.80942058607914
STU_013611,92.87830320755216
STU_013612,64.3263281029516
STU_013613,78.34039911825444
STU_013614,55.466122719951265
STU_013615,77.09174135779723
STU_013616,82.03182754094473
STU_013617,65.69904397768958
STU_013618,61.43169274268368
STU_013619,67.45764416740705
STU_013620,72.1601045995148
STU_013621,72.58322648587978
STU_013622,63.66557555358992
STU_013623,52.35139679547454
STU_013624,53.21660620669852
STU_013625,81.66308399359097
STU_013626,74.62078560983264
STU_013627,80.05944290988734
STU_013628,96.18037450116314
STU_013629,78.83424048504132
STU_013630,64.06012267161846
STU_013631,65.91411566325596
STU_013632,56.88368216537969
STU_013633,89.56337302811548
STU_013634,66.42802337086907
STU_013635,94.0714079982601
STU_013636,72.15913463640256
STU_013637,81.5946833930181
STU_013638,77.10367563959484
STU_013639,68.31236658843807
STU_013640,81.06359040571365
STU_013641,88.32701248652204
STU_013642,73.46905515182573
STU_013643,82.96629199358014
STU_013644,61.95033376030181
STU_013645,73.28765833135662
STU_013646,87.26751611995589
STU_013647,79.8032937314427
STU_013648,92.12268352382276
STU_013649,72.76749521938369
STU_013650,93.27878221592809
STU_013651,72.78451889148822
STU_013652,66.24024311408986
STU_013653,82.97744040098749
STU_013654,78.41995079475214
STU_013655,78.06413285670826
STU_013656,95.77199378898054
STU_013657,65.86559970241291
STU_013658,85.9579741144392
STU_013659,69.56249932700689
STU_013660,68.79660736259076
STU_013661,78.57202904917408
STU_013662,83.40186498454588
STU_013663,77.81872470794559
STU_013664,91.99708516948564
STU_013665,78.31813831204047
STU_013666,82.14295362259213
STU_013667,59.192491718888604
STU_013668,92.05387994759637
STU_013669,62.42208305811306
STU_013670,83.97290510737893
STU_013671,99.90540572214141
STU_013672,70.17872848424729
STU_013673,93.677433918373
STU_013674,77.46392468569871
STU_013675,59.69160978894177
STU_013676,73.97072125656982
STU_013677,80.63288845753102
STU_013678,73.85537174822247
STU_013679,69.71979674513702
STU_013680,57.75921441277334
STU_013681,96.84246777301749
STU_013682,44.787860430392755
STU_013683,59.668427195908265
STU_013684,72.2986797605528
STU_013685,83.79277855410521
STU_013686,87.20755371540044
STU_013687,73.67152839852788
STU_013688,66.6446043483491
STU_013689,98.39238773584177
STU_013690,89.46433604383539
STU_013691,67.53323891105386
STU_013692,60.61349178956522
STU_013693,83.88005308440293
STU_013694,75.81216361836213
STU_013695,72.38410408608404
STU_013696,98.53727214827717
STU_013697,70.68518413895289
STU_013698,65.17317528081159
STU_013699,71.4805547086264
STU_013700,81.74734904852316
STU_013701,84.15705125505414
STU_013702,91.73768997090394
STU_013703,69.25770671221763
STU_013704,79.42777524810681
STU_013705,83.93880182991703
STU_013706,62.802555040323966
STU_013707,63.74393034156814
STU_013708,54.06672963220238
STU_013709,89.49688950743034
STU_013710,79.84495897348211
STU_013711,96.8336976560233
STU_013712,77.03146346752222
STU_013713,66.1314115559769
STU_013714,71.46425383837789
STU_013715,96.26122079528301
STU_013716,70.79873526848036
STU_013717,55.617402281701914
STU_013718,86.1391112283712
STU_013719,71.81138225982822
STU_013720,49.38377297001746
STU_013721,57.873630035199554
STU_013722,77.6013915742792
STU_013723,81.67400206056823
STU_013724,92.38931635516536
STU_013725,65.22100014121573
STU_013726,63.851928972933976
STU_013727,60.50950645564909
STU_013728,92.87316590261516
STU_013729,87.18112163394775
STU_013730,79.59528492315094
STU_013731,84.78894234621654
STU_013732,80.02692319958665
STU_013733,84.24006227869879
STU_013734,60.92838069955049
STU_013735,78.91509516645725
STU_013736,96.69919361010379
STU_013737,87.35120706373604
STU_013738,72.35331839480784
STU_013739,73.2047681333191
STU_013740,79.46396340225776
STU_013741,78.11224610723784
STU_013742,92.27992889401527
STU_013743,93.30807489365961
STU_013744,60.96593884928562
STU_013745,90.3814037745853
STU_013746,87.8651042338746
STU_013747,93.18072776015312
STU_013748,75.03043769783245
STU_013749,95.91650225470681
STU_013750,73.19544973249454
STU_013751,73.39421619610124
STU_013752,80.06603673339158
STU_013753,83.80287397048895
STU_013754,72.1588147435333
STU_013755,70.22316707269961
STU_013756,67.38924837264688
STU_013757,99.23392815300417
STU_013758,97.19922859230257
STU_013759,59.41946546720131
STU_013760,61.19538733291553
STU_013761,90.02711850074708
STU_013762,70.72117118842756
STU_013763,76.64818143748259
STU_013764,65.06090021148586
STU_013765,60.317957552581866
STU_013766,83.14422736447283
STU_013767,85.49686399562914
STU_013768,71.33084044955837
STU_013769,56.619909091376215
STU_013770,86.20775934396848
STU_013771,95.74259624841977
STU_013772,69.67935570057102
STU_013773,70.21320850737175
STU_013774,75.39864447287012
STU_013775,76.00309190753666
STU_013776,59.33255326371345
STU_013777,73.54171483765309
STU_013778,88.18423630520257
STU_013779,97.77726949356858
STU_013780,70.30718078626239
STU_013781,59.54859341132928
STU_013782,76.04698925447184
STU_013783,88.33594142018367
STU_013784,78.49489837230794
STU_013785,67.91741531932337
STU_013786,76.41191957382848
STU_013787,94.38999336683725
STU_013788,57.73425484140546
STU_013789,89.32837390287935
STU_013790,66.4356425722548
STU_013791,81.80980975193293
STU_013792,100.0
STU_013793,71.78150766610733
STU_013794,80.9809307191824
STU_013795,78.74502060928371
STU_013796,70.93091246365472
STU_013797,88.29078794439317
STU_013798,58.688523433540375
STU_013799,81.23089248663311
STU_013800,82.60063529175423
STU_013801,98.65663576757613
STU_013802,83.81499830380366
STU_013803,75.04533593095428
STU_013804,72.67653196952853
STU_013805,95.51347382217533
STU_013806,73.96422050453472
STU_013807,70.2726222814226
STU_013808,75.31434253289808
STU_013809,78.7927319285497
STU_013810,82.26473081692916
STU_013811,69.73217904540549
STU_013812,77.90928824949496
STU_013813,73.14771347145091
STU_013814,64.04304231618461
STU_013815,80.48445515418898
STU_013816,70.37132065971764
STU_013817,81.17556980220388
STU_013818,53.114413088204486
STU_013819,78.90559702072693
STU_013820,75.61087245412362
STU_013821,71.67731724322559
STU_013822,97.07087251302626
STU_013823,93.8266226873246
STU_013824,72.27919620942055
STU_013825,61.87673858112811
STU_013826,81.21757508070723
STU_013827,80.69426738995611
STU_013828,86.15064280580417
STU_013829,79.14185168633628
STU_013830,84.90848657899
STU_013831,81.47877229772975
STU_013832,90.39687476729307
STU_013833,82.82361848119433
STU_013834,68.9945920047681
STU_013835,84.10822652885503
STU_013836,64.01575874582308
STU_013837,91.33227990275039
STU_013838,54.64707450889102
STU_013839,60.57944806061214
STU_013840,64.87031798129749
STU_013841,98.66296243712459
STU_013842,84.22659407028615
STU_013843,77.01377289603937
STU_013844,72.14637117655352
STU_013845,91.6610493291352
STU_013846,88.09906878968546
STU_013847,42.589989602314176
STU_013848,100.0
STU_013849,60.849654758227516
STU_013850,73.19628951835445
STU_013851,65.73575326591269
STU_013852,82.73838118127107
STU_013853,64.15857037046213
STU_013854,84.59007944813516
STU_013855,74.16262986644489
STU_013856,56.36041407722141
STU_013857,79.34564768801265
STU_013858,86.84853556351307
STU_013859,81.56436954518152
STU_013860,74.38968341939152
STU_013861,69.25580447533696
STU_013862,82.12100509237209
STU_013863,81.26329205783922
STU_013864,70.3290271455032
STU_013865,91.99278029693272
STU_013866,53.56865095896636
STU_013867,73.97339166166205
STU_013868,94.90547006962615
STU_013869,70.59084491703352
STU_013870,47.42493957868983
STU_013871,74.42541544451855
STU_013872,98.1567360089947
STU_013873,72.06531363832758
STU_013874,60.7262016164084
STU_013875,65.03079135126387
STU_013876,73.83469658710503
STU_013877,57.74609887306738
STU_013878,65.07386166415804
STU_013879,61.85736740363912
STU_013880,94.57198361503877
STU_013881,70.897964710429
STU_013882,81.13590205826172
STU_013883,70.54798627987502
STU_013884,80.23286671229808
STU_013885,91.20168898938346
STU_013886,85.70264069358905
STU_013887,74.95758090210244
STU_013888,80.80053625439797
STU_013889,79.27719303050137
STU_013890,94.69044164482088
STU_013891,89.31677363461603
STU_013892,76.07326303721888
STU_013893,60.88809155438845
STU_013894,97.44334992077846
STU_013895,54.45944522294859
STU_013896,92.72377534665046
STU_013897,79.31535127123286
STU_013898,83.25098088746617
STU_013899,85.85953375236664
STU_013900,67.185706119174
STU_013901,74.65407659603288
STU_013902,72.75690062905396
STU_013903,69.79697779654273
STU_013904,68.01172892735791
STU_013905,87.5291828661961
STU_013906,78.0681302281234
STU_013907,62.762698759210345
STU_013908,67.86925194304713
STU_013909,87.45439787409742
STU_013910,57.631171633522996
STU_013911,82.95733252713947
STU_013912,80.87532229159272
STU_013913,69.50229536201734
STU_013914,63.16862324085787
STU_013915,68.83998687876176
STU_013916,95.28039669010302
STU_013917,53.77159703158162
STU_013918,50.73864550915518
STU_013919,76.78219084018028
STU_013920,79.71698926062487
STU_013921,59.71373491390392
STU_013922,93.66785398577532
STU_013923,91.09048805727109
STU_013924,85.34049254187761
STU_013925,67.4316768091396
STU_013926,82.37553722998801
STU_013927,96.58628598454253
STU_013928,43.94007828070363
STU_013929,61.47841598483023
STU_013930,69.79069462305826
STU_013931,63.72896565902075
STU_013932,65.86235102671041
STU_013933,54.467334422735114
STU_013934,66.96873716060198
STU_013935,76.72789223219134
STU_013936,89.93006176749981
STU_013937,84.46021890815
STU_013938,76.21710057478785
STU_013939,66.25345292261908
STU_013940,66.62601193929339
STU_013941,68.54327974232456
STU_013942,100.0
STU_013943,65.6896493192224
STU_013944,89.36925553994169
STU_013945,80.71154206236164
STU_013946,96.91096676883109
STU_013947,80.83572960626853
STU_013948,79.02198520464023
STU_013949,49.68242038445963
STU_013950,85.89580013861698
STU_013951,56.46300613548512
STU_013952,96.10855366993492
STU_013953,63.894353294110594
STU_013954,50.45394832879095
STU_013955,65.68188679298312
STU_013956,78.354003053631
STU_013957,79.48411111738044
STU_013958,72.06687798267252
STU_013959,70.99933832817396
STU_013960,79.85064630535926
STU_013961,68.81402591731329
STU_013962,64.5255686341083
STU_013963,66.27876226903106
STU_013964,73.67365784847213
STU_013965,63.42947979542045
STU_013966,69.93422623231613
STU_013967,72.53914700729834
STU_013968,92.77609830754056
STU_013969,53.18440879610206
STU_013970,90.21646673176532
STU_013971,64.54095838452754
STU_013972,73.56341323864338
STU_013973,73.8248577435947
STU_013974,94.23000257111764
STU_013975,85.15701861154437
STU_013976,69.25881414375115
STU_013977,84.01493985924266
STU_013978,94.10374183464563
STU_013979,88.6282618220827
STU_013980,78.43726429979142
STU_013981,76.39804264498308
STU_013982,69.56439861192281
STU_013983,79.0010177080199
STU_013984,68.49252622570307
STU_013985,85.67200496816022
STU_013986,66.63883866172566
STU_013987,91.52061933630763
STU_013988,73.8502958650239
STU_013989,64.95421838613478
STU_013990,68.4674153507471
STU_013991,79.01553772770532
STU_013992,79.86390261969994
STU_013993,77.94184410968893
STU_013994,74.62224308884402
STU_013995,58.18079200747107
STU_013996,75.44726394969457
STU_013997,91.961700153175
STU_013998,63.41808786561029
STU_013999,75.7362745069773
STU_014000,76.47180111514952
STU_014001,64.53828855765425
STU_014002,62.80475505480225
STU_014003,71.69652605943885
STU_014004,58.2254063157925
STU_014005,66.9084694694565
STU_014006,67.40427555669794
STU_014007,82.41553068216862
STU_014008,59.83504823225221
STU_014009,97.77641140171025
STU_014010,73.66766648119737
STU_014011,78.50037491575284
STU_014012,94.07890247810954
STU_014013,51.977801794722275
STU_014014,85.68789209034537
STU_014015,85.13958730130716
STU_014016,67.1098544528599
STU_014017,78.1910206929415
STU_014018,76.67792067704359
STU_014019,87.54524878782921
STU_014020,82.84700751427798
STU_014021,91.45586845442116
STU_014022,73.2763594792742
STU_014023,67.06194226867974
STU_014024,74.31071972087092
STU_014025,79.7591713329856
STU_014026,72.12856483256515
STU_014027,100.0
STU_014028,82.13553242982823
STU_014029,77.05400327016383
STU_014030,81.21714862009657
STU_014031,72.07996323759359
STU_014032,69.98936684763554
STU_014033,74.84189031306613
STU_014034,89.24390011076738
STU_014035,92.58149570836628
STU_014036,56.07490714708483
STU_014037,51.501996873984105
STU_014038,82.97215360133595
STU_014039,86.88298550116389
STU_014040,70.77207776340873
STU_014041,75.59204759521359
STU_014042,68.75552573676458
STU_014043,69.27044173830924
STU_014044,100.0
STU_014045,79.51153893081737
STU_014046,67.73906696489321
STU_014047,89.28977049773454
STU_014048,63.199394823112286
STU_014049,84.4508002218226
STU_014050,75.77380638926836
STU_014051,74.57280523488329
STU_014052,80.70935064488745
STU_014053,89.9501232760243
STU_014054,88.3660945403537
STU_014055,100.0
STU_014056,77.6000651798158
STU_014057,64.61233321030414
STU_014058,75.9480950275255
STU_014059,57.70812337781584
STU_014060,76.10152168875165
STU_014061,70.82714394809705
STU_014062,88.49563257563507
STU_014063,70.99809668699694
STU_014064,64.01894307854002
STU_014065,61.29527298076386
STU_014066,45.68146884209238
STU_014067,94.18325515407102
STU_014068,70.40540878063408
STU_014069,77.2621770813458
STU_014070,75.55711022938213
STU_014071,41.55068207086805
STU_014072,74.25033828105012
STU_014073,79.20384488565429
STU_014074,73.27914279023321
STU_014075,73.04727340267544
STU_014076,64.31436685361398
STU_014077,55.93931716163659
STU_014078,57.504730699676145
STU_014079,80.25016223647582
STU_014080,87.45381069448932
STU_014081,99.82969303857783
STU_014082,84.65670397700555
STU_014083,61.04004778829153
STU_014084,76.3542154968491
STU_014085,98.46251484573584
STU_014086,56.693488974404715
STU_014087,69.65999361062435
STU_014088,72.25185909071975
STU_014089,69.7357805821445
STU_014090,68.01331950628077
STU_014091,90.01348792664697
STU_014092,71.54747191160021
STU_014093,72.85457809227789
STU_014094,61.401977202957085
STU_014095,83.31015886621441
STU_014096,84.97484523516002
STU_014097,91.27874541984738
STU_014098,69.75749357313725
STU_014099,73.04725832060284
STU_014100,64.17729113243142
STU_014101,75.51129182016966
STU_014102,81.97227648803104
STU_014103,72.50809282501199
STU_014104,96.10569284081605
STU_014105,42.7538613840172
STU_014106,68.36236172952039
STU_014107,87.8921513039441
STU_014108,81.9997918047915
STU_014109,78.55766066644509
STU_014110,87.73557054672598
STU_014111,89.72808280828835
STU_014112,63.4922371814673
STU_014113,58.91379649756968
STU_014114,64.22670245518303
STU_014115,76.60219324594313
STU_014116,98.95500150689108
STU_014117,68.014868554867
STU_014118,95.91227983341187
STU_014119,68.22104411996298
STU_014120,67.96599177794481
STU_014121,62.488934728732616
STU_014122,58.90660299349353
STU_014123,60.14434215014991
STU_014124,58.711647448928105
STU_014125,85.5671613214121
STU_014126,64.45052403236792
STU_014127,70.02182788429344
STU_014128,58.70065248330546
STU_014129,87.30123831674965
STU_014130,80.6000209539736
STU_014131,86.6191611034204
STU_014132,78.93561464241785
STU_014133,71.74457151959098
STU_014134,44.63355328939199
STU_014135,75.9227354719288
STU_014136,72.19253462452755
STU_014137,96.7371278309638
STU_014138,56.25634973291656
STU_014139,73.97300660172958
STU_014140,76.07365242236645
STU_014141,88.72221230026918
STU_014142,76.94633986074135
STU_014143,76.82677403158753
STU_014144,97.7359793256118
STU_014145,71.4261541389028
STU_014146,95.05834669750362
STU_014147,79.96947473075173
STU_014148,90.21598606651425
STU_014149,80.7695444806152
STU_014150,63.932433823015565
STU_014151,96.76772640661162
STU_014152,90.77200109515388
STU_014153,59.353405214844734
STU_014154,76.4642978881644
STU_014155,70.98705137024818
STU_014156,93.59387555463408
STU_014157,81.08691429130292
STU_014158,79.46293459931384
STU_014159,81.04951719257143
STU_014160,93.63561694641702
STU_014161,81.3372890336743
STU_014162,93.82957758397951
STU_014163,77.26237608640474
STU_014164,57.54056633135224
STU_014165,95.93910272915178
STU_014166,70.82725694148547
STU_014167,80.20040662701643
STU_014168,63.27917848384031
STU_014169,56.92347689915908
STU_014170,82.42624615617774
STU_014171,86.39906832150838
STU_014172,83.69180332631313
STU_014173,67.55740250233829
STU_014174,81.71266934078133
STU_014175,81.63481016025523
STU_014176,68.36910363728647
STU_014177,70.76709649229699
STU_014178,76.00475796491806
STU_014179,88.5953744806913
STU_014180,81.79583033391691
STU_014181,79.16523702432062
STU_014182,93.2236354211565
STU_014183,66.85128215359418
STU_014184,85.21677601845944
STU_014185,78.84708222232365
STU_014186,92.54951680228248
STU_014187,94.82188710728084
STU_014188,72.92561460272131
STU_014189,65.44486493807698
STU_014190,69.770277227332
STU_014191,68.0387800876088
STU_014192,62.22859897961408
STU_014193,85.9244019372662
STU_014194,71.61423479711294
STU_014195,63.89046684590623
STU_014196,82.82839984230515
STU_014197,64.03571898262987
STU_014198,70.9603066365057
STU_014199,60.94143082045381
STU_014200,75.40304002407979
STU_014201,81.0086940061446
STU_014202,82.91183060984412
STU_014203,63.61615927311319
STU_014204,88.37715552968552
STU_014205,68.85478132707581
STU_014206,73.72979542695448
STU_014207,73.5535217016178
STU_014208,70.2949663379299
STU_014209,69.16246072486499
STU_014210,92.2820099523685
STU_014211,77.89955482376124
STU_014212,99.35899611844488
STU_014213,75.81380042046122
STU_014214,65.18969595634827
STU_014215,69.01604094824529
STU_014216,72.59181079660483
STU_014217,83.07709283428159
STU_014218,100.0
STU_014219,67.18261696878857
STU_014220,73.40812267317438
STU_014221,81.36716305098957
STU_014222,80.42934482481665
STU_014223,88.5960427484968
STU_014224,95.62929530630593
STU_014225,76.42278754258547
STU_014226,58.21829294444104
STU_014227,73.43971845821997
STU_014228,60.59421399833535
STU_014229,90.86959128643076
STU_014230,90.33765879433223
STU_014231,78.65917581588953
STU_014232,78.13702827697315
STU_014233,56.10928101301781
STU_014234,100.0
STU_014235,77.97489506093864
STU_014236,71.86110356401664
STU_014237,84.71226245246844
STU_014238,49.16356015232793
STU_014239,90.14515027489512
STU_014240,69.59396849167719
STU_014241,82.15723788619951
STU_014242,90.26654779481164
STU_014243,62.235966898541335
STU_014244,78.97188829953825
STU_014245,80.78269850685103
STU_014246,76.58887535732795
STU_014247,65.93990185796456
STU_014248,89.79476429004278
STU_014249,78.13366419642276
STU_014250,81.87642236822282
STU_014251,77.7059696857148
STU_014252,67.09935311347756
STU_014253,89.99698506763667
STU_014254,72.31829422509425
STU_014255,96.84020791352519
STU_014256,69.90234045956079
STU_014257,74.51793492540035
STU_014258,87.68930099986396
STU_014259,65.9751405201951
STU_014260,83.44172247096103
STU_014261,85.3440394940222
STU_014262,78.0593716241045
STU_014263,61.247511671411324
STU_014264,89.44560903392917
STU_014265,67.67521602513624
STU_014266,81.12034530341194
STU_014267,93.71410583657311
STU_014268,90.32392557809021
STU_014269,72.33935482019726
STU_014270,74.81815808102829
STU_014271,66.79158386235915
STU_014272,69.72413154548163
STU_014273,68.5126771014849
STU_014274,65.36213216367402
STU_014275,83.11156829946921
STU_014276,66.39587141691736
STU_014277,88.73896577583787
STU_014278,60.59217716200443
STU_014279,94.43777709909554
STU_014280,55.304288066340234
STU_014281,89.33897250190925
STU_014282,68.89152125431596
STU_014283,59.32788736159989
STU_014284,81.76861755937206
STU_014285,93.65690709907753
STU_014286,66.83844448210334
STU_014287,79.92600233271135
STU_014288,50.83535353204972
STU_014289,75.8914120928995
STU_014290,75.8953934676844
STU_014291,70.41506546634565
STU_014292,76.97780352372358
STU_014293,72.51578861755631
STU_014294,63.0901345022722
STU_014295,71.31474984676929
STU_014296,63.736037767172554
STU_014297,59.2713621747273
STU_014298,75.3009912937179
STU_014299,78.264325623401
STU_014300,89.34894306904032
STU_014301,57.456362963073445
STU_014302,100.0
STU_014303,93.1827072766626
STU_014304,61.12376499142489
STU_014305,80.14362372338152
STU_014306,74.61761982890681
STU_014307,98.44926988722037
STU_014308,70.89513588959896
STU_014309,92.90999473313161
STU_014310,71.40247427528243
STU_014311,99.49863340275844
STU_014312,79.4937204091678
STU_014313,72.43720569355702
STU_014314,64.90165194854703
STU_014315,77.96669888274808
STU_014316,74.7618934011393
STU_014317,69.75377561342565
STU_014318,76.74842057026405
STU_014319,63.1129347752931
STU_014320,76.30293660467096
STU_014321,64.40367005756357
STU_014322,91.67377215781032
STU_014323,86.34312431038457
STU_014324,84.12848625015363
STU_014325,80.98454996049391
STU_014326,84.02731506294211
STU_014327,70.38408616047788
STU_014328,53.64014472854557
STU_014329,93.2548533653566
STU_014330,54.99421832555151
STU_014331,64.30501521409137
STU_014332,58.77218067814515
STU_014333,61.22943253261582
STU_014334,91.69567349892165
STU_014335,81.05764988759921
STU_014336,90.90375483316751
STU_014337,83.71896370714727
STU_014338,65.72459826524677
STU_014339,68.63667016964898
STU_014340,59.02541495955042
STU_014341,91.6381753640826
STU_014342,58.400480980142426
STU_014343,67.54272476547082
STU_014344,48.56758117339228
STU_014345,76.92729282374371
STU_014346,86.71200226585913
STU_014347,67.36771881441548
STU_014348,73.14057322237525
STU_014349,66.51347726720279
STU_014350,70.86603169794836
STU_014351,74.17402107264218
STU_014352,89.68976577940977
STU_014353,92.75235256672929
STU_014354,88.68185912056207
STU_014355,61.83155082427098
STU_014356,48.48909883623618
STU_014357,84.01438091812368
STU_014358,59.61167168972794
STU_014359,76.00920216587983
STU_014360,58.127863371806214
STU_014361,70.68737838649594
STU_014362,98.369018128174
STU_014363,50.92636522301714
STU_014364,85.26164029212399
STU_014365,64.19209145185201
STU_014366,77.34831198396364
STU_014367,72.44407180903227
STU_014368,88.70282269778201
STU_014369,87.7939825469962
STU_014370,93.52068354164292
STU_014371,75.93296828241152
STU_014372,88.22342980185189
STU_014373,67.57703678890573
STU_014374,76.44170946402984
STU_014375,80.55046779521575
STU_014376,91.33504809766688
STU_014377,82.13135713071327
STU_014378,96.99717917050167
STU_014379,77.03444861483827
STU_014380,83.85546023678069
STU_014381,42.063004333674414
STU_014382,77.84454153204952
STU_014383,72.3347427545454
STU_014384,87.50547287705675
STU_014385,90.43343640017844
STU_014386,62.50821779895163
STU_014387,77.86113255409316
STU_014388,70.61272849019072
STU_014389,76.9961073388155
STU_014390,71.15344712491975
STU_014391,46.81280064792294
STU_014392,85.12121015339206
STU_014393,87.07036592155073
STU_014394,76.4684403106622
STU_014395,94.56003463929693
STU_014396,93.41365402575948
STU_014397,82.64992420695086
STU_014398,99.47665826218586
STU_014399,71.97147589475975
STU_014400,94.19173815549411
STU_014401,81.36625209128887
STU_014402,78.58293913232174
STU_014403,78.2374982717802
STU_014404,79.71958405243369
STU_014405,68.47922087703543
STU_014406,80.28886130741117
STU_014407,99.77481338754976
STU_014408,60.36641169201584
STU_014409,53.37542478605478
STU_014410,71.2380363754586
STU_014411,65.97455785988919
STU_014412,74.15301466957308
STU_014413,84.56852904038296
STU_014414,65.63724032226577
STU_014415,74.2987659107784
STU_014416,79.45918203337179
STU_014417,93.976725087122
STU_014418,89.44110339514404
STU_014419,56.4080507007858
STU_014420,91.39409424793504
STU_014421,93.51483546368102
STU_014422,72.11214583265016
STU_014423,93.69730295977404
STU_014424,80.9794040299428
STU_014425,98.95880387838113
STU_014426,69.48152519542597
STU_014427,85.22858771578123
STU_014428,95.61550105636172
STU_014429,92.57456018323661
STU_014430,55.576547853350164
STU_014431,57.832380382585015
STU_014432,67.2863107694601
STU_014433,58.51257918349468
STU_014434,76.4037408578649
STU_014435,93.90330287244836
STU_014436,59.24701038118789
STU_014437,69.97562508014893
STU_014438,73.82714844840535
STU_014439,84.64980186734921
STU_014440,49.469019571546326
STU_014441,64.87669801288041
STU_014442,75.41183555529506
STU_014443,54.13403466215057
STU_014444,54.35801001250523
STU_014445,70.2590024381605
STU_014446,67.75555975167528
STU_014447,93.02932786785315
STU_014448,64.13777633149112
STU_014449,53.08287560771646
STU_014450,70.78633036833895
STU_014451,87.73574565951634
STU_014452,91.02364449632127
STU_014453,100.0
STU_014454,90.5736246955078
STU_014455,85.2263589185723
STU_014456,83.38897013278147
STU_014457,63.659569450978545
STU_014458,66.63037929478072
STU_014459,76.3720895223968
STU_014460,99.65459041620227
STU_014461,88.42491167187072
STU_014462,85.50207391019616
STU_014463,81.2686189763813
STU_014464,73.67881258052766
STU_014465,87.99032174833343
STU_014466,71.25554421447991
STU_014467,73.98573574026392
STU_014468,71.72359541170327
STU_014469,87.00594261229351
STU_014470,75.01800837632662
STU_014471,80.81008865332198
STU_014472,66.75184305771216
STU_014473,72.12263122886925
STU_014474,87.82082072366086
STU_014475,63.05036063946386
STU_014476,68.08691811190482
STU_014477,90.0317518555796
STU_014478,84.60092125945016
STU_014479,96.73513772467797
STU_014480,75.76928081605239
STU_014481,89.4629462919854
STU_014482,51.654375328852495
STU_014483,93.84162451165905
STU_014484,50.96730900864627
STU_014485,74.19312918967073
STU_014486,90.61856290393044
STU_014487,83.25238340302937
STU_014488,73.74158327654084
STU_014489,51.14710180279569
STU_014490,86.32285281186316
STU_014491,81.94107549694328
STU_014492,81.47892212221677
STU_014493,63.612768479952805
STU_014494,84.77774858022026
STU_014495,72.77683605067145
STU_014496,73.68388533026263
STU_014497,67.62014004689789
STU_014498,85.93320662630586
STU_014499,79.69485620736448
STU_014500,66.48321239602035
STU_014501,66.987145419538
STU_014502,72.18022366300968
STU_014503,74.97347506707858
STU_014504,99.21646617586278
STU_014505,73.20983107842143
STU_014506,73.35720944534384
STU_014507,74.70383225792452
STU_014508,65.30715265865237
STU_014509,79.56274291008818
STU_014510,60.992442637247024
STU_014511,85.32686910445646
STU_014512,73.23178365455985
STU_014513,80.37519355519107
STU_014514,81.075400930527
STU_014515,72.78435653147122
STU_014516,81.35204507621025
STU_014517,80.44547395227043
STU_014518,74.76131908765342
STU_014519,59.96395239777575
STU_014520,75.70572523101151
STU_014521,93.03044910797635
STU_014522,66.98349718547773
STU_014523,92.41796766081045
STU_014524,91.41586213830033
STU_014525,70.58862534741351
STU_014526,81.03379935983092
STU_014527,47.63696410223808
STU_014528,65.96405546410661
STU_014529,87.91914532370545
STU_014530,66.7101165143187
STU_014531,73.99827065265256
STU_014532,93.19765575096982
STU_014533,100.0
STU_014534,95.44440505169035
STU_014535,93.02020436262914
STU_014536,82.52037520370118
STU_014537,78.59536238129625
STU_014538,63.882710983046636
STU_014539,62.37951802328995
STU_014540,55.25732811378386
STU_014541,84.07651324898045
STU_014542,58.371256310107036
STU_014543,86.4474225584072
STU_014544,67.87892212573753
STU_014545,60.14916514650682
STU_014546,57.82094071024062
STU_014547,62.930828300718886
STU_014548,92.01743991025464
STU_014549,95.01698248711938
STU_014550,82.32104923589037
STU_014551,71.94743500828034
STU_014552,70.09241716177127
STU_014553,82.3482230995318
STU_014554,76.66745711064411
STU_014555,69.74887010695215
STU_014556,94.95773818142942
STU_014557,76.95277859159592
STU_014558,65.53778648594887
STU_014559,85.11673972267602
STU_014560,95.09538953383813
STU_014561,74.49783566872804
STU_014562,70.56581916467837
STU_014563,76.91093661188938
STU_014564,94.75819667181952
STU_014565,64.72834037055134
STU_014566,87.2974778949842
STU_014567,67.08586415903694
STU_014568,65.77483198429182
STU_014569,77.45174923693561
STU_014570,57.51717253299249
STU_014571,68.55370313026623
STU_014572,70.76541020966769
STU_014573,78.35016337285398
STU_014574,64.64755229888972
STU_014575,60.61395745178375
STU_014576,70.5465781826262
STU_014577,60.02979467183924
STU_014578,61.1154712286525
STU_014579,80.05268279455726
STU_014580,87.45907276831743
STU_014581,90.21939971640134
STU_014582,81.78218622481737
STU_014583,70.80537445306156
STU_014584,84.48284850236448
STU_014585,77.09019571355728
STU_014586,88.98302918228573
STU_014587,59.25150511818852
STU_014588,80.31187654254848
STU_014589,61.35821696281357
STU_014590,68.20783252808485
STU_014591,85.95678742962235
STU_014592,74.14709738878183
STU_014593,93.02275699900015
STU_014594,95.43966111863328
STU_014595,53.63890990642748
STU_014596,100.0
STU_014597,69.06843498471882
STU_014598,63.35198477856632
STU_014599,80.46064140382322
STU_014600,60.66443578129163
STU_014601,80.16396769979748
STU_014602,90.96511645224172
STU_014603,50.62773396903502
STU_014604,87.3218687572298
STU_014605,97.78019098374011
STU_014606,61.51247438205554
STU_014607,76.55023056482241
STU_014608,60.688131946794876
STU_014609,82.34506682857929
STU_014610,78.0143940576416
STU_014611,77.18599636627007
STU_014612,59.620981575766194
STU_014613,68.89859965393323
STU_014614,88.24696403694833
STU_014615,75.23636942316081
STU_014616,96.07664146887677
STU_014617,64.10737384892151
STU_014618,87.97140890291513
STU_014619,80.56166236181036
STU_014620,85.78631006009732
STU_014621,60.278994759289674
STU_014622,94.6208833470325
STU_014623,72.85900512143273
STU_014624,84.49174938141331
STU_014625,73.0469962746116
STU_014626,92.2563096494572
STU_014627,67.02100412368554
STU_014628,55.75317677559419
STU_014629,80.70698163387492
STU_014630,72.7194421921202
STU_014631,61.422441842508505
STU_014632,72.4957263005661
STU_014633,71.80959135035744
STU_014634,93.4837885613619
STU_014635,61.20939734984184
STU_014636,46.2209116128285
STU_014637,87.05161101255725
STU_014638,68.78970088422996
STU_014639,77.97499115414112
STU_014640,71.65878835120076
STU_014641,61.12982862309141
STU_014642,95.15043537461732
STU_014643,57.63739504119086
STU_014644,92.76098947432854
STU_014645,75.34960263455932
STU_014646,89.25720417272336
STU_014647,88.04267118275257
STU_014648,69.37875853184774
STU_014649,92.96801358312337
STU_014650,68.47701940075339
STU_014651,65.70324832391657
STU_014652,88.91759569333742
STU_014653,79.26632314420513
STU_014654,87.76044063541269
STU_014655,51.127700853599784
STU_014656,72.32904188022769
STU_014657,56.654050135695826
STU_014658,77.80066050689334
STU_014659,75.14998509953722
STU_014660,68.93492722140334
STU_014661,56.699378904672145
STU_014662,71.11349041917501
STU_014663,75.93130767638979
STU_014664,57.393203561772445
STU_014665,75.64049444429732
STU_014666,89.50412358659194
STU_014667,80.51571100488323
STU_014668,59.45266191722895
STU_014669,79.92983021161545
STU_014670,97.98691165276637
STU_014671,77.67730012417658
STU_014672,86.63697495594744
STU_014673,93.93260083873083
STU_014674,94.71006940000021
STU_014675,85.4374812866677
STU_014676,77.22506964607207
STU_014677,64.2550017853899
STU_014678,69.46757226496433
STU_014679,61.87501932177898
STU_014680,49.507011951111394
STU_014681,89.17647965985462
STU_014682,49.199395605036486
STU_014683,66.71003002148882
STU_014684,62.63016143437349
STU_014685,68.63834118953692
STU_014686,79.16671823533378
STU_014687,85.7213070023008
STU_014688,95.2870649933743
STU_014689,67.22018635336192
STU_014690,63.73662512295545
STU_014691,87.5728977597156
STU_014692,91.75185507277259
STU_014693,71.35142484160491
STU_014694,77.46057301934383
STU_014695,100.0
STU_014696,50.15979731262198
STU_014697,72.11386488094517
STU_014698,92.17278156298764
STU_014699,67.69130259378313
STU_014700,87.1716182141079
STU_014701,68.31860237463256
STU_014702,87.61078891545682
STU_014703,80.31926607137163
STU_014704,94.88896616927258
STU_014705,80.80135513583654
STU_014706,86.03747434915758
STU_014707,92.25469215834818
STU_014708,96.63997267144109
STU_014709,76.88759489563287
STU_014710,52.599306220120376
STU_014711,72.302576428836
STU_014712,77.41710537929383
STU_014713,47.08905776547096
STU_014714,80.12204562323106
STU_014715,71.04297746532299
STU_014716,64.94892233060857
STU_014717,60.435105282744146
STU_014718,63.010829137748416
STU_014719,92.4431554831446
STU_014720,83.8849522244386
STU_014721,56.06770447631986
STU_014722,70.69052043401594
STU_014723,92.27316477325846
STU_014724,92.24762173936222
STU_014725,70.37925910934653
STU_014726,66.13935382460838
STU_014727,59.90202389974104
STU_014728,89.28812678145881
STU_014729,84.06986136884811
STU_014730,60.00345789904939
STU_014731,66.01862081191169
STU_014732,74.43669148337749
STU_014733,77.11659564047653
STU_014734,60.47977647120478
STU_014735,99.66849426089622
STU_014736,76.74394903085431
STU_014737,78.84355403421894
STU_014738,69.71937824725129
STU_014739,85.98151838739682
STU_014740,79.80883649495789
STU_014741,82.34324043156741
STU_014742,94.5903952175108
STU_014743,95.82735489141992
STU_014744,70.02563929010259
STU_014745,83.90477696140624
STU_014746,48.22422280564514
STU_014747,67.91871226400232
STU_014748,97.63931005717428
STU_014749,96.40633227692095
STU_014750,83.63910522514246
STU_014751,90.23123163880135
STU_014752,78.46127981454298
STU_014753,63.19566230028522
STU_014754,96.49600245184158
STU_014755,67.28215349721235
STU_014756,70.53474598649547
STU_014757,71.42133412891445
STU_014758,99.05968174462144
STU_014759,67.60859873684475
STU_014760,77.14898524720014
STU_014761,76.38297852523337
STU_014762,100.0
STU_014763,83.4509252923861
STU_014764,100.0
STU_014765,78.35654143813483
STU_014766,79.0792109320846
STU_014767,70.11416926923337
STU_014768,64.15533077849435
STU_014769,93.84317572924938
STU_014770,76.78828816581114
STU_014771,72.3672295937112
STU_014772,73.47830392826292
STU_014773,85.08088123509248
STU_014774,92.87179962874335
STU_014775,79.68724426161862
STU_014776,78.52067404816947
STU_014777,79.20464083525427
STU_014778,82.2559958498596
STU_014779,80.66415077983524
STU_014780,60.72092433845955
STU_014781,88.80657333658276
STU_014782,87.88012823414154
STU_014783,93.57567325003984
STU_014784,95.15883705277751
STU_014785,82.90906402332482
STU_014786,81.52593385797019
STU_014787,75.63862683756841
STU_014788,92.93121589697573
STU_014789,76.32518662182589
STU_014790,80.20296040380003
STU_014791,71.96419564973118
STU_014792,58.57496599676919
STU_014793,66.33694706160333
STU_014794,62.61576647234211
STU_014795,76.76980674564108
STU_014796,75.08585438860163
STU_014797,75.33917830721552
STU_014798,87.86057910395468
STU_014799,90.29975704802112
STU_014800,83.1627854259006
STU_014801,89.4631577315674
STU_014802,58.55994471776114
STU_014803,86.25094176479706
STU_014804,79.99201219316242
STU_014805,71.76164678736282
STU_014806,75.05674357631457
STU_014807,67.41934361097
STU_014808,72.93779111329243
STU_014809,51.89150648193151
STU_014810,92.96378238076429
STU_014811,96.39089502703064
STU_014812,73.21173171475866
STU_014813,63.667547280060155
STU_014814,68.0886991615057
STU_014815,59.07148222736005
STU_014816,82.47994937218294
STU_014817,88.01288314113734
STU_014818,52.792642140498614
STU_014819,83.43344061291538
STU_014820,73.28679862834116
STU_014821,62.044201240332356
STU_014822,93.69272006000385
STU_014823,66.85225064512082
STU_014824,92.48740188501965
STU_014825,80.15156859914195
STU_014826,92.35639261346262
STU_014827,62.273890061961836
STU_014828,75.35782842601812
STU_014829,74.53722185475047
STU_014830,84.76667721128553
STU_014831,85.69123186053537
STU_014832,65.37022344915097
STU_014833,65.23919028970107
STU_014834,81.69337685737344
STU_014835,77.21697469332636
STU_014836,86.32605725082973
STU_014837,68.82385130754193
STU_014838,71.88705908022054
STU_014839,80.24860850328423
STU_014840,78.29774666676096
STU_014841,95.77473946828397
STU_014842,53.65695463022599
STU_014843,73.64326402231795
STU_014844,94.33341982675367
STU_014845,69.88500159256562
STU_014846,82.61707386902
STU_014847,80.57901134343878
STU_014848,58.89839288498098
STU_014849,58.25311177325416
STU_014850,72.49792653361197
STU_014851,82.95512768425162
STU_014852,85.20808007498216
STU_014853,63.78376763245336
STU_014854,63.21050993844925
STU_014855,76.9520221653097
STU_014856,70.40281660941592
STU_014857,77.75361567079096
STU_014858,65.9086743584689
STU_014859,85.70788317474396
STU_014860,48.89338122696678
STU_014861,87.89827217472381
STU_014862,95.27901221203507
STU_014863,69.35048447011869
STU_014864,80.76480626186094
STU_014865,71.70110986445788
STU_014866,72.43982077915
STU_014867,73.03349750098542
STU_014868,99.77814210020944
STU_014869,99.21526269054297
STU_014870,72.96438609023106
STU_014871,77.727703206524
STU_014872,82.42493385634977
STU_014873,67.38953201143568
STU_014874,73.56477713335535
STU_014875,83.98247446870306
STU_014876,55.62943676969881
STU_014877,68.48195615439906
STU_014878,63.633512077281196
STU_014879,80.33413084447584
STU_014880,82.90155805423788
STU_014881,80.79564611603183
STU_014882,66.41156564620105
STU_014883,80.00728576949514
STU_014884,68.79917157317271
STU_014885,82.87981347550048
STU_014886,65.40590999936877
STU_014887,78.02382142654429
STU_014888,87.24533085894441
STU_014889,73.02938413865131
STU_014890,93.71136540008419
STU_014891,74.06581166689848
STU_014892,86.11502297300365
STU_014893,66.88350173372253
STU_014894,76.98031422079049
STU_014895,60.23350678102375
STU_014896,74.72344672569568
STU_014897,78.72682779894943
STU_014898,83.01288817251091
STU_014899,57.110309300918104
STU_014900,99.76968092786703
STU_014901,82.67658249898898
STU_014902,81.65471011254293
STU_014903,90.28824168201066
STU_014904,82.77066797006222
STU_014905,92.49288525010346
STU_014906,78.33799822076493
STU_014907,55.732732333840445
STU_014908,78.1778714945929
STU_014909,81.19130275918997
STU_014910,72.26872980595888
STU_014911,92.1708519813503
STU_014912,80.00124475791573
STU_014913,73.69579759748217
STU_014914,49.93527650173969
STU_014915,57.63209844472513
STU_014916,71.47797817230723
STU_014917,94.96866174739816
STU_014918,85.35959044641757
STU_014919,53.70441907905632
STU_014920,91.87605049123007
STU_014921,65.54505366606487
STU_014922,57.000009888878566
STU_014923,69.73190461882217
STU_014924,83.9632074928904
STU_014925,97.93484244497816
STU_014926,83.57353823626167
STU_014927,74.5172035128458
STU_014928,62.37520313035865
STU_014929,82.8237020978585
STU_014930,81.97756463429933
STU_014931,88.6215685763911
STU_014932,58.00411291138886
STU_014933,80.81349865912652
STU_014934,69.2364153258953
STU_014935,77.44989894468019
STU_014936,81.2260653848624
STU_014937,78.82808749447325
STU_014938,98.78047227818845
STU_014939,72.6319955338171
STU_014940,91.5996547251442
STU_014941,67.70382432302505
STU_014942,91.23920441077559
STU_014943,65.38288778287132
STU_014944,73.23623504690417
STU_014945,63.349927718431
STU_014946,69.63002509537355
STU_014947,64.57564396177241
STU_014948,86.22599381387849
STU_014949,60.86503745622005
STU_014950,90.08884303140434
STU_014951,72.84475139854536
STU_014952,76.27126284786594
STU_014953,92.36680736394011
STU_014954,90.39849887975257
STU_014955,96.57058655446104
STU_014956,80.98078412759573
STU_014957,79.68909040176983
STU_014958,70.577871257297
STU_014959,54.44024519131288
STU_014960,93.84544653614074
STU_014961,87.20964930894831
STU_014962,52.3479086472163
STU_014963,77.97418268869798
STU_014964,89.87705683596958
STU_014965,80.07430403796519
STU_014966,68.09884131784591
STU_014967,51.58136739256811
STU_014968,92.62313638574847
STU_014969,73.99289447152678
STU_014970,70.60930477941085
STU_014971,69.11736376907713
STU_014972,90.58532512986888
STU_014973,75.9349287046755
STU_014974,69.35011287237822
STU_014975,64.80293134782065
STU_014976,87.1078100787465
STU_014977,83.47932615079094
STU_014978,87.39298827410312
STU_014979,92.80940560150746
STU_014980,63.32934665656807
STU_014981,96.21315516355882
STU_014982,65.77034208232021
STU_014983,87.56900592685132
STU_014984,61.336531472149076
STU_014985,66.53925513049123
STU_014986,48.79727325985486
STU_014987,90.37523113872405
STU_014988,63.96760080614922
STU_014989,100.0
STU_014990,82.89147332531178
STU_014991,97.23899968778134
STU_014992,75.3388700380053
STU_014993,62.37925648756849
STU_014994,89.56702530190977
STU_014995,88.02411066167078
STU_014996,71.14369167674639
STU_014997,79.92163581373157
STU_014998,81.15946269703599
STU_014999,94.8130569543174
STU_015000,71.04397072847036
STU_015001,56.35569137408841
STU_015002,65.71976296952813
STU_015003,62.18485875392413
STU_015004,62.92276665904933
STU_015005,58.65209471649064
STU_015006,65.61962306976032
STU_015007,85.29696034547703
STU_015008,74.88276981214165
STU_015009,83.21926656390397
STU_015010,74.60066220568115
STU_015011,53.197552721099356
STU_015012,96.64994281527913
STU_015013,64.80987517201982
STU_015014,59.68317675644854
STU_015015,87.30041684976857
STU_015016,84.45832391802914
STU_015017,89.01935430161525
STU_015018,76.35467223824676
STU_015019,87.5106846660268
STU_015020,62.889392028663124
STU_015021,75.24524183502899
STU_015022,64.92683162855135
STU_015023,76.49541248646968
STU_015024,69.05182308925205
STU_015025,78.56180759357319
STU_015026,72.52744510904321
STU_015027,86.09592795768626
STU_015028,74.18201321892472
STU_015029,76.15858974093902
STU_015030,93.10879461008886
STU_015031,74.65630944240914
STU_015032,69.80900413179876
STU_015033,77.40245802031522
STU_015034,67.83473554479382
STU_015035,75.74663591321773
STU_015036,70.66619871760663
STU_015037,80.22989647621836
STU_015038,91.46712933247
STU_015039,65.29266433646713
STU_015040,80.88724049998483
STU_015041,81.17218423578707
STU_015042,47.687947561198875
STU_015043,81.83732883336668
STU_015044,88.23489575206668
STU_015045,88.83066685785997
STU_015046,66.62345393376886
STU_015047,84.20515134347168
STU_015048,66.30024843128528
STU_015049,71.00161431577045
STU_015050,61.399036735693315
STU_015051,67.07787235174133
STU_015052,62.794308272549145
STU_015053,66.38442149270534
STU_015054,91.76127828100218
STU_015055,77.38750623171465
STU_015056,58.83305015896905
STU_015057,95.35908212480518
STU_015058,58.575750931536994
STU_015059,97.78629631202392
STU_015060,77.16611633445241
STU_015061,77.96242955960939
STU_015062,73.8327873021389
STU_015063,66.9639213939846
STU_015064,66.85251460671645
STU_015065,93.26677016175606
STU_015066,85.26561124883497
STU_015067,75.3300924275182
STU_015068,64.65292148745975
STU_015069,74.86475255410937
STU_015070,74.52558161146516
STU_015071,79.01874556395761
STU_015072,100.0
STU_015073,71.59933892064296
STU_015074,69.40767303365354
STU_015075,94.20509649307527
STU_015076,72.51702756828983
STU_015077,65.30988079110215
STU_015078,68.68463012673726
STU_015079,100.0
STU_015080,64.39192597803054
STU_015081,97.72562322114464
STU_015082,63.5419187920738
STU_015083,82.90923823908533
STU_015084,66.14576161568603
STU_015085,77.71729062735302
STU_015086,70.8011384280889
STU_015087,58.778951815507334
STU_015088,91.9225676115741
STU_015089,69.03536328829972
STU_015090,84.471962092264
STU_015091,75.99402756321312
STU_015092,75.68085214497688
STU_015093,93.08049246425155
STU_015094,72.17668797278483
STU_015095,73.65631980958709
STU_015096,90.28403106135353
STU_015097,78.58686674186039
STU_015098,71.4997440721599
STU_015099,56.058115517586984
STU_015100,84.88119273065277
STU_015101,77.88526345251516
STU_015102,79.6571871761981
STU_015103,97.69349487339733
STU_015104,76.00448829593645
STU_015105,94.23954374099092
STU_015106,73.26843449609498
STU_015107,71.20204170715235
STU_015108,76.549103382485
STU_015109,75.13307945859471
STU_015110,81.9904691136521
STU_015111,59.658762791135565
STU_015112,76.30333063355202
STU_015113,71.85521867127272
STU_015114,87.67499258841329
STU_015115,63.28099718963563
STU_015116,87.53040734353924
STU_015117,67.29095799714608
STU_015118,57.354733016170854
STU_015119,82.30993881045862
STU_015120,87.6739222690739
STU_015121,62.64874475529411
STU_015122,100.0
STU_015123,66.6689736330434
STU_015124,89.22356763143534
STU_015125,76.3019887104407
STU_015126,66.37775819113119
STU_015127,91.91700946738564
STU_015128,79.98037988304597
STU_015129,65.54162552968556
STU_015130,72.3293519795214
STU_015131,83.90481486730994
STU_015132,90.0613131706775
STU_015133,93.20200833071522
STU_015134,85.61303214487774
STU_015135,88.6589293701001
STU_015136,75.6367645589856
STU_015137,76.37717343690252
STU_015138,71.32525019891679
STU_015139,85.6433244723915
STU_015140,93.57052032753667
STU_015141,64.85858802364699
STU_015142,77.6624319053074
STU_015143,94.65429453265645
STU_015144,84.45815374462134
STU_015145,66.96652428828473
STU_015146,93.76484891768129
STU_015147,79.08219186583896
STU_015148,70.72542129442587
STU_015149,65.7240409309873
STU_015150,46.22880299148154
STU_015151,57.974907776057464
STU_015152,75.75182776322882
STU_015153,58.05503992175425
STU_015154,81.11449992198611
STU_015155,85.45395597054463
STU_015156,73.72912787941408
STU_015157,56.48956931614053
STU_015158,92.66485823489961
STU_015159,53.821628127265384
STU_015160,89.59740123095304
STU_015161,63.92600872756895
STU_015162,71.92214477846605
STU_015163,81.98116697101578
STU_015164,40.4012007773864
STU_015165,85.83887155279291
STU_015166,98.203939832893
STU_015167,81.02706588479715
STU_015168,64.21866620899424
STU_015169,90.40839631739388
STU_015170,75.26627989878999
STU_015171,93.87656501258189
STU_015172,63.54185390819762
STU_015173,77.0666907104299
STU_015174,94.10164652210652
STU_015175,73.64524184157527
STU_015176,97.80705805493236
STU_015177,80.27275963385074
STU_015178,67.07331799164541
STU_015179,74.83350514622923
STU_015180,62.578996674372945
STU_015181,81.49367223801865
STU_015182,82.23558217165086
STU_015183,85.00740710007508
STU_015184,69.55948593322148
STU_015185,83.43859067922578
STU_015186,71.38805063251532
STU_015187,60.14077380345551
STU_015188,71.24391729980707
STU_015189,92.41705513327072
STU_015190,93.12814488259883
STU_015191,77.34328511815656
STU_015192,99.06066040102237
STU_015193,75.72241625773857
STU_015194,92.1280890566019
STU_015195,86.52404663728092
STU_015196,72.60657962459135
STU_015197,73.10292212880596
STU_015198,82.0165920285236
STU_015199,70.68125583587192
STU_015200,69.59788248132229
STU_015201,84.53036479451026
STU_015202,68.17984184371574
STU_015203,64.67665007291615
STU_015204,78.86752393310672
STU_015205,80.62830717033279
STU_015206,70.43312315009537
STU_015207,86.84033858325213
STU_015208,75.4808833489961
STU_015209,81.81228159281702
STU_015210,89.93379251613152
STU_015211,43.587522032802816
STU_015212,94.13173482732898
STU_015213,68.74784889334319
STU_015214,94.4482024564164
STU_015215,72.76910284299683
STU_015216,93.31894568005777
STU_015217,58.942668864919085
STU_015218,75.38408893642978
STU_015219,77.28915269741805
STU_015220,44.805333941098205
STU_015221,86.04973806757286
STU_015222,65.68166593196786
STU_015223,86.32032596981858
STU_015224,72.97868380313547
STU_015225,74.47813449215239
STU_015226,66.61493626083605
STU_015227,67.65466661397627
STU_015228,83.86668540249744
STU_015229,70.74846253882136
STU_015230,76.29484738407244
STU_015231,95.98999467637385
STU_015232,84.57374469745395
STU_015233,90.75856696725738
STU_015234,72.95991016253865
STU_015235,66.38511342242649
STU_015236,93.54047842201774
STU_015237,82.54298586077627
STU_015238,82.71784194785023
STU_015239,93.90344305414908
STU_015240,67.46125738724504
STU_015241,46.7608059783782
STU_015242,54.31281992218934
STU_015243,81.3303655721945
STU_015244,77.95099406637893
STU_015245,67.22422512221306
STU_015246,99.77132385289862
STU_015247,81.15248192513187
STU_015248,85.45669087632628
STU_015249,70.15414705779797
STU_015250,91.55423229918273
STU_015251,69.21801413215874
STU_015252,90.23407335890808
STU_015253,87.22225836905966
STU_015254,97.40071552793596
STU_015255,65.92324079828674
STU_015256,64.5973414225324
STU_015257,75.60949875263992
STU_015258,93.35159762888661
STU_015259,87.62305825181966
STU_015260,92.41285890070179
STU_015261,80.2178080316977
STU_015262,85.22508965567681
STU_015263,88.73430600165759
STU_015264,85.62353850024769
STU_015265,94.63901845266678
STU_015266,68.32056060222226
STU_015267,76.3456783856285
STU_015268,58.23346052558213
STU_015269,63.42616802342978
STU_015270,74.7523800847782
STU_015271,80.64503407027716
STU_015272,67.5517232745504
STU_015273,85.76235226339509
STU_015274,75.64610921058771
STU_015275,44.7429776735859
STU_015276,55.059138999161576
STU_015277,74.89768167774074
STU_015278,99.64287201800974
STU_015279,49.3156403807696
STU_015280,86.42538230418047
STU_015281,99.83403229516087
STU_015282,86.95780045836179
STU_015283,81.26106374857018
STU_015284,79.51481471542296
STU_015285,44.066448831654085
STU_015286,87.00395354448762
STU_015287,77.24934228519783
STU_015288,81.24056769600308
STU_015289,55.30809987043705
STU_015290,80.26046548091648
STU_015291,78.58418092954484
STU_015292,70.12865797117404
STU_015293,61.5178746155179
STU_015294,81.18410920010999
STU_015295,76.1903060475019
STU_015296,70.1483732914806
STU_015297,84.86051391061488
STU_015298,93.23023116947846
STU_015299,68.33644790091726
STU_015300,88.37040400960882
STU_015301,78.83903565373254
STU_015302,83.614762440603
STU_015303,66.96165507943513
STU_015304,57.91704218834573
STU_015305,64.10499786573169
STU_015306,82.9415601739403
STU_015307,97.90738108339825
STU_015308,62.4054761779775
STU_015309,73.13139166428476
STU_015310,79.91081717328554
STU_015311,66.84326273199544
STU_015312,80.177074551051
STU_015313,61.05075053197931
STU_015314,86.79130135611598
STU_015315,75.75322037679959
STU_015316,92.96076427997434
STU_015317,75.10637338401673
STU_015318,84.50460907160162
STU_015319,73.30820858379175
STU_015320,76.78901170640249
STU_015321,61.14651663509419
STU_015322,93.98991455057161
STU_015323,79.9047362523342
STU_015324,75.84512161324785
STU_015325,82.22128452014272
STU_015326,55.83204712115727
STU_015327,75.11515546250516
STU_015328,72.24311849688449
STU_015329,69.05908810175454
STU_015330,74.02640402395878
STU_015331,61.76427487889521
STU_015332,99.1027464937028
STU_015333,70.65810435567528
STU_015334,79.28079310987479
STU_015335,93.99477027940861
STU_015336,89.951062887601
STU_015337,69.97687362543732
STU_015338,67.44343248648876
STU_015339,62.406124555056216
STU_015340,92.65721858920537
STU_015341,80.09796486378072
STU_015342,98.77006188119927
STU_015343,86.17068220234353
STU_015344,99.26103018101782
STU_015345,98.02282997455424
STU_015346,81.16342830005141
STU_015347,90.4968709712426
STU_015348,76.62689638057682
STU_015349,81.31558723595595
STU_015350,88.04897386292895
STU_015351,100.0
STU_015352,84.86237824436446
STU_015353,78.80772242090968
STU_015354,61.32985313880618
STU_015355,59.89002265604496
STU_015356,70.69130232991567
STU_015357,73.65627049955175
STU_015358,79.71124160994242
STU_015359,85.62406664450441
STU_015360,86.07914454477529
STU_015361,83.7218464124924
STU_015362,74.83433337386751
STU_015363,81.57581322505794
STU_015364,87.70553584854737
STU_015365,78.40140151424099
STU_015366,95.19536195983127
STU_015367,85.87065242802973
STU_015368,76.80097508793962
STU_015369,95.76296231447148
STU_015370,92.78449599483986
STU_015371,58.468337472111784
STU_015372,62.82968286780895
STU_015373,83.98692111221348
STU_015374,87.98091503643839
STU_015375,71.64598464411475
STU_015376,74.11052589765579
STU_015377,89.59019050277507
STU_015378,73.25306405760595
STU_015379,94.64333129103127
STU_015380,91.42795035836494
STU_015381,89.54111009707538
STU_015382,84.77869477816516
STU_015383,61.01063017681318
STU_015384,78.25452443542939
STU_015385,65.42885558335583
STU_015386,77.45986981100049
STU_015387,64.13653517290194
STU_015388,77.93596456230517
STU_015389,98.11124176019008
STU_015390,47.86882068366383
STU_015391,83.26837672308804
STU_015392,90.69431768080688
STU_015393,91.42010132965464
STU_015394,76.81655148251014
STU_015395,83.80490683365728
STU_015396,75.00600181844732
STU_015397,97.46773775315853
STU_015398,69.52469466288147
STU_015399,95.78667058439655
STU_015400,90.48215524137701
STU_015401,88.70316551145031
STU_015402,75.51678948406027
STU_015403,58.43406637022453
STU_015404,82.44187475173423
STU_015405,84.08008328861848
STU_015406,82.32587767529711
STU_015407,83.00359297795612
STU_015408,34.910589739263614
STU_015409,74.10116781406295
STU_015410,66.10175271654673
STU_015411,75.46103566076269
STU_015412,69.18857587078219
STU_015413,78.17993201619221
STU_015414,72.8484975414676
STU_015415,68.5809555620784
STU_015416,87.05309187574095
STU_015417,60.15346755566262
STU_015418,83.71851230511623
STU_015419,59.861788877729914
STU_015420,69.21384079909848
STU_015421,91.52684764964313
STU_015422,79.89525852929668
STU_015423,86.46527583600624
STU_015424,99.5202858099372
STU_015425,90.02331393235937
STU_015426,64.87565700444907
STU_015427,57.37755802516574
STU_015428,77.00981342696467
STU_015429,77.69365690810955
STU_015430,41.50726197410925
STU_015431,64.8765817705602
STU_015432,81.42035948758586
STU_015433,71.77882950877421
STU_015434,66.13955329157059
STU_015435,65.08721313428026
STU_015436,79.6826672016872
STU_015437,75.74485137298402
STU_015438,88.95538870801082
STU_015439,75.05547885075586
STU_015440,79.73636651686469
STU_015441,68.46946624184801
STU_015442,86.06828832435114
STU_015443,63.94868590816978
STU_015444,73.81468806875193
STU_015445,68.36386269771458
STU_015446,69.73260678275474
STU_015447,50.937984411814135
STU_015448,48.19608126191529
STU_015449,72.9059334027669
STU_015450,85.09242959931962
STU_015451,77.57840573102283
STU_015452,83.65992707107183
STU_015453,94.07175878483132
STU_015454,82.75604267695172
STU_015455,55.627393061312816
STU_015456,78.03892030082183
STU_015457,68.973224235892
STU_015458,67.584246027657
STU_015459,50.94347934351959
STU_015460,100.0
STU_015461,97.02071952543147
STU_015462,74.19123764704017
STU_015463,82.40727700952773
STU_015464,60.038969140010934
STU_015465,51.38216916164178
STU_015466,90.85649302768722
STU_015467,90.75835588810442
STU_015468,57.14448946446227
STU_015469,63.11486022341701
STU_015470,90.6988522896969
STU_015471,74.09023241444326
STU_015472,90.578587054512
STU_015473,90.68385418189425
STU_015474,98.24446453936646
STU_015475,77.64091304632224
STU_015476,78.6822756474018
STU_015477,58.62888441250214
STU_015478,52.56467948805815
STU_015479,93.11410760532647
STU_015480,64.61578480038828
STU_015481,83.56218498300562
STU_015482,55.779154568672176
STU_015483,91.32421733911177
STU_015484,70.93806066647782
STU_015485,72.472589849322
STU_015486,78.05263053829962
STU_015487,67.91925370958008
STU_015488,77.33260624972738
STU_015489,83.99615456630113
STU_015490,89.76243739326301
STU_015491,77.54149775172965
STU_015492,58.83519439128486
STU_015493,63.56785389753121
STU_015494,65.13726285189051
STU_015495,87.50989502225903
STU_015496,66.27335136696752
STU_015497,55.26092039088863
STU_015498,68.86815241964351
STU_015499,40.96716038145052
STU_015500,70.4628387466533
STU_015501,88.45206778822202
STU_015502,55.85424955268704
STU_015503,84.2185994987732
STU_015504,83.5926598212753
STU_015505,73.15351004588685
STU_015506,76.0265460255606
STU_015507,100.0
STU_015508,99.52469354394404
STU_015509,86.46178865742398
STU_015510,84.6016597447269
STU_015511,91.3782165693037
STU_015512,77.86723437515083
STU_015513,80.02839319190477
STU_015514,83.66096739907556
STU_015515,78.07356983030631
STU_015516,74.80903322068579
STU_015517,96.00277667643488
STU_015518,74.19070021043093
STU_015519,52.85082487225388
STU_015520,77.85280094535634
STU_015521,85.06581038690592
STU_015522,69.75761981440529
STU_015523,66.94175387406818
STU_015524,38.67073737892651
STU_015525,77.18954286694397
STU_015526,77.04190611669713
STU_015527,72.05045408663837
STU_015528,71.8472130829611
STU_015529,86.1617687162138
STU_015530,90.45686539859136
STU_015531,88.3785953381524
STU_015532,77.59620253595203
STU_015533,58.6777785959065
STU_015534,90.32919406039531
STU_015535,80.07551346636353
STU_015536,82.35707502029126
STU_015537,72.29188574358503
STU_015538,92.51765287529898
STU_015539,65.72540051641263
STU_015540,68.83933920392352
STU_015541,72.48979909665994
STU_015542,90.73752704763896
STU_015543,79.12405974018372
STU_015544,95.64866889826088
STU_015545,75.54774345497057
STU_015546,76.41936682796991
STU_015547,58.12914739576449
STU_015548,61.68257569268722
STU_015549,93.45379148766787
STU_015550,92.34921022568386
STU_015551,79.51269827914335
STU_015552,70.8852963810656
STU_015553,40.47763272936905
STU_015554,77.95717562592496
STU_015555,73.45099280057079
STU_015556,89.57172319843434
STU_015557,77.12359421105788
STU_015558,88.64381979812077
STU_015559,86.51766377282321
STU_015560,79.23251097966958
STU_015561,88.83472384498488
STU_015562,83.06352930492456
STU_015563,66.86677734913246
STU_015564,74.04246727465366
STU_015565,67.37958772165004
STU_015566,69.83569752684176
STU_015567,77.21797482987822
STU_015568,69.47333261120572
STU_015569,72.23769927278649
STU_015570,94.44668889332519
STU_015571,65.06979182765907
STU_015572,76.95239954759194
STU_015573,81.70140726404867
STU_015574,61.566123019154674
STU_015575,58.48881928747811
STU_015576,72.35127844009469
STU_015577,70.1073979224969
STU_015578,78.32472609802551
STU_015579,75.76159420689751
STU_015580,73.53053281191791
STU_015581,78.59241967043374
STU_015582,81.83760262657576
STU_015583,91.95305966320232
STU_015584,81.73481204606603
STU_015585,89.30287819664605
STU_015586,89.92432494181551
STU_015587,55.69284556163716
STU_015588,73.86137157522026
STU_015589,81.15040181785585
STU_015590,63.214714391803305
STU_015591,62.47959917319458
STU_015592,87.6614012101965
STU_015593,66.1630619710363
STU_015594,94.46269271559981
STU_015595,93.29274706417553
STU_015596,79.53246375379031
STU_015597,89.7414555580668
STU_015598,77.55412921229662
STU_015599,52.72737393283158
STU_015600,66.33873075184721
STU_015601,52.67626878355341
STU_015602,63.502526314096954
STU_015603,79.59117822407146
STU_015604,81.79736192682948
STU_015605,63.28982710204588
STU_015606,77.33310673646533
STU_015607,67.94661511235152
STU_015608,68.97009297878601
STU_015609,72.71396501624051
STU_015610,70.19629975143569
STU_015611,85.80960990391051
STU_015612,86.70000074871336
STU_015613,94.78469833737435
STU_015614,62.83820559216599
STU_015615,69.49977195756955
STU_015616,81.24759108676346
STU_015617,66.92218708753707
STU_015618,86.15436961740497
STU_015619,61.734345741340476
STU_015620,74.85158523714539
STU_015621,69.87777759252477
STU_015622,74.67750461736118
STU_015623,88.45482878794675
STU_015624,79.26271406811911
STU_015625,83.30702961801597
STU_015626,60.126166246185505
STU_015627,100.0
STU_015628,77.85746575417208
STU_015629,73.92540175731735
STU_015630,69.27418965139054
STU_015631,68.21045676650893
STU_015632,88.53471399075866
STU_015633,84.54723507110867
STU_015634,70.2900458877243
STU_015635,95.83295216068777
STU_015636,71.61897663191485
STU_015637,53.378803591139075
STU_015638,71.49578022300676
STU_015639,94.86564511207509
STU_015640,67.86177959559858
STU_015641,61.22291179757916
STU_015642,98.94367485954962
STU_015643,83.49998594630227
STU_015644,93.65225657460188
STU_015645,60.34698221566761
STU_015646,96.27500391745357
STU_015647,71.19705807514039
STU_015648,64.84718971768693
STU_015649,80.73856976043305
STU_015650,70.782936160682
STU_015651,53.59063478514588
STU_015652,92.29751262085821
STU_015653,73.83162134682912
STU_015654,70.08930179254119
STU_015655,100.0
STU_015656,68.86674554955148
STU_015657,74.57858859663727
STU_015658,70.16908582326188
STU_015659,72.6329136918206
STU_015660,86.01956059511068
STU_015661,34.44271835892745
STU_015662,68.1280210342055
STU_015663,86.5763849902955
STU_015664,59.01747236916524
STU_015665,81.33429329742216
STU_015666,80.29203826477455
STU_015667,95.3493387647982
STU_015668,84.00820651297359
STU_015669,79.25625165433551
STU_015670,63.107556653939405
STU_015671,87.97512054849928
STU_015672,90.0181854486811
STU_015673,83.46898711939642
STU_015674,81.15975130534738
STU_015675,85.90046332608556
STU_015676,49.321309988871484
STU_015677,82.08823819052839
STU_015678,98.43461938734296
STU_015679,74.7090035751555
STU_015680,76.72264419742909
STU_015681,80.37906319021276
STU_015682,85.24008293323158
STU_015683,67.62171297530327
STU_015684,60.60095940000485
STU_015685,82.8921066177551
STU_015686,68.82227875424553
STU_015687,81.33703214450631
STU_015688,79.97907792764371
STU_015689,61.31080626013577
STU_015690,57.99463600437274
STU_015691,96.135192328511
STU_015692,87.88447872838205
STU_015693,77.56216620963396
STU_015694,96.40646259243371
STU_015695,94.81917186695101
STU_015696,51.089077207328046
STU_015697,63.93483469934168
STU_015698,81.34711699399233
STU_015699,94.29237056768076
STU_015700,85.94878466162064
STU_015701,67.91877153841217
STU_015702,86.76817801439705
STU_015703,88.18999576298509
STU_015704,75.69896191431503
STU_015705,80.13556686322141
STU_015706,65.76187586777019
STU_015707,73.32008234689974
STU_015708,51.94183451604047
STU_015709,63.872203537000836
STU_015710,69.21297007648712
STU_015711,75.28445119861155
STU_015712,92.16723079133047
STU_015713,84.38018891023576
STU_015714,71.43704292634345
STU_015715,88.23895731454947
STU_015716,61.93674221298097
STU_015717,61.99909501283108
STU_015718,70.11867119105656
STU_015719,58.59587272443257
STU_015720,59.57323140702729
STU_015721,64.87205295823924
STU_015722,67.3704296395819
STU_015723,74.48083037976052
STU_015724,96.72591643961644
STU_015725,91.39173212690096
STU_015726,78.17534677000502
STU_015727,67.27151225402686
STU_015728,81.5328678175121
STU_015729,93.41862293019977
STU_015730,70.34630866637595
STU_015731,77.26346844585231
STU_015732,59.97887368761621
STU_015733,64.14987652863938
STU_015734,66.91166781087675
STU_015735,56.462920596417206
STU_015736,91.96860114249174
STU_015737,75.6391066435799
STU_015738,65.76161186275705
STU_015739,76.51179129770327
STU_015740,94.16088630064938
STU_015741,62.69938841125945
STU_015742,72.27060784023132
STU_015743,89.89422483734455
STU_015744,64.62937945662065
STU_015745,80.29835738619514
STU_015746,71.62772300184623
STU_015747,93.24975613993185
STU_015748,51.67450562747297
STU_015749,87.8995768145474
STU_015750,60.115160916078764
STU_015751,83.08236242260736
STU_015752,73.15041309607008
STU_015753,78.39508345688392
STU_015754,80.17853084401764
STU_015755,91.6722154197328
STU_015756,80.25508903546331
STU_015757,85.18607904510777
STU_015758,99.82071175078316
STU_015759,81.61758243341639
STU_015760,63.6309938411388
STU_015761,87.69266413830094
STU_015762,65.45555042223839
STU_015763,67.79671841762665
STU_015764,77.93159626758272
STU_015765,80.13554267152588
STU_015766,78.22716677326592
STU_015767,82.83096956806709
STU_015768,72.75073007519407
STU_015769,78.38971306030423
STU_015770,67.1986262926307
STU_015771,91.90028744937416
STU_015772,61.39147969305523
STU_015773,57.522056854727154
STU_015774,96.1860734197658
STU_015775,73.2939730159851
STU_015776,63.66636730236465
STU_015777,70.22758739947008
STU_015778,64.48230435971361
STU_015779,54.02739547912
STU_015780,83.76139432114576
STU_015781,76.21117480648567
STU_015782,85.65780510475606
STU_015783,69.04295238597989
STU_015784,77.42490325590896
STU_015785,70.71157161880842
STU_015786,75.6499058275574
STU_015787,78.16712147276004
STU_015788,79.9611566291541
STU_015789,54.79910971293903
STU_015790,66.4162190150084
STU_015791,73.4174740703329
STU_015792,80.14447346282176
STU_015793,88.06003020184869
STU_015794,90.59173451935573
STU_015795,66.67513784338387
STU_015796,89.5862692275029
STU_015797,85.3601499316412
STU_015798,89.28902669334218
STU_015799,89.20013189235353
STU_015800,67.00959161151359
STU_015801,73.9715695698525
STU_015802,56.20435927271698
STU_015803,71.24286979193653
STU_015804,78.03271839626112
STU_015805,50.49489298272212
STU_015806,93.2876445091596
STU_015807,76.11992662159233
STU_015808,68.42057602093713
STU_015809,48.66684130474955
STU_015810,87.5732985502925
STU_015811,97.69633105932719
STU_015812,88.69858001955282
STU_015813,93.8899090742749
STU_015814,70.8626992859956
STU_015815,62.034376715623
STU_015816,89.92847169704959
STU_015817,72.49462898706173
STU_015818,73.61438831468642
STU_015819,59.61557027234092
STU_015820,70.40507465200068
STU_015821,76.31604454111273
STU_015822,63.37239379979084
STU_015823,74.91961844345136
STU_015824,84.2515984187103
STU_015825,53.002151994131175
STU_015826,54.814361130364716
STU_015827,67.42320158958626
STU_015828,74.43135170223901
STU_015829,89.18995120856937
STU_015830,89.58071126443554
STU_015831,74.5928797918301
STU_015832,88.09662721344384
STU_015833,93.13792935712888
STU_015834,45.66677279935611
STU_015835,81.82470613903348
STU_015836,78.41919657424889
STU_015837,71.17288655178356
STU_015838,70.6193351619099
STU_015839,88.67020968748002
STU_015840,64.63614643860761
STU_015841,59.990007533038224
STU_015842,84.84747959710941
STU_015843,86.21019349003015
STU_015844,90.56784623907635
STU_015845,67.7897944304015
STU_015846,60.659008895720305
STU_015847,73.55053292853215
STU_015848,86.05158321130067
STU_015849,94.35548230039164
STU_015850,60.224356627646856
STU_015851,72.9912259012369
STU_015852,61.57802094075029
STU_015853,76.20354812571344
STU_015854,92.43245731893015
STU_015855,89.8782685958848
STU_015856,73.3724309278235
STU_015857,86.50169525695426
STU_015858,61.311014887982026
STU_015859,73.31570594400027
STU_015860,67.15460592572711
STU_015861,75.10205757664797
STU_015862,67.05119120894915
STU_015863,93.9899765503944
STU_015864,55.638549666565495
STU_015865,61.76036785633036
STU_015866,74.14138040780472
STU_015867,39.922171286580586
STU_015868,71.685509028118
STU_015869,84.02426093511801
STU_015870,73.40841350837879
STU_015871,73.80081424263787
STU_015872,47.23771243991469
STU_015873,96.98475393595476
STU_015874,78.4949754064399
STU_015875,84.84380132386919
STU_015876,68.3023850200246
STU_015877,94.87008752489425
STU_015878,84.77500342109715
STU_015879,95.54359552360685
STU_015880,80.49818935556512
STU_015881,93.94565968245652
STU_015882,65.56227910559335
STU_015883,80.55930732611652
STU_015884,91.08409338052425
STU_015885,61.673745334848505
STU_015886,94.83106178757475
STU_015887,97.74416697049097
STU_015888,61.75864282672811
STU_015889,89.19843609309973
STU_015890,94.39824293615834
STU_015891,84.98901587481785
STU_015892,57.714767241623434
STU_015893,55.57279501099755
STU_015894,51.84024115789538
STU_015895,60.00233164298106
STU_015896,74.51748669622938
STU_015897,90.89153345186409
STU_015898,73.37643108753787
STU_015899,90.86408642804474
STU_015900,72.92833068153949
STU_015901,72.40917670355395
STU_015902,72.869031119088
STU_015903,84.69405228458163
STU_015904,76.59946329834919
STU_015905,90.65056187225744
STU_015906,69.19400709699539
STU_015907,100.0
STU_015908,63.46436803594462
STU_015909,75.76603226998574
STU_015910,80.77489923466806
STU_015911,59.00673917474856
STU_015912,72.63473758567842
STU_015913,68.5657092865522
STU_015914,63.31034006395514
STU_015915,85.61944703311009
STU_015916,62.64086272148562
STU_015917,50.44369352632961
STU_015918,79.24370126058318
STU_015919,87.80481361276442
STU_015920,79.13330187477402
STU_015921,89.51770488491047
STU_015922,59.02588503712698
STU_015923,90.26315935646824
STU_015924,78.94200247322698
STU_015925,69.28158633523294
STU_015926,79.96172349211781
STU_015927,69.47963809190628
STU_015928,79.14717715028434
STU_015929,87.05920109177494
STU_015930,61.148051211316584
STU_015931,56.4897517061079
STU_015932,78.53358135459804
STU_015933,77.13372205857178
STU_015934,74.46859735756877
STU_015935,99.14104591583353
STU_015936,100.0
STU_015937,81.39314917952238
STU_015938,86.20066639767745
STU_015939,68.58856697987775
STU_015940,92.00415134273933
STU_015941,69.38709201591143
STU_015942,90.95029774933401
STU_015943,84.00979063645804
STU_015944,99.79008617814347
STU_015945,68.69084991349646
STU_015946,74.05527058030863
STU_015947,69.11107223841148
STU_015948,67.08667442654144
STU_015949,64.76839705674443
STU_015950,96.17678540806371
STU_015951,74.06726185563018
STU_015952,73.67580510773638
STU_015953,62.76794819570246
STU_015954,84.02988898184965
STU_015955,76.2885953416994
STU_015956,77.63570549514058
STU_015957,55.48421218660353
STU_015958,65.2820493252343
STU_015959,86.70059400929858
STU_015960,70.86449778684828
STU_015961,86.60110392821461
STU_015962,83.8717741251774
STU_015963,80.19042844164878
STU_015964,67.61038560348103
STU_015965,83.99988357903695
STU_015966,50.402948510823606
STU_015967,81.42556255036243
STU_015968,84.25377545266738
STU_015969,65.49606401063993
STU_015970,73.67770956456283
STU_015971,68.86833359342582
STU_015972,84.27705113869405
STU_015973,65.7049294034372
STU_015974,91.08665142171844
STU_015975,50.01161046646548
STU_015976,50.6725801988998
STU_015977,64.05722686011265
STU_015978,73.23439262143926
STU_015979,82.769983855328
STU_015980,89.66135019046476
STU_015981,91.26882763426484
STU_015982,93.63238257616896
STU_015983,83.66115852866261
STU_015984,86.5823630823571
STU_015985,75.04364138073848
STU_015986,45.14762142304704
STU_015987,70.47073724193697
STU_015988,58.11817594595884
STU_015989,74.06051981036474
STU_015990,58.276753041793306
STU_015991,79.95025419098718
STU_015992,45.03378331007097
STU_015993,72.86642104084757
STU_015994,72.51554776865682
STU_015995,97.79818393301706
STU_015996,79.53804735429686
STU_015997,64.69452999079493
STU_015998,81.4550898433223
STU_015999,87.47183908323754
STU_016000,83.72863222087207
STU_016001,86.55340220978982
STU_016002,89.72383713955246
STU_016003,96.5808165300684
STU_016004,86.5074736097024
STU_016005,48.795752472532584
STU_016006,68.84340740533592
STU_016007,78.06595805381797
STU_016008,91.30905332084238
STU_016009,54.39158060473363
STU_016010,71.34156099535025
STU_016011,87.20216363755168
STU_016012,72.11156378783504
STU_016013,66.65300079407987
STU_016014,94.45491721949355
STU_016015,48.488772577221596
STU_016016,97.4974667215409
STU_016017,77.72853471888774
STU_016018,81.42770595958386
STU_016019,73.85421371712421
STU_016020,90.31270744027933
STU_016021,100.0
STU_016022,67.80859647047643
STU_016023,100.0
STU_016024,76.04574767291406
STU_016025,91.74345671320755
STU_016026,58.7287446640217
STU_016027,62.231894836655925
STU_016028,74.40618809007822
STU_016029,76.15834647166757
STU_016030,94.48388977634133
STU_016031,91.88495260878776
STU_016032,91.04713870387388
STU_016033,88.23861296397804
STU_016034,83.63601738541118
STU_016035,67.71877155631668
STU_016036,100.0
STU_016037,79.18792014168297
STU_016038,73.22060364564133
STU_016039,73.30861223267124
STU_016040,89.9994124119807
STU_016041,91.06162807502999
STU_016042,80.74389092183628
STU_016043,85.24727046695114
STU_016044,86.39922260525036
STU_016045,85.04139368541954
STU_016046,64.02643736837297
STU_016047,87.79876425705203
STU_016048,66.48200322256133
STU_016049,75.13563049852077
STU_016050,72.47487247736191
STU_016051,78.13236243712173
STU_016052,89.78302261092068
STU_016053,79.8714141365702
STU_016054,66.61360631280523
STU_016055,79.95701729367013
STU_016056,72.88853761705397
STU_016057,74.42300586272536
STU_016058,78.57212417784685
STU_016059,75.5948142361471
STU_016060,79.6471745800732
STU_016061,53.285388630664215
STU_016062,70.00834615053752
STU_016063,80.92701253237998
STU_016064,64.87496214875019
STU_016065,76.34244202887754
STU_016066,85.00315028385944
STU_016067,63.56354131585044
STU_016068,95.47794720110834
STU_016069,79.5083869921647
STU_016070,77.9603360638146
STU_016071,70.21512500167323
STU_016072,86.65864084295515
STU_016073,76.56499594462525
STU_016074,86.66167253917416
STU_016075,96.63855471756074
STU_016076,63.990514708760834
STU_016077,67.07879993807792
STU_016078,82.54691837545911
STU_016079,85.56423356044692
STU_016080,66.94845845584669
STU_016081,65.47010417591763
STU_016082,85.11053618559728
STU_016083,96.83358896425663
STU_016084,77.40066671135656
STU_016085,49.693354757322325
STU_016086,94.59687269312676
STU_016087,75.59089596281395
STU_016088,74.51272884096713
STU_016089,86.36808073187022
STU_016090,86.91825925957392
STU_016091,62.42341238659281
STU_016092,68.80275237709316
STU_016093,75.29887662357086
STU_016094,74.3621811407632
STU_016095,78.2918075654803
STU_016096,86.28348471032442
STU_016097,71.40818275504473
STU_016098,64.14490679228369
STU_016099,76.68498801737519
STU_016100,76.645178158065
STU_016101,61.194671640150574
STU_016102,78.57297176288631
STU_016103,52.87676788334835
STU_016104,80.25007619376515
STU_016105,64.18867581083722
STU_016106,65.53759105559487
STU_016107,75.8711035324575
STU_016108,69.65274663643461
STU_016109,66.73778151303388
STU_016110,64.81264714373225
STU_016111,84.54864117010044
STU_016112,78.27244234226454
STU_016113,59.38918095129863
STU_016114,74.85980997684158
STU_016115,87.8594971688396
STU_016116,94.36764726434816
STU_016117,81.58393658965768
STU_016118,70.65114757622396
STU_016119,85.91781616606941
STU_016120,82.67432072722036
STU_016121,70.31846234588022
STU_016122,73.06124362301986
STU_016123,87.39877013924328
STU_016124,94.05315807051187
STU_016125,91.54142370740487
STU_016126,78.40478519585766
STU_016127,80.33345992874408
STU_016128,94.31252785471739
STU_016129,68.22201583518856
STU_016130,98.93264264027744
STU_016131,88.9986181655685
STU_016132,72.73505354744167
STU_016133,79.13070879491606
STU_016134,73.43299111459196
STU_016135,60.821097525150556
STU_016136,90.39437202962783
STU_016137,81.57341019325537
STU_016138,76.08994530584458
STU_016139,95.04408823911534
STU_016140,84.81075643188075
STU_016141,87.65722021589889
STU_016142,79.72798686554128
STU_016143,59.37505882051376
STU_016144,77.13338804174782
STU_016145,78.17003350250256
STU_016146,81.1066928802879
STU_016147,84.76603351033594
STU_016148,64.23378358627565
STU_016149,56.018248734581505
STU_016150,90.93825424235496
STU_016151,60.29890330286081
STU_016152,81.16447905824471
STU_016153,68.45433244591948
STU_016154,80.47083251983182
STU_016155,85.26223652361675
STU_016156,63.906684780035306
STU_016157,77.57722059923786
STU_016158,95.56004429606084
STU_016159,62.16910532215586
STU_016160,74.81456031155301
STU_016161,74.0514456219655
STU_016162,94.32151223171321
STU_016163,74.34640766517857
STU_016164,58.82585963304114
STU_016165,97.13539642072217
STU_016166,61.732503716808935
STU_016167,72.58947571859879
STU_016168,84.22883921535336
STU_016169,91.17927235701703
STU_016170,86.16981590083977
STU_016171,76.33058630180305
STU_016172,59.760617822173586
STU_016173,69.74720739565794
STU_016174,62.11317178613968
STU_016175,88.0675969151464
STU_016176,76.69180893316666
STU_016177,85.3492523745081
STU_016178,82.55297514797219
STU_016179,80.21031492986634
STU_016180,60.259172747024394
STU_016181,89.58980878562622
STU_016182,54.856794023755874
STU_016183,80.05491789279588
STU_016184,73.18011918441789
STU_016185,99.39881961506683
STU_016186,51.80239548180968
STU_016187,92.38576776019323
STU_016188,76.7656802613259
STU_016189,81.09347274549049
STU_016190,84.62554359588873
STU_016191,52.32196022146073
STU_016192,60.73165772812613
STU_016193,78.58441115547508
STU_016194,87.3956117607157
STU_016195,85.32414406336518
STU_016196,60.214788331829006
STU_016197,93.28422393464633
STU_016198,75.3711045716643
STU_016199,77.522422385294
STU_016200,68.08160893463747
STU_016201,65.5809208200008
STU_016202,63.40895186053635
STU_016203,70.97604871332399
STU_016204,63.476644054600875
STU_016205,55.130051590126556
STU_016206,69.93841319029944
STU_016207,49.665261035852126
STU_016208,73.66763490909578
STU_016209,69.34955403275717
STU_016210,63.05048877957719
STU_016211,69.76621824571595
STU_016212,69.88917141513858
STU_016213,91.87386073308153
STU_016214,58.75317521887656
STU_016215,74.99360503297315
STU_016216,59.91425452003317
STU_016217,72.78769700887521
STU_016218,98.14870976932082
STU_016219,86.60142901687696
STU_016220,86.91811771324349
STU_016221,65.67037848653094
STU_016222,66.26110556030487
STU_016223,65.34041517857892
STU_016224,96.69012713046591
STU_016225,81.58406369803214
STU_016226,81.47663251162805
STU_016227,79.71436395850478
STU_016228,70.51778089716936
STU_016229,64.94109175037603
STU_016230,65.60799852900125
STU_016231,90.32846961741981
STU_016232,96.37822556698275
STU_016233,55.7673988149251
STU_016234,82.57738552662433
STU_016235,60.42192535589791
STU_016236,74.11795898871483
STU_016237,71.29759895808458
STU_016238,87.33278906827144
STU_016239,62.89830751622294
STU_016240,90.72789613537549
STU_016241,88.96266856155901
STU_016242,74.86722950768377
STU_016243,79.06026608382311
STU_016244,79.52351058465275
STU_016245,74.94953365240806
STU_016246,71.50487118865516
STU_016247,72.5164343592845
STU_016248,73.91595556472903
STU_016249,69.70931086423333
STU_016250,90.99274362770217
STU_016251,53.23552618299069
STU_016252,84.28775637909982
STU_016253,84.57349267936834
STU_016254,83.47859763608989
STU_016255,75.68796287234815
STU_016256,47.1030497426197
STU_016257,83.27757454692022
STU_016258,85.51357637025723
STU_016259,76.97964614608868
STU_016260,74.26042854629249
STU_016261,92.82399963364512
STU_016262,78.29623627571382
STU_016263,55.25324049999765
STU_016264,52.218851536208625
STU_016265,93.41092394686623
STU_016266,85.21911441017954
STU_016267,76.04606721766163
STU_016268,82.04767247289271
STU_016269,95.01812774528085
STU_016270,71.32307564363829
STU_016271,72.72823526746757
STU_016272,84.2511215981623
STU_016273,74.31615153280674
STU_016274,57.64741457683162
STU_016275,76.55754690177868
STU_016276,60.23932325014728
STU_016277,86.99314409559739
STU_016278,80.28140320286681
STU_016279,80.3440920225964
STU_016280,80.69877197204983
STU_016281,80.19782660369857
STU_016282,72.69544079959314
STU_016283,67.24989490646848
STU_016284,87.41576596127689
STU_016285,64.07670117968361
STU_016286,58.436899937123755
STU_016287,79.88581777741375
STU_016288,89.30131314068655
STU_016289,79.74287543508387
STU_016290,62.571102158257844
STU_016291,78.10993885717834
STU_016292,76.28696053783749
STU_016293,80.6025071520385
STU_016294,70.72651078886409
STU_016295,86.82474462115405
STU_016296,73.59687252573494
STU_016297,83.2938941216483
STU_016298,52.86111848488609
STU_016299,66.93335443745849
STU_016300,67.62334454093408
STU_016301,58.00104336453557
STU_016302,70.53425732970582
STU_016303,75.16674690863535
STU_016304,79.65540875646337
STU_016305,89.28562918981605
STU_016306,80.95717309858128
STU_016307,70.23007653413075
STU_016308,65.69641600415748
STU_016309,89.67519895699621
STU_016310,79.58794919959723
STU_016311,61.12565039228646
STU_016312,63.08850626970354
STU_016313,97.9955313568484
STU_016314,87.64672898802863
STU_016315,62.54631611980187
STU_016316,93.17378200297225
STU_016317,82.90129494092943
STU_016318,72.60856048945578
STU_016319,69.08061446096356
STU_016320,57.307720112248674
STU_016321,65.2729081117901
STU_016322,92.8076418568766
STU_016323,71.50331404700796
STU_016324,52.01930748305532
STU_016325,75.31803360455201
STU_016326,73.75829164082386
STU_016327,84.76667114296075
STU_016328,73.7723516721916
STU_016329,68.4713746578403
STU_016330,69.90815132486266
STU_016331,79.35406601411762
STU_016332,84.43481118671306
STU_016333,88.09279373738205
STU_016334,60.874947890275564
STU_016335,76.2261437283248
STU_016336,62.30778751162087
STU_016337,63.91577637700331
STU_016338,74.89718830725859
STU_016339,81.21659411003641
STU_016340,86.93098607188341
STU_016341,78.2280772662226
STU_016342,75.1187516674978
STU_016343,73.37796085848913
STU_016344,86.94455276875316
STU_016345,87.4279384973623
STU_016346,76.78161031677085
STU_016347,52.02426462375014
STU_016348,69.09440989082864
STU_016349,85.22537488521326
STU_016350,63.536446770761245
STU_016351,72.5602893649706
STU_016352,74.89473181852554
STU_016353,73.52525678926172
STU_016354,49.25265461195277
STU_016355,74.94500550847701
STU_016356,73.76155719017397
STU_016357,67.20115220690984
STU_016358,78.29309870545218
STU_016359,87.24318665923661
STU_016360,77.73836829492232
STU_016361,76.14850972596487
STU_016362,76.26705613151789
STU_016363,68.91694308916722
STU_016364,69.52197236773402
STU_016365,79.19836990560793
STU_016366,70.3645225848168
STU_016367,77.13406089773343
STU_016368,55.28398039355772
STU_016369,66.94900574521732
STU_016370,41.44965049495839
STU_016371,62.850179974026204
STU_016372,88.88841033831977
STU_016373,83.78308025700242
STU_016374,71.08831547813077
STU_016375,76.82448265022137
STU_016376,86.25496295114223
STU_016377,58.826045174039635
STU_016378,84.50276171980029
STU_016379,66.10561602795121
STU_016380,89.17168700781096
STU_016381,64.23218115634103
STU_016382,77.24130880108196
STU_016383,57.763587614187486
STU_016384,90.03735770087368
STU_016385,91.15153571322017
STU_016386,73.22665940338588
STU_016387,69.26236252384034
STU_016388,62.748584360970035
STU_016389,75.41966091885851
STU_016390,79.54262038379643
STU_016391,100.0
STU_016392,85.32880578230282
STU_016393,76.37083499063695
STU_016394,96.77168937666448
STU_016395,61.55302801564407
STU_016396,88.88724045281467
STU_016397,69.3056054439878
STU_016398,65.28712915325754
STU_016399,68.77957593311248
STU_016400,86.04607257590749
STU_016401,74.42859485369355
STU_016402,93.6499966877469
STU_016403,62.958268471635996
STU_016404,69.73613147209842
STU_016405,67.07969493850881
STU_016406,68.62277291327258
STU_016407,92.66451150996272
STU_016408,86.86121271785225
STU_016409,54.930422181902586
STU_016410,61.02412807653573
STU_016411,56.932330508146975
STU_016412,51.053472030353106
STU_016413,73.01251523944839
STU_016414,86.24289057559419
STU_016415,84.57828823182084
STU_016416,79.98303745651798
STU_016417,76.36520251167228
STU_016418,100.0
STU_016419,75.49544151346802
STU_016420,65.55533505812821
STU_016421,62.24462814481313
STU_016422,60.52263457908129
STU_016423,97.23782802268113
STU_016424,70.64878813666873
STU_016425,78.82485529138918
STU_016426,76.79928679339253
STU_016427,79.02280197537546
STU_016428,97.00741195638662
STU_016429,76.58395081681519
STU_016430,86.7462795819485
STU_016431,92.64858582576628
STU_016432,53.098891197388596
STU_016433,63.16731516001188
STU_016434,59.875105671627125
STU_016435,80.02074714318168
STU_016436,95.329752159245
STU_016437,77.6059133829379
STU_016438,79.24406292319091
STU_016439,74.4321485654385
STU_016440,64.72642848140217
STU_016441,90.61980724428321
STU_016442,91.38824980725971
STU_016443,74.28508520683762
STU_016444,78.04223403944248
STU_016445,79.61641428460871
STU_016446,67.31006208221609
STU_016447,61.92954444184524
STU_016448,72.16152753319258
STU_016449,79.42468165805599
STU_016450,69.09290970618639
STU_016451,86.71332712531093
STU_016452,85.78928877410655
STU_016453,67.60516510115472
STU_016454,67.67766264838666
STU_016455,49.92594409991031
STU_016456,70.51495843557385
STU_016457,90.84089211627612
STU_016458,78.3060512527232
STU_016459,78.28459721943312
STU_016460,78.42333053051503
STU_016461,56.23257340246075
STU_016462,86.0427343899328
STU_016463,77.24390139019843
STU_016464,78.48940843711745
STU_016465,80.85431050348147
STU_016466,71.60607271922609
STU_016467,78.62344111431011
STU_016468,64.90636413695351
STU_016469,54.968534809998175
STU_016470,74.51653570226811
STU_016471,57.197321854136604
STU_016472,72.79026198224535
STU_016473,73.81682889158526
STU_016474,69.94927501619401
STU_016475,98.5310488341967
STU_016476,91.18955201683357
STU_016477,92.22876213486836
STU_016478,87.62061003979699
STU_016479,63.6557852578849
STU_016480,71.54081665882043
STU_016481,76.58098475953442
STU_016482,65.64963976264461
STU_016483,85.2742766751906
STU_016484,66.91969843212935
STU_016485,74.33895880211315
STU_016486,87.37129143832686
STU_016487,70.85347636185863
STU_016488,81.2307465306528
STU_016489,90.77433122914758
STU_016490,67.76277948473818
STU_016491,88.48725168944691
STU_016492,90.75038440725038
STU_016493,87.58297964314824
STU_016494,74.43509097415111
STU_016495,50.08861983822404
STU_016496,85.30157154946477
STU_016497,46.77915693224305
STU_016498,63.823727441928305
STU_016499,75.47935323901902
STU_016500,71.56876121731477
STU_016501,73.70129657348222
STU_016502,78.01966431716937
STU_016503,60.58386409721828
STU_016504,77.02853975375139
STU_016505,94.37066837686817
STU_016506,74.78609969681733
STU_016507,67.00983383607986
STU_016508,89.78975478052753
STU_016509,40.295714945925965
STU_016510,73.38424442629629
STU_016511,67.3837706290849
STU_016512,68.75062664497891
STU_016513,54.949987839777634
STU_016514,88.72712895988808
STU_016515,61.79800969630555
STU_016516,61.678798458350656
STU_016517,75.83538578272385
STU_016518,81.93884968194794
STU_016519,83.02181094119642
STU_016520,61.179875710485035
STU_016521,98.1757232026678
STU_016522,55.877436176892736
STU_016523,71.37822067481932
STU_016524,72.57565018127288
STU_016525,45.420469865430285
STU_016526,100.0
STU_016527,59.53229169189855
STU_016528,72.26004819815837
STU_016529,72.24802300176707
STU_016530,81.59797407718297
STU_016531,94.14080447751101
STU_016532,100.0
STU_016533,79.21309640859839
STU_016534,89.53871251529085
STU_016535,67.81719681288402
STU_016536,83.76568955826792
STU_016537,82.88739280482909
STU_016538,59.01981444401774
STU_016539,77.77122304679267
STU_016540,79.63500364972313
STU_016541,99.04253230963168
STU_016542,62.270989003349115
STU_016543,62.40892038490854
STU_016544,86.01435751163446
STU_016545,89.949584814133
STU_016546,70.80671148423086
STU_016547,100.0
STU_016548,97.14231064597328
STU_016549,86.8461574991756
STU_016550,67.38333288437767
STU_016551,82.23164459751081
STU_016552,86.2098005569263
STU_016553,69.09090151316214
STU_016554,88.27176204631911
STU_016555,70.1237728172945
STU_016556,76.66500146539184
STU_016557,71.64953436091923
STU_016558,73.095784418478
STU_016559,79.18468177362071
STU_016560,65.72108437976043
STU_016561,83.06530991050752
STU_016562,78.97161362536983
STU_016563,76.19894622986558
STU_016564,69.43312886825615
STU_016565,77.25472899405146
STU_016566,86.19568285035578
STU_016567,69.56155843655141
STU_016568,74.00481621375843
STU_016569,55.86885389261285
STU_016570,68.7981773731537
STU_016571,91.76390962720319
STU_016572,60.86059630738992
STU_016573,55.55633380199201
STU_016574,97.4713109204024
STU_016575,67.96795807345342
STU_016576,80.99672056811217
STU_016577,89.53404505218305
STU_016578,86.0361445351712
STU_016579,88.75922588197051
STU_016580,84.45956922045855
STU_016581,95.33375691297012
STU_016582,65.86821592830356
STU_016583,85.67751422392024
STU_016584,95.73127699805659
STU_016585,89.4629863759552
STU_016586,77.088711250577
STU_016587,75.8942947960073
STU_016588,72.75807591165969
STU_016589,68.62181989522932
STU_016590,76.57294971127511
STU_016591,54.45898054499949
STU_016592,77.7402959023708
STU_016593,81.16711462641202
STU_016594,44.053673629685235
STU_016595,70.68899490312077
STU_016596,87.05634525030592
STU_016597,55.5866693533348
STU_016598,82.89511158537202
STU_016599,47.248618903631446
STU_016600,51.26098653866613
STU_016601,75.63355123738519
STU_016602,58.757066197286804
STU_016603,52.58293064890964
STU_016604,80.52796846416766
STU_016605,93.30213210029159
STU_016606,70.08446268762802
STU_016607,41.57880027899225
STU_016608,85.68337274439577
STU_016609,76.83274388716129
STU_016610,83.570050884399
STU_016611,62.654337036747044
STU_016612,95.29237176294774
STU_016613,79.69727148000567
STU_016614,71.27204203186153
STU_016615,95.67108377737779
STU_016616,84.18347082658795
STU_016617,87.99021030577804
STU_016618,76.22406783225111
STU_016619,93.08946237477082
STU_016620,58.89485018018086
STU_016621,80.32577612214212
STU_016622,75.8502921721967
STU_016623,76.71687329767144
STU_016624,94.00604231286704
STU_016625,82.4068206388054
STU_016626,60.12820550913206
STU_016627,97.81895084426475
STU_016628,88.67724248289294
STU_016629,55.74557297849089
STU_016630,69.90953980694535
STU_016631,68.94279532828907
STU_016632,62.567508168474475
STU_016633,74.19489059977822
STU_016634,65.73294839742968
STU_016635,89.38401970272331
STU_016636,83.27560172617243
STU_016637,66.49029937720522
STU_016638,69.6771216251538
STU_016639,60.841590749647494
STU_016640,99.25769868865385
STU_016641,80.70695461305807
STU_016642,58.97699247498456
STU_016643,70.07699887829932
STU_016644,75.9762140492379
STU_016645,82.40381287534856
STU_016646,81.86078282803729
STU_016647,69.26395483644261
STU_016648,79.79072854833518
STU_016649,84.13256644373548
STU_016650,89.31999935187719
STU_016651,82.95642651121912
STU_016652,87.12504012931939
STU_016653,78.74593736148276
STU_016654,92.53299079184085
STU_016655,73.42575661254338
STU_016656,82.20546441884096
STU_016657,81.40683898641805
STU_016658,91.2435335586741
STU_016659,79.00588309435209
STU_016660,91.51548599118736
STU_016661,67.8832031797385
STU_016662,68.27900194763424
STU_016663,85.20526227827325
STU_016664,69.18953931244998
STU_016665,78.98736141099882
STU_016666,71.28274689431555
STU_016667,69.79750995370456
STU_016668,93.54465971782494
STU_016669,69.96726283307702
STU_016670,83.06021333564584
STU_016671,95.94075874665029
STU_016672,84.80555181431578
STU_016673,67.36437911512093
STU_016674,79.63148659160586
STU_016675,68.49868049027585
STU_016676,100.0
STU_016677,92.05023236486323
STU_016678,88.92491763199564
STU_016679,92.50439425166361
STU_016680,62.13523961256233
STU_016681,94.34029050001371
STU_016682,85.46232233339899
STU_016683,74.58946312232176
STU_016684,67.49391355491743
STU_016685,75.70165895520131
STU_016686,73.21714885686114
STU_016687,95.25239767960187
STU_016688,61.412281907350604
STU_016689,72.82758295076239
STU_016690,59.15354695096029
STU_016691,81.593744207942
STU_016692,78.51193593131605
STU_016693,66.09915247066913
STU_016694,85.17026106064543
STU_016695,78.6698692068482
STU_016696,78.62955893262894
STU_016697,71.0032038278809
STU_016698,83.58658788179548
STU_016699,62.981747185994436
STU_016700,75.7199493552708
STU_016701,77.3422639114483
STU_016702,81.32406688391566
STU_016703,89.40485465270604
STU_016704,83.4306707391803
STU_016705,85.96593333297096
STU_016706,73.33197303982965
STU_016707,80.02830354462108
STU_016708,87.56744157978477
STU_016709,46.29458592564423
STU_016710,76.86545245057363
STU_016711,63.35265808688914
STU_016712,50.047261208799135
STU_016713,91.90629871500676
STU_016714,93.59338802695689
STU_016715,67.62088687838106
STU_016716,68.00296585946406
STU_016717,87.62885185282076
STU_016718,54.25477346273349
STU_016719,90.64526083072707
STU_016720,94.27023338170787
STU_016721,78.33736624447994
STU_016722,78.10147223330597
STU_016723,74.16506284872735
STU_016724,76.72282605650227
STU_016725,70.32483678557477
STU_016726,58.04561438105797
STU_016727,72.57009421128424
STU_016728,57.45267438013124
STU_016729,81.0327180264297
STU_016730,82.50006573079382
STU_016731,66.27718052679091
STU_016732,85.48798381241515
STU_016733,86.08295495391866
STU_016734,61.29056358477533
STU_016735,80.91269403815821
STU_016736,59.10474867117529
STU_016737,70.21005583285438
STU_016738,73.31793209867047
STU_016739,83.47691061871052
STU_016740,72.98414776821528
STU_016741,80.04971220258024
STU_016742,92.63528330766701
STU_016743,75.75998466840466
STU_016744,57.41704107526291
STU_016745,68.5183677719409
STU_016746,55.56396229045055
STU_016747,83.18299278360584
STU_016748,79.19224148500173
STU_016749,55.77753566507539
STU_016750,88.63069387720165
STU_016751,85.4652013390099
STU_016752,57.967294998073804
STU_016753,77.50735356816205
STU_016754,100.0
STU_016755,74.81614220870122
STU_016756,78.08936668355904
STU_016757,86.31155273881153
STU_016758,57.5520342211216
STU_016759,97.78155152110905
STU_016760,71.78382949575774
STU_016761,78.28640771155798
STU_016762,76.39667662114975
STU_016763,81.61605177194161
STU_016764,67.92873427078595
STU_016765,85.93137740695568
STU_016766,90.85863901328185
STU_016767,84.44743713049189
STU_016768,86.94496379988712
STU_016769,48.82443318946622
STU_016770,57.48561188848123
STU_016771,62.21055409298393
STU_016772,92.8981324003809
STU_016773,71.06436164971198
STU_016774,78.00563527833171
STU_016775,71.55876395082342
STU_016776,93.86772840587076
STU_016777,53.24153246982086
STU_016778,78.08955352020372
STU_016779,72.8683066978687
STU_016780,80.46085308412646
STU_016781,48.62299552007603
STU_016782,83.19442187354258
STU_016783,71.73418781088363
STU_016784,97.46820049008765
STU_016785,92.52277152834148
STU_016786,71.72249330574992
STU_016787,66.60413027725345
STU_016788,92.12687261522989
STU_016789,76.41844633914073
STU_016790,82.74244807366517
STU_016791,66.55472223732788
STU_016792,71.05999862940037
STU_016793,81.73953859251486
STU_016794,80.80304571715483
STU_016795,75.64562502154182
STU_016796,86.51454194776761
STU_016797,67.04228376409966
STU_016798,72.90173952024406
STU_016799,89.0553532369357
STU_016800,65.10848908566302
STU_016801,60.851379036531576
STU_016802,66.86928544704323
STU_016803,88.23566822431289
STU_016804,88.86210051667527
STU_016805,56.194585707909745
STU_016806,78.83017947110383
STU_016807,78.15047857222865
STU_016808,87.96388641204831
STU_016809,82.49258900016525
STU_016810,49.326804971429254
STU_016811,74.3891766792147
STU_016812,70.16800489724653
STU_016813,74.38678103035602
STU_016814,90.41169620456907
STU_016815,66.7289267590798
STU_016816,68.45673871166355
STU_016817,97.91578274979524
STU_016818,56.36187366230028
STU_016819,88.74178370074927
STU_016820,77.43192214487532
STU_016821,80.77920803478669
STU_016822,74.91011684401744
STU_016823,100.0
STU_016824,80.78217425981309
STU_016825,80.63605360583026
STU_016826,72.18219317067764
STU_016827,78.37796618903079
STU_016828,72.69340892388287
STU_016829,77.16927043240904
STU_016830,76.79876314653357
STU_016831,84.86035740222985
STU_016832,69.23027737528842
STU_016833,61.07941490011904
STU_016834,82.82152198338093
STU_016835,78.06612769740633
STU_016836,84.15993019429374
STU_016837,98.69577472205049
STU_016838,91.47805197261485
STU_016839,68.60506001623685
STU_016840,81.28072864573622
STU_016841,92.7229651384941
STU_016842,73.18782038022262
STU_016843,70.0859802370683
STU_016844,85.5470694048121
STU_016845,70.64393944760572
STU_016846,69.58332647004386
STU_016847,78.3275473793532
STU_016848,59.94139855040328
STU_016849,70.09448221681379
STU_016850,75.53474918259757
STU_016851,69.45336869418453
STU_016852,88.22255410344245
STU_016853,84.48472334889853
STU_016854,84.7939710516969
STU_016855,76.97869815901083
STU_016856,94.23802781626902
STU_016857,69.07179419717971
STU_016858,56.77896086168087
STU_016859,100.0
STU_016860,98.8062716197921
STU_016861,80.49954902881866
STU_016862,93.14594058531574
STU_016863,97.71447002551835
STU_016864,53.8477754812447
STU_016865,85.67504605372653
STU_016866,69.08718509612264
STU_016867,90.10479477587523
STU_016868,75.24412719185494
STU_016869,89.78170062882018
STU_016870,66.8111404819212
STU_016871,62.39824760151918
STU_016872,79.35386947858099
STU_016873,94.07888534008688
STU_016874,73.16072598490169
STU_016875,84.70848937222618
STU_016876,60.12324567926491
STU_016877,100.0
STU_016878,63.25842054563226
STU_016879,92.39706537068932
STU_016880,88.57716883267692
STU_016881,68.15032915815925
STU_016882,76.16373992968848
STU_016883,89.20510624678124
STU_016884,71.64320419630101
STU_016885,92.50817574054307
STU_016886,84.46335215164089
STU_016887,69.02057165141632
STU_016888,85.85170614050708
STU_016889,73.42744598213407
STU_016890,71.6172543801544
STU_016891,67.56964998480665
STU_016892,82.11582283072025
STU_016893,62.7845321030421
STU_016894,82.36636973989079
STU_016895,70.44377830145315
STU_016896,65.06668430257406
STU_016897,55.26825104517858
STU_016898,98.21936173480435
STU_016899,82.25534033428181
STU_016900,94.12327544205807
STU_016901,75.10190121276634
STU_016902,93.15223946382834
STU_016903,77.5516743675373
STU_016904,89.45373410482068
STU_016905,82.20480248381182
STU_016906,73.11687126314717
STU_016907,85.95376412092143
STU_016908,66.95191295552857
STU_016909,88.98347120256922
STU_016910,75.86307060612923
STU_016911,71.5131077109113
STU_016912,70.15072380099384
STU_016913,57.61079368325926
STU_016914,89.71580317025284
STU_016915,88.24245339533934
STU_016916,77.21377215897148
STU_016917,80.23260608425669
STU_016918,51.72251316197813
STU_016919,70.78981108189805
STU_016920,73.94231103314223
STU_016921,74.28894366997034
STU_016922,70.91251761800211
STU_016923,87.57250031417715
STU_016924,54.01991324812985
STU_016925,82.08139317890078
STU_016926,71.96058152312158
STU_016927,61.24603455631259
STU_016928,72.73290427128534
STU_016929,66.28673310641963
STU_016930,90.46388491159604
STU_016931,48.40674943121273
STU_016932,83.40453790504907
STU_016933,88.35644566741982
STU_016934,63.28074794186267
STU_016935,74.18106259390336
STU_016936,60.37876038070187
STU_016937,69.71842265991194
STU_016938,90.83980257616705
STU_016939,93.15822636729558
STU_016940,86.23644774769642
STU_016941,64.1345631318807
STU_016942,77.2548480936339
STU_016943,75.91590090520359
STU_016944,79.07247722204741
STU_016945,90.2079719842287
STU_016946,81.44995511261101
STU_016947,75.08417750311325
STU_016948,72.79658344470494
STU_016949,62.02949000013161
STU_016950,70.63223419192528
STU_016951,95.76486396259162
STU_016952,60.78033033892428
STU_016953,65.49971788940152
STU_016954,70.80902296142256
STU_016955,85.88065186373302
STU_016956,90.358278200308
STU_016957,66.44424115193111
STU_016958,75.28547926810307
STU_016959,97.1853759383944
STU_016960,83.18674872053606
STU_016961,65.61715147196968
STU_016962,75.4018619917439
STU_016963,94.84394735447006
STU_016964,91.5269315959381
STU_016965,89.60317919030508
STU_016966,77.78007742584639
STU_016967,89.22312845840483
STU_016968,95.37828488570915
STU_016969,64.36919944722554
STU_016970,75.82646619982636
STU_016971,63.30608209774288
STU_016972,95.56550410751132
STU_016973,71.16696598730668
STU_016974,75.82545758324099
STU_016975,62.860452072243845
STU_016976,70.7956048171053
STU_016977,86.7825649777943
STU_016978,65.88882714062166
STU_016979,56.046140688071176
STU_016980,84.0606630023918
STU_016981,61.99303050931004
STU_016982,77.25244026248603
STU_016983,69.36985036382364
STU_016984,65.34686982781506
STU_016985,100.0
STU_016986,87.2450780830515
STU_016987,82.26279161431785
STU_016988,73.53561979136812
STU_016989,88.45257370870904
STU_016990,77.48571023603745
STU_016991,63.05157236796292
STU_016992,81.30592207167052
STU_016993,80.08926230509387
STU_016994,66.77638770207236
STU_016995,64.62667200508942
STU_016996,93.10612818589857
STU_016997,82.94349727657007
STU_016998,91.31822579345732
STU_016999,98.77533941020022
STU_017000,87.29724966251733
STU_017001,85.72907091144423
STU_017002,96.87559938294052
STU_017003,95.51943337807447
STU_017004,67.96413235310311
STU_017005,80.76439553891905
STU_017006,81.2316879323234
STU_017007,69.70194035884926
STU_017008,77.28263308814829
STU_017009,82.98275376748502
STU_017010,76.49010131505993
STU_017011,57.688532247035894
STU_017012,56.007813645464765
STU_017013,96.92356709220124
STU_017014,77.18673245226186
STU_017015,80.70264968888173
STU_017016,88.30686797041005
STU_017017,66.25085030955415
STU_017018,75.41574915759591
STU_017019,56.224534123358595
STU_017020,70.12094456407377
STU_017021,82.73149689324629
STU_017022,72.98176240168341
STU_017023,59.868617149923686
STU_017024,55.91883773368092
STU_017025,63.19257584670892
STU_017026,80.43332512379475
STU_017027,81.90913190033135
STU_017028,72.20981733217694
STU_017029,87.67877064210413
STU_017030,91.42786507454761
STU_017031,56.264099526337404
STU_017032,92.8267682363008
STU_017033,86.04572587398735
STU_017034,75.09196693542481
STU_017035,73.65593324305924
STU_017036,87.60082276663744
STU_017037,93.25017431794261
STU_017038,96.49799388499665
STU_017039,88.4484544097224
STU_017040,100.0
STU_017041,60.72538038156206
STU_017042,84.77474648121304
STU_017043,74.8943900194078
STU_017044,95.1139150016802
STU_017045,85.05372233612087
STU_017046,82.16842348166928
STU_017047,94.4721006135386
STU_017048,69.45476963811024
STU_017049,85.6640404039074
STU_017050,68.32749398483436
STU_017051,78.50959072241255
STU_017052,93.36391291331492
STU_017053,80.94758397474234
STU_017054,90.01919047302235
STU_017055,83.9594652152746
STU_017056,79.8162330418832
STU_017057,96.09650403301178
STU_017058,79.89289985760868
STU_017059,63.59396467569594
STU_017060,68.51543880568877
STU_017061,91.77651552446773
STU_017062,60.596794861085954
STU_017063,77.80062276638955
STU_017064,66.63032448470283
STU_017065,92.22149491589167
STU_017066,63.76910710827735
STU_017067,92.35627226264606
STU_017068,66.74974269123646
STU_017069,81.63583587850943
STU_017070,81.78278463687474
STU_017071,76.6263036548447
STU_017072,71.49187980459078
STU_017073,92.05329506322158
STU_017074,84.95265280821246
STU_017075,91.2038424495938
STU_017076,52.876434623501055
STU_017077,87.33944488211861
STU_017078,65.01326766879649
STU_017079,62.75364286936307
STU_017080,52.878070813605405
STU_017081,70.17500752070306
STU_017082,85.45508415315678
STU_017083,66.25093253951623
STU_017084,51.46233644288556
STU_017085,61.70405575991791
STU_017086,91.77826949757213
STU_017087,72.24407181378248
STU_017088,88.94024812934724
STU_017089,65.12775253444175
STU_017090,89.40748101201947
STU_017091,68.62052498690522
STU_017092,81.59159704367843
STU_017093,52.18714394187935
STU_017094,82.8427119617362
STU_017095,52.252946973528296
STU_017096,62.7651921075518
STU_017097,62.2087037014936
STU_017098,48.19775049648493
STU_017099,76.78663453597896
STU_017100,81.72112122741395
STU_017101,79.1271582999538
STU_017102,82.90579372078277
STU_017103,79.13710852872191
STU_017104,86.77534783846255
STU_017105,70.19684437924944
STU_017106,64.94628868659987
STU_017107,51.71930491221576
STU_017108,82.14879455766919
STU_017109,70.18946161126702
STU_017110,69.08740526258445
STU_017111,83.9312752710853
STU_017112,87.63763594574692
STU_017113,62.795090229504424
STU_017114,76.23879444497373
STU_017115,79.91029870838085
STU_017116,96.36102429311369
STU_017117,51.37786167969448
STU_017118,84.8222593619401
STU_017119,84.69973970492207
STU_017120,89.70596663205254
STU_017121,73.31760540420171
STU_017122,96.74534595438959
STU_017123,71.5367970657924
STU_017124,74.98960834695275
STU_017125,72.60239073059208
STU_017126,82.1625027796243
STU_017127,62.01770742291272
STU_017128,74.02192420744721
STU_017129,61.40370578679271
STU_017130,74.72786309152119
STU_017131,70.35412724849321
STU_017132,73.15600643992276
STU_017133,76.35482254466376
STU_017134,93.8579873080833
STU_017135,60.867987518501835
STU_017136,85.43241079138241
STU_017137,62.49174396377184
STU_017138,77.78842277484335
STU_017139,91.02805086418606
STU_017140,78.47020149441487
STU_017141,86.88567591014325
STU_017142,92.89069275444899
STU_017143,54.260521534294725
STU_017144,93.28206896120213
STU_017145,89.43513031628657
STU_017146,94.67634010883103
STU_017147,100.0
STU_017148,74.86390746439234
STU_017149,73.86953431958642
STU_017150,59.42392595074294
STU_017151,75.07614836736053
STU_017152,74.38487857633838
STU_017153,77.19156835482343
STU_017154,77.39316004434903
STU_017155,56.81454240562681
STU_017156,56.732534799486785
STU_017157,77.33723904651866
STU_017158,85.61319918183575
STU_017159,61.093112136262825
STU_017160,59.58314762562928
STU_017161,77.4479797215456
STU_017162,77.11416763897721
STU_017163,77.31650265376868
STU_017164,92.18741576163036
STU_017165,66.7071487857457
STU_017166,74.1537775082007
STU_017167,66.06494871019041
STU_017168,78.22072653359739
STU_017169,87.21467663446526
STU_017170,86.54568962130097
STU_017171,92.91001933494657
STU_017172,73.82601444132456
STU_017173,55.71067172936944
STU_017174,63.07851978410653
STU_017175,99.34406404493294
STU_017176,80.9023921274107
STU_017177,72.90525162507387
STU_017178,85.31437601674197
STU_017179,82.31797939186163
STU_017180,73.37780850923266
STU_017181,85.04989302396785
STU_017182,68.13711829238844
STU_017183,96.11986607108949
STU_017184,85.93403141383345
STU_017185,94.32637387129628
STU_017186,66.14949201768776
STU_017187,84.96910052911285
STU_017188,77.24287772760378
STU_017189,55.239723419523685
STU_017190,85.4353153017176
STU_017191,69.65199739554268
STU_017192,66.1454610465196
STU_017193,54.54612711188294
STU_017194,85.38764984701487
STU_017195,67.57906244178014
STU_017196,82.9146162733295
STU_017197,78.46995426543856
STU_017198,74.55794797048624
STU_017199,74.40418120807533
STU_017200,66.92788119130643
STU_017201,69.97193189992484
STU_017202,88.77937154837552
STU_017203,77.99845172891568
STU_017204,66.47082452260163
STU_017205,87.41846844725255
STU_017206,77.39997318653441
STU_017207,91.70192260809134
STU_017208,61.25586391175936
STU_017209,59.04596027765598
STU_017210,36.56582443462305
STU_017211,89.7803750658975
STU_017212,91.59370360063707
STU_017213,92.6036819235066
STU_017214,84.31892838069058
STU_017215,64.07859239569083
STU_017216,54.6421100857091
STU_017217,100.0
STU_017218,73.68010254552459
STU_017219,93.43143091915812
STU_017220,76.49681858824309
STU_017221,71.54077245109463
STU_017222,65.59311682457184
STU_017223,73.0894086886953
STU_017224,85.2594063393524
STU_017225,90.26587490322588
STU_017226,80.30834240862384
STU_017227,71.06106955487498
STU_017228,86.31010628726402
STU_017229,69.50134484280689
STU_017230,91.949893496666
STU_017231,64.55868040713054
STU_017232,70.98520448293343
STU_017233,74.16905095808072
STU_017234,88.25816811566055
STU_017235,77.6812932861256
STU_017236,63.58698044156761
STU_017237,91.7152333769474
STU_017238,81.9145428719822
STU_017239,52.78387808355875
STU_017240,92.07242978076127
STU_017241,73.70591656749403
STU_017242,47.20331380949543
STU_017243,83.76018777133146
STU_017244,73.55947554203964
STU_017245,90.48902704480486
STU_017246,84.7987411849177
STU_017247,57.45363789069633
STU_017248,65.71499323200115
STU_017249,65.16717018010937
STU_017250,59.50210586361614
STU_017251,87.82630509673342
STU_017252,57.759699211742344
STU_017253,87.45198493635623
STU_017254,48.10284322109304
STU_017255,57.08690141657624
STU_017256,49.734915365437864
STU_017257,79.92921964746304
STU_017258,77.31830370865572
STU_017259,69.94154633961617
STU_017260,70.8472905882414
STU_017261,58.30219064249784
STU_017262,74.1325173691107
STU_017263,80.4977410570332
STU_017264,69.61546388557478
STU_017265,90.86972389565221
STU_017266,54.54393058017146
STU_017267,70.54268646605502
STU_017268,74.41695069932864
STU_017269,69.96297609011393
STU_017270,82.35919662135217
STU_017271,80.29489362802178
STU_017272,58.34915530762953
STU_017273,87.19114588898158
STU_017274,86.56673979685931
STU_017275,66.33716804389361
STU_017276,56.5662231790275
STU_017277,77.44510266900582
STU_017278,91.69255227905246
STU_017279,72.9014379970532
STU_017280,81.78186750514577
STU_017281,69.03499951429907
STU_017282,77.57199173715411
STU_017283,81.87644731790228
STU_017284,86.55583606946104
STU_017285,84.90391148088669
STU_017286,76.04118335119662
STU_017287,64.80357318675804
STU_017288,61.80115205629279
STU_017289,76.15732393240903
STU_017290,85.47323793750388
STU_017291,84.58845635494782
STU_017292,67.2563668217098
STU_017293,71.41074272737227
STU_017294,63.58239582774633
STU_017295,75.37537926528857
STU_017296,76.87003533687023
STU_017297,96.32751388664329
STU_017298,68.83484690323236
STU_017299,74.43461280361743
STU_017300,58.2663722778626
STU_017301,60.437018843278054
STU_017302,72.60951965512223
STU_017303,90.3565088547066
STU_017304,86.59392859539341
STU_017305,76.14216637176182
STU_017306,81.14148298919437
STU_017307,96.01516699184234
STU_017308,91.3339869821582
STU_017309,91.10178672148334
STU_017310,66.03620216710709
STU_017311,79.23344696582392
STU_017312,67.23638069006262
STU_017313,92.91009661403496
STU_017314,79.97864991042385
STU_017315,86.19356694955854
STU_017316,71.55480603800098
STU_017317,86.09342231695051
STU_017318,40.35166498858362
STU_017319,66.49042871185038
STU_017320,92.26903345465762
STU_017321,81.4468408785326
STU_017322,78.01355627741079
STU_017323,80.74836030192402
STU_017324,86.95028573171959
STU_017325,85.00656725398247
STU_017326,70.87051738081992
STU_017327,85.42577277050296
STU_017328,77.44933932429386
STU_017329,43.979039380096154
STU_017330,89.13750943558665
STU_017331,78.05776917423273
STU_017332,71.16223034538022
STU_017333,69.23634708290659
STU_017334,81.54788030255018
STU_017335,85.63845676786451
STU_017336,66.08031034316313
STU_017337,81.0993427397706
STU_017338,81.35816579674369
STU_017339,97.64953570980457
STU_017340,81.56920620011648
STU_017341,88.55318050407794
STU_017342,64.50368624946562
STU_017343,84.54347133078116
STU_017344,63.808300167143344
STU_017345,71.48053627812415
STU_017346,61.07449081496182
STU_017347,92.1701986398062
STU_017348,75.79925084338987
STU_017349,83.44368747540474
STU_017350,56.84741852343315
STU_017351,61.0827981946426
STU_017352,61.58040963762026
STU_017353,57.29698279607257
STU_017354,85.33185195639297
STU_017355,61.3033866073022
STU_017356,70.54648113778207
STU_017357,65.27642696630035
STU_017358,63.623488485457244
STU_017359,89.3703482104506
STU_017360,97.27745142810909
STU_017361,94.90907028679865
STU_017362,66.11424531330069
STU_017363,87.26743592898919
STU_017364,91.20180604764417
STU_017365,85.06342902318517
STU_017366,81.703862169922
STU_017367,100.0
STU_017368,60.4691096457325
STU_017369,51.8320835071996
STU_017370,86.9617050411977
STU_017371,80.2833037059448
STU_017372,85.60609854270257
STU_017373,64.34503095968984
STU_017374,49.325321334509496
STU_017375,88.05089737945933
STU_017376,74.09066515938015
STU_017377,67.93009096806591
STU_017378,76.8989729303338
STU_017379,62.40198007963377
STU_017380,64.86056498945432
STU_017381,61.35264649259588
STU_017382,87.8156274012477
STU_017383,76.30230701692379
STU_017384,70.16017216211567
STU_017385,63.422816340674615
STU_017386,73.39631733567687
STU_017387,85.73847107510208
STU_017388,67.91661703650375
STU_017389,83.39122099027318
STU_017390,74.04009056527556
STU_017391,72.72216386528808
STU_017392,68.2033512389286
STU_017393,64.25122333701505
STU_017394,70.11840820943142
STU_017395,58.65674818112693
STU_017396,81.841944047906
STU_017397,78.79624488501251
STU_017398,81.15049837692727
STU_017399,84.24935271783568
STU_017400,46.79824555389464
STU_017401,43.679759859182305
STU_017402,95.41843364213648
STU_017403,60.359670718596156
STU_017404,69.990727025984
STU_017405,65.4422148470825
STU_017406,66.9066144290956
STU_017407,66.10167989266611
STU_017408,80.23679163431352
STU_017409,82.3824230653348
STU_017410,77.3109579389602
STU_017411,58.97229157050226
STU_017412,81.48802266657205
STU_017413,84.78162349512333
STU_017414,78.38061657380291
STU_017415,55.944198330744456
STU_017416,66.83552982061813
STU_017417,77.99997765040048
STU_017418,88.30184064502616
STU_017419,68.69971380442044
STU_017420,80.01704311152174
STU_017421,75.84751199786164
STU_017422,83.13735543624031
STU_017423,71.37526120472161
STU_017424,53.94747460721666
STU_017425,76.83556463794925
STU_017426,62.683733572966354
STU_017427,81.0129724047846
STU_017428,73.63478870042734
STU_017429,62.1398313112494
STU_017430,98.84657895686954
STU_017431,70.43768791574263
STU_017432,94.42103799837153
STU_017433,87.83925629681114
STU_017434,76.49554960529399
STU_017435,82.76946201753569
STU_017436,72.10466260023394
STU_017437,70.94245883793832
STU_017438,97.6814817134059
STU_017439,60.93866964374806
STU_017440,88.00397011387588
STU_017441,49.286412414612904
STU_017442,78.36937100564985
STU_017443,86.23749275687834
STU_017444,79.36800455514245
STU_017445,93.56855261533457
STU_017446,88.75420817122571
STU_017447,67.79012852163352
STU_017448,79.37798858496525
STU_017449,86.16696603278795
STU_017450,86.44118324318848
STU_017451,69.84563121167908
STU_017452,81.50858891788081
STU_017453,90.36285087599006
STU_017454,58.6910471739986
STU_017455,90.2181553969177
STU_017456,80.10147352852472
STU_017457,66.79204993197028
STU_017458,62.263355595506496
STU_017459,79.06689624252203
STU_017460,66.57871435796632
STU_017461,84.01369879964791
STU_017462,79.3394319196855
STU_017463,92.94628011065163
STU_017464,77.87320937393292
STU_017465,82.02708900516282
STU_017466,79.07839470159722
STU_017467,56.79088680065091
STU_017468,84.57937622237986
STU_017469,89.70916247106398
STU_017470,85.29351034945277
STU_017471,87.08893477885925
STU_017472,66.27355408237453
STU_017473,98.54077330023893
STU_017474,35.49793699722794
STU_017475,64.2081979201568
STU_017476,69.96441903303685
STU_017477,66.51800146077122
STU_017478,52.57751103308269
STU_017479,73.78286923956058
STU_017480,95.24668195219485
STU_017481,90.87732640236403
STU_017482,79.99889055440025
STU_017483,92.59451434305761
STU_017484,85.69512812779257
STU_017485,91.49270420111931
STU_017486,72.99306737575209
STU_017487,89.43842104033524
STU_017488,61.72373815942006
STU_017489,64.25987320166071
STU_017490,94.15979722423295
STU_017491,76.11446598204584
STU_017492,60.127060044180325
STU_017493,78.01712943927726
STU_017494,75.95391144451759
STU_017495,53.35918434322192
STU_017496,76.7477908111139
STU_017497,85.11795352384952
STU_017498,59.57396157116827
STU_017499,84.8357190293234
STU_017500,83.83984863153687
STU_017501,75.20380471808762
STU_017502,84.74147790633714
STU_017503,67.42337817305182
STU_017504,87.28987627212658
STU_017505,78.94084084567048
STU_017506,76.05514418172712
STU_017507,56.26654616790999
STU_017508,68.96611980834929
STU_017509,84.18309445271443
STU_017510,96.74845231628663
STU_017511,71.52696362322524
STU_017512,77.08846738993016
STU_017513,81.31668733689003
STU_017514,72.95560579682382
STU_017515,79.13475196696751
STU_017516,96.22885813224806
STU_017517,82.83814868052855
STU_017518,81.66004926130103
STU_017519,88.84610622098664
STU_017520,96.98728097417376
STU_017521,61.48490550652562
STU_017522,75.1962940039138
STU_017523,78.6904194656692
STU_017524,61.8720199524832
STU_017525,70.30513608859275
STU_017526,77.55320955226848
STU_017527,81.03827804796347
STU_017528,72.5020992258144
STU_017529,96.78138684885964
STU_017530,83.75217640887577
STU_017531,89.15561379163634
STU_017532,63.55330028610956
STU_017533,69.43799172402504
STU_017534,59.29925352338195
STU_017535,72.48515731213661
STU_017536,85.91752546908685
STU_017537,93.7622914265761
STU_017538,94.13982162709186
STU_017539,73.87493918847301
STU_017540,96.41079066421031
STU_017541,52.15898195205536
STU_017542,69.6246647079599
STU_017543,83.66988807651657
STU_017544,94.22526665131355
STU_017545,69.46293032876008
STU_017546,68.363140062997
STU_017547,91.92263505202436
STU_017548,77.33907626383301
STU_017549,97.77440757592389
STU_017550,78.55089024373409
STU_017551,95.32329529679916
STU_017552,47.35472058783773
STU_017553,87.52933515477693
STU_017554,61.37958718458614
STU_017555,70.62050807848384
STU_017556,70.13153209581695
STU_017557,54.02030727250525
STU_017558,46.84969780800953
STU_017559,81.06168734120442
STU_017560,70.56127804750344
STU_017561,94.29406223136209
STU_017562,60.890092396022254
STU_017563,68.17270011448814
STU_017564,65.6632712812063
STU_017565,69.10225553226013
STU_017566,82.1787111332023
STU_017567,69.66668602319817
STU_017568,71.52907388416159
STU_017569,78.78706316488297
STU_017570,99.35968999192795
STU_017571,87.35254305730555
STU_017572,80.88686957029442
STU_017573,73.99764909264661
STU_017574,84.97301816519814
STU_017575,88.26923668594426
STU_017576,84.49286949651703
STU_017577,67.30110933216591
STU_017578,79.73881058871243
STU_017579,73.37228700875714
STU_017580,78.04371423291764
STU_017581,77.00110298495807
STU_017582,75.48368598657471
STU_017583,95.58257925751586
STU_017584,60.067810229004756
STU_017585,51.81585548662787
STU_017586,78.51988978530079
STU_017587,65.00105387833128
STU_017588,68.29198833663207
STU_017589,89.71328739646216
STU_017590,74.60470759830572
STU_017591,91.5160261073168
STU_017592,65.85196792422465
STU_017593,60.55510292111231
STU_017594,52.5787998832158
STU_017595,96.14562971772355
STU_017596,75.9379274798998
STU_017597,87.09261223401714
STU_017598,46.899884256330125
STU_017599,65.75291839279828
STU_017600,76.70973832050424
STU_017601,68.14337676900801
STU_017602,61.55287783942025
STU_017603,88.221410517475
STU_017604,85.82063378914901
STU_017605,67.34566890529265
STU_017606,89.72130912732861
STU_017607,80.45846915459273
STU_017608,93.79303175828588
STU_017609,72.63438616961083
STU_017610,76.16905946259676
STU_017611,74.61869056557555
STU_017612,96.43532219715975
STU_017613,83.60464122462298
STU_017614,92.09599653517465
STU_017615,70.36085250318997
STU_017616,87.56874599223781
STU_017617,89.97546602296275
STU_017618,42.14148334656505
STU_017619,64.28690754958446
STU_017620,74.28554669519606
STU_017621,84.98014490720402
STU_017622,96.04456794953845
STU_017623,56.77272397419652
STU_017624,69.88592460226097
STU_017625,66.17267887720293
STU_017626,57.751566040141384
STU_017627,55.3722822473449
STU_017628,72.9962259114638
STU_017629,68.7597214758197
STU_017630,58.36452616502707
STU_017631,52.265782343950896
STU_017632,77.10509708562729
STU_017633,76.69015674307511
STU_017634,81.42872461940871
STU_017635,76.50217753769623
STU_017636,71.68674116989423
STU_017637,90.30568847843195
STU_017638,68.91142710233859
STU_017639,85.69542345427514
STU_017640,94.3301908965124
STU_017641,99.44131819672451
STU_017642,65.13148249070379
STU_017643,63.771775121284946
STU_017644,78.60169827577066
STU_017645,84.60806433160278
STU_017646,69.32098631343833
STU_017647,61.97846389954304
STU_017648,84.92407364971311
STU_017649,97.05302281822942
STU_017650,96.34166778980192
STU_017651,68.4135650598638
STU_017652,73.97787721842431
STU_017653,95.82417383865005
STU_017654,76.71133266304669
STU_017655,83.97440068573331
STU_017656,83.85265288618106
STU_017657,55.4965633768811
STU_017658,66.2029459852817
STU_017659,100.0
STU_017660,76.65334070778053
STU_017661,80.47441759701972
STU_017662,63.87495903939424
STU_017663,79.6921881303691
STU_017664,78.44061838584751
STU_017665,72.16335418362196
STU_017666,78.59351200819341
STU_017667,75.37054427997903
STU_017668,74.36783532923013
STU_017669,73.6144352352802
STU_017670,46.86603789023032
STU_017671,71.18832697846891
STU_017672,59.9308943709181
STU_017673,69.65969598022602
STU_017674,69.65748149267844
STU_017675,73.1347469191595
STU_017676,68.97380890738548
STU_017677,83.52305645163365
STU_017678,84.67300196890736
STU_017679,87.06207002653218
STU_017680,74.28809425764977
STU_017681,86.76772134446554
STU_017682,74.08741434446685
STU_017683,79.52889156528175
STU_017684,83.27571915147881
STU_017685,73.60474478169594
STU_017686,61.85788882704313
STU_017687,72.90922142088743
STU_017688,70.90752109164562
STU_017689,89.42693819108447
STU_017690,66.54146997208814
STU_017691,73.40783307014063
STU_017692,73.5753357301609
STU_017693,62.44616474271409
STU_017694,77.45361061955687
STU_017695,97.55484424754994
STU_017696,78.8882133513687
STU_017697,43.74153723805593
STU_017698,48.95024154818935
STU_017699,92.19130405474256
STU_017700,49.05380633377425
STU_017701,53.07136061626395
STU_017702,79.02812638803593
STU_017703,80.88942133458575
STU_017704,61.38225478822773
STU_017705,58.0292041798661
STU_017706,84.39600648809471
STU_017707,45.68803983833904
STU_017708,94.7297112481949
STU_017709,85.76103858957966
STU_017710,87.77786469799088
STU_017711,100.0
STU_017712,74.37928916753982
STU_017713,69.01139531447355
STU_017714,87.03622602968414
STU_017715,64.09010840447561
STU_017716,55.84150405740793
STU_017717,72.89428042483895
STU_017718,89.1052083125253
STU_017719,69.90695212414464
STU_017720,72.92829942311666
STU_017721,83.67989886129362
STU_017722,100.0
STU_017723,71.3586339997582
STU_017724,74.69585154091337
STU_017725,93.38984038706296
STU_017726,89.43380591178858
STU_017727,84.93208152495308
STU_017728,86.34908867036077
STU_017729,69.50014563644643
STU_017730,61.08408867239767
STU_017731,57.98502130231351
STU_017732,79.57292621446345
STU_017733,65.25309430349633
STU_017734,69.21773728779311
STU_017735,66.00648060607034
STU_017736,70.47348936264606
STU_017737,60.50071303075882
STU_017738,95.40876229704027
STU_017739,86.55422710164592
STU_017740,78.77041227690836
STU_017741,88.165114583066
STU_017742,84.68667170205592
STU_017743,88.83454722843885
STU_017744,84.6867537847682
STU_017745,87.13774411235713
STU_017746,81.6596157206933
STU_017747,67.74767895293351
STU_017748,61.916708503558596
STU_017749,66.21802677780185
STU_017750,87.98713324084889
STU_017751,79.5563742104305
STU_017752,76.2189618268691
STU_017753,95.16824370532105
STU_017754,88.51261731936532
STU_017755,89.27941304528741
STU_017756,86.55694472386861
STU_017757,52.92368709836452
STU_017758,70.6626379773662
STU_017759,82.22053251509229
STU_017760,93.5219519050872
STU_017761,62.858374636675
STU_017762,100.0
STU_017763,91.11845611330219
STU_017764,58.06853756792904
STU_017765,93.76321369082663
STU_017766,77.10255532368637
STU_017767,58.377300754716806
STU_017768,63.45268331135009
STU_017769,89.56819001113695
STU_017770,74.51685740663693
STU_017771,54.11494607209613
STU_017772,71.19563663731492
STU_017773,57.013063095029366
STU_017774,99.9897615120437
STU_017775,80.90050123926271
STU_017776,82.7875142772921
STU_017777,81.17849834237732
STU_017778,81.83847995790036
STU_017779,54.709263114806944
STU_017780,71.89259733344115
STU_017781,80.21997508134224
STU_017782,72.73724305497092
STU_017783,66.25036144312098
STU_017784,81.97314531154811
STU_017785,85.63072260548677
STU_017786,74.36457485568597
STU_017787,81.56863061095493
STU_017788,74.05746010571097
STU_017789,84.10478916788188
STU_017790,55.706725742967166
STU_017791,90.16105859902697
STU_017792,69.71978260299927
STU_017793,63.66574299105521
STU_017794,66.1955795589103
STU_017795,69.77578362082063
STU_017796,81.39035410614036
STU_017797,90.06309418964395
STU_017798,96.28216883479512
STU_017799,100.0
STU_017800,90.43034456572693
STU_017801,75.9670425163882
STU_017802,94.19896372148904
STU_017803,60.99330970599716
STU_017804,82.80122339214611
STU_017805,73.20978477695999
STU_017806,69.29285580109392
STU_017807,94.6399564932129
STU_017808,69.37281589233231
STU_017809,82.14454219635694
STU_017810,99.78957445448748
STU_017811,71.32320096622226
STU_017812,87.33927332604041
STU_017813,84.23910385639152
STU_017814,74.09610920105212
STU_017815,68.57420752064387
STU_017816,58.201069499542285
STU_017817,56.008540857434575
STU_017818,87.91311538250075
STU_017819,86.32238511426657
STU_017820,88.246058640994
STU_017821,73.0063754698956
STU_017822,89.56620913432772
STU_017823,96.39913959223175
STU_017824,52.43243928123065
STU_017825,77.88704087836219
STU_017826,83.50245008048798
STU_017827,86.43350246789528
STU_017828,59.345735058449186
STU_017829,64.31049577224401
STU_017830,67.96961900709093
STU_017831,84.2005969360115
STU_017832,82.88481773614926
STU_017833,57.931852399117055
STU_017834,83.82733758530433
STU_017835,68.92890871789102
STU_017836,78.52391105867481
STU_017837,71.75842895085057
STU_017838,65.77532916790777
STU_017839,96.25422168860594
STU_017840,72.91055018420087
STU_017841,90.16339074675048
STU_017842,77.75594169911093
STU_017843,80.85226603165661
STU_017844,65.76882366080577
STU_017845,99.47226378103558
STU_017846,91.75532114886644
STU_017847,53.14689908796374
STU_017848,64.3613162304377
STU_017849,53.61066569812834
STU_017850,70.47687299850597
STU_017851,59.98611551532512
STU_017852,83.46583615830465
STU_017853,71.0889558237041
STU_017854,94.14057290876201
STU_017855,54.48577763493829
STU_017856,81.17859716483572
STU_017857,82.84967123787219
STU_017858,78.70882826025193
STU_017859,64.14322949892451
STU_017860,81.79821717904072
STU_017861,87.3613677398831
STU_017862,73.56461221732998
STU_017863,90.80586350314104
STU_017864,80.95129082480643
STU_017865,71.6782302332397
STU_017866,80.39823296318377
STU_017867,63.09046578450152
STU_017868,94.99213576138884
STU_017869,62.91591093406828
STU_017870,83.33936451288062
STU_017871,92.62119673437796
STU_017872,68.43138720467158
STU_017873,97.15665009626474
STU_017874,79.58360031223916
STU_017875,70.83697332002703
STU_017876,70.71419559741949
STU_017877,51.09674410040808
STU_017878,90.64039538947128
STU_017879,56.704354962623356
STU_017880,95.11112848893332
STU_017881,75.07281456080902
STU_017882,70.76805247010556
STU_017883,92.91472883064841
STU_017884,58.79533212063288
STU_017885,65.21648092381575
STU_017886,81.31467976537623
STU_017887,57.756089581342344
STU_017888,62.753214626238425
STU_017889,100.0
STU_017890,100.0
STU_017891,80.56492472683017
STU_017892,55.56705121310151
STU_017893,79.68418819207149
STU_017894,62.43710787772093
STU_017895,70.24845910362995
STU_017896,81.9490532229616
STU_017897,60.54029646692966
STU_017898,83.12896565901727
STU_017899,83.54900851599292
STU_017900,71.85669902431547
STU_017901,89.21730643995055
STU_017902,67.17475939448818
STU_017903,74.96173099443423
STU_017904,80.4427337983659
STU_017905,76.3474344228071
STU_017906,66.84773836900474
STU_017907,76.0133434514771
STU_017908,73.37881303888314
STU_017909,69.92481876122098
STU_017910,72.07986379868886
STU_017911,61.66528620382181
STU_017912,90.590874215338
STU_017913,87.66883299745282
STU_017914,71.03088424228054
STU_017915,76.658477957535
STU_017916,77.67491177759024
STU_017917,81.8822484673222
STU_017918,76.80014088131912
STU_017919,91.9209946020896
STU_017920,73.79663396964769
STU_017921,83.03044058393859
STU_017922,74.89848999540042
STU_017923,65.20409113495585
STU_017924,74.93971092658488
STU_017925,66.74226787594233
STU_017926,77.8593972178726
STU_017927,97.4399703550836
STU_017928,85.90845315123406
STU_017929,89.27168667241901
STU_017930,77.67542837150765
STU_017931,66.33007733855685
STU_017932,96.02553569634546
STU_017933,95.54532295136585
STU_017934,92.63378601707001
STU_017935,77.58938811335835
STU_017936,55.071537722644095
STU_017937,81.87722486639896
STU_017938,65.29458073562768
STU_017939,85.84740412423287
STU_017940,74.9119479340062
STU_017941,66.68733476998109
STU_017942,66.98818847453028
STU_017943,56.6889159365963
STU_017944,65.89267225173936
STU_017945,87.89251634669722
STU_017946,65.07029154500297
STU_017947,60.27248660125008
STU_017948,73.07781648267643
STU_017949,58.20974727830429
STU_017950,50.62295703014959
STU_017951,69.14815976148103
STU_017952,93.68572313093527
STU_017953,71.06818733417067
STU_017954,98.5973082225506
STU_017955,67.18614426789068
STU_017956,66.69043481356086
STU_017957,66.94676303789952
STU_017958,46.381505968464715
STU_017959,86.87406668536602
STU_017960,79.74064834355227
STU_017961,89.89109174563161
STU_017962,58.71465315168572
STU_017963,63.99745783955443
STU_017964,52.17807992324919
STU_017965,95.18934505432402
STU_017966,76.24709012954241
STU_017967,77.88562673068316
STU_017968,96.21022664091424
STU_017969,79.7721375402896
STU_017970,54.56996258971695
STU_017971,62.48187560677978
STU_017972,70.69098648822873
STU_017973,66.74392172236568
STU_017974,77.2283273260202
STU_017975,64.36853455756122
STU_017976,65.22166850587635
STU_017977,94.33073736805802
STU_017978,63.575025822252755
STU_017979,74.18809745326082
STU_017980,61.00906749064072
STU_017981,96.82819199473322
STU_017982,71.77053128460166
STU_017983,81.73272878623992
STU_017984,72.35448503749652
STU_017985,65.17016655958612
STU_017986,64.14874566144766
STU_017987,83.0062174587182
STU_017988,63.684612623236205
STU_017989,73.12792114919715
STU_017990,76.76476435766338
STU_017991,79.19979403123004
STU_017992,48.91477017820783
STU_017993,96.57090723861754
STU_017994,88.15500658872071
STU_017995,80.5387480546361
STU_017996,57.922709939979846
STU_017997,72.60038257913851
STU_017998,85.78010918578387
STU_017999,88.7430867876289
STU_018000,95.8561059118578
STU_018001,77.04223078668844
STU_018002,48.890559279371786
STU_018003,73.25425999296006
STU_018004,82.55466505306283
STU_018005,75.70369492534007
STU_018006,67.80753434394495
STU_018007,98.27581582070303
STU_018008,90.84399449112972
STU_018009,89.8311596203335
STU_018010,84.00804997093361
STU_018011,86.80757297546945
STU_018012,69.88764308020784
STU_018013,86.96563959387102
STU_018014,67.51299198399299
STU_018015,76.85771574877631
STU_018016,73.07308436630177
STU_018017,82.4100006304822
STU_018018,98.0779803425255
STU_018019,65.58941285212286
STU_018020,75.57338240583084
STU_018021,68.27798060241463
STU_018022,91.07200001998761
STU_018023,84.36092797078243
STU_018024,41.53829447599462
STU_018025,77.50723259632242
STU_018026,71.80926983626296
STU_018027,82.27622742617694
STU_018028,98.76747353752023
STU_018029,69.98243539029608
STU_018030,91.0221411625352
STU_018031,85.95591717932314
STU_018032,71.33177689855259
STU_018033,85.55132086485867
STU_018034,75.88660277741387
STU_018035,89.75407854918872
STU_018036,78.07761961129025
STU_018037,43.20342921486301
STU_018038,64.72083501037703
STU_018039,78.24370804321947
STU_018040,76.44902334594538
STU_018041,65.02342041092825
STU_018042,65.90074426893939
STU_018043,88.99591684585825
STU_018044,75.14090284020897
STU_018045,71.8142514183051
STU_018046,81.96620396139934
STU_018047,60.4077238599037
STU_018048,94.50854995063881
STU_018049,85.52080210805912
STU_018050,86.00618951846698
STU_018051,64.84747264563134
STU_018052,65.88575207580328
STU_018053,65.31964804332652
STU_018054,45.23384906723925
STU_018055,99.15001739096382
STU_018056,40.16833775661381
STU_018057,62.07402759088771
STU_018058,90.94996150986833
STU_018059,88.68900149861227
STU_018060,62.6454737546612
STU_018061,79.94298380490815
STU_018062,83.38049851743861
STU_018063,71.76507605768576
STU_018064,86.62254377112404
STU_018065,84.9516413240224
STU_018066,94.17913830352228
STU_018067,96.47845883592157
STU_018068,79.90790251522304
STU_018069,79.44331891305454
STU_018070,78.13518375146771
STU_018071,92.53479861836115
STU_018072,84.27043807794772
STU_018073,59.757065746978185
STU_018074,69.44848726618133
STU_018075,70.36250978879328
STU_018076,66.0961538139767
STU_018077,56.815852766239736
STU_018078,70.15237466312986
STU_018079,81.76618573714612
STU_018080,90.89958689907974
STU_018081,75.33713779107562
STU_018082,81.8141768728174
STU_018083,93.42563259123179
STU_018084,64.41108275761836
STU_018085,73.26884577239225
STU_018086,86.4810267257092
STU_018087,72.58387855119493
STU_018088,65.64953204079741
STU_018089,55.5036965144197
STU_018090,67.82380621332557
STU_018091,80.37304190601556
STU_018092,75.91723626528496
STU_018093,67.82979360844281
STU_018094,72.20220563640997
STU_018095,77.74587162545329
STU_018096,58.67274345555017
STU_018097,82.55545007793818
STU_018098,62.714017179736196
STU_018099,73.03754622332441
STU_018100,92.95785285259093
STU_018101,82.57679340721339
STU_018102,59.18185182682283
STU_018103,95.98695839228282
STU_018104,61.21971896623674
STU_018105,61.068836786395835
STU_018106,76.72626885998362
STU_018107,77.67708561578833
STU_018108,71.25181282610896
STU_018109,86.35294162094216
STU_018110,79.27043186496978
STU_018111,83.54333319170118
STU_018112,69.3211976050257
STU_018113,59.16915330430275
STU_018114,89.09890723797061
STU_018115,77.72625075663491
STU_018116,67.54721558338925
STU_018117,78.3406052328381
STU_018118,67.25701948628942
STU_018119,97.60278680153772
STU_018120,63.65885444617018
STU_018121,95.23150798778903
STU_018122,80.54178149543777
STU_018123,73.06326936281712
STU_018124,84.16070781807318
STU_018125,69.44725999655351
STU_018126,54.590289594487786
STU_018127,65.9907600453906
STU_018128,52.6901665562274
STU_018129,76.52895605477043
STU_018130,90.2312191026763
STU_018131,73.2673344954695
STU_018132,97.23026268003724
STU_018133,77.76067220727819
STU_018134,100.0
STU_018135,99.3118074498033
STU_018136,47.357347966646856
STU_018137,69.35380011952799
STU_018138,89.90357037775124
STU_018139,76.99079878702727
STU_018140,49.63465199861597
STU_018141,60.62092602342908
STU_018142,75.32700831908406
STU_018143,58.96195791940151
STU_018144,63.10879343372821
STU_018145,78.79063417011602
STU_018146,52.07321276017675
STU_018147,83.56018626641428
STU_018148,77.81362977416565
STU_018149,61.030555816175806
STU_018150,86.55223768092463
STU_018151,69.53619805841805
STU_018152,56.91496826236878
STU_018153,83.56675649899799
STU_018154,58.852333828426325
STU_018155,89.54204917057993
STU_018156,98.6551654407375
STU_018157,53.24276604114067
STU_018158,63.84292930200872
STU_018159,66.01319093969309
STU_018160,65.35282815469323
STU_018161,82.07447999108129
STU_018162,65.74243691446084
STU_018163,97.8189724783021
STU_018164,71.81053912919126
STU_018165,57.118384198653445
STU_018166,76.30532660117082
STU_018167,75.97569061873166
STU_018168,81.56018170333687
STU_018169,65.27710287983051
STU_018170,48.33443355323519
STU_018171,62.816322831794565
STU_018172,84.75615598358122
STU_018173,65.20609108830251
STU_018174,82.32019575263527
STU_018175,74.2128188477296
STU_018176,80.60890530264705
STU_018177,76.49310348792048
STU_018178,72.40663605872537
STU_018179,70.41228066024982
STU_018180,91.64391770186333
STU_018181,72.81563150912706
STU_018182,78.0972663108613
STU_018183,72.28771861055228
STU_018184,54.62506738486965
STU_018185,67.01411285265175
STU_018186,89.85342350799888
STU_018187,60.74376715475963
STU_018188,86.41962280667525
STU_018189,77.33710898945182
STU_018190,69.4038596852429
STU_018191,80.48274592867028
STU_018192,76.76066566000199
STU_018193,79.91457910633349
STU_018194,71.11122645085149
STU_018195,85.46200691717752
STU_018196,55.703688871720196
STU_018197,90.97574136781024
STU_018198,78.85373161711752
STU_018199,73.56221444811297
STU_018200,86.36083274394849
STU_018201,73.15732915816801
STU_018202,45.17654036228318
STU_018203,78.1053841183637
STU_018204,75.00629432086185
STU_018205,69.29486431856367
STU_018206,71.54914694004678
STU_018207,75.41306849866474
STU_018208,75.09249211507533
STU_018209,62.09597733286265
STU_018210,86.17716788321277
STU_018211,98.95654754257657
STU_018212,74.02744716743553
STU_018213,53.11591091821267
STU_018214,78.97347563098023
STU_018215,70.50132001850814
STU_018216,78.47975839745368
STU_018217,61.38180006653978
STU_018218,75.45003944591599
STU_018219,87.99189949140984
STU_018220,81.34388262049075
STU_018221,94.64909804310997
STU_018222,87.75488977407758
STU_018223,87.5171193501823
STU_018224,82.81819174004207
STU_018225,74.49114664388131
STU_018226,79.79036474759081
STU_018227,77.05928258958674
STU_018228,78.18412177528043
STU_018229,74.35919637790535
STU_018230,86.77552378181883
STU_018231,72.5476172798458
STU_018232,59.402581972184635
STU_018233,58.5238725060012
STU_018234,92.8380272835884
STU_018235,83.75177935244795
STU_018236,98.83993219634976
STU_018237,55.40247548949354
STU_018238,73.74574443461023
STU_018239,90.61276294290461
STU_018240,57.78947019320877
STU_018241,87.33813299866485
STU_018242,71.64470686122901
STU_018243,80.10717042564903
STU_018244,94.01644058784798
STU_018245,75.77005781648539
STU_018246,76.6220986626077
STU_018247,56.38758583257161
STU_018248,74.99582766434732
STU_018249,70.83947673577383
STU_018250,69.4661495831199
STU_018251,68.61353795958951
STU_018252,94.7339583572387
STU_018253,56.257855826549985
STU_018254,88.46974274983145
STU_018255,75.260853831957
STU_018256,90.6509781571607
STU_018257,76.1202156561204
STU_018258,85.59349889525878
STU_018259,89.63574619031056
STU_018260,84.0181589529409
STU_018261,73.69731683756416
STU_018262,55.89373375241704
STU_018263,81.21403261412017
STU_018264,80.2847771141029
STU_018265,80.257926912666
STU_018266,85.78835784840007
STU_018267,70.47352510185486
STU_018268,80.69471565732624
STU_018269,67.72967625702233
STU_018270,68.14594799377552
STU_018271,73.45296441075789
STU_018272,49.798704649564314
STU_018273,95.3271894250096
STU_018274,68.14888004968759
STU_018275,87.0454663021175
STU_018276,86.38758349025669
STU_018277,80.37846943793689
STU_018278,81.38214322842825
STU_018279,55.194817604710074
STU_018280,86.21434027024773
STU_018281,96.28289827196406
STU_018282,69.46704425884104
STU_018283,63.38912467637522
STU_018284,68.30022770006073
STU_018285,88.83316501788877
STU_018286,64.57388573846885
STU_018287,92.75137717470172
STU_018288,66.90670293741728
STU_018289,89.38850685931732
STU_018290,65.40476012296283
STU_018291,74.64235825195509
STU_018292,81.4445749195908
STU_018293,69.21771748919791
STU_018294,83.41020917521627
STU_018295,51.748857695483366
STU_018296,85.14465521418103
STU_018297,82.17323174648436
STU_018298,97.09743160150427
STU_018299,65.09294421089272
STU_018300,81.51180265531582
STU_018301,67.74902166997772
STU_018302,68.1733462077194
STU_018303,97.28501932805337
STU_018304,64.57004441980192
STU_018305,55.50458614657282
STU_018306,65.05331697460792
STU_018307,76.74677420238771
STU_018308,83.52642430878481
STU_018309,66.75004472825506
STU_018310,89.73729233902021
STU_018311,68.59728877763797
STU_018312,75.8961447675149
STU_018313,84.3493884343011
STU_018314,67.15240626165134
STU_018315,94.51486399870433
STU_018316,74.81805375770963
STU_018317,86.06165595111898
STU_018318,60.9987810362037
STU_018319,58.955442002229375
STU_018320,86.31685441302402
STU_018321,91.45215224921287
STU_018322,76.80339633902504
STU_018323,100.0
STU_018324,58.21164019611008
STU_018325,73.9521154493942
STU_018326,70.0628363315074
STU_018327,84.65212489399096
STU_018328,73.67279310357709
STU_018329,73.92203794613172
STU_018330,50.72857846416887
STU_018331,83.76164087272883
STU_018332,89.60480536975115
STU_018333,64.93426214913443
STU_018334,85.5832073821264
STU_018335,60.07634912121384
STU_018336,74.18585357640096
STU_018337,70.15967701761747
STU_018338,71.84802021980803
STU_018339,86.12362978533704
STU_018340,86.78709491448956
STU_018341,66.39745497971872
STU_018342,61.094505549326264
STU_018343,59.23747243254857
STU_018344,79.85011210466847
STU_018345,72.69050278409132
STU_018346,71.9544297812424
STU_018347,71.57991555580082
STU_018348,95.78614202273101
STU_018349,79.93090033875085
STU_018350,86.97927844907471
STU_018351,80.81493014939429
STU_018352,88.9408708894118
STU_018353,80.81514194070763
STU_018354,98.66614943468238
STU_018355,71.54971286352676
STU_018356,76.84405273749468
STU_018357,68.56252262934888
STU_018358,78.47501702537537
STU_018359,98.30277735849839
STU_018360,93.22740153963903
STU_018361,51.2115951714626
STU_018362,66.34373258065067
STU_018363,47.28078363064084
STU_018364,87.94038698309477
STU_018365,87.40804021841356
STU_018366,56.28867942498179
STU_018367,76.46765908466341
STU_018368,67.42910312703607
STU_018369,81.02668006842246
STU_018370,60.151033719324225
STU_018371,84.43054742202389
STU_018372,87.90990679734861
STU_018373,64.40726616816805
STU_018374,79.43375086803012
STU_018375,66.46872336814268
STU_018376,79.76385149585418
STU_018377,85.52521148786349
STU_018378,89.44752491866095
STU_018379,51.513757640981694
STU_018380,81.94167600935731
STU_018381,72.72518844378234
STU_018382,86.01449910458459
STU_018383,90.11309898781327
STU_018384,67.6609884048248
STU_018385,95.18726392999042
STU_018386,74.39324140361785
STU_018387,80.39778896011185
STU_018388,97.4147672912705
STU_018389,64.14209307887455
STU_018390,55.85761503799189
STU_018391,81.48192261380888
STU_018392,100.0
STU_018393,77.9612967669807
STU_018394,82.26621760132275
STU_018395,73.71128133618618
STU_018396,59.4545422010255
STU_018397,68.17563954125329
STU_018398,76.7697095472784
STU_018399,99.31839117843461
STU_018400,73.98137329574115
STU_018401,78.39304749483658
STU_018402,76.05161481646391
STU_018403,90.25953771882209
STU_018404,85.29327359005364
STU_018405,82.22299572243432
STU_018406,67.46100237110372
STU_018407,96.60522049911329
STU_018408,81.77561546601925
STU_018409,61.6551847119798
STU_018410,93.46446095756545
STU_018411,74.61571712479883
STU_018412,77.10565965320326
STU_018413,89.53795718594529
STU_018414,94.4352911166311
STU_018415,71.03792253598967
STU_018416,80.25822744409967
STU_018417,61.7448096804535
STU_018418,96.31552786810936
STU_018419,76.284339619828
STU_018420,89.34459169428362
STU_018421,90.17646520213029
STU_018422,90.06932659964659
STU_018423,81.83347119107631
STU_018424,53.012696228098044
STU_018425,91.5063795681629
STU_018426,70.5720732346486
STU_018427,74.5734742267124
STU_018428,77.96061084109749
STU_018429,96.20904062765621
STU_018430,63.52377020966009
STU_018431,81.43654533317181
STU_018432,93.09426106906085
STU_018433,71.15722890124592
STU_018434,77.16782015117157
STU_018435,68.1076541838679
STU_018436,78.45480869589443
STU_018437,87.15068963554727
STU_018438,66.65589018069682
STU_018439,99.54406822828251
STU_018440,77.34661409361797
STU_018441,74.27484665163283
STU_018442,76.60246191468067
STU_018443,56.48944709373356
STU_018444,66.54595859080479
STU_018445,95.58571003344596
STU_018446,79.03356676674815
STU_018447,92.01190472295295
STU_018448,71.070603979864
STU_018449,93.35387132581783
STU_018450,71.14843484932638
STU_018451,68.97145244971668
STU_018452,57.941762846069636
STU_018453,63.63686756604126
STU_018454,48.58547023665696
STU_018455,49.728372489449896
STU_018456,75.70732300606343
STU_018457,58.57533452700764
STU_018458,72.04655147890864
STU_018459,59.23273614254849
STU_018460,71.09719834030912
STU_018461,92.78883608900867
STU_018462,55.54239471472952
STU_018463,79.85243963329806
STU_018464,60.8713745304997
STU_018465,77.59258866112383
STU_018466,63.0945437987308
STU_018467,83.98981451976542
STU_018468,71.61771366956269
STU_018469,80.38105738273433
STU_018470,88.56698340159846
STU_018471,85.88248691869653
STU_018472,60.96618508224478
STU_018473,85.11242131032817
STU_018474,87.75637629894408
STU_018475,75.19037605446833
STU_018476,79.25574831941125
STU_018477,48.389909270210026
STU_018478,99.64132768690679
STU_018479,93.33225166269654
STU_018480,90.80276930791257
STU_018481,67.75843020702818
STU_018482,65.17733489002647
STU_018483,87.28064953616878
STU_018484,81.65201795509932
STU_018485,69.07065126014464
STU_018486,69.06383040927727
STU_018487,56.419111315302715
STU_018488,74.35220153421605
STU_018489,62.23470522900344
STU_018490,70.97976607604485
STU_018491,82.15502763064356
STU_018492,75.00221412307818
STU_018493,81.99793646905422
STU_018494,78.79648971036774
STU_018495,84.64097065751038
STU_018496,65.43512190049812
STU_018497,93.63498819606899
STU_018498,70.00216238668327
STU_018499,68.66001857276902
STU_018500,77.96151944763443
STU_018501,100.0
STU_018502,66.59724836035699
STU_018503,45.066622968240694
STU_018504,100.0
STU_018505,70.84859609560453
STU_018506,81.54800176343056
STU_018507,75.48497579266827
STU_018508,83.89942918817493
STU_018509,59.43631809027454
STU_018510,84.02526208061155
STU_018511,81.32674427827594
STU_018512,75.95799522859676
STU_018513,80.13185063991575
STU_018514,62.09371232080146
STU_018515,68.18583627466947
STU_018516,65.51777100920776
STU_018517,87.04892775852802
STU_018518,59.377655039293
STU_018519,58.141738723793864
STU_018520,84.76444268795868
STU_018521,73.70987895366713
STU_018522,81.56997990024975
STU_018523,87.57269314411562
STU_018524,92.29548725279847
STU_018525,72.50855440995221
STU_018526,59.35798335438388
STU_018527,84.42247658084564
STU_018528,86.6406437628876
STU_018529,77.58640355376627
STU_018530,75.1367669421415
STU_018531,88.52884944360133
STU_018532,66.75102564964871
STU_018533,71.99119523916765
STU_018534,65.3943095988139
STU_018535,89.25913038072021
STU_018536,100.0
STU_018537,84.27125513095118
STU_018538,75.538956338834
STU_018539,57.09774373893387
STU_018540,81.6568494674969
STU_018541,63.313445605373715
STU_018542,90.10261374229626
STU_018543,73.98219175950246
STU_018544,74.02143122766125
STU_018545,71.34413706191022
STU_018546,91.94104164832589
STU_018547,72.60792999180758
STU_018548,86.50832190199392
STU_018549,87.33850362758389
STU_018550,73.78232234127375
STU_018551,77.91921091700647
STU_018552,65.61152498277104
STU_018553,69.48563291128778
STU_018554,64.17190528840267
STU_018555,57.42281940155106
STU_018556,81.61253974792797
STU_018557,65.5737458624323
STU_018558,65.90823035752332
STU_018559,68.28760811348491
STU_018560,80.94472718537479
STU_018561,76.52902657078305
STU_018562,85.77567189150759
STU_018563,79.54806395898787
STU_018564,83.91115493402799
STU_018565,64.29725933077401
STU_018566,68.07944641712184
STU_018567,90.96096793234268
STU_018568,81.52179814408254
STU_018569,82.16134917487716
STU_018570,71.42218507689216
STU_018571,79.68995024670032
STU_018572,61.46494854534156
STU_018573,80.97776112039077
STU_018574,73.70436577748826
STU_018575,73.11017253823942
STU_018576,78.29835906922506
STU_018577,70.46828970089125
STU_018578,83.51532993831104
STU_018579,52.873626411096105
STU_018580,96.66676298860831
STU_018581,72.09576852717676
STU_018582,80.61576023356764
STU_018583,93.0898719844291
STU_018584,84.58664638312982
STU_018585,76.31633542097487
STU_018586,90.16781177613878
STU_018587,95.61170724524968
STU_018588,55.77856967435645
STU_018589,84.65441261839689
STU_018590,71.85925327433483
STU_018591,90.85109285669617
STU_018592,45.59080673348791
STU_018593,86.80008333413457
STU_018594,68.70366875003428
STU_018595,74.89358569525058
STU_018596,60.77064551539634
STU_018597,72.80717724500383
STU_018598,62.35975693806617
STU_018599,56.3042322488492
STU_018600,84.7868465192679
STU_018601,65.32683794459086
STU_018602,70.00091005269518
STU_018603,68.30284721584968
STU_018604,76.0171806617851
STU_018605,46.35379998148975
STU_018606,72.97763426161526
STU_018607,90.02676906760755
STU_018608,93.3759148027157
STU_018609,89.96662185004288
STU_018610,100.0
STU_018611,69.62969819696687
STU_018612,74.198532565108
STU_018613,86.43563874595856
STU_018614,76.47700354927625
STU_018615,54.52690374967375
STU_018616,83.22432472764824
STU_018617,72.2847620708629
STU_018618,66.94342757398965
STU_018619,72.28700671339776
STU_018620,87.80034260666285
STU_018621,61.57330790181707
STU_018622,79.36402291035746
STU_018623,65.23868818244935
STU_018624,76.95674886036032
STU_018625,82.91078246327318
STU_018626,66.84464603401268
STU_018627,70.71181491274218
STU_018628,62.44584475668101
STU_018629,74.07321748957875
STU_018630,61.91027094054693
STU_018631,92.03792645594118
STU_018632,82.26394222404878
STU_018633,68.84485502264283
STU_018634,68.90853052048345
STU_018635,68.40732620077223
STU_018636,72.84092819468903
STU_018637,71.87518868480358
STU_018638,98.90255853242067
STU_018639,89.19365135485995
STU_018640,69.74912382647324
STU_018641,60.8124098672878
STU_018642,80.74598535290194
STU_018643,66.19651815244687
STU_018644,54.33458091380768
STU_018645,95.50363419725348
STU_018646,66.89524889279372
STU_018647,95.48598620349955
STU_018648,59.362804771588365
STU_018649,58.824687338078
STU_018650,75.34143867855336
STU_018651,67.76070287142714
STU_018652,85.47420650982879
STU_018653,76.03623478850999
STU_018654,77.13306342795993
STU_018655,66.35320078509427
STU_018656,73.01249667950815
STU_018657,89.15064675389357
STU_018658,86.79055871251623
STU_018659,82.01861510923189
STU_018660,73.55660109578038
STU_018661,60.159549137803005
STU_018662,62.212712466845346
STU_018663,74.63182013506025
STU_018664,50.74535134288558
STU_018665,67.80458574065894
STU_018666,63.22094170624776
STU_018667,57.369501932935876
STU_018668,47.70788495690728
STU_018669,75.50052983337906
STU_018670,70.96937210036313
STU_018671,60.05740324911494
STU_018672,74.84592201119146
STU_018673,63.43357606373408
STU_018674,65.10594744386802
STU_018675,77.97444672559452
STU_018676,65.92589708301686
STU_018677,72.25175224015676
STU_018678,88.78860717574486
STU_018679,88.13574046931018
STU_018680,59.17685181749642
STU_018681,83.13610700095826
STU_018682,85.00365369886299
STU_018683,80.07376190000059
STU_018684,87.7844410835899
STU_018685,73.36110134633357
STU_018686,85.43215841114603
STU_018687,72.55066630068626
STU_018688,65.46243900906113
STU_018689,85.53176022045841
STU_018690,70.18491059920636
STU_018691,67.66630041805116
STU_018692,75.25836688816601
STU_018693,68.37729175198396
STU_018694,86.3324008917175
STU_018695,76.42242555477598
STU_018696,67.79422931924735
STU_018697,79.7481842613017
STU_018698,87.3846860095939
STU_018699,66.36768991779923
STU_018700,100.0
STU_018701,71.10655497165824
STU_018702,82.44291748679349
STU_018703,64.42794897907578
STU_018704,87.87881687633728
STU_018705,70.6107351866025
STU_018706,89.73479345590695
STU_018707,65.95471155551657
STU_018708,72.86835108709595
STU_018709,93.05853350266199
STU_018710,83.44006282485492
STU_018711,63.67806435744239
STU_018712,89.54548043736797
STU_018713,72.54394539883822
STU_018714,79.87393950520601
STU_018715,99.63220567740669
STU_018716,64.49010711504975
STU_018717,74.09034480116524
STU_018718,56.52357475690244
STU_018719,80.7566552005961
STU_018720,66.8702137408705
STU_018721,90.0222069736517
STU_018722,57.89219262967985
STU_018723,58.75702930415088
STU_018724,70.64558797106525
STU_018725,81.89835945040683
STU_018726,68.91260137976086
STU_018727,86.88956747722393
STU_018728,76.49865236634737
STU_018729,91.1431383468433
STU_018730,87.43833502393045
STU_018731,67.06693795098809
STU_018732,75.91899363427748
STU_018733,90.90336140096997
STU_018734,80.12719845232289
STU_018735,79.32437281601898
STU_018736,56.82128261872492
STU_018737,73.614305225579
STU_018738,73.64974088833202
STU_018739,83.11587659379965
STU_018740,67.98465856658339
STU_018741,51.79351809504134
STU_018742,90.666748312789
STU_018743,61.95584602688322
STU_018744,97.97192571544613
STU_018745,81.45000725544675
STU_018746,68.19415058440225
STU_018747,89.18150771998057
STU_018748,50.75628855036308
STU_018749,54.32841965998772
STU_018750,86.81177177837485
STU_018751,82.40220174112167
STU_018752,54.776054149701395
STU_018753,61.1743080540898
STU_018754,92.08241615287369
STU_018755,89.80202400261301
STU_018756,72.00337973243936
STU_018757,88.86299930265217
STU_018758,90.31513016706899
STU_018759,89.99054914021302
STU_018760,73.51300523797005
STU_018761,73.60438787193054
STU_018762,78.74514209930398
STU_018763,67.11285463413464
STU_018764,79.94063672493658
STU_018765,75.78532062224983
STU_018766,67.20582414069571
STU_018767,80.41430973027751
STU_018768,77.62908467172024
STU_018769,52.31280964170977
STU_018770,83.52264356468139
STU_018771,65.60973312013739
STU_018772,89.02976296982294
STU_018773,82.22259051726267
STU_018774,65.68063266459488
STU_018775,86.51290546747127
STU_018776,88.79686030960433
STU_018777,57.729763423956236
STU_018778,95.05120350916403
STU_018779,92.91097092855395
STU_018780,65.2927543865339
STU_018781,89.19041012119732
STU_018782,97.1770298139921
STU_018783,81.77432933386848
STU_018784,80.72869809638597
STU_018785,85.67093641429128
STU_018786,70.59055668941274
STU_018787,58.08514210470757
STU_018788,69.36070438991553
STU_018789,73.25954299539588
STU_018790,89.73443175339204
STU_018791,68.67093924005408
STU_018792,60.41917072398418
STU_018793,61.60680370949766
STU_018794,62.798857298949464
STU_018795,91.35907627755057
STU_018796,58.96700508967664
STU_018797,61.80710902237383
STU_018798,64.8528161077288
STU_018799,84.58292085918336
STU_018800,84.09920208906541
STU_018801,79.79833202573627
STU_018802,73.24749937895061
STU_018803,67.1798480505313
STU_018804,56.43547943651766
STU_018805,67.5214733804496
STU_018806,85.76196600705867
STU_018807,77.07660541925273
STU_018808,65.50036863645764
STU_018809,87.08454222960188
STU_018810,79.84345273334378
STU_018811,50.37023263149202
STU_018812,83.72709970212415
STU_018813,70.81107217441502
STU_018814,50.06763338439368
STU_018815,86.80301610285417
STU_018816,66.4145199548931
STU_018817,72.13608840684363
STU_018818,86.63660181592452
STU_018819,71.48440904160499
STU_018820,93.3061930142152
STU_018821,81.89383089633266
STU_018822,74.46000520616907
STU_018823,97.85841804586025
STU_018824,66.03137290248078
STU_018825,73.05800349231292
STU_018826,69.64271065425453
STU_018827,71.8367389408609
STU_018828,65.44843619042618
STU_018829,57.47293390633808
STU_018830,86.46508864808735
STU_018831,85.7929178109829
STU_018832,87.2866618926295
STU_018833,59.2419399942434
STU_018834,55.470250085627825
STU_018835,60.07513540479913
STU_018836,77.51142538952467
STU_018837,77.11933038413711
STU_018838,61.06936355501131
STU_018839,79.87589988237222
STU_018840,85.31775338001468
STU_018841,87.19661368557936
STU_018842,80.36644810954063
STU_018843,75.39739561030106
STU_018844,66.94034038338506
STU_018845,80.13882354575928
STU_018846,98.66316253890471
STU_018847,99.17623772890536
STU_018848,82.1925622974221
STU_018849,72.02411792655127
STU_018850,76.72209764713025
STU_018851,64.8505901032941
STU_018852,54.65810578416376
STU_018853,63.1525347363583
STU_018854,63.04024170249604
STU_018855,74.29516321270678
STU_018856,66.58231637200532
STU_018857,86.23942270276143
STU_018858,81.606709632379
STU_018859,94.4355498089948
STU_018860,69.66380789117237
STU_018861,77.15353369924102
STU_018862,87.64284302441706
STU_018863,67.42718923992481
STU_018864,64.39734067017125
STU_018865,75.77049998310896
STU_018866,72.64631447907317
STU_018867,64.72644468682499
STU_018868,80.16911251687863
STU_018869,74.43967088220336
STU_018870,84.97373704011099
STU_018871,94.32705481536098
STU_018872,83.03674882211331
STU_018873,71.01557563418936
STU_018874,83.60383127538839
STU_018875,98.11559693199148
STU_018876,66.27896395177352
STU_018877,59.48534572921599
STU_018878,94.85677460127884
STU_018879,85.57003516943283
STU_018880,82.03508589872139
STU_018881,65.06670742778861
STU_018882,70.41273174881404
STU_018883,72.9102705677976
STU_018884,90.87247106596877
STU_018885,57.8478018683593
STU_018886,85.45449615465398
STU_018887,71.52152514396091
STU_018888,93.19138698810738
STU_018889,62.91185869372778
STU_018890,47.66576527683114
STU_018891,79.01500064471215
STU_018892,79.44348870340212
STU_018893,85.37974022343406
STU_018894,99.5267066518559
STU_018895,77.92921867101374
STU_018896,83.73253475940501
STU_018897,70.92944446731259
STU_018898,67.27754150641961
STU_018899,71.90439359789887
STU_018900,78.58674870581895
STU_018901,84.0320758870971
STU_018902,97.52808074460316
STU_018903,88.53498377329112
STU_018904,77.92912912487839
STU_018905,64.58222038654388
STU_018906,79.79726775376945
STU_018907,77.3208444901379
STU_018908,73.42099368232664
STU_018909,76.24045555135119
STU_018910,73.65047145223998
STU_018911,58.39007370797476
STU_018912,82.21476016443009
STU_018913,68.48014613882756
STU_018914,69.772243290328
STU_018915,78.32905568323714
STU_018916,62.835302579117645
STU_018917,82.44911423988509
STU_018918,90.32062418753318
STU_018919,81.55861321847783
STU_018920,54.99027025104817
STU_018921,73.90165722444773
STU_018922,65.46171777063891
STU_018923,98.28858731267127
STU_018924,67.82595552043348
STU_018925,76.1976138020037
STU_018926,82.9242322781019
STU_018927,77.11210049265489
STU_018928,70.38994693681012
STU_018929,73.92540552642907
STU_018930,55.98767702347186
STU_018931,59.34165430223176
STU_018932,55.40796483495349
STU_018933,73.75127014948283
STU_018934,76.65517944098606
STU_018935,69.96665097545883
STU_018936,72.94332853525518
STU_018937,85.99026171778299
STU_018938,81.40269225928468
STU_018939,67.56585939177779
STU_018940,81.05806376425629
STU_018941,87.06556121555778
STU_018942,58.25534934296851
STU_018943,79.42838826040364
STU_018944,75.64499101526425
STU_018945,75.16762478847518
STU_018946,80.38375482861747
STU_018947,69.14374619448922
STU_018948,69.59085322508706
STU_018949,72.53104874189859
STU_018950,84.34362588603838
STU_018951,70.2334647570959
STU_018952,64.60622190574074
STU_018953,70.06133405885656
STU_018954,80.54083812894778
STU_018955,72.32386602161338
STU_018956,63.59763799916178
STU_018957,70.62124315050133
STU_018958,80.23541370794256
STU_018959,77.9065672302698
STU_018960,71.79689859542438
STU_018961,67.11310357043428
STU_018962,81.45322725781692
STU_018963,93.82529058719427
STU_018964,65.69122353167134
STU_018965,84.62733469629453
STU_018966,96.5515736065785
STU_018967,95.74151910879613
STU_018968,76.82716377830683
STU_018969,76.66647301883238
STU_018970,90.49511523029301
STU_018971,58.49885249769684
STU_018972,76.40335024482826
STU_018973,85.89945650383068
STU_018974,59.93769105851105
STU_018975,78.85451699253262
STU_018976,73.38497814496169
STU_018977,86.42673370746348
STU_018978,83.24289343614151
STU_018979,62.68703280332792
STU_018980,78.08812283094099
STU_018981,57.53745227030968
STU_018982,74.74777191988248
STU_018983,74.43380340867685
STU_018984,74.0231434754237
STU_018985,82.28906273489198
STU_018986,81.90830557231091
STU_018987,82.31939309785129
STU_018988,72.14245429513572
STU_018989,85.33730478162616
STU_018990,86.3143604075419
STU_018991,62.48252539785397
STU_018992,71.64094821729363
STU_018993,76.16838670942172
STU_018994,81.13721967587898
STU_018995,93.08361578545349
STU_018996,67.88258552015041
STU_018997,68.70977646615322
STU_018998,73.46028607629955
STU_018999,90.4841897357045
STU_019000,73.25609242561563
STU_019001,65.61780187554109
STU_019002,67.71495728080635
STU_019003,85.66751810192152
STU_019004,79.69502269791114
STU_019005,91.18294880651024
STU_019006,91.14964687497795
STU_019007,100.0
STU_019008,77.02661516269075
STU_019009,100.0
STU_019010,51.323314807549366
STU_019011,84.62257628977258
STU_019012,75.73354308653327
STU_019013,63.75617385801939
STU_019014,100.0
STU_019015,51.98459572426046
STU_019016,61.07049179933788
STU_019017,94.02541761257123
STU_019018,74.42858203099811
STU_019019,73.73985017702549
STU_019020,96.39016520862819
STU_019021,38.82217242353433
STU_019022,69.42008175386798
STU_019023,90.53088170017573
STU_019024,71.82910326228227
STU_019025,92.53735727008791
STU_019026,95.45934355068033
STU_019027,76.96954690109186
STU_019028,60.541626793304715
STU_019029,59.972601472061584
STU_019030,70.37709903711938
STU_019031,82.13721965819671
STU_019032,81.78446869491441
STU_019033,80.53319211257644
STU_019034,68.06145139990865
STU_019035,86.23713338564681
STU_019036,91.1137927611698
STU_019037,86.029193971537
STU_019038,70.64608118390609
STU_019039,73.53442650068065
STU_019040,74.33332493204294
STU_019041,78.26806708260973
STU_019042,81.23265710327196
STU_019043,89.61247099979221
STU_019044,81.27729140173112
STU_019045,71.6939752348879
STU_019046,64.30239846426983
STU_019047,51.57954962678835
STU_019048,84.22630181330473
STU_019049,57.9592383515588
STU_019050,86.05365978566448
STU_019051,66.2092351494672
STU_019052,63.78039605023547
STU_019053,77.98242728732708
STU_019054,71.43078787419307
STU_019055,52.64907221436921
STU_019056,82.1242564853483
STU_019057,82.85486403512203
STU_019058,81.16811084616357
STU_019059,49.671321037316105
STU_019060,66.85678605891796
STU_019061,54.64745872833781
STU_019062,83.45288338173623
STU_019063,71.03094789494156
STU_019064,62.19921563035409
STU_019065,91.21749090480495
STU_019066,60.71205683745484
STU_019067,79.94321409467845
STU_019068,68.16052840445745
STU_019069,58.004958223827245
STU_019070,71.87044106683187
STU_019071,68.4273313505364
STU_019072,98.26205753265805
STU_019073,66.02912615732163
STU_019074,69.11819009690733
STU_019075,69.22278107089463
STU_019076,61.83618356576788
STU_019077,94.02923330342006
STU_019078,91.57404983227232
STU_019079,84.01980903081684
STU_019080,59.97178595465079
STU_019081,78.94078403504065
STU_019082,87.47320008776217
STU_019083,56.65598846333839
STU_019084,59.81408460145073
STU_019085,63.20005284396478
STU_019086,49.39154940718602
STU_019087,73.95804404399355
STU_019088,72.1253230076424
STU_019089,75.16653959760187
STU_019090,87.95357614870713
STU_019091,76.55662656810406
STU_019092,80.86164875367054
STU_019093,77.63906087173295
STU_019094,87.10313597510358
STU_019095,74.08488764398456
STU_019096,83.24620955699551
STU_019097,85.23796031091891
STU_019098,59.75419586361313
STU_019099,67.32547149870386
STU_019100,70.79698016980325
STU_019101,59.91032862919174
STU_019102,73.2812469413346
STU_019103,85.4346837860989
STU_019104,66.28007002592506
STU_019105,61.52467802283589
STU_019106,63.12998871812142
STU_019107,84.26424474475257
STU_019108,72.4704481174553
STU_019109,97.21662605801949
STU_019110,91.85286046983975
STU_019111,75.23625079459617
STU_019112,95.42101532434211
STU_019113,83.21768938504852
STU_019114,96.4094426241758
STU_019115,82.23055016411482
STU_019116,78.44375642256405
STU_019117,62.75222484430349
STU_019118,77.4364586472534
STU_019119,75.30601254761847
STU_019120,66.47639901796971
STU_019121,96.34972836324758
STU_019122,80.5902723534032
STU_019123,68.93728903127494
STU_019124,92.38339043083104
STU_019125,74.59992231129311
STU_019126,74.33943749738866
STU_019127,70.73160949930622
STU_019128,89.20489026580472
STU_019129,62.420116101890784
STU_019130,59.285716046359084
STU_019131,84.07651764775981
STU_019132,89.92051024834865
STU_019133,59.394843576397335
STU_019134,66.4131527241661
STU_019135,95.72947881092115
STU_019136,90.5501506506767
STU_019137,61.89283757674936
STU_019138,87.14527721108936
STU_019139,85.39875141961089
STU_019140,82.95131913184292
STU_019141,89.033457515865
STU_019142,82.65502285166443
STU_019143,81.3098970736566
STU_019144,76.90179116735729
STU_019145,64.21707933999957
STU_019146,93.11427515829612
STU_019147,77.96582665390568
STU_019148,94.29183365550301
STU_019149,83.23872310511089
STU_019150,80.43712915404106
STU_019151,90.88222947398339
STU_019152,47.88742211318484
STU_019153,69.32116919710131
STU_019154,88.80752129095636
STU_019155,100.0
STU_019156,76.98318495834106
STU_019157,86.41851511544257
STU_019158,54.75826546687142
STU_019159,71.2389011322557
STU_019160,64.54366419590417
STU_019161,62.27564195993398
STU_019162,62.0343364287136
STU_019163,74.89018310874343
STU_019164,71.4423783719655
STU_019165,82.37948690219906
STU_019166,92.01094353528234
STU_019167,85.32746831941895
STU_019168,88.76663776412539
STU_019169,69.82479515361413
STU_019170,89.57949136783728
STU_019171,75.76270918318866
STU_019172,85.40837311030415
STU_019173,76.39457276054097
STU_019174,59.121128981768095
STU_019175,74.33064038442363
STU_019176,77.73495272254014
STU_019177,92.60071929133238
STU_019178,37.558901321804576
STU_019179,76.7246605169501
STU_019180,65.13501194072276
STU_019181,93.43884984510893
STU_019182,60.019850278923364
STU_019183,92.91044879121614
STU_019184,90.8548693058971
STU_019185,96.56123336662927
STU_019186,96.43409058567771
STU_019187,72.2502774248199
STU_019188,96.47185577966665
STU_019189,86.41490583357051
STU_019190,73.3520650796631
STU_019191,62.79510963309259
STU_019192,93.97537188329252
STU_019193,69.64992293334944
STU_019194,67.47065780037572
STU_019195,80.69687851050426
STU_019196,80.29589192887087
STU_019197,91.7743823188568
STU_019198,76.16866596459985
STU_019199,100.0
STU_019200,69.97172618676598
STU_019201,83.42382405948507
STU_019202,76.03224724667822
STU_019203,55.65970507360054
STU_019204,60.39959585951404
STU_019205,79.77932447768639
STU_019206,52.35290402067825
STU_019207,68.6071930836005
STU_019208,69.03017750477161
STU_019209,70.62397945138933
STU_019210,61.709029306535555
STU_019211,66.43099851938874
STU_019212,72.1109833976842
STU_019213,68.89646709636386
STU_019214,71.21732033838036
STU_019215,97.84636537201551
STU_019216,69.16890776753998
STU_019217,75.25194126795502
STU_019218,48.125047384191646
STU_019219,81.58580270185406
STU_019220,74.62837972541118
STU_019221,62.29945523942289
STU_019222,80.67277827643908
STU_019223,79.65298016041137
STU_019224,94.18833899197753
STU_019225,57.27097539490636
STU_019226,59.35865670335155
STU_019227,67.85634458987069
STU_019228,59.39999363950597
STU_019229,79.65026873714437
STU_019230,67.59515318327017
STU_019231,84.3057253482894
STU_019232,84.73712505266951
STU_019233,56.8846969213573
STU_019234,68.29321479507126
STU_019235,79.3237906866495
STU_019236,79.73482483861454
STU_019237,75.3901968832139
STU_019238,73.58797995763182
STU_019239,84.65975110485073
STU_019240,77.96965051865384
STU_019241,94.71059631499098
STU_019242,66.79370815725687
STU_019243,89.95650596128347
STU_019244,77.99363057651082
STU_019245,53.31714400347907
STU_019246,59.53284987111428
STU_019247,84.85429655815571
STU_019248,84.82533565890014
STU_019249,92.01479275806011
STU_019250,61.02851165524098
STU_019251,91.21055268043898
STU_019252,71.27281925516347
STU_019253,62.013552305782525
STU_019254,51.03453289317169
STU_019255,68.3694951634724
STU_019256,85.7634921270905
STU_019257,62.801618604116314
STU_019258,52.56173349526284
STU_019259,72.01096350364527
STU_019260,80.18377963648967
STU_019261,68.25233022982181
STU_019262,89.29042339161249
STU_019263,72.79149451267257
STU_019264,74.17222042058356
STU_019265,89.79903225761547
STU_019266,84.63707241951016
STU_019267,56.042709812770184
STU_019268,73.98063605274452
STU_019269,80.58589493154395
STU_019270,85.3707867080152
STU_019271,52.57347808952767
STU_019272,65.85336330679439
STU_019273,89.44780780036702
STU_019274,100.0
STU_019275,100.0
STU_019276,59.123443056457546
STU_019277,96.31873280004767
STU_019278,82.79302629321927
STU_019279,77.75934590172474
STU_019280,60.474840861452584
STU_019281,84.41991615130306
STU_019282,63.708621092661986
STU_019283,96.24739056013856
STU_019284,82.28295503547619
STU_019285,73.07665406047369
STU_019286,89.6758287210223
STU_019287,79.37375620419948
STU_019288,65.34335340896041
STU_019289,88.29571451225954
STU_019290,79.82434252423015
STU_019291,78.1003646930854
STU_019292,78.26406445659305
STU_019293,65.86871875991766
STU_019294,70.65519810506567
STU_019295,63.14968366461292
STU_019296,69.97719375295709
STU_019297,83.30301450892765
STU_019298,87.76183560665842
STU_019299,90.0576130903755
STU_019300,81.22165214761867
STU_019301,69.24998854055367
STU_019302,73.283608625604
STU_019303,68.62326413598443
STU_019304,90.34024657813416
STU_019305,69.07168927836133
STU_019306,62.002829647929424
STU_019307,66.10270117156831
STU_019308,53.78495622164462
STU_019309,70.73177966765255
STU_019310,86.30405928764522
STU_019311,90.31900805910348
STU_019312,71.49915771339245
STU_019313,83.91094222049583
STU_019314,86.53584582628874
STU_019315,75.03620155374468
STU_019316,87.45554975944628
STU_019317,75.76853815012925
STU_019318,85.02270787543172
STU_019319,90.65775091825098
STU_019320,95.61534813141782
STU_019321,75.74383064352972
STU_019322,84.43093870851257
STU_019323,73.36753710772821
STU_019324,90.75300515309404
STU_019325,74.32357565168903
STU_019326,93.69229470934295
STU_019327,95.4442053428343
STU_019328,94.87165536244888
STU_019329,89.54228915305501
STU_019330,81.16909016055776
STU_019331,78.57459070226332
STU_019332,68.57200106274331
STU_019333,87.03572301418407
STU_019334,60.65209325793375
STU_019335,66.06066383022001
STU_019336,67.04516212232106
STU_019337,92.38328251974106
STU_019338,65.93312527894007
STU_019339,91.19330009440797
STU_019340,98.81802671617925
STU_019341,79.46180825441594
STU_019342,59.116305549172864
STU_019343,73.24148584239057
STU_019344,63.25576072106564
STU_019345,69.68383240957345
STU_019346,77.51586448844195
STU_019347,52.17936044253997
STU_019348,93.21910698521103
STU_019349,84.92122153344869
STU_019350,57.05412429601923
STU_019351,85.96638448479192
STU_019352,79.217923836223
STU_019353,83.17278773290374
STU_019354,71.21978552338305
STU_019355,79.37472525534511
STU_019356,58.72045233590856
STU_019357,56.24321850983554
STU_019358,77.77950116428237
STU_019359,85.92635074642328
STU_019360,66.14413351772413
STU_019361,84.25809572563308
STU_019362,63.025803276500774
STU_019363,68.2489809323185
STU_019364,75.9521651093153
STU_019365,82.91815186519051
STU_019366,95.1168416663736
STU_019367,99.68916897431204
STU_019368,77.58861365391844
STU_019369,77.20836272484797
STU_019370,72.57018379229886
STU_019371,84.30818324187652
STU_019372,72.12412587217048
STU_019373,62.4145077683147
STU_019374,69.26761196762237
STU_019375,79.40544759042103
STU_019376,93.09055623733319
STU_019377,87.43357229002585
STU_019378,67.21675298472442
STU_019379,53.81011028917041
STU_019380,89.96759408800335
STU_019381,66.41141404690288
STU_019382,69.9385748569617
STU_019383,82.20705151707809
STU_019384,59.50416577323062
STU_019385,86.80402173488243
STU_019386,71.70980973528425
STU_019387,60.31836077023234
STU_019388,67.50520881741589
STU_019389,96.14114847470839
STU_019390,44.97783834458366
STU_019391,77.34206233668452
STU_019392,77.51160191144528
STU_019393,77.25290339422494
STU_019394,73.41162369068529
STU_019395,79.92981927666807
STU_019396,94.3163048573443
STU_019397,72.45907272697684
STU_019398,58.74716417262337
STU_019399,56.79309902263136
STU_019400,91.26982406522389
STU_019401,67.44226825279705
STU_019402,64.54763625839293
STU_019403,83.94045398062322
STU_019404,88.47922497507784
STU_019405,82.72024417136859
STU_019406,68.24243100990691
STU_019407,66.74910980831693
STU_019408,81.21173339315544
STU_019409,68.98341666703422
STU_019410,72.82926509778753
STU_019411,80.269174484748
STU_019412,60.28910928478087
STU_019413,71.94854580126879
STU_019414,67.990381529059
STU_019415,83.4452535398201
STU_019416,83.04984228895438
STU_019417,88.49294604058547
STU_019418,95.0189744535829
STU_019419,74.74244224061074
STU_019420,75.52791403473861
STU_019421,78.14510922042359
STU_019422,77.3448553835396
STU_019423,70.17084665662603
STU_019424,89.92849690380666
STU_019425,60.68946876175152
STU_019426,81.7747108737979
STU_019427,88.35105725950335
STU_019428,93.7270793243112
STU_019429,72.15019547984954
STU_019430,82.51599251702456
STU_019431,52.70405418706619
STU_019432,76.53622778780931
STU_019433,64.4852626411058
STU_019434,55.901679203762995
STU_019435,98.43266361803168
STU_019436,59.28655353337087
STU_019437,90.5106847723833
STU_019438,81.09591224343376
STU_019439,56.05348007558416
STU_019440,67.1201997763104
STU_019441,80.56424768616623
STU_019442,71.93036824139136
STU_019443,59.6410549780314
STU_019444,94.06176256794177
STU_019445,90.94541135547396
STU_019446,51.26405953683958
STU_019447,76.41203645420643
STU_019448,70.83620655352789
STU_019449,60.972275801571186
STU_019450,70.63985543428461
STU_019451,65.1445291076479
STU_019452,85.89601833972924
STU_019453,81.23815706534225
STU_019454,78.07955058963485
STU_019455,67.54483686681567
STU_019456,68.47021357259409
STU_019457,63.69684519828516
STU_019458,70.26850606536158
STU_019459,61.69996312824152
STU_019460,89.83193821666255
STU_019461,93.98321293607441
STU_019462,97.7982439152094
STU_019463,64.83678007119002
STU_019464,72.91159440300703
STU_019465,67.98440838762603
STU_019466,71.32588958634952
STU_019467,71.41455908939665
STU_019468,87.59192397343779
STU_019469,72.11985321944086
STU_019470,88.53885480690096
STU_019471,95.69471456834742
STU_019472,88.85039246855145
STU_019473,92.09412509058151
STU_019474,64.73037522365698
STU_019475,58.95719964306857
STU_019476,93.61324980099404
STU_019477,62.71739757070197
STU_019478,70.51049870343178
STU_019479,75.22199033580033
STU_019480,88.9337043576591
STU_019481,72.97032219264938
STU_019482,74.85516148833617
STU_019483,72.11292378982003
STU_019484,82.6545536083919
STU_019485,57.7615745693828
STU_019486,38.03041516517869
STU_019487,66.15000485068212
STU_019488,93.57004136058649
STU_019489,66.13288069481969
STU_019490,74.9792560123019
STU_019491,55.276592301612226
STU_019492,70.11112620128642
STU_019493,62.13295093672411
STU_019494,59.19552291387207
STU_019495,91.4941573240119
STU_019496,89.75879062924746
STU_019497,57.473848283293734
STU_019498,91.42649468674111
STU_019499,94.52188484155506
STU_019500,88.88848596722964
STU_019501,87.3851018834153
STU_019502,66.86759069560335
STU_019503,68.9246567483261
STU_019504,91.10453628806556
STU_019505,59.63595200718434
STU_019506,82.13541983977242
STU_019507,92.61569326031007
STU_019508,97.01707994708815
STU_019509,98.89103248372052
STU_019510,89.81841575420461
STU_019511,51.53533348964328
STU_019512,78.78120019934084
STU_019513,64.62701310785458
STU_019514,52.425737897413455
STU_019515,60.23992131189866
STU_019516,87.64840230546822
STU_019517,66.60115683345366
STU_019518,68.22540617996556
STU_019519,65.27822169552388
STU_019520,82.74482468181488
STU_019521,64.14486196158722
STU_019522,71.58126860821088
STU_019523,91.58775162443754
STU_019524,80.14882847121422
STU_019525,87.4365278632338
STU_019526,73.6292948363492
STU_019527,72.97844270427561
STU_019528,68.31428052719545
STU_019529,94.9631172493002
STU_019530,87.81186824343938
STU_019531,90.60128769532305
STU_019532,47.981983558487244
STU_019533,78.94856826829987
STU_019534,76.24752611592257
STU_019535,74.03618298339512
STU_019536,65.8659073095193
STU_019537,55.01608400126492
STU_019538,75.44921451621644
STU_019539,71.09563946789713
STU_019540,62.76303618069264
STU_019541,80.44062650980207
STU_019542,99.49262670743806
STU_019543,100.0
STU_019544,77.99931584654536
STU_019545,89.37259138150026
STU_019546,56.37701183231347
STU_019547,65.02787678934354
STU_019548,90.08379310398661
STU_019549,83.51142492335839
STU_019550,97.32029511022557
STU_019551,76.01990351731806
STU_019552,67.83923605742845
STU_019553,72.57068790361285
STU_019554,58.96741244058385
STU_019555,96.72668186677618
STU_019556,71.21695688738318
STU_019557,96.35421205972156
STU_019558,62.957639565208765
STU_019559,86.77294701569603
STU_019560,83.77522228617408
STU_019561,44.52323960083281
STU_019562,91.54624365671297
STU_019563,75.40643934498164
STU_019564,69.93085337899504
STU_019565,62.168316237951245
STU_019566,84.45289391725944
STU_019567,82.91180580489174
STU_019568,68.0106070697616
STU_019569,63.694431236117374
STU_019570,73.40877358908226
STU_019571,44.67372871303513
STU_019572,64.23676566331437
STU_019573,69.79171657283439
STU_019574,78.92566987605873
STU_019575,81.2717998437424
STU_019576,92.55680707758245
STU_019577,69.25117986861606
STU_019578,65.17136200066162
STU_019579,70.3080229040437
STU_019580,66.14880474849205
STU_019581,97.61144885919498
STU_019582,79.3775640903944
STU_019583,75.23993841021263
STU_019584,68.24130966244515
STU_019585,82.77598676325428
STU_019586,74.71515898345547
STU_019587,82.95063954878873
STU_019588,72.7297811239117
STU_019589,64.39408757237683
STU_019590,98.51319270908732
STU_019591,89.10825646258162
STU_019592,71.43036898588858
STU_019593,66.17110886073239
STU_019594,89.64707990051758
STU_019595,72.41691675885144
STU_019596,94.56544527476255
STU_019597,70.60868267616196
STU_019598,76.29053360283599
STU_019599,69.58827031998544
STU_019600,96.76412003432915
STU_019601,75.38129332634023
STU_019602,77.86573090896057
STU_019603,94.64322544264188
STU_019604,92.78465348688138
STU_019605,77.1151884268958
STU_019606,84.41010085704767
STU_019607,61.06545622994928
STU_019608,68.9521630483242
STU_019609,89.68828985595667
STU_019610,62.12663335766159
STU_019611,70.84903992157253
STU_019612,58.45464451268964
STU_019613,56.61029783945227
STU_019614,62.287347199076486
STU_019615,92.22066628444114
STU_019616,67.7780184955438
STU_019617,77.69661920700227
STU_019618,64.56441687861633
STU_019619,91.28823510588961
STU_019620,77.6159226353845
STU_019621,74.40166274610456
STU_019622,81.23999893212427
STU_019623,72.12842703598984
STU_019624,97.46070303959449
STU_019625,38.99300763562852
STU_019626,85.76450469347597
STU_019627,91.10102122825583
STU_019628,72.81881758388892
STU_019629,80.54959648958567
STU_019630,94.82414575670953
STU_019631,63.85734474763571
STU_019632,93.03479324971741
STU_019633,94.1675789468812
STU_019634,86.89904246377945
STU_019635,74.7502909011055
STU_019636,63.981438949430476
STU_019637,80.40123220365902
STU_019638,71.06772846026944
STU_019639,64.02602085936911
STU_019640,85.61101944699845
STU_019641,90.64829285028614
STU_019642,82.78595421224
STU_019643,90.67417808807873
STU_019644,72.84997263289871
STU_019645,71.65092743827518
STU_019646,77.16804198198862
STU_019647,78.0656659847539
STU_019648,55.93352921099387
STU_019649,61.76312619972106
STU_019650,66.83501615052612
STU_019651,73.6040438814602
STU_019652,74.77524517528366
STU_019653,71.96542750536882
STU_019654,55.25006997057031
STU_019655,60.90716040582795
STU_019656,46.97320498384102
STU_019657,68.78488804272739
STU_019658,69.13472230230602
STU_019659,76.76383668276478
STU_019660,69.88778650916198
STU_019661,77.51971556260338
STU_019662,69.12048325042964
STU_019663,77.36599739460546
STU_019664,68.45651715492797
STU_019665,87.97147936246051
STU_019666,90.30980868234639
STU_019667,76.3918248767569
STU_019668,53.450578112800656
STU_019669,61.51899410905673
STU_019670,83.26727257841304
STU_019671,51.70099682027478
STU_019672,83.9227737461828
STU_019673,71.6648065417727
STU_019674,79.7675626776934
STU_019675,70.53729464910302
STU_019676,79.68513006646168
STU_019677,86.35080032225683
STU_019678,100.0
STU_019679,89.15913810295253
STU_019680,84.81595452561544
STU_019681,91.11985408234692
STU_019682,88.23699158249201
STU_019683,71.83781756551711
STU_019684,67.83040292748234
STU_019685,90.59965436684134
STU_019686,83.489323913135
STU_019687,64.0075933788626
STU_019688,84.78260702626667
STU_019689,68.39191674181261
STU_019690,82.22483693258829
STU_019691,63.24437333246978
STU_019692,53.12442609116708
STU_019693,95.89846143429372
STU_019694,81.56575801061375
STU_019695,55.30934766691438
STU_019696,63.41018597587387
STU_019697,93.68946329763418
STU_019698,94.34552406292076
STU_019699,77.06721536813113
STU_019700,82.51523290960785
STU_019701,63.916597540534646
STU_019702,75.37315820825961
STU_019703,84.35398727660125
STU_019704,77.68383948099509
STU_019705,63.980760168963954
STU_019706,87.02809397438632
STU_019707,63.03813508264745
STU_019708,80.61423584190024
STU_019709,70.45137545692246
STU_019710,63.32359632083813
STU_019711,96.54964536184036
STU_019712,47.166443818416795
STU_019713,89.32859202611854
STU_019714,64.60972038490347
STU_019715,84.57509540334891
STU_019716,83.90370504710418
STU_019717,93.92910294618812
STU_019718,69.55136822544722
STU_019719,94.14306881778272
STU_019720,95.3711913304385
STU_019721,58.26096442610197
STU_019722,71.16113799142597
STU_019723,82.1873946186895
STU_019724,74.1041359848116
STU_019725,91.3108603921828
STU_019726,60.67630406084241
STU_019727,89.05646861147349
STU_019728,78.47667928459397
STU_019729,71.93738954527583
STU_019730,70.93182921117196
STU_019731,62.27590827505426
STU_019732,83.90056242994953
STU_019733,75.8487851220692
STU_019734,74.48346350583518
STU_019735,84.83852439972244
STU_019736,95.98775822872923
STU_019737,94.4956997746086
STU_019738,86.83790285495473
STU_019739,69.39466234000571
STU_019740,73.21072879457485
STU_019741,97.12704651589866
STU_019742,77.03591180915781
STU_019743,86.14963747476088
STU_019744,70.94905759088995
STU_019745,85.57036735251319
STU_019746,90.11887432227786
STU_019747,76.74171382184552
STU_019748,62.44803100684707
STU_019749,66.15294103482552
STU_019750,71.7428541173051
STU_019751,74.87966063416825
STU_019752,62.362373325752735
STU_019753,91.21352224498739
STU_019754,72.7106302161331
STU_019755,82.93793764465099
STU_019756,54.11929796833688
STU_019757,80.02179499662373
STU_019758,59.86102402656302
STU_019759,75.08689474075527
STU_019760,79.28446117154238
STU_019761,62.520417191730935
STU_019762,84.08170825257852
STU_019763,71.54940095045808
STU_019764,58.74095227213029
STU_019765,86.17112113485794
STU_019766,69.21481767834047
STU_019767,48.78157187071258
STU_019768,83.25429803774225
STU_019769,66.28883852791886
STU_019770,78.37298700366748
STU_019771,92.37837803548146
STU_019772,66.9866123746133
STU_019773,87.17386433311954
STU_019774,54.43284213334546
STU_019775,89.43654770305591
STU_019776,56.96817246665801
STU_019777,74.25612824289641
STU_019778,75.10950816836866
STU_019779,74.39656788169037
STU_019780,77.95167605039701
STU_019781,55.07423507546642
STU_019782,75.2597058384449
STU_019783,68.1610174413648
STU_019784,76.81779429877828
STU_019785,73.90472812988432
STU_019786,49.26631818454182
STU_019787,76.42341519062656
STU_019788,72.31983346838949
STU_019789,82.74526574926111
STU_019790,65.4298140541857
STU_019791,54.93391584532789
STU_019792,79.2914119584124
STU_019793,64.06148321760824
STU_019794,83.25868049749795
STU_019795,71.61424219636537
STU_019796,88.73176955720687
STU_019797,48.99709383431936
STU_019798,87.52390211102762
STU_019799,83.41741546502132
STU_019800,54.99252656638122
STU_019801,77.5314426678762
STU_019802,86.2926096524399
STU_019803,71.07183243326315
STU_019804,76.96765679519697
STU_019805,74.4615222039761
STU_019806,61.8403731718233
STU_019807,61.53667658702337
STU_019808,71.03646443184086
STU_019809,93.65134904014599
STU_019810,68.81303326458894
STU_019811,68.07400495474208
STU_019812,86.64181401931445
STU_019813,73.96274348526647
STU_019814,86.9688690584079
STU_019815,85.0513275909378
STU_019816,78.21058647031788
STU_019817,97.45294062520928
STU_019818,70.61795109127681
STU_019819,99.98958799273959
STU_019820,64.67878970705684
STU_019821,78.62481812148017
STU_019822,63.89774985695358
STU_019823,80.81480305048912
STU_019824,96.57455110810379
STU_019825,77.81398963226992
STU_019826,84.095117962258
STU_019827,84.69630353795594
STU_019828,84.96621028215722
STU_019829,75.29153445655496
STU_019830,89.06848505650807
STU_019831,85.857482165341
STU_019832,90.3704917630464
STU_019833,74.84643633385221
STU_019834,73.59491520064496
STU_019835,71.30857090939746
STU_019836,87.06358169441518
STU_019837,73.27833786036489
STU_019838,75.74387930081815
STU_019839,79.80350539716078
STU_019840,63.218013667334915
STU_019841,66.44705118943948
STU_019842,69.7038303719296
STU_019843,67.96813188855982
STU_019844,74.15128183569189
STU_019845,76.18243437010499
STU_019846,94.36871776725937
STU_019847,96.81875861744678
STU_019848,68.04807498273212
STU_019849,89.87687682577686
STU_019850,75.24594899110721
STU_019851,99.07786160792689
STU_019852,66.26091965462722
STU_019853,82.27352940487452
STU_019854,81.51886313845613
STU_019855,78.61339687269157
STU_019856,71.35115688888853
STU_019857,83.67264421005268
STU_019858,98.7744865894366
STU_019859,96.65979445587746
STU_019860,88.47440577648342
STU_019861,63.547666468858104
STU_019862,68.88689844820972
STU_019863,76.37842823851375
STU_019864,78.96298853963103
STU_019865,87.05623444524119
STU_019866,87.42619789966332
STU_019867,83.45825522354812
STU_019868,78.39516868262204
STU_019869,72.21350449847051
STU_019870,75.33708043885015
STU_019871,94.07930707899445
STU_019872,100.0
STU_019873,76.3125667649941
STU_019874,57.36722275932323
STU_019875,76.87955499366947
STU_019876,98.28652361745549
STU_019877,66.73557613344289
STU_019878,62.45302885421508
STU_019879,90.49669612326944
STU_019880,55.53330058746984
STU_019881,72.59261002335903
STU_019882,87.07243786847144
STU_019883,60.9991058414891
STU_019884,68.77527493096676
STU_019885,79.72477206241787
STU_019886,72.0089400235175
STU_019887,99.26918224844258
STU_019888,60.465736960715276
STU_019889,88.24509647229927
STU_019890,83.22458339007784
STU_019891,77.0142511684878
STU_019892,71.88611196909571
STU_019893,92.94468127387316
STU_019894,61.621961896839935
STU_019895,74.81197301247676
STU_019896,83.20210385001276
STU_019897,82.22726630576979
STU_019898,72.89013967255791
STU_019899,84.5665641839953
STU_019900,81.50017029372034
STU_019901,70.54235968843084
STU_019902,77.41808562534293
STU_019903,89.55558116827436
STU_019904,71.60576497736716
STU_019905,79.13691006707722
STU_019906,65.35571784730868
STU_019907,56.77623727976903
STU_019908,52.61564514665555
STU_019909,64.4098462397112
STU_019910,94.8697553675936
STU_019911,100.0
STU_019912,69.80812456538467
STU_019913,82.18240166031728
STU_019914,61.49943441954488
STU_019915,80.74897874405968
STU_019916,66.1314652924242
STU_019917,64.4787906240344
STU_019918,92.25540245403266
STU_019919,72.44252741188131
STU_019920,95.02661770434696
STU_019921,70.85157320246292
STU_019922,93.85263271385975
STU_019923,61.981495216047996
STU_019924,98.83054543614398
STU_019925,89.91514102599825
STU_019926,74.49056160216418
STU_019927,80.89380893289083
STU_019928,82.22618644753555
STU_019929,81.32712988189769
STU_019930,67.51479650017276
STU_019931,94.58306388189253
STU_019932,83.99600421013999
STU_019933,62.610291237377744
STU_019934,91.29093569889207
STU_019935,54.060814952233734
STU_019936,88.4186425042526
STU_019937,83.95640242358124
STU_019938,69.16088683460433
STU_019939,86.08495883595876
STU_019940,84.0323963642913
STU_019941,69.52277333390461
STU_019942,71.00620699055327
STU_019943,82.74639778127315
STU_019944,96.02639934391507
STU_019945,78.22833607406827
STU_019946,84.38422332385127
STU_019947,69.22811024549065
STU_019948,86.35476058587076
STU_019949,82.01725404868522
STU_019950,72.0207367693377
STU_019951,64.57163431214838
STU_019952,55.23299748282057
STU_019953,68.47602818060288
STU_019954,78.61110348540659
STU_019955,58.2284075855209
STU_019956,63.5182004707778
STU_019957,76.28523993203446
STU_019958,77.01390841345346
STU_019959,80.89722291459375
STU_019960,68.79216187761904
STU_019961,69.74879275367847
STU_019962,76.15565360213675
STU_019963,62.42001351651272
STU_019964,71.13707728866468
STU_019965,67.62259620029644
STU_019966,85.83417253508941
STU_019967,91.56533521677719
STU_019968,75.83623381975592
STU_019969,51.00561237338982
STU_019970,96.41709333673415
STU_019971,92.02690673205831
STU_019972,73.42730674093929
STU_019973,76.16838234415111
STU_019974,91.09941866741558
STU_019975,75.36679984021848
STU_019976,75.73953428907967
STU_019977,69.31882143783976
STU_019978,59.981963903282306
STU_019979,53.228329030077674
STU_019980,64.20986479033957
STU_019981,100.0
STU_019982,79.58903414173699
STU_019983,89.36622743510398
STU_019984,94.7412506098939
STU_019985,87.40493195614374
STU_019986,88.2411738442512
STU_019987,85.277843502477
STU_019988,69.62420258153526
STU_019989,73.71260337995055
STU_019990,79.09124506485897
STU_019991,88.8016410417716
STU_019992,80.70181924993527
STU_019993,87.77849662732854
STU_019994,52.0101235861012
STU_019995,75.94720057996935
STU_019996,66.147564579005
STU_019997,77.74427356121421
STU_019998,57.22097068689055
STU_019999,86.33750465781256
STU_020000,76.33142445937267
