student_id,career_success_score
STU_010001,57.361503505276495
STU_010002,71.17081343580016
STU_010003,73.0479032566851
STU_010004,96.80623243563704
STU_010005,78.58847985545425
STU_010006,76.29988925124594
STU_010007,76.73639506119314
STU_010008,80.51306990020308
STU_010009,72.52014174656847
STU_010010,61.014011131165674
STU_010011,92.25228087900739
STU_010012,81.95369811834665
STU_010013,85.18377734837333
STU_010014,87.95071325743567
STU_010015,50.67429182827871
STU_010016,72.592944305156
STU_010017,64.27874768456437
STU_010018,57.193431129734684
STU_010019,85.41758755100787
STU_010020,69.64726499493231
STU_010021,82.68940518960927
STU_010022,94.38897451100343
STU_010023,94.84319395308174
STU_010024,68.39888476965848
STU_010025,83.08207619696867
STU_010026,82.91966139823154
STU_010027,74.60492076347808
STU_010028,84.98802332787542
STU_010029,91.49040798266208
STU_010030,65.61538026366756
STU_010031,63.95430345558895
STU_010032,91.57098246167214
STU_010033,60.61030238126828
STU_010034,87.96570273635507
STU_010035,79.34618735345059
STU_010036,66.60315150463398
STU_010037,61.09445039054684
STU_010038,88.45085266684548
STU_010039,70.41558954375343
STU_010040,81.47681001876087
STU_010041,89.09597336951506
STU_010042,61.30851109532046
STU_010043,83.77992813493165
STU_010044,75.72810902281309
STU_010045,82.64846704193184
STU_010046,62.11679992112302
STU_010047,65.55240751475641
STU_010048,82.77890698267973
STU_010049,50.53579446941454
STU_010050,64.3141084896779
STU_010051,74.23361144102513
STU_010052,70.46872910556229
STU_010053,59.75653802198991
STU_010054,68.90412016251504
STU_010055,64.84936881355003
STU_010056,62.835331149057865
STU_010057,63.15248333724129
STU_010058,94.30880571941194
STU_010059,88.68602136931273
STU_010060,74.98175075506552
STU_010061,42.66450503405723
STU_010062,76.79339740074158
STU_010063,60.76640137334798
STU_010064,84.51983288828797
STU_010065,56.94877680804724
STU_010066,63.68735967665842
STU_010067,88.85012076075608
STU_010068,59.56180656792139
STU_010069,65.23989147222247
STU_010070,52.76984529712955
STU_010071,93.17249289648686
STU_010072,72.51291334808454
STU_010073,95.50326573392044
STU_010074,60.87557451614185
STU_010075,74.51501022612206
STU_010076,95.15556671580313
STU_010077,85.02586898559281
STU_010078,85.70417689665129
STU_010079,83.1953186414113
STU_010080,77.47588159313331
STU_010081,63.784767315095756
STU_010082,73.25372884956995
STU_010083,76.44028182041976
STU_010084,70.62463007222581
STU_010085,73.36582657397364
STU_010086,80.27400938440562
STU_010087,69.71653032184493
STU_010088,64.11473227360936
STU_010089,85.21781473276184
STU_010090,80.00109060858065
STU_010091,56.86247810368393
STU_010092,68.06716158610591
STU_010093,62.955329155919195
STU_010094,88.16846262844572
STU_010095,56.81600960101032
STU_010096,78.31537740427783
STU_010097,70.44255429121047
STU_010098,85.5286377129976
STU_010099,72.35816862664348
STU_010100,72.89462668467327
STU_010101,74.14383127334922
STU_010102,69.90961727883791
STU_010103,91.44063730822452
STU_010104,54.69172011022713
STU_010105,97.06697553299543
STU_010106,51.8213139683041
STU_010107,76.68051121089107
STU_010108,79.41060808708257
STU_010109,68.2507192549503
STU_010110,80.43651679639106
STU_010111,85.03064050280504
STU_010112,80.27626890087917
STU_010113,68.3194315737171
STU_010114,80.12002892658654
STU_010115,76.59014935934037
STU_010116,86.15711845745078
STU_010117,80.83384359405392
STU_010118,90.86013968037106
STU_010119,70.85538292996831
STU_010120,70.02258714142008
STU_010121,79.7212342097726
STU_010122,74.29641410102943
STU_010123,87.83259579017998
STU_010124,71.99568671899866
STU_010125,85.15217918425418
STU_010126,68.2306625982253
STU_010127,60.03638280436712
STU_010128,89.728683084382
STU_010129,84.95243779798167
STU_010130,67.62395121571207
STU_010131,64.33812304575619
STU_010132,73.19729721664798
STU_010133,75.4793901611049
STU_010134,65.92336594372237
STU_010135,43.502039116664605
STU_010136,71.226841569053
STU_010137,59.43849238706551
STU_010138,81.16938282845592
STU_010139,81.07816923175591
STU_010140,77.89347282753798
STU_010141,62.34741746480421
STU_010142,83.95520247808963
STU_010143,73.35864378398357
STU_010144,70.45541867324863
STU_010145,92.79152685554938
STU_010146,79.40014838634313
STU_010147,59.93901282291379
STU_010148,56.49711060643324
STU_010149,63.46004811323938
STU_010150,91.08174392591198
STU_010151,72.05790261963055
STU_010152,85.7441885248544
STU_010153,74.12188078693772
STU_010154,81.91415601508028
STU_010155,66.15719290167105
STU_010156,93.46972238183051
STU_010157,100.0
STU_010158,71.18028085060347
STU_010159,89.89850121938227
STU_010160,66.26633445721187
STU_010161,94.09060606198949
STU_010162,100.0
STU_010163,81.18675018766645
STU_010164,73.9978070246005
STU_010165,75.4186310342909
STU_010166,92.40179720082497
STU_010167,80.4550661378795
STU_010168,77.19922894543416
STU_010169,71.67404871709653
STU_010170,88.53269336407641
STU_010171,73.76322241367576
STU_010172,94.92923624456469
STU_010173,68.14272921040003
STU_010174,78.17595045812826
STU_010175,83.58535813304206
STU_010176,70.8223487479583
STU_010177,89.5496332880526
STU_010178,83.53348428289542
STU_010179,85.85001373114834
STU_010180,81.55420236536565
STU_010181,70.33289932025922
STU_010182,70.6583842450312
STU_010183,71.98775885328062
STU_010184,81.10529577399328
STU_010185,66.50155470823965
STU_010186,80.03181725267451
STU_010187,63.973748793181954
STU_010188,90.13723968859414
STU_010189,72.54832100112141
STU_010190,58.244040537447106
STU_010191,41.05054003230216
STU_010192,78.56300653961046
STU_010193,56.356040583462935
STU_010194,82.0782626185517
STU_010195,81.82003501760266
STU_010196,67.71823910337629
STU_010197,73.2559694314633
STU_010198,80.49607779214593
STU_010199,92.61034414513729
STU_010200,79.41817014591854
STU_010201,96.67438884718102
STU_010202,81.98012468607276
STU_010203,70.57072070157449
STU_010204,89.86453364785696
STU_010205,82.10924233106425
STU_010206,86.99518866260274
STU_010207,50.06287701914584
STU_010208,75.3196450283354
STU_010209,62.92148796161045
STU_010210,83.60444459934246
STU_010211,74.97161889235537
STU_010212,89.63818108343327
STU_010213,86.13537777412198
STU_010214,66.26756949832739
STU_010215,70.47567629747047
STU_010216,59.92572480915544
STU_010217,78.22562840238838
STU_010218,58.25023962839566
STU_010219,79.3889161408528
STU_010220,70.98166132735821
STU_010221,84.26590046940873
STU_010222,60.80579981486402
STU_010223,72.74177030436272
STU_010224,100.0
STU_010225,62.47070332436786
STU_010226,85.09270327427535
STU_010227,62.305666654562266
STU_010228,93.36624377420415
STU_010229,78.82672432289706
STU_010230,66.03899738820041
STU_010231,51.23435366522743
STU_010232,91.51323895297892
STU_010233,62.25688505170377
STU_010234,80.81785650141042
STU_010235,47.19719583810158
STU_010236,87.43353741055483
STU_010237,84.79966166965951
STU_010238,76.78595754445985
STU_010239,52.11213631584463
STU_010240,71.04914973148821
STU_010241,83.28078235705844
STU_010242,80.89092497029152
STU_010243,64.18178373826726
STU_010244,88.43762365383127
STU_010245,60.33240442177943
STU_010246,47.86920339478748
STU_010247,88.5972063705213
STU_010248,78.90508682518033
STU_010249,68.54309111215807
STU_010250,94.02651591865735
STU_010251,78.41811502432401
STU_010252,100.0
STU_010253,59.21361371452679
STU_010254,96.79539525361778
STU_010255,71.81629536629524
STU_010256,62.812764460978
STU_010257,73.45439259291139
STU_010258,80.44123086296612
STU_010259,81.82126449734378
STU_010260,59.70166318249132
STU_010261,65.54990112129519
STU_010262,53.99241419143467
STU_010263,55.85238382389449
STU_010264,100.0
STU_010265,66.53608106879418
STU_010266,76.39023288547314
STU_010267,62.52987461475366
STU_010268,83.71151483157303
STU_010269,79.76646639367047
STU_010270,90.40861260916725
STU_010271,79.32078698180436
STU_010272,63.691634760644355
STU_010273,75.66741991380388
STU_010274,58.32857495557849
STU_010275,84.7900507659011
STU_010276,65.59469054943963
STU_010277,80.24310395171426
STU_010278,88.32825989659734
STU_010279,66.05401040613172
STU_010280,67.9381007685719
STU_010281,62.119156653211206
STU_010282,61.7483623692536
STU_010283,80.18330320121895
STU_010284,67.76338957993798
STU_010285,58.602712840915416
STU_010286,74.05588831550178
STU_010287,90.13676828597448
STU_010288,60.19940161053593
STU_010289,56.530123571802534
STU_010290,84.91799651673844
STU_010291,50.094336446597474
STU_010292,80.77495964836407
STU_010293,68.39875238327838
STU_010294,63.84624507102734
STU_010295,69.08144982429249
STU_010296,83.92285600405216
STU_010297,87.35588014762206
STU_010298,91.40452843657204
STU_010299,90.58324724446338
STU_010300,62.956743238036104
STU_010301,81.96766352819971
STU_010302,86.41726646598111
STU_010303,75.82197672848609
STU_010304,60.9814230063012
STU_010305,78.95324583581956
STU_010306,67.99191956969021
STU_010307,67.2289577825849
STU_010308,79.44689884771232
STU_010309,70.92986305335685
STU_010310,59.36805912910671
STU_010311,66.46868450808641
STU_010312,76.09148645774034
STU_010313,76.11159145053553
STU_010314,83.32027293599329
STU_010315,88.5657628552735
STU_010316,89.30293345630727
STU_010317,86.87108628806706
STU_010318,72.89029850671054
STU_010319,91.0019470083258
STU_010320,95.46638459985947
STU_010321,69.43110852100007
STU_010322,95.13653420247314
STU_010323,73.05470055428755
STU_010324,88.24858150805638
STU_010325,93.1251643384744
STU_010326,81.57574583517822
STU_010327,71.24369134971481
STU_010328,86.01379900638426
STU_010329,91.12439507256452
STU_010330,82.70552021141323
STU_010331,97.36631310452154
STU_010332,66.0553049919394
STU_010333,100.0
STU_010334,77.06642115685837
STU_010335,92.4805017361112
STU_010336,57.00040025290136
STU_010337,62.476350621057335
STU_010338,76.13661885189606
STU_010339,79.95906261936665
STU_010340,68.09135655856403
STU_010341,94.39320802998625
STU_010342,62.56956235438263
STU_010343,59.705148830084056
STU_010344,76.94842286731692
STU_010345,80.76956507887178
STU_010346,83.12553653752428
STU_010347,50.9928556066799
STU_010348,63.0085188404001
STU_010349,87.58752276310108
STU_010350,80.9799593216757
STU_010351,73.8975548838525
STU_010352,73.74775970120896
STU_010353,90.38642861520006
STU_010354,75.54590577797478
STU_010355,76.1702827000324
STU_010356,83.87899821987877
STU_010357,95.41159810491928
STU_010358,79.99689261688486
STU_010359,64.86845843351625
STU_010360,70.79670690447163
STU_010361,95.01698856171794
STU_010362,73.84769231233305
STU_010363,79.08755395060307
STU_010364,97.31075529988745
STU_010365,84.91348546034808
STU_010366,95.57408007100722
STU_010367,71.36476205868303
STU_010368,64.64920331986531
STU_010369,89.19947477107863
STU_010370,84.79262979633106
STU_010371,72.47191756067788
STU_010372,73.69441999466859
STU_010373,69.68554937051846
STU_010374,78.77598357325628
STU_010375,95.47947828526117
STU_010376,54.235642592575196
STU_010377,78.34719868570059
STU_010378,76.16380137341015
STU_010379,69.1397205429297
STU_010380,63.20334905314815
STU_010381,62.769387503522495
STU_010382,91.20110919770318
STU_010383,78.06595516070375
STU_010384,91.78560981354074
STU_010385,81.21984796633768
STU_010386,60.91663901176541
STU_010387,62.85959556802723
STU_010388,93.734355882057
STU_010389,68.41578975664449
STU_010390,55.620484585430475
STU_010391,62.34677538823124
STU_010392,78.72050995456748
STU_010393,81.09058908216448
STU_010394,79.40980767880666
STU_010395,79.21118075126381
STU_010396,79.06942011638259
STU_010397,89.23870289728166
STU_010398,88.61428858772878
STU_010399,63.462924621669885
STU_010400,72.2939464050965
STU_010401,52.60406265428421
STU_010402,75.24344345709069
STU_010403,77.28363590171854
STU_010404,84.61851940466221
STU_010405,81.533826158357
STU_010406,75.18164028161773
STU_010407,92.89749432525926
STU_010408,67.81318890502064
STU_010409,94.18529956187884
STU_010410,65.94077676280246
STU_010411,86.70902941000239
STU_010412,96.02260631978851
STU_010413,85.08715391928187
STU_010414,85.19097778853603
STU_010415,85.75924101171918
STU_010416,82.92001039983649
STU_010417,98.78080729740671
STU_010418,75.26046753567329
STU_010419,89.37186030224673
STU_010420,87.72935319335383
STU_010421,80.87414370117591
STU_010422,72.24761773464958
STU_010423,73.76320257999365
STU_010424,55.583181854401275
STU_010425,58.28250748911336
STU_010426,75.15055591054674
STU_010427,66.5133115044449
STU_010428,75.15321936268842
STU_010429,56.380227248074085
STU_010430,81.31418886847995
STU_010431,55.7098248703824
STU_010432,66.0424757902092
STU_010433,74.2077829007245
STU_010434,86.8495943452456
STU_010435,64.23170876734874
STU_010436,82.71518736348088
STU_010437,49.93048346622996
STU_010438,98.86933894807947
STU_010439,71.71402784103009
STU_010440,85.24515911933729
STU_010441,55.73967267008975
STU_010442,72.58698867360485
STU_010443,80.65028966002043
STU_010444,66.9297759767369
STU_010445,70.49942633318767
STU_010446,45.02638766691315
STU_010447,78.811400619913
STU_010448,73.51466049908615
STU_010449,72.64147404500146
STU_010450,64.11513084224373
STU_010451,89.193715682959
STU_010452,80.52817595810144
STU_010453,70.9835456334654
STU_010454,71.58437264667536
STU_010455,48.48842140641564
STU_010456,88.71643061355621
STU_010457,76.11855329684553
STU_010458,86.63021216744414
STU_010459,78.81674080361435
STU_010460,68.43073024831091
STU_010461,68.03025928613751
STU_010462,57.48453758383418
STU_010463,82.56255176607667
STU_010464,87.87731338898382
STU_010465,58.1399278346499
STU_010466,67.71183470188465
STU_010467,72.23113494760234
STU_010468,76.77400394119849
STU_010469,74.14658879284256
STU_010470,71.49316697335286
STU_010471,92.99809621185005
STU_010472,54.34688464997139
STU_010473,85.29839394224203
STU_010474,80.43246722966387
STU_010475,76.57451108670733
STU_010476,64.74442055709318
STU_010477,71.43606712419209
STU_010478,96.9766432469934
STU_010479,63.38631054808229
STU_010480,68.96208909836861
STU_010481,60.97925455012899
STU_010482,73.23081200390067
STU_010483,91.8435815919411
STU_010484,77.73168218027247
STU_010485,50.95751534147631
STU_010486,75.3558363735484
STU_010487,94.28948506501769
STU_010488,83.61503787643522
STU_010489,81.58529696764607
STU_010490,86.65138422427327
STU_010491,79.14188477761267
STU_010492,73.10527665814229
STU_010493,77.07133236405893
STU_010494,61.11187980725881
STU_010495,41.323943487332066
STU_010496,92.95169624460956
STU_010497,66.65948136995647
STU_010498,77.096905993806
STU_010499,65.7468883907769
STU_010500,67.48169774081371
STU_010501,75.29285343094513
STU_010502,69.1921144454569
STU_010503,80.05315641490667
STU_010504,68.02681119920261
STU_010505,61.67041075783297
STU_010506,81.28064544040618
STU_010507,68.7601761620955
STU_010508,62.18502799255004
STU_010509,77.92289080128329
STU_010510,48.52305759979988
STU_010511,61.72105520513621
STU_010512,72.32820081942214
STU_010513,91.78891768222329
STU_010514,75.25979308122287
STU_010515,81.31114226333644
STU_010516,82.6681734870677
STU_010517,96.1605373317101
STU_010518,54.118158278711235
STU_010519,88.64881891453123
STU_010520,88.03850683231633
STU_010521,95.75008700855389
STU_010522,78.57765511686654
STU_010523,84.66605122427966
STU_010524,87.61544240452619
STU_010525,73.06924324516676
STU_010526,56.48142651921427
STU_010527,83.16011693236014
STU_010528,86.32984964301302
STU_010529,53.446740414942354
STU_010530,79.60190667712885
STU_010531,68.24282676457126
STU_010532,61.81402875142278
STU_010533,80.18590191824471
STU_010534,81.67104738822454
STU_010535,84.98004774112769
STU_010536,80.45777550043596
STU_010537,76.44621527637537
STU_010538,75.57729372688121
STU_010539,67.22174616559514
STU_010540,52.767264256166875
STU_010541,88.1916710049129
STU_010542,99.56115811516537
STU_010543,81.50171609837682
STU_010544,73.08305383658188
STU_010545,84.45459124495218
STU_010546,71.0195341600949
STU_010547,80.20245558239247
STU_010548,100.0
STU_010549,66.8640571538093
STU_010550,79.71635988726403
STU_010551,64.26379742895433
STU_010552,93.2773270123799
STU_010553,100.0
STU_010554,87.24533852789096
STU_010555,79.02336106314101
STU_010556,62.948348640457255
STU_010557,79.7895681453006
STU_010558,75.8618358196171
STU_010559,71.12059575310293
STU_010560,77.8227818874901
STU_010561,96.1612977508049
STU_010562,60.37176166115714
STU_010563,66.90814568281759
STU_010564,61.932289828653936
STU_010565,84.27296763111694
STU_010566,66.68190598153105
STU_010567,73.00364311267225
STU_010568,79.6382566947889
STU_010569,92.87101290520266
STU_010570,56.964674073378305
STU_010571,95.0809110953734
STU_010572,73.43801807968606
STU_010573,93.44970996541494
STU_010574,76.1063976763001
STU_010575,70.15382801501913
STU_010576,53.364598923181255
STU_010577,67.69698360037756
STU_010578,70.1129167456624
STU_010579,77.29666230674755
STU_010580,59.50931428802339
STU_010581,50.47933243318019
STU_010582,75.03696201274008
STU_010583,75.8949228672967
STU_010584,91.50466636752994
STU_010585,75.70571756024412
STU_010586,97.356163186679
STU_010587,72.8266926779131
STU_010588,73.43628135103644
STU_010589,94.30325713102656
STU_010590,91.52613458608104
STU_010591,74.36716344591689
STU_010592,95.69317643397558
STU_010593,85.87369662589484
STU_010594,53.45802410694131
STU_010595,78.00334767588575
STU_010596,74.2005896053
STU_010597,58.10011642445943
STU_010598,93.07751031402947
STU_010599,65.63542620237516
STU_010600,69.63891350709432
STU_010601,82.98021655504009
STU_010602,72.84123591760164
STU_010603,83.55899650586667
STU_010604,72.56154950995916
STU_010605,60.81887813003679
STU_010606,88.9341013346118
STU_010607,85.81019106237821
STU_010608,68.43552682217711
STU_010609,74.77593984540688
STU_010610,75.600687452877
STU_010611,85.46871099164208
STU_010612,56.657040016190294
STU_010613,94.51588769311651
STU_010614,100.0
STU_010615,90.6274463480567
STU_010616,92.67058857911643
STU_010617,59.08412297865875
STU_010618,80.6392624604127
STU_010619,99.71540693672807
STU_010620,65.71506589163711
STU_010621,71.21346212907379
STU_010622,60.28787548596946
STU_010623,84.62013167735373
STU_010624,65.08860526447293
STU_010625,71.2368080834224
STU_010626,90.08743688079804
STU_010627,86.5807864973026
STU_010628,61.948811443926324
STU_010629,84.81799015991629
STU_010630,79.25598081858654
STU_010631,93.19290763775692
STU_010632,67.44836235467183
STU_010633,73.9449917840656
STU_010634,74.0636925327022
STU_010635,60.888889163050436
STU_010636,85.81273796741638
STU_010637,65.8581603825701
STU_010638,70.44732352997717
STU_010639,73.37078357899742
STU_010640,57.87163842288508
STU_010641,67.41553245725459
STU_010642,94.35673595114686
STU_010643,89.15359579167249
STU_010644,79.29690635066717
STU_010645,79.16487340605474
STU_010646,95.86968588311379
STU_010647,68.7166751571561
STU_010648,73.03198852031127
STU_010649,76.89464387687342
STU_010650,84.12318122808162
STU_010651,81.30302726138241
STU_010652,68.74171275348007
STU_010653,87.6853383571264
STU_010654,90.71003857938652
STU_010655,87.45936663294219
STU_010656,78.09316993791322
STU_010657,77.90842310972309
STU_010658,72.96732055082268
STU_010659,93.5593433014644
STU_010660,90.16060252942368
STU_010661,74.7229068752396
STU_010662,96.43554932433432
STU_010663,72.82044850213802
STU_010664,76.35068779316772
STU_010665,62.954591297200494
STU_010666,94.29343074416889
STU_010667,86.53231387189976
STU_010668,66.25620084103322
STU_010669,78.12579866534246
STU_010670,88.79585648758183
STU_010671,62.504696599390584
STU_010672,58.20028807792942
STU_010673,84.94730385308632
STU_010674,96.71419369326938
STU_010675,90.99504195602464
STU_010676,70.26165547777032
STU_010677,78.69366111798386
STU_010678,71.09698250815516
STU_010679,74.7886822852274
STU_010680,88.6359065150987
STU_010681,83.50503200808147
STU_010682,54.65709100092773
STU_010683,75.3339647961574
STU_010684,75.42143338873551
STU_010685,86.37341570068187
STU_010686,78.14017820877345
STU_010687,63.69362440247818
STU_010688,95.86745795318078
STU_010689,87.66724930451812
STU_010690,97.29793014083342
STU_010691,79.30646573175807
STU_010692,89.0128157460956
STU_010693,73.04915399279723
STU_010694,69.69423279690233
STU_010695,62.00596256691067
STU_010696,53.11237222877239
STU_010697,78.64354876329958
STU_010698,89.26304347801343
STU_010699,84.19156983874618
STU_010700,89.36242004588937
STU_010701,81.9851002008994
STU_010702,70.3732108389506
STU_010703,91.74888223147474
STU_010704,98.46410085265852
STU_010705,80.87612188486433
STU_010706,89.57480658250599
STU_010707,78.25751053309958
STU_010708,78.99335236318214
STU_010709,65.80106726161816
STU_010710,57.568121909118595
STU_010711,98.56203360228366
STU_010712,53.127328867846316
STU_010713,93.38851611520326
STU_010714,62.457074852972845
STU_010715,79.06465449157608
STU_010716,54.11526481045132
STU_010717,84.33913149047484
STU_010718,78.90012745159743
STU_010719,81.32435522997233
STU_010720,52.16637431255785
STU_010721,70.23687898883844
STU_010722,98.03013232543242
STU_010723,71.23592492152034
STU_010724,78.73842435279957
STU_010725,65.18929849893652
STU_010726,68.37421133624832
STU_010727,47.59274392592498
STU_010728,71.390105829794
STU_010729,93.26745316424555
STU_010730,94.37672263321545
STU_010731,68.9979749558327
STU_010732,70.8264534996132
STU_010733,94.926091896378
STU_010734,85.29044911957222
STU_010735,69.21891362792752
STU_010736,68.87032707643256
STU_010737,64.06362639502618
STU_010738,68.62172560558993
STU_010739,71.68011494035177
STU_010740,70.26114595791228
STU_010741,79.04994058928965
STU_010742,67.01095676597696
STU_010743,96.09849962630727
STU_010744,76.72910226011605
STU_010745,64.20487635992512
STU_010746,72.19689849030871
STU_010747,88.22903443691715
STU_010748,78.07677340795364
STU_010749,85.00539293995327
STU_010750,79.42276536867004
STU_010751,74.7275483873549
STU_010752,69.84993246903193
STU_010753,77.96188785796222
STU_010754,84.72602467499468
STU_010755,64.23948009384331
STU_010756,91.20749178024043
STU_010757,55.189758383742955
STU_010758,84.17566119795845
STU_010759,92.99832374410178
STU_010760,82.17109926814544
STU_010761,76.2830636382178
STU_010762,72.11015516454339
STU_010763,64.06896694044607
STU_010764,53.836577295290695
STU_010765,81.78385939795834
STU_010766,62.18380801086079
STU_010767,71.61500785814816
STU_010768,51.40231509476945
STU_010769,86.80984812391098
STU_010770,70.5167012713445
STU_010771,46.602249779112206
STU_010772,71.11174539047438
STU_010773,86.64798014926704
STU_010774,85.98968293655403
STU_010775,91.45420586301725
STU_010776,46.096676749234405
STU_010777,80.39578970450738
STU_010778,56.361548898901276
STU_010779,62.91902492281061
STU_010780,77.65320043922485
STU_010781,81.78076763617507
STU_010782,84.15616000477223
STU_010783,51.98076051403197
STU_010784,74.55100940270206
STU_010785,84.1520278854969
STU_010786,79.02971549003654
STU_010787,74.93513508470498
STU_010788,70.08729364841089
STU_010789,98.1644970718105
STU_010790,63.20563016718412
STU_010791,59.5678037066464
STU_010792,91.57720668950962
STU_010793,84.60084035636672
STU_010794,63.627270262126004
STU_010795,77.5741396875373
STU_010796,81.88805075750855
STU_010797,55.993774160159724
STU_010798,61.628436877811545
STU_010799,87.7208921997855
STU_010800,64.4155402569331
STU_010801,68.45422827715315
STU_010802,85.02681829156458
STU_010803,78.89974013922298
STU_010804,56.935048553998946
STU_010805,73.98354856525862
STU_010806,85.0337078536075
STU_010807,95.86509146996538
STU_010808,70.06145133195788
STU_010809,99.24539646901644
STU_010810,85.56696450057362
STU_010811,75.78056490659722
STU_010812,83.5769278333092
STU_010813,97.29657910222505
STU_010814,70.54648089872956
STU_010815,85.04070487689278
STU_010816,99.27594601104514
STU_010817,86.05194651992034
STU_010818,83.80801668079309
STU_010819,84.33805058703746
STU_010820,96.0552739996658
STU_010821,95.05945119267332
STU_010822,66.93103435883289
STU_010823,93.88241405130509
STU_010824,86.57158589682103
STU_010825,87.24408935647455
STU_010826,83.03035901293785
STU_010827,59.94256989297552
STU_010828,67.22413407342302
STU_010829,69.84725578353432
STU_010830,76.55339389599976
STU_010831,92.89276087595135
STU_010832,95.44231156427122
STU_010833,84.57457036780683
STU_010834,70.88107128808649
STU_010835,82.06362017798206
STU_010836,86.04740191672855
STU_010837,75.24267224001676
STU_010838,90.39799513849306
STU_010839,65.95666012932904
STU_010840,76.46123181723974
STU_010841,89.5904592680421
STU_010842,91.50491928771751
STU_010843,73.87869204735557
STU_010844,59.94363243085665
STU_010845,90.49551540163222
STU_010846,82.75459100990483
STU_010847,100.0
STU_010848,77.34414468553194
STU_010849,77.18954124251124
STU_010850,65.28032581224825
STU_010851,93.74464984326309
STU_010852,68.49056933816802
STU_010853,89.70368007553961
STU_010854,88.11865851100993
STU_010855,69.84300520423717
STU_010856,58.77223637651213
STU_010857,65.76498991598731
STU_010858,53.99506985679399
STU_010859,66.86980017322904
STU_010860,95.03881267484894
STU_010861,75.6975773738139
STU_010862,68.36840198578687
STU_010863,77.41686545295292
STU_010864,86.43716095256289
STU_010865,74.5700942854591
STU_010866,91.29114553768613
STU_010867,57.042122036545436
STU_010868,68.93387630708261
STU_010869,81.23535820176856
STU_010870,69.04395431380705
STU_010871,85.90182474806768
STU_010872,86.57852887897491
STU_010873,52.244429486367366
STU_010874,66.9155080249934
STU_010875,85.44089118204838
STU_010876,70.43929746996122
STU_010877,74.57175750477936
STU_010878,75.97105236740929
STU_010879,64.64547902537808
STU_010880,87.2960907352365
STU_010881,97.17377457369297
STU_010882,79.97345724731429
STU_010883,83.41511459978034
STU_010884,57.81071324697869
STU_010885,69.98562528358059
STU_010886,96.86873550626291
STU_010887,60.47813650507274
STU_010888,90.08104593473539
STU_010889,93.67229124932204
STU_010890,79.24065864525188
STU_010891,96.92976377251972
STU_010892,81.97204727462125
STU_010893,73.07242300742479
STU_010894,84.94010965871868
STU_010895,69.08506900598888
STU_010896,75.30575402860354
STU_010897,68.0244200667517
STU_010898,85.01163976896072
STU_010899,61.324351023604066
STU_010900,68.81979425994797
STU_010901,65.45175113239466
STU_010902,90.2349257365333
STU_010903,57.04816804375386
STU_010904,74.00903599856457
STU_010905,68.42767336672202
STU_010906,54.412810561635155
STU_010907,94.24060545123514
STU_010908,88.93670025243208
STU_010909,88.25168558595132
STU_010910,85.1615536197993
STU_010911,79.05728110235769
STU_010912,94.09672291743051
STU_010913,78.80003231869298
STU_010914,88.74249251069901
STU_010915,77.35521676036818
STU_010916,69.53373515141968
STU_010917,79.87777011049127
STU_010918,80.83043632714424
STU_010919,90.47405117009622
STU_010920,69.57273952224091
STU_010921,79.98497715438516
STU_010922,77.61330348302145
STU_010923,89.56060597901532
STU_010924,91.09102713866483
STU_010925,69.82177267318845
STU_010926,92.52395327276386
STU_010927,63.790583800356536
STU_010928,75.98523283351446
STU_010929,69.61086298223809
STU_010930,92.04452109610659
STU_010931,74.96303241874753
STU_010932,84.35573445453139
STU_010933,79.55517168948411
STU_010934,91.86011399791357
STU_010935,71.68628118569201
STU_010936,66.37610937179124
STU_010937,72.68476633385383
STU_010938,60.86934276941605
STU_010939,80.91754026304821
STU_010940,52.27370989500289
STU_010941,93.11148407869084
STU_010942,81.77400273609803
STU_010943,59.81882423210715
STU_010944,61.00793109571232
STU_010945,74.88168833777267
STU_010946,81.98592602824559
STU_010947,74.75574544273645
STU_010948,86.59220555958059
STU_010949,95.21185623521332
STU_010950,68.30190389326734
STU_010951,76.91760604201045
STU_010952,64.55246081069409
STU_010953,87.93363311133082
STU_010954,53.102042035493724
STU_010955,63.574978319489304
STU_010956,95.89745492518765
STU_010957,86.48524718313067
STU_010958,68.33433866822612
STU_010959,88.74901120433877
STU_010960,84.64998313447066
STU_010961,74.15909284108702
STU_010962,91.63879336326673
STU_010963,71.39913778979681
STU_010964,80.08608164317556
STU_010965,65.89509230644715
STU_010966,58.303986514124055
STU_010967,71.5670157208603
STU_010968,67.52158106209367
STU_010969,57.859262363475324
STU_010970,82.65598550928702
STU_010971,74.13067844003322
STU_010972,69.31159310853047
STU_010973,75.97188243398237
STU_010974,64.72631570278097
STU_010975,82.07854750650964
STU_010976,83.8114199782425
STU_010977,87.8638383650271
STU_010978,97.0499769392708
STU_010979,73.14320593991131
STU_010980,79.78478330943003
STU_010981,88.59748992773254
STU_010982,72.16608973404895
STU_010983,73.19119821450127
STU_010984,74.21389667097795
STU_010985,55.184420287654426
STU_010986,92.9657585582238
STU_010987,91.35100861206939
STU_010988,69.56042841658599
STU_010989,88.79254503876437
STU_010990,83.73369603331652
STU_010991,60.08432708459583
STU_010992,77.69994754418721
STU_010993,74.0239863221932
STU_010994,79.0636057157762
STU_010995,100.0
STU_010996,58.78046309368087
STU_010997,68.59355147884614
STU_010998,68.29367090034039
STU_010999,66.66990563758263
STU_011000,77.7266768641715
STU_011001,61.23153413752768
STU_011002,80.72159085323794
STU_011003,60.83792770039369
STU_011004,78.64520463046762
STU_011005,71.87740485803766
STU_011006,85.24212012717229
STU_011007,68.17585171051724
STU_011008,79.83326405444865
STU_011009,93.82296066671313
STU_011010,97.49706615383963
STU_011011,67.0690251854992
STU_011012,81.09744368473496
STU_011013,55.38193525151402
STU_011014,65.63355236003416
STU_011015,95.14313086146801
STU_011016,66.30225635536902
STU_011017,74.33271258564965
STU_011018,88.46385300297442
STU_011019,64.61064515686331
STU_011020,91.75819063713615
STU_011021,67.9080830155794
STU_011022,85.32954203022543
STU_011023,73.67391371624865
STU_011024,79.68618684740059
STU_011025,66.92044804027923
STU_011026,80.1006238008872
STU_011027,77.53141206021644
STU_011028,90.95310482044778
STU_011029,84.86384488321013
STU_011030,62.37208244944733
STU_011031,64.01920427359204
STU_011032,65.11516017245667
STU_011033,57.76216067016633
STU_011034,74.65152486388547
STU_011035,85.0118243377319
STU_011036,96.45513767615049
STU_011037,94.61876499327425
STU_011038,83.80181004845153
STU_011039,60.03595192065907
STU_011040,80.63983621006389
STU_011041,57.35556480263669
STU_011042,64.1446765241062
STU_011043,66.26418345599271
STU_011044,62.97934554886716
STU_011045,95.24064207788408
STU_011046,80.83820839590732
STU_011047,83.15306071649269
STU_011048,63.68853338916198
STU_011049,83.01260525947629
STU_011050,79.65422837005812
STU_011051,85.92647846602077
STU_011052,98.60554020747304
STU_011053,54.37871178214286
STU_011054,68.62334080991532
STU_011055,65.16270031644656
STU_011056,58.436867626656436
STU_011057,87.72541731649478
STU_011058,100.0
STU_011059,100.0
STU_011060,69.24779403571112
STU_011061,66.55859054868824
STU_011062,62.10621046120597
STU_011063,82.25854600176193
STU_011064,72.52472088829698
STU_011065,71.87658730748979
STU_011066,73.03569759122718
STU_011067,84.27829034197362
STU_011068,96.49714630767133
STU_011069,94.02310893807353
STU_011070,68.75225992083728
STU_011071,89.77900350423657
STU_011072,92.0388189881605
STU_011073,75.34431237210602
STU_011074,91.10850776332717
STU_011075,73.72406543711163
STU_011076,96.50718397468711
STU_011077,75.1683345397663
STU_011078,71.60946944500459
STU_011079,68.48769298494766
STU_011080,62.35240610718608
STU_011081,86.77377957023114
STU_011082,54.66970790222699
STU_011083,92.99929583813018
STU_011084,76.80662211082289
STU_011085,91.72937736363943
STU_011086,66.24106655658976
STU_011087,71.09146829075094
STU_011088,76.94623924604848
STU_011089,86.8591680835354
STU_011090,89.51548578089398
STU_011091,79.840240323467
STU_011092,64.4264241147643
STU_011093,80.23301222107307
STU_011094,59.97161301057218
STU_011095,80.56522749424815
STU_011096,65.17574448263083
STU_011097,89.47874600386669
STU_011098,89.19202593743077
STU_011099,87.2384953861972
STU_011100,62.85994155633859
STU_011101,62.85831834426927
STU_011102,78.71546232072252
STU_011103,67.94562100269191
STU_011104,94.29981862348096
STU_011105,75.96046731766128
STU_011106,81.0472785832822
STU_011107,59.98731600221524
STU_011108,79.32294047098407
STU_011109,89.3371992387396
STU_011110,97.75442624852283
STU_011111,72.29995317614097
STU_011112,79.90293405331059
STU_011113,82.12903691876323
STU_011114,85.46988259101522
STU_011115,90.63811148188323
STU_011116,79.57230288485289
STU_011117,68.32707357176012
STU_011118,71.55106695420541
STU_011119,79.92116490751256
STU_011120,78.05834336558979
STU_011121,71.19945817765948
STU_011122,61.852569103598064
STU_011123,94.85756001221228
STU_011124,65.99654991245723
STU_011125,98.06041772148251
STU_011126,83.01006864057096
STU_011127,77.52485335149062
STU_011128,68.45219235479004
STU_011129,88.75039987707572
STU_011130,61.37654108123384
STU_011131,85.90553007066362
STU_011132,70.71468319323625
STU_011133,79.12535000033215
STU_011134,53.8801457057052
STU_011135,52.78780313235602
STU_011136,90.37918880629167
STU_011137,75.61272141708358
STU_011138,100.0
STU_011139,73.54149578551355
STU_011140,87.52072244782204
STU_011141,53.26462296750934
STU_011142,89.71652364874957
STU_011143,80.66019637927164
STU_011144,68.54920689031876
STU_011145,63.005550222327855
STU_011146,68.35711281323604
STU_011147,93.74688545993675
STU_011148,89.87190102504339
STU_011149,87.03171217745265
STU_011150,84.29068232361182
STU_011151,94.84759864508999
STU_011152,61.32882815563398
STU_011153,74.47327281526282
STU_011154,75.25126939938009
STU_011155,70.85376331948817
STU_011156,77.71086184844341
STU_011157,62.27020596493303
STU_011158,72.77572834817158
STU_011159,69.58884315318026
STU_011160,58.224216507384796
STU_011161,86.17380980401737
STU_011162,69.32697463081448
STU_011163,73.4545252706148
STU_011164,86.15212250008156
STU_011165,76.70639155387985
STU_011166,78.1327051149917
STU_011167,65.18986129001244
STU_011168,83.16793355148597
STU_011169,89.87038526518798
STU_011170,64.7943070625814
STU_011171,73.94503034337508
STU_011172,96.56092641804469
STU_011173,94.78682576479568
STU_011174,72.17284763550728
STU_011175,63.462839034536486
STU_011176,81.29325119104303
STU_011177,73.88001894507305
STU_011178,87.51248422720872
STU_011179,84.15733268198646
STU_011180,72.31710122461551
STU_011181,78.99695738109942
STU_011182,92.79596735684314
STU_011183,56.417473719788596
STU_011184,75.6104414702198
STU_011185,78.7114032503869
STU_011186,48.41031859918515
STU_011187,86.4182172687799
STU_011188,76.72092545984128
STU_011189,47.4891568191121
STU_011190,82.33221146747755
STU_011191,94.77560858163082
STU_011192,79.58738833944781
STU_011193,72.86489351830043
STU_011194,90.45920032028246
STU_011195,83.34864921935647
STU_011196,87.29656041048631
STU_011197,98.72172795836315
STU_011198,81.13436851965825
STU_011199,92.57165387365414
STU_011200,76.78735409718837
STU_011201,49.481321911086724
STU_011202,62.2506954553544
STU_011203,80.0471585388552
STU_011204,85.26119684703087
STU_011205,88.08414428199889
STU_011206,82.84821447603306
STU_011207,58.84296162256781
STU_011208,73.71265202420427
STU_011209,78.644440662512
STU_011210,74.42227042554133
STU_011211,81.7160792697799
STU_011212,71.71254634865726
STU_011213,84.94448234197026
STU_011214,60.796728835529976
STU_011215,91.96334088676369
STU_011216,62.487254278995536
STU_011217,98.8048401195807
STU_011218,65.43151306409412
STU_011219,86.32536059775562
STU_011220,69.88418660432866
STU_011221,82.81795538044605
STU_011222,86.98664539012229
STU_011223,68.78034387522649
STU_011224,99.4154852202535
STU_011225,49.645647186097484
STU_011226,84.37444563519391
STU_011227,57.718279459947894
STU_011228,93.99333641162417
STU_011229,78.40756473801895
STU_011230,77.48418673225281
STU_011231,90.56558197084169
STU_011232,86.58554910560103
STU_011233,75.03699902779445
STU_011234,81.93220615954378
STU_011235,92.72128447692882
STU_011236,64.23360860503085
STU_011237,61.68168805552642
STU_011238,64.7485985564347
STU_011239,82.13461201369267
STU_011240,85.73853149927226
STU_011241,98.36786564777704
STU_011242,64.60355070804054
STU_011243,66.23299714235759
STU_011244,51.181141393067165
STU_011245,74.84147509772204
STU_011246,79.86954370808597
STU_011247,87.5634679870024
STU_011248,74.9036613759369
STU_011249,76.15214313106884
STU_011250,75.1162207361075
STU_011251,73.48380555805207
STU_011252,75.93991719737328
STU_011253,80.34383241154845
STU_011254,97.80168539266312
STU_011255,85.32562644665293
STU_011256,76.43337675675481
STU_011257,51.90941163904492
STU_011258,77.70898646736457
STU_011259,73.12428301851251
STU_011260,100.0
STU_011261,62.51890412738037
STU_011262,84.6885463875979
STU_011263,59.019488137017134
STU_011264,52.65450018733147
STU_011265,78.25273741658326
STU_011266,80.6327855726152
STU_011267,91.9847339608504
STU_011268,66.76098534211629
STU_011269,89.04070604893997
STU_011270,77.50051463391954
STU_011271,80.27068142863595
STU_011272,90.23215922824318
STU_011273,75.76339547857295
STU_011274,87.14691857364184
STU_011275,77.07745939029716
STU_011276,82.32924237481559
STU_011277,73.84750167297375
STU_011278,73.20841773965711
STU_011279,96.94457964261058
STU_011280,75.21139532304093
STU_011281,71.18812579954125
STU_011282,90.15634347297078
STU_011283,78.48161575296268
STU_011284,58.006933309845714
STU_011285,89.16901709458497
STU_011286,81.06885440577378
STU_011287,74.68040832544887
STU_011288,73.37641922707789
STU_011289,64.65049488544258
STU_011290,68.19103536295782
STU_011291,79.5484014661468
STU_011292,44.308382711439336
STU_011293,89.17483558154086
STU_011294,70.84650287745744
STU_011295,77.66533404590531
STU_011296,95.63682610882624
STU_011297,73.22322323393668
STU_011298,59.41408029426778
STU_011299,82.125364761641
STU_011300,87.81697651047435
STU_011301,100.0
STU_011302,70.74301616283964
STU_011303,81.04188550213445
STU_011304,83.59679656890954
STU_011305,70.17684218688338
STU_011306,74.51090242808338
STU_011307,65.03290965271222
STU_011308,54.58403575405145
STU_011309,82.0068814066768
STU_011310,53.4186494012843
STU_011311,86.31225082411524
STU_011312,68.29288841044459
STU_011313,87.21945071105037
STU_011314,60.92527263290872
STU_011315,81.73520655047784
STU_011316,60.233229493707654
STU_011317,76.7833147015404
STU_011318,64.12396885987816
STU_011319,86.77477051578913
STU_011320,58.82845987358707
STU_011321,83.9011304515434
STU_011322,60.04783504681393
STU_011323,50.317243575783166
STU_011324,60.9231044958201
STU_011325,58.80061612408713
STU_011326,78.68295472229707
STU_011327,81.65889895545537
STU_011328,89.80337083059206
STU_011329,59.091104234633754
STU_011330,50.944093262757875
STU_011331,57.69665511486076
STU_011332,86.34280179096213
STU_011333,68.70432031725707
STU_011334,88.48996768278144
STU_011335,68.81701793595778
STU_011336,64.68813661191244
STU_011337,82.41090266957487
STU_011338,91.46470020341556
STU_011339,69.95034779052386
STU_011340,75.32930887223536
STU_011341,96.31341342069105
STU_011342,83.30946016071563
STU_011343,84.85092926528117
STU_011344,45.95651933577143
STU_011345,70.61414055919747
STU_011346,73.75278844164696
STU_011347,97.90309474346321
STU_011348,81.9337821066289
STU_011349,100.0
STU_011350,66.89767167311979
STU_011351,75.91972668569521
STU_011352,82.44438597795302
STU_011353,67.8755746867439
STU_011354,92.93751077696649
STU_011355,67.82263707532049
STU_011356,82.27707629487178
STU_011357,69.33694617095364
STU_011358,93.97641228104207
STU_011359,100.0
STU_011360,100.0
STU_011361,65.01776239187086
STU_011362,78.7940922061821
STU_011363,99.85211548446438
STU_011364,87.57787683607083
STU_011365,65.68311588650963
STU_011366,84.57947321114729
STU_011367,74.50995930849456
STU_011368,84.07073413679804
STU_011369,72.0957767782806
STU_011370,81.07538297086852
STU_011371,69.85422869264207
STU_011372,91.0480201378065
STU_011373,65.86904316849775
STU_011374,77.39653140716077
STU_011375,86.67842615919483
STU_011376,51.36626947805682
STU_011377,100.0
STU_011378,88.61966556977404
STU_011379,80.56230537102937
STU_011380,78.72840502459304
STU_011381,61.09576925123103
STU_011382,79.80616898300347
STU_011383,94.38847241038654
STU_011384,72.10118642254406
STU_011385,81.7078318532672
STU_011386,72.56379104772729
STU_011387,54.18776068072422
STU_011388,62.97494982966279
STU_011389,61.38911031486873
STU_011390,84.1630629770165
STU_011391,54.04489018126026
STU_011392,72.11990720390557
STU_011393,71.93379724305143
STU_011394,80.50541820977942
STU_011395,86.3154988537803
STU_011396,88.40868746525733
STU_011397,66.48422923150775
STU_011398,100.0
STU_011399,71.6854554790613
STU_011400,73.47632014041815
STU_011401,72.8082616313725
STU_011402,76.14393914118654
STU_011403,79.43219831530197
STU_011404,100.0
STU_011405,78.63355025449063
STU_011406,85.94818354913195
STU_011407,91.82417977936568
STU_011408,78.05984062329435
STU_011409,84.60884729102223
STU_011410,73.4221234594879
STU_011411,93.25674030975622
STU_011412,75.42964767016684
STU_011413,65.64348957901132
STU_011414,90.69645333304305
STU_011415,78.03664976379619
STU_011416,95.12292622789973
STU_011417,80.67024124572703
STU_011418,62.43505004042686
STU_011419,73.98930712428849
STU_011420,89.50019038737668
STU_011421,86.60211262052381
STU_011422,74.43352004727726
STU_011423,65.71483500259967
STU_011424,74.21699739407475
STU_011425,71.201438760815
STU_011426,96.93909616595896
STU_011427,67.33470845236512
STU_011428,90.8856721453163
STU_011429,75.94500012317062
STU_011430,76.15328897580197
STU_011431,80.09932769881856
STU_011432,64.95600550946732
STU_011433,90.18994578191648
STU_011434,92.91319904643859
STU_011435,73.14607376043499
STU_011436,88.7406957468252
STU_011437,61.30258829007293
STU_011438,66.37506638846693
STU_011439,75.3511273578075
STU_011440,67.51889633519141
STU_011441,77.00390671558144
STU_011442,77.10765303227387
STU_011443,67.0149919226404
STU_011444,79.97985117297407
STU_011445,70.57120019868758
STU_011446,55.433254876363364
STU_011447,93.54272016697652
STU_011448,64.03451944414029
STU_011449,70.76698310920364
STU_011450,78.74581973484007
STU_011451,78.95547573364114
STU_011452,69.23319850908216
STU_011453,68.33688730040424
STU_011454,65.63332171063571
STU_011455,50.738657599997055
STU_011456,90.85405504207353
STU_011457,69.11152961208978
STU_011458,97.50408553804914
STU_011459,72.67809538997514
STU_011460,83.72768565650955
STU_011461,79.3976038890325
STU_011462,82.73299497982877
STU_011463,81.28966134401045
STU_011464,76.28544582813866
STU_011465,71.39114206567636
STU_011466,81.3419488983848
STU_011467,78.71573356450541
STU_011468,63.5140203201296
STU_011469,70.78877548847899
STU_011470,94.02065615679781
STU_011471,65.05633986978519
STU_011472,71.78629979399051
STU_011473,78.65946682686275
STU_011474,90.5125043728928
STU_011475,88.75729678333522
STU_011476,94.74136916363767
STU_011477,100.0
STU_011478,51.95034876908457
STU_011479,61.65806011044012
STU_011480,97.871480609454
STU_011481,71.53092748944243
STU_011482,57.96272891953848
STU_011483,93.1933354701351
STU_011484,74.24355610277735
STU_011485,80.26785041248297
STU_011486,58.73638373922108
STU_011487,82.68995996360968
STU_011488,76.81790160008823
STU_011489,70.86041642254052
STU_011490,79.99472543475675
STU_011491,58.157372178808586
STU_011492,79.92935283547408
STU_011493,94.89883545928895
STU_011494,83.74179822078932
STU_011495,79.9531220349345
STU_011496,91.50634292453813
STU_011497,76.94607399888855
STU_011498,77.15592531386193
STU_011499,83.33397010517135
STU_011500,75.92122912522527
STU_011501,63.310926012479136
STU_011502,48.57287881443511
STU_011503,87.48579694343293
STU_011504,61.27123676582807
STU_011505,70.47486431781634
STU_011506,57.268013229753564
STU_011507,69.24700682585512
STU_011508,81.59507551468215
STU_011509,65.55885084997394
STU_011510,80.41343140497672
STU_011511,95.79233002901722
STU_011512,52.05753174701068
STU_011513,79.7176491316841
STU_011514,77.85580533356296
STU_011515,68.56913933707467
STU_011516,83.05777381368429
STU_011517,86.43215552147726
STU_011518,96.08825440425241
STU_011519,64.02089819090054
STU_011520,48.82126473282068
STU_011521,50.308293574118366
STU_011522,100.0
STU_011523,77.42418309910806
STU_011524,87.1395145761436
STU_011525,99.88388675803735
STU_011526,82.15691311246763
STU_011527,92.3265893774767
STU_011528,86.76709769820566
STU_011529,80.23960604568016
STU_011530,67.4345307520787
STU_011531,80.47583733950133
STU_011532,77.65748437854478
STU_011533,79.73337413995124
STU_011534,76.52516511158419
STU_011535,68.62339337809632
STU_011536,59.30301761960424
STU_011537,53.60994556251797
STU_011538,72.87474919902287
STU_011539,73.05841699953706
STU_011540,79.26383659996112
STU_011541,82.25809785119579
STU_011542,62.630414561077444
STU_011543,79.19460522596962
STU_011544,83.94443302920922
STU_011545,92.19454661961649
STU_011546,63.37977563604774
STU_011547,91.40845745908875
STU_011548,79.2658283308413
STU_011549,60.91561618232806
STU_011550,84.17737794784054
STU_011551,74.15719462399885
STU_011552,56.3527558115415
STU_011553,72.31602422988826
STU_011554,80.26526897844823
STU_011555,85.61873835221465
STU_011556,98.87613294125728
STU_011557,62.80297001281844
STU_011558,99.73055347849692
STU_011559,93.08433467026231
STU_011560,100.0
STU_011561,70.90615470679761
STU_011562,98.12254454178647
STU_011563,94.93144182094292
STU_011564,61.434243102974314
STU_011565,75.08275025276158
STU_011566,70.56551508416325
STU_011567,61.678855352792795
STU_011568,58.0497802293429
STU_011569,79.29662272923045
STU_011570,98.27331581430317
STU_011571,77.62853216386294
STU_011572,87.38077711194659
STU_011573,73.98035400821448
STU_011574,69.15267775778555
STU_011575,70.0608286358198
STU_011576,80.68175956973134
STU_011577,62.9514288484786
STU_011578,68.18455300540252
STU_011579,69.82293209343952
STU_011580,88.62033915012704
STU_011581,65.58177551912408
STU_011582,82.46040742959501
STU_011583,71.19369429191245
STU_011584,89.44063245754958
STU_011585,80.51893537171533
STU_011586,84.5434623534164
STU_011587,92.34100286739314
STU_011588,91.95367969762667
STU_011589,85.68871091253003
STU_011590,68.20694748104368
STU_011591,60.84337869913357
STU_011592,92.26835503679122
STU_011593,77.02012124441227
STU_011594,96.01574386299004
STU_011595,87.86545132128063
STU_011596,76.92869010639355
STU_011597,69.56315564390086
STU_011598,79.94389692102078
STU_011599,65.2252313359044
STU_011600,61.861156502578936
STU_011601,72.96989032496141
STU_011602,88.94272010678904
STU_011603,62.479279469177285
STU_011604,85.20570637097325
STU_011605,83.5092365584824
STU_011606,66.30514582712414
STU_011607,95.42925997036266
STU_011608,88.51348411880066
STU_011609,64.97768800846637
STU_011610,82.6934513645808
STU_011611,55.49072545871065
STU_011612,83.40339574591721
STU_011613,66.85494350266721
STU_011614,63.26534756279017
STU_011615,88.94445693184963
STU_011616,87.10761521864228
STU_011617,70.05162575046782
STU_011618,69.84594908214162
STU_011619,80.42080827111951
STU_011620,59.84956662985824
STU_011621,71.0029478156727
STU_011622,72.86530156093885
STU_011623,57.45348701523772
STU_011624,91.55104421477557
STU_011625,97.53906717438102
STU_011626,79.35200965617892
STU_011627,67.40385087584065
STU_011628,67.75279470480699
STU_011629,72.12854730182949
STU_011630,95.64019032090545
STU_011631,55.45816693872892
STU_011632,58.88730806427394
STU_011633,100.0
STU_011634,47.44182037764977
STU_011635,94.95094851286095
STU_011636,62.02573734979778
STU_011637,75.48469712134577
STU_011638,84.39024638845865
STU_011639,89.10255963588017
STU_011640,88.2477930495115
STU_011641,77.61398704479979
STU_011642,79.60648347965143
STU_011643,66.10412648031956
STU_011644,94.84753385758756
STU_011645,96.35020017182202
STU_011646,74.93095659710511
STU_011647,78.51603994754397
STU_011648,75.71138904678834
STU_011649,81.64664113638057
STU_011650,86.02765212375498
STU_011651,65.98015760731111
STU_011652,55.77387924354313
STU_011653,100.0
STU_011654,66.11575807763347
STU_011655,73.45306506494799
STU_011656,59.817860917480225
STU_011657,40.90649935776159
STU_011658,98.56659613874336
STU_011659,63.03604752337484
STU_011660,78.47698939937236
STU_011661,99.8207300590065
STU_011662,86.8186070938415
STU_011663,90.87847782308963
STU_011664,92.69688792003956
STU_011665,66.84755805854441
STU_011666,74.63228884752792
STU_011667,61.30375461016716
STU_011668,77.8899071501051
STU_011669,65.70965324658393
STU_011670,86.15786306317855
STU_011671,78.8607690278033
STU_011672,91.76817504641699
STU_011673,73.54061172090934
STU_011674,64.99514112197113
STU_011675,87.20038294693992
STU_011676,73.79250968869798
STU_011677,79.51091928520907
STU_011678,55.48032609698156
STU_011679,93.59276227866884
STU_011680,91.02385362891798
STU_011681,97.41977085108192
STU_011682,47.13235249997438
STU_011683,76.35471228754457
STU_011684,64.4772053367102
STU_011685,62.405356846373266
STU_011686,76.95799746215772
STU_011687,87.50340913755977
STU_011688,88.40061845071841
STU_011689,71.52753992204842
STU_011690,71.21205371586342
STU_011691,95.92337874236034
STU_011692,80.11699498777489
STU_011693,88.22223380561485
STU_011694,93.37781263600532
STU_011695,92.19643365302659
STU_011696,89.86481303370722
STU_011697,69.82554701293071
STU_011698,66.71440711592301
STU_011699,81.75420054719507
STU_011700,60.81843246688524
STU_011701,71.25830958776919
STU_011702,86.21426327448852
STU_011703,87.73580037540886
STU_011704,80.67737845067474
STU_011705,75.83099730187536
STU_011706,88.97145800047478
STU_011707,70.60541520583386
STU_011708,77.5454383126272
STU_011709,86.36813899093748
STU_011710,82.89236213556049
STU_011711,77.61206393696324
STU_011712,54.99311795484285
STU_011713,93.50831734117452
STU_011714,78.53360612533575
STU_011715,85.68916886850599
STU_011716,83.01114816227525
STU_011717,71.71155267822246
STU_011718,85.36658274967338
STU_011719,78.5998261951922
STU_011720,95.28391008281767
STU_011721,65.89179339567373
STU_011722,66.7897746916447
STU_011723,71.47414616896266
STU_011724,92.47815714521649
STU_011725,80.9779719460156
STU_011726,54.294560190391394
STU_011727,60.56315869429295
STU_011728,57.68293792968369
STU_011729,78.34141957382585
STU_011730,73.60427532064044
STU_011731,94.55051891595957
STU_011732,90.8409245027152
STU_011733,79.75607935167874
STU_011734,90.63824053046085
STU_011735,80.960324823641
STU_011736,71.5991514525941
STU_011737,67.81456175926623
STU_011738,87.4922375289251
STU_011739,91.01853511917614
STU_011740,86.1634478965837
STU_011741,79.77778264544796
STU_011742,65.48118695203073
STU_011743,58.63079850290857
STU_011744,74.38097132520988
STU_011745,64.50755617560112
STU_011746,69.62315097148166
STU_011747,86.71042775185582
STU_011748,70.61612634341459
STU_011749,74.47718418839614
STU_011750,96.6296416158648
STU_011751,71.48473422223383
STU_011752,63.69012205218327
STU_011753,49.5177700855058
STU_011754,77.3376291885809
STU_011755,73.16873839035253
STU_011756,82.50373713945385
STU_011757,75.14439414910618
STU_011758,98.2091856833578
STU_011759,72.974945667485
STU_011760,84.59106345548676
STU_011761,87.55929055659367
STU_011762,73.1386740091718
STU_011763,82.3083122309688
STU_011764,65.74873098695558
STU_011765,79.19712491276857
STU_011766,47.031134858102
STU_011767,61.51334171202181
STU_011768,86.35496606990992
STU_011769,60.92015480668816
STU_011770,93.30384881395658
STU_011771,69.46017552673055
STU_011772,63.96165416815024
STU_011773,62.26371984910203
STU_011774,63.51699410248659
STU_011775,79.65228635005404
STU_011776,66.12135069183316
STU_011777,73.17478877808117
STU_011778,88.9446526215261
STU_011779,83.64906892908424
STU_011780,72.25232163170377
STU_011781,56.7011598172762
STU_011782,89.0212041206532
STU_011783,71.594711522375
STU_011784,75.09749123907504
STU_011785,68.7028371298848
STU_011786,80.15165030859023
STU_011787,69.530981688717
STU_011788,72.48511315802372
STU_011789,62.55252161551895
STU_011790,84.2508808453197
STU_011791,88.65665645645274
STU_011792,78.67824690132645
STU_011793,62.74391711219773
STU_011794,58.32979820834632
STU_011795,63.46661172648633
STU_011796,97.34934160871352
STU_011797,67.89706223990629
STU_011798,68.38905248886047
STU_011799,98.443680053409
STU_011800,67.43987097660663
STU_011801,87.3203077527433
STU_011802,91.15879666484639
STU_011803,72.56019718704526
STU_011804,74.81936168388012
STU_011805,69.67344172903177
STU_011806,68.06948286346581
STU_011807,85.27771057752153
STU_011808,87.56330806598866
STU_011809,89.90035999630766
STU_011810,90.04606442626874
STU_011811,90.72311935329941
STU_011812,68.9708848270237
STU_011813,70.77068067739704
STU_011814,93.86812571601645
STU_011815,69.68213771825195
STU_011816,77.46259820828743
STU_011817,93.34489983218702
STU_011818,75.23113762557938
STU_011819,75.65558245279698
STU_011820,75.04149457367366
STU_011821,75.27496264846263
STU_011822,98.18190426266938
STU_011823,71.74334933687581
STU_011824,74.34298092524092
STU_011825,81.94349860976675
STU_011826,70.28162415401789
STU_011827,75.07838133390311
STU_011828,74.4172787777607
STU_011829,72.52483317160235
STU_011830,64.90019767983654
STU_011831,66.74990065594118
STU_011832,65.0656194455575
STU_011833,64.25513661531451
STU_011834,65.27067901159627
STU_011835,81.58353248584966
STU_011836,77.18939264781713
STU_011837,72.15598227574985
STU_011838,69.49527687724715
STU_011839,88.11106180989154
STU_011840,84.69168924082784
STU_011841,79.67435979317203
STU_011842,60.768859778432315
STU_011843,59.13696238533137
STU_011844,83.301263831693
STU_011845,69.50092641806116
STU_011846,88.38122773349465
STU_011847,73.95493391411678
STU_011848,94.59641066078375
STU_011849,78.58799696105153
STU_011850,68.34666014396758
STU_011851,91.05347448741044
STU_011852,89.34461545687151
STU_011853,85.51815519163206
STU_011854,74.24369290373869
STU_011855,89.17160951285462
STU_011856,81.94801872724089
STU_011857,78.05555323454467
STU_011858,88.44956369456469
STU_011859,74.51167259005062
STU_011860,73.00569046410327
STU_011861,65.53381930390972
STU_011862,70.70656809514496
STU_011863,94.83350187434314
STU_011864,51.67086248529585
STU_011865,83.12800984325236
STU_011866,62.83134889023776
STU_011867,84.3030059950878
STU_011868,84.07094651297629
STU_011869,75.51335952839867
STU_011870,89.83192439740336
STU_011871,65.3191036883616
STU_011872,67.11962555485967
STU_011873,81.16390420728325
STU_011874,68.88730517233995
STU_011875,63.556046668394636
STU_011876,68.40008726926378
STU_011877,89.77092603981652
STU_011878,58.979728191226805
STU_011879,80.99238931787096
STU_011880,60.82929453809072
STU_011881,57.56210536998544
STU_011882,85.1446444518819
STU_011883,52.514925260197
STU_011884,64.40172215972572
STU_011885,60.23535050827757
STU_011886,71.77575544544082
STU_011887,80.49642459090023
STU_011888,75.92183662293321
STU_011889,47.551792629718776
STU_011890,56.77796308513713
STU_011891,84.33293698386366
STU_011892,98.52062292693759
STU_011893,90.5344274980356
STU_011894,76.38656690953668
STU_011895,93.13695402695353
STU_011896,61.60985160243213
STU_011897,67.66140198547687
STU_011898,100.0
STU_011899,58.701199326589325
STU_011900,80.05360276814608
STU_011901,79.09110844076088
STU_011902,55.97082957327015
STU_011903,73.23423191521806
STU_011904,79.68471310339122
STU_011905,70.61138565168896
STU_011906,80.4236680522971
STU_011907,89.15105996069695
STU_011908,91.64647465943634
STU_011909,51.32255405870393
STU_011910,85.321496728681
STU_011911,74.41113778586008
STU_011912,90.82534206872522
STU_011913,74.7438571430804
STU_011914,88.30108068155243
STU_011915,90.25780936038115
STU_011916,68.99009167309049
STU_011917,89.20157375990819
STU_011918,80.02840278207425
STU_011919,99.60446088710759
STU_011920,76.2714317370433
STU_011921,69.8495497717752
STU_011922,75.26874774780622
STU_011923,61.65723454490298
STU_011924,72.37978127929281
STU_011925,41.10986055533456
STU_011926,72.34612312626517
STU_011927,71.24718541852768
STU_011928,71.93518481110011
STU_011929,80.59192025997436
STU_011930,85.77301892031328
STU_011931,85.11945744915113
STU_011932,67.30300400257016
STU_011933,55.50209433281987
STU_011934,80.06257949531965
STU_011935,49.59957956082347
STU_011936,88.28526953597452
STU_011937,71.81738442968607
STU_011938,56.97125565189436
STU_011939,92.92562965503696
STU_011940,78.21359001500316
STU_011941,80.49482387641295
STU_011942,90.30799105073505
STU_011943,75.68826966705241
STU_011944,69.29656504298701
STU_011945,77.14215422122986
STU_011946,98.06782206326855
STU_011947,85.73638848598002
STU_011948,66.06935943978634
STU_011949,82.9488715783791
STU_011950,77.14743625159083
STU_011951,90.24864461081219
STU_011952,69.28106175347561
STU_011953,51.00218332581473
STU_011954,90.72297828147873
STU_011955,60.54362712581931
STU_011956,89.77838188755746
STU_011957,59.66094710865015
STU_011958,96.20416852800096
STU_011959,77.84405156138826
STU_011960,90.14896820891738
STU_011961,91.69904030932318
STU_011962,80.34967073337015
STU_011963,89.86498243267371
STU_011964,75.35345382323962
STU_011965,75.8177525095876
STU_011966,92.60426677107088
STU_011967,57.277368579465296
STU_011968,86.72452440636735
STU_011969,53.97378676202674
STU_011970,83.57436309549176
STU_011971,55.914722536367464
STU_011972,85.83321764973826
STU_011973,68.03671849275463
STU_011974,92.79158181981533
STU_011975,75.42399874585887
STU_011976,64.52510131500127
STU_011977,86.74386776091734
STU_011978,58.47352410469732
STU_011979,79.14707292709097
STU_011980,77.35329766186251
STU_011981,78.27630414847715
STU_011982,91.88496501493505
STU_011983,67.02204913603366
STU_011984,83.29918009497041
STU_011985,82.64433752979593
STU_011986,68.80641826193589
STU_011987,57.001802300019705
STU_011988,76.18996426006244
STU_011989,71.23637235867521
STU_011990,92.30559472400942
STU_011991,65.53857686961756
STU_011992,46.82710282411378
STU_011993,72.08588678854747
STU_011994,64.9260100994571
STU_011995,70.67166898302102
STU_011996,73.73010504459904
STU_011997,87.50816029542773
STU_011998,95.42069462387342
STU_011999,100.0
STU_012000,90.50352620234646
STU_012001,89.2191349757097
STU_012002,73.6298287737767
STU_012003,77.13050802621026
STU_012004,70.00629067022278
STU_012005,80.10698793146351
STU_012006,90.5425484750896
STU_012007,64.68525703169423
STU_012008,81.22446698360841
STU_012009,69.79845943780249
STU_012010,46.52285499554736
STU_012011,62.29092990804068
STU_012012,72.20818401743959
STU_012013,71.04513167190937
STU_012014,54.59860110635265
STU_012015,69.24443548749647
STU_012016,54.339044719734325
STU_012017,78.8675694512447
STU_012018,88.42257015911099
STU_012019,94.37474206036576
STU_012020,61.56811308070927
STU_012021,63.583829245048875
STU_012022,68.11888919755991
STU_012023,74.01806479779576
STU_012024,90.49495051773334
STU_012025,91.19319480670936
STU_012026,65.67939233407793
STU_012027,89.74779713533161
STU_012028,94.18078676553233
STU_012029,64.00388204981166
STU_012030,84.90971103624676
STU_012031,94.89135739235783
STU_012032,68.7642386835745
STU_012033,70.30224979463866
STU_012034,96.36976466870055
STU_012035,72.03443440541267
STU_012036,68.08971601390402
STU_012037,79.81097954414508
STU_012038,62.08195808404037
STU_012039,71.34253539283573
STU_012040,96.07082866647028
STU_012041,72.81103566217737
STU_012042,90.57695065759282
STU_012043,72.68382488753592
STU_012044,73.18702413371203
STU_012045,55.73982081124976
STU_012046,78.38084781789087
STU_012047,93.63105514479349
STU_012048,58.266877225745596
STU_012049,75.07549714406815
STU_012050,74.52444721986947
STU_012051,36.4011977266818
STU_012052,84.91478567318111
STU_012053,84.48570410236479
STU_012054,70.05658327068959
STU_012055,78.96057915668695
STU_012056,95.61084258860086
STU_012057,88.48064111749198
STU_012058,66.38790130337678
STU_012059,57.36834899451357
STU_012060,71.84759119531714
STU_012061,67.004494056816
STU_012062,90.39248753437506
STU_012063,56.52283889945565
STU_012064,63.76203700096952
STU_012065,84.0559452889056
STU_012066,74.11301511321145
STU_012067,76.64641494310271
STU_012068,65.58061523369204
STU_012069,67.16054391134153
STU_012070,80.15626814867505
STU_012071,80.32954387380322
STU_012072,70.49931925275969
STU_012073,87.54151880143864
STU_012074,86.35095808530485
STU_012075,50.8651733229651
STU_012076,67.42666031199433
STU_012077,67.13557847963195
STU_012078,69.3065645609938
STU_012079,74.36591070795725
STU_012080,79.38772358499153
STU_012081,53.36457025764048
STU_012082,91.07959613991999
STU_012083,67.12685998454776
STU_012084,77.7709727642041
STU_012085,94.35406246384858
STU_012086,82.51509630836578
STU_012087,79.91332201493319
STU_012088,74.67219643156854
STU_012089,75.05047304386798
STU_012090,91.80690664849351
STU_012091,89.52207809316612
STU_012092,81.22841968371232
STU_012093,81.23856764562693
STU_012094,80.61859527437943
STU_012095,70.21569873583404
STU_012096,79.58648746110055
STU_012097,82.56763804236695
STU_012098,62.36059740020994
STU_012099,77.92833008080623
STU_012100,89.03267286283113
STU_012101,89.8587600026209
STU_012102,72.83663075725666
STU_012103,76.48337588615165
STU_012104,64.3681419957561
STU_012105,83.96325773412728
STU_012106,91.53402156154496
STU_012107,82.75708615348897
STU_012108,89.87054599039638
STU_012109,75.81822010771243
STU_012110,76.06270494866534
STU_012111,49.21418779723852
STU_012112,82.46819566569744
STU_012113,85.9044290013876
STU_012114,70.81023148393685
STU_012115,76.6551338389561
STU_012116,71.83165130878864
STU_012117,92.6041727537251
STU_012118,65.02622374327345
STU_012119,92.31118358840644
STU_012120,66.43736944395536
STU_012121,73.94737136684626
STU_012122,65.64290834460891
STU_012123,81.25359267301492
STU_012124,71.32893285584319
STU_012125,80.6974250788224
STU_012126,74.54319140734006
STU_012127,77.14626213296381
STU_012128,75.10236356975331
STU_012129,76.75806947054181
STU_012130,63.87820266144559
STU_012131,50.99234544677958
STU_012132,79.97804561175887
STU_012133,80.55968546933451
STU_012134,61.5771765399487
STU_012135,65.91046133692329
STU_012136,53.25417706892732
STU_012137,67.39276249344121
STU_012138,57.262565240545214
STU_012139,68.86986448266246
STU_012140,77.48863753166403
STU_012141,66.08014955883016
STU_012142,82.68990823676619
STU_012143,100.0
STU_012144,83.49763214144
STU_012145,78.1402555881183
STU_012146,81.2005232734977
STU_012147,69.44785113058938
STU_012148,74.55213981193933
STU_012149,80.58241786199537
STU_012150,78.50299794303598
STU_012151,81.64099815600576
STU_012152,52.44405098320419
STU_012153,74.37605595245472
STU_012154,79.41601746613584
STU_012155,64.52148914119897
STU_012156,73.72421387440964
STU_012157,81.87619071450166
STU_012158,86.52906406270515
STU_012159,83.02247888427394
STU_012160,97.1970262224644
STU_012161,97.41444364866746
STU_012162,85.49859943763862
STU_012163,98.66966513932938
STU_012164,39.24720850785839
STU_012165,71.6434249268749
STU_012166,64.6231464099367
STU_012167,93.35521823585314
STU_012168,61.17457458309429
STU_012169,61.149653147464925
STU_012170,65.41265923336995
STU_012171,75.59184399115327
STU_012172,87.70308564264761
STU_012173,88.46221595189425
STU_012174,84.51056270132278
STU_012175,80.44191231414916
STU_012176,71.0296766784441
STU_012177,72.31027867356433
STU_012178,87.64484015815407
STU_012179,67.84249927815137
STU_012180,82.11283213353228
STU_012181,92.69994832335476
STU_012182,78.46302594618714
STU_012183,90.17814252183183
STU_012184,75.74934528765276
STU_012185,74.56678114567153
STU_012186,91.94688333768667
STU_012187,48.52348353719375
STU_012188,61.72446465416241
STU_012189,59.66554570983213
STU_012190,88.52925402622441
STU_012191,72.76481189421645
STU_012192,72.63246880999219
STU_012193,64.28358055816592
STU_012194,76.62671252514251
STU_012195,68.71772634653836
STU_012196,51.564784583945325
STU_012197,85.30319163665044
STU_012198,67.21163156351076
STU_012199,79.54600834526204
STU_012200,55.020572602700284
STU_012201,71.03759613870294
STU_012202,82.65687641599405
STU_012203,89.02919300951217
STU_012204,71.33706823818429
STU_012205,76.88451773680245
STU_012206,83.61543125749043
STU_012207,92.76986841631074
STU_012208,76.48461598600741
STU_012209,61.21510128858904
STU_012210,76.90828243575808
STU_012211,78.7865045467887
STU_012212,70.87286579261429
STU_012213,82.15354927329732
STU_012214,65.18673333158368
STU_012215,62.681763572198655
STU_012216,81.91695860740084
STU_012217,92.88924645332034
STU_012218,100.0
STU_012219,70.31176808692946
STU_012220,61.234798827598
STU_012221,74.05960907975684
STU_012222,65.44092505635341
STU_012223,63.628652713641685
STU_012224,71.26684123512894
STU_012225,84.28026830191466
STU_012226,75.45703159723263
STU_012227,73.60225333695011
STU_012228,61.53545660208935
STU_012229,82.88975624401985
STU_012230,81.32612143504167
STU_012231,64.0393279720575
STU_012232,79.21525743873934
STU_012233,81.39015620727756
STU_012234,64.66752772493187
STU_012235,67.32681089629142
STU_012236,96.85681234237587
STU_012237,77.27226550544293
STU_012238,67.78459476210193
STU_012239,74.7928089509305
STU_012240,77.86924954804302
STU_012241,85.97372822055786
STU_012242,77.3396211225602
STU_012243,50.50215718386411
STU_012244,59.20921431619483
STU_012245,69.35330114274615
STU_012246,62.557869258600455
STU_012247,57.654104568367075
STU_012248,87.9263375641186
STU_012249,86.57939937200686
STU_012250,88.37135481184572
STU_012251,69.09715598976828
STU_012252,61.05202125920728
STU_012253,58.63790734419376
STU_012254,57.674827203148325
STU_012255,79.12446648407825
STU_012256,69.96020726875803
STU_012257,81.96111394698245
STU_012258,77.64123339107525
STU_012259,79.27363409604985
STU_012260,87.89189003105011
STU_012261,81.08275370578885
STU_012262,83.98369392095562
STU_012263,67.27310880814268
STU_012264,64.1906381493906
STU_012265,69.23540976552938
STU_012266,96.56269450181753
STU_012267,93.9182303229284
STU_012268,55.004508446652466
STU_012269,78.05019347081908
STU_012270,70.96675817008486
STU_012271,74.52538482171042
STU_012272,74.12519992674639
STU_012273,70.17567689338868
STU_012274,62.86417818343568
STU_012275,91.43856350618354
STU_012276,73.07705053439588
STU_012277,78.82598207785125
STU_012278,69.0746983273198
STU_012279,80.55286110921055
STU_012280,75.85183867782527
STU_012281,56.17262562999275
STU_012282,88.55476887535892
STU_012283,91.52130775877683
STU_012284,65.8299274015886
STU_012285,77.22283953553071
STU_012286,77.31138014739221
STU_012287,93.24635057268534
STU_012288,80.8239478443703
STU_012289,88.04881199406678
STU_012290,87.53508593071763
STU_012291,70.79650500650946
STU_012292,78.30058291664258
STU_012293,68.24577193701046
STU_012294,86.44257527904902
STU_012295,78.08147635723049
STU_012296,76.20125258094546
STU_012297,73.63426422380654
STU_012298,71.79136459981467
STU_012299,84.79771960218956
STU_012300,56.53637590861515
STU_012301,84.32596471848228
STU_012302,81.58618736219444
STU_012303,62.56547867707418
STU_012304,50.49370601303755
STU_012305,96.27725467842883
STU_012306,74.4158918260095
STU_012307,69.21075299672508
STU_012308,88.1558748789439
STU_012309,67.74669528884942
STU_012310,74.7404606640304
STU_012311,80.66064791695128
STU_012312,57.09498508003025
STU_012313,73.45385743029105
STU_012314,97.0716828746859
STU_012315,88.3586771445051
STU_012316,73.12942770448603
STU_012317,97.36214174153343
STU_012318,84.94518502871679
STU_012319,81.54905679270853
STU_012320,63.066186479370955
STU_012321,63.414556653289054
STU_012322,91.20881656896327
STU_012323,61.037985623338635
STU_012324,80.86823940937325
STU_012325,65.51544677196077
STU_012326,69.84071880023058
STU_012327,62.35006890489147
STU_012328,63.8904264281461
STU_012329,92.83852389427445
STU_012330,87.6709695023983
STU_012331,82.81865468127927
STU_012332,71.30217871057057
STU_012333,84.54700548600235
STU_012334,72.52921516652148
STU_012335,66.13961415527805
STU_012336,86.40462684818701
STU_012337,92.03751467702033
STU_012338,67.48574403544625
STU_012339,87.06239005378507
STU_012340,63.701404624258835
STU_012341,53.95770763330008
STU_012342,84.77368797307844
STU_012343,90.86602508964292
STU_012344,63.03992125953151
STU_012345,62.712882232296764
STU_012346,74.7767904387487
STU_012347,94.32437387613675
STU_012348,78.67363968408283
STU_012349,67.61163623296464
STU_012350,84.7771220004318
STU_012351,89.5909027246853
STU_012352,80.8683178229174
STU_012353,94.37892594267524
STU_012354,61.509180930792475
STU_012355,87.93056815042895
STU_012356,82.90945880105417
STU_012357,67.65605177607225
STU_012358,93.88973209597646
STU_012359,85.68738648180877
STU_012360,69.40890202555975
STU_012361,63.58433193406986
STU_012362,77.72984041791833
STU_012363,75.56529677513485
STU_012364,82.3538575663748
STU_012365,69.75912042707438
STU_012366,84.20570298671592
STU_012367,74.16916573916333
STU_012368,62.0091977944462
STU_012369,70.39412499938749
STU_012370,99.06891265915084
STU_012371,72.01204833867116
STU_012372,86.95013669339994
STU_012373,75.34181734258817
STU_012374,77.17905465120283
STU_012375,67.00489344872696
STU_012376,83.60941464891116
STU_012377,85.55675534262815
STU_012378,74.40087482926258
STU_012379,73.88843818770084
STU_012380,91.78551214223384
STU_012381,99.96692024184932
STU_012382,67.24576000936487
STU_012383,85.67201583451694
STU_012384,98.36052199172045
STU_012385,90.45147278723196
STU_012386,84.3975703938
STU_012387,82.8313466430098
STU_012388,81.94129884712515
STU_012389,99.20026935907467
STU_012390,76.04335973946422
STU_012391,48.424603115336836
STU_012392,74.96221085626645
STU_012393,66.90584477182097
STU_012394,73.13203127333539
STU_012395,87.56522829612021
STU_012396,81.92067177163999
STU_012397,74.44607897485407
STU_012398,83.80726627912955
STU_012399,80.76615508969536
STU_012400,77.78808419022675
STU_012401,89.99544072481571
STU_012402,98.93082044989487
STU_012403,52.131469074470786
STU_012404,74.82749665023704
STU_012405,65.59354848586892
STU_012406,64.86697484119375
STU_012407,90.99181178065375
STU_012408,84.33263380368334
STU_012409,73.38444896292341
STU_012410,48.76813972161934
STU_012411,89.83183134425983
STU_012412,73.78374933075474
STU_012413,58.495321258866745
STU_012414,96.35428604428398
STU_012415,89.53501123955604
STU_012416,91.15125825382259
STU_012417,60.79308470096812
STU_012418,88.99761291332486
STU_012419,72.235558131736
STU_012420,54.01315324966622
STU_012421,69.79783351667122
STU_012422,82.71351639661722
STU_012423,74.30803695823595
STU_012424,88.82981588888549
STU_012425,52.77985041461081
STU_012426,83.38035747495644
STU_012427,69.45469464135562
STU_012428,85.22805095449081
STU_012429,58.81738847764063
STU_012430,72.7068845527033
STU_012431,71.39418680451406
STU_012432,57.39942977551053
STU_012433,58.851657695488306
STU_012434,89.73904403450899
STU_012435,71.7865254490552
STU_012436,72.25394266006465
STU_012437,93.12373138615223
STU_012438,61.203397498735924
STU_012439,80.7099507761055
STU_012440,70.25417057807113
STU_012441,90.27539540782396
STU_012442,97.34160916579268
STU_012443,62.74356433602047
STU_012444,84.27733000141913
STU_012445,73.12104901252717
STU_012446,85.36521855332757
STU_012447,92.48409972002011
STU_012448,75.93374779891404
STU_012449,77.513359533386
STU_012450,71.55581840722878
STU_012451,87.2180644788437
STU_012452,78.18517090482322
STU_012453,94.738246031838
STU_012454,85.74031327289362
STU_012455,75.36979153408932
STU_012456,86.51434623981778
STU_012457,69.34575473936978
STU_012458,76.94461255877482
STU_012459,56.205931243183315
STU_012460,84.00870593673866
STU_012461,80.30055075838726
STU_012462,72.08947547235213
STU_012463,82.9502123302683
STU_012464,75.1275549582032
STU_012465,74.2186964738747
STU_012466,70.39906769127391
STU_012467,76.13629761338892
STU_012468,86.45152113217307
STU_012469,87.0013664392689
STU_012470,51.26989012380349
STU_012471,56.73743533198983
STU_012472,94.021447282532
STU_012473,72.81306535076396
STU_012474,65.35219577789277
STU_012475,69.41631446589432
STU_012476,51.67756769586981
STU_012477,95.66896094108178
STU_012478,73.4870260829573
STU_012479,69.30114830244604
STU_012480,79.56528406196131
STU_012481,89.35062126893081
STU_012482,72.27483814946005
STU_012483,64.46660009854511
STU_012484,73.07735337674062
STU_012485,78.38376991139019
STU_012486,74.61127123246806
STU_012487,65.13590203199445
STU_012488,70.51522520214297
STU_012489,83.34399680677947
STU_012490,91.21484464257682
STU_012491,60.9705522154193
STU_012492,61.72249050117381
STU_012493,60.254486151314744
STU_012494,70.9104651385434
STU_012495,73.19476940359687
STU_012496,82.81122373112152
STU_012497,90.04709894707432
STU_012498,71.41200603111798
STU_012499,76.43299365249064
STU_012500,87.111145477989
STU_012501,92.78576007052763
STU_012502,84.78661865119597
STU_012503,85.25292144395692
STU_012504,76.19666321537349
STU_012505,83.88704201035401
STU_012506,68.72034085380302
STU_012507,83.12404000616498
STU_012508,69.49359532121994
STU_012509,88.54717931400145
STU_012510,75.02783218355165
STU_012511,76.85019779218645
STU_012512,79.89545841796446
STU_012513,69.27105948094591
STU_012514,100.0
STU_012515,91.21061791642472
STU_012516,81.38098685383846
STU_012517,97.67909081904101
STU_012518,57.55808824680037
STU_012519,81.7381211464657
STU_012520,74.0795534719299
STU_012521,94.15720292677712
STU_012522,98.25795462844867
STU_012523,79.10373207706985
STU_012524,96.82147525667563
STU_012525,93.70566051174615
STU_012526,94.49001619488853
STU_012527,90.9938570018932
STU_012528,65.4933015653294
STU_012529,96.62262959881096
STU_012530,78.53339275249735
STU_012531,74.49406130820867
STU_012532,72.06634877929324
STU_012533,86.26657074998006
STU_012534,59.001395518376356
STU_012535,84.44607612152485
STU_012536,72.15410992617991
STU_012537,52.76661165281178
STU_012538,64.691828675809
STU_012539,83.75846855556628
STU_012540,71.69105941258378
STU_012541,100.0
STU_012542,99.24032665364544
STU_012543,78.19345100008789
STU_012544,82.24392431036017
STU_012545,70.8328451452571
STU_012546,75.21191696570719
STU_012547,100.0
STU_012548,47.40776331168433
STU_012549,69.56170974198227
STU_012550,95.93414742511226
STU_012551,89.81694138795942
STU_012552,73.77212874883922
STU_012553,76.70318284017857
STU_012554,67.05363009796301
STU_012555,52.413083087510074
STU_012556,67.44909254916335
STU_012557,82.77202024806948
STU_012558,68.7580494069906
STU_012559,91.29061773514533
STU_012560,68.10749078772824
STU_012561,66.37576885973635
STU_012562,66.70790059682689
STU_012563,81.84125592335705
STU_012564,93.71587415352705
STU_012565,100.0
STU_012566,78.62394378946136
STU_012567,65.93306957043859
STU_012568,93.2954056507704
STU_012569,71.25048576587992
STU_012570,52.64889566983367
STU_012571,51.36802595481517
STU_012572,53.72410928284727
STU_012573,79.12614815082456
STU_012574,63.817111172460905
STU_012575,63.90368094580615
STU_012576,77.55667243049336
STU_012577,98.11549608423726
STU_012578,51.217273141091916
STU_012579,77.5130537633851
STU_012580,66.39187012004047
STU_012581,68.33559648008034
STU_012582,72.56119201445142
STU_012583,65.44516033484412
STU_012584,60.27716576388302
STU_012585,73.32371647217339
STU_012586,70.86808450797812
STU_012587,70.85459282079772
STU_012588,69.91461706271382
STU_012589,49.69753063015768
STU_012590,69.24995189689915
STU_012591,73.64324653051945
STU_012592,96.25834477850367
STU_012593,96.37118159109605
STU_012594,51.6196481361738
STU_012595,67.89991987455173
STU_012596,78.51389331075642
STU_012597,71.18925702195541
STU_012598,72.50244102224138
STU_012599,67.13264661786164
STU_012600,72.791302317998
STU_012601,75.0473903614377
STU_012602,69.1438414526582
STU_012603,86.60374863013243
STU_012604,83.32825018427015
STU_012605,82.3570916316607
STU_012606,72.71359206814238
STU_012607,60.71622791628649
STU_012608,78.72271181238386
STU_012609,57.79847026422054
STU_012610,70.90007243000555
STU_012611,69.40130009733592
STU_012612,63.08559713671879
STU_012613,92.17210874735174
STU_012614,78.86701392959748
STU_012615,76.28512191871175
STU_012616,81.7295786904904
STU_012617,62.54762147196007
STU_012618,85.97895979437081
STU_012619,83.82043304563376
STU_012620,78.75619712699199
STU_012621,91.18735891851294
STU_012622,90.78557477820232
STU_012623,93.60702977643693
STU_012624,85.36724482401353
STU_012625,87.12994047468756
STU_012626,89.68353065049345
STU_012627,87.60008199681963
STU_012628,70.62576881672625
STU_012629,78.08395995105784
STU_012630,69.5784304845413
STU_012631,73.62172156627788
STU_012632,63.2528672271788
STU_012633,71.00456695247831
STU_012634,90.4658254933002
STU_012635,74.89278169665783
STU_012636,69.86993369718635
STU_012637,79.06706090188003
STU_012638,81.86513590099403
STU_012639,93.07857612721585
STU_012640,83.02908785387422
STU_012641,70.13383816215928
STU_012642,67.04401815169183
STU_012643,81.91297390982027
STU_012644,81.19170462095707
STU_012645,53.34549435055928
STU_012646,84.361211682452
STU_012647,78.73309453814979
STU_012648,70.0361916563348
STU_012649,79.85314636344606
STU_012650,76.0456464618377
STU_012651,76.19965276977229
STU_012652,98.27858803030733
STU_012653,92.11281092691962
STU_012654,79.53185711655402
STU_012655,75.42161819878916
STU_012656,83.57436125795546
STU_012657,92.27136190313462
STU_012658,84.13582640318842
STU_012659,80.3887875842479
STU_012660,78.23479377159906
STU_012661,89.67693366105362
STU_012662,88.79384498281345
STU_012663,67.97227379570178
STU_012664,53.2227540056809
STU_012665,93.4771468825061
STU_012666,60.92300020384078
STU_012667,78.59061313978528
STU_012668,69.41476407036158
STU_012669,62.25749461900245
STU_012670,62.9115694006303
STU_012671,68.3140455049625
STU_012672,58.093039060611005
STU_012673,57.8495380023389
STU_012674,59.424252139318554
STU_012675,71.07157544030468
STU_012676,94.20602752295724
STU_012677,65.09795758221188
STU_012678,71.25498860944323
STU_012679,74.60670709700359
STU_012680,70.30339433257727
STU_012681,72.70389216252664
STU_012682,87.56887045798697
STU_012683,82.14772244865863
STU_012684,83.19065931190565
STU_012685,95.32992541583656
STU_012686,72.13547237149896
STU_012687,79.11883991295215
STU_012688,85.09159839282496
STU_012689,70.37632935915946
STU_012690,63.6135533536482
STU_012691,75.77287497786018
STU_012692,77.40209614853825
STU_012693,80.59393576400035
STU_012694,59.12023719945843
STU_012695,70.22944936160408
STU_012696,67.58128529007965
STU_012697,78.8602940759438
STU_012698,66.2851890826273
STU_012699,76.6426120928152
STU_012700,69.75062279062598
STU_012701,99.32650709234508
STU_012702,79.51019059462277
STU_012703,70.87851476431483
STU_012704,70.97439395834817
STU_012705,65.81419660639406
STU_012706,72.60932527692336
STU_012707,98.79974641919745
STU_012708,53.12532820775848
STU_012709,67.02323001166563
STU_012710,94.25559563316841
STU_012711,67.02110370040249
STU_012712,68.96263535782766
STU_012713,62.911786484459654
STU_012714,89.69605019369612
STU_012715,72.92279380893336
STU_012716,76.92386924238373
STU_012717,70.79541005149562
STU_012718,85.48104009647108
STU_012719,60.59887595328069
STU_012720,80.23224510840721
STU_012721,79.49549294686045
STU_012722,52.616711816096625
STU_012723,80.14536094543655
STU_012724,89.33080094608857
STU_012725,56.61754067207574
STU_012726,54.47472683239107
STU_012727,63.150582264717855
STU_012728,86.31167197701615
STU_012729,64.59504658792763
STU_012730,84.31221454611722
STU_012731,97.59666381511454
STU_012732,83.60849814995183
STU_012733,53.751866282410035
STU_012734,87.00033523442612
STU_012735,59.8142015217082
STU_012736,100.0
STU_012737,71.33011926579981
STU_012738,77.19677843277735
STU_012739,82.4091525722248
STU_012740,87.14784967977647
STU_012741,46.374653683996854
STU_012742,68.2145510958195
STU_012743,78.75172993853938
STU_012744,81.54943560473924
STU_012745,59.51215184225092
STU_012746,86.01295370619968
STU_012747,64.11303955906274
STU_012748,90.66107550528528
STU_012749,86.23695593324018
STU_012750,67.92759032149878
STU_012751,53.603388900291435
STU_012752,74.71400414748808
STU_012753,67.19312551056753
STU_012754,58.98136797535304
STU_012755,89.09156535635388
STU_012756,60.49478606715924
STU_012757,46.37351068358061
STU_012758,87.4415375866163
STU_012759,57.437545297663995
STU_012760,75.88222197149003
STU_012761,63.99883925178118
STU_012762,88.247387044178
STU_012763,98.25521116005875
STU_012764,96.06665648730987
STU_012765,89.49729619816321
STU_012766,64.68175215876312
STU_012767,91.4100679693347
STU_012768,86.25486966792326
STU_012769,75.06958533408091
STU_012770,55.90728131852432
STU_012771,58.16988363337694
STU_012772,98.03161252437337
STU_012773,65.04212895104465
STU_012774,72.12007824348879
STU_012775,69.44408446969662
STU_012776,78.0035384961323
STU_012777,49.57436707391697
STU_012778,70.2672678053088
STU_012779,71.16115178482995
STU_012780,74.71912897590369
STU_012781,88.48948559754345
STU_012782,55.41681914283964
STU_012783,98.73658267905532
STU_012784,49.17295443879541
STU_012785,75.49704389589017
STU_012786,53.194366596888855
STU_012787,64.98820389503102
STU_012788,92.56791057644303
STU_012789,78.45311269208288
STU_012790,97.32889674807035
STU_012791,79.69011973961169
STU_012792,70.7191055837121
STU_012793,90.26791021357752
STU_012794,77.07463363210675
STU_012795,93.70647424091172
STU_012796,71.76479084545322
STU_012797,62.6408395657035
STU_012798,96.53834267059172
STU_012799,85.70832620399254
STU_012800,56.247478954177836
STU_012801,70.27284277706869
STU_012802,74.972806617142
STU_012803,91.78119517331679
STU_012804,59.19041040526531
STU_012805,70.27401215871683
STU_012806,81.41478116818764
STU_012807,68.42443179512728
STU_012808,84.6071587755262
STU_012809,81.59894542581594
STU_012810,86.43941070170811
STU_012811,77.96539058673494
STU_012812,70.64188806306424
STU_012813,79.98862448685196
STU_012814,66.6042273275741
STU_012815,65.63517703642998
STU_012816,81.94115659026411
STU_012817,72.70024276840624
STU_012818,85.36115381393284
STU_012819,57.292327243270634
STU_012820,85.40153019346418
STU_012821,73.83501804211156
STU_012822,84.92602447335744
STU_012823,80.12358721526357
STU_012824,82.97037814299281
STU_012825,56.97842760116025
STU_012826,84.40392220618347
STU_012827,61.66663830849587
STU_012828,91.17962081647977
STU_012829,70.64599387357963
STU_012830,72.15245666354207
STU_012831,71.36068927446837
STU_012832,94.28229481282962
STU_012833,83.19330647694778
STU_012834,74.70295735359315
STU_012835,71.61862998043107
STU_012836,85.4549628257496
STU_012837,65.81586936410937
STU_012838,63.734883461899614
STU_012839,65.48931691411107
STU_012840,91.59293626711298
STU_012841,70.09626090401447
STU_012842,73.90336066150229
STU_012843,83.56004311339944
STU_012844,76.94425642567856
STU_012845,67.33433811877862
STU_012846,71.02721729759187
STU_012847,75.28256573424098
STU_012848,73.81227971092986
STU_012849,86.88054264692116
STU_012850,78.8594488717654
STU_012851,84.54839397960203
STU_012852,90.79031854247089
STU_012853,64.97401120537077
STU_012854,82.62791553371848
STU_012855,85.86493731215498
STU_012856,70.1834520631929
STU_012857,95.02988249567875
STU_012858,87.32716237340398
STU_012859,60.50209410856421
STU_012860,86.20233832516465
STU_012861,66.67029790408631
STU_012862,71.84972913931857
STU_012863,93.94820944460272
STU_012864,74.7840132745702
STU_012865,66.52788757750758
STU_012866,74.98353911054863
STU_012867,86.77985431204829
STU_012868,86.61333196647149
STU_012869,67.23383575822692
STU_012870,82.8493404499467
STU_012871,83.98944583119457
STU_012872,87.20135297131989
STU_012873,62.69457371493033
STU_012874,75.13873396771109
STU_012875,71.06257296862071
STU_012876,51.863176533702116
STU_012877,82.60316360474317
STU_012878,99.49810599234308
STU_012879,83.49009324222443
STU_012880,88.25732432641135
STU_012881,95.52543021297294
STU_012882,92.44111246900346
STU_012883,67.96193495312141
STU_012884,82.68984725097641
STU_012885,76.82158526238165
STU_012886,59.17739441296723
STU_012887,77.66096714398162
STU_012888,71.8897068207878
STU_012889,70.25517330651137
STU_012890,70.23346612305905
STU_012891,72.38656999103664
STU_012892,73.25992080980626
STU_012893,85.26449529685813
STU_012894,71.53782196102641
STU_012895,87.31162621265949
STU_012896,74.37562144144302
STU_012897,78.68509965939393
STU_012898,93.41812223429297
STU_012899,84.31347201862414
STU_012900,83.79591434925592
STU_012901,73.38295073026808
STU_012902,86.89199052413382
STU_012903,64.40815564075079
STU_012904,85.46313161026386
STU_012905,64.40357364546873
STU_012906,97.14449670365943
STU_012907,52.16858451842484
STU_012908,85.89262646620182
STU_012909,69.52099190393068
STU_012910,33.856402578312085
STU_012911,83.20238151098475
STU_012912,49.24580810953259
STU_012913,65.47461611732342
STU_012914,74.58485149599042
STU_012915,55.82081599308458
STU_012916,65.30061885933313
STU_012917,87.78393302198268
STU_012918,57.64889374326702
STU_012919,97.17650576921483
STU_012920,75.9857675100236
STU_012921,61.54614454025955
STU_012922,75.2111335541206
STU_012923,61.24728532589971
STU_012924,75.26199407059745
STU_012925,76.09143448554302
STU_012926,61.76080190790054
STU_012927,87.06034319468546
STU_012928,61.84933166702083
STU_012929,63.34555524722592
STU_012930,67.62825320424092
STU_012931,88.95862288315737
STU_012932,67.54145202375781
STU_012933,69.12678273280989
STU_012934,68.16346622947002
STU_012935,68.74045324372383
STU_012936,68.85017387023079
STU_012937,72.51667997711237
STU_012938,96.33415062364683
STU_012939,49.2414753594217
STU_012940,72.88898555949004
STU_012941,60.88404467458025
STU_012942,76.92350602916261
STU_012943,73.51998017190574
STU_012944,80.41544795278617
STU_012945,91.26535305681446
STU_012946,59.269842013602045
STU_012947,74.22781749930967
STU_012948,89.50643029964469
STU_012949,95.99578600057491
STU_012950,81.01825608332084
STU_012951,80.69617771779815
STU_012952,72.39748650443892
STU_012953,82.17807716209731
STU_012954,78.88323484265011
STU_012955,88.04211203171903
STU_012956,72.21070831206843
STU_012957,68.85812436789773
STU_012958,76.01593906444617
STU_012959,81.46399099322424
STU_012960,78.76879957333642
STU_012961,78.53951672500504
STU_012962,60.461582234298156
STU_012963,69.93435049343404
STU_012964,91.59923518868342
STU_012965,78.08893419475989
STU_012966,74.1228195310346
STU_012967,65.52871422320041
STU_012968,78.3049005511657
STU_012969,79.22290359465204
STU_012970,56.72140263327158
STU_012971,79.49377776304051
STU_012972,80.08062922715435
STU_012973,54.82110176002219
STU_012974,59.87627506307511
STU_012975,58.90822617584304
STU_012976,83.81005771133333
STU_012977,76.59325007462982
STU_012978,92.62132307684865
STU_012979,68.73909724750497
STU_012980,71.23405714965428
STU_012981,85.79952848145211
STU_012982,71.02021010937997
STU_012983,97.80755929318572
STU_012984,56.33470775106111
STU_012985,63.86488008648226
STU_012986,62.92270986453974
STU_012987,52.67755318192731
STU_012988,83.09993992300194
STU_012989,93.51231700969146
STU_012990,64.86562353058204
STU_012991,72.54227815310225
STU_012992,54.55305084374476
STU_012993,100.0
STU_012994,80.4173078572268
STU_012995,64.9492586375645
STU_012996,59.45383809788558
STU_012997,87.43499144159202
STU_012998,81.42301502435322
STU_012999,91.95677308708193
STU_013000,93.8966290941481
STU_013001,98.38433281721467
STU_013002,90.97990913079872
STU_013003,79.89492371424889
STU_013004,85.0840980530054
STU_013005,78.65423080461952
STU_013006,80.24116615055036
STU_013007,79.88344967241082
STU_013008,89.4766684979795
STU_013009,84.4043022318015
STU_013010,76.15227248277722
STU_013011,55.59798484994464
STU_013012,54.395997862418966
STU_013013,92.56577069932307
STU_013014,87.24404039863744
STU_013015,83.98038601234421
STU_013016,64.33791435450837
STU_013017,87.88655491241762
STU_013018,80.42082404617085
STU_013019,84.65612112113368
STU_013020,57.794879439927385
STU_013021,72.76963693761064
STU_013022,99.65655987104371
STU_013023,75.57483945153336
STU_013024,87.55810859738514
STU_013025,73.16079675272623
STU_013026,68.46541146698
STU_013027,70.54293138885475
STU_013028,80.9102867276826
STU_013029,74.80669151902624
STU_013030,73.98166675484096
STU_013031,67.774837700572
STU_013032,100.0
STU_013033,70.90540393727916
STU_013034,98.10131513789798
STU_013035,89.71871815102347
STU_013036,56.88678161828302
STU_013037,85.50760253613899
STU_013038,78.58779972804096
STU_013039,87.47934919678734
STU_013040,96.06549364875066
STU_013041,76.26675515362997
STU_013042,63.42427572360384
STU_013043,92.12681080339146
STU_013044,66.59360908727439
STU_013045,88.74941722978288
STU_013046,64.01719055172043
STU_013047,70.75922144921316
STU_013048,95.58099199208328
STU_013049,81.93547056979597
STU_013050,82.34466047649802
STU_013051,92.84175769617735
STU_013052,70.56647773956276
STU_013053,73.29126981985621
STU_013054,67.41850903385969
STU_013055,85.82065227557396
STU_013056,78.38651411773233
STU_013057,53.539648509468414
STU_013058,59.776275987550086
STU_013059,85.65596385073343
STU_013060,64.31425787025034
STU_013061,61.16534778952949
STU_013062,99.17570883597111
STU_013063,85.69304434620894
STU_013064,66.44746911534946
STU_013065,53.72605050379098
STU_013066,98.46374416983575
STU_013067,79.9133632845909
STU_013068,91.42506989976683
STU_013069,99.31251300051343
STU_013070,64.62182218882695
STU_013071,82.1316802798918
STU_013072,86.74859649208128
STU_013073,72.52318021244703
STU_013074,73.53263598645658
STU_013075,51.28716775327896
STU_013076,81.28986804472012
STU_013077,91.75838303522752
STU_013078,79.4764656405456
STU_013079,88.76060842057412
STU_013080,75.49849143978443
STU_013081,75.40502749578023
STU_013082,61.17558160946146
STU_013083,62.7987281079988
STU_013084,72.07373822748869
STU_013085,77.8025185497391
STU_013086,76.77017423121674
STU_013087,63.529074380135754
STU_013088,76.68838261875209
STU_013089,66.85695153320627
STU_013090,96.25924890850928
STU_013091,63.77598985749037
STU_013092,68.95304951443671
STU_013093,88.01737682029207
STU_013094,89.58316373508762
STU_013095,73.29266753223749
STU_013096,75.1716984731005
STU_013097,83.48152605499457
STU_013098,82.62691212111989
STU_013099,63.39688504587565
STU_013100,74.17393286214894
STU_013101,80.70757787745711
STU_013102,90.39398752900303
STU_013103,72.08095234811887
STU_013104,81.37982146344983
STU_013105,67.1675736792728
STU_013106,87.156222151257
STU_013107,59.52416986639848
STU_013108,91.94466573355332
STU_013109,88.6616367186098
STU_013110,59.68988903504529
STU_013111,100.0
STU_013112,100.0
STU_013113,76.9276098790637
STU_013114,68.20066796711019
STU_013115,81.29201902308111
STU_013116,61.069618058466205
STU_013117,63.35652189049519
STU_013118,69.08995366744873
STU_013119,81.56511611072168
STU_013120,68.54777759088734
STU_013121,87.67851971906111
STU_013122,79.61855736014046
STU_013123,90.63241470328128
STU_013124,96.22273490297005
STU_013125,90.62629297059175
STU_013126,70.57932551963188
STU_013127,71.14886461993427
STU_013128,88.806341266047
STU_013129,76.75098807030459
STU_013130,96.67352874501276
STU_013131,50.48657803010576
STU_013132,79.40077724240514
STU_013133,94.96678103412825
STU_013134,68.05982842048404
STU_013135,62.95307545006871
STU_013136,67.19906409883123
STU_013137,77.05684951522045
STU_013138,64.36047483884501
STU_013139,77.239519931681
STU_013140,100.0
STU_013141,76.9274676830168
STU_013142,57.88260597712572
STU_013143,72.29468330618222
STU_013144,66.30430177074953
STU_013145,59.23425666093133
STU_013146,54.96056784285665
STU_013147,80.47150903863995
STU_013148,72.26761379486663
STU_013149,86.43319272910215
STU_013150,78.5535992962654
STU_013151,77.97533255611194
STU_013152,88.84632417444277
STU_013153,74.81115130723043
STU_013154,77.72049043471327
STU_013155,97.51535141476703
STU_013156,80.23163263827439
STU_013157,77.34540739659793
STU_013158,83.92943913454803
STU_013159,82.1983531195093
STU_013160,66.79240532486533
STU_013161,64.54691215180296
STU_013162,60.840104128418986
STU_013163,85.9306884963778
STU_013164,69.16724591748996
STU_013165,68.82711686114347
STU_013166,50.80838210241673
STU_013167,89.09970059466471
STU_013168,76.4000250544458
STU_013169,78.26954372770486
STU_013170,75.3675905441331
STU_013171,82.52226776134609
STU_013172,67.66486865397076
STU_013173,87.1410852957361
STU_013174,67.79430673445283
STU_013175,56.06484340275235
STU_013176,93.65698825438491
STU_013177,66.15255772993645
STU_013178,80.74257647440525
STU_013179,73.67918392970815
STU_013180,89.86900138377058
STU_013181,85.48882187905585
STU_013182,71.72961169262737
STU_013183,83.42027279796045
STU_013184,74.88316922954837
STU_013185,73.22862044265499
STU_013186,58.774664665363716
STU_013187,66.55648152093828
STU_013188,91.2663719479863
STU_013189,99.8081642142615
STU_013190,80.85484741761496
STU_013191,96.80587337732544
STU_013192,84.06800107587733
STU_013193,85.32307174887103
STU_013194,95.19254253207676
STU_013195,89.23953234358382
STU_013196,79.17777488317968
STU_013197,55.55825824765358
STU_013198,70.74877744425703
STU_013199,81.01081879088987
STU_013200,53.6235370603053
STU_013201,85.28830833495121
STU_013202,62.59594237928843
STU_013203,69.59072895053933
STU_013204,65.30623213821569
STU_013205,80.26106331020856
STU_013206,69.61496571690955
STU_013207,70.82471610391977
STU_013208,71.8128142018598
STU_013209,79.93972325345341
STU_013210,57.30345410507846
STU_013211,75.47214310376086
STU_013212,62.77598157421556
STU_013213,68.00066720834944
STU_013214,90.59466336286349
STU_013215,48.036444708683234
STU_013216,99.71036631962224
STU_013217,94.35160942632382
STU_013218,70.53615491384942
STU_013219,84.61690142447354
STU_013220,94.87682897319965
STU_013221,59.37200827854149
STU_013222,63.680062295639175
STU_013223,83.1886916676031
STU_013224,75.47892680626468
STU_013225,51.125341019689444
STU_013226,77.90599917327398
STU_013227,83.36979118986534
STU_013228,69.30706341641856
STU_013229,63.03368965581884
STU_013230,70.72724640871888
STU_013231,69.27720698098237
STU_013232,71.79638876064385
STU_013233,92.6029391175075
STU_013234,69.68393553747728
STU_013235,71.20716247801904
STU_013236,89.61972660040183
STU_013237,65.6683969505427
STU_013238,77.1033076863688
STU_013239,77.13660094591538
STU_013240,62.528489278749035
STU_013241,68.29047663977227
STU_013242,71.6304879729844
STU_013243,60.21997779873641
STU_013244,74.98086989186304
STU_013245,70.27528396896044
STU_013246,65.68958194866028
STU_013247,97.93306611264609
STU_013248,94.99608765156407
STU_013249,46.06786179632779
STU_013250,71.63899263685413
STU_013251,83.88058361118183
STU_013252,86.96301136677539
STU_013253,69.37243234115392
STU_013254,93.35247713406974
STU_013255,79.29325110369545
STU_013256,71.94650564754154
STU_013257,82.41951228896798
STU_013258,64.33124618006582
STU_013259,60.18462193449577
STU_013260,69.90477983228907
STU_013261,69.48794775902167
STU_013262,57.48692844222356
STU_013263,60.13386045073935
STU_013264,90.70082043576134
STU_013265,79.58893393511588
STU_013266,70.77393607473665
STU_013267,68.5523289938889
STU_013268,63.45037982306674
STU_013269,80.61786486790376
STU_013270,93.71853065850453
STU_013271,67.23269927546107
STU_013272,84.40324033002038
STU_013273,65.2865951392777
STU_013274,79.09644406557709
STU_013275,61.46293768971353
STU_013276,62.844868287583196
STU_013277,63.61868306668423
STU_013278,64.10835532777973
STU_013279,56.53329158528861
STU_013280,87.57835501113735
STU_013281,92.522926245652
STU_013282,90.69058416258119
STU_013283,79.26351731949856
STU_013284,77.80621369537948
STU_013285,72.70891872847477
STU_013286,67.48995490607642
STU_013287,90.41067746636276
STU_013288,84.94932077655054
STU_013289,93.68556432030478
STU_013290,82.91232567949285
STU_013291,87.33048576312643
STU_013292,76.30628904727944
STU_013293,76.48810425503774
STU_013294,87.95294267375718
STU_013295,72.50303568731653
STU_013296,77.20414112934306
STU_013297,76.989375075054
STU_013298,56.03275972454588
STU_013299,87.79614044626457
STU_013300,75.56562537593393
STU_013301,87.2543253895376
STU_013302,85.8195524282593
STU_013303,88.10814489919328
STU_013304,84.44438667481762
STU_013305,70.54696775733497
STU_013306,64.8884350709751
STU_013307,78.00145710729845
STU_013308,94.99513863294203
STU_013309,73.11515064635411
STU_013310,56.88533827341371
STU_013311,88.0856615955957
STU_013312,54.91610705294758
STU_013313,65.63445796785874
STU_013314,60.44170355540635
STU_013315,68.26816485746531
STU_013316,77.05940684398493
STU_013317,76.21018118778511
STU_013318,53.92079228000601
STU_013319,70.2685489597597
STU_013320,82.12002188830243
STU_013321,81.39686411710679
STU_013322,95.99805572057059
STU_013323,98.13833677185282
STU_013324,77.6130766694975
STU_013325,80.05893004672315
STU_013326,70.93170097355753
STU_013327,75.22888304807796
STU_013328,68.00003566561315
STU_013329,80.86148898004369
STU_013330,65.27068677620218
STU_013331,68.36899175436811
STU_013332,68.95927125858323
STU_013333,61.70727733457021
STU_013334,72.53128295994287
STU_013335,66.63992251936779
STU_013336,80.5243314140174
STU_013337,56.61066540556345
STU_013338,66.19517310371715
STU_013339,72.81553238001123
STU_013340,92.73505184157139
STU_013341,72.44486681325135
STU_013342,79.75473875347014
STU_013343,73.43850982466132
STU_013344,75.16884196613537
STU_013345,71.5252242896778
STU_013346,93.59596761905347
STU_013347,84.13172973016786
STU_013348,84.73600674799698
STU_013349,98.3755596585826
STU_013350,61.63350487139989
STU_013351,84.13388899747505
STU_013352,71.5872011436998
STU_013353,62.92026522315582
STU_013354,63.82579364316511
STU_013355,90.05317675875597
STU_013356,62.76149519131211
STU_013357,64.95217580004885
STU_013358,72.82902699743003
STU_013359,76.7693439646188
STU_013360,72.10472018480108
STU_013361,68.83608880881124
STU_013362,82.66379512777104
STU_013363,74.8055230007736
STU_013364,66.87057094967005
STU_013365,82.28776475759364
STU_013366,94.87248845294621
STU_013367,84.93647663888069
STU_013368,85.39944122743736
STU_013369,56.13245639918317
STU_013370,80.90484501871798
STU_013371,73.96724785908172
STU_013372,74.91216776970889
STU_013373,77.12975629424807
STU_013374,90.11643456098646
STU_013375,92.8835239513011
STU_013376,44.25070037756855
STU_013377,85.74458529334183
STU_013378,62.47951961576281
STU_013379,78.23489190571436
STU_013380,84.74645076966601
STU_013381,94.63011819951481
STU_013382,100.0
STU_013383,63.25296590963966
STU_013384,59.91267728260873
STU_013385,65.86854329469976
STU_013386,96.32499850729795
STU_013387,56.47702852341189
STU_013388,85.0087521009902
STU_013389,65.90722861140387
STU_013390,69.13649540325365
STU_013391,86.60267824193508
STU_013392,96.13484077468382
STU_013393,70.88801107764142
STU_013394,100.0
STU_013395,64.52832958979275
STU_013396,69.94614399514431
STU_013397,99.31793502267823
STU_013398,91.51139607034247
STU_013399,61.33617968449188
STU_013400,62.891119576922115
STU_013401,100.0
STU_013402,79.82078958278184
STU_013403,95.44671232186452
STU_013404,65.58322539849937
STU_013405,78.73023004407156
STU_013406,99.53085031762716
STU_013407,72.94823582818111
STU_013408,66.64161596402516
STU_013409,59.99462408560001
STU_013410,76.38274413925879
STU_013411,64.28564679521996
STU_013412,63.22019684678168
STU_013413,74.3787994124348
STU_013414,86.38148001653808
STU_013415,75.14341889307845
STU_013416,56.7595022194623
STU_013417,72.8541522735345
STU_013418,49.463912723591754
STU_013419,63.15249333179004
STU_013420,95.15460130546077
STU_013421,97.15572895370269
STU_013422,90.88752247274607
STU_013423,58.09712481736321
STU_013424,97.37383927288977
STU_013425,80.56281043788191
STU_013426,57.4750864161408
STU_013427,72.45570227046254
STU_013428,74.95698404749474
STU_013429,92.04784693778302
STU_013430,66.02228264298694
STU_013431,65.92415049868566
STU_013432,79.99175197568158
STU_013433,94.98300224768128
STU_013434,89.23656022752283
STU_013435,94.34584098006206
STU_013436,70.79833727650254
STU_013437,75.35593462197096
STU_013438,79.68927300228309
STU_013439,88.24104728146199
STU_013440,75.29231883834382
STU_013441,97.5535470892674
STU_013442,95.83050652182229
STU_013443,69.73095450759347
STU_013444,80.63381565877587
STU_013445,78.69749423816968
STU_013446,88.30731741370272
STU_013447,86.97083221197826
STU_013448,79.18606796103036
STU_013449,79.69247172756171
STU_013450,93.24001074493967
STU_013451,69.63196883014214
STU_013452,75.39246900700591
STU_013453,80.06158743284087
STU_013454,73.5599438991088
STU_013455,95.5083328014426
STU_013456,70.80874521043427
STU_013457,66.93372093634144
STU_013458,72.96953611902522
STU_013459,58.18749094338828
STU_013460,56.72027322455962
STU_013461,73.41222523108145
STU_013462,57.24017997681022
STU_013463,83.51430030622227
STU_013464,55.27100215646759
STU_013465,62.41251378464268
STU_013466,84.89923443573414
STU_013467,60.6405440763223
STU_013468,94.89485066013248
STU_013469,78.38008245215487
STU_013470,91.3550551603243
STU_013471,80.51449039112075
STU_013472,82.9873036057082
STU_013473,66.48749874476746
STU_013474,78.20489171797617
STU_013475,88.3544680985112
STU_013476,77.90093087283464
STU_013477,68.18573518516193
STU_013478,77.71874818201819
STU_013479,70.05532929247674
STU_013480,84.79538244769482
STU_013481,81.15260334746554
STU_013482,82.60555618929989
STU_013483,79.83915271021255
STU_013484,86.11841410245276
STU_013485,93.55840653442556
STU_013486,54.33589422882496
STU_013487,76.2052240552814
STU_013488,79.844055481546
STU_013489,75.5459060908465
STU_013490,72.97707097081238
STU_013491,86.30789427082216
STU_013492,80.30249105682914
STU_013493,66.04479087113602
STU_013494,79.35442645612885
STU_013495,85.65065888130695
STU_013496,85.50526319887089
STU_013497,49.7900727965662
STU_013498,72.03095180649609
STU_013499,83.84370015679194
STU_013500,64.5810837740508
STU_013501,83.76678672566501
STU_013502,80.50032303327686
STU_013503,71.74847630025357
STU_013504,87.54209776750241
STU_013505,71.42389489124288
STU_013506,92.75390671303214
STU_013507,65.13093614431716
STU_013508,70.66645474301122
STU_013509,81.24775672604227
STU_013510,65.74550330426709
STU_013511,82.39419771451986
STU_013512,61.36209662091648
STU_013513,51.24525440528967
STU_013514,86.1150395092875
STU_013515,74.90893993445931
STU_013516,100.0
STU_013517,83.22255213274902
STU_013518,76.2898881531723
STU_013519,100.0
STU_013520,70.81227844931446
STU_013521,63.61846582683625
STU_013522,68.24582141550256
STU_013523,98.1085086219721
STU_013524,81.38174372921371
STU_013525,72.11273635534131
STU_013526,76.77264536641566
STU_013527,67.96859152553048
STU_013528,52.48681204123384
STU_013529,94.00816967517146
STU_013530,70.1133496728435
STU_013531,92.82367897314734
STU_013532,60.00165012432808
STU_013533,75.89918539572545
STU_013534,88.70677557446015
STU_013535,93.97998211430411
STU_013536,83.7221933387259
STU_013537,76.37321753374012
STU_013538,92.3500809791282
STU_013539,68.91270088396945
STU_013540,100.0
STU_013541,63.18573129993079
STU_013542,87.29673218676666
STU_013543,72.23343332179692
STU_013544,73.48974115559238
STU_013545,87.75876711290269
STU_013546,95.01187822380058
STU_013547,99.44551317850798
STU_013548,82.73243622674006
STU_013549,62.439521639380644
STU_013550,78.6655564244371
STU_013551,68.62352381784815
STU_013552,84.71960588709084
STU_013553,71.90755353813294
STU_013554,73.40532063539588
STU_013555,64.43163895065028
STU_013556,86.84642305170925
STU_013557,72.78178210250435
STU_013558,67.57732549230772
STU_013559,89.07595081107513
STU_013560,53.9889448055055
STU_013561,71.1482515170526
STU_013562,88.64683069314337
STU_013563,88.20567411767146
STU_013564,57.06810892402484
STU_013565,81.01469619610015
STU_013566,71.4358691677858
STU_013567,88.55037897457386
STU_013568,75.80356334032408
STU_013569,76.88945264789523
STU_013570,72.36042147025971
STU_013571,75.37799725510185
STU_013572,58.991746598989465
STU_013573,67.08943959648555
STU_013574,76.82097846961128
STU_013575,56.8338804914344
STU_013576,74.91199300407727
STU_013577,64.05862150187585
STU_013578,69.51226693790773
STU_013579,74.84026818770795
STU_013580,85.17679792333224
STU_013581,56.96267581646606
STU_013582,74.01410547143541
STU_013583,69.46988993251482
STU_013584,74.82625930198739
STU_013585,66.56530522188498
STU_013586,63.084058022158764
STU_013587,96.16577563115283
STU_013588,69.444048909271
STU_013589,76.73603399656962
STU_013590,82.07609052487382
STU_013591,88.05265210711899
STU_013592,97.33829388871325
STU_013593,96.18111113158008
STU_013594,69.8544499759678
STU_013595,64.87153663584027
STU_013596,83.17976858727606
STU_013597,66.31429068718522
STU_013598,77.9082296918427
STU_013599,74.7130379100275
STU_013600,96.0011894517398
STU_013601,68.08279884349601
STU_013602,66.00686085897911
STU_013603,89.6488733344112
STU_013604,68.60769155052404
STU_013605,92.22375056407239
STU_013606,68.64830739821312
STU_013607,45.08973726367937
STU_013608,74.88202854056152
STU_013609,81.6184354563972
STU_013610,93.39369234535594
STU_013611,91.84231488107038
STU_013612,63.50957453357748
STU_013613,76.65412544951188
STU_013614,55.61538762268982
STU_013615,77.87555122389995
STU_013616,82.8325706150156
STU_013617,66.98487456510503
STU_013618,57.93955395703496
STU_013619,67.47846903436114
STU_013620,72.07720984833723
STU_013621,72.36846523519769
STU_013622,64.28748952104928
STU_013623,53.62222956526629
STU_013624,51.118046453997316
STU_013625,80.6827009375276
STU_013626,74.82195844198519
STU_013627,82.02300450712035
STU_013628,97.26303242319655
STU_013629,77.83926805654934
STU_013630,64.13253877649959
STU_013631,67.7832875936723
STU_013632,57.096924540364725
STU_013633,90.5942629817879
STU_013634,65.85793103277008
STU_013635,94.27546784898564
STU_013636,70.31631092483214
STU_013637,83.00308751176095
STU_013638,74.59801359129742
STU_013639,66.40231003558591
STU_013640,81.0279077998554
STU_013641,88.4213548614481
STU_013642,72.34009369330632
STU_013643,83.09856899745853
STU_013644,62.224591091535125
STU_013645,70.83284081781224
STU_013646,84.74508404520972
STU_013647,78.75305703025113
STU_013648,96.17741673015868
STU_013649,74.59271774185567
STU_013650,93.59407503050325
STU_013651,74.42549576093268
STU_013652,67.8186488151005
STU_013653,84.70131174160723
STU_013654,77.57510503715956
STU_013655,73.96520074035486
STU_013656,95.28950184933348
STU_013657,65.3487423514983
STU_013658,86.23855898799707
STU_013659,73.3968039844392
STU_013660,71.30418281751972
STU_013661,78.76072875747919
STU_013662,82.14178713162514
STU_013663,75.60103715979214
STU_013664,91.69855990857103
STU_013665,77.8158550571463
STU_013666,84.858207909748
STU_013667,58.33789044136529
STU_013668,93.20658149002988
STU_013669,61.56546862652557
STU_013670,85.7504135671563
STU_013671,99.60791171710648
STU_013672,70.72127194126902
STU_013673,94.9222748708145
STU_013674,76.79433113603312
STU_013675,62.74663176041674
STU_013676,75.4845779448898
STU_013677,83.03195623169097
STU_013678,76.29410995845247
STU_013679,70.11196027209763
STU_013680,56.27496163731247
STU_013681,98.19874002453687
STU_013682,39.4116623441121
STU_013683,58.80919398812967
STU_013684,72.90685722655408
STU_013685,85.36091825456043
STU_013686,87.55840543624649
STU_013687,73.83991153392682
STU_013688,64.61622778001714
STU_013689,99.2843516648274
STU_013690,88.93999957667495
STU_013691,67.49506918845782
STU_013692,64.19549383301066
STU_013693,83.3075804831896
STU_013694,77.65945571341821
STU_013695,70.92365000718081
STU_013696,97.59537575469707
STU_013697,70.03622719346485
STU_013698,65.46237176211646
STU_013699,69.72447901489728
STU_013700,83.64992589767505
STU_013701,81.04762395834747
STU_013702,91.83192311950648
STU_013703,70.08140196760898
STU_013704,80.01325509026819
STU_013705,83.78408418467663
STU_013706,61.93592463196243
STU_013707,64.77449432278796
STU_013708,54.34758126871256
STU_013709,88.76827678065868
STU_013710,79.02891426752193
STU_013711,96.43145075919068
STU_013712,79.08049691139345
STU_013713,67.6058996472916
STU_013714,72.12246350331331
STU_013715,96.36044195051284
STU_013716,68.47825113172203
STU_013717,57.46715192165496
STU_013718,85.26449192867041
STU_013719,72.06175040625462
STU_013720,48.662238099636916
STU_013721,58.43265386824518
STU_013722,79.78096181294264
STU_013723,79.63581155847848
STU_013724,90.7231982589521
STU_013725,66.36443377177255
STU_013726,63.94293538965506
STU_013727,61.07182958818615
STU_013728,92.24156402871563
STU_013729,85.37767640964859
STU_013730,77.5045351548151
STU_013731,83.94565133316284
STU_013732,77.48789613533414
STU_013733,85.47619764753205
STU_013734,57.257189656037355
STU_013735,78.12979594889015
STU_013736,96.94102729989262
STU_013737,87.41516061851196
STU_013738,72.59496452987615
STU_013739,76.31207135069573
STU_013740,78.0972479142718
STU_013741,77.85020651045929
STU_013742,91.98431245598961
STU_013743,93.0619887653288
STU_013744,61.02272684894834
STU_013745,90.48960994033173
STU_013746,89.17011560048411
STU_013747,93.0000629322574
STU_013748,74.25825787907291
STU_013749,96.58166106595567
STU_013750,71.8033484271555
STU_013751,73.41589205850178
STU_013752,79.98209498900063
STU_013753,83.50303943613473
STU_013754,74.89265395809133
STU_013755,68.93012545003675
STU_013756,66.53540071982951
STU_013757,98.95025200306452
STU_013758,95.0230793441725
STU_013759,62.68413334721939
STU_013760,57.52583675264412
STU_013761,92.48908185205065
STU_013762,67.85423315916208
STU_013763,78.9261259205021
STU_013764,64.03624907836306
STU_013765,64.13753774861188
STU_013766,84.88113889534088
STU_013767,83.11514290525665
STU_013768,67.76397909717872
STU_013769,56.83621234842669
STU_013770,87.45196703512829
STU_013771,96.47884239189703
STU_013772,70.09087297402444
STU_013773,71.27430985494445
STU_013774,74.81066695817101
STU_013775,78.95297508736455
STU_013776,61.037497766447316
STU_013777,73.73119999332991
STU_013778,87.66327682924027
STU_013779,98.60278392473751
STU_013780,70.99378710601529
STU_013781,60.9224716396177
STU_013782,78.03966507932715
STU_013783,86.8912905096802
STU_013784,78.2223596118858
STU_013785,72.1109838432646
STU_013786,74.59913145677191
STU_013787,94.87562214064985
STU_013788,60.39431074208031
STU_013789,88.60474784019485
STU_013790,67.49648596499279
STU_013791,85.15203098685956
STU_013792,99.98943410858365
STU_013793,75.0397806617958
STU_013794,80.21051291271529
STU_013795,78.36240116614516
STU_013796,71.83203252502169
STU_013797,87.85069304323345
STU_013798,60.67642668232689
STU_013799,79.7468070199138
STU_013800,84.85484090894846
STU_013801,100.0
STU_013802,82.61263291589198
STU_013803,74.84800507483632
STU_013804,72.51822044224569
STU_013805,93.58795628430579
STU_013806,74.09996228938343
STU_013807,70.99500059080411
STU_013808,76.16724944618228
STU_013809,80.62610916183512
STU_013810,84.62896549866517
STU_013811,71.26199780112871
STU_013812,77.71842225377017
STU_013813,71.61078176854754
STU_013814,63.50792458060704
STU_013815,79.16761642258412
STU_013816,69.69581655218029
STU_013817,82.8654314151254
STU_013818,55.667942861873996
STU_013819,79.3318571139535
STU_013820,74.36461489427413
STU_013821,71.39857610500148
STU_013822,95.27966313175517
STU_013823,93.12178602093249
STU_013824,71.28690571080344
STU_013825,62.06995900254881
STU_013826,83.34648869801475
STU_013827,79.50498053677504
STU_013828,85.7510450698707
STU_013829,79.15971824679559
STU_013830,85.70630916214148
STU_013831,81.40529200178042
STU_013832,91.07193229986345
STU_013833,83.08353039490395
STU_013834,71.36985807345779
STU_013835,83.85551157966266
STU_013836,66.25453754355009
STU_013837,91.73761043881825
STU_013838,55.3083829761101
STU_013839,59.48499147246691
STU_013840,65.35234000726955
STU_013841,99.17207622935139
STU_013842,81.09797750974948
STU_013843,77.53322628792147
STU_013844,69.4957673125643
STU_013845,91.63613387989547
STU_013846,89.3303813680604
STU_013847,41.58335032347934
STU_013848,100.0
STU_013849,62.03583389014901
STU_013850,73.60741638116528
STU_013851,64.79981478748648
STU_013852,83.60165789749395
STU_013853,66.58018969696339
STU_013854,85.3245303430643
STU_013855,73.06736332325849
STU_013856,58.595422017291206
STU_013857,77.3093950464963
STU_013858,84.90454198425535
STU_013859,79.08960037002677
STU_013860,73.62682480875208
STU_013861,72.25457102258385
STU_013862,81.90103540393171
STU_013863,81.76756281025072
STU_013864,69.46025181500214
STU_013865,90.34133915023247
STU_013866,52.727430638878516
STU_013867,75.29030788720225
STU_013868,95.18280873466476
STU_013869,71.2367850869423
STU_013870,47.48179979717426
STU_013871,73.34005224030052
STU_013872,99.04746594223752
STU_013873,71.1050346117619
STU_013874,62.22387246205002
STU_013875,64.1608108606342
STU_013876,75.58805142834409
STU_013877,56.0166674286602
STU_013878,61.89753107348312
STU_013879,63.49003853405726
STU_013880,96.11021762532296
STU_013881,71.89278282467635
STU_013882,81.69572100724886
STU_013883,70.67992084523108
STU_013884,81.73326473233263
STU_013885,92.26332513195464
STU_013886,88.24006811903841
STU_013887,74.65808645179736
STU_013888,82.19995735491771
STU_013889,78.10480090173957
STU_013890,97.24199724767197
STU_013891,90.60052663688107
STU_013892,76.14384578087824
STU_013893,59.43445866140655
STU_013894,97.23705001893836
STU_013895,55.925980559366785
STU_013896,91.95747899027057
STU_013897,77.87874748155849
STU_013898,84.49887614219256
STU_013899,85.70985383693153
STU_013900,68.72718703671839
STU_013901,75.994168793805
STU_013902,73.36908902434286
STU_013903,69.4624939227692
STU_013904,68.53921857039394
STU_013905,85.72410176125196
STU_013906,75.68182289019569
STU_013907,62.265085393501266
STU_013908,68.83327164318021
STU_013909,88.38096115923628
STU_013910,60.630196427244165
STU_013911,81.73311046296895
STU_013912,79.38559858005037
STU_013913,68.56250207444643
STU_013914,64.04600206352671
STU_013915,69.40693926409377
STU_013916,94.99880470540796
STU_013917,52.652863500593725
STU_013918,52.16461656175483
STU_013919,78.02873648433335
STU_013920,80.63019298870489
STU_013921,62.19821314212856
STU_013922,94.56962195513259
STU_013923,88.54282664174129
STU_013924,86.37421717710836
STU_013925,70.39248962595492
STU_013926,83.1612869512508
STU_013927,96.12280682705253
STU_013928,43.824580593901786
STU_013929,61.30323639868093
STU_013930,72.12986762528166
STU_013931,63.13030159412108
STU_013932,64.1055156636653
STU_013933,53.161532906096944
STU_013934,67.96552564832523
STU_013935,76.47662463831693
STU_013936,87.78962004140189
STU_013937,81.48308849571465
STU_013938,75.77873280829002
STU_013939,66.95001513692426
STU_013940,65.99038827819396
STU_013941,66.88532792772689
STU_013942,100.0
STU_013943,64.3667567532304
STU_013944,89.51809955721055
STU_013945,78.6429389133155
STU_013946,97.21659080949745
STU_013947,79.12127836255041
STU_013948,80.62472311626391
STU_013949,48.59751989057644
STU_013950,83.675090055735
STU_013951,58.368680330984105
STU_013952,94.82318805473716
STU_013953,66.40150010845639
STU_013954,49.628239232696004
STU_013955,63.15005253620607
STU_013956,78.95943350083374
STU_013957,79.67876065370498
STU_013958,69.52030626289739
STU_013959,71.66853491546865
STU_013960,81.25206580336771
STU_013961,69.36203005290555
STU_013962,64.38059267543456
STU_013963,66.28615989916392
STU_013964,75.17604130973699
STU_013965,64.47240393340306
STU_013966,70.14290795367297
STU_013967,72.17735374000668
STU_013968,93.85256950426847
STU_013969,51.45860001666614
STU_013970,88.74172807536954
STU_013971,65.88906822699492
STU_013972,72.36440321326563
STU_013973,73.06443165185208
STU_013974,93.29803854857975
STU_013975,85.46592994049304
STU_013976,70.79617876671198
STU_013977,83.08540159654693
STU_013978,95.0675669058023
STU_013979,87.07803968532318
STU_013980,78.1344613967899
STU_013981,76.08634077181075
STU_013982,69.1302307939055
STU_013983,76.6066880072412
STU_013984,70.28250731732992
STU_013985,84.73154962749182
STU_013986,67.69825798237378
STU_013987,91.31651483222869
STU_013988,71.7285835690827
STU_013989,66.20829979250652
STU_013990,69.27986319859954
STU_013991,80.94536637228106
STU_013992,79.36869888777227
STU_013993,77.88130231008627
STU_013994,74.23767029855723
STU_013995,58.746538551543836
STU_013996,74.41654465275434
STU_013997,90.68033258199192
STU_013998,66.04812768545898
STU_013999,75.53638896697409
STU_014000,74.7305802538974
STU_014001,64.44630948371005
STU_014002,60.44093770641075
STU_014003,69.20384683492429
STU_014004,56.59793324178213
STU_014005,66.98108440537622
STU_014006,64.91752291825063
STU_014007,82.95248479763247
STU_014008,62.9239278264116
STU_014009,98.86290496353176
STU_014010,75.05894687699906
STU_014011,79.85481582337977
STU_014012,93.33937605300183
STU_014013,53.233428750360304
STU_014014,84.96936305898723
STU_014015,84.28135759857983
STU_014016,65.6759265171863
STU_014017,78.43817776630507
STU_014018,76.3336266329369
STU_014019,86.09894704565701
STU_014020,82.4481345177613
STU_014021,87.94415275636771
STU_014022,72.0497271977957
STU_014023,68.09610295154889
STU_014024,75.65405410226434
STU_014025,80.57014393140156
STU_014026,72.14162361778223
STU_014027,100.0
STU_014028,81.39393870551339
STU_014029,77.56632201447759
STU_014030,80.49285976265344
STU_014031,74.25697792428122
STU_014032,70.57635260392682
STU_014033,74.79046300231524
STU_014034,87.89258763069225
STU_014035,92.74576959393193
STU_014036,53.602272799299215
STU_014037,52.937967446812294
STU_014038,83.0710148526851
STU_014039,86.93172088859596
STU_014040,69.17544478296043
STU_014041,75.87591579737408
STU_014042,69.96446362358274
STU_014043,68.30199277143893
STU_014044,100.0
STU_014045,78.94693450064678
STU_014046,66.78408785067064
STU_014047,88.24604032557076
STU_014048,65.02501597946052
STU_014049,85.94847893451292
STU_014050,77.20681041685643
STU_014051,74.72143518877151
STU_014052,81.81445974405142
STU_014053,88.3669689579906
STU_014054,89.131575906341
STU_014055,100.0
STU_014056,78.34412498587812
STU_014057,67.25655000393529
STU_014058,78.47367421431014
STU_014059,59.595542194836334
STU_014060,75.30573925256041
STU_014061,69.39255357673716
STU_014062,90.02857261073282
STU_014063,70.39960894036477
STU_014064,66.78318773461638
STU_014065,62.991633040447944
STU_014066,43.941993206767165
STU_014067,92.55413456488964
STU_014068,71.39002509240542
STU_014069,77.3882545058287
STU_014070,76.9199546400236
STU_014071,40.757843464406186
STU_014072,74.60790468008729
STU_014073,79.38911944990805
STU_014074,74.9068690053107
STU_014075,71.34898499147185
STU_014076,67.66321444832707
STU_014077,55.09909328218486
STU_014078,54.71545254336614
STU_014079,80.31548413099881
STU_014080,88.02387392324928
STU_014081,99.51945173826125
STU_014082,83.00516118961878
STU_014083,63.277477828933314
STU_014084,75.67033629438494
STU_014085,98.39033218864819
STU_014086,57.16435583013727
STU_014087,69.59305856113917
STU_014088,74.08961119217732
STU_014089,69.82928984327644
STU_014090,68.11185586115643
STU_014091,88.80828728940693
STU_014092,69.49046534765588
STU_014093,71.64978751292293
STU_014094,63.72278711767879
STU_014095,81.48303007618466
STU_014096,84.1590654329153
STU_014097,92.46129296754091
STU_014098,69.33187714063153
STU_014099,74.04552020080891
STU_014100,68.83946924011748
STU_014101,77.07491410862855
STU_014102,81.03560507526845
STU_014103,69.32746244871751
STU_014104,97.193804143243
STU_014105,46.1032653498624
STU_014106,68.67982852784606
STU_014107,86.7534852990659
STU_014108,81.9374276324169
STU_014109,80.50754705733007
STU_014110,86.31657822765538
STU_014111,88.10011562338784
STU_014112,60.04409121482646
STU_014113,58.421610774558374
STU_014114,64.07382194429695
STU_014115,76.7657567212762
STU_014116,98.53791165963834
STU_014117,66.94466035014979
STU_014118,93.45311841981002
STU_014119,68.46445803925465
STU_014120,65.40110258156848
STU_014121,61.161093877966096
STU_014122,62.3134385150299
STU_014123,60.94598251982342
STU_014124,55.7617308547666
STU_014125,86.51997957607186
STU_014126,64.2567699723663
STU_014127,70.84060029527495
STU_014128,58.259189090408746
STU_014129,87.10871292408574
STU_014130,81.9426148762474
STU_014131,87.42769964500373
STU_014132,78.87928963733182
STU_014133,73.08066272993074
STU_014134,45.27780614950569
STU_014135,74.9585518889125
STU_014136,72.1409845373547
STU_014137,96.38174692543791
STU_014138,58.3627818658077
STU_014139,71.11320777994024
STU_014140,77.49254362259653
STU_014141,86.4432788310404
STU_014142,74.84945083835169
STU_014143,79.79674530540034
STU_014144,96.62250664564417
STU_014145,68.43758506926866
STU_014146,96.13909537573096
STU_014147,83.22539800929289
STU_014148,91.57417747668752
STU_014149,82.10826694714163
STU_014150,65.63286067309969
STU_014151,97.87546188757449
STU_014152,90.3427967994053
STU_014153,60.98645754163278
STU_014154,77.64934010629828
STU_014155,68.4170275228732
STU_014156,93.75803281860581
STU_014157,81.49690905141058
STU_014158,79.57271925173133
STU_014159,83.90234343801255
STU_014160,94.10353209253046
STU_014161,79.21095058814726
STU_014162,92.71529822440341
STU_014163,76.88260717178015
STU_014164,57.32049995805396
STU_014165,96.54514602840099
STU_014166,71.61194996039048
STU_014167,80.9806699064466
STU_014168,63.878671146523146
STU_014169,57.160486205415665
STU_014170,81.17339543174813
STU_014171,85.19233689649361
STU_014172,81.38661846493528
STU_014173,68.91487386227442
STU_014174,79.47180200873365
STU_014175,83.82485248435978
STU_014176,64.71961551461621
STU_014177,72.65973594305895
STU_014178,73.65531290523894
STU_014179,89.00705279434256
STU_014180,81.63853624638065
STU_014181,78.14031430985058
STU_014182,92.34360123538193
STU_014183,65.59461624417918
STU_014184,87.5471004880421
STU_014185,79.08260253557228
STU_014186,94.10376804128114
STU_014187,93.2165462938493
STU_014188,73.10046148554427
STU_014189,66.2252473180281
STU_014190,68.57618339345967
STU_014191,69.28737565653083
STU_014192,64.7402399814342
STU_014193,84.96266989466852
STU_014194,68.58313485421033
STU_014195,63.944769227837085
STU_014196,83.11725478943026
STU_014197,63.672902444129946
STU_014198,71.27507372443333
STU_014199,60.45967667043007
STU_014200,74.74121494988698
STU_014201,79.50642391394186
STU_014202,83.51446504420204
STU_014203,62.66880165632167
STU_014204,89.00001611255438
STU_014205,68.42408787306513
STU_014206,73.95645183235088
STU_014207,73.55358029275769
STU_014208,71.45571971971303
STU_014209,68.64926263454304
STU_014210,91.53771758456196
STU_014211,78.72412590745226
STU_014212,100.0
STU_014213,77.28624127818023
STU_014214,65.33748353922208
STU_014215,70.90295781740983
STU_014216,71.67416496778188
STU_014217,85.88290204279602
STU_014218,100.0
STU_014219,70.94687714040097
STU_014220,75.57382938916126
STU_014221,81.62726298279483
STU_014222,80.95135261940126
STU_014223,87.20793257613428
STU_014224,95.79825667743475
STU_014225,77.2192406971796
STU_014226,57.7054378830917
STU_014227,73.32139250624041
STU_014228,60.69854768855446
STU_014229,90.43980162800136
STU_014230,89.27929699479435
STU_014231,76.99808651925322
STU_014232,74.84419211020037
STU_014233,55.32969859777363
STU_014234,100.0
STU_014235,76.85802092338511
STU_014236,68.67636074525684
STU_014237,85.48468132011632
STU_014238,49.176293940787296
STU_014239,91.11878898238041
STU_014240,67.69705266591401
STU_014241,81.61508338200447
STU_014242,88.84790055426635
STU_014243,63.05403366223731
STU_014244,75.14913288325855
STU_014245,81.01266385836243
STU_014246,77.15824814382066
STU_014247,65.49412300427537
STU_014248,92.44337870623875
STU_014249,77.19036338644652
STU_014250,80.73246919553115
STU_014251,79.28016468992831
STU_014252,67.75613519809636
STU_014253,88.77763344975702
STU_014254,72.61121043579946
STU_014255,96.67819474010552
STU_014256,68.27962271425076
STU_014257,71.95015473741529
STU_014258,87.95120568663172
STU_014259,69.07593269157809
STU_014260,85.98340483433138
STU_014261,84.56966569955515
STU_014262,80.31504953656292
STU_014263,62.198417843703595
STU_014264,90.17427650896576
STU_014265,66.92180798181005
STU_014266,79.72211587519305
STU_014267,94.38395811592721
STU_014268,90.08999139057258
STU_014269,69.2809205681362
STU_014270,75.78738712621737
STU_014271,62.00607796562293
STU_014272,70.12322339089114
STU_014273,66.32735891458076
STU_014274,64.38625056035715
STU_014275,82.89808860994717
STU_014276,65.62292948402687
STU_014277,88.80962140677356
STU_014278,60.111261152484545
STU_014279,95.60935227708569
STU_014280,56.530117058112424
STU_014281,88.40601065780807
STU_014282,68.25527789767119
STU_014283,57.18085473024634
STU_014284,84.79285252842999
STU_014285,92.27261503800267
STU_014286,67.20398149463934
STU_014287,82.04025610644052
STU_014288,50.70208764619284
STU_014289,73.94951441642043
STU_014290,74.01710149015075
STU_014291,68.78098293858682
STU_014292,76.04465264846468
STU_014293,71.94088186041799
STU_014294,62.19455050967248
STU_014295,68.68991477870117
STU_014296,63.628409989618675
STU_014297,59.18065935375902
STU_014298,74.02832728726298
STU_014299,78.00272531387762
STU_014300,88.6858682312016
STU_014301,57.86688959033338
STU_014302,100.0
STU_014303,93.62700677898223
STU_014304,63.38136284309611
STU_014305,79.73022280057333
STU_014306,74.69361661395273
STU_014307,99.27095299334005
STU_014308,68.24549078680242
STU_014309,95.64686695834558
STU_014310,71.93713010769928
STU_014311,100.0
STU_014312,80.72616612486883
STU_014313,70.21368310321616
STU_014314,67.31446519466311
STU_014315,78.95891782054892
STU_014316,75.43203277386571
STU_014317,70.15818639850418
STU_014318,76.2281464583942
STU_014319,62.60376931468765
STU_014320,76.04200659716318
STU_014321,65.44000982042529
STU_014322,90.79286554926676
STU_014323,84.7841698005316
STU_014324,83.86952568290205
STU_014325,84.08592000176142
STU_014326,83.12652802963194
STU_014327,67.78096168927885
STU_014328,53.11238948763715
STU_014329,95.2011044372228
STU_014330,54.95567715150747
STU_014331,65.87231282221452
STU_014332,58.22135647045498
STU_014333,65.58057234498165
STU_014334,92.42966081456055
STU_014335,79.31471791610798
STU_014336,89.27411093549347
STU_014337,81.86656782207046
STU_014338,63.70948021862219
STU_014339,66.00256543926281
STU_014340,59.545961337419065
STU_014341,92.04722866929505
STU_014342,57.55724675796351
STU_014343,68.97748517434727
STU_014344,47.910187131596516
STU_014345,78.74156838329415
STU_014346,88.6855295522089
STU_014347,65.26677547304375
STU_014348,73.10869487661908
STU_014349,67.12746462153008
STU_014350,70.8753064060294
STU_014351,76.24707736731374
STU_014352,90.98214639853273
STU_014353,91.71381010386798
STU_014354,88.84952951484766
STU_014355,64.2650630030825
STU_014356,48.86942600609047
STU_014357,83.5120490944428
STU_014358,59.15571739887953
STU_014359,78.70604581539705
STU_014360,57.45747545449431
STU_014361,69.40551448290084
STU_014362,99.24544935854018
STU_014363,47.9010258377796
STU_014364,84.14771019399974
STU_014365,62.07499774518017
STU_014366,75.01781197009035
STU_014367,71.2614316022622
STU_014368,88.74881062761227
STU_014369,87.05690393549341
STU_014370,93.92140946225103
STU_014371,75.73826017058923
STU_014372,85.243691737082
STU_014373,66.34760774514496
STU_014374,77.59071743696605
STU_014375,81.67262368191898
STU_014376,90.47389424931868
STU_014377,81.34853667643245
STU_014378,97.30416864252813
STU_014379,76.43199651746423
STU_014380,83.27778851180943
STU_014381,41.29601936871594
STU_014382,76.27749473773362
STU_014383,73.08234558334391
STU_014384,86.09499101462387
STU_014385,89.55934754951856
STU_014386,60.92564385811573
STU_014387,78.98790150204461
STU_014388,69.56525219346217
STU_014389,77.2256676255882
STU_014390,70.16829226151424
STU_014391,45.85489257086434
STU_014392,86.54159518292393
STU_014393,88.08515977980313
STU_014394,76.46110328359538
STU_014395,95.50549088693145
STU_014396,91.32805006064663
STU_014397,81.72620478041516
STU_014398,100.0
STU_014399,73.61505784560396
STU_014400,95.40663126978404
STU_014401,82.51874981175834
STU_014402,75.79254507390958
STU_014403,78.8076301656931
STU_014404,81.453613460425
STU_014405,67.41575410835992
STU_014406,81.89368955967664
STU_014407,98.16027696511449
STU_014408,60.75182602028652
STU_014409,54.17981371623167
STU_014410,72.17154284080401
STU_014411,65.64918353788359
STU_014412,73.81571273698826
STU_014413,82.96146291163015
STU_014414,65.23663976143807
STU_014415,71.89767512938602
STU_014416,78.45574937811428
STU_014417,94.9913214132333
STU_014418,89.1929724252032
STU_014419,57.60424059121361
STU_014420,91.85086147913454
STU_014421,92.49758210767834
STU_014422,71.4558025430184
STU_014423,94.88912726473441
STU_014424,79.5287252174971
STU_014425,99.4730362520082
STU_014426,70.64046664515182
STU_014427,85.64722833375917
STU_014428,96.48441668019618
STU_014429,92.27424280406176
STU_014430,54.922573556283766
STU_014431,58.48510848445089
STU_014432,67.08388526907592
STU_014433,59.054402073444294
STU_014434,75.79164841588323
STU_014435,95.48521095632891
STU_014436,57.174936776494384
STU_014437,69.72565694784385
STU_014438,75.97499483728487
STU_014439,86.11162586181257
STU_014440,50.2507418587828
STU_014441,63.31246607222918
STU_014442,74.90013584813195
STU_014443,52.638767969618286
STU_014444,53.59675568688239
STU_014445,71.12516110780048
STU_014446,66.3563771992654
STU_014447,92.63434249788551
STU_014448,63.573730864083814
STU_014449,51.73378160148226
STU_014450,68.98256205094064
STU_014451,89.38861218425367
STU_014452,91.10500155836323
STU_014453,100.0
STU_014454,91.30573058039847
STU_014455,85.97924728120789
STU_014456,82.27951906572707
STU_014457,62.50828326567741
STU_014458,64.96331929189705
STU_014459,77.09683326267123
STU_014460,99.88036989154443
STU_014461,90.3207024064716
STU_014462,85.72990196656308
STU_014463,79.97761178598466
STU_014464,73.23108792554271
STU_014465,91.2738463452366
STU_014466,70.77212516738652
STU_014467,76.25843624194272
STU_014468,71.7488033601746
STU_014469,87.0008596074405
STU_014470,74.03983586086096
STU_014471,80.76708214888333
STU_014472,67.94250222287636
STU_014473,72.42337191433104
STU_014474,88.78726781835809
STU_014475,62.61644645690659
STU_014476,64.63179273923119
STU_014477,91.01488295123175
STU_014478,85.3858012579528
STU_014479,96.1626615123537
STU_014480,76.06859047181281
STU_014481,88.83550276890965
STU_014482,55.5129069261183
STU_014483,94.76581105336965
STU_014484,50.73881704448783
STU_014485,75.45934665911226
STU_014486,91.39681459228024
STU_014487,84.30524601350581
STU_014488,72.81387700599524
STU_014489,49.16183201765758
STU_014490,88.85880207500063
STU_014491,81.11249102966818
STU_014492,81.06836965546566
STU_014493,62.84459613124794
STU_014494,85.67323872878012
STU_014495,73.87143979733186
STU_014496,75.28635948356624
STU_014497,65.02605734620164
STU_014498,84.414469796659
STU_014499,80.5017955217788
STU_014500,68.26484133812838
STU_014501,66.25812271403738
STU_014502,73.5560803651471
STU_014503,74.91769505519471
STU_014504,100.0
STU_014505,73.63762542735667
STU_014506,75.93210126144446
STU_014507,73.42866233151246
STU_014508,64.96556989376369
STU_014509,78.35772677900057
STU_014510,61.34845117951033
STU_014511,83.40387155490106
STU_014512,77.88446567177803
STU_014513,80.56242266123195
STU_014514,80.72183886395098
STU_014515,76.77300914916054
STU_014516,81.08126650363573
STU_014517,79.67902972562736
STU_014518,75.57897648497395
STU_014519,62.60676910302968
STU_014520,77.43466392158946
STU_014521,92.4839235631985
STU_014522,67.8163291606432
STU_014523,91.67753878584128
STU_014524,91.43292992263731
STU_014525,70.51641279706887
STU_014526,80.59373922176395
STU_014527,48.69861703562725
STU_014528,63.69205785212277
STU_014529,88.77200160566738
STU_014530,68.14364158053559
STU_014531,75.99984761849501
STU_014532,92.8864982434452
STU_014533,98.80447979418986
STU_014534,95.30925773486925
STU_014535,93.02422911514395
STU_014536,84.80698515290872
STU_014537,78.56992319089889
STU_014538,66.55473494481618
STU_014539,66.35584252518053
STU_014540,57.90914185091816
STU_014541,85.45235046736413
STU_014542,57.298783161840724
STU_014543,87.00628041167376
STU_014544,69.30086029110373
STU_014545,59.490327275669124
STU_014546,58.95191577145404
STU_014547,64.04257264888778
STU_014548,92.72839034811017
STU_014549,94.80248140013029
STU_014550,79.3571897898452
STU_014551,68.38532541573244
STU_014552,69.66977029528346
STU_014553,82.65989430834398
STU_014554,77.57350656150116
STU_014555,72.89197481559239
STU_014556,95.56502034895883
STU_014557,76.02912126872029
STU_014558,58.27252402734365
STU_014559,81.26345307919117
STU_014560,96.0462205404136
STU_014561,74.44474484172133
STU_014562,68.13715937067062
STU_014563,78.1531662164588
STU_014564,96.34808876424523
STU_014565,61.69315678873239
STU_014566,89.32736412557932
STU_014567,68.95445136422161
STU_014568,68.15200882566425
STU_014569,77.05539034829692
STU_014570,57.33757416684389
STU_014571,67.25431304369464
STU_014572,69.15331637425007
STU_014573,80.21571459034001
STU_014574,64.55554731383396
STU_014575,58.70510085409188
STU_014576,71.26694298494904
STU_014577,61.49449195648302
STU_014578,61.581588226346156
STU_014579,79.01997529411815
STU_014580,87.24763820269206
STU_014581,88.63061277962015
STU_014582,80.63288036472328
STU_014583,71.26602289726664
STU_014584,81.75785618875501
STU_014585,75.42386636517901
STU_014586,88.14712625143713
STU_014587,62.61133674757235
STU_014588,77.4291178787118
STU_014589,61.82508731537871
STU_014590,68.55693547642679
STU_014591,86.33744738781742
STU_014592,75.8874985211904
STU_014593,93.58244550906636
STU_014594,96.0078825211356
STU_014595,54.5427528679854
STU_014596,100.0
STU_014597,70.16049369607265
STU_014598,61.89688133047348
STU_014599,78.05970216616508
STU_014600,58.243118829779206
STU_014601,78.61082040005438
STU_014602,91.6315748529585
STU_014603,49.844754063647784
STU_014604,86.55562975541626
STU_014605,96.54281843262622
STU_014606,57.80010953147857
STU_014607,78.32721833089217
STU_014608,62.47537380861492
STU_014609,80.84461317732942
STU_014610,78.08532002905629
STU_014611,79.71317626932566
STU_014612,56.011158475464526
STU_014613,69.02268818098386
STU_014614,86.70419086909874
STU_014615,75.17551490731941
STU_014616,95.16857823355838
STU_014617,64.34225778148348
STU_014618,87.42339438730033
STU_014619,80.37200203945702
STU_014620,85.3023418411835
STU_014621,60.80675137321429
STU_014622,93.44272956511091
STU_014623,72.57042158544795
STU_014624,85.19693483840605
STU_014625,73.9584856267932
STU_014626,92.16030633649844
STU_014627,66.53727006405137
STU_014628,58.74338781387079
STU_014629,80.69573448090983
STU_014630,73.89218897606955
STU_014631,62.24257616536899
STU_014632,71.59775339526868
STU_014633,69.78971127120643
STU_014634,92.80140499546349
STU_014635,59.04662563682437
STU_014636,47.63935108779544
STU_014637,86.92077347932302
STU_014638,69.44847287064475
STU_014639,78.01284411546871
STU_014640,72.21570443931151
STU_014641,64.8545731393021
STU_014642,94.23030829630795
STU_014643,56.76379210410563
STU_014644,91.35151900902338
STU_014645,76.06351467412993
STU_014646,90.19699410650864
STU_014647,88.24898035643305
STU_014648,71.27028840680065
STU_014649,93.03136713022343
STU_014650,68.80031091757621
STU_014651,66.14606316706697
STU_014652,86.42597166442513
STU_014653,79.19877085292502
STU_014654,87.76528798482377
STU_014655,51.43046378036573
STU_014656,70.16588138127209
STU_014657,57.68837252988341
STU_014658,77.58215534145563
STU_014659,71.89545352618138
STU_014660,70.54942604478391
STU_014661,55.22111611791266
STU_014662,75.40161341105197
STU_014663,73.92866713190246
STU_014664,54.52528331682268
STU_014665,74.47339948785554
STU_014666,92.11049578529146
STU_014667,82.00240163361082
STU_014668,60.90031399684954
STU_014669,79.92657730109968
STU_014670,98.18028697491756
STU_014671,78.93916444144281
STU_014672,86.82283715022788
STU_014673,93.88436275604086
STU_014674,93.10840433312708
STU_014675,84.23358730480683
STU_014676,76.41351629452818
STU_014677,62.94632110115812
STU_014678,69.74678609578102
STU_014679,63.67571735879932
STU_014680,48.78695025676349
STU_014681,91.43843424501249
STU_014682,48.50918807493297
STU_014683,67.92600469220494
STU_014684,62.80592974390531
STU_014685,66.92347189412419
STU_014686,78.66552287098585
STU_014687,86.42265895904131
STU_014688,96.12498516583973
STU_014689,67.83535158518289
STU_014690,60.61293598685081
STU_014691,87.2201915039187
STU_014692,91.25038474621495
STU_014693,71.67409555266156
STU_014694,76.57622034148417
STU_014695,100.0
STU_014696,49.06304138634539
STU_014697,71.67778309343224
STU_014698,90.93679444213876
STU_014699,68.11636672682664
STU_014700,86.12571850499106
STU_014701,66.22970197712641
STU_014702,89.71745393072605
STU_014703,79.42434172301262
STU_014704,90.36664362214987
STU_014705,80.76882761934209
STU_014706,84.80601790147738
STU_014707,92.66868557624483
STU_014708,95.01718864940904
STU_014709,76.29703502840745
STU_014710,53.06486769820657
STU_014711,73.99987427300915
STU_014712,77.93522107370646
STU_014713,45.34193781543746
STU_014714,81.88191435843493
STU_014715,73.36126845025197
STU_014716,65.87426146227654
STU_014717,59.86668185968418
STU_014718,64.54218645224236
STU_014719,91.63458088210295
STU_014720,80.70389307861927
STU_014721,54.8260509276186
STU_014722,66.77986891775605
STU_014723,92.6054977703277
STU_014724,89.76491929282054
STU_014725,69.94223373314038
STU_014726,65.84666133918834
STU_014727,60.05813373716158
STU_014728,88.31956305900624
STU_014729,82.62760338653415
STU_014730,56.310967718981814
STU_014731,69.30541974008405
STU_014732,73.66933310892254
STU_014733,74.73546141603693
STU_014734,60.66133427547308
STU_014735,98.61929655221934
STU_014736,75.90219175130323
STU_014737,76.49584646914145
STU_014738,71.83304525733425
STU_014739,86.19464468850627
STU_014740,80.83614489550763
STU_014741,81.46005820491513
STU_014742,93.24232799553953
STU_014743,95.48151047372365
STU_014744,68.24283353128563
STU_014745,81.61174299369328
STU_014746,46.71967729983757
STU_014747,72.49477638953161
STU_014748,97.74800779312014
STU_014749,94.73053415277582
STU_014750,84.01017099103265
STU_014751,91.15708919109593
STU_014752,78.81318801229806
STU_014753,60.500957793609444
STU_014754,97.47654639026294
STU_014755,68.3584513536867
STU_014756,73.66907362089755
STU_014757,72.44068247832584
STU_014758,99.3092754073574
STU_014759,68.57211326114148
STU_014760,78.72950108216196
STU_014761,75.41328906779711
STU_014762,100.0
STU_014763,82.70302717137133
STU_014764,100.0
STU_014765,78.27801162008234
STU_014766,78.40822552123733
STU_014767,67.03445233409775
STU_014768,65.38737941429201
STU_014769,94.8857027784666
STU_014770,78.00715367554378
STU_014771,73.15941571445642
STU_014772,71.49600527108544
STU_014773,85.37551878041097
STU_014774,89.6998759680198
STU_014775,77.68024840882437
STU_014776,78.04226122535319
STU_014777,78.5783674774245
STU_014778,79.68266845201161
STU_014779,79.60029959148757
STU_014780,61.57703820635521
STU_014781,87.65957275203357
STU_014782,86.47866110824384
STU_014783,93.93493122691692
STU_014784,96.70541804133762
STU_014785,83.58587035594954
STU_014786,81.91015903095351
STU_014787,77.1729655485788
STU_014788,92.68482639103664
STU_014789,73.38692014547661
STU_014790,78.43861169851564
STU_014791,69.49423894397859
STU_014792,58.81673764390625
STU_014793,64.81419352268054
STU_014794,65.40168389813348
STU_014795,78.58814974169891
STU_014796,75.44205053645236
STU_014797,76.09800784892043
STU_014798,86.11754127827304
STU_014799,88.91740921859571
STU_014800,86.00817400538872
STU_014801,87.08488730480711
STU_014802,57.81624815014776
STU_014803,85.9627963972882
STU_014804,80.29160421240728
STU_014805,70.9090222743054
STU_014806,75.29014438623729
STU_014807,66.17282118175865
STU_014808,72.76657569818029
STU_014809,57.27342917986048
STU_014810,90.32971074010332
STU_014811,98.13169846045335
STU_014812,72.4952888935601
STU_014813,61.39603689277941
STU_014814,69.20302957196674
STU_014815,57.65442928095898
STU_014816,84.50955306081589
STU_014817,86.823033039343
STU_014818,54.93995144832681
STU_014819,80.73984797556736
STU_014820,71.4153585287658
STU_014821,63.583346733563694
STU_014822,93.47687672099806
STU_014823,66.38097603995513
STU_014824,94.39816864887466
STU_014825,78.35726269062734
STU_014826,92.91526554607438
STU_014827,60.22735709456901
STU_014828,75.46736657323706
STU_014829,74.85919176272118
STU_014830,84.93539345304715
STU_014831,86.33126564759384
STU_014832,64.65431374109234
STU_014833,62.2323295888167
STU_014834,80.40424359559569
STU_014835,78.43162393333323
STU_014836,85.03078297140468
STU_014837,68.1361542760696
STU_014838,74.13563734181207
STU_014839,78.25003107401452
STU_014840,78.31421493455916
STU_014841,97.18050101070317
STU_014842,53.001910769497556
STU_014843,75.35446088328224
STU_014844,94.40329235558795
STU_014845,70.71406157077868
STU_014846,83.53948711567732
STU_014847,83.10104357835701
STU_014848,59.777904900990755
STU_014849,59.324304635281294
STU_014850,71.5950854208912
STU_014851,81.69397840306125
STU_014852,85.24268790477429
STU_014853,65.5716830322781
STU_014854,64.42439463437583
STU_014855,75.82480145069727
STU_014856,70.37915895543912
STU_014857,78.72647373158729
STU_014858,65.59375260477144
STU_014859,86.54323964901992
STU_014860,46.99675155472029
STU_014861,88.83073356523406
STU_014862,95.24903343221973
STU_014863,67.420789370609
STU_014864,80.58576101453292
STU_014865,70.18906332245501
STU_014866,72.9009964781563
STU_014867,72.03407670237985
STU_014868,100.0
STU_014869,99.40699164282647
STU_014870,72.73595250758366
STU_014871,76.43528983970306
STU_014872,83.02127638408186
STU_014873,67.14399954273881
STU_014874,72.95712156819701
STU_014875,81.84364132027619
STU_014876,57.71468321952215
STU_014877,69.00963072682437
STU_014878,62.261564417991835
STU_014879,79.70873917510728
STU_014880,80.01509423848134
STU_014881,79.27644948333872
STU_014882,69.70441202176448
STU_014883,80.94950892417378
STU_014884,68.86840992504827
STU_014885,80.84577344460834
STU_014886,63.12160300255586
STU_014887,76.53157577411807
STU_014888,87.36979858489613
STU_014889,73.08355656454992
STU_014890,92.54188277955538
STU_014891,75.04954408316505
STU_014892,87.14840962514387
STU_014893,65.50991473176346
STU_014894,77.50236943212283
STU_014895,58.41448329129615
STU_014896,75.57891068816207
STU_014897,77.95092675596904
STU_014898,83.69231636668245
STU_014899,54.14021197180173
STU_014900,98.15761033451201
STU_014901,82.21908585247455
STU_014902,81.31968601981987
STU_014903,87.25458508102861
STU_014904,80.67089984627883
STU_014905,91.24724558182609
STU_014906,79.55005587923125
STU_014907,53.14665871053077
STU_014908,80.08650302321674
STU_014909,82.00830420380126
STU_014910,72.2197964595652
STU_014911,92.4939196024051
STU_014912,79.68990892717284
STU_014913,73.51572891432608
STU_014914,52.43238629685433
STU_014915,58.993078644065434
STU_014916,70.97274779947946
STU_014917,95.58561049918751
STU_014918,85.28550111019433
STU_014919,56.3701933939166
STU_014920,89.49054760648696
STU_014921,63.677507997284394
STU_014922,57.261881784453664
STU_014923,67.11765652764795
STU_014924,83.69699941172814
STU_014925,96.1809593449499
STU_014926,81.75038929021137
STU_014927,72.94328323969137
STU_014928,61.599476988405854
STU_014929,82.44218438302914
STU_014930,81.07283760292724
STU_014931,87.55890094596549
STU_014932,59.1071991492676
STU_014933,78.61136884024761
STU_014934,67.9763577160123
STU_014935,78.04832237589781
STU_014936,79.71744073463167
STU_014937,79.38489923268172
STU_014938,98.68166248181728
STU_014939,72.52606218253744
STU_014940,89.93677587290833
STU_014941,67.2009341674841
STU_014942,89.34345177587227
STU_014943,64.29304129854995
STU_014944,74.0944870096256
STU_014945,61.736222441423365
STU_014946,68.9660244803153
STU_014947,65.86789810882631
STU_014948,86.48181434079972
STU_014949,60.23731041087619
STU_014950,88.25222457935543
STU_014951,72.52031028195339
STU_014952,76.34559249407074
STU_014953,93.06328022864105
STU_014954,90.15112557193675
STU_014955,96.61222672235337
STU_014956,81.58179240186075
STU_014957,78.47928357512076
STU_014958,70.11530423444235
STU_014959,55.621791764427684
STU_014960,95.135073242685
STU_014961,86.95652827583947
STU_014962,52.844926185362745
STU_014963,77.71007228251436
STU_014964,90.45411605652629
STU_014965,82.59428715057692
STU_014966,69.82392339908436
STU_014967,53.27182709274388
STU_014968,93.29485085737919
STU_014969,74.96820889117052
STU_014970,71.66244680526094
STU_014971,70.36866542542715
STU_014972,90.61205466030731
STU_014973,74.93109913033378
STU_014974,72.11399189244172
STU_014975,67.80593906485274
STU_014976,84.66600623490555
STU_014977,83.45244009218388
STU_014978,87.27200676772283
STU_014979,93.83347625309086
STU_014980,63.525668390039726
STU_014981,96.17147080099936
STU_014982,67.90714354921624
STU_014983,86.92314217039268
STU_014984,61.36674929517903
STU_014985,69.15763349597346
STU_014986,49.70125988512855
STU_014987,90.09181510557022
STU_014988,64.9947157519197
STU_014989,100.0
STU_014990,83.21232922761702
STU_014991,96.96323167403318
STU_014992,75.71439601545404
STU_014993,60.30563311776601
STU_014994,89.74790909738545
STU_014995,85.96115416086866
STU_014996,70.26108088544841
STU_014997,80.46406471364028
STU_014998,79.92873907705467
STU_014999,94.75738685904705
STU_015000,71.71098056013163
STU_015001,58.93010294555714
STU_015002,66.56231889985958
STU_015003,61.34875414696119
STU_015004,64.71778721531314
STU_015005,60.03444968418554
STU_015006,65.50178721119596
STU_015007,85.86119990740252
STU_015008,75.68837166346506
STU_015009,80.25049670546578
STU_015010,74.47927883679186
STU_015011,53.88596849429984
STU_015012,98.55937025231019
STU_015013,65.93464371063179
STU_015014,61.24704612959934
STU_015015,88.63755153466853
STU_015016,84.10316729004347
STU_015017,88.14816623974887
STU_015018,76.40716847822294
STU_015019,85.80777810544934
STU_015020,63.36712659100897
STU_015021,72.96977441339733
STU_015022,65.22036884872007
STU_015023,75.04819801316086
STU_015024,69.22476366398534
STU_015025,79.29017678719403
STU_015026,72.76668920280201
STU_015027,85.300645541356
STU_015028,76.19755948099869
STU_015029,78.47688895991323
STU_015030,94.15834201910948
STU_015031,74.07766216162379
STU_015032,69.80386433940818
STU_015033,78.23536484541836
STU_015034,68.27922613949177
STU_015035,77.60295449873743
STU_015036,68.58016377551775
STU_015037,79.79691420076905
STU_015038,90.07541548985739
STU_015039,64.66528562142366
STU_015040,79.6619000124287
STU_015041,81.48397991092125
STU_015042,51.10348754231978
STU_015043,80.88249457791062
STU_015044,88.20996623890115
STU_015045,89.65378932815017
STU_015046,70.03152076125791
STU_015047,86.0943023701384
STU_015048,66.59072157682493
STU_015049,72.4968689854215
STU_015050,62.86318119740175
STU_015051,66.84818664053766
STU_015052,63.86121711751396
STU_015053,65.89783821819961
STU_015054,92.49841513362554
STU_015055,77.82646551108397
STU_015056,61.06094275807759
STU_015057,96.28778226352097
STU_015058,61.40197488324645
STU_015059,97.9241459151084
STU_015060,77.41567688178414
STU_015061,78.79925759991883
STU_015062,75.81428532824309
STU_015063,66.37501152585646
STU_015064,65.66997061587496
STU_015065,90.61278521793568
STU_015066,84.01488807982227
STU_015067,74.67104162609087
STU_015068,64.12538196034129
STU_015069,73.55068760928059
STU_015070,76.65282697869358
STU_015071,75.98370498517782
STU_015072,100.0
STU_015073,70.70808045868785
STU_015074,68.13688764679121
STU_015075,90.25436175269255
STU_015076,72.79104019874032
STU_015077,67.48463793661051
STU_015078,68.93329832584783
STU_015079,100.0
STU_015080,66.17760276073076
STU_015081,97.1843066637305
STU_015082,61.72205981906602
STU_015083,80.31111178107534
STU_015084,66.52280492448911
STU_015085,77.90435112011059
STU_015086,70.73839288640217
STU_015087,58.75912148243455
STU_015088,92.00047741468846
STU_015089,72.58700943529192
STU_015090,85.74786228100874
STU_015091,75.16849954784426
STU_015092,77.62243024034315
STU_015093,93.87526751885676
STU_015094,69.12697175444968
STU_015095,73.76572933466255
STU_015096,88.7291968640465
STU_015097,79.36875935308068
STU_015098,73.08577834556137
STU_015099,58.54401657018215
STU_015100,83.88979053563227
STU_015101,78.03596938247091
STU_015102,80.83532187704758
STU_015103,96.88257840231464
STU_015104,78.3787070406327
STU_015105,93.35258360864846
STU_015106,70.4857292794477
STU_015107,71.66731170707908
STU_015108,75.511601195385
STU_015109,77.25794846659309
STU_015110,83.20665040174343
STU_015111,59.33669196364124
STU_015112,75.6430500228314
STU_015113,71.05280853803546
STU_015114,85.9112139489254
STU_015115,63.231952498147436
STU_015116,87.3447352589869
STU_015117,68.71950973589523
STU_015118,59.927081282974285
STU_015119,84.13059775738706
STU_015120,88.5877432940564
STU_015121,60.63390207772308
STU_015122,100.0
STU_015123,67.35527005637786
STU_015124,89.88925291566937
STU_015125,74.33572151809658
STU_015126,65.29820202589143
STU_015127,90.30299523003623
STU_015128,80.39480343050344
STU_015129,67.74006819380324
STU_015130,73.15114689206655
STU_015131,84.29707438281886
STU_015132,90.27785514661585
STU_015133,95.01675419800716
STU_015134,82.62686276084789
STU_015135,87.77744303562385
STU_015136,74.02749748524444
STU_015137,77.33482141114006
STU_015138,71.44174623823638
STU_015139,85.27575758446582
STU_015140,94.17516368004226
STU_015141,65.37383181202374
STU_015142,76.6820927352805
STU_015143,96.50567307099648
STU_015144,83.93602618218006
STU_015145,65.25198690711677
STU_015146,91.53057023209972
STU_015147,77.95960448595255
STU_015148,71.1831247901049
STU_015149,65.15772395053634
STU_015150,46.29459291114502
STU_015151,55.24554942330403
STU_015152,76.55515068261947
STU_015153,59.27035329814299
STU_015154,81.68023528331489
STU_015155,86.16915427252565
STU_015156,75.98267700651252
STU_015157,57.98031459664543
STU_015158,93.55845582844503
STU_015159,56.35668529654825
STU_015160,88.70452121497647
STU_015161,62.6600369574533
STU_015162,74.6426433319967
STU_015163,80.41075508918343
STU_015164,41.33116493675865
STU_015165,86.92429658909221
STU_015166,96.43204740609731
STU_015167,81.06993743058683
STU_015168,65.69824138300821
STU_015169,90.92009005314179
STU_015170,75.5998107430174
STU_015171,93.00152907064785
STU_015172,62.268536885765684
STU_015173,75.96000746184296
STU_015174,93.98961106148485
STU_015175,74.39369572874688
STU_015176,98.0636741156948
STU_015177,80.79946560826306
STU_015178,68.31147407779693
STU_015179,76.1300883951484
STU_015180,63.08025328161236
STU_015181,82.57231858308768
STU_015182,83.08558862681711
STU_015183,85.95717428920365
STU_015184,70.10233483341825
STU_015185,82.7382012810701
STU_015186,75.37313351792787
STU_015187,63.15598310438878
STU_015188,73.32569379167961
STU_015189,90.67981929189736
STU_015190,93.41102000338164
STU_015191,78.31439701940918
STU_015192,99.0865544449156
STU_015193,78.6213122766679
STU_015194,91.66523560890425
STU_015195,84.44022334875436
STU_015196,73.38388730241677
STU_015197,74.86607545025457
STU_015198,81.17446847453851
STU_015199,72.03658843877031
STU_015200,71.25433911465296
STU_015201,85.07125089772796
STU_015202,66.05159779369244
STU_015203,66.07089715484007
STU_015204,82.86147832817483
STU_015205,80.57066483597359
STU_015206,71.23156311785061
STU_015207,84.0654983246097
STU_015208,75.48289069756423
STU_015209,80.74600969634457
STU_015210,91.17760716662025
STU_015211,44.75782361364786
STU_015212,93.04657380125131
STU_015213,70.39061599869154
STU_015214,94.79280614269923
STU_015215,71.67499145264821
STU_015216,91.8243990701722
STU_015217,62.11403522982725
STU_015218,73.73283672661061
STU_015219,77.6756524998925
STU_015220,46.21069186452708
STU_015221,85.75398513234337
STU_015222,63.33589646554961
STU_015223,87.78442041039165
STU_015224,73.29398589713041
STU_015225,75.90084164054153
STU_015226,64.88024579462945
STU_015227,68.1516004963125
STU_015228,85.58455036615123
STU_015229,70.19610687032369
STU_015230,75.25391789312052
STU_015231,96.53533789295288
STU_015232,84.76077305305414
STU_015233,90.54558705101142
STU_015234,70.2833971683518
STU_015235,68.33384595166808
STU_015236,94.39879263275589
STU_015237,82.45021985070221
STU_015238,81.80809797506795
STU_015239,95.96285378255702
STU_015240,68.87958628260198
STU_015241,47.306340694316276
STU_015242,55.27240133444006
STU_015243,80.23206483228742
STU_015244,78.86284063450313
STU_015245,65.41324326587035
STU_015246,99.51621010954972
STU_015247,81.10095411313185
STU_015248,82.96719089397885
STU_015249,67.83400323088263
STU_015250,90.07072097712182
STU_015251,69.05757337262575
STU_015252,90.33789079365289
STU_015253,86.41287694550267
STU_015254,97.70332051865844
STU_015255,63.58536716819662
STU_015256,62.69336186180946
STU_015257,74.23689881582878
STU_015258,93.02947090981326
STU_015259,86.57637705064474
STU_015260,93.64131795987228
STU_015261,81.6037032481164
STU_015262,86.95371035643157
STU_015263,89.98937203217615
STU_015264,84.84712614981703
STU_015265,95.35672995715792
STU_015266,66.72400224138966
STU_015267,76.08555185485923
STU_015268,56.84960971138304
STU_015269,59.55271844118831
STU_015270,70.83240576083756
STU_015271,80.28404667920276
STU_015272,66.4531751527471
STU_015273,85.90555919378961
STU_015274,75.79430314618627
STU_015275,48.74733344341652
STU_015276,51.69963615985027
STU_015277,74.45730646431575
STU_015278,99.03592053833194
STU_015279,49.551685332563
STU_015280,85.67888775538972
STU_015281,98.73500162702246
STU_015282,89.01755344820818
STU_015283,84.08280596366431
STU_015284,78.07357048029628
STU_015285,44.904447279804614
STU_015286,87.81152814685882
STU_015287,74.3443370883046
STU_015288,80.03974834763704
STU_015289,58.32944727968768
STU_015290,79.97227502902508
STU_015291,77.90746688057725
STU_015292,70.22504545097377
STU_015293,63.77514580510589
STU_015294,81.70239181317024
STU_015295,73.68108772176528
STU_015296,71.82695002268107
STU_015297,85.71820996385136
STU_015298,93.05858058017947
STU_015299,66.23285127405325
STU_015300,88.74326865997443
STU_015301,77.76672949698666
STU_015302,81.19821979409221
STU_015303,69.71544652114801
STU_015304,56.43289203664538
STU_015305,67.5384075660204
STU_015306,83.27140094458252
STU_015307,98.87787831108918
STU_015308,62.05340919487205
STU_015309,73.09299122635093
STU_015310,80.10194660701444
STU_015311,65.41956100675853
STU_015312,81.46282640650122
STU_015313,63.623551954854534
STU_015314,87.16673129226425
STU_015315,75.267232291582
STU_015316,91.45408543086238
STU_015317,72.59638801686101
STU_015318,83.03596027894012
STU_015319,73.89137369629535
STU_015320,77.06736671908087
STU_015321,62.647866793079
STU_015322,93.99243292938584
STU_015323,81.31237117058323
STU_015324,74.17768361297985
STU_015325,80.94863449650167
STU_015326,57.61018738677005
STU_015327,77.184204118927
STU_015328,72.61235592382545
STU_015329,68.65949596801454
STU_015330,74.20816982128888
STU_015331,61.102068534427566
STU_015332,98.37048157250354
STU_015333,72.41515988670606
STU_015334,80.2992221900036
STU_015335,92.41430974537198
STU_015336,88.2363554824154
STU_015337,70.53371930508334
STU_015338,66.00987753553908
STU_015339,63.37531598470834
STU_015340,91.59636259068833
STU_015341,79.6796672706208
STU_015342,99.34200246473125
STU_015343,85.98525498716947
STU_015344,97.93638558583578
STU_015345,98.75803965129819
STU_015346,82.08832930113073
STU_015347,89.4793652076392
STU_015348,75.97052468888569
STU_015349,79.97654272107106
STU_015350,87.95277809543022
STU_015351,100.0
STU_015352,86.13546022560229
STU_015353,74.73066849749515
STU_015354,59.21146793240806
STU_015355,58.08032569537589
STU_015356,68.1010135153463
STU_015357,73.82623334020224
STU_015358,78.68391776567826
STU_015359,86.99109193784197
STU_015360,86.58565950220037
STU_015361,85.0496769326365
STU_015362,73.85438981994291
STU_015363,80.16819639269312
STU_015364,88.19504213594682
STU_015365,77.91082451884344
STU_015366,96.77865634269786
STU_015367,86.70860124806345
STU_015368,77.24415502769996
STU_015369,96.30153392127619
STU_015370,90.28619955495893
STU_015371,53.14667213621201
STU_015372,64.78786006981301
STU_015373,80.43066907547477
STU_015374,86.85580212299638
STU_015375,72.04800880279579
STU_015376,75.36461438898633
STU_015377,90.57826838013668
STU_015378,71.8362729977671
STU_015379,95.41177776388497
STU_015380,91.98339519776582
STU_015381,89.49713261065267
STU_015382,84.25134003596054
STU_015383,59.91682352944585
STU_015384,77.55452891926747
STU_015385,62.46279547735364
STU_015386,77.78401298569128
STU_015387,65.54689899598735
STU_015388,76.93013881106562
STU_015389,97.79202302878365
STU_015390,48.12567434010547
STU_015391,79.34917027747024
STU_015392,90.24230060283432
STU_015393,92.11371598230465
STU_015394,77.78709176730901
STU_015395,84.63584612836468
STU_015396,71.71821943014437
STU_015397,96.7757347009498
STU_015398,69.92652215281599
STU_015399,95.36095191310693
STU_015400,90.34396795617887
STU_015401,89.50918231787486
STU_015402,74.84618662230757
STU_015403,59.289510842551785
STU_015404,82.73995687753487
STU_015405,85.23796973809752
STU_015406,81.53471425203222
STU_015407,81.52691109615672
STU_015408,34.32050808311587
STU_015409,76.96140423079366
STU_015410,67.60400579563554
STU_015411,72.80573238104819
STU_015412,69.56909620080624
STU_015413,80.18821059014637
STU_015414,72.16952254506208
STU_015415,66.63453078208681
STU_015416,87.39093066831356
STU_015417,59.755586354524795
STU_015418,82.81673657112786
STU_015419,54.18123861199162
STU_015420,69.49220201230034
STU_015421,88.59767208230164
STU_015422,78.68667255039757
STU_015423,82.13287208591024
STU_015424,99.74675758846529
STU_015425,90.97231580630121
STU_015426,65.05299461708299
STU_015427,58.32514936828156
STU_015428,78.93654822652263
STU_015429,79.9692527562581
STU_015430,40.80807688509539
STU_015431,67.14929159872926
STU_015432,80.23293222283692
STU_015433,71.77622519468146
STU_015434,66.08639518669463
STU_015435,63.55538643177967
STU_015436,79.77762726698407
STU_015437,74.45050403022968
STU_015438,89.47312197013272
STU_015439,73.32551367204394
STU_015440,80.87745822316832
STU_015441,66.55614715663815
STU_015442,86.3081953548052
STU_015443,65.71075689775377
STU_015444,72.3363459792154
STU_015445,66.71910251380777
STU_015446,70.59839073663458
STU_015447,49.18788551815999
STU_015448,45.55028679478836
STU_015449,71.5908735314553
STU_015450,87.57805993117094
STU_015451,80.52260652263402
STU_015452,83.38929223926925
STU_015453,95.33119934239923
STU_015454,83.09684122414374
STU_015455,56.82634027237039
STU_015456,78.29998837188285
STU_015457,68.85319093438564
STU_015458,69.33837938553422
STU_015459,52.29705707048218
STU_015460,100.0
STU_015461,97.33859667943605
STU_015462,73.53865671507977
STU_015463,83.28580537692025
STU_015464,60.78696526628981
STU_015465,50.88286344565515
STU_015466,91.48011552146332
STU_015467,89.46877414363888
STU_015468,55.89152336399891
STU_015469,62.09024846348449
STU_015470,89.97242815120379
STU_015471,73.19283391741693
STU_015472,89.83308489350608
STU_015473,90.91885768753183
STU_015474,98.53434208783318
STU_015475,79.54517529971803
STU_015476,78.63471121681843
STU_015477,56.48968237296408
STU_015478,51.65504280846006
STU_015479,92.52142468961031
STU_015480,64.50326722383755
STU_015481,84.39775762970137
STU_015482,58.608627896737765
STU_015483,90.95320569092446
STU_015484,69.98146945441047
STU_015485,73.06271153679741
STU_015486,77.54627726975708
STU_015487,69.84924280555815
STU_015488,77.76831592567378
STU_015489,83.03009283249045
STU_015490,91.21081550882215
STU_015491,76.38223748170053
STU_015492,58.53149970002542
STU_015493,62.4353748800105
STU_015494,66.05455260801553
STU_015495,88.34675485040106
STU_015496,67.62852740705372
STU_015497,58.536123712802464
STU_015498,71.06369227969016
STU_015499,39.00918258822614
STU_015500,71.94175821175894
STU_015501,88.49306160781498
STU_015502,53.93429072991366
STU_015503,85.59264616961882
STU_015504,82.41260827723002
STU_015505,75.13240772962934
STU_015506,78.76685197274901
STU_015507,100.0
STU_015508,100.0
STU_015509,85.68363953957089
STU_015510,84.35836447224628
STU_015511,92.05826439431954
STU_015512,78.42093332158693
STU_015513,80.56573805440543
STU_015514,86.72856568811144
STU_015515,79.1461043595836
STU_015516,77.29080655267512
STU_015517,95.25437559184616
STU_015518,75.41060518520563
STU_015519,54.92620771207614
STU_015520,76.70009362847816
STU_015521,84.63637079781432
STU_015522,67.97321017886298
STU_015523,64.57661940204514
STU_015524,36.6671426947424
STU_015525,77.14731784305424
STU_015526,78.43412727235892
STU_015527,70.80882638178517
STU_015528,73.49697175616285
STU_015529,83.42261310646268
STU_015530,89.92940948725469
STU_015531,89.2418347712285
STU_015532,79.17254827104547
STU_015533,60.156707398147816
STU_015534,90.11485557527492
STU_015535,79.04613370473552
STU_015536,83.3028525401311
STU_015537,70.68142069856229
STU_015538,90.08627090464375
STU_015539,66.1736276115295
STU_015540,69.68831107737589
STU_015541,74.29448080447088
STU_015542,89.9534322866499
STU_015543,81.33457149190023
STU_015544,95.99325284521956
STU_015545,70.19139814856375
STU_015546,74.81948222990987
STU_015547,56.1160332925803
STU_015548,63.5452484760186
STU_015549,94.07653861720735
STU_015550,92.64495560356642
STU_015551,77.79499731539434
STU_015552,72.9111079388125
STU_015553,40.204669598005
STU_015554,78.59771635658385
STU_015555,74.09805961954962
STU_015556,88.44780414618536
STU_015557,79.74678691002964
STU_015558,88.18081011861713
STU_015559,85.3718447640007
STU_015560,80.4493133819157
STU_015561,88.20295992202713
STU_015562,81.28982548212069
STU_015563,68.19854014935892
STU_015564,73.27076384157013
STU_015565,68.3370522832866
STU_015566,70.0256150660008
STU_015567,77.12206872633718
STU_015568,69.6497714585815
STU_015569,74.43268316666027
STU_015570,94.95502284320588
STU_015571,64.21088948426228
STU_015572,74.91840233927334
STU_015573,82.95295034292506
STU_015574,60.29228463069458
STU_015575,61.84136104888834
STU_015576,73.04856555370168
STU_015577,71.31086667578427
STU_015578,79.01618479525727
STU_015579,75.29605343157515
STU_015580,73.78827101305042
STU_015581,79.18576061600231
STU_015582,82.3003529507626
STU_015583,93.28629397308615
STU_015584,80.72453723519162
STU_015585,89.16772307006882
STU_015586,89.37233965528085
STU_015587,55.29912938450086
STU_015588,73.83262965296537
STU_015589,80.686739863272
STU_015590,64.11243273420578
STU_015591,60.29378494754435
STU_015592,88.45252749373665
STU_015593,67.11191676573596
STU_015594,92.65668667260726
STU_015595,96.016397226709
STU_015596,79.98107044454748
STU_015597,90.84833327709019
STU_015598,77.1137536830758
STU_015599,53.76453323082325
STU_015600,66.41887437259618
STU_015601,53.380878712711024
STU_015602,64.83636235244916
STU_015603,77.31283223326909
STU_015604,80.93092265704868
STU_015605,60.81694200156558
STU_015606,79.0377077129663
STU_015607,69.52787212739737
STU_015608,67.8333680263735
STU_015609,73.1016991772341
STU_015610,68.81304912883354
STU_015611,86.95973375732157
STU_015612,84.57342234410129
STU_015613,93.00732873183972
STU_015614,62.645245173670034
STU_015615,69.52179967394983
STU_015616,80.99871911097081
STU_015617,68.48424274076025
STU_015618,88.42716136938063
STU_015619,61.13260262036746
STU_015620,70.62133765245322
STU_015621,70.51772799652238
STU_015622,74.70426054023152
STU_015623,89.19514399725443
STU_015624,79.03574750755564
STU_015625,84.15415024693577
STU_015626,61.21093926894093
STU_015627,100.0
STU_015628,78.3245786429058
STU_015629,70.91747669773476
STU_015630,67.7716129833438
STU_015631,66.99833065095115
STU_015632,87.5687040505637
STU_015633,85.95453532688936
STU_015634,72.06734925477645
STU_015635,96.31305743648826
STU_015636,73.66612052593786
STU_015637,52.856472550676585
STU_015638,73.10963220102308
STU_015639,94.79655215211191
STU_015640,69.39565465549009
STU_015641,61.02507850464656
STU_015642,99.46363198822174
STU_015643,82.82368113116762
STU_015644,93.60989492154698
STU_015645,60.75745854490222
STU_015646,96.16658670540929
STU_015647,69.97526541561412
STU_015648,62.38273499577807
STU_015649,80.99825807278546
STU_015650,70.52979120156742
STU_015651,52.480659871019
STU_015652,91.28090412582642
STU_015653,73.38585195003398
STU_015654,68.50615109993717
STU_015655,100.0
STU_015656,71.34588087934728
STU_015657,73.8717345113133
STU_015658,70.29872525710512
STU_015659,72.73815613825087
STU_015660,86.3899437912565
STU_015661,37.44241406174574
STU_015662,66.37983718946577
STU_015663,86.8261224798329
STU_015664,58.618404179056554
STU_015665,85.27088119735802
STU_015666,83.54240187308818
STU_015667,93.27839910347836
STU_015668,84.9837226608754
STU_015669,78.3286629247999
STU_015670,65.2994640056481
STU_015671,86.07958683233662
STU_015672,88.52388188071934
STU_015673,80.7290677645096
STU_015674,82.07493040506986
STU_015675,85.80973181656947
STU_015676,49.80718641979589
STU_015677,80.71358531555924
STU_015678,97.2106645513465
STU_015679,74.0366015992827
STU_015680,77.57493101467477
STU_015681,80.1842621461733
STU_015682,84.54836138996767
STU_015683,69.59962543485479
STU_015684,61.05466380313376
STU_015685,81.29381191867309
STU_015686,69.9628076375416
STU_015687,80.76315589912421
STU_015688,79.10244817016954
STU_015689,59.70047265594965
STU_015690,59.26345776935937
STU_015691,95.75168084596294
STU_015692,88.54448832157215
STU_015693,77.67265783728811
STU_015694,98.70245183476153
STU_015695,95.50050942720839
STU_015696,50.19541949668353
STU_015697,62.194086882424436
STU_015698,82.80086316749728
STU_015699,94.97955326927318
STU_015700,86.03990670148212
STU_015701,66.82972482971013
STU_015702,84.6201614576032
STU_015703,86.8815646039236
STU_015704,74.87445557514589
STU_015705,79.29320015949847
STU_015706,64.20489805521876
STU_015707,72.65646365005458
STU_015708,50.97742940212602
STU_015709,65.89780344203348
STU_015710,66.84413603681023
STU_015711,77.00624068516404
STU_015712,89.04339410563878
STU_015713,81.70808391596391
STU_015714,72.4306807092743
STU_015715,87.93513107816088
STU_015716,61.05516204155176
STU_015717,59.52467423722038
STU_015718,71.27653579440741
STU_015719,57.91041371685194
STU_015720,56.8836428810357
STU_015721,62.222129272875485
STU_015722,66.47999136610716
STU_015723,74.79334978708397
STU_015724,97.04333076555098
STU_015725,91.89838243372895
STU_015726,76.87747571904688
STU_015727,67.76229094147696
STU_015728,81.58620220751038
STU_015729,93.5299518710307
STU_015730,70.83954383294605
STU_015731,78.82989876383033
STU_015732,54.60517288182384
STU_015733,64.48296916522114
STU_015734,70.20156762318956
STU_015735,56.22870234551987
STU_015736,91.63483332276928
STU_015737,76.78036776568412
STU_015738,64.83648406968582
STU_015739,75.09247896914141
STU_015740,92.17153061866792
STU_015741,65.47356625162983
STU_015742,72.2935366710633
STU_015743,89.36831416925875
STU_015744,67.08561349537617
STU_015745,78.61114872638538
STU_015746,72.16644500141395
STU_015747,94.33178108685678
STU_015748,54.12334348690278
STU_015749,88.5952488313155
STU_015750,59.20173681994096
STU_015751,82.53946112134642
STU_015752,75.01166816711813
STU_015753,77.9800951372852
STU_015754,81.98762829880118
STU_015755,91.92997129987376
STU_015756,79.30619645819695
STU_015757,85.1515290294066
STU_015758,100.0
STU_015759,83.34800355121583
STU_015760,61.43188426076142
STU_015761,84.6088470132298
STU_015762,70.23165162439999
STU_015763,67.27628282252365
STU_015764,77.77429183826884
STU_015765,82.16742299815476
STU_015766,80.0413681026677
STU_015767,83.38611605421545
STU_015768,73.34924588391587
STU_015769,79.76051503470237
STU_015770,68.50375781296839
STU_015771,92.00001373585366
STU_015772,58.81635089071905
STU_015773,56.84209690225424
STU_015774,96.40388449151983
STU_015775,75.02600762421434
STU_015776,62.28595742423203
STU_015777,71.11671991973425
STU_015778,63.80946567687445
STU_015779,53.40918922624161
STU_015780,85.41259886765923
STU_015781,75.34299723185006
STU_015782,86.0094310024916
STU_015783,66.34743723423514
STU_015784,76.98545001859641
STU_015785,71.98024011277987
STU_015786,73.36101665390498
STU_015787,76.65949904575088
STU_015788,78.52625960090361
STU_015789,54.89980891543989
STU_015790,61.96977314161414
STU_015791,73.7734710649581
STU_015792,82.3345519080682
STU_015793,88.35621646548309
STU_015794,91.08003575822966
STU_015795,65.35515124718245
STU_015796,90.73487996875596
STU_015797,83.64274969249419
STU_015798,87.76302532270347
STU_015799,88.3249556839367
STU_015800,68.75833367422169
STU_015801,75.59908964738872
STU_015802,56.331013624746745
STU_015803,72.83675597001574
STU_015804,76.5826229728628
STU_015805,52.09157751061265
STU_015806,93.81823338095211
STU_015807,76.40569667722866
STU_015808,69.65666461525059
STU_015809,51.81165799087219
STU_015810,87.96211355438267
STU_015811,97.41780701269086
STU_015812,88.67379356401374
STU_015813,94.44447433026818
STU_015814,71.33977508503021
STU_015815,62.01167555037339
STU_015816,92.42280819701239
STU_015817,72.32592241688234
STU_015818,71.48935240906866
STU_015819,58.0216257301886
STU_015820,71.68798430362028
STU_015821,73.52464966600242
STU_015822,63.24712883944373
STU_015823,74.00265889371973
STU_015824,84.03306782352786
STU_015825,54.44554621100026
STU_015826,55.487893925628704
STU_015827,68.07499125570159
STU_015828,72.8874681332803
STU_015829,89.59734589755548
STU_015830,91.6741541753928
STU_015831,72.9104742048245
STU_015832,87.57132135964784
STU_015833,91.28690035502535
STU_015834,46.00603928126995
STU_015835,82.37113244164888
STU_015836,79.9013677916812
STU_015837,71.12482088044922
STU_015838,70.98876348626811
STU_015839,89.76491965687663
STU_015840,65.10419967293869
STU_015841,57.92905971077782
STU_015842,85.7538602731154
STU_015843,87.00748316346058
STU_015844,89.4760360900929
STU_015845,66.37513302599062
STU_015846,61.987239124136366
STU_015847,70.84646905331023
STU_015848,82.2202023342403
STU_015849,94.87970836110921
STU_015850,57.37231872030212
STU_015851,71.085710474391
STU_015852,62.267299289381796
STU_015853,75.22216149741772
STU_015854,94.33450975442878
STU_015855,90.55484036380926
STU_015856,71.30258851174085
STU_015857,86.50784311704396
STU_015858,63.143606549706675
STU_015859,73.4051790810489
STU_015860,68.472281567146
STU_015861,75.8448583822917
STU_015862,67.93801232475286
STU_015863,94.93709691227143
STU_015864,55.67857465064042
STU_015865,63.02843247817774
STU_015866,72.69022973602975
STU_015867,39.1996417274659
STU_015868,69.4716650703847
STU_015869,85.15760479091375
STU_015870,75.27181635732556
STU_015871,76.29154027329973
STU_015872,47.31578413117511
STU_015873,96.65390271379144
STU_015874,74.10052678606621
STU_015875,85.40612676338142
STU_015876,69.94857011785017
STU_015877,94.92686146933872
STU_015878,85.14389613676693
STU_015879,95.00097752772166
STU_015880,81.13239401652119
STU_015881,94.42125868439173
STU_015882,68.01122364742542
STU_015883,76.7088001596104
STU_015884,89.10342960329298
STU_015885,60.63104122863321
STU_015886,92.94228793993419
STU_015887,98.09290770940763
STU_015888,62.278030071004025
STU_015889,89.53559239374735
STU_015890,94.34832942426142
STU_015891,88.01287034428506
STU_015892,58.83985343078102
STU_015893,58.142625299304484
STU_015894,52.91488286797711
STU_015895,61.15644140020546
STU_015896,71.96641697193108
STU_015897,89.44376000179467
STU_015898,72.37598227818741
STU_015899,90.94088125562746
STU_015900,70.89271364085933
STU_015901,72.72459499168464
STU_015902,74.79614704557478
STU_015903,83.94826349699444
STU_015904,78.54119362452779
STU_015905,88.43338689535966
STU_015906,69.20991431008524
STU_015907,100.0
STU_015908,64.79253153194857
STU_015909,75.94623234218265
STU_015910,79.23523039178176
STU_015911,60.13996882937252
STU_015912,72.97267837293782
STU_015913,68.60796928016913
STU_015914,61.67081388206637
STU_015915,85.81519022656674
STU_015916,62.88430911094737
STU_015917,48.4376249689479
STU_015918,82.4824744964013
STU_015919,88.74224774547793
STU_015920,79.10737646525165
STU_015921,90.83689324975032
STU_015922,56.13581910056992
STU_015923,90.55127426678618
STU_015924,76.3900059339488
STU_015925,67.37364465013889
STU_015926,80.67720692670332
STU_015927,69.4239487004566
STU_015928,77.6231671431313
STU_015929,88.4563000532482
STU_015930,59.87955395968187
STU_015931,58.86641855046153
STU_015932,81.15308082056755
STU_015933,78.24484832869169
STU_015934,74.85617142266034
STU_015935,100.0
STU_015936,99.77681235858284
STU_015937,82.52918638550301
STU_015938,84.37518983368142
STU_015939,68.45980945142227
STU_015940,90.45840248844186
STU_015941,70.30259817721219
STU_015942,89.24885524941539
STU_015943,84.58340577203262
STU_015944,99.9139947922944
STU_015945,70.10770625937269
STU_015946,73.60035235304883
STU_015947,69.1482521953086
STU_015948,68.57634042017838
STU_015949,62.33496167774024
STU_015950,96.19409617656089
STU_015951,72.51408752622636
STU_015952,73.75494793600969
STU_015953,64.70672582883664
STU_015954,83.4321814549046
STU_015955,77.1264491801027
STU_015956,78.55060618249209
STU_015957,56.53560595717595
STU_015958,66.51967737260838
STU_015959,86.07707548988812
STU_015960,69.46750029606308
STU_015961,85.84807984193968
STU_015962,83.50396732241926
STU_015963,78.12398850693398
STU_015964,68.68710447672801
STU_015965,85.5757168938391
STU_015966,50.88900206678549
STU_015967,81.06484395064746
STU_015968,84.48936077780375
STU_015969,66.6454834052916
STU_015970,75.12025625427975
STU_015971,68.42726520086657
STU_015972,82.65989589831275
STU_015973,63.85852173683247
STU_015974,91.50363375650534
STU_015975,51.02928179717195
STU_015976,51.31316051392748
STU_015977,60.821102261810026
STU_015978,73.68992669370202
STU_015979,83.01584211700785
STU_015980,87.94837638924479
STU_015981,90.78231835144484
STU_015982,93.5980961773003
STU_015983,86.45101446110385
STU_015984,85.07660446256179
STU_015985,74.28535127508749
STU_015986,45.43594121812282
STU_015987,71.21193872422256
STU_015988,56.64626199308548
STU_015989,72.69703913407014
STU_015990,58.32174113871155
STU_015991,80.93767068574493
STU_015992,45.153452909254796
STU_015993,75.10909011506998
STU_015994,71.17520880864232
STU_015995,96.59501912585677
STU_015996,81.03971282194777
STU_015997,63.50147243154815
STU_015998,83.0687167906278
STU_015999,86.2563833338041
STU_016000,83.81192054179903
STU_016001,84.98475977599631
STU_016002,90.42835038793802
STU_016003,97.03564695983478
STU_016004,88.45784251262046
STU_016005,49.7801128223076
STU_016006,68.60127587681305
STU_016007,80.18250181690105
STU_016008,90.87966983651256
STU_016009,53.9023808381896
STU_016010,71.01960248603034
STU_016011,87.61966088333331
STU_016012,72.72384818644431
STU_016013,68.64481400296773
STU_016014,95.19273048971338
STU_016015,47.66177474205997
STU_016016,96.91424112366609
STU_016017,76.6144618813472
STU_016018,82.48517158453652
STU_016019,74.47307747810285
STU_016020,92.17270130278338
STU_016021,100.0
STU_016022,67.92197552576735
STU_016023,100.0
STU_016024,76.25250758352566
STU_016025,91.19815613185482
STU_016026,58.897730357102894
STU_016027,63.81525300168272
STU_016028,70.31874976326894
STU_016029,75.04220991671542
STU_016030,94.6113510362744
STU_016031,93.00754612201652
STU_016032,90.24156257519866
STU_016033,89.71198540720088
STU_016034,84.91723189318836
STU_016035,68.5199571833502
STU_016036,100.0
STU_016037,79.51381598840771
STU_016038,72.39970692956156
STU_016039,71.75963271131307
STU_016040,89.97417280654587
STU_016041,91.36985419536516
STU_016042,80.18266836187885
STU_016043,84.54012282758448
STU_016044,88.93263419029304
STU_016045,84.53420249507985
STU_016046,63.706460411558766
STU_016047,89.46387630337341
STU_016048,68.86994164331026
STU_016049,76.67896671017901
STU_016050,68.84384987417593
STU_016051,79.81238952699756
STU_016052,89.52410676128348
STU_016053,78.95973314396353
STU_016054,67.80950675125511
STU_016055,80.2339511606492
STU_016056,74.33447927626791
STU_016057,77.78440277411431
STU_016058,78.65657596957094
STU_016059,73.947826035234
STU_016060,80.2988298976802
STU_016061,51.77962763638902
STU_016062,71.87450372686787
STU_016063,80.52572699153033
STU_016064,64.81472981132876
STU_016065,74.51690171232984
STU_016066,85.30823961805434
STU_016067,62.97017499679153
STU_016068,95.19805842639005
STU_016069,79.60937394378608
STU_016070,75.62303602273639
STU_016071,67.35181671185018
STU_016072,86.89757182115646
STU_016073,77.87114507556363
STU_016074,86.11782593852188
STU_016075,95.60209448038883
STU_016076,63.28601490881435
STU_016077,63.99106199670402
STU_016078,84.54005316223846
STU_016079,86.9579223875126
STU_016080,69.1007863628177
STU_016081,64.51962081899923
STU_016082,87.21485289328005
STU_016083,96.74772825005225
STU_016084,74.23789005622015
STU_016085,52.75117285800053
STU_016086,93.8995577013763
STU_016087,76.54224946368042
STU_016088,76.46643032734693
STU_016089,87.20878203154163
STU_016090,87.3658201836246
STU_016091,60.55582402499759
STU_016092,68.76527580261592
STU_016093,74.16919755005479
STU_016094,74.10990850897402
STU_016095,77.57777948093161
STU_016096,84.23377119605897
STU_016097,70.82218345222428
STU_016098,60.40019215940616
STU_016099,78.64425882867242
STU_016100,76.70512817182419
STU_016101,60.39655968997032
STU_016102,77.22047723594285
STU_016103,53.63871829228385
STU_016104,82.46789057663182
STU_016105,62.37465314321711
STU_016106,64.51442573704581
STU_016107,76.2145228986178
STU_016108,68.26159653850333
STU_016109,66.92641847156321
STU_016110,63.2209949238116
STU_016111,84.18056934289882
STU_016112,77.88001213886967
STU_016113,58.54129961310416
STU_016114,76.04304249882576
STU_016115,87.4294261436234
STU_016116,95.47580615163764
STU_016117,81.12314709843677
STU_016118,69.64657050251688
STU_016119,83.94640208821136
STU_016120,85.74949779389803
STU_016121,69.08743620918497
STU_016122,74.17406544098105
STU_016123,87.14772785835453
STU_016124,95.58557605770594
STU_016125,91.28659133169747
STU_016126,77.6710984719588
STU_016127,82.72154524866019
STU_016128,94.92845798106349
STU_016129,68.00305189466982
STU_016130,100.0
STU_016131,90.56955929407977
STU_016132,73.89626676633488
STU_016133,75.64432084027077
STU_016134,72.54860904418354
STU_016135,63.00546352766614
STU_016136,91.78716032248414
STU_016137,80.8688322585792
STU_016138,73.09475715599933
STU_016139,94.03711148419328
STU_016140,83.89362495127708
STU_016141,86.66788648316196
STU_016142,80.0602239765175
STU_016143,56.84345165552018
STU_016144,77.08902637635346
STU_016145,76.72646648983103
STU_016146,80.2042742527994
STU_016147,84.16953239614853
STU_016148,66.2555278187865
STU_016149,55.42375871066895
STU_016150,91.2574262319522
STU_016151,62.34998553028152
STU_016152,80.87972002629655
STU_016153,70.30962073664531
STU_016154,79.10199705815629
STU_016155,85.91527857771652
STU_016156,63.82764032784221
STU_016157,77.42152136240534
STU_016158,96.50727542351407
STU_016159,58.290026531068364
STU_016160,74.03976480306633
STU_016161,74.45623633182335
STU_016162,93.38711922466283
STU_016163,75.90638773796832
STU_016164,55.589999425125015
STU_016165,95.0665618284577
STU_016166,63.69677193741457
STU_016167,76.36532118386096
STU_016168,86.03676772211918
STU_016169,89.67728159919247
STU_016170,83.11518795082773
STU_016171,77.83121905165913
STU_016172,63.036705063544176
STU_016173,68.43491256996062
STU_016174,60.58275422994744
STU_016175,85.65145871043597
STU_016176,78.34972076824644
STU_016177,87.80925967405486
STU_016178,82.24147675575193
STU_016179,78.56925033704627
STU_016180,57.79936265467795
STU_016181,89.35766127135338
STU_016182,53.38845930318965
STU_016183,80.38073578427287
STU_016184,73.75528591874419
STU_016185,99.57347855480953
STU_016186,51.52048304964816
STU_016187,90.27254608600843
STU_016188,79.59341344160197
STU_016189,81.7908245683801
STU_016190,85.30594006518601
STU_016191,52.935543970658415
STU_016192,59.61571006174371
STU_016193,80.58570870586958
STU_016194,86.22477525695005
STU_016195,84.65011294548958
STU_016196,58.338021963490945
STU_016197,94.44268303303856
STU_016198,74.40833576606923
STU_016199,78.29757737747477
STU_016200,67.5984306685022
STU_016201,68.01208867821155
STU_016202,66.16007603617493
STU_016203,70.36181588274766
STU_016204,65.65204440472894
STU_016205,54.02967915042317
STU_016206,71.60266191085142
STU_016207,51.671300388254195
STU_016208,71.96933813113802
STU_016209,68.3616082422945
STU_016210,61.87920810345868
STU_016211,70.004588679133
STU_016212,68.83873492240048
STU_016213,91.47571836846922
STU_016214,60.26768940687383
STU_016215,73.31181951020884
STU_016216,61.66181826709996
STU_016217,71.0660128004195
STU_016218,98.76073999698036
STU_016219,85.33894278844814
STU_016220,86.33248089484815
STU_016221,66.21433825744577
STU_016222,67.05949967527113
STU_016223,64.23942488826005
STU_016224,96.34403089026486
STU_016225,78.63252882855616
STU_016226,82.03635917876127
STU_016227,78.5834707622356
STU_016228,70.71357873533324
STU_016229,63.307384135691024
STU_016230,65.39328032009288
STU_016231,91.80984200451256
STU_016232,96.98062379277326
STU_016233,57.567545446044775
STU_016234,84.36425294129712
STU_016235,61.13508056281647
STU_016236,73.34138874203914
STU_016237,70.28444713312793
STU_016238,89.24347285179805
STU_016239,62.5285387319961
STU_016240,92.17776535877317
STU_016241,88.5298898744071
STU_016242,74.12355297664972
STU_016243,81.19149243952387
STU_016244,80.49518242107405
STU_016245,73.24286332064081
STU_016246,71.50100895876196
STU_016247,71.7899796622912
STU_016248,75.03036541893152
STU_016249,69.57041214965754
STU_016250,88.80706990871394
STU_016251,53.08744417170023
STU_016252,85.19371840261785
STU_016253,84.29578355758694
STU_016254,83.1021285241916
STU_016255,73.91764466091806
STU_016256,44.66987801450527
STU_016257,83.3575653982024
STU_016258,82.26126221036621
STU_016259,74.53375274246858
STU_016260,74.74290612091028
STU_016261,92.29445960201096
STU_016262,78.88549666209293
STU_016263,57.3833276043989
STU_016264,50.14707585704774
STU_016265,94.79588144824132
STU_016266,84.90930064342166
STU_016267,74.97925128866896
STU_016268,83.41826508150024
STU_016269,93.97710945622543
STU_016270,71.53378129357714
STU_016271,70.66287251631067
STU_016272,84.20238688581378
STU_016273,75.4882608654944
STU_016274,58.810156615894265
STU_016275,74.95738848275455
STU_016276,56.99484885506162
STU_016277,86.65356719827385
STU_016278,80.1113671655676
STU_016279,81.16203761169938
STU_016280,80.5303261121355
STU_016281,79.07257831412011
STU_016282,72.35067991110103
STU_016283,65.35011671191246
STU_016284,86.45397032829807
STU_016285,64.77373634719078
STU_016286,58.158520511130014
STU_016287,80.97966271967601
STU_016288,87.34485585094032
STU_016289,80.7768027252015
STU_016290,62.85095646347803
STU_016291,77.12607191740425
STU_016292,74.65032868634434
STU_016293,80.29267174516136
STU_016294,69.86657192956768
STU_016295,85.92192122692197
STU_016296,73.3403086686072
STU_016297,83.78017571237089
STU_016298,51.00653065348877
STU_016299,68.82940706922616
STU_016300,65.95910519680861
STU_016301,57.477236368519705
STU_016302,70.98543812312452
STU_016303,76.99239113097497
STU_016304,78.69536174642806
STU_016305,90.52860295365886
STU_016306,80.45362981521868
STU_016307,72.00745259354765
STU_016308,66.16325894546641
STU_016309,89.84930404424298
STU_016310,80.69258289725214
STU_016311,62.513552469343466
STU_016312,64.46585744275032
STU_016313,98.62105636000754
STU_016314,87.459437588783
STU_016315,63.531741069093584
STU_016316,92.26828706314542
STU_016317,83.02092145272563
STU_016318,74.1550794293451
STU_016319,68.31437575680467
STU_016320,62.48587541144708
STU_016321,67.68220190834519
STU_016322,94.58585616253617
STU_016323,71.96049585886729
STU_016324,53.58752309845881
STU_016325,77.94069410079676
STU_016326,73.64778048471935
STU_016327,83.04302763047897
STU_016328,70.33940833226717
STU_016329,68.82447996321308
STU_016330,70.43473495391402
STU_016331,78.37689738120318
STU_016332,85.44397896778352
STU_016333,89.4726532518672
STU_016334,64.93800130711557
STU_016335,73.98441767722143
STU_016336,64.92599475065963
STU_016337,66.06307738653746
STU_016338,75.47324525331396
STU_016339,80.65570775469374
STU_016340,84.49950450177718
STU_016341,79.36648753601192
STU_016342,74.06977914005903
STU_016343,73.0283571966261
STU_016344,86.61400167382881
STU_016345,87.46681786948366
STU_016346,78.6174426217352
STU_016347,51.84358361325292
STU_016348,65.41496366939565
STU_016349,85.55369637272709
STU_016350,63.111299264754706
STU_016351,71.41995316391593
STU_016352,76.8082073451093
STU_016353,73.7634020778755
STU_016354,49.5450991271624
STU_016355,75.73512408087551
STU_016356,72.93762268180619
STU_016357,64.04809491237464
STU_016358,78.15143386069983
STU_016359,87.72243793990624
STU_016360,76.69767929251773
STU_016361,76.026286550766
STU_016362,74.64954724004868
STU_016363,69.27439700724116
STU_016364,71.21013393813978
STU_016365,77.51568490216533
STU_016366,69.63738706909315
STU_016367,77.783291454557
STU_016368,55.601187055072515
STU_016369,69.43176658802388
STU_016370,42.32122775355428
STU_016371,64.61516912693143
STU_016372,90.01519758433976
STU_016373,84.9510115522896
STU_016374,70.2473722545887
STU_016375,79.51361966354654
STU_016376,88.19424759789294
STU_016377,57.542837728634574
STU_016378,85.40118526985171
STU_016379,68.20383761053557
STU_016380,89.16510399836694
STU_016381,64.35367663025961
STU_016382,77.07409491593677
STU_016383,58.806720425056376
STU_016384,90.30245817766486
STU_016385,88.91579028880774
STU_016386,74.29086987556946
STU_016387,68.83456051556476
STU_016388,61.472792122612724
STU_016389,75.5082518236982
STU_016390,80.31911969113014
STU_016391,99.5866180882052
STU_016392,84.64799016931624
STU_016393,78.726438365716
STU_016394,96.63795876215443
STU_016395,61.800392325488055
STU_016396,87.96663310648148
STU_016397,68.20608820701177
STU_016398,63.970218730271
STU_016399,70.23606044494578
STU_016400,84.75036135252216
STU_016401,72.71601909122249
STU_016402,95.25921280914186
STU_016403,64.66572137182415
STU_016404,70.27865232756675
STU_016405,68.29516907938878
STU_016406,67.39286523968009
STU_016407,91.7227958817298
STU_016408,88.763937735725
STU_016409,54.79329002445664
STU_016410,60.754129877255664
STU_016411,53.65830279407653
STU_016412,50.87069772226454
STU_016413,73.64404575075555
STU_016414,83.49127657421934
STU_016415,84.31490936581751
STU_016416,80.57604047945838
STU_016417,76.78362374130637
STU_016418,100.0
STU_016419,74.28639330158256
STU_016420,66.8107337026275
STU_016421,64.26345245263622
STU_016422,61.21204485423479
STU_016423,98.17389783463645
STU_016424,67.57156651707169
STU_016425,81.47815780830314
STU_016426,75.54093701592852
STU_016427,78.45090758642682
STU_016428,96.75570867092925
STU_016429,76.66385788291755
STU_016430,86.31858782571837
STU_016431,92.86930206365312
STU_016432,54.78115190145381
STU_016433,60.20136219069428
STU_016434,58.81940384229503
STU_016435,77.52109812056075
STU_016436,93.77601579199398
STU_016437,77.02310465691252
STU_016438,79.7676160871969
STU_016439,76.2616681317087
STU_016440,66.99997854484984
STU_016441,91.63210861456726
STU_016442,90.90915810075734
STU_016443,73.2971203484932
STU_016444,79.01108378804702
STU_016445,81.2852451170892
STU_016446,68.56342727365517
STU_016447,64.74978474910198
STU_016448,71.55779825565942
STU_016449,78.52798120853491
STU_016450,70.01440860666847
STU_016451,86.0776405086732
STU_016452,87.16146055074016
STU_016453,67.04183342628863
STU_016454,70.26786656898219
STU_016455,48.022600964773936
STU_016456,70.54649442700943
STU_016457,90.01292569015305
STU_016458,76.68065935551662
STU_016459,75.72479536170513
STU_016460,80.10131769346737
STU_016461,59.40294949492423
STU_016462,85.13096331216423
STU_016463,77.3435568408709
STU_016464,78.62565325625714
STU_016465,82.155220105229
STU_016466,71.29827606517937
STU_016467,80.42853251496952
STU_016468,63.951186889192996
STU_016469,57.16146373706478
STU_016470,77.84971979136182
STU_016471,57.09883310191728
STU_016472,73.05945180422182
STU_016473,75.71682808642524
STU_016474,68.58644636980813
STU_016475,98.54171426576686
STU_016476,92.52595512571472
STU_016477,91.68557810097761
STU_016478,88.27843916600925
STU_016479,64.95476890593577
STU_016480,71.73123997099201
STU_016481,75.0442584269903
STU_016482,66.01145919495846
STU_016483,86.8579373685324
STU_016484,68.39895598526269
STU_016485,74.97226904174477
STU_016486,85.81688920441832
STU_016487,70.37754722818448
STU_016488,80.78591121210283
STU_016489,92.96788491733412
STU_016490,69.62734759041236
STU_016491,86.08956524307621
STU_016492,89.24370854071175
STU_016493,90.36661533227299
STU_016494,76.26507800659724
STU_016495,51.471205000221694
STU_016496,85.55113223428597
STU_016497,45.11744282942618
STU_016498,66.63083300797223
STU_016499,74.59066115854672
STU_016500,70.30535092481793
STU_016501,71.92412681423431
STU_016502,76.78055193031919
STU_016503,62.558605598104535
STU_016504,78.88329253970385
STU_016505,95.09043232167346
STU_016506,74.8288552382685
STU_016507,68.33235817503206
STU_016508,88.6986921150558
STU_016509,40.18005073850803
STU_016510,73.70392267724687
STU_016511,67.65799607635674
STU_016512,71.61645392165335
STU_016513,54.60470017585985
STU_016514,89.16915845375942
STU_016515,63.3702555334322
STU_016516,60.769161715062076
STU_016517,78.65900090324567
STU_016518,81.80153307883059
STU_016519,82.24921593049712
STU_016520,58.71564940189751
STU_016521,98.80166011822487
STU_016522,54.21419043350504
STU_016523,70.81159297963147
STU_016524,73.79160098689974
STU_016525,47.75764314743542
STU_016526,100.0
STU_016527,58.02968278080483
STU_016528,70.62809828978334
STU_016529,70.13690183134358
STU_016530,82.02854616427683
STU_016531,93.80047835202019
STU_016532,100.0
STU_016533,76.71008614952714
STU_016534,87.45903715542252
STU_016535,66.87667507266761
STU_016536,83.0013707760882
STU_016537,82.42916452225441
STU_016538,58.77400236086845
STU_016539,75.86654606812611
STU_016540,80.127666423069
STU_016541,99.134188074291
STU_016542,59.65865230266489
STU_016543,60.15937311836841
STU_016544,87.33059292064348
STU_016545,89.09182220792604
STU_016546,66.69162458672879
STU_016547,100.0
STU_016548,97.37219722368997
STU_016549,85.2311853082744
STU_016550,70.29389221554536
STU_016551,79.75963725293835
STU_016552,83.86879471154674
STU_016553,70.51354105354886
STU_016554,87.30037888860213
STU_016555,69.3271511916335
STU_016556,77.40931988892552
STU_016557,71.03619840705278
STU_016558,73.425874517511
STU_016559,80.11020599249795
STU_016560,62.79579612708709
STU_016561,82.21844933359901
STU_016562,79.77873681440201
STU_016563,75.39045337538685
STU_016564,69.8415441935205
STU_016565,76.0998806189851
STU_016566,85.11590698485483
STU_016567,73.36599011485379
STU_016568,73.84495425070097
STU_016569,55.319228198633766
STU_016570,70.33759824879566
STU_016571,91.69432804389355
STU_016572,58.89557187774473
STU_016573,56.71232600851535
STU_016574,96.87326893208115
STU_016575,68.54195479177133
STU_016576,80.77735692196288
STU_016577,87.86904193976963
STU_016578,86.85080908924141
STU_016579,88.65010802380141
STU_016580,84.54583867928656
STU_016581,93.90862823071589
STU_016582,68.81097732825573
STU_016583,85.61937655714954
STU_016584,96.25776627651308
STU_016585,88.88030952128935
STU_016586,78.25561343705525
STU_016587,76.06439097277222
STU_016588,72.25196371409035
STU_016589,68.80486880605652
STU_016590,75.47910377569347
STU_016591,57.19240574704082
STU_016592,76.50426915056872
STU_016593,83.01871986890079
STU_016594,46.06440604528473
STU_016595,71.36853754858076
STU_016596,87.48372641237063
STU_016597,55.46797909130848
STU_016598,83.91734320749049
STU_016599,47.322344896528726
STU_016600,51.432837159805686
STU_016601,75.73262768575168
STU_016602,56.410481216996786
STU_016603,51.88370421055925
STU_016604,82.02748398206785
STU_016605,91.61872927174512
STU_016606,72.04116296291232
STU_016607,41.104406068487165
STU_016608,84.25128068273324
STU_016609,77.2473813745642
STU_016610,84.3789234689155
STU_016611,60.12429444687751
STU_016612,94.64434310932782
STU_016613,81.23984837936314
STU_016614,71.28364010972687
STU_016615,95.38352553161249
STU_016616,86.24538347702368
STU_016617,88.10256452911241
STU_016618,75.52246143954405
STU_016619,91.82526068732776
STU_016620,58.54182310548136
STU_016621,83.45743895296125
STU_016622,77.25686980055968
STU_016623,76.17005142210591
STU_016624,94.83061263342023
STU_016625,82.08101491348773
STU_016626,63.99640815232134
STU_016627,97.6704600507629
STU_016628,88.05958861548676
STU_016629,52.674089140169144
STU_016630,68.77259582026069
STU_016631,67.89639963927536
STU_016632,62.710857414260765
STU_016633,75.68558271848197
STU_016634,65.8678864822231
STU_016635,89.8888648483816
STU_016636,82.87229546339648
STU_016637,64.82682558020035
STU_016638,69.00332900348639
STU_016639,62.2332269920128
STU_016640,99.20335127970775
STU_016641,80.80058053047101
STU_016642,57.076551065071
STU_016643,70.38069249814465
STU_016644,75.20280075950178
STU_016645,80.98052012020949
STU_016646,81.87632912884357
STU_016647,69.17729510273814
STU_016648,76.03303457539617
STU_016649,85.11883715573407
STU_016650,89.48326742919988
STU_016651,82.70238685603945
STU_016652,86.74357677419343
STU_016653,81.43453137061653
STU_016654,92.52343325662177
STU_016655,73.5154711578179
STU_016656,82.81785047330551
STU_016657,81.78231671149183
STU_016658,89.34892050139165
STU_016659,78.41607157404232
STU_016660,90.50969979027695
STU_016661,68.48323418450522
STU_016662,68.20679466082339
STU_016663,86.25411334627313
STU_016664,71.85009533564869
STU_016665,77.3067965579604
STU_016666,71.15999448973989
STU_016667,69.70078119074601
STU_016668,95.05667354246322
STU_016669,69.18580331957541
STU_016670,82.6951333897745
STU_016671,95.56297442291824
STU_016672,85.20422019417404
STU_016673,65.2168158818419
STU_016674,79.19859131712991
STU_016675,68.24382361526439
STU_016676,100.0
STU_016677,93.75957095037288
STU_016678,91.40252330144011
STU_016679,93.46041778933505
STU_016680,62.84900590898842
STU_016681,94.00326827784554
STU_016682,82.99108871341207
STU_016683,71.36064975234602
STU_016684,66.86387503814709
STU_016685,77.80543010748934
STU_016686,74.2540132837622
STU_016687,95.28524316619239
STU_016688,59.30569213373525
STU_016689,73.04060689774926
STU_016690,58.5351868618709
STU_016691,78.46857460240592
STU_016692,76.80970496259516
STU_016693,70.50806175868219
STU_016694,87.95104238040472
STU_016695,76.7362538881408
STU_016696,75.68983035855918
STU_016697,71.33860752366536
STU_016698,80.9290988151312
STU_016699,61.878192602954975
STU_016700,69.70623542112548
STU_016701,77.75246016882632
STU_016702,81.02700471620632
STU_016703,89.51201633905461
STU_016704,81.48885086672375
STU_016705,85.1976959950198
STU_016706,72.93665459350977
STU_016707,79.59279981165305
STU_016708,86.30191424446184
STU_016709,47.705748872051025
STU_016710,77.25884799555047
STU_016711,61.86794207561478
STU_016712,48.33105339526401
STU_016713,92.13444714292376
STU_016714,93.3896044494316
STU_016715,65.56010907470326
STU_016716,66.03527234373071
STU_016717,88.52383728421441
STU_016718,53.46381061516843
STU_016719,88.71854803702988
STU_016720,91.36346734503717
STU_016721,78.2638512095669
STU_016722,75.72070758387737
STU_016723,73.14707555445764
STU_016724,78.21411009477833
STU_016725,68.77174506798171
STU_016726,58.51207060446879
STU_016727,71.05235718106584
STU_016728,58.83192285299832
STU_016729,80.40435715849678
STU_016730,83.99169372017185
STU_016731,68.40485634084543
STU_016732,84.14947604301881
STU_016733,86.73440142953534
STU_016734,57.28626763876646
STU_016735,82.36220579172954
STU_016736,58.8342284643151
STU_016737,69.76624314164407
STU_016738,72.8300642133656
STU_016739,83.93928777856938
STU_016740,71.70619928618913
STU_016741,81.76331114007776
STU_016742,91.2780410584304
STU_016743,75.08769386634854
STU_016744,60.3901816937441
STU_016745,65.91443719414019
STU_016746,55.501659679785845
STU_016747,82.36810199626737
STU_016748,81.90489624170021
STU_016749,54.18780260059882
STU_016750,89.56591657682861
STU_016751,84.90927879493077
STU_016752,59.39891515059304
STU_016753,76.94081790076442
STU_016754,100.0
STU_016755,73.1358892648598
STU_016756,79.10751618695272
STU_016757,85.10331268188918
STU_016758,57.53727373643082
STU_016759,95.85405666696114
STU_016760,70.81343272212305
STU_016761,78.83684505224727
STU_016762,73.53954181505232
STU_016763,81.37169481429345
STU_016764,66.7832765582719
STU_016765,85.10293330778501
STU_016766,91.0644767600676
STU_016767,84.18958776648998
STU_016768,87.53596103940919
STU_016769,50.236937421701754
STU_016770,56.82174172228228
STU_016771,62.67274694470959
STU_016772,94.29521537031597
STU_016773,71.67390635370339
STU_016774,79.69032571004381
STU_016775,71.38946866967092
STU_016776,93.43542770647305
STU_016777,50.505324715668934
STU_016778,78.77449267341233
STU_016779,72.15225923641783
STU_016780,80.73349792949838
STU_016781,47.71080882791283
STU_016782,83.56948818839564
STU_016783,70.87472253679071
STU_016784,95.96816013486118
STU_016785,91.97520859709682
STU_016786,71.12634935770369
STU_016787,66.78656569792656
STU_016788,91.97374245241754
STU_016789,76.19815846839182
STU_016790,82.47387612053504
STU_016791,67.98788331388336
STU_016792,70.87561128380909
STU_016793,81.4574008487534
STU_016794,79.99552213956807
STU_016795,75.51334343629458
STU_016796,86.37027466560677
STU_016797,66.43862729232777
STU_016798,71.88037072589216
STU_016799,90.38850515703736
STU_016800,64.51770418395984
STU_016801,61.01889123128538
STU_016802,66.82278683239859
STU_016803,88.24967584073565
STU_016804,89.53947936373596
STU_016805,58.34416020978322
STU_016806,80.33819392860856
STU_016807,75.39540635823332
STU_016808,84.7616285747425
STU_016809,84.25076720725401
STU_016810,48.68031461627219
STU_016811,75.46442762684096
STU_016812,69.79078014469235
STU_016813,76.98879606434343
STU_016814,89.32586039301417
STU_016815,67.9029028151889
STU_016816,70.54757397381121
STU_016817,97.83572404567738
STU_016818,55.945338350386656
STU_016819,87.35608563506273
STU_016820,80.51337181091728
STU_016821,79.76764501886385
STU_016822,75.34975191494529
STU_016823,100.0
STU_016824,83.74740924642704
STU_016825,80.9930593543948
STU_016826,70.66421994374521
STU_016827,77.8492489192803
STU_016828,71.18121042379222
STU_016829,78.39021555568314
STU_016830,78.75025767085184
STU_016831,84.85185942557527
STU_016832,68.3283358119344
STU_016833,62.76225939365359
STU_016834,85.36691850803614
STU_016835,77.96781059600825
STU_016836,86.6491650542144
STU_016837,95.10556245114094
STU_016838,90.13614387149576
STU_016839,69.3131781217508
STU_016840,80.81894833492304
STU_016841,92.54135177243592
STU_016842,73.89923031393052
STU_016843,68.3169611138053
STU_016844,83.18156968921863
STU_016845,69.94615756630031
STU_016846,69.5988767931481
STU_016847,75.13311005550766
STU_016848,62.37993881697819
STU_016849,71.5044931228636
STU_016850,73.92067463612231
STU_016851,71.4409281350839
STU_016852,88.36323140525585
STU_016853,85.2091716872726
STU_016854,85.99448251970298
STU_016855,80.61388417057843
STU_016856,95.54232975065814
STU_016857,70.30923265332434
STU_016858,55.15931742217448
STU_016859,100.0
STU_016860,97.46466698734642
STU_016861,78.81313238816143
STU_016862,91.3905139052022
STU_016863,97.59254157524259
STU_016864,51.52026190875549
STU_016865,85.66974324512039
STU_016866,68.92950245049856
STU_016867,90.51236758730369
STU_016868,73.72862128510411
STU_016869,89.27976760947911
STU_016870,64.83870252522054
STU_016871,61.57306520874074
STU_016872,79.46632859800447
STU_016873,94.15381732579127
STU_016874,71.97775643972155
STU_016875,82.70071755815965
STU_016876,58.030592945688866
STU_016877,100.0
STU_016878,61.30406238875303
STU_016879,93.05756700409067
STU_016880,88.36148781168423
STU_016881,66.44184031055208
STU_016882,74.4381377608507
STU_016883,89.25998363827622
STU_016884,71.57874543143564
STU_016885,91.61684590099824
STU_016886,84.72191891902175
STU_016887,67.25022079619916
STU_016888,86.97246206490462
STU_016889,75.6685785752432
STU_016890,71.6540900164505
STU_016891,66.86376956353627
STU_016892,82.97061908483113
STU_016893,63.553581617727176
STU_016894,83.05850107719738
STU_016895,71.68469815730384
STU_016896,65.8927944380831
STU_016897,55.50563299111945
STU_016898,96.42739814595254
STU_016899,81.12602747868674
STU_016900,94.44755722401052
STU_016901,77.3908071486226
STU_016902,91.8596225795337
STU_016903,78.4772986994454
STU_016904,86.8010995813418
STU_016905,83.80425734541632
STU_016906,73.22791486096182
STU_016907,87.19658242858597
STU_016908,68.11521195001926
STU_016909,87.9569685502043
STU_016910,74.59131532378687
STU_016911,72.57394693133911
STU_016912,70.45969714139365
STU_016913,58.867708737337594
STU_016914,90.55780674351709
STU_016915,87.57217615675972
STU_016916,75.44743669196974
STU_016917,83.05056722657575
STU_016918,49.915415891951426
STU_016919,70.04861330200463
STU_016920,72.79870070713727
STU_016921,76.41176085407686
STU_016922,71.41220864493238
STU_016923,90.73282580569989
STU_016924,54.05110728605022
STU_016925,80.67923709668827
STU_016926,71.82199645811127
STU_016927,62.18995034403868
STU_016928,72.68799601311655
STU_016929,67.30608748871593
STU_016930,93.23650918509352
STU_016931,46.30957784734308
STU_016932,83.61037040019754
STU_016933,86.04808916475503
STU_016934,64.79748836518748
STU_016935,73.09217666940205
STU_016936,61.1251950436061
STU_016937,69.44124064037314
STU_016938,87.33205184071527
STU_016939,92.99069652486222
STU_016940,86.38459048203217
STU_016941,62.59844318079537
STU_016942,76.6519885215341
STU_016943,76.28202124662104
STU_016944,78.42998976500408
STU_016945,90.80869804812707
STU_016946,80.8857446509798
STU_016947,74.60646008649248
STU_016948,73.46934536461056
STU_016949,62.120157670784636
STU_016950,67.64950830765345
STU_016951,97.05697616457104
STU_016952,60.615102302462645
STU_016953,65.64103105029308
STU_016954,69.0996360303571
STU_016955,87.09946047156151
STU_016956,90.80214779888644
STU_016957,67.43102708134597
STU_016958,75.45192367866215
STU_016959,94.8011454632992
STU_016960,82.58592715536349
STU_016961,67.35574624713895
STU_016962,74.83555248614269
STU_016963,95.62870300514953
STU_016964,91.04869105490059
STU_016965,92.75530108950306
STU_016966,79.366766705349
STU_016967,90.81080816081737
STU_016968,95.7295482356179
STU_016969,63.31984710486623
STU_016970,76.25149728688385
STU_016971,63.09481603431221
STU_016972,95.4898899752467
STU_016973,73.24687399458207
STU_016974,77.79326664537219
STU_016975,63.69559294476933
STU_016976,70.73303831984671
STU_016977,86.14001198455452
STU_016978,68.83978441586463
STU_016979,57.08191352310081
STU_016980,84.83716638241826
STU_016981,64.82556793587597
STU_016982,76.42417327535968
STU_016983,66.30868943315762
STU_016984,64.07211284751932
STU_016985,99.06497743403415
STU_016986,86.49007603325867
STU_016987,82.508641982601
STU_016988,73.80752177678448
STU_016989,89.84373100438411
STU_016990,76.72448129863571
STU_016991,64.18545454066953
STU_016992,82.47685333874573
STU_016993,75.77199553611074
STU_016994,64.79721027126732
STU_016995,65.71946900048398
STU_016996,91.16737947792748
STU_016997,83.75825077278495
STU_016998,91.11651019966895
STU_016999,96.7933143816638
STU_017000,88.57077589497602
STU_017001,83.13700584525402
STU_017002,96.84958084731903
STU_017003,94.44119926688745
STU_017004,67.29571809804597
STU_017005,80.6292132602309
STU_017006,83.54537157416013
STU_017007,71.54533523144705
STU_017008,78.9202969597748
STU_017009,82.52933251012927
STU_017010,73.24331669168468
STU_017011,52.26607244095657
STU_017012,58.55652289569224
STU_017013,97.8027284148051
STU_017014,79.5777820924747
STU_017015,81.16689635765371
STU_017016,88.44184142703327
STU_017017,65.86203660198889
STU_017018,76.450287552465
STU_017019,57.652254138752326
STU_017020,71.33656289547571
STU_017021,81.44526513104685
STU_017022,70.09046828539
STU_017023,61.11696684117568
STU_017024,58.96034854856474
STU_017025,63.44468438995481
STU_017026,80.69655647585807
STU_017027,82.25398300379263
STU_017028,72.44924960598378
STU_017029,86.9988044568664
STU_017030,89.15552777245753
STU_017031,55.6185902767117
STU_017032,93.6840861881518
STU_017033,86.47727952678173
STU_017034,76.3590009506737
STU_017035,74.24839699856797
STU_017036,87.09825624773543
STU_017037,92.03867603765238
STU_017038,97.33945472928336
STU_017039,87.46856811960092
STU_017040,99.66927691201874
STU_017041,61.86988568847314
STU_017042,84.18804981354361
STU_017043,77.52659731280079
STU_017044,95.10938557723509
STU_017045,86.49536312624116
STU_017046,80.71871647703125
STU_017047,95.67521104537718
STU_017048,69.93742244618765
STU_017049,83.77162221776047
STU_017050,71.33585553753106
STU_017051,79.29663510480755
STU_017052,92.60403690198103
STU_017053,82.44826886761703
STU_017054,92.08436584146172
STU_017055,82.97879342205009
STU_017056,79.00830827688634
STU_017057,95.43565837415937
STU_017058,81.52585848063481
STU_017059,61.95028963675482
STU_017060,66.8269865285035
STU_017061,91.02506547731389
STU_017062,61.24222998595367
STU_017063,77.07483383834244
STU_017064,69.38043526761408
STU_017065,90.39014099840314
STU_017066,63.25807269002783
STU_017067,92.03239760288257
STU_017068,66.91296407564815
STU_017069,80.40748218535153
STU_017070,80.92087441791739
STU_017071,78.25269060996048
STU_017072,72.23141907987656
STU_017073,91.77319123431543
STU_017074,86.16024426415612
STU_017075,91.21750824242899
STU_017076,56.12370298757683
STU_017077,86.82222252271269
STU_017078,68.27818154486306
STU_017079,63.17072230272055
STU_017080,54.7419789080953
STU_017081,70.55440238746968
STU_017082,81.81141194556982
STU_017083,68.073869923746
STU_017084,51.565227175591815
STU_017085,64.73803255781995
STU_017086,89.36547715998813
STU_017087,69.89978722159125
STU_017088,90.39011505360321
STU_017089,66.00118406697705
STU_017090,86.74245985575786
STU_017091,67.23180130975143
STU_017092,83.50148262558477
STU_017093,53.277472333440784
STU_017094,80.45035820046179
STU_017095,51.96676545650301
STU_017096,61.71873437976156
STU_017097,61.8665228209056
STU_017098,47.993555391403646
STU_017099,75.03059062340151
STU_017100,81.83662004083843
STU_017101,77.63538238992757
STU_017102,83.45025008427388
STU_017103,78.24824684400693
STU_017104,85.94281892203009
STU_017105,69.2556285949052
STU_017106,64.01818403225253
STU_017107,49.508952525938874
STU_017108,82.48820665973437
STU_017109,71.7911411385468
STU_017110,72.03600850898343
STU_017111,83.70465615154095
STU_017112,88.38093045546788
STU_017113,62.469565793420756
STU_017114,75.18533840617981
STU_017115,83.65957718863078
STU_017116,95.33814779717542
STU_017117,48.828932002344324
STU_017118,85.0524614606484
STU_017119,84.78486592244901
STU_017120,86.3033022468845
STU_017121,72.69291376712938
STU_017122,96.32375714404145
STU_017123,68.59447087146884
STU_017124,74.58920421299787
STU_017125,72.72413148980596
STU_017126,80.72961168338298
STU_017127,59.09121772511145
STU_017128,75.34898322143171
STU_017129,61.21782712080176
STU_017130,72.70079245545132
STU_017131,68.10992706124071
STU_017132,74.99799850306849
STU_017133,77.60153569677252
STU_017134,93.63363962112305
STU_017135,61.78761495887851
STU_017136,84.12187938629762
STU_017137,64.4050845376833
STU_017138,78.639512387554
STU_017139,90.1754649960985
STU_017140,76.92965988774041
STU_017141,86.41797857847067
STU_017142,92.71438279970597
STU_017143,51.62224254267403
STU_017144,91.97059633728593
STU_017145,89.1849174069648
STU_017146,96.50766965506713
STU_017147,100.0
STU_017148,76.07656336079489
STU_017149,72.85207275351314
STU_017150,61.20575674037889
STU_017151,72.90383134319738
STU_017152,74.06069022046938
STU_017153,77.27558424206944
STU_017154,77.31706931169853
STU_017155,57.220351610474026
STU_017156,56.75243913728771
STU_017157,74.77863340585756
STU_017158,84.42246656356693
STU_017159,63.67955707127722
STU_017160,58.5809220192075
STU_017161,79.152279278325
STU_017162,75.79440167067388
STU_017163,78.02395612000646
STU_017164,92.27600564874409
STU_017165,68.56658296464354
STU_017166,72.53645702850307
STU_017167,64.81676639223183
STU_017168,79.37377938152856
STU_017169,84.92442059306565
STU_017170,87.75492956738623
STU_017171,92.3543425477355
STU_017172,76.33051924378503
STU_017173,56.50027757772388
STU_017174,62.59658495103907
STU_017175,99.5324865271605
STU_017176,83.06594190948768
STU_017177,73.54901272168674
STU_017178,84.87812189278887
STU_017179,80.41305429930136
STU_017180,74.1876532361024
STU_017181,85.79946975664582
STU_017182,69.12692220706585
STU_017183,95.66565291076785
STU_017184,86.4789150649726
STU_017185,95.36699507473459
STU_017186,67.95969956055495
STU_017187,87.7484130222852
STU_017188,78.01419882559699
STU_017189,54.203796569261115
STU_017190,85.86027379995605
STU_017191,68.68262293012397
STU_017192,65.71658559388706
STU_017193,51.76166186992488
STU_017194,84.47599162404315
STU_017195,68.06621222884671
STU_017196,79.92017474764654
STU_017197,78.22840050013514
STU_017198,75.70604503623431
STU_017199,75.61732055796607
STU_017200,66.89583807252278
STU_017201,68.0629159514753
STU_017202,87.56619224739501
STU_017203,76.40435426014317
STU_017204,65.62106660909863
STU_017205,90.78382875569164
STU_017206,77.0848268237887
STU_017207,92.13721872299894
STU_017208,63.543042963696955
STU_017209,59.01820091552129
STU_017210,36.492782799611845
STU_017211,85.98813635294681
STU_017212,91.31615067153888
STU_017213,93.93104956442482
STU_017214,83.63011515226665
STU_017215,64.00649560174247
STU_017216,57.06975731041186
STU_017217,100.0
STU_017218,74.20738178103811
STU_017219,91.77609577593381
STU_017220,79.4594782176333
STU_017221,70.4954154621875
STU_017222,64.31514119849972
STU_017223,74.48077536511083
STU_017224,86.5288610047891
STU_017225,87.81446745984628
STU_017226,78.90904212093336
STU_017227,72.23877005316682
STU_017228,84.41292891091496
STU_017229,69.5842328122935
STU_017230,92.15333339004806
STU_017231,64.51588696980953
STU_017232,70.92014586497525
STU_017233,73.67755447046636
STU_017234,88.83445745392714
STU_017235,81.63523385973386
STU_017236,61.93427809796867
STU_017237,93.07316907935093
STU_017238,82.37135237630747
STU_017239,53.19415932985041
STU_017240,92.57851428508337
STU_017241,72.6018930819787
STU_017242,46.41537291465765
STU_017243,81.48907170011579
STU_017244,73.69895002214932
STU_017245,89.08987703593836
STU_017246,85.31191157844839
STU_017247,58.84803893552727
STU_017248,63.42328537201288
STU_017249,66.09731682137051
STU_017250,59.528805810264046
STU_017251,88.10708326497566
STU_017252,57.14530076220706
STU_017253,86.15077645697099
STU_017254,47.82234477146653
STU_017255,57.40115988979856
STU_017256,47.55283676974071
STU_017257,80.92261278339714
STU_017258,75.89900397998245
STU_017259,69.90188101091827
STU_017260,69.11642699708219
STU_017261,59.75279748545316
STU_017262,73.01788827780827
STU_017263,77.85142097422947
STU_017264,68.59583881089004
STU_017265,91.05050678553643
STU_017266,54.13526547370221
STU_017267,70.34251341819338
STU_017268,75.25748803582735
STU_017269,68.141153709095
STU_017270,82.05175059942877
STU_017271,80.52428501600232
STU_017272,55.71596248859298
STU_017273,85.54311879257716
STU_017274,85.70582252905245
STU_017275,68.41671484479569
STU_017276,55.577180827611194
STU_017277,79.17705704127796
STU_017278,89.97147462100595
STU_017279,73.96706035309865
STU_017280,81.7071282791203
STU_017281,68.86298640361663
STU_017282,76.75431023395673
STU_017283,80.92780982526453
STU_017284,86.63667353096587
STU_017285,84.93435955587498
STU_017286,75.23568767221244
STU_017287,66.28903829926328
STU_017288,58.75280360437987
STU_017289,76.36809877279762
STU_017290,88.24885021179504
STU_017291,83.62164366629074
STU_017292,65.55925279620888
STU_017293,72.35096742424949
STU_017294,63.821253515492536
STU_017295,75.01400529340032
STU_017296,74.62196971898933
STU_017297,96.91823938739456
STU_017298,70.28441693152467
STU_017299,72.40273148906127
STU_017300,58.72398334080124
STU_017301,61.98024211408844
STU_017302,73.79551452145793
STU_017303,90.77151455378484
STU_017304,87.19276552081868
STU_017305,77.45155233730414
STU_017306,81.24055851710574
STU_017307,96.13131033570787
STU_017308,91.91599340883357
STU_017309,93.00740648904079
STU_017310,66.53751763770636
STU_017311,76.69322427604355
STU_017312,67.46879970547597
STU_017313,93.09783454677634
STU_017314,79.25984312818328
STU_017315,86.2795463506038
STU_017316,74.23024588975288
STU_017317,84.0545909569003
STU_017318,39.91425264684477
STU_017319,65.38406887967612
STU_017320,91.14931504355118
STU_017321,80.43290664075369
STU_017322,79.04610078520471
STU_017323,81.4889809040795
STU_017324,87.0901016393428
STU_017325,84.18796510489248
STU_017326,70.43659161566636
STU_017327,88.00948907398731
STU_017328,78.88186869549196
STU_017329,43.58243888444717
STU_017330,87.6120270930307
STU_017331,76.5698722287305
STU_017332,70.5302285956252
STU_017333,69.79600640011685
STU_017334,82.0968522731545
STU_017335,84.57228518571826
STU_017336,65.80370735375129
STU_017337,79.87659002051113
STU_017338,84.85501372047787
STU_017339,98.16521955890401
STU_017340,80.78475954634771
STU_017341,88.23058763025105
STU_017342,66.62386726730983
STU_017343,84.97571240620225
STU_017344,64.11583047663544
STU_017345,71.53325150495728
STU_017346,63.02880852819926
STU_017347,91.65579961585442
STU_017348,75.14757963057139
STU_017349,83.37812049282041
STU_017350,56.49859754524954
STU_017351,64.76076630732332
STU_017352,60.545751100446545
STU_017353,57.80786162852419
STU_017354,85.05566000415456
STU_017355,59.415969071447975
STU_017356,69.25169196742122
STU_017357,62.27331478435083
STU_017358,63.84396304315645
STU_017359,89.62232951426354
STU_017360,96.52318661987134
STU_017361,94.46444937386094
STU_017362,66.457339495815
STU_017363,86.94497144559216
STU_017364,91.50263151010667
STU_017365,86.31226496052328
STU_017366,83.74392709604211
STU_017367,100.0
STU_017368,60.37148574526331
STU_017369,51.28348882132404
STU_017370,86.67007280434683
STU_017371,80.88436152514345
STU_017372,86.19007512930997
STU_017373,62.90961121064328
STU_017374,47.860388110431884
STU_017375,85.74193407032614
STU_017376,73.00312507912476
STU_017377,66.43156259996417
STU_017378,78.30975146360221
STU_017379,62.66321557501941
STU_017380,66.75283195820404
STU_017381,61.85290559275981
STU_017382,86.13652842537654
STU_017383,76.20947119239517
STU_017384,70.62826340522825
STU_017385,64.2286187993295
STU_017386,73.8548359735209
STU_017387,85.2521821771527
STU_017388,65.58204435479506
STU_017389,80.99752374008827
STU_017390,74.34078155282133
STU_017391,73.1241828910682
STU_017392,67.8968602423944
STU_017393,63.14674103309147
STU_017394,69.70958832874106
STU_017395,59.84433294352777
STU_017396,81.31589049118487
STU_017397,76.17963986460981
STU_017398,78.4265221937508
STU_017399,85.8046792352483
STU_017400,46.56275299559842
STU_017401,43.17247874011272
STU_017402,93.289234727818
STU_017403,61.31695336237116
STU_017404,67.52963765624008
STU_017405,69.085358417966
STU_017406,64.30087841708202
STU_017407,67.09950501379122
STU_017408,80.25600462831575
STU_017409,82.71190704056272
STU_017410,75.25796741396961
STU_017411,59.550832956853455
STU_017412,80.46296371695169
STU_017413,83.89321118001565
STU_017414,76.584206926037
STU_017415,56.454601422605975
STU_017416,66.1740009339067
STU_017417,77.23556132606812
STU_017418,89.09460002786449
STU_017419,68.63204220276819
STU_017420,75.76676813945052
STU_017421,76.8264438084585
STU_017422,79.37159217602311
STU_017423,71.81671860885672
STU_017424,54.53821826933711
STU_017425,76.46572538655073
STU_017426,63.04617337177137
STU_017427,81.87407535465778
STU_017428,73.36743456549738
STU_017429,65.19923394999589
STU_017430,97.98254723224758
STU_017431,69.60770507729008
STU_017432,93.2883867540757
STU_017433,88.19173449137642
STU_017434,77.0561653594323
STU_017435,82.30039439559306
STU_017436,74.4358239500094
STU_017437,74.6382071696043
STU_017438,98.05799327603538
STU_017439,62.82016389849349
STU_017440,88.08553407958036
STU_017441,49.2912323898597
STU_017442,75.94894846902689
STU_017443,84.36094011124456
STU_017444,78.53014206546892
STU_017445,93.77587164779898
STU_017446,89.10450833533233
STU_017447,66.33931881933489
STU_017448,77.04770358266354
STU_017449,88.0606434479967
STU_017450,84.09576098655704
STU_017451,67.88419607641534
STU_017452,81.89108907829427
STU_017453,91.18208805376756
STU_017454,55.63206584407132
STU_017455,88.8941313048216
STU_017456,82.25418847046998
STU_017457,69.2141695759303
STU_017458,61.98544400019252
STU_017459,81.04234444239802
STU_017460,66.61181690018961
STU_017461,84.7019109907669
STU_017462,78.2744789893796
STU_017463,92.71812639233654
STU_017464,76.25206103455758
STU_017465,83.16272090861557
STU_017466,78.2922033776552
STU_017467,56.78614350672433
STU_017468,82.64765376637845
STU_017469,91.29742291529703
STU_017470,82.75641960913676
STU_017471,88.68548726808521
STU_017472,69.02540736972931
STU_017473,94.92134394191714
STU_017474,36.34390773777202
STU_017475,63.59004940651176
STU_017476,71.46308840592866
STU_017477,65.86002725536764
STU_017478,50.71510417039247
STU_017479,76.70046460487117
STU_017480,95.19980858575553
STU_017481,88.253254872956
STU_017482,81.89983045125099
STU_017483,93.49199430371765
STU_017484,85.59073921144636
STU_017485,89.29482882509708
STU_017486,74.64855711298195
STU_017487,90.76351124051305
STU_017488,59.18090504548448
STU_017489,62.3077760579869
STU_017490,95.1941714742467
STU_017491,72.58369689154216
STU_017492,61.102328601829456
STU_017493,79.8192912443869
STU_017494,74.92188830034024
STU_017495,54.750560144183495
STU_017496,77.3745030651074
STU_017497,84.4719215331454
STU_017498,60.67013647583983
STU_017499,86.68225182087755
STU_017500,86.61113867358817
STU_017501,73.83045937566294
STU_017502,86.00953491119368
STU_017503,69.06772766299228
STU_017504,84.91020830653213
STU_017505,77.0795275131592
STU_017506,76.74931537104486
STU_017507,52.63173698135971
STU_017508,68.61803077476111
STU_017509,84.04754890037094
STU_017510,94.86289777684107
STU_017511,73.15357282770553
STU_017512,75.80192735162429
STU_017513,79.50108031185414
STU_017514,74.65713413117574
STU_017515,80.28089335899473
STU_017516,96.24851740903884
STU_017517,83.25006351015836
STU_017518,80.8431540647221
STU_017519,86.86025017672486
STU_017520,97.7043518927664
STU_017521,62.40132820056671
STU_017522,73.94890274272741
STU_017523,79.54778213186243
STU_017524,58.29888402691439
STU_017525,68.35595936399993
STU_017526,78.47606056169816
STU_017527,82.41762654083827
STU_017528,73.2884412837654
STU_017529,98.0970169907432
STU_017530,82.55123251519115
STU_017531,89.37884047689276
STU_017532,63.9622109272712
STU_017533,67.03742094168338
STU_017534,58.423401793164686
STU_017535,75.1253792156284
STU_017536,88.0348039052142
STU_017537,94.11966810335694
STU_017538,92.71453002824285
STU_017539,75.47446633677308
STU_017540,96.79682449662982
STU_017541,52.716852401371526
STU_017542,70.8984342414742
STU_017543,80.08970687464821
STU_017544,95.31784760061154
STU_017545,69.57650944590694
STU_017546,69.84273433427879
STU_017547,92.55567022512875
STU_017548,74.13933105572902
STU_017549,97.21346729119942
STU_017550,78.2955980061707
STU_017551,95.02806151380148
STU_017552,49.54980847734802
STU_017553,85.77911360028875
STU_017554,61.194370531591545
STU_017555,68.38140521831497
STU_017556,73.89348243571575
STU_017557,54.88148925187219
STU_017558,46.04564482955945
STU_017559,80.83346824990934
STU_017560,70.26012208230382
STU_017561,94.4836274110165
STU_017562,60.792785634510935
STU_017563,67.50207401522144
STU_017564,66.48244570472009
STU_017565,68.99044835313443
STU_017566,80.21048788872145
STU_017567,69.38883325280257
STU_017568,71.8118549765758
STU_017569,78.8555708607298
STU_017570,99.64981777956092
STU_017571,89.24156157772956
STU_017572,78.65603697416117
STU_017573,74.92808508140986
STU_017574,84.52371504973189
STU_017575,88.1049119496412
STU_017576,87.42565998260122
STU_017577,65.78789336989666
STU_017578,75.26331324762498
STU_017579,72.66768160639089
STU_017580,80.33834998714705
STU_017581,74.5317233593257
STU_017582,75.37188759607729
STU_017583,96.0728262000191
STU_017584,58.38689588074837
STU_017585,53.78643585139743
STU_017586,80.33262450224136
STU_017587,66.57233449839671
STU_017588,68.85399014476047
STU_017589,90.62933627873517
STU_017590,74.90951219909356
STU_017591,90.53470710435846
STU_017592,67.34144120049606
STU_017593,61.62495092191703
STU_017594,55.743708369490655
STU_017595,96.5527064136029
STU_017596,76.12864897293085
STU_017597,89.12914913041892
STU_017598,47.44395408184819
STU_017599,66.4223880121977
STU_017600,78.49969046255379
STU_017601,68.62738486410542
STU_017602,62.56493056809238
STU_017603,86.66074962534519
STU_017604,83.17474282396334
STU_017605,69.14090959507335
STU_017606,88.96201963839837
STU_017607,78.00808724454161
STU_017608,93.78473804059226
STU_017609,77.11896259615753
STU_017610,76.52017244209344
STU_017611,74.67700527850144
STU_017612,95.88190337081315
STU_017613,83.5024014072065
STU_017614,91.67459642562876
STU_017615,69.41670545517586
STU_017616,87.2003659720932
STU_017617,87.47984896300267
STU_017618,40.89687574673777
STU_017619,64.18865426514414
STU_017620,73.45079271641212
STU_017621,83.73509086740594
STU_017622,94.0688076032011
STU_017623,54.646873148541424
STU_017624,71.36460889775363
STU_017625,68.99972254745043
STU_017626,56.828624229678994
STU_017627,54.54814786458592
STU_017628,74.90223178173478
STU_017629,69.77231024873184
STU_017630,60.22875494094933
STU_017631,52.32432686585836
STU_017632,76.3080350094548
STU_017633,75.04164408707096
STU_017634,82.34154254381842
STU_017635,76.02363955218124
STU_017636,70.05855878308509
STU_017637,90.9355729491101
STU_017638,67.21592836832856
STU_017639,85.5410154524464
STU_017640,94.55275450926322
STU_017641,99.55960446377401
STU_017642,64.39643230160493
STU_017643,62.73992960552543
STU_017644,80.54481936129103
STU_017645,82.0864560890089
STU_017646,70.5392314084575
STU_017647,62.84486657230764
STU_017648,84.78005628644603
STU_017649,95.84720705138152
STU_017650,97.47025893552328
STU_017651,70.68418750983446
STU_017652,74.43845093804121
STU_017653,97.3878425532812
STU_017654,76.97107586479956
STU_017655,85.5527446753015
STU_017656,83.6850677075243
STU_017657,52.312391136603104
STU_017658,67.30231244630663
STU_017659,100.0
STU_017660,76.5817636725014
STU_017661,79.13824901224082
STU_017662,66.01150850830032
STU_017663,77.89507355909775
STU_017664,78.14637215971885
STU_017665,71.7014473964587
STU_017666,78.41106438417987
STU_017667,74.27733321844659
STU_017668,73.46086442883701
STU_017669,74.28088005961534
STU_017670,48.50953008296125
STU_017671,70.7561164542215
STU_017672,60.00327000205257
STU_017673,69.8796709022089
STU_017674,70.54545083967626
STU_017675,73.45063354284248
STU_017676,66.27912535660516
STU_017677,83.76025394627355
STU_017678,82.06597907392057
STU_017679,90.2438887920409
STU_017680,74.62461116526225
STU_017681,87.37716647720916
STU_017682,72.84638680794339
STU_017683,78.6275499926773
STU_017684,84.19190888619875
STU_017685,71.48330334921819
STU_017686,62.47992397275211
STU_017687,73.91441522122561
STU_017688,71.27365648933086
STU_017689,91.78376633882432
STU_017690,68.6941839478028
STU_017691,73.61416648892188
STU_017692,74.40395306492725
STU_017693,61.42121087213112
STU_017694,76.22243416340008
STU_017695,94.21414625122847
STU_017696,81.12725304715835
STU_017697,42.620008290061925
STU_017698,50.36523278542794
STU_017699,92.69720273913686
STU_017700,48.941036735100504
STU_017701,53.93022163599611
STU_017702,78.03346313474486
STU_017703,78.2582114077432
STU_017704,62.611738467107145
STU_017705,59.127132965660074
STU_017706,81.99714281074125
STU_017707,47.22398363533577
STU_017708,94.70224842792209
STU_017709,88.38864894134915
STU_017710,86.98689295825085
STU_017711,100.0
STU_017712,75.3555519821275
STU_017713,69.87765997294582
STU_017714,86.92714572402824
STU_017715,63.18318151764515
STU_017716,56.848102119324636
STU_017717,71.69542975230473
STU_017718,91.12021020827623
STU_017719,69.0298506537064
STU_017720,72.57637367453009
STU_017721,83.65568731489337
STU_017722,100.0
STU_017723,72.56011066901182
STU_017724,74.85983968372874
STU_017725,92.62693457292616
STU_017726,90.03973167367653
STU_017727,86.56760581360538
STU_017728,85.36545408436382
STU_017729,68.56587351029462
STU_017730,59.19008844296938
STU_017731,55.478812445535894
STU_017732,81.05346679950831
STU_017733,64.45639186452662
STU_017734,69.66891197125832
STU_017735,64.93154866158883
STU_017736,70.16693038444356
STU_017737,61.499328021635506
STU_017738,94.193146772699
STU_017739,83.73876650889324
STU_017740,79.34338230823437
STU_017741,87.76428395818601
STU_017742,86.61875402478051
STU_017743,86.01177016994359
STU_017744,83.97396586855871
STU_017745,86.77694091804281
STU_017746,84.57702729092946
STU_017747,68.2602283443465
STU_017748,61.02938344330486
STU_017749,67.66238775909122
STU_017750,87.33382013420118
STU_017751,79.62043096612219
STU_017752,75.36463320511103
STU_017753,95.04613167591691
STU_017754,88.40073336475649
STU_017755,90.65051126747217
STU_017756,85.31086951445704
STU_017757,52.7137703030746
STU_017758,67.55014906886686
STU_017759,80.69421879447764
STU_017760,94.00227632828256
STU_017761,66.00611521280311
STU_017762,99.92288258853281
STU_017763,91.38787624774199
STU_017764,56.5662373462054
STU_017765,92.53730483744084
STU_017766,80.73736334616281
STU_017767,60.280058289283545
STU_017768,60.68613293834888
STU_017769,87.26778579560683
STU_017770,75.61277870713927
STU_017771,56.54372387102447
STU_017772,71.30552726636698
STU_017773,56.706226855223214
STU_017774,99.83984303529868
STU_017775,82.25233717203258
STU_017776,82.80344739906243
STU_017777,80.52151384827201
STU_017778,81.77879493416552
STU_017779,51.84078203346699
STU_017780,72.57005732144756
STU_017781,79.73885378651718
STU_017782,71.90966348159147
STU_017783,68.69047338539845
STU_017784,79.91830342045915
STU_017785,86.63393966901008
STU_017786,76.7999180644917
STU_017787,83.0447365515674
STU_017788,75.52588885221715
STU_017789,84.55893169759449
STU_017790,57.08323986764939
STU_017791,89.86876593062183
STU_017792,69.10893704712116
STU_017793,67.10947981789626
STU_017794,64.67144770075691
STU_017795,69.44060613629668
STU_017796,80.31818991768503
STU_017797,89.54074038655078
STU_017798,95.77760373725957
STU_017799,100.0
STU_017800,90.90097422174932
STU_017801,76.01802977080737
STU_017802,92.73154189837386
STU_017803,61.75887655423808
STU_017804,76.6645387095569
STU_017805,72.14719061224301
STU_017806,66.50096397568582
STU_017807,93.51993528307851
STU_017808,69.01955806916001
STU_017809,83.51597147053286
STU_017810,99.08915236388228
STU_017811,73.34719060920568
STU_017812,86.7026339117649
STU_017813,85.117418645671
STU_017814,69.87495450030839
STU_017815,68.0478718348021
STU_017816,59.72839215248088
STU_017817,56.11978560862292
STU_017818,89.52779194240449
STU_017819,86.76462177788913
STU_017820,87.85026732851985
STU_017821,73.41291535130148
STU_017822,89.06974198026447
STU_017823,96.50180556356621
STU_017824,53.47469092748393
STU_017825,77.3808228311121
STU_017826,82.65782708336319
STU_017827,84.99440572908188
STU_017828,59.031631975929976
STU_017829,65.00061303812798
STU_017830,69.00589163234393
STU_017831,85.04338277930444
STU_017832,84.00068593378609
STU_017833,58.89027561341019
STU_017834,82.4456133469722
STU_017835,69.01076892062989
STU_017836,82.00451442769766
STU_017837,69.70401784413207
STU_017838,67.74386491526363
STU_017839,96.03843615367737
STU_017840,71.3212442344202
STU_017841,89.99124961408268
STU_017842,79.03027518121361
STU_017843,82.35643242525215
STU_017844,67.03862636286584
STU_017845,98.76518111849279
STU_017846,89.06330091793778
STU_017847,50.74685496806319
STU_017848,66.35018756932973
STU_017849,55.722500583453574
STU_017850,70.80584708559292
STU_017851,58.678902638453664
STU_017852,85.99974275681606
STU_017853,71.56807453656546
STU_017854,94.83675077686145
STU_017855,52.35390075638996
STU_017856,84.19911000416084
STU_017857,83.92104415896324
STU_017858,78.24540850043793
STU_017859,62.495755965553414
STU_017860,80.71244292282157
STU_017861,84.76579824078847
STU_017862,71.89584993072152
STU_017863,90.3412268132435
STU_017864,78.183354799551
STU_017865,73.12557630040354
STU_017866,81.24301727140762
STU_017867,63.699200724151595
STU_017868,97.33898667168658
STU_017869,63.60299912591246
STU_017870,83.79458816136842
STU_017871,92.67278902376685
STU_017872,67.55033041043377
STU_017873,95.08995971906987
STU_017874,79.55092026665018
STU_017875,72.41047055804647
STU_017876,70.63574478894355
STU_017877,50.94009610607496
STU_017878,88.87721117861187
STU_017879,59.91498046059135
STU_017880,93.60056696964236
STU_017881,76.06565874671021
STU_017882,72.32119036808126
STU_017883,93.77003229521188
STU_017884,58.8231471347695
STU_017885,69.01287601443869
STU_017886,83.73675846824518
STU_017887,56.14520152916319
STU_017888,63.29832253444851
STU_017889,100.0
STU_017890,100.0
STU_017891,83.46610077968897
STU_017892,56.12747367718832
STU_017893,82.69182860856408
STU_017894,60.744231194797365
STU_017895,69.84164312800856
STU_017896,82.08415678611024
STU_017897,61.20542882539738
STU_017898,82.3994803593699
STU_017899,80.8211620872368
STU_017900,71.16963044773514
STU_017901,86.18598263438139
STU_017902,68.47413557796123
STU_017903,71.33462217993863
STU_017904,81.64398606485364
STU_017905,76.95839672574186
STU_017906,68.28858195498195
STU_017907,74.63946452304852
STU_017908,71.50141920638994
STU_017909,67.55168085951951
STU_017910,71.39491615825496
STU_017911,61.76375768844335
STU_017912,89.63030401467356
STU_017913,86.21765944260099
STU_017914,71.718793480233
STU_017915,73.73051476788301
STU_017916,77.59091461579284
STU_017917,82.97440669582247
STU_017918,76.00754801533041
STU_017919,91.04958980317593
STU_017920,75.70405176679274
STU_017921,82.8247143971783
STU_017922,74.67086906352118
STU_017923,65.86536559574597
STU_017924,74.14009639325836
STU_017925,69.31994643018463
STU_017926,76.68552457935485
STU_017927,96.39068904243504
STU_017928,85.41328097159726
STU_017929,89.39040288391394
STU_017930,76.99846196366643
STU_017931,63.6403776237125
STU_017932,95.63374195995962
STU_017933,96.26332910969575
STU_017934,92.60697654059524
STU_017935,78.3311920101196
STU_017936,55.316600226797476
STU_017937,83.55452910363971
STU_017938,64.29172082029274
STU_017939,88.31799383711117
STU_017940,75.58920502373498
STU_017941,64.52707242516709
STU_017942,67.89700645457785
STU_017943,55.75057822898471
STU_017944,67.5690108358945
STU_017945,89.12039422164754
STU_017946,62.45123801894541
STU_017947,60.88325308189559
STU_017948,74.60676618623144
STU_017949,59.19308659990521
STU_017950,52.12253715468564
STU_017951,69.47945002179169
STU_017952,93.509827882286
STU_017953,72.81099214366317
STU_017954,99.22836645749008
STU_017955,64.87278350990103
STU_017956,69.98774458924893
STU_017957,67.52054664466483
STU_017958,46.51554990733233
STU_017959,85.75843240223514
STU_017960,79.18230123678036
STU_017961,91.1482630849126
STU_017962,63.775635189726394
STU_017963,62.85203594251885
STU_017964,52.016821209125624
STU_017965,94.06765029683629
STU_017966,77.67514720979607
STU_017967,77.93800145481352
STU_017968,96.0163130662184
STU_017969,78.02938763442519
STU_017970,55.22979199426101
STU_017971,61.86053189466752
STU_017972,69.90968290859895
STU_017973,65.89086438916253
STU_017974,79.42327088828327
STU_017975,65.7266610936623
STU_017976,67.37491186607568
STU_017977,94.7121517038295
STU_017978,64.76470220986967
STU_017979,73.53117179333712
STU_017980,59.66578362215932
STU_017981,97.15451082275172
STU_017982,72.27387396164202
STU_017983,83.10602673539266
STU_017984,71.20911662232203
STU_017985,65.93491099914394
STU_017986,65.10371874638594
STU_017987,80.8633824365841
STU_017988,66.22975067350552
STU_017989,72.96158741702845
STU_017990,72.88478478957144
STU_017991,81.33098975338577
STU_017992,51.52265371055917
STU_017993,97.04296700442997
STU_017994,86.549212998211
STU_017995,80.78909814220708
STU_017996,58.254940818626835
STU_017997,73.16361945790175
STU_017998,87.51091936176294
STU_017999,88.3326236776109
STU_018000,96.19912297369919
STU_018001,75.93229590375826
STU_018002,50.56755464485114
STU_018003,73.09750350286677
STU_018004,83.44919011529295
STU_018005,76.48422901412432
STU_018006,65.19429145068064
STU_018007,98.12967408190374
STU_018008,91.73604433667747
STU_018009,90.32072736027946
STU_018010,82.88396331744768
STU_018011,86.7911777194197
STU_018012,66.7553234218907
STU_018013,87.54573931873583
STU_018014,67.54049019429989
STU_018015,74.7171411762214
STU_018016,76.29972818001261
STU_018017,80.68554441826998
STU_018018,98.6190764425055
STU_018019,64.37850472504837
STU_018020,75.28267062093808
STU_018021,67.50560797391657
STU_018022,87.59503973292325
STU_018023,83.60612558869482
STU_018024,44.60115465825124
STU_018025,79.05580054663102
STU_018026,70.23093489017825
STU_018027,82.85900506935602
STU_018028,98.44360384951277
STU_018029,72.9619699921582
STU_018030,89.50325366775058
STU_018031,84.41651706284367
STU_018032,70.19426502929552
STU_018033,87.86923946112104
STU_018034,73.12605752655841
STU_018035,87.65034089284369
STU_018036,78.25067764355047
STU_018037,43.90365476201777
STU_018038,63.36879212114205
STU_018039,74.87381970645083
STU_018040,75.1244460808257
STU_018041,64.08448085714328
STU_018042,64.29477012968792
STU_018043,90.73320145578502
STU_018044,75.49080213672585
STU_018045,73.50095897774715
STU_018046,81.33835096907855
STU_018047,60.82913973634008
STU_018048,94.6808971794643
STU_018049,87.16679410534597
STU_018050,84.42579324325538
STU_018051,66.98866874329143
STU_018052,67.48636993350077
STU_018053,66.51919161482134
STU_018054,43.295272219808595
STU_018055,98.60124594538095
STU_018056,41.78964705411218
STU_018057,62.9912057714741
STU_018058,90.4337203987044
STU_018059,87.97939316507421
STU_018060,63.47222251324196
STU_018061,79.77412159139972
STU_018062,85.53150608770018
STU_018063,71.31371273533203
STU_018064,85.89703860282408
STU_018065,85.889371285731
STU_018066,92.77100197833997
STU_018067,95.52059881551943
STU_018068,82.8547403790894
STU_018069,81.10887094707124
STU_018070,80.39459813116665
STU_018071,89.08603699668467
STU_018072,84.39968015942762
STU_018073,57.328697873217095
STU_018074,70.33148469387227
STU_018075,71.04015826377515
STU_018076,66.32586649827584
STU_018077,55.574103047725494
STU_018078,69.80985865891104
STU_018079,81.84623879545109
STU_018080,89.77536812456687
STU_018081,75.73102428808438
STU_018082,82.7245218613777
STU_018083,93.02268926667568
STU_018084,65.15619632066915
STU_018085,72.12580256173116
STU_018086,85.06399816875191
STU_018087,71.42813868780945
STU_018088,65.12799952044291
STU_018089,57.71862969953704
STU_018090,64.44770331829821
STU_018091,82.55037607054119
STU_018092,79.47234582987744
STU_018093,63.338024315856096
STU_018094,71.8204818610461
STU_018095,79.84005406425081
STU_018096,60.68431085078168
STU_018097,82.66696062284781
STU_018098,62.39971483152078
STU_018099,70.65050414716114
STU_018100,93.54485268148494
STU_018101,78.83334925087883
STU_018102,58.12466786530776
STU_018103,96.1634356660046
STU_018104,64.82961942193819
STU_018105,60.254468014504425
STU_018106,75.53800767785181
STU_018107,79.98896049010297
STU_018108,69.89095951919393
STU_018109,87.10288077116358
STU_018110,79.98714671816357
STU_018111,81.15765931130186
STU_018112,69.30834523162758
STU_018113,59.949947407510884
STU_018114,91.62729546516815
STU_018115,75.68339481835163
STU_018116,66.74624171737786
STU_018117,76.48190170206814
STU_018118,67.37488537992714
STU_018119,95.93533867410909
STU_018120,62.47949278178565
STU_018121,94.63274713915825
STU_018122,78.88545017777443
STU_018123,74.03011979672041
STU_018124,87.00004335680313
STU_018125,68.58572311102569
STU_018126,53.70180826623191
STU_018127,66.97674464481814
STU_018128,50.8298938710266
STU_018129,76.134741290456
STU_018130,89.9302055034073
STU_018131,73.63575544703116
STU_018132,96.10946004437959
STU_018133,80.5444167724022
STU_018134,100.0
STU_018135,99.86662764454077
STU_018136,46.67605800258623
STU_018137,65.74696361044226
STU_018138,91.54987080738785
STU_018139,78.96801175175705
STU_018140,49.9356706923669
STU_018141,59.66205663431079
STU_018142,76.20068602151271
STU_018143,58.61344859339367
STU_018144,62.49785000772518
STU_018145,80.36588849528096
STU_018146,52.67603039996983
STU_018147,82.2119664533651
STU_018148,79.662652754579
STU_018149,59.13523897218551
STU_018150,84.14629552067657
STU_018151,69.87034175516783
STU_018152,59.890932398031985
STU_018153,82.30625554577608
STU_018154,60.35151247211353
STU_018155,91.08869360531327
STU_018156,97.7979668573859
STU_018157,54.5213435839958
STU_018158,63.719504512639276
STU_018159,64.94808492415285
STU_018160,65.6395548159902
STU_018161,85.2599010203721
STU_018162,65.53302265943152
STU_018163,94.80139307635199
STU_018164,74.33302604265334
STU_018165,57.569280403668124
STU_018166,76.17166365546942
STU_018167,75.37063241834169
STU_018168,82.30574916280571
STU_018169,68.62450728584805
STU_018170,46.825585672994755
STU_018171,63.41494680052636
STU_018172,84.65333620880048
STU_018173,68.7133076852369
STU_018174,84.3927833218837
STU_018175,75.5558786334842
STU_018176,76.79877660300222
STU_018177,78.12081291693619
STU_018178,71.38270172205468
STU_018179,74.51170010538544
STU_018180,91.45818679843737
STU_018181,74.33760951161264
STU_018182,77.48365886531832
STU_018183,70.45085932034002
STU_018184,56.30237297418827
STU_018185,66.83583277454568
STU_018186,90.05834821204495
STU_018187,62.76704708320444
STU_018188,83.16734132835728
STU_018189,76.4407254925543
STU_018190,68.6071518823598
STU_018191,78.64253715461503
STU_018192,77.80439488912388
STU_018193,80.65980661360086
STU_018194,73.39008907767787
STU_018195,85.32030404055227
STU_018196,58.293503342580095
STU_018197,89.84367952980296
STU_018198,77.31294202407283
STU_018199,71.38789480169191
STU_018200,84.15641075813774
STU_018201,73.29172167670748
STU_018202,44.543743231307346
STU_018203,79.57631682855605
STU_018204,78.60738023593551
STU_018205,70.91117386628319
STU_018206,72.31513301522116
STU_018207,75.39418761251336
STU_018208,74.79786690610226
STU_018209,61.38061549759702
STU_018210,84.52615944624401
STU_018211,97.12092291174461
STU_018212,73.23458587002337
STU_018213,52.58782257652698
STU_018214,78.38285845772805
STU_018215,75.11088432567765
STU_018216,76.74822736527618
STU_018217,56.81870109681858
STU_018218,74.18310284585502
STU_018219,86.80878969508456
STU_018220,80.93316959728159
STU_018221,94.29113048526789
STU_018222,85.36609532296913
STU_018223,85.60990715080703
STU_018224,84.27453759818334
STU_018225,74.13686508770533
STU_018226,80.69027676059177
STU_018227,75.46395826238303
STU_018228,76.57306224695358
STU_018229,73.25231180952146
STU_018230,86.68788743234632
STU_018231,75.75396986023686
STU_018232,59.773080561703964
STU_018233,58.70191224264664
STU_018234,93.32809074141517
STU_018235,82.37926280842092
STU_018236,99.538194011619
STU_018237,56.68819085622482
STU_018238,73.67038837623652
STU_018239,90.41274821527617
STU_018240,57.84478283239692
STU_018241,86.6305605303126
STU_018242,74.38870288441255
STU_018243,80.89069429801565
STU_018244,93.85324243041345
STU_018245,73.9259152834208
STU_018246,76.16199281078576
STU_018247,55.12985101456234
STU_018248,72.48828312099378
STU_018249,70.370831269166
STU_018250,69.81147073091967
STU_018251,70.57982994272054
STU_018252,95.40407943565381
STU_018253,57.45044240602163
STU_018254,85.68597552373154
STU_018255,75.3294008273712
STU_018256,90.47284374013233
STU_018257,75.84156863230555
STU_018258,84.58998082209999
STU_018259,89.03224875539875
STU_018260,85.69941921776751
STU_018261,71.9447660888056
STU_018262,57.07608027593176
STU_018263,80.13559018574642
STU_018264,81.45118290065594
STU_018265,83.7315698276427
STU_018266,84.75254643459013
STU_018267,69.68028228353808
STU_018268,78.3481763783256
STU_018269,67.42136737100951
STU_018270,67.59144821134714
STU_018271,71.36426863295732
STU_018272,50.91805572499578
STU_018273,95.94099092150712
STU_018274,67.08736002488433
STU_018275,90.09916534430113
STU_018276,84.47057330306679
STU_018277,84.58831431279157
STU_018278,80.41096468363345
STU_018279,57.28415637631163
STU_018280,86.27443143960238
STU_018281,96.87138456873834
STU_018282,68.24226290264083
STU_018283,62.8033101306835
STU_018284,67.97416340757277
STU_018285,87.9691661841151
STU_018286,63.48211722167897
STU_018287,93.06791478438237
STU_018288,68.4751089360772
STU_018289,86.57144484749573
STU_018290,63.88739147731245
STU_018291,75.10322322771205
STU_018292,78.88100909983937
STU_018293,65.71339896185587
STU_018294,82.56819159633272
STU_018295,52.31897506365128
STU_018296,86.38113769084302
STU_018297,83.90943267798005
STU_018298,97.0422127967633
STU_018299,64.46262829655507
STU_018300,83.66661586423186
STU_018301,66.65335379254451
STU_018302,68.76471112573707
STU_018303,97.38553056816924
STU_018304,63.407458068477624
STU_018305,56.73315758239729
STU_018306,62.31030494855498
STU_018307,78.08838454788565
STU_018308,84.49508069068648
STU_018309,67.56162087239592
STU_018310,91.67675314968596
STU_018311,68.39576428993335
STU_018312,73.61261329234634
STU_018313,84.93553672061852
STU_018314,66.02369844475848
STU_018315,94.08076263185805
STU_018316,73.56138233915725
STU_018317,85.32727615108305
STU_018318,60.001226423670325
STU_018319,57.61314508587337
STU_018320,87.80981561995057
STU_018321,91.28343539989604
STU_018322,77.40825720908407
STU_018323,100.0
STU_018324,58.8036118437404
STU_018325,74.59759798181986
STU_018326,68.92406685841686
STU_018327,86.73299088972507
STU_018328,72.79702967141604
STU_018329,74.18089013201441
STU_018330,50.07566353995841
STU_018331,82.29006949857632
STU_018332,88.65679138357898
STU_018333,65.17476125717604
STU_018334,86.8254243403272
STU_018335,63.55485653705014
STU_018336,72.86906631625351
STU_018337,71.77356382838077
STU_018338,70.75515278088791
STU_018339,86.11462982917598
STU_018340,85.06836853411237
STU_018341,66.32482758405494
STU_018342,61.315270995784864
STU_018343,59.598990965748726
STU_018344,78.65721033816538
STU_018345,71.60217277437178
STU_018346,72.04638198662538
STU_018347,72.07738357925713
STU_018348,95.66010769893023
STU_018349,78.60672891612107
STU_018350,88.5431910048525
STU_018351,80.15125996865345
STU_018352,87.2948157275863
STU_018353,83.63107396196139
STU_018354,99.73059950265534
STU_018355,70.87830978683083
STU_018356,77.68735890041073
STU_018357,66.83343223829792
STU_018358,77.88723841607413
STU_018359,98.07091806750915
STU_018360,93.77441766465815
STU_018361,51.47104050916221
STU_018362,65.44744787721692
STU_018363,46.54353028553237
STU_018364,88.9397353661438
STU_018365,86.9822056107351
STU_018366,57.24890747711561
STU_018367,75.83116535406894
STU_018368,68.79878997762854
STU_018369,80.25113061319746
STU_018370,59.38902728625155
STU_018371,82.5170252808846
STU_018372,89.25306452358511
STU_018373,64.32376505353243
STU_018374,78.84184795198051
STU_018375,65.48947755312092
STU_018376,79.87591992838941
STU_018377,85.20501836307517
STU_018378,91.48494494356893
STU_018379,51.35794847671787
STU_018380,81.0272223894871
STU_018381,72.69251132831526
STU_018382,85.68626549932142
STU_018383,91.72180789492435
STU_018384,68.14929139244784
STU_018385,94.23329788947444
STU_018386,75.9112576866611
STU_018387,84.7298056381346
STU_018388,97.62710575003942
STU_018389,62.87574409244657
STU_018390,54.040990854296304
STU_018391,81.20616943348865
STU_018392,100.0
STU_018393,76.9197985280677
STU_018394,83.3834175517126
STU_018395,77.28491336064934
STU_018396,58.785131109861275
STU_018397,68.76103131282372
STU_018398,78.24896386801746
STU_018399,99.50367241839689
STU_018400,73.25010206551362
STU_018401,78.2661112087586
STU_018402,77.60341055344954
STU_018403,88.55544461552019
STU_018404,86.09607888859503
STU_018405,83.42028657215468
STU_018406,65.28053153423667
STU_018407,96.31963936057979
STU_018408,81.21797639503012
STU_018409,60.349087567301055
STU_018410,93.94778380412242
STU_018411,73.08745019486133
STU_018412,76.49798449642705
STU_018413,88.3859628563475
STU_018414,93.0481581493271
STU_018415,73.27926061995718
STU_018416,81.3072707856561
STU_018417,61.464782055928126
STU_018418,94.45381184688648
STU_018419,77.60115359462367
STU_018420,87.3975868367707
STU_018421,91.6411207764875
STU_018422,90.33561140911914
STU_018423,82.51106053957861
STU_018424,51.92115932157526
STU_018425,91.01956508386088
STU_018426,68.33949523164202
STU_018427,74.35310385567246
STU_018428,74.22309321481555
STU_018429,95.6632366676032
STU_018430,63.352911766792786
STU_018431,79.76537458433437
STU_018432,92.07680957829824
STU_018433,69.21776087654435
STU_018434,78.04021288307351
STU_018435,67.27871893001863
STU_018436,76.01590564621475
STU_018437,87.4594623484611
STU_018438,65.61760609608172
STU_018439,99.20245126531329
STU_018440,80.05503552593572
STU_018441,73.51254903666955
STU_018442,77.0659503847798
STU_018443,61.8219138477934
STU_018444,65.17998094561253
STU_018445,95.88960463096535
STU_018446,79.33078956226946
STU_018447,92.93768336481537
STU_018448,69.84276188197421
STU_018449,92.27646225081146
STU_018450,70.95480898033695
STU_018451,68.77918570733733
STU_018452,54.457016528835794
STU_018453,62.67290362579673
STU_018454,49.96450140103039
STU_018455,51.83997151137999
STU_018456,75.62060670900416
STU_018457,58.69093572192263
STU_018458,73.39333838598264
STU_018459,58.2451794539307
STU_018460,70.83219379423906
STU_018461,90.68482507949804
STU_018462,54.90640960993695
STU_018463,79.85537994834996
STU_018464,62.48523003642634
STU_018465,76.88660409283798
STU_018466,64.96095648478688
STU_018467,83.50787686935658
STU_018468,68.99975542483338
STU_018469,79.01238114608893
STU_018470,88.40748787979781
STU_018471,87.19921251658808
STU_018472,60.69602868118813
STU_018473,83.82969979234522
STU_018474,89.8314785801509
STU_018475,76.47434831826983
STU_018476,77.32536985426736
STU_018477,46.92591906620072
STU_018478,98.71062795301508
STU_018479,94.04321423038077
STU_018480,88.20466641122403
STU_018481,68.7124128368608
STU_018482,65.82903924157608
STU_018483,84.37655592362296
STU_018484,82.42633578411184
STU_018485,67.27545662654819
STU_018486,67.98465056414896
STU_018487,57.52782853646427
STU_018488,74.76709986735176
STU_018489,61.71040488514195
STU_018490,72.45455403535041
STU_018491,83.69845825865988
STU_018492,75.46072832954916
STU_018493,81.8721049039171
STU_018494,80.33885290195184
STU_018495,81.70807515835786
STU_018496,66.4703952490541
STU_018497,93.43128871472999
STU_018498,72.00437599851738
STU_018499,67.34018233047601
STU_018500,79.70537846903763
STU_018501,100.0
STU_018502,66.04552051813678
STU_018503,46.17150823684639
STU_018504,99.65324771416758
STU_018505,68.65236733914269
STU_018506,79.6714637118045
STU_018507,75.62815494136129
STU_018508,82.06449134398346
STU_018509,57.573185776213705
STU_018510,83.819672430852
STU_018511,78.10670612750478
STU_018512,76.90006684138334
STU_018513,80.28124678813205
STU_018514,62.080241020023266
STU_018515,68.8082068426789
STU_018516,65.4341224922589
STU_018517,85.32240949037181
STU_018518,60.7623785633208
STU_018519,56.7957954333159
STU_018520,85.85263217518128
STU_018521,73.59224884983755
STU_018522,81.16666870538947
STU_018523,86.35181750411206
STU_018524,92.66380494453679
STU_018525,72.37535724559736
STU_018526,60.302659480411506
STU_018527,82.3922208554296
STU_018528,89.18971649048858
STU_018529,80.21454013235976
STU_018530,77.30995770115726
STU_018531,88.88069546688713
STU_018532,68.77421031002555
STU_018533,72.85052420393798
STU_018534,64.9070091281563
STU_018535,87.86571256620049
STU_018536,100.0
STU_018537,85.27422440136246
STU_018538,75.39331602583209
STU_018539,56.494289876362366
STU_018540,82.39341995380511
STU_018541,62.60763310824541
STU_018542,90.0076161210329
STU_018543,73.91578725787004
STU_018544,74.85300968452913
STU_018545,70.90554990597745
STU_018546,92.29117576194382
STU_018547,71.05290130309592
STU_018548,85.59384748190031
STU_018549,84.6227291960404
STU_018550,75.96701174252959
STU_018551,76.95877658897038
STU_018552,65.6410544231437
STU_018553,65.91187039624647
STU_018554,62.98026159429253
STU_018555,58.99930767828489
STU_018556,81.20451830995971
STU_018557,66.00420193781696
STU_018558,65.65303745432965
STU_018559,71.52455734613982
STU_018560,78.72683890097696
STU_018561,77.80367894629988
STU_018562,88.4060444956886
STU_018563,78.36066565162442
STU_018564,81.84109246354178
STU_018565,63.95234136945306
STU_018566,71.16148163995072
STU_018567,89.31463396464028
STU_018568,80.924043265298
STU_018569,85.37207495481515
STU_018570,72.67212536353617
STU_018571,79.28937081928345
STU_018572,62.29945195821489
STU_018573,82.47420567010101
STU_018574,73.53814345281238
STU_018575,72.72350863331114
STU_018576,78.8252274815894
STU_018577,68.94149120595563
STU_018578,82.51181971359375
STU_018579,52.643248337582605
STU_018580,97.41736531900446
STU_018581,71.72747948341352
STU_018582,81.26880326214567
STU_018583,89.10826723747559
STU_018584,83.42090431178434
STU_018585,75.61396629502961
STU_018586,92.17405615895962
STU_018587,94.24451184476037
STU_018588,56.898623721839215
STU_018589,87.33836956398972
STU_018590,72.40807600751555
STU_018591,89.69214964154006
STU_018592,46.11067956641957
STU_018593,85.48648220276905
STU_018594,68.31780774804739
STU_018595,73.20301196836684
STU_018596,59.75084828136339
STU_018597,73.49364503724472
STU_018598,62.6628094735896
STU_018599,58.266580691485345
STU_018600,87.38804717153502
STU_018601,65.82169945995567
STU_018602,68.53793962549177
STU_018603,69.25806689036581
STU_018604,78.04726224159985
STU_018605,47.16582078823099
STU_018606,73.48825013142142
STU_018607,91.24310777729468
STU_018608,93.63356331843242
STU_018609,89.17327655229207
STU_018610,100.0
STU_018611,68.54398456969568
STU_018612,74.86737853194671
STU_018613,85.02615634651139
STU_018614,78.83282292873439
STU_018615,55.12801817318992
STU_018616,81.57219412909978
STU_018617,70.35157241215057
STU_018618,63.928274288185406
STU_018619,71.75572616467548
STU_018620,87.59884887344829
STU_018621,59.32614400279152
STU_018622,79.89778022420637
STU_018623,66.56202631421654
STU_018624,77.26493755246285
STU_018625,83.12450536400794
STU_018626,68.63539751175344
STU_018627,70.43753495719596
STU_018628,61.01650916453042
STU_018629,72.89294847091965
STU_018630,62.42114081584382
STU_018631,92.24148299360746
STU_018632,81.1139227396535
STU_018633,67.98557821305053
STU_018634,66.9306652501599
STU_018635,70.84300490535533
STU_018636,72.46493356927543
STU_018637,70.52191809113508
STU_018638,99.34429127799132
STU_018639,89.6578154271932
STU_018640,69.29287182057034
STU_018641,58.0840476548643
STU_018642,80.78051268847871
STU_018643,64.70653244812956
STU_018644,58.83622858004384
STU_018645,94.75147068612364
STU_018646,65.5650149281517
STU_018647,96.83287553641904
STU_018648,59.151694962510746
STU_018649,58.523443897479666
STU_018650,77.51700218958159
STU_018651,69.27716487612955
STU_018652,85.84478072542055
STU_018653,77.20656379955267
STU_018654,75.74434630455598
STU_018655,67.10625879463568
STU_018656,72.77001831560054
STU_018657,89.5195667157488
STU_018658,87.37949223790181
STU_018659,83.48222166812931
STU_018660,74.54039933196364
STU_018661,59.54123501752039
STU_018662,61.73418868359889
STU_018663,75.59081858848766
STU_018664,51.10693288819291
STU_018665,69.35507610029585
STU_018666,63.61427969847834
STU_018667,57.32401967223765
STU_018668,47.543706735750746
STU_018669,74.09726709782726
STU_018670,70.04668843189911
STU_018671,62.000671879460604
STU_018672,76.63718846717276
STU_018673,62.03739330700531
STU_018674,67.03999179917196
STU_018675,78.78152608006013
STU_018676,65.35021688118499
STU_018677,68.83314529788353
STU_018678,90.39056872427822
STU_018679,89.04739492187406
STU_018680,60.72216772252142
STU_018681,83.83693133670766
STU_018682,84.86477603826268
STU_018683,77.02956583891533
STU_018684,87.40950460834269
STU_018685,72.51626956318836
STU_018686,85.92155457318052
STU_018687,72.77437376657485
STU_018688,65.63936130924147
STU_018689,84.49344149854969
STU_018690,68.65934972450269
STU_018691,70.16839872524938
STU_018692,72.81171040579842
STU_018693,68.46218598535066
STU_018694,86.72188163534912
STU_018695,75.87730751816618
STU_018696,67.93134001431616
STU_018697,80.6850442873452
STU_018698,88.77338959658564
STU_018699,66.81238337715182
STU_018700,100.0
STU_018701,69.70749198361936
STU_018702,83.32189162708355
STU_018703,64.2381090339412
STU_018704,88.99457732768825
STU_018705,72.48328978134765
STU_018706,88.53304199788393
STU_018707,63.239849696240455
STU_018708,74.04391125032885
STU_018709,93.44841743739082
STU_018710,81.37741659418798
STU_018711,64.83565523430022
STU_018712,88.69936428409693
STU_018713,73.23824280007892
STU_018714,78.11968792935807
STU_018715,99.67510339570177
STU_018716,64.75272663322593
STU_018717,73.12301962990378
STU_018718,57.674621443869896
STU_018719,79.20828968862017
STU_018720,69.28121243435727
STU_018721,89.16034589726651
STU_018722,59.86132947547152
STU_018723,56.87824186981037
STU_018724,73.49052577720639
STU_018725,82.51892053823894
STU_018726,67.9683339157146
STU_018727,87.86684422244562
STU_018728,76.64238946518698
STU_018729,90.56153651095701
STU_018730,88.2657324771335
STU_018731,66.46417626244752
STU_018732,75.08952540341916
STU_018733,93.18942055428055
STU_018734,79.53038425871026
STU_018735,77.62968451538856
STU_018736,58.22280051384368
STU_018737,75.26175340507845
STU_018738,72.60726379170765
STU_018739,79.69347171890166
STU_018740,69.27739495667085
STU_018741,47.51592710660779
STU_018742,92.22461520087137
STU_018743,61.149304183228764
STU_018744,99.04153336345581
STU_018745,78.81270154326141
STU_018746,67.99709354238452
STU_018747,90.71716188540813
STU_018748,52.93800717177365
STU_018749,55.00690653028631
STU_018750,84.87484211592293
STU_018751,82.73342928132742
STU_018752,57.505468008772354
STU_018753,60.767428866770736
STU_018754,90.94809366959846
STU_018755,90.14983656593154
STU_018756,70.36800421320497
STU_018757,88.60246855425208
STU_018758,89.73317416880589
STU_018759,90.87812789645241
STU_018760,71.39978623572236
STU_018761,73.11543170469811
STU_018762,78.67273279522999
STU_018763,65.78889066818931
STU_018764,78.79729382873826
STU_018765,77.9022488349608
STU_018766,65.82493605855292
STU_018767,82.22300021567547
STU_018768,78.73145822944342
STU_018769,54.71630515518105
STU_018770,82.42982091653559
STU_018771,67.52439473310599
STU_018772,92.7637532071954
STU_018773,80.73645249425361
STU_018774,66.3543763116791
STU_018775,84.2943393048966
STU_018776,88.32791131619544
STU_018777,57.46952445789745
STU_018778,96.38496770787381
STU_018779,90.11711044292791
STU_018780,63.96748312655303
STU_018781,89.48617942620582
STU_018782,96.45633937977726
STU_018783,81.08719168539929
STU_018784,80.62404445644657
STU_018785,86.51315613193842
STU_018786,71.55824785422286
STU_018787,56.17528045793445
STU_018788,67.45080762858693
STU_018789,74.42137621885192
STU_018790,92.23695878847097
STU_018791,71.66734249218493
STU_018792,61.06285743915409
STU_018793,60.647694174759685
STU_018794,66.63498318759818
STU_018795,90.73220171809386
STU_018796,57.83238779719263
STU_018797,61.03539472265274
STU_018798,61.09806120139872
STU_018799,84.90361575729969
STU_018800,82.59553664352426
STU_018801,80.17046040999398
STU_018802,71.83471218207428
STU_018803,66.33741753814414
STU_018804,58.8723244632891
STU_018805,65.36006510381331
STU_018806,87.16437390600267
STU_018807,78.93487722217816
STU_018808,64.15889668637313
STU_018809,89.09974037383685
STU_018810,79.23225553523605
STU_018811,48.605888686700595
STU_018812,82.4120748014635
STU_018813,69.54396080722287
STU_018814,49.53930905193735
STU_018815,88.78102676104317
STU_018816,66.99386860067669
STU_018817,70.3309373078377
STU_018818,86.08652755631884
STU_018819,71.39450753352905
STU_018820,92.1689180039928
STU_018821,83.11632507209563
STU_018822,74.81377731332513
STU_018823,96.42637498632266
STU_018824,64.37817192820378
STU_018825,72.69330180773322
STU_018826,69.17297496880198
STU_018827,72.59242745027154
STU_018828,64.85022403725284
STU_018829,60.20578216784364
STU_018830,85.30919989290332
STU_018831,83.94155578341284
STU_018832,85.09008637282521
STU_018833,61.19207428702962
STU_018834,55.51333856149638
STU_018835,61.6440292412003
STU_018836,78.30428846960395
STU_018837,73.06691033178754
STU_018838,62.651824969498904
STU_018839,79.6984619572562
STU_018840,83.8252756868031
STU_018841,88.75442622927034
STU_018842,80.81544365335067
STU_018843,75.72240688714575
STU_018844,67.06742235830252
STU_018845,79.96481562049523
STU_018846,98.16595218940842
STU_018847,98.1286761014338
STU_018848,81.5438526229353
STU_018849,73.64596828615078
STU_018850,79.09920284634931
STU_018851,64.21049949216204
STU_018852,52.74916097524914
STU_018853,62.767708176048046
STU_018854,62.40054125288734
STU_018855,74.11911011944822
STU_018856,66.35563625356413
STU_018857,85.35083314045377
STU_018858,81.820934240843
STU_018859,94.15635412851375
STU_018860,71.10929786381384
STU_018861,73.80853059014218
STU_018862,89.8558174952964
STU_018863,66.7966598341241
STU_018864,63.24078408915902
STU_018865,77.07729664772748
STU_018866,74.02387427409165
STU_018867,64.72867088929308
STU_018868,77.57496904976516
STU_018869,75.49060804079315
STU_018870,89.12030763008474
STU_018871,94.33712380212432
STU_018872,82.52865919029023
STU_018873,71.3960251061114
STU_018874,78.16696488893959
STU_018875,97.9640484402962
STU_018876,65.342718545236
STU_018877,59.24084093788011
STU_018878,94.89561756486165
STU_018879,85.72072252426544
STU_018880,80.79729092419056
STU_018881,65.40853348356269
STU_018882,69.93477110887052
STU_018883,70.98957628989648
STU_018884,89.53547817694326
STU_018885,56.53445703799637
STU_018886,87.16871489427186
STU_018887,69.66680302079848
STU_018888,92.30506195592494
STU_018889,63.41710596033267
STU_018890,46.31871954303926
STU_018891,77.22025735182635
STU_018892,79.78200237177492
STU_018893,84.59887673680959
STU_018894,99.135956476742
STU_018895,79.04256508064498
STU_018896,86.09919198031571
STU_018897,71.85470421081595
STU_018898,66.49599421407088
STU_018899,72.16512721003369
STU_018900,75.56055963343755
STU_018901,82.952435044968
STU_018902,97.63581407489494
STU_018903,87.71091662174706
STU_018904,76.66010912179688
STU_018905,66.2108380520267
STU_018906,80.30834597726482
STU_018907,76.07052090815021
STU_018908,72.73963868756675
STU_018909,76.01771574873864
STU_018910,73.7683577213348
STU_018911,58.927861869975025
STU_018912,83.00007235860758
STU_018913,66.61272571305916
STU_018914,70.60441903906202
STU_018915,78.85819004493818
STU_018916,63.005033563350494
STU_018917,82.7465428976797
STU_018918,90.93115518460525
STU_018919,83.56541253885959
STU_018920,57.453375930592486
STU_018921,73.28265132525628
STU_018922,65.3035313884347
STU_018923,98.92204968598053
STU_018924,67.56236488578043
STU_018925,75.54879505357889
STU_018926,82.12944004760689
STU_018927,74.9407965402547
STU_018928,70.09940774038972
STU_018929,68.88527536923264
STU_018930,60.48933227185637
STU_018931,60.16750967440022
STU_018932,52.82964248904015
STU_018933,74.57482632418481
STU_018934,77.49455947825714
STU_018935,69.53685762068677
STU_018936,73.1890007463891
STU_018937,83.76112175886412
STU_018938,82.21747374959227
STU_018939,68.3263293676435
STU_018940,81.01147236799768
STU_018941,86.39632332274529
STU_018942,60.43084450800622
STU_018943,79.28470033686426
STU_018944,75.33822960463637
STU_018945,75.52985819603762
STU_018946,79.7915859472537
STU_018947,68.55800196984428
STU_018948,70.39720575809808
STU_018949,71.34236674603237
STU_018950,83.71806521320403
STU_018951,69.66426275093215
STU_018952,65.8330894621694
STU_018953,72.02501942729411
STU_018954,80.93696572293285
STU_018955,71.95168215536056
STU_018956,62.64824198074872
STU_018957,69.7910500995748
STU_018958,79.92771337341334
STU_018959,80.00390174817626
STU_018960,71.35027281255647
STU_018961,66.51008234445518
STU_018962,81.01250655042713
STU_018963,93.45160471473076
STU_018964,66.6069999983954
STU_018965,84.88310709922897
STU_018966,97.3263106171735
STU_018967,96.21657929735085
STU_018968,76.90152622222713
STU_018969,78.37216639633029
STU_018970,90.2986973520338
STU_018971,57.30490529469916
STU_018972,77.13027046348662
STU_018973,87.61218158794988
STU_018974,61.66279665713369
STU_018975,75.15410718958265
STU_018976,72.81047112517216
STU_018977,86.66246913131154
STU_018978,83.15089827270808
STU_018979,60.54788971272837
STU_018980,75.39553090012468
STU_018981,55.42496287498835
STU_018982,75.71568111317427
STU_018983,74.59087555548452
STU_018984,74.01448684020964
STU_018985,82.11326757532422
STU_018986,81.72291517051143
STU_018987,82.30703767407189
STU_018988,72.5703680974527
STU_018989,85.22034456245856
STU_018990,86.74922366887044
STU_018991,64.48994797904352
STU_018992,72.16073189032674
STU_018993,74.75691110463922
STU_018994,82.18709342679917
STU_018995,92.20887675782052
STU_018996,63.667813808922546
STU_018997,69.83158610901594
STU_018998,71.63734513199587
STU_018999,90.73146574375083
STU_019000,74.37803801648376
STU_019001,63.28640613519805
STU_019002,67.63827396819464
STU_019003,86.12358178455753
STU_019004,80.33506767511912
STU_019005,92.0888852130254
STU_019006,90.94692501398688
STU_019007,100.0
STU_019008,77.13890260131929
STU_019009,100.0
STU_019010,50.136046549711025
STU_019011,86.87777707514851
STU_019012,74.32031131203736
STU_019013,62.602187097511305
STU_019014,100.0
STU_019015,53.46381148065165
STU_019016,60.37374274433391
STU_019017,94.07398800444628
STU_019018,74.3243412907598
STU_019019,73.62513498703956
STU_019020,95.11685007653716
STU_019021,36.56228018760959
STU_019022,69.5267022323169
STU_019023,89.8121828298498
STU_019024,71.36222702285221
STU_019025,93.21553834909983
STU_019026,94.78968036089472
STU_019027,77.63902140392466
STU_019028,60.64051520458686
STU_019029,60.8642324765591
STU_019030,69.52111698343889
STU_019031,83.58631359594304
STU_019032,82.18239363159199
STU_019033,75.83950507256246
STU_019034,69.97141620604471
STU_019035,83.27422339405081
STU_019036,90.9563520099397
STU_019037,86.20299488446757
STU_019038,68.71216401684333
STU_019039,75.97606576918594
STU_019040,73.76600322895125
STU_019041,79.19957540459853
STU_019042,81.25507930735772
STU_019043,87.64186835003719
STU_019044,84.28134709551178
STU_019045,72.21903727656652
STU_019046,64.36900818513159
STU_019047,52.05671297795912
STU_019048,85.39309314126294
STU_019049,58.92800937155458
STU_019050,83.78648844326754
STU_019051,64.76384455689501
STU_019052,63.918637831706405
STU_019053,76.0754901676677
STU_019054,72.76962592198231
STU_019055,50.54104029309573
STU_019056,80.70019118889297
STU_019057,85.06938284600201
STU_019058,83.7593036780588
STU_019059,50.72357238670709
STU_019060,68.34273634931426
STU_019061,53.407816805099216
STU_019062,84.72435898376688
STU_019063,71.5813332661081
STU_019064,63.86656268125424
STU_019065,90.53811517680796
STU_019066,60.64655727060593
STU_019067,78.40859701946043
STU_019068,67.25308200575049
STU_019069,60.4325556104914
STU_019070,74.50052529261413
STU_019071,64.7821827932791
STU_019072,99.10413888803531
STU_019073,65.77953769246058
STU_019074,67.28953372149702
STU_019075,68.47820200518966
STU_019076,62.544332641702475
STU_019077,93.55492664998894
STU_019078,89.48168688844672
STU_019079,84.79467905547601
STU_019080,58.50149171664707
STU_019081,81.87904378626585
STU_019082,87.23543199165655
STU_019083,58.331925829334395
STU_019084,57.94394773491449
STU_019085,61.848905677728276
STU_019086,48.75762432651182
STU_019087,75.71065246256379
STU_019088,70.21050774952249
STU_019089,76.30377809291353
STU_019090,86.11051308393401
STU_019091,81.29083199151452
STU_019092,81.15525145822166
STU_019093,75.37584062778832
STU_019094,86.56139368290394
STU_019095,75.61867291786388
STU_019096,82.23789147769007
STU_019097,85.47664957026043
STU_019098,57.7709113618932
STU_019099,70.23202527821172
STU_019100,70.20153829675588
STU_019101,60.789987868899615
STU_019102,73.61104701761253
STU_019103,84.31628968303507
STU_019104,65.10879204544538
STU_019105,64.41091019021918
STU_019106,62.539660044973786
STU_019107,84.71791693370218
STU_019108,74.00432933045562
STU_019109,98.85537496786598
STU_019110,91.18517586421572
STU_019111,74.00861972462828
STU_019112,96.1681977681483
STU_019113,82.79004868148185
STU_019114,96.53258880842093
STU_019115,84.17139320796312
STU_019116,81.96419238326524
STU_019117,63.48002824974764
STU_019118,76.11952372207078
STU_019119,75.1349469723362
STU_019120,65.61108880547376
STU_019121,95.43458541871134
STU_019122,81.94108541597642
STU_019123,70.77500794869235
STU_019124,93.16623701782031
STU_019125,76.1837209330388
STU_019126,74.98109775673875
STU_019127,71.01760375451317
STU_019128,90.80813954330397
STU_019129,62.55850820865378
STU_019130,58.31348229001864
STU_019131,81.11108233359947
STU_019132,87.93357744090063
STU_019133,58.029468540617046
STU_019134,68.84073489212604
STU_019135,97.32170542220028
STU_019136,90.07049761593598
STU_019137,64.08569763843352
STU_019138,87.90880737774138
STU_019139,85.43242698893513
STU_019140,81.72358270028519
STU_019141,88.76433947592523
STU_019142,82.90311976098134
STU_019143,81.55189508288875
STU_019144,75.97437766538071
STU_019145,63.5725126840783
STU_019146,93.30625191321454
STU_019147,77.6887419898189
STU_019148,95.45031668233138
STU_019149,79.41543629706996
STU_019150,78.34726613603917
STU_019151,92.39676486944552
STU_019152,47.67333806052396
STU_019153,69.57581440589185
STU_019154,87.32581915150158
STU_019155,100.0
STU_019156,78.33514795488765
STU_019157,85.11273458777038
STU_019158,54.657668464902144
STU_019159,71.0103077200572
STU_019160,61.916102649569964
STU_019161,61.68000779293172
STU_019162,61.296992422832574
STU_019163,74.36038092631838
STU_019164,71.36086983399011
STU_019165,80.12630687838822
STU_019166,90.5484651880071
STU_019167,83.31219582334477
STU_019168,87.91551248608269
STU_019169,69.49104499756443
STU_019170,89.01379142330518
STU_019171,76.74344319350517
STU_019172,86.33672273043302
STU_019173,76.341796400562
STU_019174,58.13277933663218
STU_019175,74.74917540109413
STU_019176,77.5790893636059
STU_019177,92.32767741526398
STU_019178,38.27544952029265
STU_019179,75.49510095168219
STU_019180,65.15689279291989
STU_019181,91.03891123549818
STU_019182,58.05598340476622
STU_019183,91.76638447843703
STU_019184,91.15744588516861
STU_019185,94.68201753131247
STU_019186,96.29000720511371
STU_019187,72.80843837288971
STU_019188,94.48449699208999
STU_019189,87.4443521266926
STU_019190,72.971941585621
STU_019191,65.15004904858712
STU_019192,93.56134619399828
STU_019193,68.61544946333154
STU_019194,71.0380575313733
STU_019195,79.75523575745447
STU_019196,80.00849037830399
STU_019197,92.89702670114639
STU_019198,73.47684130791458
STU_019199,100.0
STU_019200,70.83682813351281
STU_019201,85.12862276988271
STU_019202,77.78134085856412
STU_019203,56.48646159981044
STU_019204,59.7599814773299
STU_019205,83.06911838853736
STU_019206,48.418309321496764
STU_019207,67.6081290007282
STU_019208,69.84393226362121
STU_019209,70.18379861081277
STU_019210,60.257658076818714
STU_019211,65.38422169868811
STU_019212,70.4681859198316
STU_019213,69.3672282952104
STU_019214,70.30281795120447
STU_019215,98.17663078267068
STU_019216,70.47123171256581
STU_019217,75.05947205918304
STU_019218,47.39835812765116
STU_019219,83.22764818788386
STU_019220,75.86595213896277
STU_019221,62.6820007676948
STU_019222,81.51932752412884
STU_019223,79.2100393116832
STU_019224,93.6325990925597
STU_019225,56.27581741629639
STU_019226,56.31501247961716
STU_019227,66.84669693680226
STU_019228,59.02744437456586
STU_019229,79.24673548971386
STU_019230,67.84061186918505
STU_019231,84.59876684352932
STU_019232,87.61786755709743
STU_019233,58.046993039034916
STU_019234,68.58956499111991
STU_019235,78.65901525106543
STU_019236,80.29478026492757
STU_019237,73.73750922283857
STU_019238,74.57163140873851
STU_019239,84.14774904844016
STU_019240,78.04500856422543
STU_019241,95.57027240039244
STU_019242,67.98827426269935
STU_019243,87.07431246402568
STU_019244,77.41983096830721
STU_019245,53.10441655567182
STU_019246,60.08548613389408
STU_019247,85.7451092787257
STU_019248,86.877612302182
STU_019249,92.24250198204115
STU_019250,61.70055633309849
STU_019251,90.0482258836557
STU_019252,72.50847959553752
STU_019253,60.25284863519003
STU_019254,50.70521990176974
STU_019255,68.21588385398432
STU_019256,87.04467355321131
STU_019257,61.07024036263692
STU_019258,56.08521285202216
STU_019259,73.21874814760515
STU_019260,80.43749841178719
STU_019261,66.57539426945071
STU_019262,88.55196115553477
STU_019263,71.6302630761584
STU_019264,73.2362504448694
STU_019265,88.96084338654168
STU_019266,84.47202836635847
STU_019267,58.87819403068485
STU_019268,71.38809698194181
STU_019269,80.22194338287788
STU_019270,85.55129509611365
STU_019271,51.49513110627479
STU_019272,68.18051309169932
STU_019273,90.13304949874704
STU_019274,98.23922785285839
STU_019275,100.0
STU_019276,58.01069060752566
STU_019277,95.83130754011499
STU_019278,83.38017202868092
STU_019279,77.13165776817127
STU_019280,61.16479735108099
STU_019281,86.16149242950826
STU_019282,65.78131423787033
STU_019283,95.49341897439535
STU_019284,83.0409618732794
STU_019285,70.60928035873893
STU_019286,89.87882030102244
STU_019287,78.53375185605309
STU_019288,64.75911979512743
STU_019289,88.84307789741257
STU_019290,79.60583307965754
STU_019291,76.89214664853706
STU_019292,76.79895520777403
STU_019293,63.94013669309155
STU_019294,69.15062362154691
STU_019295,62.18248847505183
STU_019296,69.34900832140237
STU_019297,85.22312999445137
STU_019298,85.1834368293903
STU_019299,89.49784523937785
STU_019300,82.91304008562965
STU_019301,70.35654024333331
STU_019302,74.81268500567889
STU_019303,68.5133403637423
STU_019304,91.46217021119485
STU_019305,69.5175670098885
STU_019306,60.283151386246274
STU_019307,64.24842744715633
STU_019308,53.91234304955295
STU_019309,70.18214726243305
STU_019310,85.67567637872806
STU_019311,89.11243463760329
STU_019312,73.77429294269331
STU_019313,85.58508181581126
STU_019314,87.60901459783808
STU_019315,75.5158807170842
STU_019316,89.01399871081301
STU_019317,77.04203844433852
STU_019318,85.4688900027568
STU_019319,90.13767308222455
STU_019320,96.76507031809624
STU_019321,75.9522368067041
STU_019322,86.40586751966245
STU_019323,71.35626244754874
STU_019324,91.47141785258955
STU_019325,73.1838447868462
STU_019326,94.09590939695323
STU_019327,94.5678794525581
STU_019328,95.39380070709548
STU_019329,89.13456525686797
STU_019330,83.91407020431825
STU_019331,76.05289103207411
STU_019332,69.53134858258205
STU_019333,89.34449023810436
STU_019334,60.02962559404139
STU_019335,66.99544393456128
STU_019336,68.31321768932946
STU_019337,91.52807734607353
STU_019338,64.49617471055637
STU_019339,91.64758988960091
STU_019340,98.92170024202053
STU_019341,78.87176140697547
STU_019342,59.015082067408485
STU_019343,73.44208981623262
STU_019344,62.468379560233984
STU_019345,69.0031926040305
STU_019346,78.4237340524947
STU_019347,52.59309489363961
STU_019348,91.44358008219973
STU_019349,83.12709577258016
STU_019350,60.41314243413403
STU_019351,86.78576936275851
STU_019352,79.73849841053146
STU_019353,80.77069355829222
STU_019354,71.85611067089604
STU_019355,78.16326211189804
STU_019356,58.550266782972045
STU_019357,57.19446786227398
STU_019358,77.72499773133633
STU_019359,87.93229568642354
STU_019360,64.06716618087253
STU_019361,84.03940590936249
STU_019362,63.689477655168254
STU_019363,71.74636741345644
STU_019364,76.96400083989566
STU_019365,83.77942607721928
STU_019366,95.05037809610629
STU_019367,98.9791193017192
STU_019368,75.91720796453671
STU_019369,76.68767872475375
STU_019370,73.85981509219228
STU_019371,85.73451690990942
STU_019372,72.40327127351333
STU_019373,63.38121034250708
STU_019374,67.97955339936073
STU_019375,80.74681113128241
STU_019376,94.96210589575105
STU_019377,86.98595155409899
STU_019378,66.63328456607806
STU_019379,54.09121685363961
STU_019380,90.07194935414446
STU_019381,66.94902821991788
STU_019382,69.71323985265296
STU_019383,83.0225403244043
STU_019384,60.99221299992761
STU_019385,85.85094805138701
STU_019386,70.74473047812522
STU_019387,59.69395121380259
STU_019388,67.08463073301684
STU_019389,96.44812873033729
STU_019390,42.36324967878228
STU_019391,76.59589900419854
STU_019392,76.26047453631551
STU_019393,74.75495055851533
STU_019394,71.80805625821681
STU_019395,80.58763653577783
STU_019396,94.44818470309929
STU_019397,71.13290710332159
STU_019398,59.829355166657386
STU_019399,59.8262668839466
STU_019400,91.94927378021202
STU_019401,66.95602341858428
STU_019402,64.96683597604829
STU_019403,82.07046436040164
STU_019404,85.43103760795742
STU_019405,82.51605196003922
STU_019406,71.26234539845079
STU_019407,64.89594473906857
STU_019408,81.63539119497074
STU_019409,68.763375616179
STU_019410,72.18871447546697
STU_019411,78.98258459408093
STU_019412,59.53663737879863
STU_019413,69.85040618705067
STU_019414,66.2384316815061
STU_019415,83.893053242276
STU_019416,83.45403469283943
STU_019417,89.12796224884019
STU_019418,92.97664707482554
STU_019419,74.95538879805756
STU_019420,75.2603941534611
STU_019421,78.48675279858335
STU_019422,77.80428818936717
STU_019423,72.12918292505678
STU_019424,90.1096963472609
STU_019425,59.993680594912234
STU_019426,80.42706344727428
STU_019427,88.1800322440827
STU_019428,94.93693390485596
STU_019429,71.43871643899251
STU_019430,85.43426582871253
STU_019431,54.77516091857689
STU_019432,80.04320467466289
STU_019433,63.89722683181511
STU_019434,57.28095053015217
STU_019435,100.0
STU_019436,58.0656226334508
STU_019437,91.22674631241406
STU_019438,79.18917265196993
STU_019439,55.117779244298596
STU_019440,66.81105202211972
STU_019441,81.57254853734351
STU_019442,73.68817892939481
STU_019443,58.5883946988113
STU_019444,92.78598244589728
STU_019445,91.2440806342032
STU_019446,51.88887293185395
STU_019447,76.93892576361783
STU_019448,72.45673520917232
STU_019449,58.754226079628076
STU_019450,69.9998787347698
STU_019451,65.56433779873844
STU_019452,84.21616067374553
STU_019453,79.85230344653664
STU_019454,77.28789881169621
STU_019455,70.1437668590988
STU_019456,67.71233827408825
STU_019457,64.07922222296475
STU_019458,70.5664571365886
STU_019459,62.16319520279608
STU_019460,90.99725481215353
STU_019461,94.1844655203231
STU_019462,98.4751159937775
STU_019463,64.88844313197532
STU_019464,77.02262965580896
STU_019465,69.34869910921729
STU_019466,69.77095005041362
STU_019467,72.68541922080942
STU_019468,88.80320140973542
STU_019469,72.86765596857268
STU_019470,89.93702323840829
STU_019471,94.6564702127404
STU_019472,88.25701380303991
STU_019473,93.29682548528078
STU_019474,62.518695322235125
STU_019475,57.93038988571498
STU_019476,96.36183432911417
STU_019477,65.58766338636454
STU_019478,72.27271829289307
STU_019479,73.65831881364166
STU_019480,89.95285013956534
STU_019481,73.80233579549542
STU_019482,73.37306375620597
STU_019483,71.880249195744
STU_019484,83.63184536741613
STU_019485,57.74723864354486
STU_019486,37.897554973706164
STU_019487,68.26347774826648
STU_019488,93.09302498685639
STU_019489,66.37762035278608
STU_019490,74.59530859241174
STU_019491,55.66072525291205
STU_019492,71.37506868665453
STU_019493,63.481295768292185
STU_019494,59.71560779118324
STU_019495,90.14165070357944
STU_019496,90.89058629147108
STU_019497,56.8492467600727
STU_019498,87.63436265807158
STU_019499,95.13059552324279
STU_019500,89.04357102439288
STU_019501,89.2294546083362
STU_019502,67.33961608536902
STU_019503,70.08793677679125
STU_019504,91.36493679935857
STU_019505,61.943998861042864
STU_019506,80.431390424667
STU_019507,91.29513766164608
STU_019508,95.30353378337894
STU_019509,98.1119683271192
STU_019510,89.9355719758073
STU_019511,53.48231244245186
STU_019512,77.32853232117124
STU_019513,63.48280489165106
STU_019514,54.27586182025556
STU_019515,59.56170475475978
STU_019516,88.32099516813936
STU_019517,66.9350836492726
STU_019518,67.41693405724978
STU_019519,65.99259868355644
STU_019520,83.56584880317544
STU_019521,66.16642741694433
STU_019522,73.54042253620077
STU_019523,92.98411598464872
STU_019524,80.7908140568184
STU_019525,84.67768259424078
STU_019526,70.69082034481013
STU_019527,72.90072890123857
STU_019528,69.38970396165647
STU_019529,95.07151845830879
STU_019530,89.18544498102806
STU_019531,88.8822966828711
STU_019532,46.16140839908167
STU_019533,78.40344435244472
STU_019534,76.2888297967927
STU_019535,73.01405775801352
STU_019536,65.47328282268343
STU_019537,55.22137730454925
STU_019538,79.28600971967363
STU_019539,69.76826185550186
STU_019540,62.052796120001815
STU_019541,77.60185166126058
STU_019542,100.0
STU_019543,100.0
STU_019544,74.8998761328705
STU_019545,90.51266930744852
STU_019546,56.67414580131797
STU_019547,67.52876517218363
STU_019548,87.99126434433532
STU_019549,85.25656459397428
STU_019550,96.6143683991381
STU_019551,76.09604430332504
STU_019552,69.1349859104429
STU_019553,73.20011802650741
STU_019554,57.42253838563487
STU_019555,96.87717604962049
STU_019556,73.01674534748561
STU_019557,97.8812831095832
STU_019558,60.25453699518862
STU_019559,85.10151684091994
STU_019560,81.30311187660935
STU_019561,44.67490447039013
STU_019562,91.42544549042142
STU_019563,76.61641809753833
STU_019564,69.30641267388893
STU_019565,62.388791870745976
STU_019566,85.02054207798844
STU_019567,82.15175415473303
STU_019568,68.80245973336392
STU_019569,64.05396794452389
STU_019570,73.80155837360131
STU_019571,45.82827248480703
STU_019572,65.04028442665086
STU_019573,69.90386901420378
STU_019574,76.01001296276924
STU_019575,77.54341020334007
STU_019576,91.79349165821968
STU_019577,67.53949181740427
STU_019578,63.33882947973712
STU_019579,73.13715744046385
STU_019580,66.28267652121514
STU_019581,97.25270407164388
STU_019582,81.84982552948863
STU_019583,73.89171826515881
STU_019584,66.21827573337688
STU_019585,84.9383212320598
STU_019586,73.76069862036518
STU_019587,82.98318156218242
STU_019588,74.0060158313346
STU_019589,63.73118683461038
STU_019590,97.74492446100871
STU_019591,91.08742080603132
STU_019592,72.95393074330836
STU_019593,66.47234268301294
STU_019594,91.52026151082993
STU_019595,73.37467542786541
STU_019596,93.96546039470401
STU_019597,70.04623426330828
STU_019598,73.51129892457175
STU_019599,67.16792259629781
STU_019600,95.73095094369793
STU_019601,75.48285026604223
STU_019602,78.20831069075454
STU_019603,94.97059665334508
STU_019604,92.73369929918618
STU_019605,74.63976048606919
STU_019606,83.83285759422296
STU_019607,60.42152254384369
STU_019608,68.66566838125793
STU_019609,88.89781953452416
STU_019610,61.79499250609334
STU_019611,70.88479204185239
STU_019612,59.24595105270099
STU_019613,57.11061886948581
STU_019614,63.6594428647971
STU_019615,89.53470684939202
STU_019616,70.47960239490786
STU_019617,79.19601687187856
STU_019618,63.37810709262331
STU_019619,90.85329733728466
STU_019620,80.36612368156577
STU_019621,73.77203471870673
STU_019622,81.03630216205534
STU_019623,73.70491741644058
STU_019624,98.13387202649916
STU_019625,39.575907365030304
STU_019626,85.50270318877661
STU_019627,90.45629955336022
STU_019628,72.63047372286452
STU_019629,78.60875779555326
STU_019630,95.19562712147435
STU_019631,62.75969734844428
STU_019632,92.92936574971932
STU_019633,92.06641205630993
STU_019634,86.04438717005102
STU_019635,72.16688680738005
STU_019636,63.86386084005697
STU_019637,79.41191552086306
STU_019638,68.78774644229287
STU_019639,64.4296332674498
STU_019640,85.15954031828264
STU_019641,91.64994289203936
STU_019642,82.96298387994933
STU_019643,90.41703253651386
STU_019644,72.3451423156537
STU_019645,72.30326997598623
STU_019646,77.3506989263612
STU_019647,78.77546174503809
STU_019648,58.08913389654643
STU_019649,61.31879246399273
STU_019650,68.00871498704728
STU_019651,73.80076237442631
STU_019652,72.51959962895515
STU_019653,70.69754774123615
STU_019654,55.867584940637364
STU_019655,61.95852618551588
STU_019656,48.272655836397504
STU_019657,67.93535455280237
STU_019658,70.00783281495055
STU_019659,75.19569051788042
STU_019660,69.63851649674606
STU_019661,76.54370055833337
STU_019662,69.56149635565313
STU_019663,76.50510843317902
STU_019664,68.10929533725484
STU_019665,87.61203557770179
STU_019666,89.19043601891028
STU_019667,76.91955940882238
STU_019668,50.5355959617126
STU_019669,63.31519093834488
STU_019670,83.7290268721635
STU_019671,52.599355558096136
STU_019672,84.05428587508506
STU_019673,71.33973208659006
STU_019674,82.54118832179462
STU_019675,71.65099666883759
STU_019676,81.47666071771204
STU_019677,84.40345705831679
STU_019678,99.71648145607116
STU_019679,90.08851293109416
STU_019680,83.65384179321256
STU_019681,91.63351343528129
STU_019682,86.19542415289243
STU_019683,71.19546093271262
STU_019684,64.82709637532707
STU_019685,92.49448659025197
STU_019686,83.5752395934042
STU_019687,63.82796034022031
STU_019688,85.24811216967673
STU_019689,72.09879264451376
STU_019690,78.54796198058074
STU_019691,62.274433379452425
STU_019692,53.92258050946596
STU_019693,96.92297010105027
STU_019694,79.45751884667315
STU_019695,55.35778106160704
STU_019696,64.6464521958039
STU_019697,94.44365376534269
STU_019698,91.69245394754883
STU_019699,75.31646299723761
STU_019700,80.63396466547363
STU_019701,64.4489285667917
STU_019702,73.47664018110288
STU_019703,85.34163480959785
STU_019704,75.51960470055623
STU_019705,63.58024080729021
STU_019706,86.7393439348275
STU_019707,66.02774163098182
STU_019708,80.99945904067057
STU_019709,71.02410209319218
STU_019710,63.779718928250354
STU_019711,93.46995338234677
STU_019712,50.34515156783888
STU_019713,87.22239614474867
STU_019714,63.633789410483516
STU_019715,84.83220255448754
STU_019716,85.57475123271149
STU_019717,94.31438294589253
STU_019718,70.95336294474579
STU_019719,94.65705268761128
STU_019720,94.68416308426268
STU_019721,58.018644682604716
STU_019722,69.63707278903894
STU_019723,79.72038852892331
STU_019724,72.73957408363394
STU_019725,93.38257611934888
STU_019726,63.44689170606432
STU_019727,87.1027888656262
STU_019728,80.86270281943058
STU_019729,73.31272142660693
STU_019730,71.16683228627177
STU_019731,62.94382522326036
STU_019732,83.41444224035848
STU_019733,81.05560282396205
STU_019734,72.81067087782657
STU_019735,85.9698845281292
STU_019736,95.19499997521271
STU_019737,95.58835976216315
STU_019738,87.92546612161414
STU_019739,68.60813782934466
STU_019740,73.1040334818606
STU_019741,96.69858504741413
STU_019742,76.32704027160254
STU_019743,88.37236686349567
STU_019744,74.40643064813915
STU_019745,85.21842744119505
STU_019746,91.38946774845938
STU_019747,78.58601876506174
STU_019748,60.32131906103318
STU_019749,67.92390466691958
STU_019750,71.02047512284793
STU_019751,75.7377984001007
STU_019752,61.481928420838884
STU_019753,90.69058528739305
STU_019754,73.1936832356812
STU_019755,83.16641837098257
STU_019756,51.68146152076298
STU_019757,79.52402025055952
STU_019758,58.02383666879368
STU_019759,75.45992884868909
STU_019760,83.28236983888425
STU_019761,63.793688918440395
STU_019762,83.55527676554584
STU_019763,71.48871424172268
STU_019764,60.80910700343008
STU_019765,85.07644924485567
STU_019766,68.95325378382351
STU_019767,49.65849036113204
STU_019768,83.28111788684242
STU_019769,67.23909596330553
STU_019770,80.2754336290531
STU_019771,92.45859867467895
STU_019772,67.13686612214133
STU_019773,85.35836892002588
STU_019774,54.40598271459007
STU_019775,88.71580260547805
STU_019776,55.62377983436247
STU_019777,73.95086440100617
STU_019778,75.86230450826226
STU_019779,73.20586390472927
STU_019780,78.21896369013318
STU_019781,51.482737939467924
STU_019782,75.91175720170801
STU_019783,67.83855978403187
STU_019784,76.12317532970039
STU_019785,73.16104450416329
STU_019786,51.87122377277614
STU_019787,77.39410652860812
STU_019788,72.48525684673466
STU_019789,81.37726914058484
STU_019790,63.829987746861526
STU_019791,52.7707405161034
STU_019792,78.57260950916663
STU_019793,64.80826779107868
STU_019794,84.13124263148173
STU_019795,72.12323840427831
STU_019796,85.1076118390013
STU_019797,48.2063509823183
STU_019798,86.70044198176753
STU_019799,81.07281534604368
STU_019800,53.53597085253665
STU_019801,78.8284507551118
STU_019802,87.69618383688191
STU_019803,69.0128844597038
STU_019804,76.33177675426208
STU_019805,72.67371806724786
STU_019806,61.415483288225644
STU_019807,62.540252768604205
STU_019808,70.3537592968608
STU_019809,92.31968737379071
STU_019810,70.19166795174992
STU_019811,69.55713895324715
STU_019812,88.18959395645854
STU_019813,76.13461194923283
STU_019814,85.39891396333672
STU_019815,85.07272873870009
STU_019816,77.41463735874754
STU_019817,97.45169305055836
STU_019818,70.34060278141723
STU_019819,99.41349280393929
STU_019820,63.390149959158094
STU_019821,79.24468411001286
STU_019822,64.42041480706484
STU_019823,81.12612309202846
STU_019824,95.75966619738931
STU_019825,76.71428759435203
STU_019826,82.61322228344417
STU_019827,84.21597985856567
STU_019828,85.9760774112749
STU_019829,75.64817341783848
STU_019830,91.20718880008772
STU_019831,87.66932845882752
STU_019832,90.26796587439054
STU_019833,74.2416523426115
STU_019834,72.81112504647527
STU_019835,69.14258661756203
STU_019836,88.39594346603366
STU_019837,71.92066921553212
STU_019838,74.42523845287461
STU_019839,78.96236083690135
STU_019840,63.026709003547936
STU_019841,68.00411616560774
STU_019842,68.30872136879825
STU_019843,67.0376076572314
STU_019844,74.75761454236614
STU_019845,77.68740484322922
STU_019846,93.94229937415477
STU_019847,97.9999069500383
STU_019848,68.45758061800512
STU_019849,89.45632542098232
STU_019850,76.85449142290348
STU_019851,99.6275549563866
STU_019852,65.36441944767961
STU_019853,83.70502046470382
STU_019854,80.30496301542348
STU_019855,78.0033301969177
STU_019856,71.8220814316079
STU_019857,83.4253595641128
STU_019858,99.31721437030441
STU_019859,96.97439861480022
STU_019860,88.1129757672415
STU_019861,62.576584803352475
STU_019862,70.11169243839375
STU_019863,78.5976659850182
STU_019864,79.91045104190388
STU_019865,90.42591057189676
STU_019866,87.28716913439861
STU_019867,83.40263569256324
STU_019868,77.50458114676178
STU_019869,73.35198443641023
STU_019870,74.11898122891255
STU_019871,91.46827398499764
STU_019872,100.0
STU_019873,77.07443154876229
STU_019874,57.24746602565435
STU_019875,75.66591878002001
STU_019876,97.15243987435065
STU_019877,66.7022174126171
STU_019878,64.23389035978931
STU_019879,88.42194566885857
STU_019880,54.98621554655964
STU_019881,70.77834763203283
STU_019882,87.44561581436105
STU_019883,61.98897428844407
STU_019884,69.9963391804222
STU_019885,79.8771057640243
STU_019886,73.28538074283891
STU_019887,100.0
STU_019888,63.08006769910955
STU_019889,86.64729591715711
STU_019890,81.00927476891417
STU_019891,77.8574025316907
STU_019892,70.07618811220466
STU_019893,93.86596728088395
STU_019894,61.961004958787086
STU_019895,76.33391937435994
STU_019896,83.1920070900072
STU_019897,84.05285758788574
STU_019898,72.65669375444757
STU_019899,87.73695003645292
STU_019900,82.45379559473801
STU_019901,68.81818795113095
STU_019902,75.23601310000564
STU_019903,86.81863393186634
STU_019904,70.53357596688657
STU_019905,81.75148513957967
STU_019906,65.7525933649026
STU_019907,57.27934626798442
STU_019908,53.30934140843998
STU_019909,64.53745303348069
STU_019910,95.27354982659375
STU_019911,99.82594423349826
STU_019912,70.69886371019747
STU_019913,82.66822367285353
STU_019914,61.60358137013378
STU_019915,80.73565234707144
STU_019916,63.979814112639744
STU_019917,63.505236609381726
STU_019918,91.91615641933637
STU_019919,72.56757278738657
STU_019920,95.03153335431212
STU_019921,69.98406688540678
STU_019922,94.55775402211867
STU_019923,61.1895066382802
STU_019924,98.76917710739298
STU_019925,87.16635313087257
STU_019926,71.85513693924564
STU_019927,82.89998861582862
STU_019928,82.7769631179439
STU_019929,81.89107253624692
STU_019930,68.83987193619448
STU_019931,95.97750094777413
STU_019932,84.6747602772016
STU_019933,60.40088590595478
STU_019934,92.29772977402165
STU_019935,56.32469154539083
STU_019936,87.80838528614228
STU_019937,84.62504982088487
STU_019938,70.73529093473802
STU_019939,85.00514723630408
STU_019940,83.02658365223459
STU_019941,70.53111619287374
STU_019942,69.8432644720526
STU_019943,82.15041569123376
STU_019944,94.32495012308908
STU_019945,80.70050809836592
STU_019946,81.33995704358493
STU_019947,70.07770228375597
STU_019948,85.32119339908354
STU_019949,80.34816322979609
STU_019950,70.84068148501471
STU_019951,66.41826372293005
STU_019952,53.7533151064849
STU_019953,69.75340709545216
STU_019954,76.82209546819487
STU_019955,57.068932866181946
STU_019956,62.70465012406609
STU_019957,78.16412721705218
STU_019958,77.11167840238961
STU_019959,79.75442930207267
STU_019960,69.36399841224683
STU_019961,69.91215175629446
STU_019962,76.99832298108196
STU_019963,63.751192576993326
STU_019964,72.81484989699881
STU_019965,66.48053062939263
STU_019966,86.50897985718427
STU_019967,94.50620710880592
STU_019968,75.91943624734688
STU_019969,53.390678027646935
STU_019970,93.74104770909793
STU_019971,92.46792295218836
STU_019972,75.86051538820067
STU_019973,78.10093363951728
STU_019974,91.52096034294512
STU_019975,73.66201846670714
STU_019976,73.77397931037925
STU_019977,70.43475569165847
STU_019978,58.339955575121266
STU_019979,54.85925724029775
STU_019980,65.86879623516914
STU_019981,99.02489337021186
STU_019982,78.80759997273887
STU_019983,87.24843356007284
STU_019984,96.09784499797658
STU_019985,88.44329852026381
STU_019986,87.99641754053636
STU_019987,85.32491682450166
STU_019988,69.70247439151403
STU_019989,73.77333625298282
STU_019990,78.5117084909507
STU_019991,87.39439211690649
STU_019992,80.460266561583
STU_019993,88.83550010762372
STU_019994,51.16040692285987
STU_019995,76.63485641417518
STU_019996,66.27139251921372
STU_019997,76.99948903412762
STU_019998,55.36640115154549
STU_019999,86.02015972291281
STU_020000,76.62407056056394
